gauge_code,category,tecnology,state,municipality,latitude,longitude,elevation,instalation_date,suspention_date,nat_region,hidrographic_area,hidrographic_zone,hidrographic_subzone,mean_gauges_v2,mean_gauges_v3,max_gauges_v2,max_gauges_v3,mean_gauges_v2_005,mean_gauges_v3_005,max_gauges_v2_005,max_gauges_v3_005,factor,year,month,pentad_id,pcp_ideam,pcp_ideam_flag,pcp_ideam_flag_scale,na_count_ideam,chirpv2,date,chirpv3,chirpsv2,chirpsv3
13080010,Pluviométrica,Convencional,Córdoba,San Pelayo,8.9359,-75.9533,50,9/15/1965,,Caribe,Caribe,Sinú,Bajo Sinú,8.86909103393555,9.70909118652344,15,15,0.561594188213348,0.789855062961578,1,1,1.10000002384186,2001,01,1,0,0,0,0,0.889097690582275,2001-01-01,0,0.97895884513855,0
13080010,Pluviométrica,Convencional,Córdoba,San Pelayo,8.9359,-75.9533,50,9/15/1965,,Caribe,Caribe,Sinú,Bajo Sinú,8.86909103393555,9.70909118652344,15,15,0.561594188213348,0.789855062961578,1,1,1.10000002384186,2001,01,2,0,0,0,0,0.847451388835907,2001-01-01,0,0.812138795852661,0
13080010,Pluviométrica,Convencional,Córdoba,San Pelayo,8.9359,-75.9533,50,9/15/1965,,Caribe,Caribe,Sinú,Bajo Sinú,8.86909103393555,9.70909118652344,15,15,0.561594188213348,0.789855062961578,1,1,1.10000002384186,2001,01,3,0,0,0,0,0.879952847957611,2001-01-01,0,0.819685935974121,0
13080010,Pluviométrica,Convencional,Córdoba,San Pelayo,8.9359,-75.9533,50,9/15/1965,,Caribe,Caribe,Sinú,Bajo Sinú,8.86909103393555,9.70909118652344,15,15,0.561594188213348,0.789855062961578,1,1,1.10000002384186,2001,01,4,16,16,17.6000003814697,0,2.48500847816467,2001-01-01,0.515553116798401,2.64063739776611,0.756495475769043
13080010,Pluviométrica,Convencional,Córdoba,San Pelayo,8.9359,-75.9533,50,9/15/1965,,Caribe,Caribe,Sinú,Bajo Sinú,8.86909103393555,9.70909118652344,15,15,0.561594188213348,0.789855062961578,1,1,1.10000002384186,2001,01,5,50,50,55.0000011920929,0,2.55795574188232,2001-01-01,2.39532971382141,2.55740427970886,5.34267044067383
13080010,Pluviométrica,Convencional,Córdoba,San Pelayo,8.9359,-75.9533,50,9/15/1965,,Caribe,Caribe,Sinú,Bajo Sinú,8.86909103393555,9.70909118652344,15,15,0.561594188213348,0.789855062961578,1,1,1.10000002384186,2001,01,6,0,0,0,0,2.33877420425415,2001-01-01,0.156015813350678,1.83285641670227,0.122702963650227
13080010,Pluviométrica,Convencional,Córdoba,San Pelayo,8.9359,-75.9533,50,9/15/1965,,Caribe,Caribe,Sinú,Bajo Sinú,8.86909103393555,9.70909118652344,15,15,0.561594188213348,0.789855062961578,1,1,1.12000000476837,2001,02,7,0,0,0,0,2.60250782966614,2001-02-01,1.17031812667847,1.60125148296356,0.921438634395599
13080010,Pluviométrica,Convencional,Córdoba,San Pelayo,8.9359,-75.9533,50,9/15/1965,,Caribe,Caribe,Sinú,Bajo Sinú,8.86909103393555,9.70909118652344,15,15,0.561594188213348,0.789855062961578,1,1,1.12000000476837,2001,02,8,0,0,0,0,2.55548405647278,2001-02-01,1.77876543998718,1.64040434360504,1.34157633781433
13080010,Pluviométrica,Convencional,Córdoba,San Pelayo,8.9359,-75.9533,50,9/15/1965,,Caribe,Caribe,Sinú,Bajo Sinú,8.86909103393555,9.70909118652344,15,15,0.561594188213348,0.789855062961578,1,1,1.12000000476837,2001,02,9,0,0,0,0,2.52448558807373,2001-02-01,1.78268098831177,1.50848114490509,1.1999032497406
13080010,Pluviométrica,Convencional,Córdoba,San Pelayo,8.9359,-75.9533,50,9/15/1965,,Caribe,Caribe,Sinú,Bajo Sinú,8.86909103393555,9.70909118652344,15,15,0.561594188213348,0.789855062961578,1,1,1.12000000476837,2001,02,10,0,0,0,0,2.46275949478149,2001-02-01,1.43506395816803,1.56693923473358,1.64047145843506
13080010,Pluviométrica,Convencional,Córdoba,San Pelayo,8.9359,-75.9533,50,9/15/1965,,Caribe,Caribe,Sinú,Bajo Sinú,8.86909103393555,9.70909118652344,15,15,0.561594188213348,0.789855062961578,1,1,1.12000000476837,2001,02,11,0,0,0,0,3.8037576675415,2001-02-01,2.97625541687012,1.98355388641357,1.98089456558228
13080010,Pluviométrica,Convencional,Córdoba,San Pelayo,8.9359,-75.9533,50,9/15/1965,,Caribe,Caribe,Sinú,Bajo Sinú,8.86909103393555,9.70909118652344,15,15,0.561594188213348,0.789855062961578,1,1,1.12000000476837,2001,02,12,0,0,0,0,0.751643121242523,2001-02-01,0,0.582574307918549,0
13080010,Pluviométrica,Convencional,Córdoba,San Pelayo,8.9359,-75.9533,50,9/15/1965,,Caribe,Caribe,Sinú,Bajo Sinú,8.86909103393555,9.70909118652344,15,15,0.561594188213348,0.789855062961578,1,1,1.11000001430511,2001,03,13,0,0,0,0,0.663528501987457,2001-03-01,0,0.966299951076508,0
13080010,Pluviométrica,Convencional,Córdoba,San Pelayo,8.9359,-75.9533,50,9/15/1965,,Caribe,Caribe,Sinú,Bajo Sinú,8.86909103393555,9.70909118652344,15,15,0.561594188213348,0.789855062961578,1,1,1.11000001430511,2001,03,14,0,0,0,0,0.485210090875626,2001-03-01,0,0.793895900249481,0
13080010,Pluviométrica,Convencional,Córdoba,San Pelayo,8.9359,-75.9533,50,9/15/1965,,Caribe,Caribe,Sinú,Bajo Sinú,8.86909103393555,9.70909118652344,15,15,0.561594188213348,0.789855062961578,1,1,1.11000001430511,2001,03,15,0,0,0,0,0.377012878656387,2001-03-01,0,0.578102171421051,0
13080010,Pluviométrica,Convencional,Córdoba,San Pelayo,8.9359,-75.9533,50,9/15/1965,,Caribe,Caribe,Sinú,Bajo Sinú,8.86909103393555,9.70909118652344,15,15,0.561594188213348,0.789855062961578,1,1,1.11000001430511,2001,03,16,0,0,0,0,0.344353377819061,2001-03-01,0,0.533812046051025,0
13080010,Pluviométrica,Convencional,Córdoba,San Pelayo,8.9359,-75.9533,50,9/15/1965,,Caribe,Caribe,Sinú,Bajo Sinú,8.86909103393555,9.70909118652344,15,15,0.561594188213348,0.789855062961578,1,1,1.11000001430511,2001,03,17,0,0,0,0,0.418497234582901,2001-03-01,0,0.664666414260864,0
13080010,Pluviométrica,Convencional,Córdoba,San Pelayo,8.9359,-75.9533,50,9/15/1965,,Caribe,Caribe,Sinú,Bajo Sinú,8.86909103393555,9.70909118652344,15,15,0.561594188213348,0.789855062961578,1,1,1.11000001430511,2001,03,18,0,0,0,0,4.90123891830444,2001-03-01,1.96665394306183,3.85922074317932,2.88401412963867
13080010,Pluviométrica,Convencional,Córdoba,San Pelayo,8.9359,-75.9533,50,9/15/1965,,Caribe,Caribe,Sinú,Bajo Sinú,8.86909103393555,9.70909118652344,15,15,0.561594188213348,0.789855062961578,1,1,1.07000005245209,2001,04,19,0,0,0,0,1.05935859680176,2001-04-01,0,0.960170745849609,0
13080010,Pluviométrica,Convencional,Córdoba,San Pelayo,8.9359,-75.9533,50,9/15/1965,,Caribe,Caribe,Sinú,Bajo Sinú,8.86909103393555,9.70909118652344,15,15,0.561594188213348,0.789855062961578,1,1,1.07000005245209,2001,04,20,0,0,0,0,14.5784778594971,2001-04-01,20.3264274597168,5.99031686782837,7.93279790878296
13080010,Pluviométrica,Convencional,Córdoba,San Pelayo,8.9359,-75.9533,50,9/15/1965,,Caribe,Caribe,Sinú,Bajo Sinú,8.86909103393555,9.70909118652344,15,15,0.561594188213348,0.789855062961578,1,1,1.07000005245209,2001,04,21,70,70,74.9000036716461,0,8.31016635894775,2001-04-01,9.12844276428223,15.4154529571533,18.4788112640381
13080010,Pluviométrica,Convencional,Córdoba,San Pelayo,8.9359,-75.9533,50,9/15/1965,,Caribe,Caribe,Sinú,Bajo Sinú,8.86909103393555,9.70909118652344,15,15,0.561594188213348,0.789855062961578,1,1,1.07000005245209,2001,04,22,0,0,0,0,23.3113765716553,2001-04-01,40.3947677612305,15.1573352813721,21.5098705291748
13080010,Pluviométrica,Convencional,Córdoba,San Pelayo,8.9359,-75.9533,50,9/15/1965,,Caribe,Caribe,Sinú,Bajo Sinú,8.86909103393555,9.70909118652344,15,15,0.561594188213348,0.789855062961578,1,1,1.07000005245209,2001,04,23,0,0,0,0,0.758989095687866,2001-04-01,0,0.825008511543274,0
13080010,Pluviométrica,Convencional,Córdoba,San Pelayo,8.9359,-75.9533,50,9/15/1965,,Caribe,Caribe,Sinú,Bajo Sinú,8.86909103393555,9.70909118652344,15,15,0.561594188213348,0.789855062961578,1,1,1.07000005245209,2001,04,24,0,0,0,0,16.2744026184082,2001-04-01,26.6560440063477,12.1256704330444,16.5358638763428
13080010,Pluviométrica,Convencional,Córdoba,San Pelayo,8.9359,-75.9533,50,9/15/1965,,Caribe,Caribe,Sinú,Bajo Sinú,8.86909103393555,9.70909118652344,15,15,0.561594188213348,0.789855062961578,1,1,1.04999995231628,2001,05,25,30,30,31.4999985694885,0,20.7851333618164,2001-05-01,41.89453125,19.9132385253906,26.2309455871582
13080010,Pluviométrica,Convencional,Córdoba,San Pelayo,8.9359,-75.9533,50,9/15/1965,,Caribe,Caribe,Sinú,Bajo Sinú,8.86909103393555,9.70909118652344,15,15,0.561594188213348,0.789855062961578,1,1,1.04999995231628,2001,05,26,0,0,0,0,3.42243623733521,2001-05-01,1.62112128734589,5.42212438583374,3.33445382118225
13080010,Pluviométrica,Convencional,Córdoba,San Pelayo,8.9359,-75.9533,50,9/15/1965,,Caribe,Caribe,Sinú,Bajo Sinú,8.86909103393555,9.70909118652344,15,15,0.561594188213348,0.789855062961578,1,1,1.04999995231628,2001,05,27,0,0,0,0,13.4619979858398,2001-05-01,25.7521362304688,11.8603677749634,19.4201335906982
13080010,Pluviométrica,Convencional,Córdoba,San Pelayo,8.9359,-75.9533,50,9/15/1965,,Caribe,Caribe,Sinú,Bajo Sinú,8.86909103393555,9.70909118652344,15,15,0.561594188213348,0.789855062961578,1,1,1.04999995231628,2001,05,28,83,83,87.1499960422516,0,19.7329902648926,2001-05-01,36.4757347106934,30.559440612793,39.8487777709961
13080010,Pluviométrica,Convencional,Córdoba,San Pelayo,8.9359,-75.9533,50,9/15/1965,,Caribe,Caribe,Sinú,Bajo Sinú,8.86909103393555,9.70909118652344,15,15,0.561594188213348,0.789855062961578,1,1,1.04999995231628,2001,05,29,30,30,31.4999985694885,0,5.69997262954712,2001-05-01,8.49649333953857,10.1274147033691,20.5647811889648
13080010,Pluviométrica,Convencional,Córdoba,San Pelayo,8.9359,-75.9533,50,9/15/1965,,Caribe,Caribe,Sinú,Bajo Sinú,8.86909103393555,9.70909118652344,15,15,0.561594188213348,0.789855062961578,1,1,1.04999995231628,2001,05,30,70,70,73.4999966621399,0,38.5175819396973,2001-05-01,54.5143699645996,62.1528358459473,67.943229675293
13080010,Pluviométrica,Convencional,Córdoba,San Pelayo,8.9359,-75.9533,50,9/15/1965,,Caribe,Caribe,Sinú,Bajo Sinú,8.86909103393555,9.70909118652344,15,15,0.561594188213348,0.789855062961578,1,1,1.05999994277954,2001,06,31,5,5,5.29999971389771,0,21.5121574401855,2001-06-01,24.8830280303955,25.9152336120606,28.5501651763916
13080010,Pluviométrica,Convencional,Córdoba,San Pelayo,8.9359,-75.9533,50,9/15/1965,,Caribe,Caribe,Sinú,Bajo Sinú,8.86909103393555,9.70909118652344,15,15,0.561594188213348,0.789855062961578,1,1,1.05999994277954,2001,06,32,10,10,10.5999994277954,0,14.467661857605,2001-06-01,13.5880928039551,16.5035591125488,17.4990520477295
13080010,Pluviométrica,Convencional,Córdoba,San Pelayo,8.9359,-75.9533,50,9/15/1965,,Caribe,Caribe,Sinú,Bajo Sinú,8.86909103393555,9.70909118652344,15,15,0.561594188213348,0.789855062961578,1,1,1.05999994277954,2001,06,33,46,46,48.7599973678589,0,25.2319717407227,2001-06-01,22.6353759765625,27.0263805389404,26.733060836792
13080010,Pluviométrica,Convencional,Córdoba,San Pelayo,8.9359,-75.9533,50,9/15/1965,,Caribe,Caribe,Sinú,Bajo Sinú,8.86909103393555,9.70909118652344,15,15,0.561594188213348,0.789855062961578,1,1,1.05999994277954,2001,06,34,30,30,31.7999982833862,0,18.3540706634522,2001-06-01,13.8637790679932,18.5343837738037,17.4063129425049
13080010,Pluviométrica,Convencional,Córdoba,San Pelayo,8.9359,-75.9533,50,9/15/1965,,Caribe,Caribe,Sinú,Bajo Sinú,8.86909103393555,9.70909118652344,15,15,0.561594188213348,0.789855062961578,1,1,1.05999994277954,2001,06,35,0,0,0,0,27.2903995513916,2001-06-01,28.832498550415,16.0960884094238,17.5311317443848
13080010,Pluviométrica,Convencional,Córdoba,San Pelayo,8.9359,-75.9533,50,9/15/1965,,Caribe,Caribe,Sinú,Bajo Sinú,8.86909103393555,9.70909118652344,15,15,0.561594188213348,0.789855062961578,1,1,1.05999994277954,2001,06,36,5,5,5.29999971389771,0,17.7312812805176,2001-06-01,20.1376724243164,10.0190372467041,11.7684774398804
13080010,Pluviométrica,Convencional,Córdoba,San Pelayo,8.9359,-75.9533,50,9/15/1965,,Caribe,Caribe,Sinú,Bajo Sinú,8.86909103393555,9.70909118652344,15,15,0.561594188213348,0.789855062961578,1,1,1.05999994277954,2001,07,37,15,15,15.8999991416931,0,11.0230016708374,2001-07-01,13.6333808898926,6.48698711395264,8.74722385406494
13080010,Pluviométrica,Convencional,Córdoba,San Pelayo,8.9359,-75.9533,50,9/15/1965,,Caribe,Caribe,Sinú,Bajo Sinú,8.86909103393555,9.70909118652344,15,15,0.561594188213348,0.789855062961578,1,1,1.05999994277954,2001,07,38,5,5,5.29999971389771,0,24.1844253540039,2001-07-01,46.3939819335938,13.6475582122803,22.7043876647949
13080010,Pluviométrica,Convencional,Córdoba,San Pelayo,8.9359,-75.9533,50,9/15/1965,,Caribe,Caribe,Sinú,Bajo Sinú,8.86909103393555,9.70909118652344,15,15,0.561594188213348,0.789855062961578,1,1,1.05999994277954,2001,07,39,5,5,5.29999971389771,0,12.0580644607544,2001-07-01,20.2660636901856,9.11782264709473,14.2170114517212
13080010,Pluviométrica,Convencional,Córdoba,San Pelayo,8.9359,-75.9533,50,9/15/1965,,Caribe,Caribe,Sinú,Bajo Sinú,8.86909103393555,9.70909118652344,15,15,0.561594188213348,0.789855062961578,1,1,1.05999994277954,2001,07,40,5,5,5.29999971389771,0,10.4719743728638,2001-07-01,15.5138521194458,8.02457809448242,12.1605195999146
13080010,Pluviométrica,Convencional,Córdoba,San Pelayo,8.9359,-75.9533,50,9/15/1965,,Caribe,Caribe,Sinú,Bajo Sinú,8.86909103393555,9.70909118652344,15,15,0.561594188213348,0.789855062961578,1,1,1.05999994277954,2001,07,41,40,40,42.3999977111816,0,12.1544609069824,2001-07-01,19.9810581207275,22.5139427185059,33.8515777587891
13080010,Pluviométrica,Convencional,Córdoba,San Pelayo,8.9359,-75.9533,50,9/15/1965,,Caribe,Caribe,Sinú,Bajo Sinú,8.86909103393555,9.70909118652344,15,15,0.561594188213348,0.789855062961578,1,1,1.05999994277954,2001,07,42,40,40,42.3999977111816,0,30.0387287139893,2001-07-01,50.933708190918,26.790641784668,40.1553916931152
13080010,Pluviométrica,Convencional,Córdoba,San Pelayo,8.9359,-75.9533,50,9/15/1965,,Caribe,Caribe,Sinú,Bajo Sinú,8.86909103393555,9.70909118652344,15,15,0.561594188213348,0.789855062961578,1,1,1.04999995231628,2001,08,43,60,60,62.9999971389771,0,29.6584510803223,2001-08-01,41.6412734985352,44.0469779968262,56.3348388671875
13080010,Pluviométrica,Convencional,Córdoba,San Pelayo,8.9359,-75.9533,50,9/15/1965,,Caribe,Caribe,Sinú,Bajo Sinú,8.86909103393555,9.70909118652344,15,15,0.561594188213348,0.789855062961578,1,1,1.04999995231628,2001,08,44,60,60,62.9999971389771,0,24.5152168273926,2001-08-01,29.7451896667481,38.3904876708984,46.1266784667969
13080010,Pluviométrica,Convencional,Córdoba,San Pelayo,8.9359,-75.9533,50,9/15/1965,,Caribe,Caribe,Sinú,Bajo Sinú,8.86909103393555,9.70909118652344,15,15,0.561594188213348,0.789855062961578,1,1,1.04999995231628,2001,08,45,50,50,52.4999976158142,0,18.0929336547852,2001-08-01,22.9622058868408,20.6897945404053,26.0556106567383
13080010,Pluviométrica,Convencional,Córdoba,San Pelayo,8.9359,-75.9533,50,9/15/1965,,Caribe,Caribe,Sinú,Bajo Sinú,8.86909103393555,9.70909118652344,15,15,0.561594188213348,0.789855062961578,1,1,1.04999995231628,2001,08,46,60,60,62.9999971389771,0,23.8585758209229,2001-08-01,28.2990760803223,23.4848308563232,26.5856075286865
13080010,Pluviométrica,Convencional,Córdoba,San Pelayo,8.9359,-75.9533,50,9/15/1965,,Caribe,Caribe,Sinú,Bajo Sinú,8.86909103393555,9.70909118652344,15,15,0.561594188213348,0.789855062961578,1,1,1.04999995231628,2001,08,47,55,55,57.7499973773956,0,37.3969841003418,2001-08-01,49.1642913818359,53.0195808410645,59.4270477294922
13080010,Pluviométrica,Convencional,Córdoba,San Pelayo,8.9359,-75.9533,50,9/15/1965,,Caribe,Caribe,Sinú,Bajo Sinú,8.86909103393555,9.70909118652344,15,15,0.561594188213348,0.789855062961578,1,1,1.04999995231628,2001,08,48,20,20,20.9999990463257,0,19.0455913543701,2001-08-01,22.2604846954346,22.9270477294922,30.0865802764893
13080010,Pluviométrica,Convencional,Córdoba,San Pelayo,8.9359,-75.9533,50,9/15/1965,,Caribe,Caribe,Sinú,Bajo Sinú,8.86909103393555,9.70909118652344,15,15,0.561594188213348,0.789855062961578,1,1,1.04999995231628,2001,09,49,90,90,94.4999957084656,0,27.7325267791748,2001-09-01,42.8703575134277,65.3884582519531,81.7125854492188
13080010,Pluviométrica,Convencional,Córdoba,San Pelayo,8.9359,-75.9533,50,9/15/1965,,Caribe,Caribe,Sinú,Bajo Sinú,8.86909103393555,9.70909118652344,15,15,0.561594188213348,0.789855062961578,1,1,1.04999995231628,2001,09,50,50,50,52.4999976158142,0,19.1451873779297,2001-09-01,27.3103885650635,18.3605804443359,21.9481239318848
13080010,Pluviométrica,Convencional,Córdoba,San Pelayo,8.9359,-75.9533,50,9/15/1965,,Caribe,Caribe,Sinú,Bajo Sinú,8.86909103393555,9.70909118652344,15,15,0.561594188213348,0.789855062961578,1,1,1.04999995231628,2001,09,51,65,65,68.2499969005585,0,37.8822288513184,2001-09-01,64.792350769043,39.2226638793945,52.9009971618652
13080010,Pluviométrica,Convencional,Córdoba,San Pelayo,8.9359,-75.9533,50,9/15/1965,,Caribe,Caribe,Sinú,Bajo Sinú,8.86909103393555,9.70909118652344,15,15,0.561594188213348,0.789855062961578,1,1,1.04999995231628,2001,09,52,40,40,41.9999980926514,0,20.2821941375732,2001-09-01,27.1904010772705,20.7814693450928,25.3010501861572
13080010,Pluviométrica,Convencional,Córdoba,San Pelayo,8.9359,-75.9533,50,9/15/1965,,Caribe,Caribe,Sinú,Bajo Sinú,8.86909103393555,9.70909118652344,15,15,0.561594188213348,0.789855062961578,1,1,1.04999995231628,2001,09,53,70,70,73.4999966621399,0,22.4669208526611,2001-09-01,29.5173473358154,40.1822738647461,46.9925003051758
13080010,Pluviométrica,Convencional,Córdoba,San Pelayo,8.9359,-75.9533,50,9/15/1965,,Caribe,Caribe,Sinú,Bajo Sinú,8.86909103393555,9.70909118652344,15,15,0.561594188213348,0.789855062961578,1,1,1.04999995231628,2001,09,54,85,85,89.2499959468842,0,27.0584621429443,2001-09-01,41.2964744567871,58.1816673278809,75.3289566040039
13080010,Pluviométrica,Convencional,Córdoba,San Pelayo,8.9359,-75.9533,50,9/15/1965,,Caribe,Caribe,Sinú,Bajo Sinú,8.86909103393555,9.70909118652344,15,15,0.561594188213348,0.789855062961578,1,1,1.05999994277954,2001,10,55,10,10,10.5999994277954,0,16.7579364776611,2001-10-01,19.0448970794678,23.0407066345215,24.4920654296875
13080010,Pluviométrica,Convencional,Córdoba,San Pelayo,8.9359,-75.9533,50,9/15/1965,,Caribe,Caribe,Sinú,Bajo Sinú,8.86909103393555,9.70909118652344,15,15,0.561594188213348,0.789855062961578,1,1,1.05999994277954,2001,10,56,90,90,95.3999948501587,1,35.2086715698242,2001-10-01,36.7345085144043,51.02880859375,40.8632278442383
13080010,Pluviométrica,Convencional,Córdoba,San Pelayo,8.9359,-75.9533,50,9/15/1965,,Caribe,Caribe,Sinú,Bajo Sinú,8.86909103393555,9.70909118652344,15,15,0.561594188213348,0.789855062961578,1,1,1.05999994277954,2001,10,57,20,20,21.1999988555908,0,28.2794075012207,2001-10-01,28.6048812866211,22.3297939300537,18.5036354064941
13080010,Pluviométrica,Convencional,Córdoba,San Pelayo,8.9359,-75.9533,50,9/15/1965,,Caribe,Caribe,Sinú,Bajo Sinú,8.86909103393555,9.70909118652344,15,15,0.561594188213348,0.789855062961578,1,1,1.05999994277954,2001,10,58,5,5,5.29999971389771,0,16.8157119750977,2001-10-01,15.5574426651001,16.1828269958496,16.8649158477783
13080010,Pluviométrica,Convencional,Córdoba,San Pelayo,8.9359,-75.9533,50,9/15/1965,,Caribe,Caribe,Sinú,Bajo Sinú,8.86909103393555,9.70909118652344,15,15,0.561594188213348,0.789855062961578,1,1,1.05999994277954,2001,10,59,25,25,26.4999985694885,0,23.5719985961914,2001-10-01,23.9745979309082,17.4790477752686,14.6758155822754
13080010,Pluviométrica,Convencional,Córdoba,San Pelayo,8.9359,-75.9533,50,9/15/1965,,Caribe,Caribe,Sinú,Bajo Sinú,8.86909103393555,9.70909118652344,15,15,0.561594188213348,0.789855062961578,1,1,1.05999994277954,2001,10,60,0,0,0,0,14.8413105010986,2001-10-01,14.2386283874512,16.9403076171875,18.5069580078125
13080010,Pluviométrica,Convencional,Córdoba,San Pelayo,8.9359,-75.9533,50,9/15/1965,,Caribe,Caribe,Sinú,Bajo Sinú,8.86909103393555,9.70909118652344,15,15,0.561594188213348,0.789855062961578,1,1,1.07000005245209,2001,11,61,0,0,0,0,2.58390831947327,2001-11-01,0,2.32009530067444,0
13080010,Pluviométrica,Convencional,Córdoba,San Pelayo,8.9359,-75.9533,50,9/15/1965,,Caribe,Caribe,Sinú,Bajo Sinú,8.86909103393555,9.70909118652344,15,15,0.561594188213348,0.789855062961578,1,1,1.07000005245209,2001,11,62,55,55,58.8500028848648,0,25.5585403442383,2001-11-01,33.7139587402344,57.1965446472168,68.3590240478516
13080010,Pluviométrica,Convencional,Córdoba,San Pelayo,8.9359,-75.9533,50,9/15/1965,,Caribe,Caribe,Sinú,Bajo Sinú,8.86909103393555,9.70909118652344,15,15,0.561594188213348,0.789855062961578,1,1,1.07000005245209,2001,11,63,0,0,0,0,40.1593780517578,2001-11-01,64.9750595092774,20.8595809936523,26.7815361022949
13080010,Pluviométrica,Convencional,Córdoba,San Pelayo,8.9359,-75.9533,50,9/15/1965,,Caribe,Caribe,Sinú,Bajo Sinú,8.86909103393555,9.70909118652344,15,15,0.561594188213348,0.789855062961578,1,1,1.07000005245209,2001,11,64,0,0,0,0,14.6943759918213,2001-11-01,14.2608098983765,17.3055782318115,15.3092088699341
13080010,Pluviométrica,Convencional,Córdoba,San Pelayo,8.9359,-75.9533,50,9/15/1965,,Caribe,Caribe,Sinú,Bajo Sinú,8.86909103393555,9.70909118652344,15,15,0.561594188213348,0.789855062961578,1,1,1.07000005245209,2001,11,65,0,0,0,0,15.3458757400513,2001-11-01,17.6210422515869,9.41568279266357,9.22859001159668
13080010,Pluviométrica,Convencional,Córdoba,San Pelayo,8.9359,-75.9533,50,9/15/1965,,Caribe,Caribe,Sinú,Bajo Sinú,8.86909103393555,9.70909118652344,15,15,0.561594188213348,0.789855062961578,1,1,1.07000005245209,2001,11,66,20,20,21.4000010490417,0,22.306640625,2001-11-01,32.5986213684082,16.0462875366211,19.2955284118652
13080010,Pluviométrica,Convencional,Córdoba,San Pelayo,8.9359,-75.9533,50,9/15/1965,,Caribe,Caribe,Sinú,Bajo Sinú,8.86909103393555,9.70909118652344,15,15,0.561594188213348,0.789855062961578,1,1,1.08000004291534,2001,12,67,0,0,0,0,2.30289554595947,2001-12-01,0,1.49857151508331,0
13080010,Pluviométrica,Convencional,Córdoba,San Pelayo,8.9359,-75.9533,50,9/15/1965,,Caribe,Caribe,Sinú,Bajo Sinú,8.86909103393555,9.70909118652344,15,15,0.561594188213348,0.789855062961578,1,1,1.08000004291534,2001,12,68,35,35,37.8000015020371,0,28.6387405395508,2001-12-01,52.6130561828613,13.3417186737061,19.9110088348389
13080010,Pluviométrica,Convencional,Córdoba,San Pelayo,8.9359,-75.9533,50,9/15/1965,,Caribe,Caribe,Sinú,Bajo Sinú,8.86909103393555,9.70909118652344,15,15,0.561594188213348,0.789855062961578,1,1,1.08000004291534,2001,12,69,0,0,0,0,19.7981967926025,2001-12-01,32.7561798095703,9.07779598236084,13.4839324951172
13080010,Pluviométrica,Convencional,Córdoba,San Pelayo,8.9359,-75.9533,50,9/15/1965,,Caribe,Caribe,Sinú,Bajo Sinú,8.86909103393555,9.70909118652344,15,15,0.561594188213348,0.789855062961578,1,1,1.08000004291534,2001,12,70,55,55,59.4000023603439,0,16.2219562530518,2001-12-01,23.1114749908447,13.8064212799072,17.9331340789795
13080010,Pluviométrica,Convencional,Córdoba,San Pelayo,8.9359,-75.9533,50,9/15/1965,,Caribe,Caribe,Sinú,Bajo Sinú,8.86909103393555,9.70909118652344,15,15,0.561594188213348,0.789855062961578,1,1,1.08000004291534,2001,12,71,35,35,37.8000015020371,0,12.031985282898,2001-12-01,16.2199287414551,8.90040397644043,11.0044851303101
13080010,Pluviométrica,Convencional,Córdoba,San Pelayo,8.9359,-75.9533,50,9/15/1965,,Caribe,Caribe,Sinú,Bajo Sinú,8.86909103393555,9.70909118652344,15,15,0.561594188213348,0.789855062961578,1,1,1.08000004291534,2001,12,72,0,0,0,0,9.6743860244751,2001-12-01,8.58550834655762,3.87001276016235,4.45384931564331
13080010,Pluviométrica,Convencional,Córdoba,San Pelayo,8.9359,-75.9533,50,9/15/1965,,Caribe,Caribe,Sinú,Bajo Sinú,8.86909103393555,9.70909118652344,15,15,0.561594188213348,0.789855062961578,1,1,1.10000002384186,2002,01,1,15,15,16.5000003576279,0,2.65664792060852,2002-01-01,0.37188458442688,2.16859889030457,0.627637922763825
13080010,Pluviométrica,Convencional,Córdoba,San Pelayo,8.9359,-75.9533,50,9/15/1965,,Caribe,Caribe,Sinú,Bajo Sinú,8.86909103393555,9.70909118652344,15,15,0.561594188213348,0.789855062961578,1,1,1.10000002384186,2002,01,2,0,0,0,0,0.847451388835907,2002-01-01,0,0.857613503932953,0
13080010,Pluviométrica,Convencional,Córdoba,San Pelayo,8.9359,-75.9533,50,9/15/1965,,Caribe,Caribe,Sinú,Bajo Sinú,8.86909103393555,9.70909118652344,15,15,0.561594188213348,0.789855062961578,1,1,1.10000002384186,2002,01,3,0,0,0,0,0.879952847957611,2002-01-01,0,0.726613521575928,0
13080010,Pluviométrica,Convencional,Córdoba,San Pelayo,8.9359,-75.9533,50,9/15/1965,,Caribe,Caribe,Sinú,Bajo Sinú,8.86909103393555,9.70909118652344,15,15,0.561594188213348,0.789855062961578,1,1,1.10000002384186,2002,01,4,0,0,0,0,0.979983925819397,2002-01-01,0,0.810351133346558,0
13080010,Pluviométrica,Convencional,Córdoba,San Pelayo,8.9359,-75.9533,50,9/15/1965,,Caribe,Caribe,Sinú,Bajo Sinú,8.86909103393555,9.70909118652344,15,15,0.561594188213348,0.789855062961578,1,1,1.10000002384186,2002,01,5,0,0,0,0,1.00875127315521,2002-01-01,0,0.794602930545807,0
13080010,Pluviométrica,Convencional,Córdoba,San Pelayo,8.9359,-75.9533,50,9/15/1965,,Caribe,Caribe,Sinú,Bajo Sinú,8.86909103393555,9.70909118652344,15,15,0.561594188213348,0.789855062961578,1,1,1.10000002384186,2002,01,6,0,0,0,0,2.33877420425415,2002-01-01,0.156015813350678,1.55918180942535,0.157416462898254
13080010,Pluviométrica,Convencional,Córdoba,San Pelayo,8.9359,-75.9533,50,9/15/1965,,Caribe,Caribe,Sinú,Bajo Sinú,8.86909103393555,9.70909118652344,15,15,0.561594188213348,0.789855062961578,1,1,1.12000000476837,2002,02,7,0,0,0,0,2.60250782966614,2002-02-01,1.17031812667847,2.32502841949463,1.06695735454559
13080010,Pluviométrica,Convencional,Córdoba,San Pelayo,8.9359,-75.9533,50,9/15/1965,,Caribe,Caribe,Sinú,Bajo Sinú,8.86909103393555,9.70909118652344,15,15,0.561594188213348,0.789855062961578,1,1,1.12000000476837,2002,02,8,45,45,50.4000002145767,0,2.55548405647278,2002-02-01,1.77876543998718,3.08451294898987,6.07322311401367
13080010,Pluviométrica,Convencional,Córdoba,San Pelayo,8.9359,-75.9533,50,9/15/1965,,Caribe,Caribe,Sinú,Bajo Sinú,8.86909103393555,9.70909118652344,15,15,0.561594188213348,0.789855062961578,1,1,1.12000000476837,2002,02,9,0,0,0,0,2.52448558807373,2002-02-01,1.78268098831177,2.33272480964661,1.74578189849854
13080010,Pluviométrica,Convencional,Córdoba,San Pelayo,8.9359,-75.9533,50,9/15/1965,,Caribe,Caribe,Sinú,Bajo Sinú,8.86909103393555,9.70909118652344,15,15,0.561594188213348,0.789855062961578,1,1,1.12000000476837,2002,02,10,0,0,0,0,2.46275949478149,2002-02-01,1.43506395816803,2.28131675720215,1.46051919460297
13080010,Pluviométrica,Convencional,Córdoba,San Pelayo,8.9359,-75.9533,50,9/15/1965,,Caribe,Caribe,Sinú,Bajo Sinú,8.86909103393555,9.70909118652344,15,15,0.561594188213348,0.789855062961578,1,1,1.12000000476837,2002,02,11,0,0,0,0,2.34420990943909,2002-02-01,0,2.1783435344696,0
13080010,Pluviométrica,Convencional,Córdoba,San Pelayo,8.9359,-75.9533,50,9/15/1965,,Caribe,Caribe,Sinú,Bajo Sinú,8.86909103393555,9.70909118652344,15,15,0.561594188213348,0.789855062961578,1,1,1.12000000476837,2002,02,12,0,0,0,0,0.751643121242523,2002-02-01,0,0.858667552471161,0
13080010,Pluviométrica,Convencional,Córdoba,San Pelayo,8.9359,-75.9533,50,9/15/1965,,Caribe,Caribe,Sinú,Bajo Sinú,8.86909103393555,9.70909118652344,15,15,0.561594188213348,0.789855062961578,1,1,1.11000001430511,2002,03,13,0,0,0,0,0.663528501987457,2002-03-01,0,0.750023007392883,0
13080010,Pluviométrica,Convencional,Córdoba,San Pelayo,8.9359,-75.9533,50,9/15/1965,,Caribe,Caribe,Sinú,Bajo Sinú,8.86909103393555,9.70909118652344,15,15,0.561594188213348,0.789855062961578,1,1,1.11000001430511,2002,03,14,0,0,0,0,0.485210090875626,2002-03-01,0,0.567805767059326,0
13080010,Pluviométrica,Convencional,Córdoba,San Pelayo,8.9359,-75.9533,50,9/15/1965,,Caribe,Caribe,Sinú,Bajo Sinú,8.86909103393555,9.70909118652344,15,15,0.561594188213348,0.789855062961578,1,1,1.11000001430511,2002,03,15,0,0,0,0,0.377012878656387,2002-03-01,0,0.478884994983673,0
13080010,Pluviométrica,Convencional,Córdoba,San Pelayo,8.9359,-75.9533,50,9/15/1965,,Caribe,Caribe,Sinú,Bajo Sinú,8.86909103393555,9.70909118652344,15,15,0.561594188213348,0.789855062961578,1,1,1.11000001430511,2002,03,16,0,0,0,0,1.61349177360535,2002-03-01,0.489432483911514,1.75601506233215,0.982021808624268
13080010,Pluviométrica,Convencional,Córdoba,San Pelayo,8.9359,-75.9533,50,9/15/1965,,Caribe,Caribe,Sinú,Bajo Sinú,8.86909103393555,9.70909118652344,15,15,0.561594188213348,0.789855062961578,1,1,1.11000001430511,2002,03,17,0,0,0,0,5.50076961517334,2002-03-01,15.0305576324463,8.92515850067139,18.580587387085
13080010,Pluviométrica,Convencional,Córdoba,San Pelayo,8.9359,-75.9533,50,9/15/1965,,Caribe,Caribe,Sinú,Bajo Sinú,8.86909103393555,9.70909118652344,15,15,0.561594188213348,0.789855062961578,1,1,1.11000001430511,2002,03,18,0,0,0,0,1.3968540430069,2002-03-01,0,1.36854088306427,0
13080010,Pluviométrica,Convencional,Córdoba,San Pelayo,8.9359,-75.9533,50,9/15/1965,,Caribe,Caribe,Sinú,Bajo Sinú,8.86909103393555,9.70909118652344,15,15,0.561594188213348,0.789855062961578,1,1,1.07000005245209,2002,04,19,0,0,0,0,7.37071418762207,2002-04-01,8.09338283538818,4.88712167739868,5.06958198547363
13080010,Pluviométrica,Convencional,Córdoba,San Pelayo,8.9359,-75.9533,50,9/15/1965,,Caribe,Caribe,Sinú,Bajo Sinú,8.86909103393555,9.70909118652344,15,15,0.561594188213348,0.789855062961578,1,1,1.07000005245209,2002,04,20,105,105,112.350005507469,0,9.75906753540039,2002-04-01,11.3510026931763,20.1971054077148,28.8511390686035
13080010,Pluviométrica,Convencional,Córdoba,San Pelayo,8.9359,-75.9533,50,9/15/1965,,Caribe,Caribe,Sinú,Bajo Sinú,8.86909103393555,9.70909118652344,15,15,0.561594188213348,0.789855062961578,1,1,1.07000005245209,2002,04,21,0,0,0,0,1.8302845954895,2002-04-01,0,1.71051299571991,0
13080010,Pluviométrica,Convencional,Córdoba,San Pelayo,8.9359,-75.9533,50,9/15/1965,,Caribe,Caribe,Sinú,Bajo Sinú,8.86909103393555,9.70909118652344,15,15,0.561594188213348,0.789855062961578,1,1,1.07000005245209,2002,04,22,50,50,53.5000026226044,0,18.8899517059326,2002-04-01,33.265510559082,35.3477897644043,46.1298179626465
13080010,Pluviométrica,Convencional,Córdoba,San Pelayo,8.9359,-75.9533,50,9/15/1965,,Caribe,Caribe,Sinú,Bajo Sinú,8.86909103393555,9.70909118652344,15,15,0.561594188213348,0.789855062961578,1,1,1.07000005245209,2002,04,23,10,10,10.7000005245209,0,33.0015182495117,2002-04-01,70.1633224487305,21.550874710083,31.9469413757324
13080010,Pluviométrica,Convencional,Córdoba,San Pelayo,8.9359,-75.9533,50,9/15/1965,,Caribe,Caribe,Sinú,Bajo Sinú,8.86909103393555,9.70909118652344,15,15,0.561594188213348,0.789855062961578,1,1,1.07000005245209,2002,04,24,0,0,0,0,7.60449123382568,2002-04-01,11.711109161377,7.98807859420776,12.775954246521
13080010,Pluviométrica,Convencional,Córdoba,San Pelayo,8.9359,-75.9533,50,9/15/1965,,Caribe,Caribe,Sinú,Bajo Sinú,8.86909103393555,9.70909118652344,15,15,0.561594188213348,0.789855062961578,1,1,1.04999995231628,2002,05,25,0,0,0,0,6.79108762741089,2002-05-01,9.73584747314453,6.80853366851807,8.25994777679443
13080010,Pluviométrica,Convencional,Córdoba,San Pelayo,8.9359,-75.9533,50,9/15/1965,,Caribe,Caribe,Sinú,Bajo Sinú,8.86909103393555,9.70909118652344,15,15,0.561594188213348,0.789855062961578,1,1,1.04999995231628,2002,05,26,50,50,52.4999976158142,0,13.8511486053467,2002-05-01,23.9300308227539,23.2891082763672,36.1458168029785
13080010,Pluviométrica,Convencional,Córdoba,San Pelayo,8.9359,-75.9533,50,9/15/1965,,Caribe,Caribe,Sinú,Bajo Sinú,8.86909103393555,9.70909118652344,15,15,0.561594188213348,0.789855062961578,1,1,1.04999995231628,2002,05,27,0,0,0,0,19.542781829834,2002-05-01,37.1553649902344,10.1721696853638,13.3891859054565
13080010,Pluviométrica,Convencional,Córdoba,San Pelayo,8.9359,-75.9533,50,9/15/1965,,Caribe,Caribe,Sinú,Bajo Sinú,8.86909103393555,9.70909118652344,15,15,0.561594188213348,0.789855062961578,1,1,1.04999995231628,2002,05,28,20,20,20.9999990463257,0,27.5919418334961,2002-05-01,57.1183967590332,20.5210590362549,29.7343807220459
13080010,Pluviométrica,Convencional,Córdoba,San Pelayo,8.9359,-75.9533,50,9/15/1965,,Caribe,Caribe,Sinú,Bajo Sinú,8.86909103393555,9.70909118652344,15,15,0.561594188213348,0.789855062961578,1,1,1.04999995231628,2002,05,29,80,80,83.9999961853027,0,23.3546047210693,2002-05-01,43.1365547180176,29.7795314788818,36.5125541687012
13080010,Pluviométrica,Convencional,Córdoba,San Pelayo,8.9359,-75.9533,50,9/15/1965,,Caribe,Caribe,Sinú,Bajo Sinú,8.86909103393555,9.70909118652344,15,15,0.561594188213348,0.789855062961578,1,1,1.04999995231628,2002,05,30,45,45,47.2499978542328,0,15.1324739456177,2002-05-01,17.7722072601318,34.949836730957,39.4211082458496
13080010,Pluviométrica,Convencional,Córdoba,San Pelayo,8.9359,-75.9533,50,9/15/1965,,Caribe,Caribe,Sinú,Bajo Sinú,8.86909103393555,9.70909118652344,15,15,0.561594188213348,0.789855062961578,1,1,1.05999994277954,2002,06,31,20,20,21.1999988555908,0,17.892707824707,2002-06-01,20.6911926269531,16.4857501983643,19.1200294494629
13080010,Pluviométrica,Convencional,Córdoba,San Pelayo,8.9359,-75.9533,50,9/15/1965,,Caribe,Caribe,Sinú,Bajo Sinú,8.86909103393555,9.70909118652344,15,15,0.561594188213348,0.789855062961578,1,1,1.05999994277954,2002,06,32,20,20,21.1999988555908,0,30.6917629241943,2002-06-01,35.3242683410645,20.2960071563721,22.297119140625
13080010,Pluviométrica,Convencional,Córdoba,San Pelayo,8.9359,-75.9533,50,9/15/1965,,Caribe,Caribe,Sinú,Bajo Sinú,8.86909103393555,9.70909118652344,15,15,0.561594188213348,0.789855062961578,1,1,1.05999994277954,2002,06,33,20,20,21.1999988555908,0,16.765230178833,2002-06-01,13.3872289657593,18.688346862793,19.9634819030762
13080010,Pluviométrica,Convencional,Córdoba,San Pelayo,8.9359,-75.9533,50,9/15/1965,,Caribe,Caribe,Sinú,Bajo Sinú,8.86909103393555,9.70909118652344,15,15,0.561594188213348,0.789855062961578,1,1,1.05999994277954,2002,06,34,20,20,21.1999988555908,0,23.8126888275147,2002-06-01,21.6775760650635,13.7233114242554,13.641993522644
13080010,Pluviométrica,Convencional,Córdoba,San Pelayo,8.9359,-75.9533,50,9/15/1965,,Caribe,Caribe,Sinú,Bajo Sinú,8.86909103393555,9.70909118652344,15,15,0.561594188213348,0.789855062961578,1,1,1.05999994277954,2002,06,35,10,10,10.5999994277954,0,13.3934993743896,2002-06-01,9.83800983428955,8.32679271697998,8.39362239837647
13080010,Pluviométrica,Convencional,Córdoba,San Pelayo,8.9359,-75.9533,50,9/15/1965,,Caribe,Caribe,Sinú,Bajo Sinú,8.86909103393555,9.70909118652344,15,15,0.561594188213348,0.789855062961578,1,1,1.05999994277954,2002,06,36,0,0,0,0,18.1655082702637,2002-06-01,20.7680644989014,11.0709276199341,13.9337186813355
13080010,Pluviométrica,Convencional,Córdoba,San Pelayo,8.9359,-75.9533,50,9/15/1965,,Caribe,Caribe,Sinú,Bajo Sinú,8.86909103393555,9.70909118652344,15,15,0.561594188213348,0.789855062961578,1,1,1.05999994277954,2002,07,37,0,0,0,0,12.9336433410645,2002-07-01,14.5274057388306,12.2798824310303,18.1159362792969
13080010,Pluviométrica,Convencional,Córdoba,San Pelayo,8.9359,-75.9533,50,9/15/1965,,Caribe,Caribe,Sinú,Bajo Sinú,8.86909103393555,9.70909118652344,15,15,0.561594188213348,0.789855062961578,1,1,1.05999994277954,2002,07,38,40,40,42.3999977111816,0,13.4662084579468,2002-07-01,22.8496761322022,18.4034175872803,27.6387672424316
13080010,Pluviométrica,Convencional,Córdoba,San Pelayo,8.9359,-75.9533,50,9/15/1965,,Caribe,Caribe,Sinú,Bajo Sinú,8.86909103393555,9.70909118652344,15,15,0.561594188213348,0.789855062961578,1,1,1.05999994277954,2002,07,39,30,30,31.7999982833862,0,21.0372123718262,2002-07-01,42.3855972290039,29.5413913726807,45.1640586853027
13080010,Pluviométrica,Convencional,Córdoba,San Pelayo,8.9359,-75.9533,50,9/15/1965,,Caribe,Caribe,Sinú,Bajo Sinú,8.86909103393555,9.70909118652344,15,15,0.561594188213348,0.789855062961578,1,1,1.05999994277954,2002,07,40,15,15,15.8999991416931,0,27.0829734802246,2002-07-01,56.5592575073242,28.652135848999,45.9950637817383
13080010,Pluviométrica,Convencional,Córdoba,San Pelayo,8.9359,-75.9533,50,9/15/1965,,Caribe,Caribe,Sinú,Bajo Sinú,8.86909103393555,9.70909118652344,15,15,0.561594188213348,0.789855062961578,1,1,1.05999994277954,2002,07,41,85,85,90.099995136261,0,11.1495275497437,2002-07-01,16.8709983825684,17.4764232635498,29.0797748565674
13080010,Pluviométrica,Convencional,Córdoba,San Pelayo,8.9359,-75.9533,50,9/15/1965,,Caribe,Caribe,Sinú,Bajo Sinú,8.86909103393555,9.70909118652344,15,15,0.561594188213348,0.789855062961578,1,1,1.05999994277954,2002,07,42,25,25,26.4999985694885,0,18.56422996521,2002-07-01,27.2881717681885,31.7477340698242,44.866153717041
13080010,Pluviométrica,Convencional,Córdoba,San Pelayo,8.9359,-75.9533,50,9/15/1965,,Caribe,Caribe,Sinú,Bajo Sinú,8.86909103393555,9.70909118652344,15,15,0.561594188213348,0.789855062961578,1,1,1.04999995231628,2002,08,43,10,10,10.4999995231628,0,15.96959400177,2002-08-01,20.6406135559082,8.42154788970947,11.1930074691772
13080010,Pluviométrica,Convencional,Córdoba,San Pelayo,8.9359,-75.9533,50,9/15/1965,,Caribe,Caribe,Sinú,Bajo Sinú,8.86909103393555,9.70909118652344,15,15,0.561594188213348,0.789855062961578,1,1,1.04999995231628,2002,08,44,20,20,20.9999990463257,0,23.7641334533691,2002-08-01,30.2600574493408,15.8024139404297,19.9586124420166
13080010,Pluviométrica,Convencional,Córdoba,San Pelayo,8.9359,-75.9533,50,9/15/1965,,Caribe,Caribe,Sinú,Bajo Sinú,8.86909103393555,9.70909118652344,15,15,0.561594188213348,0.789855062961578,1,1,1.04999995231628,2002,08,45,0,0,0,0,11.6959161758423,2002-08-01,13.6174764633179,8.30274772644043,10.4829549789429
13080010,Pluviométrica,Convencional,Córdoba,San Pelayo,8.9359,-75.9533,50,9/15/1965,,Caribe,Caribe,Sinú,Bajo Sinú,8.86909103393555,9.70909118652344,15,15,0.561594188213348,0.789855062961578,1,1,1.04999995231628,2002,08,46,30,30,31.4999985694885,0,16.5499744415283,2002-08-01,20.9378566741943,12.0189094543457,14.3511075973511
13080010,Pluviométrica,Convencional,Córdoba,San Pelayo,8.9359,-75.9533,50,9/15/1965,,Caribe,Caribe,Sinú,Bajo Sinú,8.86909103393555,9.70909118652344,15,15,0.561594188213348,0.789855062961578,1,1,1.04999995231628,2002,08,47,10,10,10.4999995231628,0,18.7906360626221,2002-08-01,22.6992950439453,23.7996368408203,28.9112491607666
13080010,Pluviométrica,Convencional,Córdoba,San Pelayo,8.9359,-75.9533,50,9/15/1965,,Caribe,Caribe,Sinú,Bajo Sinú,8.86909103393555,9.70909118652344,15,15,0.561594188213348,0.789855062961578,1,1,1.04999995231628,2002,08,48,45,45,47.2499978542328,0,32.7118835449219,2002-08-01,38.975227355957,27.1975288391113,31.3570327758789
13080010,Pluviométrica,Convencional,Córdoba,San Pelayo,8.9359,-75.9533,50,9/15/1965,,Caribe,Caribe,Sinú,Bajo Sinú,8.86909103393555,9.70909118652344,15,15,0.561594188213348,0.789855062961578,1,1,1.04999995231628,2002,09,49,45,45,47.2499978542328,0,27.3497581481934,2002-09-01,43.7692260742188,51.7316207885742,72.853889465332
13080010,Pluviométrica,Convencional,Córdoba,San Pelayo,8.9359,-75.9533,50,9/15/1965,,Caribe,Caribe,Sinú,Bajo Sinú,8.86909103393555,9.70909118652344,15,15,0.561594188213348,0.789855062961578,1,1,1.04999995231628,2002,09,50,10,10,10.4999995231628,0,23.6065330505371,2002-09-01,35.0639495849609,14.696231842041,18.1155433654785
13080010,Pluviométrica,Convencional,Córdoba,San Pelayo,8.9359,-75.9533,50,9/15/1965,,Caribe,Caribe,Sinú,Bajo Sinú,8.86909103393555,9.70909118652344,15,15,0.561594188213348,0.789855062961578,1,1,1.04999995231628,2002,09,51,95,95,99.749995470047,0,22.962646484375,2002-09-01,32.5421829223633,25.7679424285889,31.5515117645264
13080010,Pluviométrica,Convencional,Córdoba,San Pelayo,8.9359,-75.9533,50,9/15/1965,,Caribe,Caribe,Sinú,Bajo Sinú,8.86909103393555,9.70909118652344,15,15,0.561594188213348,0.789855062961578,1,1,1.04999995231628,2002,09,52,65,65,68.2499969005585,0,33.2386016845703,2002-09-01,57.0944404602051,22.8401699066162,27.0325355529785
13080010,Pluviométrica,Convencional,Córdoba,San Pelayo,8.9359,-75.9533,50,9/15/1965,,Caribe,Caribe,Sinú,Bajo Sinú,8.86909103393555,9.70909118652344,15,15,0.561594188213348,0.789855062961578,1,1,1.04999995231628,2002,09,53,0,0,0,0,18.172945022583,2002-09-01,22.5270595550537,10.3370141983032,13.0152549743652
13080010,Pluviométrica,Convencional,Córdoba,San Pelayo,8.9359,-75.9533,50,9/15/1965,,Caribe,Caribe,Sinú,Bajo Sinú,8.86909103393555,9.70909118652344,15,15,0.561594188213348,0.789855062961578,1,1,1.04999995231628,2002,09,54,0,0,0,0,22.1661376953125,2002-09-01,28.9273529052734,13.6199331283569,16.1765689849854
13080010,Pluviométrica,Convencional,Córdoba,San Pelayo,8.9359,-75.9533,50,9/15/1965,,Caribe,Caribe,Sinú,Bajo Sinú,8.86909103393555,9.70909118652344,15,15,0.561594188213348,0.789855062961578,1,1,1.05999994277954,2002,10,55,20,20,21.1999988555908,0,23.4654598236084,2002-10-01,27.6539287567139,14.6355934143066,15.6552171707153
13080010,Pluviométrica,Convencional,Córdoba,San Pelayo,8.9359,-75.9533,50,9/15/1965,,Caribe,Caribe,Sinú,Bajo Sinú,8.86909103393555,9.70909118652344,15,15,0.561594188213348,0.789855062961578,1,1,1.05999994277954,2002,10,56,35,35,37.0999979972839,0,33.5154266357422,2002-10-01,35.5421867370606,47.5420684814453,38.446159362793
13080010,Pluviométrica,Convencional,Córdoba,San Pelayo,8.9359,-75.9533,50,9/15/1965,,Caribe,Caribe,Sinú,Bajo Sinú,8.86909103393555,9.70909118652344,15,15,0.561594188213348,0.789855062961578,1,1,1.05999994277954,2002,10,57,10,10,10.5999994277954,0,38.5222320556641,2002-10-01,40.6690444946289,21.2186908721924,27.3571395874023
13080010,Pluviométrica,Convencional,Córdoba,San Pelayo,8.9359,-75.9533,50,9/15/1965,,Caribe,Caribe,Sinú,Bajo Sinú,8.86909103393555,9.70909118652344,15,15,0.561594188213348,0.789855062961578,1,1,1.05999994277954,2002,10,58,55,55,58.2999968528748,0,31.4498348236084,2002-10-01,33.5054588317871,39.0992050170898,37.4863739013672
13080010,Pluviométrica,Convencional,Córdoba,San Pelayo,8.9359,-75.9533,50,9/15/1965,,Caribe,Caribe,Sinú,Bajo Sinú,8.86909103393555,9.70909118652344,15,15,0.561594188213348,0.789855062961578,1,1,1.05999994277954,2002,10,59,50,50,52.9999971389771,0,42.8058013916016,2002-10-01,49.599666595459,42.2964668273926,42.1888656616211
13080010,Pluviométrica,Convencional,Córdoba,San Pelayo,8.9359,-75.9533,50,9/15/1965,,Caribe,Caribe,Sinú,Bajo Sinú,8.86909103393555,9.70909118652344,15,15,0.561594188213348,0.789855062961578,1,1,1.05999994277954,2002,10,60,50,50,52.9999971389771,0,21.1420497894287,2002-10-01,18.8215255737305,36.4944114685059,37.5263404846191
13080010,Pluviométrica,Convencional,Córdoba,San Pelayo,8.9359,-75.9533,50,9/15/1965,,Caribe,Caribe,Sinú,Bajo Sinú,8.86909103393555,9.70909118652344,15,15,0.561594188213348,0.789855062961578,1,1,1.07000005245209,2002,11,61,20,20,21.4000010490417,0,21.9109210968018,2002-11-01,23.4018020629883,15.1797018051147,15.5837068557739
13080010,Pluviométrica,Convencional,Córdoba,San Pelayo,8.9359,-75.9533,50,9/15/1965,,Caribe,Caribe,Sinú,Bajo Sinú,8.86909103393555,9.70909118652344,15,15,0.561594188213348,0.789855062961578,1,1,1.07000005245209,2002,11,62,35,35,37.4500018358231,0,9.64659976959229,2002-11-01,9.03338050842285,10.5956172943115,10.2346572875977
13080010,Pluviométrica,Convencional,Córdoba,San Pelayo,8.9359,-75.9533,50,9/15/1965,,Caribe,Caribe,Sinú,Bajo Sinú,8.86909103393555,9.70909118652344,15,15,0.561594188213348,0.789855062961578,1,1,1.07000005245209,2002,11,63,10,10,10.7000005245209,0,19.0481452941895,2002-11-01,27.7849006652832,11.4870824813843,12.988392829895
13080010,Pluviométrica,Convencional,Córdoba,San Pelayo,8.9359,-75.9533,50,9/15/1965,,Caribe,Caribe,Sinú,Bajo Sinú,8.86909103393555,9.70909118652344,15,15,0.561594188213348,0.789855062961578,1,1,1.07000005245209,2002,11,64,0,0,0,0,13.3947677612305,2002-11-01,14.1875371932983,7.44441556930542,7.95125961303711
13080010,Pluviométrica,Convencional,Córdoba,San Pelayo,8.9359,-75.9533,50,9/15/1965,,Caribe,Caribe,Sinú,Bajo Sinú,8.86909103393555,9.70909118652344,15,15,0.561594188213348,0.789855062961578,1,1,1.07000005245209,2002,11,65,60,60,64.2000031471252,0,29.139331817627,2002-11-01,44.0877342224121,30.2833118438721,34.5656967163086
13080010,Pluviométrica,Convencional,Córdoba,San Pelayo,8.9359,-75.9533,50,9/15/1965,,Caribe,Caribe,Sinú,Bajo Sinú,8.86909103393555,9.70909118652344,15,15,0.561594188213348,0.789855062961578,1,1,1.07000005245209,2002,11,66,0,0,0,0,7.65265607833862,2002-11-01,7.34383773803711,4.72484683990479,5.2482967376709
13080010,Pluviométrica,Convencional,Córdoba,San Pelayo,8.9359,-75.9533,50,9/15/1965,,Caribe,Caribe,Sinú,Bajo Sinú,8.86909103393555,9.70909118652344,15,15,0.561594188213348,0.789855062961578,1,1,1.08000004291534,2002,12,67,10,10,10.8000004291534,0,5.83705425262451,2002-12-01,4.64400768280029,6.96479272842407,3.2055344581604
13080010,Pluviométrica,Convencional,Córdoba,San Pelayo,8.9359,-75.9533,50,9/15/1965,,Caribe,Caribe,Sinú,Bajo Sinú,8.86909103393555,9.70909118652344,15,15,0.561594188213348,0.789855062961578,1,1,1.08000004291534,2002,12,68,10,10,10.8000004291534,0,2.5890908241272,2002-12-01,0,5.50344610214233,0
13080010,Pluviométrica,Convencional,Córdoba,San Pelayo,8.9359,-75.9533,50,9/15/1965,,Caribe,Caribe,Sinú,Bajo Sinú,8.86909103393555,9.70909118652344,15,15,0.561594188213348,0.789855062961578,1,1,1.08000004291534,2002,12,69,30,30,32.4000012874603,0,2.12176465988159,2002-12-01,0,2.96743988990784,0
13080010,Pluviométrica,Convencional,Córdoba,San Pelayo,8.9359,-75.9533,50,9/15/1965,,Caribe,Caribe,Sinú,Bajo Sinú,8.86909103393555,9.70909118652344,15,15,0.561594188213348,0.789855062961578,1,1,1.08000004291534,2002,12,70,30,30,32.4000012874603,0,8.38539123535156,2002-12-01,8.67749309539795,31.5525436401367,30.9123516082764
13080010,Pluviométrica,Convencional,Córdoba,San Pelayo,8.9359,-75.9533,50,9/15/1965,,Caribe,Caribe,Sinú,Bajo Sinú,8.86909103393555,9.70909118652344,15,15,0.561594188213348,0.789855062961578,1,1,1.08000004291534,2002,12,71,0,0,0,0,2.52020668983459,2002-12-01,0,2.59592914581299,0
13080010,Pluviométrica,Convencional,Córdoba,San Pelayo,8.9359,-75.9533,50,9/15/1965,,Caribe,Caribe,Sinú,Bajo Sinú,8.86909103393555,9.70909118652344,15,15,0.561594188213348,0.789855062961578,1,1,1.08000004291534,2002,12,72,0,0,0,0,3.51540851593018,2002-12-01,0,3.2492458820343,0
13080010,Pluviométrica,Convencional,Córdoba,San Pelayo,8.9359,-75.9533,50,9/15/1965,,Caribe,Caribe,Sinú,Bajo Sinú,8.86909103393555,9.70909118652344,15,15,0.561594188213348,0.789855062961578,1,1,1.10000002384186,2003,01,1,0,0,0,0,0.889097690582275,2003-01-01,0,0.684298455715179,0
13080010,Pluviométrica,Convencional,Córdoba,San Pelayo,8.9359,-75.9533,50,9/15/1965,,Caribe,Caribe,Sinú,Bajo Sinú,8.86909103393555,9.70909118652344,15,15,0.561594188213348,0.789855062961578,1,1,1.10000002384186,2003,01,2,0,0,0,0,0.847451388835907,2003-01-01,0,0.663978695869446,0
13080010,Pluviométrica,Convencional,Córdoba,San Pelayo,8.9359,-75.9533,50,9/15/1965,,Caribe,Caribe,Sinú,Bajo Sinú,8.86909103393555,9.70909118652344,15,15,0.561594188213348,0.789855062961578,1,1,1.10000002384186,2003,01,3,0,0,0,0,0.879952847957611,2003-01-01,0,0.704382479190826,0
13080010,Pluviométrica,Convencional,Córdoba,San Pelayo,8.9359,-75.9533,50,9/15/1965,,Caribe,Caribe,Sinú,Bajo Sinú,8.86909103393555,9.70909118652344,15,15,0.561594188213348,0.789855062961578,1,1,1.10000002384186,2003,01,4,0,0,0,0,0.979983925819397,2003-01-01,0,0.747269630432129,0
13080010,Pluviométrica,Convencional,Córdoba,San Pelayo,8.9359,-75.9533,50,9/15/1965,,Caribe,Caribe,Sinú,Bajo Sinú,8.86909103393555,9.70909118652344,15,15,0.561594188213348,0.789855062961578,1,1,1.10000002384186,2003,01,5,10,10,11.0000002384186,0,1.00875127315521,2003-01-01,0,0.871151030063629,0
13080010,Pluviométrica,Convencional,Córdoba,San Pelayo,8.9359,-75.9533,50,9/15/1965,,Caribe,Caribe,Sinú,Bajo Sinú,8.86909103393555,9.70909118652344,15,15,0.561594188213348,0.789855062961578,1,1,1.10000002384186,2003,01,6,0,0,0,0,2.33877420425415,2003-01-01,0.156015813350678,1.49225568771362,0.205147460103035
13080010,Pluviométrica,Convencional,Córdoba,San Pelayo,8.9359,-75.9533,50,9/15/1965,,Caribe,Caribe,Sinú,Bajo Sinú,8.86909103393555,9.70909118652344,15,15,0.561594188213348,0.789855062961578,1,1,1.12000000476837,2003,02,7,0,0,0,0,2.60250782966614,2003-02-01,1.17031812667847,1.68493711948395,0.920037865638733
13080010,Pluviométrica,Convencional,Córdoba,San Pelayo,8.9359,-75.9533,50,9/15/1965,,Caribe,Caribe,Sinú,Bajo Sinú,8.86909103393555,9.70909118652344,15,15,0.561594188213348,0.789855062961578,1,1,1.12000000476837,2003,02,8,0,0,0,0,2.55548405647278,2003-02-01,1.77876543998718,1.71569454669952,1.31153571605682
13080010,Pluviométrica,Convencional,Córdoba,San Pelayo,8.9359,-75.9533,50,9/15/1965,,Caribe,Caribe,Sinú,Bajo Sinú,8.86909103393555,9.70909118652344,15,15,0.561594188213348,0.789855062961578,1,1,1.12000000476837,2003,02,9,0,0,0,0,2.52448558807373,2003-02-01,1.78268098831177,2.54195547103882,2.60133171081543
13080010,Pluviométrica,Convencional,Córdoba,San Pelayo,8.9359,-75.9533,50,9/15/1965,,Caribe,Caribe,Sinú,Bajo Sinú,8.86909103393555,9.70909118652344,15,15,0.561594188213348,0.789855062961578,1,1,1.12000000476837,2003,02,10,0,0,0,0,2.46275949478149,2003-02-01,1.43506395816803,1.59592163562775,0.998069822788239
13080010,Pluviométrica,Convencional,Córdoba,San Pelayo,8.9359,-75.9533,50,9/15/1965,,Caribe,Caribe,Sinú,Bajo Sinú,8.86909103393555,9.70909118652344,15,15,0.561594188213348,0.789855062961578,1,1,1.12000000476837,2003,02,11,0,0,0,0,2.34420990943909,2003-02-01,0,1.53630661964417,0
13080010,Pluviométrica,Convencional,Córdoba,San Pelayo,8.9359,-75.9533,50,9/15/1965,,Caribe,Caribe,Sinú,Bajo Sinú,8.86909103393555,9.70909118652344,15,15,0.561594188213348,0.789855062961578,1,1,1.12000000476837,2003,02,12,0,0,0,0,0.751643121242523,2003-02-01,0,0.628524780273438,0
13080010,Pluviométrica,Convencional,Córdoba,San Pelayo,8.9359,-75.9533,50,9/15/1965,,Caribe,Caribe,Sinú,Bajo Sinú,8.86909103393555,9.70909118652344,15,15,0.561594188213348,0.789855062961578,1,1,1.11000001430511,2003,03,13,0,0,0,0,0.663528501987457,2003-03-01,0,0.847208201885223,0
13080010,Pluviométrica,Convencional,Córdoba,San Pelayo,8.9359,-75.9533,50,9/15/1965,,Caribe,Caribe,Sinú,Bajo Sinú,8.86909103393555,9.70909118652344,15,15,0.561594188213348,0.789855062961578,1,1,1.11000001430511,2003,03,14,0,0,0,0,0.485210090875626,2003-03-01,0,0.640007734298706,0
13080010,Pluviométrica,Convencional,Córdoba,San Pelayo,8.9359,-75.9533,50,9/15/1965,,Caribe,Caribe,Sinú,Bajo Sinú,8.86909103393555,9.70909118652344,15,15,0.561594188213348,0.789855062961578,1,1,1.11000001430511,2003,03,15,0,0,0,0,0.377012878656387,2003-03-01,0,0.512459695339203,0
13080010,Pluviométrica,Convencional,Córdoba,San Pelayo,8.9359,-75.9533,50,9/15/1965,,Caribe,Caribe,Sinú,Bajo Sinú,8.86909103393555,9.70909118652344,15,15,0.561594188213348,0.789855062961578,1,1,1.11000001430511,2003,03,16,35,35,38.850000500679,0,4.64617109298706,2003-03-01,13.0153102874756,13.4396200180054,26.0287399291992
13080010,Pluviométrica,Convencional,Córdoba,San Pelayo,8.9359,-75.9533,50,9/15/1965,,Caribe,Caribe,Sinú,Bajo Sinú,8.86909103393555,9.70909118652344,15,15,0.561594188213348,0.789855062961578,1,1,1.11000001430511,2003,03,17,0,0,0,0,0.418497234582901,2003-03-01,0,0.559480786323547,0
13080010,Pluviométrica,Convencional,Córdoba,San Pelayo,8.9359,-75.9533,50,9/15/1965,,Caribe,Caribe,Sinú,Bajo Sinú,8.86909103393555,9.70909118652344,15,15,0.561594188213348,0.789855062961578,1,1,1.11000001430511,2003,03,18,5,5,5.55000007152557,0,5.83406066894531,2003-03-01,3.94869637489319,7.55077648162842,6.5275182723999
13080010,Pluviométrica,Convencional,Córdoba,San Pelayo,8.9359,-75.9533,50,9/15/1965,,Caribe,Caribe,Sinú,Bajo Sinú,8.86909103393555,9.70909118652344,15,15,0.561594188213348,0.789855062961578,1,1,1.07000005245209,2003,04,19,0,0,0,0,1.05935859680176,2003-04-01,0,1.03000497817993,0
13080010,Pluviométrica,Convencional,Córdoba,San Pelayo,8.9359,-75.9533,50,9/15/1965,,Caribe,Caribe,Sinú,Bajo Sinú,8.86909103393555,9.70909118652344,15,15,0.561594188213348,0.789855062961578,1,1,1.07000005245209,2003,04,20,0,0,0,0,6.56483125686646,2003-04-01,3.15693664550781,5.32047271728516,3.13985538482666
13080010,Pluviométrica,Convencional,Córdoba,San Pelayo,8.9359,-75.9533,50,9/15/1965,,Caribe,Caribe,Sinú,Bajo Sinú,8.86909103393555,9.70909118652344,15,15,0.561594188213348,0.789855062961578,1,1,1.07000005245209,2003,04,21,60,60,64.2000031471252,0,24.1630382537842,2003-04-01,37.4677810668945,53.6071662902832,64.5762786865234
13080010,Pluviométrica,Convencional,Córdoba,San Pelayo,8.9359,-75.9533,50,9/15/1965,,Caribe,Caribe,Sinú,Bajo Sinú,8.86909103393555,9.70909118652344,15,15,0.561594188213348,0.789855062961578,1,1,1.07000005245209,2003,04,22,60,60,64.2000031471252,0,2.9108681678772,2003-04-01,0.342298746109009,2.88132047653198,1.07593977451324
13080010,Pluviométrica,Convencional,Córdoba,San Pelayo,8.9359,-75.9533,50,9/15/1965,,Caribe,Caribe,Sinú,Bajo Sinú,8.86909103393555,9.70909118652344,15,15,0.561594188213348,0.789855062961578,1,1,1.07000005245209,2003,04,23,43,43,46.0100022554398,0,27.3312835693359,2003-04-01,54.7231674194336,65.7406158447266,94.6187438964844
13080010,Pluviométrica,Convencional,Córdoba,San Pelayo,8.9359,-75.9533,50,9/15/1965,,Caribe,Caribe,Sinú,Bajo Sinú,8.86909103393555,9.70909118652344,15,15,0.561594188213348,0.789855062961578,1,1,1.07000005245209,2003,04,24,0,0,0,0,25.1814231872559,2003-04-01,46.1444625854492,23.2752456665039,27.7724609375
13080010,Pluviométrica,Convencional,Córdoba,San Pelayo,8.9359,-75.9533,50,9/15/1965,,Caribe,Caribe,Sinú,Bajo Sinú,8.86909103393555,9.70909118652344,15,15,0.561594188213348,0.789855062961578,1,1,1.04999995231628,2003,05,25,75,75,78.7499964237213,0,17.6082382202148,2003-05-01,36.4957427978516,35.9745903015137,49.4601097106934
13080010,Pluviométrica,Convencional,Córdoba,San Pelayo,8.9359,-75.9533,50,9/15/1965,,Caribe,Caribe,Sinú,Bajo Sinú,8.86909103393555,9.70909118652344,15,15,0.561594188213348,0.789855062961578,1,1,1.04999995231628,2003,05,26,0,0,0,0,26.0488605499268,2003-05-01,53.7591514587402,18.5419235229492,25.8463935852051
13080010,Pluviométrica,Convencional,Córdoba,San Pelayo,8.9359,-75.9533,50,9/15/1965,,Caribe,Caribe,Sinú,Bajo Sinú,8.86909103393555,9.70909118652344,15,15,0.561594188213348,0.789855062961578,1,1,1.04999995231628,2003,05,27,50,50,52.4999976158142,0,21.8097324371338,2003-05-01,44.8370399475098,32.185661315918,45.2125625610352
13080010,Pluviométrica,Convencional,Córdoba,San Pelayo,8.9359,-75.9533,50,9/15/1965,,Caribe,Caribe,Sinú,Bajo Sinú,8.86909103393555,9.70909118652344,15,15,0.561594188213348,0.789855062961578,1,1,1.04999995231628,2003,05,28,25,25,26.2499988079071,0,25.61940574646,2003-05-01,50.2925529479981,27.0420742034912,34.4673576354981
13080010,Pluviométrica,Convencional,Córdoba,San Pelayo,8.9359,-75.9533,50,9/15/1965,,Caribe,Caribe,Sinú,Bajo Sinú,8.86909103393555,9.70909118652344,15,15,0.561594188213348,0.789855062961578,1,1,1.04999995231628,2003,05,29,30,30,31.4999985694885,0,22.1143589019775,2003-05-01,41.3395500183105,20.3117370605469,26.5336952209473
13080010,Pluviométrica,Convencional,Córdoba,San Pelayo,8.9359,-75.9533,50,9/15/1965,,Caribe,Caribe,Sinú,Bajo Sinú,8.86909103393555,9.70909118652344,15,15,0.561594188213348,0.789855062961578,1,1,1.04999995231628,2003,05,30,25,25,26.2499988079071,0,19.4639148712158,2003-05-01,25.3418159484863,16.1832008361816,18.5158081054688
13080010,Pluviométrica,Convencional,Córdoba,San Pelayo,8.9359,-75.9533,50,9/15/1965,,Caribe,Caribe,Sinú,Bajo Sinú,8.86909103393555,9.70909118652344,15,15,0.561594188213348,0.789855062961578,1,1,1.05999994277954,2003,06,31,80,80,84.7999954223633,0,26.7761077880859,2003-06-01,31.3238430023193,57.2485771179199,62.3556938171387
13080010,Pluviométrica,Convencional,Córdoba,San Pelayo,8.9359,-75.9533,50,9/15/1965,,Caribe,Caribe,Sinú,Bajo Sinú,8.86909103393555,9.70909118652344,15,15,0.561594188213348,0.789855062961578,1,1,1.05999994277954,2003,06,32,0,0,0,0,32.7894630432129,2003-06-01,35.8571166992188,12.7139453887939,12.4723196029663
13080010,Pluviométrica,Convencional,Córdoba,San Pelayo,8.9359,-75.9533,50,9/15/1965,,Caribe,Caribe,Sinú,Bajo Sinú,8.86909103393555,9.70909118652344,15,15,0.561594188213348,0.789855062961578,1,1,1.05999994277954,2003,06,33,10,10,10.5999994277954,0,34.3323097229004,2003-06-01,32.6189231872559,17.601448059082,16.7518768310547
13080010,Pluviométrica,Convencional,Córdoba,San Pelayo,8.9359,-75.9533,50,9/15/1965,,Caribe,Caribe,Sinú,Bajo Sinú,8.86909103393555,9.70909118652344,15,15,0.561594188213348,0.789855062961578,1,1,1.05999994277954,2003,06,34,40,40,42.3999977111816,0,25.5736103057861,2003-06-01,23.7720813751221,14.7047138214111,14.0522203445435
13080010,Pluviométrica,Convencional,Córdoba,San Pelayo,8.9359,-75.9533,50,9/15/1965,,Caribe,Caribe,Sinú,Bajo Sinú,8.86909103393555,9.70909118652344,15,15,0.561594188213348,0.789855062961578,1,1,1.05999994277954,2003,06,35,20,20,21.1999988555908,0,25.6869106292725,2003-06-01,26.1190013885498,31.3367004394531,32.5744476318359
13080010,Pluviométrica,Convencional,Córdoba,San Pelayo,8.9359,-75.9533,50,9/15/1965,,Caribe,Caribe,Sinú,Bajo Sinú,8.86909103393555,9.70909118652344,15,15,0.561594188213348,0.789855062961578,1,1,1.05999994277954,2003,06,36,80,80,84.7999954223633,0,24.8137607574463,2003-06-01,31.1010093688965,45.6310577392578,49.7394676208496
13080010,Pluviométrica,Convencional,Córdoba,San Pelayo,8.9359,-75.9533,50,9/15/1965,,Caribe,Caribe,Sinú,Bajo Sinú,8.86909103393555,9.70909118652344,15,15,0.561594188213348,0.789855062961578,1,1,1.05999994277954,2003,07,37,25,25,26.4999985694885,0,22.2327556610107,2003-07-01,34.1449890136719,18.4565582275391,26.69211769104
13080010,Pluviométrica,Convencional,Córdoba,San Pelayo,8.9359,-75.9533,50,9/15/1965,,Caribe,Caribe,Sinú,Bajo Sinú,8.86909103393555,9.70909118652344,15,15,0.561594188213348,0.789855062961578,1,1,1.05999994277954,2003,07,38,45,45,47.6999974250794,0,11.8329267501831,2003-07-01,19.9273662567139,26.0742416381836,38.037223815918
13080010,Pluviométrica,Convencional,Córdoba,San Pelayo,8.9359,-75.9533,50,9/15/1965,,Caribe,Caribe,Sinú,Bajo Sinú,8.86909103393555,9.70909118652344,15,15,0.561594188213348,0.789855062961578,1,1,1.05999994277954,2003,07,39,50,50,52.9999971389771,0,22.8009243011475,2003-07-01,44.154613494873,26.5905876159668,37.0781860351563
13080010,Pluviométrica,Convencional,Córdoba,San Pelayo,8.9359,-75.9533,50,9/15/1965,,Caribe,Caribe,Sinú,Bajo Sinú,8.86909103393555,9.70909118652344,15,15,0.561594188213348,0.789855062961578,1,1,1.05999994277954,2003,07,40,10,10,10.5999994277954,0,15.6195821762085,2003-07-01,28.5422801971436,11.1909627914429,19.153450012207
13080010,Pluviométrica,Convencional,Córdoba,San Pelayo,8.9359,-75.9533,50,9/15/1965,,Caribe,Caribe,Sinú,Bajo Sinú,8.86909103393555,9.70909118652344,15,15,0.561594188213348,0.789855062961578,1,1,1.05999994277954,2003,07,41,10,10,10.5999994277954,0,22.8737449645996,2003-07-01,41.75146484375,33.5616340637207,55.7512741088867
13080010,Pluviométrica,Convencional,Córdoba,San Pelayo,8.9359,-75.9533,50,9/15/1965,,Caribe,Caribe,Sinú,Bajo Sinú,8.86909103393555,9.70909118652344,15,15,0.561594188213348,0.789855062961578,1,1,1.05999994277954,2003,07,42,30,30,31.7999982833862,0,33.7378005981445,2003-07-01,56.4095153808594,33.6900367736816,47.3438987731934
13080010,Pluviométrica,Convencional,Córdoba,San Pelayo,8.9359,-75.9533,50,9/15/1965,,Caribe,Caribe,Sinú,Bajo Sinú,8.86909103393555,9.70909118652344,15,15,0.561594188213348,0.789855062961578,1,1,1.04999995231628,2003,08,43,0,0,0,0,30.7164039611816,2003-08-01,46.5104026794434,13.3390674591064,18.2052097320557
13080010,Pluviométrica,Convencional,Córdoba,San Pelayo,8.9359,-75.9533,50,9/15/1965,,Caribe,Caribe,Sinú,Bajo Sinú,8.86909103393555,9.70909118652344,15,15,0.561594188213348,0.789855062961578,1,1,1.04999995231628,2003,08,44,55,55,57.7499973773956,0,21.0909175872803,2003-08-01,25.6090106964111,27.7540645599365,33.9766731262207
13080010,Pluviométrica,Convencional,Córdoba,San Pelayo,8.9359,-75.9533,50,9/15/1965,,Caribe,Caribe,Sinú,Bajo Sinú,8.86909103393555,9.70909118652344,15,15,0.561594188213348,0.789855062961578,1,1,1.04999995231628,2003,08,45,10,10,10.4999995231628,0,26.4500198364258,2003-08-01,34.3289451599121,33.1945152282715,39.2865753173828
13080010,Pluviométrica,Convencional,Córdoba,San Pelayo,8.9359,-75.9533,50,9/15/1965,,Caribe,Caribe,Sinú,Bajo Sinú,8.86909103393555,9.70909118652344,15,15,0.561594188213348,0.789855062961578,1,1,1.04999995231628,2003,08,46,75,75,78.7499964237213,0,32.345588684082,2003-08-01,41.5042877197266,36.9326896667481,45.0110893249512
13080010,Pluviométrica,Convencional,Córdoba,San Pelayo,8.9359,-75.9533,50,9/15/1965,,Caribe,Caribe,Sinú,Bajo Sinú,8.86909103393555,9.70909118652344,15,15,0.561594188213348,0.789855062961578,1,1,1.04999995231628,2003,08,47,60,60,62.9999971389771,0,16.5759296417236,2003-08-01,20.2906379699707,29.8270835876465,36.3401184082031
13080010,Pluviométrica,Convencional,Córdoba,San Pelayo,8.9359,-75.9533,50,9/15/1965,,Caribe,Caribe,Sinú,Bajo Sinú,8.86909103393555,9.70909118652344,15,15,0.561594188213348,0.789855062961578,1,1,1.04999995231628,2003,08,48,50,50,52.4999976158142,0,44.2814865112305,2003-08-01,49.5341262817383,41.3450088500977,44.4663429260254
13080010,Pluviométrica,Convencional,Córdoba,San Pelayo,8.9359,-75.9533,50,9/15/1965,,Caribe,Caribe,Sinú,Bajo Sinú,8.86909103393555,9.70909118652344,15,15,0.561594188213348,0.789855062961578,1,1,1.04999995231628,2003,09,49,35,35,36.7499983310699,0,23.5175933837891,2003-09-01,33.9670295715332,41.9979553222656,49.638053894043
13080010,Pluviométrica,Convencional,Córdoba,San Pelayo,8.9359,-75.9533,50,9/15/1965,,Caribe,Caribe,Sinú,Bajo Sinú,8.86909103393555,9.70909118652344,15,15,0.561594188213348,0.789855062961578,1,1,1.04999995231628,2003,09,50,65,65,68.2499969005585,0,15.1561822891235,2003-09-01,18.0237770080566,22.9403553009033,27.1569328308106
13080010,Pluviométrica,Convencional,Córdoba,San Pelayo,8.9359,-75.9533,50,9/15/1965,,Caribe,Caribe,Sinú,Bajo Sinú,8.86909103393555,9.70909118652344,15,15,0.561594188213348,0.789855062961578,1,1,1.04999995231628,2003,09,51,30,30,31.4999985694885,0,25.1896896362305,2003-09-01,38.0924911499023,28.6793689727783,46.9841079711914
13080010,Pluviométrica,Convencional,Córdoba,San Pelayo,8.9359,-75.9533,50,9/15/1965,,Caribe,Caribe,Sinú,Bajo Sinú,8.86909103393555,9.70909118652344,15,15,0.561594188213348,0.789855062961578,1,1,1.04999995231628,2003,09,52,55,55,57.7499973773956,0,32.0823135375977,2003-09-01,51.1096687316895,56.1641807556152,68.5277557373047
13080010,Pluviométrica,Convencional,Córdoba,San Pelayo,8.9359,-75.9533,50,9/15/1965,,Caribe,Caribe,Sinú,Bajo Sinú,8.86909103393555,9.70909118652344,15,15,0.561594188213348,0.789855062961578,1,1,1.04999995231628,2003,09,53,10,10,10.4999995231628,0,29.1195602416992,2003-09-01,42.998104095459,26.4815864562988,28.8572597503662
13080010,Pluviométrica,Convencional,Córdoba,San Pelayo,8.9359,-75.9533,50,9/15/1965,,Caribe,Caribe,Sinú,Bajo Sinú,8.86909103393555,9.70909118652344,15,15,0.561594188213348,0.789855062961578,1,1,1.04999995231628,2003,09,54,0,0,0,0,27.4879970550537,2003-09-01,39.5302963256836,23.1923503875732,30.7268581390381
13080010,Pluviométrica,Convencional,Córdoba,San Pelayo,8.9359,-75.9533,50,9/15/1965,,Caribe,Caribe,Sinú,Bajo Sinú,8.86909103393555,9.70909118652344,15,15,0.561594188213348,0.789855062961578,1,1,1.05999994277954,2003,10,55,25,25,26.4999985694885,0,30.9157371520996,2003-10-01,38.9596748352051,24.7433395385742,25.5828495025635
13080010,Pluviométrica,Convencional,Córdoba,San Pelayo,8.9359,-75.9533,50,9/15/1965,,Caribe,Caribe,Sinú,Bajo Sinú,8.86909103393555,9.70909118652344,15,15,0.561594188213348,0.789855062961578,1,1,1.05999994277954,2003,10,56,0,0,0,0,12.3623723983765,2003-10-01,12.3145275115967,15.1730709075928,22.7581272125244
13080010,Pluviométrica,Convencional,Córdoba,San Pelayo,8.9359,-75.9533,50,9/15/1965,,Caribe,Caribe,Sinú,Bajo Sinú,8.86909103393555,9.70909118652344,15,15,0.561594188213348,0.789855062961578,1,1,1.05999994277954,2003,10,57,0,0,0,0,33.9464416503906,2003-10-01,36.1559371948242,25.8786239624023,20.6096153259277
13080010,Pluviométrica,Convencional,Córdoba,San Pelayo,8.9359,-75.9533,50,9/15/1965,,Caribe,Caribe,Sinú,Bajo Sinú,8.86909103393555,9.70909118652344,15,15,0.561594188213348,0.789855062961578,1,1,1.05999994277954,2003,10,58,60,60,63.5999965667725,0,28.3553409576416,2003-10-01,29.9007778167725,42.0260696411133,40.9869613647461
13080010,Pluviométrica,Convencional,Córdoba,San Pelayo,8.9359,-75.9533,50,9/15/1965,,Caribe,Caribe,Sinú,Bajo Sinú,8.86909103393555,9.70909118652344,15,15,0.561594188213348,0.789855062961578,1,1,1.05999994277954,2003,10,59,0,0,0,0,22.4811573028564,2003-10-01,25.579963684082,16.9869918823242,19.6039409637451
13080010,Pluviométrica,Convencional,Córdoba,San Pelayo,8.9359,-75.9533,50,9/15/1965,,Caribe,Caribe,Sinú,Bajo Sinú,8.86909103393555,9.70909118652344,15,15,0.561594188213348,0.789855062961578,1,1,1.05999994277954,2003,10,60,25,25,26.4999985694885,0,26.3917407989502,2003-10-01,22.3806438446045,39.5266227722168,28.9671421051025
13080010,Pluviométrica,Convencional,Córdoba,San Pelayo,8.9359,-75.9533,50,9/15/1965,,Caribe,Caribe,Sinú,Bajo Sinú,8.86909103393555,9.70909118652344,15,15,0.561594188213348,0.789855062961578,1,1,1.07000005245209,2003,11,61,0,0,0,0,27.2169818878174,2003-11-01,27.508867263794,28.1268634796143,29.3350772857666
13080010,Pluviométrica,Convencional,Córdoba,San Pelayo,8.9359,-75.9533,50,9/15/1965,,Caribe,Caribe,Sinú,Bajo Sinú,8.86909103393555,9.70909118652344,15,15,0.561594188213348,0.789855062961578,1,1,1.07000005245209,2003,11,62,50,50,53.5000026226044,0,20.471399307251,2003-11-01,26.8668079376221,21.6026210784912,26.1403636932373
13080010,Pluviométrica,Convencional,Córdoba,San Pelayo,8.9359,-75.9533,50,9/15/1965,,Caribe,Caribe,Sinú,Bajo Sinú,8.86909103393555,9.70909118652344,15,15,0.561594188213348,0.789855062961578,1,1,1.07000005245209,2003,11,63,30,30,32.1000015735626,0,34.5524024963379,2003-11-01,58.5780982971192,21.7559490203857,27.2965412139893
13080010,Pluviométrica,Convencional,Córdoba,San Pelayo,8.9359,-75.9533,50,9/15/1965,,Caribe,Caribe,Sinú,Bajo Sinú,8.86909103393555,9.70909118652344,15,15,0.561594188213348,0.789855062961578,1,1,1.07000005245209,2003,11,64,0,0,0,0,10.3443670272827,2003-11-01,10.1796674728394,8.96266651153565,8.43781852722168
13080010,Pluviométrica,Convencional,Córdoba,San Pelayo,8.9359,-75.9533,50,9/15/1965,,Caribe,Caribe,Sinú,Bajo Sinú,8.86909103393555,9.70909118652344,15,15,0.561594188213348,0.789855062961578,1,1,1.07000005245209,2003,11,65,25,25,26.7500013113022,0,18.8987369537354,2003-11-01,24.6516838073731,27.9641666412354,30.5905590057373
13080010,Pluviométrica,Convencional,Córdoba,San Pelayo,8.9359,-75.9533,50,9/15/1965,,Caribe,Caribe,Sinú,Bajo Sinú,8.86909103393555,9.70909118652344,15,15,0.561594188213348,0.789855062961578,1,1,1.07000005245209,2003,11,66,15,15,16.0500007867813,0,14.6168193817139,2003-11-01,22.5543441772461,24.310977935791,29.3113956451416
13080010,Pluviométrica,Convencional,Córdoba,San Pelayo,8.9359,-75.9533,50,9/15/1965,,Caribe,Caribe,Sinú,Bajo Sinú,8.86909103393555,9.70909118652344,15,15,0.561594188213348,0.789855062961578,1,1,1.08000004291534,2003,12,67,75,75,81.0000032186508,0,20.8652858734131,2003-12-01,34.2804374694824,30.8784847259522,35.9861640930176
13080010,Pluviométrica,Convencional,Córdoba,San Pelayo,8.9359,-75.9533,50,9/15/1965,,Caribe,Caribe,Sinú,Bajo Sinú,8.86909103393555,9.70909118652344,15,15,0.561594188213348,0.789855062961578,1,1,1.08000004291534,2003,12,68,0,0,0,0,9.21831607818604,2003-12-01,14.0817279815674,10.7004585266113,18.1464443206787
13080010,Pluviométrica,Convencional,Córdoba,San Pelayo,8.9359,-75.9533,50,9/15/1965,,Caribe,Caribe,Sinú,Bajo Sinú,8.86909103393555,9.70909118652344,15,15,0.561594188213348,0.789855062961578,1,1,1.08000004291534,2003,12,69,0,0,0,0,5.37794971466065,2003-12-01,5.23952198028565,2.68157267570496,4.96165800094605
13080010,Pluviométrica,Convencional,Córdoba,San Pelayo,8.9359,-75.9533,50,9/15/1965,,Caribe,Caribe,Sinú,Bajo Sinú,8.86909103393555,9.70909118652344,15,15,0.561594188213348,0.789855062961578,1,1,1.08000004291534,2003,12,70,0,0,0,0,23.0120410919189,2003-12-01,33.6992149353027,8.38873863220215,11.3361206054688
13080010,Pluviométrica,Convencional,Córdoba,San Pelayo,8.9359,-75.9533,50,9/15/1965,,Caribe,Caribe,Sinú,Bajo Sinú,8.86909103393555,9.70909118652344,15,15,0.561594188213348,0.789855062961578,1,1,1.08000004291534,2003,12,71,0,0,0,0,6.99633741378784,2003-12-01,6.40344190597534,2.68939542770386,2.85824036598206
13080010,Pluviométrica,Convencional,Córdoba,San Pelayo,8.9359,-75.9533,50,9/15/1965,,Caribe,Caribe,Sinú,Bajo Sinú,8.86909103393555,9.70909118652344,15,15,0.561594188213348,0.789855062961578,1,1,1.08000004291534,2003,12,72,0,0,0,0,4.88406991958618,2003-12-01,0.00222957134246826,2.43803238868713,0.00209828931838274
13080010,Pluviométrica,Convencional,Córdoba,San Pelayo,8.9359,-75.9533,50,9/15/1965,,Caribe,Caribe,Sinú,Bajo Sinú,8.86909103393555,9.70909118652344,15,15,0.561594188213348,0.789855062961578,1,1,1.10000002384186,2004,01,1,0,0,0,0,0.889097690582275,2004-01-01,0,0.758329570293427,0
13080010,Pluviométrica,Convencional,Córdoba,San Pelayo,8.9359,-75.9533,50,9/15/1965,,Caribe,Caribe,Sinú,Bajo Sinú,8.86909103393555,9.70909118652344,15,15,0.561594188213348,0.789855062961578,1,1,1.10000002384186,2004,01,2,0,0,0,0,3.27047443389893,2004-01-01,1.25881350040436,2.67269611358643,1.32082319259644
13080010,Pluviométrica,Convencional,Córdoba,San Pelayo,8.9359,-75.9533,50,9/15/1965,,Caribe,Caribe,Sinú,Bajo Sinú,8.86909103393555,9.70909118652344,15,15,0.561594188213348,0.789855062961578,1,1,1.10000002384186,2004,01,3,0,0,0,0,0.879952847957611,2004-01-01,0,0.640355288982391,0
13080010,Pluviométrica,Convencional,Córdoba,San Pelayo,8.9359,-75.9533,50,9/15/1965,,Caribe,Caribe,Sinú,Bajo Sinú,8.86909103393555,9.70909118652344,15,15,0.561594188213348,0.789855062961578,1,1,1.10000002384186,2004,01,4,0,0,0,0,0.979983925819397,2004-01-01,0,0.817398250102997,0
13080010,Pluviométrica,Convencional,Córdoba,San Pelayo,8.9359,-75.9533,50,9/15/1965,,Caribe,Caribe,Sinú,Bajo Sinú,8.86909103393555,9.70909118652344,15,15,0.561594188213348,0.789855062961578,1,1,1.10000002384186,2004,01,5,0,0,0,0,1.00875127315521,2004-01-01,0,0.88448166847229,0
13080010,Pluviométrica,Convencional,Córdoba,San Pelayo,8.9359,-75.9533,50,9/15/1965,,Caribe,Caribe,Sinú,Bajo Sinú,8.86909103393555,9.70909118652344,15,15,0.561594188213348,0.789855062961578,1,1,1.10000002384186,2004,01,6,0,0,0,0,2.33877420425415,2004-01-01,0.156015813350678,1.62102603912354,0.143769815564156
13080010,Pluviométrica,Convencional,Córdoba,San Pelayo,8.9359,-75.9533,50,9/15/1965,,Caribe,Caribe,Sinú,Bajo Sinú,8.86909103393555,9.70909118652344,15,15,0.561594188213348,0.789855062961578,1,1,1.12000000476837,2004,02,7,0,0,0,0,2.60250782966614,2004-02-01,1.17031812667847,1.88204896450043,1.18725800514221
13080010,Pluviométrica,Convencional,Córdoba,San Pelayo,8.9359,-75.9533,50,9/15/1965,,Caribe,Caribe,Sinú,Bajo Sinú,8.86909103393555,9.70909118652344,15,15,0.561594188213348,0.789855062961578,1,1,1.12000000476837,2004,02,8,0,0,0,0,2.55548405647278,2004-02-01,1.77876543998718,1.91660857200623,1.75321567058563
13080010,Pluviométrica,Convencional,Córdoba,San Pelayo,8.9359,-75.9533,50,9/15/1965,,Caribe,Caribe,Sinú,Bajo Sinú,8.86909103393555,9.70909118652344,15,15,0.561594188213348,0.789855062961578,1,1,1.12000000476837,2004,02,9,0,0,0,0,2.52448558807373,2004-02-01,1.78268098831177,1.70434403419495,1.64250540733337
13080010,Pluviométrica,Convencional,Córdoba,San Pelayo,8.9359,-75.9533,50,9/15/1965,,Caribe,Caribe,Sinú,Bajo Sinú,8.86909103393555,9.70909118652344,15,15,0.561594188213348,0.789855062961578,1,1,1.12000000476837,2004,02,10,0,0,0,0,2.46275949478149,2004-02-01,1.43506395816803,1.66119027137756,1.32921123504639
13080010,Pluviométrica,Convencional,Córdoba,San Pelayo,8.9359,-75.9533,50,9/15/1965,,Caribe,Caribe,Sinú,Bajo Sinú,8.86909103393555,9.70909118652344,15,15,0.561594188213348,0.789855062961578,1,1,1.12000000476837,2004,02,11,0,0,0,0,2.34420990943909,2004-02-01,0,1.51529777050018,0
13080010,Pluviométrica,Convencional,Córdoba,San Pelayo,8.9359,-75.9533,50,9/15/1965,,Caribe,Caribe,Sinú,Bajo Sinú,8.86909103393555,9.70909118652344,15,15,0.561594188213348,0.789855062961578,1,1,1.12000000476837,2004,02,12,0,0,0,0,0.751643121242523,2004-02-01,0,0.636307001113892,0
13080010,Pluviométrica,Convencional,Córdoba,San Pelayo,8.9359,-75.9533,50,9/15/1965,,Caribe,Caribe,Sinú,Bajo Sinú,8.86909103393555,9.70909118652344,15,15,0.561594188213348,0.789855062961578,1,1,1.11000001430511,2004,03,13,0,0,0,0,0.663528501987457,2004-03-01,0,0.513184607028961,0
13080010,Pluviométrica,Convencional,Córdoba,San Pelayo,8.9359,-75.9533,50,9/15/1965,,Caribe,Caribe,Sinú,Bajo Sinú,8.86909103393555,9.70909118652344,15,15,0.561594188213348,0.789855062961578,1,1,1.11000001430511,2004,03,14,0,0,0,0,0.485210090875626,2004-03-01,0,0.392780900001526,0
13080010,Pluviométrica,Convencional,Córdoba,San Pelayo,8.9359,-75.9533,50,9/15/1965,,Caribe,Caribe,Sinú,Bajo Sinú,8.86909103393555,9.70909118652344,15,15,0.561594188213348,0.789855062961578,1,1,1.11000001430511,2004,03,15,0,0,0,0,0.377012878656387,2004-03-01,0,0.308304250240326,0
13080010,Pluviométrica,Convencional,Córdoba,San Pelayo,8.9359,-75.9533,50,9/15/1965,,Caribe,Caribe,Sinú,Bajo Sinú,8.86909103393555,9.70909118652344,15,15,0.561594188213348,0.789855062961578,1,1,1.11000001430511,2004,03,16,0,0,0,0,0.344353377819061,2004-03-01,0,0.282217860221863,0
13080010,Pluviométrica,Convencional,Córdoba,San Pelayo,8.9359,-75.9533,50,9/15/1965,,Caribe,Caribe,Sinú,Bajo Sinú,8.86909103393555,9.70909118652344,15,15,0.561594188213348,0.789855062961578,1,1,1.11000001430511,2004,03,17,0,0,0,0,0.418497234582901,2004-03-01,0,0.33486545085907,0
13080010,Pluviométrica,Convencional,Córdoba,San Pelayo,8.9359,-75.9533,50,9/15/1965,,Caribe,Caribe,Sinú,Bajo Sinú,8.86909103393555,9.70909118652344,15,15,0.561594188213348,0.789855062961578,1,1,1.11000001430511,2004,03,18,0,0,0,0,1.3968540430069,2004-03-01,0,0.900190711021423,0
13080010,Pluviométrica,Convencional,Córdoba,San Pelayo,8.9359,-75.9533,50,9/15/1965,,Caribe,Caribe,Sinú,Bajo Sinú,8.86909103393555,9.70909118652344,15,15,0.561594188213348,0.789855062961578,1,1,1.07000005245209,2004,04,19,0,0,0,0,9.61741828918457,2004-04-01,11.0310869216919,4.96572875976563,5.33547449111939
13080010,Pluviométrica,Convencional,Córdoba,San Pelayo,8.9359,-75.9533,50,9/15/1965,,Caribe,Caribe,Sinú,Bajo Sinú,8.86909103393555,9.70909118652344,15,15,0.561594188213348,0.789855062961578,1,1,1.07000005245209,2004,04,20,0,0,0,0,2.04112410545349,2004-04-01,0,1.74703526496887,0
13080010,Pluviométrica,Convencional,Córdoba,San Pelayo,8.9359,-75.9533,50,9/15/1965,,Caribe,Caribe,Sinú,Bajo Sinú,8.86909103393555,9.70909118652344,15,15,0.561594188213348,0.789855062961578,1,1,1.07000005245209,2004,04,21,25,25,26.7500013113022,0,1.86229288578033,2004-04-01,0,2.40185594558716,0
13080010,Pluviométrica,Convencional,Córdoba,San Pelayo,8.9359,-75.9533,50,9/15/1965,,Caribe,Caribe,Sinú,Bajo Sinú,8.86909103393555,9.70909118652344,15,15,0.561594188213348,0.789855062961578,1,1,1.07000005245209,2004,04,22,30,30,32.1000015735626,0,14.3011817932129,2004-04-01,23.1918506622315,34.7036018371582,47.8863182067871
13080010,Pluviométrica,Convencional,Córdoba,San Pelayo,8.9359,-75.9533,50,9/15/1965,,Caribe,Caribe,Sinú,Bajo Sinú,8.86909103393555,9.70909118652344,15,15,0.561594188213348,0.789855062961578,1,1,1.07000005245209,2004,04,23,35,35,37.4500018358231,0,20.7676944732666,2004-04-01,41.7195930480957,24.7250003814697,33.8347663879395
13080010,Pluviométrica,Convencional,Córdoba,San Pelayo,8.9359,-75.9533,50,9/15/1965,,Caribe,Caribe,Sinú,Bajo Sinú,8.86909103393555,9.70909118652344,15,15,0.561594188213348,0.789855062961578,1,1,1.07000005245209,2004,04,24,10,10,10.7000005245209,0,8.38109683990479,2004-04-01,10.8964290618896,9.2177677154541,10.9351987838745
13080010,Pluviométrica,Convencional,Córdoba,San Pelayo,8.9359,-75.9533,50,9/15/1965,,Caribe,Caribe,Sinú,Bajo Sinú,8.86909103393555,9.70909118652344,15,15,0.561594188213348,0.789855062961578,1,1,1.04999995231628,2004,05,25,10,10,10.4999995231628,0,17.2669372558594,2004-05-01,34.0316963195801,20.103853225708,38.8299674987793
13080010,Pluviométrica,Convencional,Córdoba,San Pelayo,8.9359,-75.9533,50,9/15/1965,,Caribe,Caribe,Sinú,Bajo Sinú,8.86909103393555,9.70909118652344,15,15,0.561594188213348,0.789855062961578,1,1,1.04999995231628,2004,05,26,0,0,0,0,13.3549680709839,2004-05-01,26.9213676452637,4.75008058547974,7.45420932769775
13080010,Pluviométrica,Convencional,Córdoba,San Pelayo,8.9359,-75.9533,50,9/15/1965,,Caribe,Caribe,Sinú,Bajo Sinú,8.86909103393555,9.70909118652344,15,15,0.561594188213348,0.789855062961578,1,1,1.04999995231628,2004,05,27,50,50,52.4999976158142,0,22.4517822265625,2004-05-01,44.6387367248535,20.9398174285889,25.8303451538086
13080010,Pluviométrica,Convencional,Córdoba,San Pelayo,8.9359,-75.9533,50,9/15/1965,,Caribe,Caribe,Sinú,Bajo Sinú,8.86909103393555,9.70909118652344,15,15,0.561594188213348,0.789855062961578,1,1,1.04999995231628,2004,05,28,65,65,68.2499969005585,0,17.1793823242188,2004-05-01,37.4679718017578,50.9300651550293,65.1797561645508
13080010,Pluviométrica,Convencional,Córdoba,San Pelayo,8.9359,-75.9533,50,9/15/1965,,Caribe,Caribe,Sinú,Bajo Sinú,8.86909103393555,9.70909118652344,15,15,0.561594188213348,0.789855062961578,1,1,1.04999995231628,2004,05,29,15,15,15.7499992847443,0,14.675651550293,2004-05-01,27.3532848358154,22.4714946746826,26.8930854797363
13080010,Pluviométrica,Convencional,Córdoba,San Pelayo,8.9359,-75.9533,50,9/15/1965,,Caribe,Caribe,Sinú,Bajo Sinú,8.86909103393555,9.70909118652344,15,15,0.561594188213348,0.789855062961578,1,1,1.04999995231628,2004,05,30,40,40,41.9999980926514,0,30.7500629425049,2004-05-01,40.7765769958496,29.9416675567627,30.0181865692139
13080010,Pluviométrica,Convencional,Córdoba,San Pelayo,8.9359,-75.9533,50,9/15/1965,,Caribe,Caribe,Sinú,Bajo Sinú,8.86909103393555,9.70909118652344,15,15,0.561594188213348,0.789855062961578,1,1,1.05999994277954,2004,06,31,15,15,15.8999991416931,0,48.5676498413086,2004-06-01,62.4663848876953,46.2126083374024,53.471866607666
13080010,Pluviométrica,Convencional,Córdoba,San Pelayo,8.9359,-75.9533,50,9/15/1965,,Caribe,Caribe,Sinú,Bajo Sinú,8.86909103393555,9.70909118652344,15,15,0.561594188213348,0.789855062961578,1,1,1.05999994277954,2004,06,32,0,0,0,0,23.9204025268555,2004-06-01,24.7404499053955,20.1986999511719,20.6873092651367
13080010,Pluviométrica,Convencional,Córdoba,San Pelayo,8.9359,-75.9533,50,9/15/1965,,Caribe,Caribe,Sinú,Bajo Sinú,8.86909103393555,9.70909118652344,15,15,0.561594188213348,0.789855062961578,1,1,1.05999994277954,2004,06,33,20,20,21.1999988555908,0,25.7465896606445,2004-06-01,23.2371292114258,29.2563228607178,29.2310638427734
13080010,Pluviométrica,Convencional,Córdoba,San Pelayo,8.9359,-75.9533,50,9/15/1965,,Caribe,Caribe,Sinú,Bajo Sinú,8.86909103393555,9.70909118652344,15,15,0.561594188213348,0.789855062961578,1,1,1.05999994277954,2004,06,34,20,20,21.1999988555908,0,34.3203582763672,2004-06-01,36.1492042541504,15.7129802703857,15.907114982605
13080010,Pluviométrica,Convencional,Córdoba,San Pelayo,8.9359,-75.9533,50,9/15/1965,,Caribe,Caribe,Sinú,Bajo Sinú,8.86909103393555,9.70909118652344,15,15,0.561594188213348,0.789855062961578,1,1,1.05999994277954,2004,06,35,20,20,21.1999988555908,0,25.2530536651611,2004-06-01,24.8843040466309,15.5297479629517,17.2222518920898
13080010,Pluviométrica,Convencional,Córdoba,San Pelayo,8.9359,-75.9533,50,9/15/1965,,Caribe,Caribe,Sinú,Bajo Sinú,8.86909103393555,9.70909118652344,15,15,0.561594188213348,0.789855062961578,1,1,1.05999994277954,2004,06,36,90,90,95.3999948501587,0,14.6959371566772,2004-06-01,15.021448135376,28.9296035766602,32.3326034545898
13080010,Pluviométrica,Convencional,Córdoba,San Pelayo,8.9359,-75.9533,50,9/15/1965,,Caribe,Caribe,Sinú,Bajo Sinú,8.86909103393555,9.70909118652344,15,15,0.561594188213348,0.789855062961578,1,1,1.05999994277954,2004,07,37,20,20,21.1999988555908,0,18.0104808807373,2004-07-01,26.3111591339111,22.3002910614014,30.1951847076416
13080010,Pluviométrica,Convencional,Córdoba,San Pelayo,8.9359,-75.9533,50,9/15/1965,,Caribe,Caribe,Sinú,Bajo Sinú,8.86909103393555,9.70909118652344,15,15,0.561594188213348,0.789855062961578,1,1,1.05999994277954,2004,07,38,25,25,26.4999985694885,0,24.5286483764648,2004-07-01,47.1752166748047,28.7384223937988,45.3451080322266
13080010,Pluviométrica,Convencional,Córdoba,San Pelayo,8.9359,-75.9533,50,9/15/1965,,Caribe,Caribe,Sinú,Bajo Sinú,8.86909103393555,9.70909118652344,15,15,0.561594188213348,0.789855062961578,1,1,1.05999994277954,2004,07,39,60,60,63.5999965667725,0,18.3767204284668,2004-07-01,35.2757453918457,27.5954742431641,39.9358940124512
13080010,Pluviométrica,Convencional,Córdoba,San Pelayo,8.9359,-75.9533,50,9/15/1965,,Caribe,Caribe,Sinú,Bajo Sinú,8.86909103393555,9.70909118652344,15,15,0.561594188213348,0.789855062961578,1,1,1.05999994277954,2004,07,40,20,20,21.1999988555908,0,25.3997821807861,2004-07-01,50.9864501953125,25.4350318908691,38.3780212402344
13080010,Pluviométrica,Convencional,Córdoba,San Pelayo,8.9359,-75.9533,50,9/15/1965,,Caribe,Caribe,Sinú,Bajo Sinú,8.86909103393555,9.70909118652344,15,15,0.561594188213348,0.789855062961578,1,1,1.05999994277954,2004,07,41,60,60,63.5999965667725,0,20.1939239501953,2004-07-01,37.8638916015625,24.7944450378418,34.0040130615234
13080010,Pluviométrica,Convencional,Córdoba,San Pelayo,8.9359,-75.9533,50,9/15/1965,,Caribe,Caribe,Sinú,Bajo Sinú,8.86909103393555,9.70909118652344,15,15,0.561594188213348,0.789855062961578,1,1,1.05999994277954,2004,07,42,20,20,21.1999988555908,0,29.4307193756104,2004-07-01,47.3371810913086,28.9216823577881,39.6405639648438
13080010,Pluviométrica,Convencional,Córdoba,San Pelayo,8.9359,-75.9533,50,9/15/1965,,Caribe,Caribe,Sinú,Bajo Sinú,8.86909103393555,9.70909118652344,15,15,0.561594188213348,0.789855062961578,1,1,1.04999995231628,2004,08,43,40,40,41.9999980926514,0,30.9708423614502,2004-08-01,41.1995582580566,35.0739631652832,41.9687614440918
13080010,Pluviométrica,Convencional,Córdoba,San Pelayo,8.9359,-75.9533,50,9/15/1965,,Caribe,Caribe,Sinú,Bajo Sinú,8.86909103393555,9.70909118652344,15,15,0.561594188213348,0.789855062961578,1,1,1.04999995231628,2004,08,44,60,60,62.9999971389771,0,7.7640905380249,2004-08-01,7.18461036682129,17.7429752349854,24.3898277282715
13080010,Pluviométrica,Convencional,Córdoba,San Pelayo,8.9359,-75.9533,50,9/15/1965,,Caribe,Caribe,Sinú,Bajo Sinú,8.86909103393555,9.70909118652344,15,15,0.561594188213348,0.789855062961578,1,1,1.04999995231628,2004,08,45,15,15,15.7499992847443,0,25.6763038635254,2004-08-01,31.5743827819824,14.5368347167969,16.0158958435059
13080010,Pluviométrica,Convencional,Córdoba,San Pelayo,8.9359,-75.9533,50,9/15/1965,,Caribe,Caribe,Sinú,Bajo Sinú,8.86909103393555,9.70909118652344,15,15,0.561594188213348,0.789855062961578,1,1,1.04999995231628,2004,08,46,30,30,31.4999985694885,0,33.7888679504395,2004-08-01,46.9187202453613,31.6446895599365,41.5151176452637
13080010,Pluviométrica,Convencional,Córdoba,San Pelayo,8.9359,-75.9533,50,9/15/1965,,Caribe,Caribe,Sinú,Bajo Sinú,8.86909103393555,9.70909118652344,15,15,0.561594188213348,0.789855062961578,1,1,1.04999995231628,2004,08,47,0,0,0,0,25.9762306213379,2004-08-01,32.4388809204102,35.4758834838867,42.2857208251953
13080010,Pluviométrica,Convencional,Córdoba,San Pelayo,8.9359,-75.9533,50,9/15/1965,,Caribe,Caribe,Sinú,Bajo Sinú,8.86909103393555,9.70909118652344,15,15,0.561594188213348,0.789855062961578,1,1,1.04999995231628,2004,08,48,75,75,78.7499964237213,0,39.9222640991211,2004-08-01,47.34521484375,47.8143501281738,58.8890419006348
13080010,Pluviométrica,Convencional,Córdoba,San Pelayo,8.9359,-75.9533,50,9/15/1965,,Caribe,Caribe,Sinú,Bajo Sinú,8.86909103393555,9.70909118652344,15,15,0.561594188213348,0.789855062961578,1,1,1.04999995231628,2004,09,49,30,30,31.4999985694885,0,14.3552846908569,2004-09-01,15.4726419448853,17.8954925537109,23.7981758117676
13080010,Pluviométrica,Convencional,Córdoba,San Pelayo,8.9359,-75.9533,50,9/15/1965,,Caribe,Caribe,Sinú,Bajo Sinú,8.86909103393555,9.70909118652344,15,15,0.561594188213348,0.789855062961578,1,1,1.04999995231628,2004,09,50,95,95,99.749995470047,0,30.4247398376465,2004-09-01,48.6318702697754,35.4206962585449,44.4125289916992
13080010,Pluviométrica,Convencional,Córdoba,San Pelayo,8.9359,-75.9533,50,9/15/1965,,Caribe,Caribe,Sinú,Bajo Sinú,8.86909103393555,9.70909118652344,15,15,0.561594188213348,0.789855062961578,1,1,1.04999995231628,2004,09,51,10,10,10.4999995231628,0,20.2014770507813,2004-09-01,26.7264461517334,29.8396396636963,38.5848045349121
13080010,Pluviométrica,Convencional,Córdoba,San Pelayo,8.9359,-75.9533,50,9/15/1965,,Caribe,Caribe,Sinú,Bajo Sinú,8.86909103393555,9.70909118652344,15,15,0.561594188213348,0.789855062961578,1,1,1.04999995231628,2004,09,52,80,80,83.9999961853027,0,31.9859638214111,2004-09-01,52.687915802002,68.8551177978516,85.293571472168
13080010,Pluviométrica,Convencional,Córdoba,San Pelayo,8.9359,-75.9533,50,9/15/1965,,Caribe,Caribe,Sinú,Bajo Sinú,8.86909103393555,9.70909118652344,15,15,0.561594188213348,0.789855062961578,1,1,1.04999995231628,2004,09,53,30,30,31.4999985694885,0,19.7769508361816,2004-09-01,24.9228210449219,28.9485015869141,38.6424369812012
13080010,Pluviométrica,Convencional,Córdoba,San Pelayo,8.9359,-75.9533,50,9/15/1965,,Caribe,Caribe,Sinú,Bajo Sinú,8.86909103393555,9.70909118652344,15,15,0.561594188213348,0.789855062961578,1,1,1.04999995231628,2004,09,54,10,10,10.4999995231628,0,23.7703037261963,2004-09-01,31.2381076812744,29.7056159973145,31.4171009063721
13080010,Pluviométrica,Convencional,Córdoba,San Pelayo,8.9359,-75.9533,50,9/15/1965,,Caribe,Caribe,Sinú,Bajo Sinú,8.86909103393555,9.70909118652344,15,15,0.561594188213348,0.789855062961578,1,1,1.05999994277954,2004,10,55,0,0,0,0,24.6348171234131,2004-10-01,28.2857418060303,18.5650215148926,18.0100555419922
13080010,Pluviométrica,Convencional,Córdoba,San Pelayo,8.9359,-75.9533,50,9/15/1965,,Caribe,Caribe,Sinú,Bajo Sinú,8.86909103393555,9.70909118652344,15,15,0.561594188213348,0.789855062961578,1,1,1.05999994277954,2004,10,56,15,15,15.8999991416931,0,6.2050461769104,2004-10-01,3.97772765159607,11.9992771148682,9.98285293579102
13080010,Pluviométrica,Convencional,Córdoba,San Pelayo,8.9359,-75.9533,50,9/15/1965,,Caribe,Caribe,Sinú,Bajo Sinú,8.86909103393555,9.70909118652344,15,15,0.561594188213348,0.789855062961578,1,1,1.05999994277954,2004,10,57,30,30,31.7999982833862,0,24.3721904754639,2004-10-01,24.0028953552246,30.0563488006592,27.8610801696777
13080010,Pluviométrica,Convencional,Córdoba,San Pelayo,8.9359,-75.9533,50,9/15/1965,,Caribe,Caribe,Sinú,Bajo Sinú,8.86909103393555,9.70909118652344,15,15,0.561594188213348,0.789855062961578,1,1,1.05999994277954,2004,10,58,75,75,79.4999957084656,0,32.9970893859863,2004-10-01,35.307804107666,49.4044075012207,42.3710441589355
13080010,Pluviométrica,Convencional,Córdoba,San Pelayo,8.9359,-75.9533,50,9/15/1965,,Caribe,Caribe,Sinú,Bajo Sinú,8.86909103393555,9.70909118652344,15,15,0.561594188213348,0.789855062961578,1,1,1.05999994277954,2004,10,59,0,0,0,0,17.1863288879395,2004-10-01,17.4009475708008,11.9635305404663,11.6260442733765
13080010,Pluviométrica,Convencional,Córdoba,San Pelayo,8.9359,-75.9533,50,9/15/1965,,Caribe,Caribe,Sinú,Bajo Sinú,8.86909103393555,9.70909118652344,15,15,0.561594188213348,0.789855062961578,1,1,1.05999994277954,2004,10,60,55,55,58.2999968528748,0,22.7952136993408,2004-10-01,20.5416851043701,44.3609046936035,37.7785835266113
13080010,Pluviométrica,Convencional,Córdoba,San Pelayo,8.9359,-75.9533,50,9/15/1965,,Caribe,Caribe,Sinú,Bajo Sinú,8.86909103393555,9.70909118652344,15,15,0.561594188213348,0.789855062961578,1,1,1.07000005245209,2004,11,61,0,0,0,5,16.2488327026367,2004-11-01,16.835578918457,16.8731365203857,15.6786413192749
13080010,Pluviométrica,Convencional,Córdoba,San Pelayo,8.9359,-75.9533,50,9/15/1965,,Caribe,Caribe,Sinú,Bajo Sinú,8.86909103393555,9.70909118652344,15,15,0.561594188213348,0.789855062961578,1,1,1.07000005245209,2004,11,62,0,0,0,5,47.0837669372559,2004-11-01,68.1534118652344,54.2181739807129,62.4303283691406
13080010,Pluviométrica,Convencional,Córdoba,San Pelayo,8.9359,-75.9533,50,9/15/1965,,Caribe,Caribe,Sinú,Bajo Sinú,8.86909103393555,9.70909118652344,15,15,0.561594188213348,0.789855062961578,1,1,1.07000005245209,2004,11,63,0,0,0,5,2.15654492378235,2004-11-01,0,1.69281041622162,0
13080010,Pluviométrica,Convencional,Córdoba,San Pelayo,8.9359,-75.9533,50,9/15/1965,,Caribe,Caribe,Sinú,Bajo Sinú,8.86909103393555,9.70909118652344,15,15,0.561594188213348,0.789855062961578,1,1,1.07000005245209,2004,11,64,0,0,0,5,22.9233417510986,2004-11-01,31.9935607910156,23.6909294128418,28.4183502197266
13080010,Pluviométrica,Convencional,Córdoba,San Pelayo,8.9359,-75.9533,50,9/15/1965,,Caribe,Caribe,Sinú,Bajo Sinú,8.86909103393555,9.70909118652344,15,15,0.561594188213348,0.789855062961578,1,1,1.07000005245209,2004,11,65,0,0,0,5,22.2426013946533,2004-11-01,30.3250560760498,24.6169967651367,27.009485244751
13080010,Pluviométrica,Convencional,Córdoba,San Pelayo,8.9359,-75.9533,50,9/15/1965,,Caribe,Caribe,Sinú,Bajo Sinú,8.86909103393555,9.70909118652344,15,15,0.561594188213348,0.789855062961578,1,1,1.07000005245209,2004,11,66,0,0,0,5,10.1090612411499,2004-11-01,13.6928062438965,10.0609397888184,13.211386680603
13080010,Pluviométrica,Convencional,Córdoba,San Pelayo,8.9359,-75.9533,50,9/15/1965,,Caribe,Caribe,Sinú,Bajo Sinú,8.86909103393555,9.70909118652344,15,15,0.561594188213348,0.789855062961578,1,1,1.08000004291534,2004,12,67,0,0,0,5,2.30289554595947,2004-12-01,0,3.39379334449768,0
13080010,Pluviométrica,Convencional,Córdoba,San Pelayo,8.9359,-75.9533,50,9/15/1965,,Caribe,Caribe,Sinú,Bajo Sinú,8.86909103393555,9.70909118652344,15,15,0.561594188213348,0.789855062961578,1,1,1.08000004291534,2004,12,68,0,0,0,5,16.70680809021,2004-12-01,27.7281341552734,30.789400100708,35.1662445068359
13080010,Pluviométrica,Convencional,Córdoba,San Pelayo,8.9359,-75.9533,50,9/15/1965,,Caribe,Caribe,Sinú,Bajo Sinú,8.86909103393555,9.70909118652344,15,15,0.561594188213348,0.789855062961578,1,1,1.08000004291534,2004,12,69,0,0,0,5,4.93623399734497,2004-12-01,4.31459140777588,5.30337524414063,22.4065704345703
13080010,Pluviométrica,Convencional,Córdoba,San Pelayo,8.9359,-75.9533,50,9/15/1965,,Caribe,Caribe,Sinú,Bajo Sinú,8.86909103393555,9.70909118652344,15,15,0.561594188213348,0.789855062961578,1,1,1.08000004291534,2004,12,70,0,0,0,5,2.30250787734985,2004-12-01,0,3.92389869689941,0
13080010,Pluviométrica,Convencional,Córdoba,San Pelayo,8.9359,-75.9533,50,9/15/1965,,Caribe,Caribe,Sinú,Bajo Sinú,8.86909103393555,9.70909118652344,15,15,0.561594188213348,0.789855062961578,1,1,1.08000004291534,2004,12,71,0,0,0,5,2.52020668983459,2004-12-01,0,2.85671210289001,0
13080010,Pluviométrica,Convencional,Córdoba,San Pelayo,8.9359,-75.9533,50,9/15/1965,,Caribe,Caribe,Sinú,Bajo Sinú,8.86909103393555,9.70909118652344,15,15,0.561594188213348,0.789855062961578,1,1,1.08000004291534,2004,12,72,0,0,0,6,3.51540851593018,2004-12-01,0,3.90679979324341,0
13080010,Pluviométrica,Convencional,Córdoba,San Pelayo,8.9359,-75.9533,50,9/15/1965,,Caribe,Caribe,Sinú,Bajo Sinú,8.86909103393555,9.70909118652344,15,15,0.561594188213348,0.789855062961578,1,1,1.10000002384186,2005,01,1,10,10,11.0000002384186,0,0.889097690582275,2005-01-01,0,0.808304369449616,0
13080010,Pluviométrica,Convencional,Córdoba,San Pelayo,8.9359,-75.9533,50,9/15/1965,,Caribe,Caribe,Sinú,Bajo Sinú,8.86909103393555,9.70909118652344,15,15,0.561594188213348,0.789855062961578,1,1,1.10000002384186,2005,01,2,20,20,22.0000004768372,0,4.442702293396,2005-01-01,5.37090635299683,6.75463151931763,11.4538307189941
13080010,Pluviométrica,Convencional,Córdoba,San Pelayo,8.9359,-75.9533,50,9/15/1965,,Caribe,Caribe,Sinú,Bajo Sinú,8.86909103393555,9.70909118652344,15,15,0.561594188213348,0.789855062961578,1,1,1.10000002384186,2005,01,3,0,0,0,0,4.17227077484131,2005-01-01,4.31709051132202,4.30238246917725,2.58465719223022
13080010,Pluviométrica,Convencional,Córdoba,San Pelayo,8.9359,-75.9533,50,9/15/1965,,Caribe,Caribe,Sinú,Bajo Sinú,8.86909103393555,9.70909118652344,15,15,0.561594188213348,0.789855062961578,1,1,1.10000002384186,2005,01,4,0,0,0,0,4.21425342559814,2005-01-01,3.58303880691528,2.84850096702576,2.20811152458191
13080010,Pluviométrica,Convencional,Córdoba,San Pelayo,8.9359,-75.9533,50,9/15/1965,,Caribe,Caribe,Sinú,Bajo Sinú,8.86909103393555,9.70909118652344,15,15,0.561594188213348,0.789855062961578,1,1,1.10000002384186,2005,01,5,0,0,0,0,3.00295734405518,2005-01-01,2.39532971382141,2.66420793533325,2.54410076141357
13080010,Pluviométrica,Convencional,Córdoba,San Pelayo,8.9359,-75.9533,50,9/15/1965,,Caribe,Caribe,Sinú,Bajo Sinú,8.86909103393555,9.70909118652344,15,15,0.561594188213348,0.789855062961578,1,1,1.10000002384186,2005,01,6,0,0,0,0,2.33877420425415,2005-01-01,0.156015813350678,1.77054786682129,0.15768164396286
13080010,Pluviométrica,Convencional,Córdoba,San Pelayo,8.9359,-75.9533,50,9/15/1965,,Caribe,Caribe,Sinú,Bajo Sinú,8.86909103393555,9.70909118652344,15,15,0.561594188213348,0.789855062961578,1,1,1.12000000476837,2005,02,7,0,0,0,0,2.60250782966614,2005-02-01,1.17031812667847,1.56298661231995,0.951533734798431
13080010,Pluviométrica,Convencional,Córdoba,San Pelayo,8.9359,-75.9533,50,9/15/1965,,Caribe,Caribe,Sinú,Bajo Sinú,8.86909103393555,9.70909118652344,15,15,0.561594188213348,0.789855062961578,1,1,1.12000000476837,2005,02,8,0,0,0,0,2.55548405647278,2005-02-01,1.77876543998718,1.5551050901413,1.58323204517365
13080010,Pluviométrica,Convencional,Córdoba,San Pelayo,8.9359,-75.9533,50,9/15/1965,,Caribe,Caribe,Sinú,Bajo Sinú,8.86909103393555,9.70909118652344,15,15,0.561594188213348,0.789855062961578,1,1,1.12000000476837,2005,02,9,0,0,0,0,2.52448558807373,2005-02-01,1.78268098831177,1.72546792030334,1.63162505626678
13080010,Pluviométrica,Convencional,Córdoba,San Pelayo,8.9359,-75.9533,50,9/15/1965,,Caribe,Caribe,Sinú,Bajo Sinú,8.86909103393555,9.70909118652344,15,15,0.561594188213348,0.789855062961578,1,1,1.12000000476837,2005,02,10,0,0,0,0,2.46275949478149,2005-02-01,1.43506395816803,1.5148538351059,1.16173410415649
13080010,Pluviométrica,Convencional,Córdoba,San Pelayo,8.9359,-75.9533,50,9/15/1965,,Caribe,Caribe,Sinú,Bajo Sinú,8.86909103393555,9.70909118652344,15,15,0.561594188213348,0.789855062961578,1,1,1.12000000476837,2005,02,11,0,0,0,0,2.34420990943909,2005-02-01,0,1.43966269493103,0
13080010,Pluviométrica,Convencional,Córdoba,San Pelayo,8.9359,-75.9533,50,9/15/1965,,Caribe,Caribe,Sinú,Bajo Sinú,8.86909103393555,9.70909118652344,15,15,0.561594188213348,0.789855062961578,1,1,1.12000000476837,2005,02,12,0,0,0,0,0.751643121242523,2005-02-01,0,0.570797383785248,0
13080010,Pluviométrica,Convencional,Córdoba,San Pelayo,8.9359,-75.9533,50,9/15/1965,,Caribe,Caribe,Sinú,Bajo Sinú,8.86909103393555,9.70909118652344,15,15,0.561594188213348,0.789855062961578,1,1,1.11000001430511,2005,03,13,0,0,0,0,0.663528501987457,2005-03-01,0,0.991255939006805,0
13080010,Pluviométrica,Convencional,Córdoba,San Pelayo,8.9359,-75.9533,50,9/15/1965,,Caribe,Caribe,Sinú,Bajo Sinú,8.86909103393555,9.70909118652344,15,15,0.561594188213348,0.789855062961578,1,1,1.11000001430511,2005,03,14,20,20,22.2000002861023,0,0.485210090875626,2005-03-01,0,0.825523972511292,0
13080010,Pluviométrica,Convencional,Córdoba,San Pelayo,8.9359,-75.9533,50,9/15/1965,,Caribe,Caribe,Sinú,Bajo Sinú,8.86909103393555,9.70909118652344,15,15,0.561594188213348,0.789855062961578,1,1,1.11000001430511,2005,03,15,0,0,0,0,0.8083376288414,2005-03-01,0,1.3745082616806,0
13080010,Pluviométrica,Convencional,Córdoba,San Pelayo,8.9359,-75.9533,50,9/15/1965,,Caribe,Caribe,Sinú,Bajo Sinú,8.86909103393555,9.70909118652344,15,15,0.561594188213348,0.789855062961578,1,1,1.11000001430511,2005,03,16,0,0,0,0,0.344353377819061,2005-03-01,0,0.535967528820038,0
13080010,Pluviométrica,Convencional,Córdoba,San Pelayo,8.9359,-75.9533,50,9/15/1965,,Caribe,Caribe,Sinú,Bajo Sinú,8.86909103393555,9.70909118652344,15,15,0.561594188213348,0.789855062961578,1,1,1.11000001430511,2005,03,17,0,0,0,0,5.87553262710571,2005-03-01,15.7089996337891,5.23406410217285,9.69314289093018
13080010,Pluviométrica,Convencional,Córdoba,San Pelayo,8.9359,-75.9533,50,9/15/1965,,Caribe,Caribe,Sinú,Bajo Sinú,8.86909103393555,9.70909118652344,15,15,0.561594188213348,0.789855062961578,1,1,1.11000001430511,2005,03,18,0,0,0,0,6.84811973571777,2005-03-01,7.00635719299316,10.6383666992188,20.2774181365967
13080010,Pluviométrica,Convencional,Córdoba,San Pelayo,8.9359,-75.9533,50,9/15/1965,,Caribe,Caribe,Sinú,Bajo Sinú,8.86909103393555,9.70909118652344,15,15,0.561594188213348,0.789855062961578,1,1,1.07000005245209,2005,04,19,35,35,37.4500018358231,0,18.1964130401611,2005-04-01,28.1983070373535,15.7308101654053,19.2787075042725
13080010,Pluviométrica,Convencional,Córdoba,San Pelayo,8.9359,-75.9533,50,9/15/1965,,Caribe,Caribe,Sinú,Bajo Sinú,8.86909103393555,9.70909118652344,15,15,0.561594188213348,0.789855062961578,1,1,1.07000005245209,2005,04,20,95,95,101.650004982948,0,37.8219604492188,2005-04-01,70.0217742919922,57.6004486083984,77.5301895141602
13080010,Pluviométrica,Convencional,Córdoba,San Pelayo,8.9359,-75.9533,50,9/15/1965,,Caribe,Caribe,Sinú,Bajo Sinú,8.86909103393555,9.70909118652344,15,15,0.561594188213348,0.789855062961578,1,1,1.07000005245209,2005,04,21,45,45,48.1500023603439,0,24.0666637420654,2005-04-01,38.1990127563477,31.8878421783447,41.431583404541
13080010,Pluviométrica,Convencional,Córdoba,San Pelayo,8.9359,-75.9533,50,9/15/1965,,Caribe,Caribe,Sinú,Bajo Sinú,8.86909103393555,9.70909118652344,15,15,0.561594188213348,0.789855062961578,1,1,1.07000005245209,2005,04,22,10,10,10.7000005245209,0,12.1482772827148,2005-04-01,20.6392822265625,9.66316032409668,12.7478723526001
13080010,Pluviométrica,Convencional,Córdoba,San Pelayo,8.9359,-75.9533,50,9/15/1965,,Caribe,Caribe,Sinú,Bajo Sinú,8.86909103393555,9.70909118652344,15,15,0.561594188213348,0.789855062961578,1,1,1.07000005245209,2005,04,23,0,0,0,0,1.78084826469421,2005-04-01,0,1.67269647121429,0
13080010,Pluviométrica,Convencional,Córdoba,San Pelayo,8.9359,-75.9533,50,9/15/1965,,Caribe,Caribe,Sinú,Bajo Sinú,8.86909103393555,9.70909118652344,15,15,0.561594188213348,0.789855062961578,1,1,1.07000005245209,2005,04,24,10,10,10.7000005245209,0,14.6897926330566,2005-04-01,24.1324272155762,21.0609607696533,34.0363082885742
13080010,Pluviométrica,Convencional,Córdoba,San Pelayo,8.9359,-75.9533,50,9/15/1965,,Caribe,Caribe,Sinú,Bajo Sinú,8.86909103393555,9.70909118652344,15,15,0.561594188213348,0.789855062961578,1,1,1.04999995231628,2005,05,25,65,65,68.2499969005585,0,15.7511301040649,2005-05-01,32.7182235717773,42.145191192627,52.9697456359863
13080010,Pluviométrica,Convencional,Córdoba,San Pelayo,8.9359,-75.9533,50,9/15/1965,,Caribe,Caribe,Sinú,Bajo Sinú,8.86909103393555,9.70909118652344,15,15,0.561594188213348,0.789855062961578,1,1,1.04999995231628,2005,05,26,10,10,10.4999995231628,0,18.1737957000732,2005-05-01,35.0219535827637,15.4409666061401,39.6220817565918
13080010,Pluviométrica,Convencional,Córdoba,San Pelayo,8.9359,-75.9533,50,9/15/1965,,Caribe,Caribe,Sinú,Bajo Sinú,8.86909103393555,9.70909118652344,15,15,0.561594188213348,0.789855062961578,1,1,1.04999995231628,2005,05,27,50,50,52.4999976158142,0,33.4944114685059,2005-05-01,69.8859786987305,54.7221832275391,64.3206787109375
13080010,Pluviométrica,Convencional,Córdoba,San Pelayo,8.9359,-75.9533,50,9/15/1965,,Caribe,Caribe,Sinú,Bajo Sinú,8.86909103393555,9.70909118652344,15,15,0.561594188213348,0.789855062961578,1,1,1.04999995231628,2005,05,28,20,20,20.9999990463257,0,17.9309978485107,2005-05-01,34.1512680053711,35.8699226379395,42.0694274902344
13080010,Pluviométrica,Convencional,Córdoba,San Pelayo,8.9359,-75.9533,50,9/15/1965,,Caribe,Caribe,Sinú,Bajo Sinú,8.86909103393555,9.70909118652344,15,15,0.561594188213348,0.789855062961578,1,1,1.04999995231628,2005,05,29,80,80,83.9999961853027,0,15.3954162597656,2005-05-01,27.2290477752686,28.9459590911865,42.7789268493652
13080010,Pluviométrica,Convencional,Córdoba,San Pelayo,8.9359,-75.9533,50,9/15/1965,,Caribe,Caribe,Sinú,Bajo Sinú,8.86909103393555,9.70909118652344,15,15,0.561594188213348,0.789855062961578,1,1,1.04999995231628,2005,05,30,10,10,10.4999995231628,0,19.4639148712158,2005-05-01,26.1059646606445,29.6698894500732,34.0224113464356
13080010,Pluviométrica,Convencional,Córdoba,San Pelayo,8.9359,-75.9533,50,9/15/1965,,Caribe,Caribe,Sinú,Bajo Sinú,8.86909103393555,9.70909118652344,15,15,0.561594188213348,0.789855062961578,1,1,1.05999994277954,2005,06,31,0,0,0,0,40.6834983825684,2005-06-01,47.3512001037598,23.0515537261963,26.4107456207275
13080010,Pluviométrica,Convencional,Córdoba,San Pelayo,8.9359,-75.9533,50,9/15/1965,,Caribe,Caribe,Sinú,Bajo Sinú,8.86909103393555,9.70909118652344,15,15,0.561594188213348,0.789855062961578,1,1,1.05999994277954,2005,06,32,65,65,68.8999962806702,0,31.8068199157715,2005-06-01,33.9266319274902,26.6050434112549,25.6333904266357
13080010,Pluviométrica,Convencional,Córdoba,San Pelayo,8.9359,-75.9533,50,9/15/1965,,Caribe,Caribe,Sinú,Bajo Sinú,8.86909103393555,9.70909118652344,15,15,0.561594188213348,0.789855062961578,1,1,1.05999994277954,2005,06,33,30,30,31.7999982833862,0,43.5376777648926,2005-06-01,42.7362518310547,30.0246276855469,28.5258445739746
13080010,Pluviométrica,Convencional,Córdoba,San Pelayo,8.9359,-75.9533,50,9/15/1965,,Caribe,Caribe,Sinú,Bajo Sinú,8.86909103393555,9.70909118652344,15,15,0.561594188213348,0.789855062961578,1,1,1.05999994277954,2005,06,34,20,20,21.1999988555908,0,40.9567832946777,2005-06-01,42.7272148132324,19.5840492248535,19.9262142181396
13080010,Pluviométrica,Convencional,Córdoba,San Pelayo,8.9359,-75.9533,50,9/15/1965,,Caribe,Caribe,Sinú,Bajo Sinú,8.86909103393555,9.70909118652344,15,15,0.561594188213348,0.789855062961578,1,1,1.05999994277954,2005,06,35,25,25,26.4999985694885,0,30.4973735809326,2005-06-01,34.2594985961914,41.354118347168,42.4933700561523
13080010,Pluviométrica,Convencional,Córdoba,San Pelayo,8.9359,-75.9533,50,9/15/1965,,Caribe,Caribe,Sinú,Bajo Sinú,8.86909103393555,9.70909118652344,15,15,0.561594188213348,0.789855062961578,1,1,1.05999994277954,2005,06,36,25,25,26.4999985694885,0,30.7600917816162,2005-06-01,37.5084686279297,22.4767208099365,27.4325122833252
13080010,Pluviométrica,Convencional,Córdoba,San Pelayo,8.9359,-75.9533,50,9/15/1965,,Caribe,Caribe,Sinú,Bajo Sinú,8.86909103393555,9.70909118652344,15,15,0.561594188213348,0.789855062961578,1,1,1.05999994277954,2005,07,37,40,40,42.3999977111816,0,13.2087898254395,2005-07-01,17.3247318267822,29.0968399047852,39.9606094360352
13080010,Pluviométrica,Convencional,Córdoba,San Pelayo,8.9359,-75.9533,50,9/15/1965,,Caribe,Caribe,Sinú,Bajo Sinú,8.86909103393555,9.70909118652344,15,15,0.561594188213348,0.789855062961578,1,1,1.05999994277954,2005,07,38,0,0,0,0,18.2652397155762,2005-07-01,32.9633445739746,17.7322540283203,28.0741062164307
13080010,Pluviométrica,Convencional,Córdoba,San Pelayo,8.9359,-75.9533,50,9/15/1965,,Caribe,Caribe,Sinú,Bajo Sinú,8.86909103393555,9.70909118652344,15,15,0.561594188213348,0.789855062961578,1,1,1.05999994277954,2005,07,39,15,15,15.8999991416931,0,20.5813751220703,2005-07-01,43.7442321777344,21.4989147186279,41.6331939697266
13080010,Pluviométrica,Convencional,Córdoba,San Pelayo,8.9359,-75.9533,50,9/15/1965,,Caribe,Caribe,Sinú,Bajo Sinú,8.86909103393555,9.70909118652344,15,15,0.561594188213348,0.789855062961578,1,1,1.05999994277954,2005,07,40,30,30,31.7999982833862,0,20.5001983642578,2005-07-01,40.9197425842285,24.9876918792725,40.6332588195801
13080010,Pluviométrica,Convencional,Córdoba,San Pelayo,8.9359,-75.9533,50,9/15/1965,,Caribe,Caribe,Sinú,Bajo Sinú,8.86909103393555,9.70909118652344,15,15,0.561594188213348,0.789855062961578,1,1,1.05999994277954,2005,07,41,90,90,95.3999948501587,0,22.5387668609619,2005-07-01,44.0840110778809,44.7195854187012,74.2237243652344
13080010,Pluviométrica,Convencional,Córdoba,San Pelayo,8.9359,-75.9533,50,9/15/1965,,Caribe,Caribe,Sinú,Bajo Sinú,8.86909103393555,9.70909118652344,15,15,0.561594188213348,0.789855062961578,1,1,1.05999994277954,2005,07,42,40,40,42.3999977111816,0,17.2997646331787,2005-07-01,24.05246925354,39.7036476135254,56.420539855957
13080010,Pluviométrica,Convencional,Córdoba,San Pelayo,8.9359,-75.9533,50,9/15/1965,,Caribe,Caribe,Sinú,Bajo Sinú,8.86909103393555,9.70909118652344,15,15,0.561594188213348,0.789855062961578,1,1,1.04999995231628,2005,08,43,40,40,41.9999980926514,0,28.4836940765381,2005-08-01,39.8390197753906,33.1761932373047,46.0534591674805
13080010,Pluviométrica,Convencional,Córdoba,San Pelayo,8.9359,-75.9533,50,9/15/1965,,Caribe,Caribe,Sinú,Bajo Sinú,8.86909103393555,9.70909118652344,15,15,0.561594188213348,0.789855062961578,1,1,1.04999995231628,2005,08,44,50,50,52.4999976158142,0,16.7261562347412,2005-08-01,20.9188823699951,40.9564170837402,53.0987510681152
13080010,Pluviométrica,Convencional,Córdoba,San Pelayo,8.9359,-75.9533,50,9/15/1965,,Caribe,Caribe,Sinú,Bajo Sinú,8.86909103393555,9.70909118652344,15,15,0.561594188213348,0.789855062961578,1,1,1.04999995231628,2005,08,45,55,55,57.7499973773956,0,38.0950736999512,2005-08-01,52.9478149414063,40.7649421691895,50.5626068115234
13080010,Pluviométrica,Convencional,Córdoba,San Pelayo,8.9359,-75.9533,50,9/15/1965,,Caribe,Caribe,Sinú,Bajo Sinú,8.86909103393555,9.70909118652344,15,15,0.561594188213348,0.789855062961578,1,1,1.04999995231628,2005,08,46,0,0,0,0,27.1497573852539,2005-08-01,35.5976409912109,21.6797275543213,28.4495182037354
13080010,Pluviométrica,Convencional,Córdoba,San Pelayo,8.9359,-75.9533,50,9/15/1965,,Caribe,Caribe,Sinú,Bajo Sinú,8.86909103393555,9.70909118652344,15,15,0.561594188213348,0.789855062961578,1,1,1.04999995231628,2005,08,47,30,30,31.4999985694885,0,46.9756050109863,2005-08-01,59.912166595459,42.8460464477539,50.4253120422363
13080010,Pluviométrica,Convencional,Córdoba,San Pelayo,8.9359,-75.9533,50,9/15/1965,,Caribe,Caribe,Sinú,Bajo Sinú,8.86909103393555,9.70909118652344,15,15,0.561594188213348,0.789855062961578,1,1,1.04999995231628,2005,08,48,10,10,10.4999995231628,0,35.2278671264648,2005-08-01,42.2074928283691,23.1117572784424,27.1984214782715
13080010,Pluviométrica,Convencional,Córdoba,San Pelayo,8.9359,-75.9533,50,9/15/1965,,Caribe,Caribe,Sinú,Bajo Sinú,8.86909103393555,9.70909118652344,15,15,0.561594188213348,0.789855062961578,1,1,1.04999995231628,2005,09,49,45,45,47.2499978542328,0,18.5859622955322,2005-09-01,23.5398769378662,26.5846691131592,32.3450164794922
13080010,Pluviométrica,Convencional,Córdoba,San Pelayo,8.9359,-75.9533,50,9/15/1965,,Caribe,Caribe,Sinú,Bajo Sinú,8.86909103393555,9.70909118652344,15,15,0.561594188213348,0.789855062961578,1,1,1.04999995231628,2005,09,50,15,15,15.7499992847443,0,18.8535575866699,2005-09-01,25.0046997070313,14.1402254104614,16.879222869873
13080010,Pluviométrica,Convencional,Córdoba,San Pelayo,8.9359,-75.9533,50,9/15/1965,,Caribe,Caribe,Sinú,Bajo Sinú,8.86909103393555,9.70909118652344,15,15,0.561594188213348,0.789855062961578,1,1,1.04999995231628,2005,09,51,25,25,26.2499988079071,0,28.8465557098389,2005-09-01,44.930305480957,27.0337295532227,33.1979293823242
13080010,Pluviométrica,Convencional,Córdoba,San Pelayo,8.9359,-75.9533,50,9/15/1965,,Caribe,Caribe,Sinú,Bajo Sinú,8.86909103393555,9.70909118652344,15,15,0.561594188213348,0.789855062961578,1,1,1.04999995231628,2005,09,52,30,30,31.4999985694885,0,24.9611473083496,2005-09-01,37.920539855957,26.4794044494629,36.9259643554688
13080010,Pluviométrica,Convencional,Córdoba,San Pelayo,8.9359,-75.9533,50,9/15/1965,,Caribe,Caribe,Sinú,Bajo Sinú,8.86909103393555,9.70909118652344,15,15,0.561594188213348,0.789855062961578,1,1,1.04999995231628,2005,09,53,30,30,31.4999985694885,0,24.5130977630615,2005-09-01,34.5278282165527,14.8536033630371,18.2948951721191
13080010,Pluviométrica,Convencional,Córdoba,San Pelayo,8.9359,-75.9533,50,9/15/1965,,Caribe,Caribe,Sinú,Bajo Sinú,8.86909103393555,9.70909118652344,15,15,0.561594188213348,0.789855062961578,1,1,1.04999995231628,2005,09,54,75,75,78.7499964237213,0,21.0449810028076,2005-09-01,27.549409866333,42.2296104431152,53.0287933349609
13080010,Pluviométrica,Convencional,Córdoba,San Pelayo,8.9359,-75.9533,50,9/15/1965,,Caribe,Caribe,Sinú,Bajo Sinú,8.86909103393555,9.70909118652344,15,15,0.561594188213348,0.789855062961578,1,1,1.05999994277954,2005,10,55,25,25,26.4999985694885,0,17.4380798339844,2005-10-01,19.9182243347168,21.1140365600586,23.9015922546387
13080010,Pluviométrica,Convencional,Córdoba,San Pelayo,8.9359,-75.9533,50,9/15/1965,,Caribe,Caribe,Sinú,Bajo Sinú,8.86909103393555,9.70909118652344,15,15,0.561594188213348,0.789855062961578,1,1,1.05999994277954,2005,10,56,85,85,90.099995136261,0,38.2841339111328,2005-10-01,41.3607711791992,34.5830383300781,34.1386604309082
13080010,Pluviométrica,Convencional,Córdoba,San Pelayo,8.9359,-75.9533,50,9/15/1965,,Caribe,Caribe,Sinú,Bajo Sinú,8.86909103393555,9.70909118652344,15,15,0.561594188213348,0.789855062961578,1,1,1.05999994277954,2005,10,57,0,0,0,0,27.140287399292,2005-10-01,28.135835647583,15.1933441162109,13.3843555450439
13080010,Pluviométrica,Convencional,Córdoba,San Pelayo,8.9359,-75.9533,50,9/15/1965,,Caribe,Caribe,Sinú,Bajo Sinú,8.86909103393555,9.70909118652344,15,15,0.561594188213348,0.789855062961578,1,1,1.05999994277954,2005,10,58,20,20,21.1999988555908,0,23.121997833252,2005-10-01,22.9034423828125,25.8876132965088,23.3036251068115
13080010,Pluviométrica,Convencional,Córdoba,San Pelayo,8.9359,-75.9533,50,9/15/1965,,Caribe,Caribe,Sinú,Bajo Sinú,8.86909103393555,9.70909118652344,15,15,0.561594188213348,0.789855062961578,1,1,1.05999994277954,2005,10,59,30,30,31.7999982833862,0,18.4162311553955,2005-10-01,16.9328708648682,24.775577545166,22.3598251342773
13080010,Pluviométrica,Convencional,Córdoba,San Pelayo,8.9359,-75.9533,50,9/15/1965,,Caribe,Caribe,Sinú,Bajo Sinú,8.86909103393555,9.70909118652344,15,15,0.561594188213348,0.789855062961578,1,1,1.05999994277954,2005,10,60,30,30,31.7999982833862,0,26.4788436889648,2005-10-01,23.3776226043701,45.1233558654785,37.7158088684082
13080010,Pluviométrica,Convencional,Córdoba,San Pelayo,8.9359,-75.9533,50,9/15/1965,,Caribe,Caribe,Sinú,Bajo Sinú,8.86909103393555,9.70909118652344,15,15,0.561594188213348,0.789855062961578,1,1,1.07000005245209,2005,11,61,0,0,0,0,12.2878475189209,2005-11-01,12.5135183334351,10.5178489685059,8.24199104309082
13080010,Pluviométrica,Convencional,Córdoba,San Pelayo,8.9359,-75.9533,50,9/15/1965,,Caribe,Caribe,Sinú,Bajo Sinú,8.86909103393555,9.70909118652344,15,15,0.561594188213348,0.789855062961578,1,1,1.07000005245209,2005,11,62,110,110,117.70000576973,0,16.9841594696045,2005-11-01,20.4144687652588,25.0122470855713,22.7863235473633
13080010,Pluviométrica,Convencional,Córdoba,San Pelayo,8.9359,-75.9533,50,9/15/1965,,Caribe,Caribe,Sinú,Bajo Sinú,8.86909103393555,9.70909118652344,15,15,0.561594188213348,0.789855062961578,1,1,1.07000005245209,2005,11,63,115,115,123.05000603199,0,23.5172023773193,2005-11-01,35.4374885559082,74.3414001464844,87.0995864868164
13080010,Pluviométrica,Convencional,Córdoba,San Pelayo,8.9359,-75.9533,50,9/15/1965,,Caribe,Caribe,Sinú,Bajo Sinú,8.86909103393555,9.70909118652344,15,15,0.561594188213348,0.789855062961578,1,1,1.07000005245209,2005,11,64,50,50,53.5000026226044,0,21.5029621124268,2005-11-01,28.608943939209,47.960205078125,63.7879600524902
13080010,Pluviométrica,Convencional,Córdoba,San Pelayo,8.9359,-75.9533,50,9/15/1965,,Caribe,Caribe,Sinú,Bajo Sinú,8.86909103393555,9.70909118652344,15,15,0.561594188213348,0.789855062961578,1,1,1.07000005245209,2005,11,65,40,40,42.8000020980835,0,9.70309925079346,2005-11-01,10.2103672027588,16.3924369812012,20.3114910125732
13080010,Pluviométrica,Convencional,Córdoba,San Pelayo,8.9359,-75.9533,50,9/15/1965,,Caribe,Caribe,Sinú,Bajo Sinú,8.86909103393555,9.70909118652344,15,15,0.561594188213348,0.789855062961578,1,1,1.07000005245209,2005,11,66,0,0,0,0,2.12574934959412,2005-11-01,0.66353839635849,1.55189943313599,0.621368885040283
13080010,Pluviométrica,Convencional,Córdoba,San Pelayo,8.9359,-75.9533,50,9/15/1965,,Caribe,Caribe,Sinú,Bajo Sinú,8.86909103393555,9.70909118652344,15,15,0.561594188213348,0.789855062961578,1,1,1.08000004291534,2005,12,67,0,0,0,0,2.80777549743652,2005-12-01,0,2.260338306427,0
13080010,Pluviométrica,Convencional,Córdoba,San Pelayo,8.9359,-75.9533,50,9/15/1965,,Caribe,Caribe,Sinú,Bajo Sinú,8.86909103393555,9.70909118652344,15,15,0.561594188213348,0.789855062961578,1,1,1.08000004291534,2005,12,68,0,0,0,0,2.12193727493286,2005-12-01,0,1.46063423156738,0
13080010,Pluviométrica,Convencional,Córdoba,San Pelayo,8.9359,-75.9533,50,9/15/1965,,Caribe,Caribe,Sinú,Bajo Sinú,8.86909103393555,9.70909118652344,15,15,0.561594188213348,0.789855062961578,1,1,1.08000004291534,2005,12,69,30,30,32.4000012874603,0,12.8206577301025,2005-12-01,18.9978504180908,26.5270824432373,32.5807113647461
13080010,Pluviométrica,Convencional,Córdoba,San Pelayo,8.9359,-75.9533,50,9/15/1965,,Caribe,Caribe,Sinú,Bajo Sinú,8.86909103393555,9.70909118652344,15,15,0.561594188213348,0.789855062961578,1,1,1.08000004291534,2005,12,70,0,0,0,0,2.30250787734985,2005-12-01,0,1.8651328086853,0
13080010,Pluviométrica,Convencional,Córdoba,San Pelayo,8.9359,-75.9533,50,9/15/1965,,Caribe,Caribe,Sinú,Bajo Sinú,8.86909103393555,9.70909118652344,15,15,0.561594188213348,0.789855062961578,1,1,1.08000004291534,2005,12,71,0,0,0,0,4.73029708862305,2005-12-01,1.98599946498871,5.31107187271118,3.14000391960144
13080010,Pluviométrica,Convencional,Córdoba,San Pelayo,8.9359,-75.9533,50,9/15/1965,,Caribe,Caribe,Sinú,Bajo Sinú,8.86909103393555,9.70909118652344,15,15,0.561594188213348,0.789855062961578,1,1,1.08000004291534,2005,12,72,0,0,0,0,4.88406991958618,2005-12-01,0.00222957134246826,2.75080037117004,0.00213817483745515
13080010,Pluviométrica,Convencional,Córdoba,San Pelayo,8.9359,-75.9533,50,9/15/1965,,Caribe,Caribe,Sinú,Bajo Sinú,8.86909103393555,9.70909118652344,15,15,0.561594188213348,0.789855062961578,1,1,1.10000002384186,2006,01,1,0,0,0,0,5.00006628036499,2006-01-01,6.71022987365723,8.63987922668457,15.5139427185059
13080010,Pluviométrica,Convencional,Córdoba,San Pelayo,8.9359,-75.9533,50,9/15/1965,,Caribe,Caribe,Sinú,Bajo Sinú,8.86909103393555,9.70909118652344,15,15,0.561594188213348,0.789855062961578,1,1,1.10000002384186,2006,01,2,20,20,22.0000004768372,0,2.52278280258179,2006-01-01,0,3.4428174495697,0
13080010,Pluviométrica,Convencional,Córdoba,San Pelayo,8.9359,-75.9533,50,9/15/1965,,Caribe,Caribe,Sinú,Bajo Sinú,8.86909103393555,9.70909118652344,15,15,0.561594188213348,0.789855062961578,1,1,1.10000002384186,2006,01,3,0,0,0,0,0.879952847957611,2006-01-01,0,1.16359508037567,0
13080010,Pluviométrica,Convencional,Córdoba,San Pelayo,8.9359,-75.9533,50,9/15/1965,,Caribe,Caribe,Sinú,Bajo Sinú,8.86909103393555,9.70909118652344,15,15,0.561594188213348,0.789855062961578,1,1,1.10000002384186,2006,01,4,0,0,0,0,0.979983925819397,2006-01-01,0,1.23271286487579,0
13080010,Pluviométrica,Convencional,Córdoba,San Pelayo,8.9359,-75.9533,50,9/15/1965,,Caribe,Caribe,Sinú,Bajo Sinú,8.86909103393555,9.70909118652344,15,15,0.561594188213348,0.789855062961578,1,1,1.10000002384186,2006,01,5,0,0,0,0,1.00875127315521,2006-01-01,0,1.44748485088348,0
13080010,Pluviométrica,Convencional,Córdoba,San Pelayo,8.9359,-75.9533,50,9/15/1965,,Caribe,Caribe,Sinú,Bajo Sinú,8.86909103393555,9.70909118652344,15,15,0.561594188213348,0.789855062961578,1,1,1.10000002384186,2006,01,6,0,0,0,0,8.72186279296875,2006-01-01,14.4920148849487,6.32553100585938,8.05136585235596
13080010,Pluviométrica,Convencional,Córdoba,San Pelayo,8.9359,-75.9533,50,9/15/1965,,Caribe,Caribe,Sinú,Bajo Sinú,8.86909103393555,9.70909118652344,15,15,0.561594188213348,0.789855062961578,1,1,1.12000000476837,2006,02,7,0,0,0,0,5.84324550628662,2006-02-01,9.63098907470703,6.91407299041748,8.9428071975708
13080010,Pluviométrica,Convencional,Córdoba,San Pelayo,8.9359,-75.9533,50,9/15/1965,,Caribe,Caribe,Sinú,Bajo Sinú,8.86909103393555,9.70909118652344,15,15,0.561594188213348,0.789855062961578,1,1,1.12000000476837,2006,02,8,0,0,0,0,2.55548405647278,2006-02-01,1.77876543998718,1.86300456523895,1.42688190937042
13080010,Pluviométrica,Convencional,Córdoba,San Pelayo,8.9359,-75.9533,50,9/15/1965,,Caribe,Caribe,Sinú,Bajo Sinú,8.86909103393555,9.70909118652344,15,15,0.561594188213348,0.789855062961578,1,1,1.12000000476837,2006,02,9,0,0,0,0,2.52448558807373,2006-02-01,1.78268098831177,1.77293527126312,1.38090121746063
13080010,Pluviométrica,Convencional,Córdoba,San Pelayo,8.9359,-75.9533,50,9/15/1965,,Caribe,Caribe,Sinú,Bajo Sinú,8.86909103393555,9.70909118652344,15,15,0.561594188213348,0.789855062961578,1,1,1.12000000476837,2006,02,10,0,0,0,0,2.46275949478149,2006-02-01,1.43506395816803,1.73159277439117,1.15726888179779
13080010,Pluviométrica,Convencional,Córdoba,San Pelayo,8.9359,-75.9533,50,9/15/1965,,Caribe,Caribe,Sinú,Bajo Sinú,8.86909103393555,9.70909118652344,15,15,0.561594188213348,0.789855062961578,1,1,1.12000000476837,2006,02,11,0,0,0,0,2.34420990943909,2006-02-01,0,1.64498126506805,0
13080010,Pluviométrica,Convencional,Córdoba,San Pelayo,8.9359,-75.9533,50,9/15/1965,,Caribe,Caribe,Sinú,Bajo Sinú,8.86909103393555,9.70909118652344,15,15,0.561594188213348,0.789855062961578,1,1,1.12000000476837,2006,02,12,0,0,0,0,0.751643121242523,2006-02-01,0,0.70997166633606,0
13080010,Pluviométrica,Convencional,Córdoba,San Pelayo,8.9359,-75.9533,50,9/15/1965,,Caribe,Caribe,Sinú,Bajo Sinú,8.86909103393555,9.70909118652344,15,15,0.561594188213348,0.789855062961578,1,1,1.11000001430511,2006,03,13,0,0,0,0,0.663528501987457,2006-03-01,0,0.652822911739349,0
13080010,Pluviométrica,Convencional,Córdoba,San Pelayo,8.9359,-75.9533,50,9/15/1965,,Caribe,Caribe,Sinú,Bajo Sinú,8.86909103393555,9.70909118652344,15,15,0.561594188213348,0.789855062961578,1,1,1.11000001430511,2006,03,14,0,0,0,0,2.03841686248779,2006-03-01,0.525388598442078,3.32760858535767,0.77547687292099
13080010,Pluviométrica,Convencional,Córdoba,San Pelayo,8.9359,-75.9533,50,9/15/1965,,Caribe,Caribe,Sinú,Bajo Sinú,8.86909103393555,9.70909118652344,15,15,0.561594188213348,0.789855062961578,1,1,1.11000001430511,2006,03,15,0,0,0,0,0.377012878656387,2006-03-01,0,0.428949415683746,0
13080010,Pluviométrica,Convencional,Córdoba,San Pelayo,8.9359,-75.9533,50,9/15/1965,,Caribe,Caribe,Sinú,Bajo Sinú,8.86909103393555,9.70909118652344,15,15,0.561594188213348,0.789855062961578,1,1,1.11000001430511,2006,03,16,10,10,11.1000001430511,0,2.73306393623352,2006-03-01,5.77399778366089,2.98320841789246,6.18389511108398
13080010,Pluviométrica,Convencional,Córdoba,San Pelayo,8.9359,-75.9533,50,9/15/1965,,Caribe,Caribe,Sinú,Bajo Sinú,8.86909103393555,9.70909118652344,15,15,0.561594188213348,0.789855062961578,1,1,1.11000001430511,2006,03,17,0,0,0,0,8.43958950042725,2006-03-01,44.7832489013672,15.0023889541626,28.5213966369629
13080010,Pluviométrica,Convencional,Córdoba,San Pelayo,8.9359,-75.9533,50,9/15/1965,,Caribe,Caribe,Sinú,Bajo Sinú,8.86909103393555,9.70909118652344,15,15,0.561594188213348,0.789855062961578,1,1,1.11000001430511,2006,03,18,0,0,0,0,7.82784032821655,2006-03-01,8.25273513793945,4.9021487236023,4.24373579025269
13080010,Pluviométrica,Convencional,Córdoba,San Pelayo,8.9359,-75.9533,50,9/15/1965,,Caribe,Caribe,Sinú,Bajo Sinú,8.86909103393555,9.70909118652344,15,15,0.561594188213348,0.789855062961578,1,1,1.07000005245209,2006,04,19,15,15,16.0500007867813,0,1.05935859680176,2006-04-01,0,1.13726699352264,0
13080010,Pluviométrica,Convencional,Córdoba,San Pelayo,8.9359,-75.9533,50,9/15/1965,,Caribe,Caribe,Sinú,Bajo Sinú,8.86909103393555,9.70909118652344,15,15,0.561594188213348,0.789855062961578,1,1,1.07000005245209,2006,04,20,50,50,53.5000026226044,0,15.9751510620117,2006-04-01,24.5506057739258,25.1213760375977,29.536075592041
13080010,Pluviométrica,Convencional,Córdoba,San Pelayo,8.9359,-75.9533,50,9/15/1965,,Caribe,Caribe,Sinú,Bajo Sinú,8.86909103393555,9.70909118652344,15,15,0.561594188213348,0.789855062961578,1,1,1.07000005245209,2006,04,21,30,30,32.1000015735626,0,2.87166285514832,2006-04-01,0,6.07583522796631,0
13080010,Pluviométrica,Convencional,Córdoba,San Pelayo,8.9359,-75.9533,50,9/15/1965,,Caribe,Caribe,Sinú,Bajo Sinú,8.86909103393555,9.70909118652344,15,15,0.561594188213348,0.789855062961578,1,1,1.07000005245209,2006,04,22,0,0,0,0,6.93946266174316,2006-04-01,7.52931213378906,5.95921230316162,6.10456085205078
13080010,Pluviométrica,Convencional,Córdoba,San Pelayo,8.9359,-75.9533,50,9/15/1965,,Caribe,Caribe,Sinú,Bajo Sinú,8.86909103393555,9.70909118652344,15,15,0.561594188213348,0.789855062961578,1,1,1.07000005245209,2006,04,23,30,30,32.1000015735626,0,14.4268083572388,2006-04-01,25.6737594604492,23.0852069854736,30.7176094055176
13080010,Pluviométrica,Convencional,Córdoba,San Pelayo,8.9359,-75.9533,50,9/15/1965,,Caribe,Caribe,Sinú,Bajo Sinú,8.86909103393555,9.70909118652344,15,15,0.561594188213348,0.789855062961578,1,1,1.07000005245209,2006,04,24,10,10,10.7000005245209,0,14.5939359664917,2006-04-01,22.3019561767578,33.9671936035156,52.5639343261719
13080010,Pluviométrica,Convencional,Córdoba,San Pelayo,8.9359,-75.9533,50,9/15/1965,,Caribe,Caribe,Sinú,Bajo Sinú,8.86909103393555,9.70909118652344,15,15,0.561594188213348,0.789855062961578,1,1,1.04999995231628,2006,05,25,80,80,83.9999961853027,0,21.8501224517822,2006-05-01,45.3697624206543,48.217098236084,65.717414855957
13080010,Pluviométrica,Convencional,Córdoba,San Pelayo,8.9359,-75.9533,50,9/15/1965,,Caribe,Caribe,Sinú,Bajo Sinú,8.86909103393555,9.70909118652344,15,15,0.561594188213348,0.789855062961578,1,1,1.04999995231628,2006,05,26,10,10,10.4999995231628,0,41.0170478820801,2006-05-01,89.3326644897461,42.0341720581055,52.8681945800781
13080010,Pluviométrica,Convencional,Córdoba,San Pelayo,8.9359,-75.9533,50,9/15/1965,,Caribe,Caribe,Sinú,Bajo Sinú,8.86909103393555,9.70909118652344,15,15,0.561594188213348,0.789855062961578,1,1,1.04999995231628,2006,05,27,105,105,110.24999499321,0,29.7242755889893,2006-05-01,61.268440246582,49.776065826416,80.0560684204102
13080010,Pluviométrica,Convencional,Córdoba,San Pelayo,8.9359,-75.9533,50,9/15/1965,,Caribe,Caribe,Sinú,Bajo Sinú,8.86909103393555,9.70909118652344,15,15,0.561594188213348,0.789855062961578,1,1,1.04999995231628,2006,05,28,25,25,26.2499988079071,0,21.1472873687744,2006-05-01,41.2476272583008,31.5728626251221,40.0484352111816
13080010,Pluviométrica,Convencional,Córdoba,San Pelayo,8.9359,-75.9533,50,9/15/1965,,Caribe,Caribe,Sinú,Bajo Sinú,8.86909103393555,9.70909118652344,15,15,0.561594188213348,0.789855062961578,1,1,1.04999995231628,2006,05,29,15,15,15.7499992847443,0,11.3911981582642,2006-05-01,18.8197574615479,16.8406276702881,21.7230339050293
13080010,Pluviométrica,Convencional,Córdoba,San Pelayo,8.9359,-75.9533,50,9/15/1965,,Caribe,Caribe,Sinú,Bajo Sinú,8.86909103393555,9.70909118652344,15,15,0.561594188213348,0.789855062961578,1,1,1.04999995231628,2006,05,30,115,115,120.749994516373,0,30.0678215026856,2006-05-01,40.4633750915527,52.9487419128418,53.7410049438477
13080010,Pluviométrica,Convencional,Córdoba,San Pelayo,8.9359,-75.9533,50,9/15/1965,,Caribe,Caribe,Sinú,Bajo Sinú,8.86909103393555,9.70909118652344,15,15,0.561594188213348,0.789855062961578,1,1,1.05999994277954,2006,06,31,10,10,10.5999994277954,0,35.5165901184082,2006-06-01,46.1886787414551,34.5669822692871,42.3878860473633
13080010,Pluviométrica,Convencional,Córdoba,San Pelayo,8.9359,-75.9533,50,9/15/1965,,Caribe,Caribe,Sinú,Bajo Sinú,8.86909103393555,9.70909118652344,15,15,0.561594188213348,0.789855062961578,1,1,1.05999994277954,2006,06,32,25,25,26.4999985694885,0,25.5717887878418,2006-06-01,26.8103256225586,20.2696666717529,22.5344734191895
13080010,Pluviométrica,Convencional,Córdoba,San Pelayo,8.9359,-75.9533,50,9/15/1965,,Caribe,Caribe,Sinú,Bajo Sinú,8.86909103393555,9.70909118652344,15,15,0.561594188213348,0.789855062961578,1,1,1.05999994277954,2006,06,33,35,35,37.0999979972839,0,25.1316204071045,2006-06-01,22.5180339813232,39.5718955993652,44.0629043579102
13080010,Pluviométrica,Convencional,Córdoba,San Pelayo,8.9359,-75.9533,50,9/15/1965,,Caribe,Caribe,Sinú,Bajo Sinú,8.86909103393555,9.70909118652344,15,15,0.561594188213348,0.789855062961578,1,1,1.05999994277954,2006,06,34,40,40,42.3999977111816,0,35.9794616699219,2006-06-01,35.4914016723633,29.8433628082275,34.2096366882324
13080010,Pluviométrica,Convencional,Córdoba,San Pelayo,8.9359,-75.9533,50,9/15/1965,,Caribe,Caribe,Sinú,Bajo Sinú,8.86909103393555,9.70909118652344,15,15,0.561594188213348,0.789855062961578,1,1,1.05999994277954,2006,06,35,20,20,21.1999988555908,0,38.1346321105957,2006-06-01,41.2334213256836,25.5263900756836,27.8776245117188
13080010,Pluviométrica,Convencional,Córdoba,San Pelayo,8.9359,-75.9533,50,9/15/1965,,Caribe,Caribe,Sinú,Bajo Sinú,8.86909103393555,9.70909118652344,15,15,0.561594188213348,0.789855062961578,1,1,1.05999994277954,2006,06,36,0,0,0,0,25.8255443572998,2006-06-01,31.8318996429443,11.4681749343872,12.9688291549683
13080010,Pluviométrica,Convencional,Córdoba,San Pelayo,8.9359,-75.9533,50,9/15/1965,,Caribe,Caribe,Sinú,Bajo Sinú,8.86909103393555,9.70909118652344,15,15,0.561594188213348,0.789855062961578,1,1,1.05999994277954,2006,07,37,30,30,31.7999982833862,0,20.0560703277588,2006-07-01,31.9394092559815,15.1496162414551,19.1446056365967
13080010,Pluviométrica,Convencional,Córdoba,San Pelayo,8.9359,-75.9533,50,9/15/1965,,Caribe,Caribe,Sinú,Bajo Sinú,8.86909103393555,9.70909118652344,15,15,0.561594188213348,0.789855062961578,1,1,1.05999994277954,2006,07,38,65,65,68.8999962806702,0,10.7239074707031,2006-07-01,17.4038524627686,15.6096887588501,30.5006790161133
13080010,Pluviométrica,Convencional,Córdoba,San Pelayo,8.9359,-75.9533,50,9/15/1965,,Caribe,Caribe,Sinú,Bajo Sinú,8.86909103393555,9.70909118652344,15,15,0.561594188213348,0.789855062961578,1,1,1.05999994277954,2006,07,39,60,60,63.5999965667725,0,24.6011581420898,2006-07-01,51.6382675170899,37.7264595031738,53.2403831481934
13080010,Pluviométrica,Convencional,Córdoba,San Pelayo,8.9359,-75.9533,50,9/15/1965,,Caribe,Caribe,Sinú,Bajo Sinú,8.86909103393555,9.70909118652344,15,15,0.561594188213348,0.789855062961578,1,1,1.05999994277954,2006,07,40,60,60,63.5999965667725,0,19.255256652832,2006-07-01,34.8242607116699,18.3488368988037,22.8887386322022
13080010,Pluviométrica,Convencional,Córdoba,San Pelayo,8.9359,-75.9533,50,9/15/1965,,Caribe,Caribe,Sinú,Bajo Sinú,8.86909103393555,9.70909118652344,15,15,0.561594188213348,0.789855062961578,1,1,1.05999994277954,2006,07,41,20,20,21.1999988555908,0,14.8342809677124,2006-07-01,25.4236602783203,24.881217956543,35.1570663452148
13080010,Pluviométrica,Convencional,Córdoba,San Pelayo,8.9359,-75.9533,50,9/15/1965,,Caribe,Caribe,Sinú,Bajo Sinú,8.86909103393555,9.70909118652344,15,15,0.561594188213348,0.789855062961578,1,1,1.05999994277954,2006,07,42,90,90,95.3999948501587,0,27.8369674682617,2006-07-01,43.4666938781738,41.4519462585449,49.8009567260742
13080010,Pluviométrica,Convencional,Córdoba,San Pelayo,8.9359,-75.9533,50,9/15/1965,,Caribe,Caribe,Sinú,Bajo Sinú,8.86909103393555,9.70909118652344,15,15,0.561594188213348,0.789855062961578,1,1,1.04999995231628,2006,08,43,20,20,20.9999990463257,0,20.0553798675537,2006-08-01,26.9087867736816,26.1930732727051,28.5834369659424
13080010,Pluviométrica,Convencional,Córdoba,San Pelayo,8.9359,-75.9533,50,9/15/1965,,Caribe,Caribe,Sinú,Bajo Sinú,8.86909103393555,9.70909118652344,15,15,0.561594188213348,0.789855062961578,1,1,1.04999995231628,2006,08,44,0,0,0,0,18.2468776702881,2006-08-01,20.711597442627,9.70056343078613,11.5968732833862
13080010,Pluviométrica,Convencional,Córdoba,San Pelayo,8.9359,-75.9533,50,9/15/1965,,Caribe,Caribe,Sinú,Bajo Sinú,8.86909103393555,9.70909118652344,15,15,0.561594188213348,0.789855062961578,1,1,1.04999995231628,2006,08,45,10,10,10.4999995231628,0,20.0214462280273,2006-08-01,24.9519081115723,19.840238571167,26.3917274475098
13080010,Pluviométrica,Convencional,Córdoba,San Pelayo,8.9359,-75.9533,50,9/15/1965,,Caribe,Caribe,Sinú,Bajo Sinú,8.86909103393555,9.70909118652344,15,15,0.561594188213348,0.789855062961578,1,1,1.04999995231628,2006,08,46,100,100,104.999995231628,0,30.4693107604981,2006-08-01,41.2581825256348,58.0986061096191,74.0114059448242
13080010,Pluviométrica,Convencional,Córdoba,San Pelayo,8.9359,-75.9533,50,9/15/1965,,Caribe,Caribe,Sinú,Bajo Sinú,8.86909103393555,9.70909118652344,15,15,0.561594188213348,0.789855062961578,1,1,1.04999995231628,2006,08,47,40,40,41.9999980926514,0,38.4044303894043,2006-08-01,49.8623046875,41.5473518371582,50.0900039672852
13080010,Pluviométrica,Convencional,Córdoba,San Pelayo,8.9359,-75.9533,50,9/15/1965,,Caribe,Caribe,Sinú,Bajo Sinú,8.86909103393555,9.70909118652344,15,15,0.561594188213348,0.789855062961578,1,1,1.04999995231628,2006,08,48,0,0,0,0,27.8654479980469,2006-08-01,31.9169464111328,9.98451614379883,10.0271797180176
13080010,Pluviométrica,Convencional,Córdoba,San Pelayo,8.9359,-75.9533,50,9/15/1965,,Caribe,Caribe,Sinú,Bajo Sinú,8.86909103393555,9.70909118652344,15,15,0.561594188213348,0.789855062961578,1,1,1.04999995231628,2006,09,49,15,15,15.7499992847443,0,26.0620059967041,2006-09-01,39.3479652404785,12.1646423339844,15.9135894775391
13080010,Pluviométrica,Convencional,Córdoba,San Pelayo,8.9359,-75.9533,50,9/15/1965,,Caribe,Caribe,Sinú,Bajo Sinú,8.86909103393555,9.70909118652344,15,15,0.561594188213348,0.789855062961578,1,1,1.04999995231628,2006,09,50,30,30,31.4999985694885,0,27.5221004486084,2006-09-01,40.8181838989258,25.0062522888184,33.0637626647949
13080010,Pluviométrica,Convencional,Córdoba,San Pelayo,8.9359,-75.9533,50,9/15/1965,,Caribe,Caribe,Sinú,Bajo Sinú,8.86909103393555,9.70909118652344,15,15,0.561594188213348,0.789855062961578,1,1,1.04999995231628,2006,09,51,65,65,68.2499969005585,0,30.4718322753906,2006-09-01,50.0586700439453,33.6895332336426,41.3510971069336
13080010,Pluviométrica,Convencional,Córdoba,San Pelayo,8.9359,-75.9533,50,9/15/1965,,Caribe,Caribe,Sinú,Bajo Sinú,8.86909103393555,9.70909118652344,15,15,0.561594188213348,0.789855062961578,1,1,1.04999995231628,2006,09,52,50,50,52.4999976158142,0,21.7202281951904,2006-09-01,29.3491458892822,30.6527214050293,36.9588775634766
13080010,Pluviométrica,Convencional,Córdoba,San Pelayo,8.9359,-75.9533,50,9/15/1965,,Caribe,Caribe,Sinú,Bajo Sinú,8.86909103393555,9.70909118652344,15,15,0.561594188213348,0.789855062961578,1,1,1.04999995231628,2006,09,53,0,0,0,0,15.2142095565796,2006-09-01,14.8122806549072,15.2710132598877,16.8224220275879
13080010,Pluviométrica,Convencional,Córdoba,San Pelayo,8.9359,-75.9533,50,9/15/1965,,Caribe,Caribe,Sinú,Bajo Sinú,8.86909103393555,9.70909118652344,15,15,0.561594188213348,0.789855062961578,1,1,1.04999995231628,2006,09,54,10,10,10.4999995231628,0,22.0339965820313,2006-09-01,27.8011112213135,9.54198360443115,10.1987924575806
13080010,Pluviométrica,Convencional,Córdoba,San Pelayo,8.9359,-75.9533,50,9/15/1965,,Caribe,Caribe,Sinú,Bajo Sinú,8.86909103393555,9.70909118652344,15,15,0.561594188213348,0.789855062961578,1,1,1.05999994277954,2006,10,55,20,20,21.1999988555908,0,26.960090637207,2006-10-01,30.3981494903564,21.6895427703857,21.6992168426514
13080010,Pluviométrica,Convencional,Córdoba,San Pelayo,8.9359,-75.9533,50,9/15/1965,,Caribe,Caribe,Sinú,Bajo Sinú,8.86909103393555,9.70909118652344,15,15,0.561594188213348,0.789855062961578,1,1,1.05999994277954,2006,10,56,90,90,95.3999948501587,0,36.5175666809082,2006-10-01,39.1808280944824,45.9016952514649,40.8867073059082
13080010,Pluviométrica,Convencional,Córdoba,San Pelayo,8.9359,-75.9533,50,9/15/1965,,Caribe,Caribe,Sinú,Bajo Sinú,8.86909103393555,9.70909118652344,15,15,0.561594188213348,0.789855062961578,1,1,1.05999994277954,2006,10,57,25,25,26.4999985694885,0,24.3721904754639,2006-10-01,26.6430759429932,24.0060729980469,22.0323352813721
13080010,Pluviométrica,Convencional,Córdoba,San Pelayo,8.9359,-75.9533,50,9/15/1965,,Caribe,Caribe,Sinú,Bajo Sinú,8.86909103393555,9.70909118652344,15,15,0.561594188213348,0.789855062961578,1,1,1.05999994277954,2006,10,58,0,0,0,0,8.24110412597656,2006-10-01,5.56914615631104,6.86310958862305,4.728346824646
13080010,Pluviométrica,Convencional,Córdoba,San Pelayo,8.9359,-75.9533,50,9/15/1965,,Caribe,Caribe,Sinú,Bajo Sinú,8.86909103393555,9.70909118652344,15,15,0.561594188213348,0.789855062961578,1,1,1.05999994277954,2006,10,59,45,45,47.6999974250794,0,11.9123449325562,2006-10-01,11.1681423187256,18.3852825164795,19.1165676116943
13080010,Pluviométrica,Convencional,Córdoba,San Pelayo,8.9359,-75.9533,50,9/15/1965,,Caribe,Caribe,Sinú,Bajo Sinú,8.86909103393555,9.70909118652344,15,15,0.561594188213348,0.789855062961578,1,1,1.05999994277954,2006,10,60,12,12,12.7199993133545,0,52.7680892944336,2006-10-01,52.715877532959,46.8913841247559,44.1687202453613
13080010,Pluviométrica,Convencional,Córdoba,San Pelayo,8.9359,-75.9533,50,9/15/1965,,Caribe,Caribe,Sinú,Bajo Sinú,8.86909103393555,9.70909118652344,15,15,0.561594188213348,0.789855062961578,1,1,1.07000005245209,2006,11,61,0,0,0,0,4.81394767761231,2006-11-01,2.4957914352417,5.56529188156128,4.70500183105469
13080010,Pluviométrica,Convencional,Córdoba,San Pelayo,8.9359,-75.9533,50,9/15/1965,,Caribe,Caribe,Sinú,Bajo Sinú,8.86909103393555,9.70909118652344,15,15,0.561594188213348,0.789855062961578,1,1,1.07000005245209,2006,11,62,65,65,69.5500034093857,0,4.30185413360596,2006-11-01,2.80395913124084,3.45475649833679,8.85698986053467
13080010,Pluviométrica,Convencional,Córdoba,San Pelayo,8.9359,-75.9533,50,9/15/1965,,Caribe,Caribe,Sinú,Bajo Sinú,8.86909103393555,9.70909118652344,15,15,0.561594188213348,0.789855062961578,1,1,1.07000005245209,2006,11,63,0,0,0,0,21.4694576263428,2006-11-01,30.8579483032227,23.2991104125977,26.8653373718262
13080010,Pluviométrica,Convencional,Córdoba,San Pelayo,8.9359,-75.9533,50,9/15/1965,,Caribe,Caribe,Sinú,Bajo Sinú,8.86909103393555,9.70909118652344,15,15,0.561594188213348,0.789855062961578,1,1,1.07000005245209,2006,11,64,10,10,10.7000005245209,0,9.02881717681885,2006-11-01,5.94673442840576,9.30322074890137,6.52730464935303
13080010,Pluviométrica,Convencional,Córdoba,San Pelayo,8.9359,-75.9533,50,9/15/1965,,Caribe,Caribe,Sinú,Bajo Sinú,8.86909103393555,9.70909118652344,15,15,0.561594188213348,0.789855062961578,1,1,1.07000005245209,2006,11,65,0,0,0,0,15.3458757400513,2006-11-01,19.7383785247803,10.6423940658569,11.1966686248779
13080010,Pluviométrica,Convencional,Córdoba,San Pelayo,8.9359,-75.9533,50,9/15/1965,,Caribe,Caribe,Sinú,Bajo Sinú,8.86909103393555,9.70909118652344,15,15,0.561594188213348,0.789855062961578,1,1,1.07000005245209,2006,11,66,20,20,21.4000010490417,0,22.306640625,2006-11-01,32.5986213684082,21.6915969848633,24.693000793457
13080010,Pluviométrica,Convencional,Córdoba,San Pelayo,8.9359,-75.9533,50,9/15/1965,,Caribe,Caribe,Sinú,Bajo Sinú,8.86909103393555,9.70909118652344,15,15,0.561594188213348,0.789855062961578,1,1,1.08000004291534,2006,12,67,0,0,0,0,2.30289554595947,2006-12-01,0,1.68885540962219,0
13080010,Pluviométrica,Convencional,Córdoba,San Pelayo,8.9359,-75.9533,50,9/15/1965,,Caribe,Caribe,Sinú,Bajo Sinú,8.86909103393555,9.70909118652344,15,15,0.561594188213348,0.789855062961578,1,1,1.08000004291534,2006,12,68,0,0,0,0,5.39201211929321,2006-12-01,4.1269359588623,4.00301074981689,6.42542839050293
13080010,Pluviométrica,Convencional,Córdoba,San Pelayo,8.9359,-75.9533,50,9/15/1965,,Caribe,Caribe,Sinú,Bajo Sinú,8.86909103393555,9.70909118652344,15,15,0.561594188213348,0.789855062961578,1,1,1.08000004291534,2006,12,69,0,0,0,0,5.89022445678711,2006-12-01,4.34386205673218,3.68826985359192,3.95249843597412
13080010,Pluviométrica,Convencional,Córdoba,San Pelayo,8.9359,-75.9533,50,9/15/1965,,Caribe,Caribe,Sinú,Bajo Sinú,8.86909103393555,9.70909118652344,15,15,0.561594188213348,0.789855062961578,1,1,1.08000004291534,2006,12,70,0,0,0,0,5.8508563041687,2006-12-01,2.14892816543579,3.82409882545471,2.59848427772522
13080010,Pluviométrica,Convencional,Córdoba,San Pelayo,8.9359,-75.9533,50,9/15/1965,,Caribe,Caribe,Sinú,Bajo Sinú,8.86909103393555,9.70909118652344,15,15,0.561594188213348,0.789855062961578,1,1,1.08000004291534,2006,12,71,0,0,0,0,5.28281879425049,2006-12-01,1.98599946498871,6.00807571411133,4.86552000045776
13080010,Pluviométrica,Convencional,Córdoba,San Pelayo,8.9359,-75.9533,50,9/15/1965,,Caribe,Caribe,Sinú,Bajo Sinú,8.86909103393555,9.70909118652344,15,15,0.561594188213348,0.789855062961578,1,1,1.08000004291534,2006,12,72,0,0,0,0,14.5028514862061,2006-12-01,15.0810527801514,10.236701965332,10.7104234695435
13080010,Pluviométrica,Convencional,Córdoba,San Pelayo,8.9359,-75.9533,50,9/15/1965,,Caribe,Caribe,Sinú,Bajo Sinú,8.86909103393555,9.70909118652344,15,15,0.561594188213348,0.789855062961578,1,1,1.10000002384186,2007,01,1,0,0,0,0,0.889097690582275,2007-01-01,0,0.560137033462524,0
13080010,Pluviométrica,Convencional,Córdoba,San Pelayo,8.9359,-75.9533,50,9/15/1965,,Caribe,Caribe,Sinú,Bajo Sinú,8.86909103393555,9.70909118652344,15,15,0.561594188213348,0.789855062961578,1,1,1.10000002384186,2007,01,2,0,0,0,0,0.847451388835907,2007-01-01,0,0.543883740901947,0
13080010,Pluviométrica,Convencional,Córdoba,San Pelayo,8.9359,-75.9533,50,9/15/1965,,Caribe,Caribe,Sinú,Bajo Sinú,8.86909103393555,9.70909118652344,15,15,0.561594188213348,0.789855062961578,1,1,1.10000002384186,2007,01,3,0,0,0,0,0.879952847957611,2007-01-01,0,0.563000321388245,0
13080010,Pluviométrica,Convencional,Córdoba,San Pelayo,8.9359,-75.9533,50,9/15/1965,,Caribe,Caribe,Sinú,Bajo Sinú,8.86909103393555,9.70909118652344,15,15,0.561594188213348,0.789855062961578,1,1,1.10000002384186,2007,01,4,0,0,0,0,0.979983925819397,2007-01-01,0,0.612465918064117,0
13080010,Pluviométrica,Convencional,Córdoba,San Pelayo,8.9359,-75.9533,50,9/15/1965,,Caribe,Caribe,Sinú,Bajo Sinú,8.86909103393555,9.70909118652344,15,15,0.561594188213348,0.789855062961578,1,1,1.10000002384186,2007,01,5,0,0,0,0,1.00875127315521,2007-01-01,0,0.662496566772461,0
13080010,Pluviométrica,Convencional,Córdoba,San Pelayo,8.9359,-75.9533,50,9/15/1965,,Caribe,Caribe,Sinú,Bajo Sinú,8.86909103393555,9.70909118652344,15,15,0.561594188213348,0.789855062961578,1,1,1.10000002384186,2007,01,6,0,0,0,0,2.33877420425415,2007-01-01,0.156015813350678,1.23741090297699,0.158897683024406
13080010,Pluviométrica,Convencional,Córdoba,San Pelayo,8.9359,-75.9533,50,9/15/1965,,Caribe,Caribe,Sinú,Bajo Sinú,8.86909103393555,9.70909118652344,15,15,0.561594188213348,0.789855062961578,1,1,1.12000000476837,2007,02,7,0,0,0,0,2.60250782966614,2007-02-01,1.17031812667847,1.66319572925568,0.962000906467438
13080010,Pluviométrica,Convencional,Córdoba,San Pelayo,8.9359,-75.9533,50,9/15/1965,,Caribe,Caribe,Sinú,Bajo Sinú,8.86909103393555,9.70909118652344,15,15,0.561594188213348,0.789855062961578,1,1,1.12000000476837,2007,02,8,0,0,0,0,2.55548405647278,2007-02-01,1.77876543998718,1.6599315404892,1.34736180305481
13080010,Pluviométrica,Convencional,Córdoba,San Pelayo,8.9359,-75.9533,50,9/15/1965,,Caribe,Caribe,Sinú,Bajo Sinú,8.86909103393555,9.70909118652344,15,15,0.561594188213348,0.789855062961578,1,1,1.12000000476837,2007,02,9,0,0,0,0,2.52448558807373,2007-02-01,1.78268098831177,1.62282824516296,1.28594565391541
13080010,Pluviométrica,Convencional,Córdoba,San Pelayo,8.9359,-75.9533,50,9/15/1965,,Caribe,Caribe,Sinú,Bajo Sinú,8.86909103393555,9.70909118652344,15,15,0.561594188213348,0.789855062961578,1,1,1.12000000476837,2007,02,10,10,10,11.2000000476837,0,2.46275949478149,2007-02-01,1.43506395816803,2.43805599212647,2.31106901168823
13080010,Pluviométrica,Convencional,Córdoba,San Pelayo,8.9359,-75.9533,50,9/15/1965,,Caribe,Caribe,Sinú,Bajo Sinú,8.86909103393555,9.70909118652344,15,15,0.561594188213348,0.789855062961578,1,1,1.12000000476837,2007,02,11,0,0,0,0,2.34420990943909,2007-02-01,0,1.53196513652802,0
13080010,Pluviométrica,Convencional,Córdoba,San Pelayo,8.9359,-75.9533,50,9/15/1965,,Caribe,Caribe,Sinú,Bajo Sinú,8.86909103393555,9.70909118652344,15,15,0.561594188213348,0.789855062961578,1,1,1.12000000476837,2007,02,12,0,0,0,0,0.751643121242523,2007-02-01,0,0.607277512550354,0
13080010,Pluviométrica,Convencional,Córdoba,San Pelayo,8.9359,-75.9533,50,9/15/1965,,Caribe,Caribe,Sinú,Bajo Sinú,8.86909103393555,9.70909118652344,15,15,0.561594188213348,0.789855062961578,1,1,1.11000001430511,2007,03,13,0,0,0,0,4.71140575408936,2007-03-01,9.78990936279297,5.97048187255859,14.8506450653076
13080010,Pluviométrica,Convencional,Córdoba,San Pelayo,8.9359,-75.9533,50,9/15/1965,,Caribe,Caribe,Sinú,Bajo Sinú,8.86909103393555,9.70909118652344,15,15,0.561594188213348,0.789855062961578,1,1,1.11000001430511,2007,03,14,10,10,11.1000001430511,0,3.93931794166565,2007-03-01,9.50967311859131,8.82495594024658,21.9143085479736
13080010,Pluviométrica,Convencional,Córdoba,San Pelayo,8.9359,-75.9533,50,9/15/1965,,Caribe,Caribe,Sinú,Bajo Sinú,8.86909103393555,9.70909118652344,15,15,0.561594188213348,0.789855062961578,1,1,1.11000001430511,2007,03,15,0,0,0,0,0.377012878656387,2007-03-01,0,0.464688181877136,0
13080010,Pluviométrica,Convencional,Córdoba,San Pelayo,8.9359,-75.9533,50,9/15/1965,,Caribe,Caribe,Sinú,Bajo Sinú,8.86909103393555,9.70909118652344,15,15,0.561594188213348,0.789855062961578,1,1,1.11000001430511,2007,03,16,35,35,38.850000500679,0,1.78263092041016,2007-03-01,2.09478378295898,3.11631441116333,7.98344135284424
13080010,Pluviométrica,Convencional,Córdoba,San Pelayo,8.9359,-75.9533,50,9/15/1965,,Caribe,Caribe,Sinú,Bajo Sinú,8.86909103393555,9.70909118652344,15,15,0.561594188213348,0.789855062961578,1,1,1.11000001430511,2007,03,17,0,0,0,0,1.72699081897736,2007-03-01,0.571296334266663,2.29044580459595,1.82616591453552
13080010,Pluviométrica,Convencional,Córdoba,San Pelayo,8.9359,-75.9533,50,9/15/1965,,Caribe,Caribe,Sinú,Bajo Sinú,8.86909103393555,9.70909118652344,15,15,0.561594188213348,0.789855062961578,1,1,1.11000001430511,2007,03,18,35,35,38.850000500679,0,13.1598262786865,2007-03-01,19.7759532928467,30.3376388549805,33.3833274841309
13080010,Pluviométrica,Convencional,Córdoba,San Pelayo,8.9359,-75.9533,50,9/15/1965,,Caribe,Caribe,Sinú,Bajo Sinú,8.86909103393555,9.70909118652344,15,15,0.561594188213348,0.789855062961578,1,1,1.07000005245209,2007,04,19,30,30,32.1000015735626,0,27.073486328125,2007-04-01,42.9193077087402,36.7638244628906,42.8153762817383
13080010,Pluviométrica,Convencional,Córdoba,San Pelayo,8.9359,-75.9533,50,9/15/1965,,Caribe,Caribe,Sinú,Bajo Sinú,8.86909103393555,9.70909118652344,15,15,0.561594188213348,0.789855062961578,1,1,1.07000005245209,2007,04,20,65,65,69.5500034093857,0,28.8488445281982,2007-04-01,40.4147605895996,53.5648918151856,62.0373191833496
13080010,Pluviométrica,Convencional,Córdoba,San Pelayo,8.9359,-75.9533,50,9/15/1965,,Caribe,Caribe,Sinú,Bajo Sinú,8.86909103393555,9.70909118652344,15,15,0.561594188213348,0.789855062961578,1,1,1.07000005245209,2007,04,21,15,15,16.0500007867813,0,7.41347217559815,2007-04-01,8.43281364440918,6.86872243881226,7.979332447052
13080010,Pluviométrica,Convencional,Córdoba,San Pelayo,8.9359,-75.9533,50,9/15/1965,,Caribe,Caribe,Sinú,Bajo Sinú,8.86909103393555,9.70909118652344,15,15,0.561594188213348,0.789855062961578,1,1,1.07000005245209,2007,04,22,20,20,21.4000010490417,0,9.8361177444458,2007-04-01,15.9787111282349,12.3260326385498,15.3187618255615
13080010,Pluviométrica,Convencional,Córdoba,San Pelayo,8.9359,-75.9533,50,9/15/1965,,Caribe,Caribe,Sinú,Bajo Sinú,8.86909103393555,9.70909118652344,15,15,0.561594188213348,0.789855062961578,1,1,1.07000005245209,2007,04,23,0,0,0,0,15.3638753890991,2007-04-01,33.0492668151856,17.9549617767334,33.4044761657715
13080010,Pluviométrica,Convencional,Córdoba,San Pelayo,8.9359,-75.9533,50,9/15/1965,,Caribe,Caribe,Sinú,Bajo Sinú,8.86909103393555,9.70909118652344,15,15,0.561594188213348,0.789855062961578,1,1,1.07000005245209,2007,04,24,85,85,90.9500044584274,0,9.08859634399414,2007-04-01,10.765251159668,16.8025436401367,20.183385848999
13080010,Pluviométrica,Convencional,Córdoba,San Pelayo,8.9359,-75.9533,50,9/15/1965,,Caribe,Caribe,Sinú,Bajo Sinú,8.86909103393555,9.70909118652344,15,15,0.561594188213348,0.789855062961578,1,1,1.04999995231628,2007,05,25,0,0,0,0,16.6121997833252,2007-05-01,32.4119720458984,18.3926982879639,23.9788455963135
13080010,Pluviométrica,Convencional,Córdoba,San Pelayo,8.9359,-75.9533,50,9/15/1965,,Caribe,Caribe,Sinú,Bajo Sinú,8.86909103393555,9.70909118652344,15,15,0.561594188213348,0.789855062961578,1,1,1.04999995231628,2007,05,26,0,0,0,0,34.0644989013672,2007-05-01,72.816650390625,28.9744644165039,35.7023315429688
13080010,Pluviométrica,Convencional,Córdoba,San Pelayo,8.9359,-75.9533,50,9/15/1965,,Caribe,Caribe,Sinú,Bajo Sinú,8.86909103393555,9.70909118652344,15,15,0.561594188213348,0.789855062961578,1,1,1.04999995231628,2007,05,27,10,10,10.4999995231628,0,21.4715728759766,2007-05-01,40.6259117126465,16.6556568145752,21.5947132110596
13080010,Pluviométrica,Convencional,Córdoba,San Pelayo,8.9359,-75.9533,50,9/15/1965,,Caribe,Caribe,Sinú,Bajo Sinú,8.86909103393555,9.70909118652344,15,15,0.561594188213348,0.789855062961578,1,1,1.04999995231628,2007,05,28,80,80,83.9999961853027,0,33.9539527893066,2007-05-01,70.3296966552734,60.4858589172363,90.4349212646484
13080010,Pluviométrica,Convencional,Córdoba,San Pelayo,8.9359,-75.9533,50,9/15/1965,,Caribe,Caribe,Sinú,Bajo Sinú,8.86909103393555,9.70909118652344,15,15,0.561594188213348,0.789855062961578,1,1,1.04999995231628,2007,05,29,25,25,26.2499988079071,0,29.3907928466797,2007-05-01,56.6208381652832,42.8186378479004,51.6846084594727
13080010,Pluviométrica,Convencional,Córdoba,San Pelayo,8.9359,-75.9533,50,9/15/1965,,Caribe,Caribe,Sinú,Bajo Sinú,8.86909103393555,9.70909118652344,15,15,0.561594188213348,0.789855062961578,1,1,1.04999995231628,2007,05,30,10,10,10.4999995231628,0,32.1091423034668,2007-05-01,42.1531143188477,29.291675567627,30.8794250488281
13080010,Pluviométrica,Convencional,Córdoba,San Pelayo,8.9359,-75.9533,50,9/15/1965,,Caribe,Caribe,Sinú,Bajo Sinú,8.86909103393555,9.70909118652344,15,15,0.561594188213348,0.789855062961578,1,1,1.05999994277954,2007,06,31,0,0,0,0,11.7989130020142,2007-06-01,12.3824224472046,13.2018928527832,16.5362358093262
13080010,Pluviométrica,Convencional,Córdoba,San Pelayo,8.9359,-75.9533,50,9/15/1965,,Caribe,Caribe,Sinú,Bajo Sinú,8.86909103393555,9.70909118652344,15,15,0.561594188213348,0.789855062961578,1,1,1.05999994277954,2007,06,32,13.5,13.5,14.3099992275238,0,26.2315254211426,2007-06-01,28.3360805511475,48.8186264038086,63.5972709655762
13080010,Pluviométrica,Convencional,Córdoba,San Pelayo,8.9359,-75.9533,50,9/15/1965,,Caribe,Caribe,Sinú,Bajo Sinú,8.86909103393555,9.70909118652344,15,15,0.561594188213348,0.789855062961578,1,1,1.05999994277954,2007,06,33,30,30,31.7999982833862,0,26.2471427917481,2007-06-01,24.4746417999268,31.8436679840088,31.3529529571533
13080010,Pluviométrica,Convencional,Córdoba,San Pelayo,8.9359,-75.9533,50,9/15/1965,,Caribe,Caribe,Sinú,Bajo Sinú,8.86909103393555,9.70909118652344,15,15,0.561594188213348,0.789855062961578,1,1,1.05999994277954,2007,06,34,0,0,0,0,18.2823371887207,2007-06-01,15.0995645523071,16.6487598419189,15.1537094116211
13080010,Pluviométrica,Convencional,Córdoba,San Pelayo,8.9359,-75.9533,50,9/15/1965,,Caribe,Caribe,Sinú,Bajo Sinú,8.86909103393555,9.70909118652344,15,15,0.561594188213348,0.789855062961578,1,1,1.05999994277954,2007,06,35,40,40,42.3999977111816,0,31.5663661956787,2007-06-01,33.5811233520508,23.2380409240723,23.9716300964356
13080010,Pluviométrica,Convencional,Córdoba,San Pelayo,8.9359,-75.9533,50,9/15/1965,,Caribe,Caribe,Sinú,Bajo Sinú,8.86909103393555,9.70909118652344,15,15,0.561594188213348,0.789855062961578,1,1,1.05999994277954,2007,06,36,45,45,47.6999974250794,0,50.1083221435547,2007-06-01,66.9145812988281,53.9511299133301,65.3239822387695
13080010,Pluviométrica,Convencional,Córdoba,San Pelayo,8.9359,-75.9533,50,9/15/1965,,Caribe,Caribe,Sinú,Bajo Sinú,8.86909103393555,9.70909118652344,15,15,0.561594188213348,0.789855062961578,1,1,1.05999994277954,2007,07,37,0,0,0,0,12.0749111175537,2007-07-01,15.0299415588379,14.6191864013672,20.4145774841309
13080010,Pluviométrica,Convencional,Córdoba,San Pelayo,8.9359,-75.9533,50,9/15/1965,,Caribe,Caribe,Sinú,Bajo Sinú,8.86909103393555,9.70909118652344,15,15,0.561594188213348,0.789855062961578,1,1,1.05999994277954,2007,07,38,95,95,100.699994564056,0,24.5286483764648,2007-07-01,48.7376747131348,45.6870803833008,68.8459930419922
13080010,Pluviométrica,Convencional,Córdoba,San Pelayo,8.9359,-75.9533,50,9/15/1965,,Caribe,Caribe,Sinú,Bajo Sinú,8.86909103393555,9.70909118652344,15,15,0.561594188213348,0.789855062961578,1,1,1.05999994277954,2007,07,39,65,65,68.8999962806702,0,16.9841232299805,2007-07-01,32.7576751708984,38.0076141357422,58.504940032959
13080010,Pluviométrica,Convencional,Córdoba,San Pelayo,8.9359,-75.9533,50,9/15/1965,,Caribe,Caribe,Sinú,Bajo Sinú,8.86909103393555,9.70909118652344,15,15,0.561594188213348,0.789855062961578,1,1,1.05999994277954,2007,07,40,105,105,111.299993991852,0,7.99293088912964,2007-07-01,10.4226932525635,12.8791637420654,16.574686050415
13080010,Pluviométrica,Convencional,Córdoba,San Pelayo,8.9359,-75.9533,50,9/15/1965,,Caribe,Caribe,Sinú,Bajo Sinú,8.86909103393555,9.70909118652344,15,15,0.561594188213348,0.789855062961578,1,1,1.05999994277954,2007,07,41,0,0,0,0,20.528902053833,2007-07-01,37.8638916015625,11.1464939117432,18.6351299285889
13080010,Pluviométrica,Convencional,Córdoba,San Pelayo,8.9359,-75.9533,50,9/15/1965,,Caribe,Caribe,Sinú,Bajo Sinú,8.86909103393555,9.70909118652344,15,15,0.561594188213348,0.789855062961578,1,1,1.05999994277954,2007,07,42,40,40,42.3999977111816,0,20.1901779174805,2007-07-01,30.4087219238281,33.0910224914551,47.013484954834
13080010,Pluviométrica,Convencional,Córdoba,San Pelayo,8.9359,-75.9533,50,9/15/1965,,Caribe,Caribe,Sinú,Bajo Sinú,8.86909103393555,9.70909118652344,15,15,0.561594188213348,0.789855062961578,1,1,1.04999995231628,2007,08,43,20,20,20.9999990463257,0,40.5993957519531,2007-08-01,58.4262351989746,35.7330551147461,45.1112251281738
13080010,Pluviométrica,Convencional,Córdoba,San Pelayo,8.9359,-75.9533,50,9/15/1965,,Caribe,Caribe,Sinú,Bajo Sinú,8.86909103393555,9.70909118652344,15,15,0.561594188213348,0.789855062961578,1,1,1.04999995231628,2007,08,44,25,25,26.2499988079071,0,25.9710350036621,2007-08-01,31.8514671325684,24.0426063537598,27.834810256958
13080010,Pluviométrica,Convencional,Córdoba,San Pelayo,8.9359,-75.9533,50,9/15/1965,,Caribe,Caribe,Sinú,Bajo Sinú,8.86909103393555,9.70909118652344,15,15,0.561594188213348,0.789855062961578,1,1,1.04999995231628,2007,08,45,20,20,20.9999990463257,0,22.0440349578857,2007-08-01,28.7254753112793,15.7487516403198,19.4206657409668
13080010,Pluviométrica,Convencional,Córdoba,San Pelayo,8.9359,-75.9533,50,9/15/1965,,Caribe,Caribe,Sinú,Bajo Sinú,8.86909103393555,9.70909118652344,15,15,0.561594188213348,0.789855062961578,1,1,1.04999995231628,2007,08,46,85,85,89.2499959468842,0,29.8504104614258,2007-08-01,37.9002342224121,36.1585922241211,40.3035392761231
13080010,Pluviométrica,Convencional,Córdoba,San Pelayo,8.9359,-75.9533,50,9/15/1965,,Caribe,Caribe,Sinú,Bajo Sinú,8.86909103393555,9.70909118652344,15,15,0.561594188213348,0.789855062961578,1,1,1.04999995231628,2007,08,47,65,65,68.2499969005585,0,34.7643661499023,2007-08-01,46.9064826965332,57.640438079834,73.8801879882813
13080010,Pluviométrica,Convencional,Córdoba,San Pelayo,8.9359,-75.9533,50,9/15/1965,,Caribe,Caribe,Sinú,Bajo Sinú,8.86909103393555,9.70909118652344,15,15,0.561594188213348,0.789855062961578,1,1,1.04999995231628,2007,08,48,55,55,57.7499973773956,0,39.4225654602051,2007-08-01,46.7057876586914,42.7281951904297,50.4261054992676
13080010,Pluviométrica,Convencional,Córdoba,San Pelayo,8.9359,-75.9533,50,9/15/1965,,Caribe,Caribe,Sinú,Bajo Sinú,8.86909103393555,9.70909118652344,15,15,0.561594188213348,0.789855062961578,1,1,1.04999995231628,2007,09,49,40,40,41.9999980926514,0,25.6670989990234,2007-09-01,39.3479652404785,27.6360206604004,36.5231246948242
13080010,Pluviométrica,Convencional,Córdoba,San Pelayo,8.9359,-75.9533,50,9/15/1965,,Caribe,Caribe,Sinú,Bajo Sinú,8.86909103393555,9.70909118652344,15,15,0.561594188213348,0.789855062961578,1,1,1.04999995231628,2007,09,50,75,75,78.7499964237213,0,29.9155044555664,2007-09-01,49.2605590820313,36.021110534668,47.1996917724609
13080010,Pluviométrica,Convencional,Córdoba,San Pelayo,8.9359,-75.9533,50,9/15/1965,,Caribe,Caribe,Sinú,Bajo Sinú,8.86909103393555,9.70909118652344,15,15,0.561594188213348,0.789855062961578,1,1,1.04999995231628,2007,09,51,0,0,0,0,25.2695903778076,2007-09-01,39.1188812255859,17.5950050354004,22.8026103973389
13080010,Pluviométrica,Convencional,Córdoba,San Pelayo,8.9359,-75.9533,50,9/15/1965,,Caribe,Caribe,Sinú,Bajo Sinú,8.86909103393555,9.70909118652344,15,15,0.561594188213348,0.789855062961578,1,1,1.04999995231628,2007,09,52,20,20,20.9999990463257,0,17.4907722473145,2007-09-01,23.0920810699463,16.5351505279541,20.7510414123535
13080010,Pluviométrica,Convencional,Córdoba,San Pelayo,8.9359,-75.9533,50,9/15/1965,,Caribe,Caribe,Sinú,Bajo Sinú,8.86909103393555,9.70909118652344,15,15,0.561594188213348,0.789855062961578,1,1,1.04999995231628,2007,09,53,20,20,20.9999990463257,0,22.671947479248,2007-09-01,31.6656589508057,29.6319370269775,38.0828895568848
13080010,Pluviométrica,Convencional,Córdoba,San Pelayo,8.9359,-75.9533,50,9/15/1965,,Caribe,Caribe,Sinú,Bajo Sinú,8.86909103393555,9.70909118652344,15,15,0.561594188213348,0.789855062961578,1,1,1.04999995231628,2007,09,54,75,75,78.7499964237213,0,14.1724348068237,2007-09-01,13.0011911392212,23.6321525573731,23.9850997924805
13080010,Pluviométrica,Convencional,Córdoba,San Pelayo,8.9359,-75.9533,50,9/15/1965,,Caribe,Caribe,Sinú,Bajo Sinú,8.86909103393555,9.70909118652344,15,15,0.561594188213348,0.789855062961578,1,1,1.05999994277954,2007,10,55,10,10,10.5999994277954,0,32.8149909973145,2007-10-01,37.0572662353516,34.1669807434082,28.68235206604
13080010,Pluviométrica,Convencional,Córdoba,San Pelayo,8.9359,-75.9533,50,9/15/1965,,Caribe,Caribe,Sinú,Bajo Sinú,8.86909103393555,9.70909118652344,15,15,0.561594188213348,0.789855062961578,1,1,1.05999994277954,2007,10,56,55,55,58.2999968528748,0,32.5480690002441,2007-10-01,36.9219627380371,40.3691253662109,38.634521484375
13080010,Pluviométrica,Convencional,Córdoba,San Pelayo,8.9359,-75.9533,50,9/15/1965,,Caribe,Caribe,Sinú,Bajo Sinú,8.86909103393555,9.70909118652344,15,15,0.561594188213348,0.789855062961578,1,1,1.05999994277954,2007,10,57,30,30,31.7999982833862,0,23.157995223999,2007-10-01,23.4345207214356,33.2968368530273,30.6810989379883
13080010,Pluviométrica,Convencional,Córdoba,San Pelayo,8.9359,-75.9533,50,9/15/1965,,Caribe,Caribe,Sinú,Bajo Sinú,8.86909103393555,9.70909118652344,15,15,0.561594188213348,0.789855062961578,1,1,1.05999994277954,2007,10,58,10,10,10.5999994277954,0,46.3364486694336,2007-10-01,45.4205284118652,24.1854610443115,18.312349319458
13080010,Pluviométrica,Convencional,Córdoba,San Pelayo,8.9359,-75.9533,50,9/15/1965,,Caribe,Caribe,Sinú,Bajo Sinú,8.86909103393555,9.70909118652344,15,15,0.561594188213348,0.789855062961578,1,1,1.05999994277954,2007,10,59,0,0,0,0,15.1642875671387,2007-10-01,14.0505056381226,12.8157835006714,9.98408222198486
13080010,Pluviométrica,Convencional,Córdoba,San Pelayo,8.9359,-75.9533,50,9/15/1965,,Caribe,Caribe,Sinú,Bajo Sinú,8.86909103393555,9.70909118652344,15,15,0.561594188213348,0.789855062961578,1,1,1.05999994277954,2007,10,60,40,40,42.3999977111816,0,22.4266662597656,2007-10-01,20.158203125,31.8046131134033,29.420431137085
13080010,Pluviométrica,Convencional,Córdoba,San Pelayo,8.9359,-75.9533,50,9/15/1965,,Caribe,Caribe,Sinú,Bajo Sinú,8.86909103393555,9.70909118652344,15,15,0.561594188213348,0.789855062961578,1,1,1.07000005245209,2007,11,61,20,20,21.4000010490417,0,13.7341079711914,2007-11-01,12.4510354995728,11.2624835968018,11.5892906188965
13080010,Pluviométrica,Convencional,Córdoba,San Pelayo,8.9359,-75.9533,50,9/15/1965,,Caribe,Caribe,Sinú,Bajo Sinú,8.86909103393555,9.70909118652344,15,15,0.561594188213348,0.789855062961578,1,1,1.07000005245209,2007,11,62,20,20,21.4000010490417,0,28.8798980712891,2007-11-01,37.8352966308594,12.334041595459,13.7421216964722
13080010,Pluviométrica,Convencional,Córdoba,San Pelayo,8.9359,-75.9533,50,9/15/1965,,Caribe,Caribe,Sinú,Bajo Sinú,8.86909103393555,9.70909118652344,15,15,0.561594188213348,0.789855062961578,1,1,1.07000005245209,2007,11,63,0,0,0,0,10.2217636108398,2007-11-01,12.6710424423218,7.57940435409546,9.90735816955566
13080010,Pluviométrica,Convencional,Córdoba,San Pelayo,8.9359,-75.9533,50,9/15/1965,,Caribe,Caribe,Sinú,Bajo Sinú,8.86909103393555,9.70909118652344,15,15,0.561594188213348,0.789855062961578,1,1,1.07000005245209,2007,11,64,10,10,10.7000005245209,0,30.8585681915283,2007-11-01,40.9701461791992,9.75863552093506,11.7493667602539
13080010,Pluviométrica,Convencional,Córdoba,San Pelayo,8.9359,-75.9533,50,9/15/1965,,Caribe,Caribe,Sinú,Bajo Sinú,8.86909103393555,9.70909118652344,15,15,0.561594188213348,0.789855062961578,1,1,1.07000005245209,2007,11,65,30,30,32.1000015735626,0,18.4807548522949,2007-11-01,22.9143810272217,18.7945194244385,21.7890911102295
13080010,Pluviométrica,Convencional,Córdoba,San Pelayo,8.9359,-75.9533,50,9/15/1965,,Caribe,Caribe,Sinú,Bajo Sinú,8.86909103393555,9.70909118652344,15,15,0.561594188213348,0.789855062961578,1,1,1.07000005245209,2007,11,66,0,0,0,0,10.1090612411499,2007-11-01,11.5764818191528,4.97856903076172,6.03885746002197
13080010,Pluviométrica,Convencional,Córdoba,San Pelayo,8.9359,-75.9533,50,9/15/1965,,Caribe,Caribe,Sinú,Bajo Sinú,8.86909103393555,9.70909118652344,15,15,0.561594188213348,0.789855062961578,1,1,1.08000004291534,2007,12,67,0,0,0,0,2.30289554595947,2007-12-01,0,2.15431475639343,0
13080010,Pluviométrica,Convencional,Córdoba,San Pelayo,8.9359,-75.9533,50,9/15/1965,,Caribe,Caribe,Sinú,Bajo Sinú,8.86909103393555,9.70909118652344,15,15,0.561594188213348,0.789855062961578,1,1,1.08000004291534,2007,12,68,10,10,10.8000004291534,0,3.1802282333374,2007-12-01,0,4.65542936325073,0
13080010,Pluviométrica,Convencional,Córdoba,San Pelayo,8.9359,-75.9533,50,9/15/1965,,Caribe,Caribe,Sinú,Bajo Sinú,8.86909103393555,9.70909118652344,15,15,0.561594188213348,0.789855062961578,1,1,1.08000004291534,2007,12,69,30,30,32.4000012874603,0,5.16650915145874,2007-12-01,2.73800754547119,11.6751232147217,13.4251308441162
13080010,Pluviométrica,Convencional,Córdoba,San Pelayo,8.9359,-75.9533,50,9/15/1965,,Caribe,Caribe,Sinú,Bajo Sinú,8.86909103393555,9.70909118652344,15,15,0.561594188213348,0.789855062961578,1,1,1.08000004291534,2007,12,70,0,0,0,0,7.9976282119751,2007-12-01,6.07882070541382,6.61742687225342,9.20874309539795
13080010,Pluviométrica,Convencional,Córdoba,San Pelayo,8.9359,-75.9533,50,9/15/1965,,Caribe,Caribe,Sinú,Bajo Sinú,8.86909103393555,9.70909118652344,15,15,0.561594188213348,0.789855062961578,1,1,1.08000004291534,2007,12,71,0,0,0,0,16.3332691192627,2007-12-01,22.448148727417,11.0100774765015,13.7957696914673
13080010,Pluviométrica,Convencional,Córdoba,San Pelayo,8.9359,-75.9533,50,9/15/1965,,Caribe,Caribe,Sinú,Bajo Sinú,8.86909103393555,9.70909118652344,15,15,0.561594188213348,0.789855062961578,1,1,1.08000004291534,2007,12,72,10,10,10.8000004291534,0,11.7273769378662,2007-12-01,10.7307567596436,15.5243949890137,18.2815017700195
13080010,Pluviométrica,Convencional,Córdoba,San Pelayo,8.9359,-75.9533,50,9/15/1965,,Caribe,Caribe,Sinú,Bajo Sinú,8.86909103393555,9.70909118652344,15,15,0.561594188213348,0.789855062961578,1,1,1.10000002384186,2008,01,1,0,0,0,0,0.889097690582275,2008-01-01,0,1.05792832374573,0
13080010,Pluviométrica,Convencional,Córdoba,San Pelayo,8.9359,-75.9533,50,9/15/1965,,Caribe,Caribe,Sinú,Bajo Sinú,8.86909103393555,9.70909118652344,15,15,0.561594188213348,0.789855062961578,1,1,1.10000002384186,2008,01,2,10,10,11.0000002384186,0,0.847451388835907,2008-01-01,0,1.08593952655792,0
13080010,Pluviométrica,Convencional,Córdoba,San Pelayo,8.9359,-75.9533,50,9/15/1965,,Caribe,Caribe,Sinú,Bajo Sinú,8.86909103393555,9.70909118652344,15,15,0.561594188213348,0.789855062961578,1,1,1.10000002384186,2008,01,3,10,10,11.0000002384186,0,0.879952847957611,2008-01-01,0,1.14891350269318,0
13080010,Pluviométrica,Convencional,Córdoba,San Pelayo,8.9359,-75.9533,50,9/15/1965,,Caribe,Caribe,Sinú,Bajo Sinú,8.86909103393555,9.70909118652344,15,15,0.561594188213348,0.789855062961578,1,1,1.10000002384186,2008,01,4,0,0,0,0,0.979983925819397,2008-01-01,0,1.49026668071747,0
13080010,Pluviométrica,Convencional,Córdoba,San Pelayo,8.9359,-75.9533,50,9/15/1965,,Caribe,Caribe,Sinú,Bajo Sinú,8.86909103393555,9.70909118652344,15,15,0.561594188213348,0.789855062961578,1,1,1.10000002384186,2008,01,5,0,0,0,0,2.55795574188232,2008-01-01,1.22944378852844,2.86646628379822,2.64592719078064
13080010,Pluviométrica,Convencional,Córdoba,San Pelayo,8.9359,-75.9533,50,9/15/1965,,Caribe,Caribe,Sinú,Bajo Sinú,8.86909103393555,9.70909118652344,15,15,0.561594188213348,0.789855062961578,1,1,1.10000002384186,2008,01,6,0,0,0,0,2.33877420425415,2008-01-01,0.156015813350678,2.31187987327576,0.363028764724731
13080010,Pluviométrica,Convencional,Córdoba,San Pelayo,8.9359,-75.9533,50,9/15/1965,,Caribe,Caribe,Sinú,Bajo Sinú,8.86909103393555,9.70909118652344,15,15,0.561594188213348,0.789855062961578,1,1,1.12000000476837,2008,02,7,0,0,0,0,2.60250782966614,2008-02-01,1.17031812667847,2.41899156570435,0.940949201583862
13080010,Pluviométrica,Convencional,Córdoba,San Pelayo,8.9359,-75.9533,50,9/15/1965,,Caribe,Caribe,Sinú,Bajo Sinú,8.86909103393555,9.70909118652344,15,15,0.561594188213348,0.789855062961578,1,1,1.12000000476837,2008,02,8,0,0,0,0,2.55548405647278,2008-02-01,1.77876543998718,2.8178231716156,3.19673275947571
13080010,Pluviométrica,Convencional,Córdoba,San Pelayo,8.9359,-75.9533,50,9/15/1965,,Caribe,Caribe,Sinú,Bajo Sinú,8.86909103393555,9.70909118652344,15,15,0.561594188213348,0.789855062961578,1,1,1.12000000476837,2008,02,9,40,40,44.8000001907349,0,7.22021102905273,2008-02-01,13.4524669647217,9.71005916595459,21.2741641998291
13080010,Pluviométrica,Convencional,Córdoba,San Pelayo,8.9359,-75.9533,50,9/15/1965,,Caribe,Caribe,Sinú,Bajo Sinú,8.86909103393555,9.70909118652344,15,15,0.561594188213348,0.789855062961578,1,1,1.12000000476837,2008,02,10,0,0,0,0,15.4420032501221,2008-02-01,24.8766670227051,22.661958694458,17.7262001037598
13080010,Pluviométrica,Convencional,Córdoba,San Pelayo,8.9359,-75.9533,50,9/15/1965,,Caribe,Caribe,Sinú,Bajo Sinú,8.86909103393555,9.70909118652344,15,15,0.561594188213348,0.789855062961578,1,1,1.12000000476837,2008,02,11,0,0,0,0,2.34420990943909,2008-02-01,0,2.4447557926178,0
13080010,Pluviométrica,Convencional,Córdoba,San Pelayo,8.9359,-75.9533,50,9/15/1965,,Caribe,Caribe,Sinú,Bajo Sinú,8.86909103393555,9.70909118652344,15,15,0.561594188213348,0.789855062961578,1,1,1.12000000476837,2008,02,12,0,0,0,0,0.751643121242523,2008-02-01,0,0.884992361068726,0
13080010,Pluviométrica,Convencional,Córdoba,San Pelayo,8.9359,-75.9533,50,9/15/1965,,Caribe,Caribe,Sinú,Bajo Sinú,8.86909103393555,9.70909118652344,15,15,0.561594188213348,0.789855062961578,1,1,1.11000001430511,2008,03,13,0,0,0,0,2.08452415466309,2008-03-01,0,2.78418827056885,0
13080010,Pluviométrica,Convencional,Córdoba,San Pelayo,8.9359,-75.9533,50,9/15/1965,,Caribe,Caribe,Sinú,Bajo Sinú,8.86909103393555,9.70909118652344,15,15,0.561594188213348,0.789855062961578,1,1,1.11000001430511,2008,03,14,0,0,0,0,2.00732254981995,2008-03-01,1.33153700828552,2.82614922523499,2.47270917892456
13080010,Pluviométrica,Convencional,Córdoba,San Pelayo,8.9359,-75.9533,50,9/15/1965,,Caribe,Caribe,Sinú,Bajo Sinú,8.86909103393555,9.70909118652344,15,15,0.561594188213348,0.789855062961578,1,1,1.11000001430511,2008,03,15,12,12,13.3200001716614,0,3.61131954193115,2008-03-01,5.15543508529663,5.82715702056885,6.00663709640503
13080010,Pluviométrica,Convencional,Córdoba,San Pelayo,8.9359,-75.9533,50,9/15/1965,,Caribe,Caribe,Sinú,Bajo Sinú,8.86909103393555,9.70909118652344,15,15,0.561594188213348,0.789855062961578,1,1,1.11000001430511,2008,03,16,0,0,0,0,2.79573178291321,2008-03-01,6.02565288543701,3.9427969455719,8.51006889343262
13080010,Pluviométrica,Convencional,Córdoba,San Pelayo,8.9359,-75.9533,50,9/15/1965,,Caribe,Caribe,Sinú,Bajo Sinú,8.86909103393555,9.70909118652344,15,15,0.561594188213348,0.789855062961578,1,1,1.11000001430511,2008,03,17,10,10,11.1000001430511,0,2.76412606239319,2008-03-01,4.77621412277222,4.436279296875,5.54417943954468
13080010,Pluviométrica,Convencional,Córdoba,San Pelayo,8.9359,-75.9533,50,9/15/1965,,Caribe,Caribe,Sinú,Bajo Sinú,8.86909103393555,9.70909118652344,15,15,0.561594188213348,0.789855062961578,1,1,1.11000001430511,2008,03,18,0,0,0,0,1.3968540430069,2008-03-01,0,1.35019278526306,0
13080010,Pluviométrica,Convencional,Córdoba,San Pelayo,8.9359,-75.9533,50,9/15/1965,,Caribe,Caribe,Sinú,Bajo Sinú,8.86909103393555,9.70909118652344,15,15,0.561594188213348,0.789855062961578,1,1,1.07000005245209,2008,04,19,0,0,0,0,1.95109939575195,2008-04-01,0,2.02632093429565,0
13080010,Pluviométrica,Convencional,Córdoba,San Pelayo,8.9359,-75.9533,50,9/15/1965,,Caribe,Caribe,Sinú,Bajo Sinú,8.86909103393555,9.70909118652344,15,15,0.561594188213348,0.789855062961578,1,1,1.07000005245209,2008,04,20,0,0,0,0,13.2319412231445,2008-04-01,15.2826728820801,7.6389365196228,6.85796451568604
13080010,Pluviométrica,Convencional,Córdoba,San Pelayo,8.9359,-75.9533,50,9/15/1965,,Caribe,Caribe,Sinú,Bajo Sinú,8.86909103393555,9.70909118652344,15,15,0.561594188213348,0.789855062961578,1,1,1.07000005245209,2008,04,21,10,10,10.7000005245209,0,2.33784699440002,2008-04-01,0,4.95292901992798,0
13080010,Pluviométrica,Convencional,Córdoba,San Pelayo,8.9359,-75.9533,50,9/15/1965,,Caribe,Caribe,Sinú,Bajo Sinú,8.86909103393555,9.70909118652344,15,15,0.561594188213348,0.789855062961578,1,1,1.07000005245209,2008,04,22,20,20,21.4000010490417,0,5.50760126113892,2008-04-01,5.55148077011108,6.63539934158325,5.32925367355347
13080010,Pluviométrica,Convencional,Córdoba,San Pelayo,8.9359,-75.9533,50,9/15/1965,,Caribe,Caribe,Sinú,Bajo Sinú,8.86909103393555,9.70909118652344,15,15,0.561594188213348,0.789855062961578,1,1,1.07000005245209,2008,04,23,10,10,10.7000005245209,0,12.2141466140747,2008-04-01,22.4696292877197,18.4625549316406,29.9599189758301
13080010,Pluviométrica,Convencional,Córdoba,San Pelayo,8.9359,-75.9533,50,9/15/1965,,Caribe,Caribe,Sinú,Bajo Sinú,8.86909103393555,9.70909118652344,15,15,0.561594188213348,0.789855062961578,1,1,1.07000005245209,2008,04,24,70,70,74.9000036716461,0,11.7836790084839,2008-04-01,18.8430137634277,29.0212631225586,41.3636741638184
13080010,Pluviométrica,Convencional,Córdoba,San Pelayo,8.9359,-75.9533,50,9/15/1965,,Caribe,Caribe,Sinú,Bajo Sinú,8.86909103393555,9.70909118652344,15,15,0.561594188213348,0.789855062961578,1,1,1.04999995231628,2008,05,25,4,4,4.19999980926514,0,15.4210119247437,2008-05-01,31.901554107666,20.539478302002,41.6848907470703
13080010,Pluviométrica,Convencional,Córdoba,San Pelayo,8.9359,-75.9533,50,9/15/1965,,Caribe,Caribe,Sinú,Bajo Sinú,8.86909103393555,9.70909118652344,15,15,0.561594188213348,0.789855062961578,1,1,1.04999995231628,2008,05,26,35,35,36.7499983310699,0,23.9873580932617,2008-05-01,47.9871368408203,26.1803970336914,34.4829559326172
13080010,Pluviométrica,Convencional,Córdoba,San Pelayo,8.9359,-75.9533,50,9/15/1965,,Caribe,Caribe,Sinú,Bajo Sinú,8.86909103393555,9.70909118652344,15,15,0.561594188213348,0.789855062961578,1,1,1.04999995231628,2008,05,27,20,20,20.9999990463257,0,7.17953872680664,2008-05-01,8.88485717773438,11.1310234069824,11.3428869247437
13080010,Pluviométrica,Convencional,Córdoba,San Pelayo,8.9359,-75.9533,50,9/15/1965,,Caribe,Caribe,Sinú,Bajo Sinú,8.86909103393555,9.70909118652344,15,15,0.561594188213348,0.789855062961578,1,1,1.04999995231628,2008,05,28,45,45,47.2499978542328,0,31.5869522094727,2008-05-01,62.6161346435547,39.3654937744141,46.9341583251953
13080010,Pluviométrica,Convencional,Córdoba,San Pelayo,8.9359,-75.9533,50,9/15/1965,,Caribe,Caribe,Sinú,Bajo Sinú,8.86909103393555,9.70909118652344,15,15,0.561594188213348,0.789855062961578,1,1,1.04999995231628,2008,05,29,75,75,78.7499964237213,0,20.1995086669922,2008-05-01,35.709602355957,42.3673553466797,51.2177276611328
13080010,Pluviométrica,Convencional,Córdoba,San Pelayo,8.9359,-75.9533,50,9/15/1965,,Caribe,Caribe,Sinú,Bajo Sinú,8.86909103393555,9.70909118652344,15,15,0.561594188213348,0.789855062961578,1,1,1.04999995231628,2008,05,30,10,10,10.4999995231628,0,18.5488204956055,2008-05-01,21.6062698364258,32.066276550293,34.5102882385254
13080010,Pluviométrica,Convencional,Córdoba,San Pelayo,8.9359,-75.9533,50,9/15/1965,,Caribe,Caribe,Sinú,Bajo Sinú,8.86909103393555,9.70909118652344,15,15,0.561594188213348,0.789855062961578,1,1,1.05999994277954,2008,06,31,20,20,21.1999988555908,0,28.7261180877686,2008-06-01,33.3859176635742,23.9005718231201,26.9715995788574
13080010,Pluviométrica,Convencional,Córdoba,San Pelayo,8.9359,-75.9533,50,9/15/1965,,Caribe,Caribe,Sinú,Bajo Sinú,8.86909103393555,9.70909118652344,15,15,0.561594188213348,0.789855062961578,1,1,1.05999994277954,2008,06,32,40,40,42.3999977111816,0,28.9030227661133,2008-06-01,31.6816749572754,21.513313293457,24.041410446167
13080010,Pluviométrica,Convencional,Córdoba,San Pelayo,8.9359,-75.9533,50,9/15/1965,,Caribe,Caribe,Sinú,Bajo Sinú,8.86909103393555,9.70909118652344,15,15,0.561594188213348,0.789855062961578,1,1,1.05999994277954,2008,06,33,0,0,0,0,17.3229904174805,2008-06-01,13.3872289657593,11.8936824798584,10.908896446228
13080010,Pluviométrica,Convencional,Córdoba,San Pelayo,8.9359,-75.9533,50,9/15/1965,,Caribe,Caribe,Sinú,Bajo Sinú,8.86909103393555,9.70909118652344,15,15,0.561594188213348,0.789855062961578,1,1,1.05999994277954,2008,06,34,20,20,21.1999988555908,0,16.6232299804688,2008-06-01,13.7839622497559,11.335693359375,10.1238346099854
13080010,Pluviométrica,Convencional,Córdoba,San Pelayo,8.9359,-75.9533,50,9/15/1965,,Caribe,Caribe,Sinú,Bajo Sinú,8.86909103393555,9.70909118652344,15,15,0.561594188213348,0.789855062961578,1,1,1.05999994277954,2008,06,35,50,50,52.9999971389771,0,37.9058990478516,2008-06-01,41.8136024475098,35.8249588012695,39.8682289123535
13080010,Pluviométrica,Convencional,Córdoba,San Pelayo,8.9359,-75.9533,50,9/15/1965,,Caribe,Caribe,Sinú,Bajo Sinú,8.86909103393555,9.70909118652344,15,15,0.561594188213348,0.789855062961578,1,1,1.05999994277954,2008,06,36,20,20,21.1999988555908,0,16.1503753662109,2008-06-01,19.3123760223389,19.5121212005615,24.8615417480469
13080010,Pluviométrica,Convencional,Córdoba,San Pelayo,8.9359,-75.9533,50,9/15/1965,,Caribe,Caribe,Sinú,Bajo Sinú,8.86909103393555,9.70909118652344,15,15,0.561594188213348,0.789855062961578,1,1,1.05999994277954,2008,07,37,60,60,63.5999965667725,0,32.0278129577637,2008-07-01,56.200813293457,23.7320747375488,32.0077743530273
13080010,Pluviométrica,Convencional,Córdoba,San Pelayo,8.9359,-75.9533,50,9/15/1965,,Caribe,Caribe,Sinú,Bajo Sinú,8.86909103393555,9.70909118652344,15,15,0.561594188213348,0.789855062961578,1,1,1.05999994277954,2008,07,38,20,20,21.1999988555908,0,24.7782077789307,2008-07-01,49.3008117675781,22.797327041626,37.7104682922363
13080010,Pluviométrica,Convencional,Córdoba,San Pelayo,8.9359,-75.9533,50,9/15/1965,,Caribe,Caribe,Sinú,Bajo Sinú,8.86909103393555,9.70909118652344,15,15,0.561594188213348,0.789855062961578,1,1,1.05999994277954,2008,07,39,40,40,42.3999977111816,0,23.4545650482178,2008-07-01,46.5413093566895,15.8002767562866,23.6883449554443
13080010,Pluviométrica,Convencional,Córdoba,San Pelayo,8.9359,-75.9533,50,9/15/1965,,Caribe,Caribe,Sinú,Bajo Sinú,8.86909103393555,9.70909118652344,15,15,0.561594188213348,0.789855062961578,1,1,1.05999994277954,2008,07,40,20,20,21.1999988555908,0,18.6636600494385,2008-07-01,36.5630226135254,15.3331813812256,26.0093669891357
13080010,Pluviométrica,Convencional,Córdoba,San Pelayo,8.9359,-75.9533,50,9/15/1965,,Caribe,Caribe,Sinú,Bajo Sinú,8.86909103393555,9.70909118652344,15,15,0.561594188213348,0.789855062961578,1,1,1.05999994277954,2008,07,41,20,20,21.1999988555908,0,18.5190334320068,2008-07-01,34.753833770752,16.9637870788574,28.2082500457764
13080010,Pluviométrica,Convencional,Córdoba,San Pelayo,8.9359,-75.9533,50,9/15/1965,,Caribe,Caribe,Sinú,Bajo Sinú,8.86909103393555,9.70909118652344,15,15,0.561594188213348,0.789855062961578,1,1,1.05999994277954,2008,07,42,44,44,46.6399974822998,0,35.0022659301758,2008-07-01,56.4095153808594,23.7530479431152,33.2266044616699
13080010,Pluviométrica,Convencional,Córdoba,San Pelayo,8.9359,-75.9533,50,9/15/1965,,Caribe,Caribe,Sinú,Bajo Sinú,8.86909103393555,9.70909118652344,15,15,0.561594188213348,0.789855062961578,1,1,1.04999995231628,2008,08,43,75,75,78.7499964237213,0,20.9214248657227,2008-08-01,28.2374267578125,45.4901962280273,60.5005493164063
13080010,Pluviométrica,Convencional,Córdoba,San Pelayo,8.9359,-75.9533,50,9/15/1965,,Caribe,Caribe,Sinú,Bajo Sinú,8.86909103393555,9.70909118652344,15,15,0.561594188213348,0.789855062961578,1,1,1.04999995231628,2008,08,44,35,35,36.7499983310699,0,14.9965438842773,2008-08-01,17.6186676025391,11.9782762527466,14.0405683517456
13080010,Pluviométrica,Convencional,Córdoba,San Pelayo,8.9359,-75.9533,50,9/15/1965,,Caribe,Caribe,Sinú,Bajo Sinú,8.86909103393555,9.70909118652344,15,15,0.561594188213348,0.789855062961578,1,1,1.04999995231628,2008,08,45,25,25,26.2499988079071,0,30.7663612365723,2008-08-01,42.2856941223145,21.5518550872803,27.3330841064453
13080010,Pluviométrica,Convencional,Córdoba,San Pelayo,8.9359,-75.9533,50,9/15/1965,,Caribe,Caribe,Sinú,Bajo Sinú,8.86909103393555,9.70909118652344,15,15,0.561594188213348,0.789855062961578,1,1,1.04999995231628,2008,08,46,50,50,52.4999976158142,0,34.6257362365723,2008-08-01,45.7091445922852,59.9942626953125,74.0039978027344
13080010,Pluviométrica,Convencional,Córdoba,San Pelayo,8.9359,-75.9533,50,9/15/1965,,Caribe,Caribe,Sinú,Bajo Sinú,8.86909103393555,9.70909118652344,15,15,0.561594188213348,0.789855062961578,1,1,1.04999995231628,2008,08,47,20,20,20.9999990463257,0,26.6251087188721,2008-08-01,37.363037109375,23.039722442627,29.2992057800293
13080010,Pluviométrica,Convencional,Córdoba,San Pelayo,8.9359,-75.9533,50,9/15/1965,,Caribe,Caribe,Sinú,Bajo Sinú,8.86909103393555,9.70909118652344,15,15,0.561594188213348,0.789855062961578,1,1,1.04999995231628,2008,08,48,12,12,12.5999994277954,0,43.9997138977051,2008-08-01,51.7335510253906,27.6642265319824,33.5545921325684
13080010,Pluviométrica,Convencional,Córdoba,San Pelayo,8.9359,-75.9533,50,9/15/1965,,Caribe,Caribe,Sinú,Bajo Sinú,8.86909103393555,9.70909118652344,15,15,0.561594188213348,0.789855062961578,1,1,1.04999995231628,2008,09,49,10,10,10.4999995231628,0,20.197847366333,2008-09-01,26.9672660827637,15.4514017105103,16.9969825744629
13080010,Pluviométrica,Convencional,Córdoba,San Pelayo,8.9359,-75.9533,50,9/15/1965,,Caribe,Caribe,Sinú,Bajo Sinú,8.86909103393555,9.70909118652344,15,15,0.561594188213348,0.789855062961578,1,1,1.04999995231628,2008,09,50,45,45,47.2499978542328,0,23.1648807525635,2008-09-01,34.1292304992676,43.0893249511719,56.6140556335449
13080010,Pluviométrica,Convencional,Córdoba,San Pelayo,8.9359,-75.9533,50,9/15/1965,,Caribe,Caribe,Sinú,Bajo Sinú,8.86909103393555,9.70909118652344,15,15,0.561594188213348,0.789855062961578,1,1,1.04999995231628,2008,09,51,40,40,41.9999980926514,0,24.6888751983643,2008-09-01,37.038990020752,39.6042900085449,61.5503273010254
13080010,Pluviométrica,Convencional,Córdoba,San Pelayo,8.9359,-75.9533,50,9/15/1965,,Caribe,Caribe,Sinú,Bajo Sinú,8.86909103393555,9.70909118652344,15,15,0.561594188213348,0.789855062961578,1,1,1.04999995231628,2008,09,52,10,10,10.4999995231628,0,38.0506134033203,2008-09-01,67.5593872070313,13.8485250473022,19.7512912750244
13080010,Pluviométrica,Convencional,Córdoba,San Pelayo,8.9359,-75.9533,50,9/15/1965,,Caribe,Caribe,Sinú,Bajo Sinú,8.86909103393555,9.70909118652344,15,15,0.561594188213348,0.789855062961578,1,1,1.04999995231628,2008,09,53,70,70,73.4999966621399,0,24.6539897918701,2008-09-01,35.7660026550293,41.5421485900879,48.1886749267578
13080010,Pluviométrica,Convencional,Córdoba,San Pelayo,8.9359,-75.9533,50,9/15/1965,,Caribe,Caribe,Sinú,Bajo Sinú,8.86909103393555,9.70909118652344,15,15,0.561594188213348,0.789855062961578,1,1,1.04999995231628,2008,09,54,85,85,89.2499959468842,0,20.3851165771484,2008-09-01,24.386754989624,38.7899436950684,41.8093147277832
13080010,Pluviométrica,Convencional,Córdoba,San Pelayo,8.9359,-75.9533,50,9/15/1965,,Caribe,Caribe,Sinú,Bajo Sinú,8.86909103393555,9.70909118652344,15,15,0.561594188213348,0.789855062961578,1,1,1.05999994277954,2008,10,55,85,85,90.099995136261,0,30.8762531280518,2008-10-01,35.3678817749023,41.995677947998,39.8489456176758
13080010,Pluviométrica,Convencional,Córdoba,San Pelayo,8.9359,-75.9533,50,9/15/1965,,Caribe,Caribe,Sinú,Bajo Sinú,8.86909103393555,9.70909118652344,15,15,0.561594188213348,0.789855062961578,1,1,1.05999994277954,2008,10,56,107,107,113.419993877411,0,48.9931297302246,2008-10-01,55.2736778259277,96.91796875,86.6593551635742
13080010,Pluviométrica,Convencional,Córdoba,San Pelayo,8.9359,-75.9533,50,9/15/1965,,Caribe,Caribe,Sinú,Bajo Sinú,8.86909103393555,9.70909118652344,15,15,0.561594188213348,0.789855062961578,1,1,1.05999994277954,2008,10,57,82,82,86.9199953079224,0,13.6955757141113,2008-10-01,11.4278030395508,28.8427047729492,22.0788040161133
13080010,Pluviométrica,Convencional,Córdoba,San Pelayo,8.9359,-75.9533,50,9/15/1965,,Caribe,Caribe,Sinú,Bajo Sinú,8.86909103393555,9.70909118652344,15,15,0.561594188213348,0.789855062961578,1,1,1.05999994277954,2008,10,58,14,14,14.8399991989136,0,30.0326671600342,2008-10-01,29.9964714050293,39.2117881774902,34.4631805419922
13080010,Pluviométrica,Convencional,Córdoba,San Pelayo,8.9359,-75.9533,50,9/15/1965,,Caribe,Caribe,Sinú,Bajo Sinú,8.86909103393555,9.70909118652344,15,15,0.561594188213348,0.789855062961578,1,1,1.05999994277954,2008,10,59,70,70,74.1999959945679,0,21.1130504608154,2008-10-01,22.0415534973145,20.9656581878662,21.7770328521729
13080010,Pluviométrica,Convencional,Córdoba,San Pelayo,8.9359,-75.9533,50,9/15/1965,,Caribe,Caribe,Sinú,Bajo Sinú,8.86909103393555,9.70909118652344,15,15,0.561594188213348,0.789855062961578,1,1,1.05999994277954,2008,10,60,0,0,0,0,25.750509262085,2008-10-01,24.6652355194092,20.5811939239502,20.8525409698486
13080010,Pluviométrica,Convencional,Córdoba,San Pelayo,8.9359,-75.9533,50,9/15/1965,,Caribe,Caribe,Sinú,Bajo Sinú,8.86909103393555,9.70909118652344,15,15,0.561594188213348,0.789855062961578,1,1,1.07000005245209,2008,11,61,75,75,80.2500039339066,0,30.5844058990479,2008-11-01,36.0891647338867,36.5144767761231,32.6495933532715
13080010,Pluviométrica,Convencional,Córdoba,San Pelayo,8.9359,-75.9533,50,9/15/1965,,Caribe,Caribe,Sinú,Bajo Sinú,8.86909103393555,9.70909118652344,15,15,0.561594188213348,0.789855062961578,1,1,1.07000005245209,2008,11,62,0,0,0,0,5.63039779663086,2008-11-01,2.80395913124084,6.74164199829102,5.52753353118897
13080010,Pluviométrica,Convencional,Córdoba,San Pelayo,8.9359,-75.9533,50,9/15/1965,,Caribe,Caribe,Sinú,Bajo Sinú,8.86909103393555,9.70909118652344,15,15,0.561594188213348,0.789855062961578,1,1,1.07000005245209,2008,11,63,15,15,16.0500007867813,0,4.63815069198608,2008-11-01,2.05386996269226,7.4234881401062,5.56549024581909
13080010,Pluviométrica,Convencional,Córdoba,San Pelayo,8.9359,-75.9533,50,9/15/1965,,Caribe,Caribe,Sinú,Bajo Sinú,8.86909103393555,9.70909118652344,15,15,0.561594188213348,0.789855062961578,1,1,1.07000005245209,2008,11,64,75,75,80.2500039339066,0,7.8765435218811,2008-11-01,6.10386800765991,9.97515201568604,18.4393157958984
13080010,Pluviométrica,Convencional,Córdoba,San Pelayo,8.9359,-75.9533,50,9/15/1965,,Caribe,Caribe,Sinú,Bajo Sinú,8.86909103393555,9.70909118652344,15,15,0.561594188213348,0.789855062961578,1,1,1.07000005245209,2008,11,65,105,105,112.350005507469,0,32.1466865539551,2008-11-01,48.1070861816406,101.381568908691,113.560691833496
13080010,Pluviométrica,Convencional,Córdoba,San Pelayo,8.9359,-75.9533,50,9/15/1965,,Caribe,Caribe,Sinú,Bajo Sinú,8.86909103393555,9.70909118652344,15,15,0.561594188213348,0.789855062961578,1,1,1.07000005245209,2008,11,66,45,45,48.1500023603439,0,26.6897773742676,2008-11-01,43.3213233947754,66.3607940673828,78.9221343994141
13080010,Pluviométrica,Convencional,Córdoba,San Pelayo,8.9359,-75.9533,50,9/15/1965,,Caribe,Caribe,Sinú,Bajo Sinú,8.86909103393555,9.70909118652344,15,15,0.561594188213348,0.789855062961578,1,1,1.08000004291534,2008,12,67,15,15,16.2000006437302,0,2.81633234024048,2008-12-01,0,2.90811800956726,0
13080010,Pluviométrica,Convencional,Córdoba,San Pelayo,8.9359,-75.9533,50,9/15/1965,,Caribe,Caribe,Sinú,Bajo Sinú,8.86909103393555,9.70909118652344,15,15,0.561594188213348,0.789855062961578,1,1,1.08000004291534,2008,12,68,0,0,0,0,3.99055147171021,2008-12-01,0.229238584637642,2.93857789039612,0.620015621185303
13080010,Pluviométrica,Convencional,Córdoba,San Pelayo,8.9359,-75.9533,50,9/15/1965,,Caribe,Caribe,Sinú,Bajo Sinú,8.86909103393555,9.70909118652344,15,15,0.561594188213348,0.789855062961578,1,1,1.08000004291534,2008,12,69,0,0,0,0,8.54357051849365,2008-12-01,13.0318479537964,4.76836824417114,18.9287414550781
13080010,Pluviométrica,Convencional,Córdoba,San Pelayo,8.9359,-75.9533,50,9/15/1965,,Caribe,Caribe,Sinú,Bajo Sinú,8.86909103393555,9.70909118652344,15,15,0.561594188213348,0.789855062961578,1,1,1.08000004291534,2008,12,70,0,0,0,0,2.30250787734985,2008-12-01,0,2.02109932899475,0
13080010,Pluviométrica,Convencional,Córdoba,San Pelayo,8.9359,-75.9533,50,9/15/1965,,Caribe,Caribe,Sinú,Bajo Sinú,8.86909103393555,9.70909118652344,15,15,0.561594188213348,0.789855062961578,1,1,1.08000004291534,2008,12,71,0,0,0,0,2.52020668983459,2008-12-01,0,2.28060746192932,0
13080010,Pluviométrica,Convencional,Córdoba,San Pelayo,8.9359,-75.9533,50,9/15/1965,,Caribe,Caribe,Sinú,Bajo Sinú,8.86909103393555,9.70909118652344,15,15,0.561594188213348,0.789855062961578,1,1,1.08000004291534,2008,12,72,20,20,21.6000008583069,0,4.20694303512573,2008-12-01,0,4.98575592041016,0
13080010,Pluviométrica,Convencional,Córdoba,San Pelayo,8.9359,-75.9533,50,9/15/1965,,Caribe,Caribe,Sinú,Bajo Sinú,8.86909103393555,9.70909118652344,15,15,0.561594188213348,0.789855062961578,1,1,1.10000002384186,2009,01,1,0,0,0,0,0.889097690582275,2009-01-01,0,1.3687047958374,0
13080010,Pluviométrica,Convencional,Córdoba,San Pelayo,8.9359,-75.9533,50,9/15/1965,,Caribe,Caribe,Sinú,Bajo Sinú,8.86909103393555,9.70909118652344,15,15,0.561594188213348,0.789855062961578,1,1,1.10000002384186,2009,01,2,35,35,38.500000834465,0,4.40452480316162,2009-01-01,6.26784420013428,9.54913902282715,13.4388236999512
13080010,Pluviométrica,Convencional,Córdoba,San Pelayo,8.9359,-75.9533,50,9/15/1965,,Caribe,Caribe,Sinú,Bajo Sinú,8.86909103393555,9.70909118652344,15,15,0.561594188213348,0.789855062961578,1,1,1.10000002384186,2009,01,3,0,0,0,0,0.879952847957611,2009-01-01,0,1.23871421813965,0
13080010,Pluviométrica,Convencional,Córdoba,San Pelayo,8.9359,-75.9533,50,9/15/1965,,Caribe,Caribe,Sinú,Bajo Sinú,8.86909103393555,9.70909118652344,15,15,0.561594188213348,0.789855062961578,1,1,1.10000002384186,2009,01,4,0,0,0,0,0.979983925819397,2009-01-01,0,1.45173120498657,0
13080010,Pluviométrica,Convencional,Córdoba,San Pelayo,8.9359,-75.9533,50,9/15/1965,,Caribe,Caribe,Sinú,Bajo Sinú,8.86909103393555,9.70909118652344,15,15,0.561594188213348,0.789855062961578,1,1,1.10000002384186,2009,01,5,0,0,0,0,7.92404460906982,2009-01-01,12.996319770813,8.66244506835938,13.2110319137573
13080010,Pluviométrica,Convencional,Córdoba,San Pelayo,8.9359,-75.9533,50,9/15/1965,,Caribe,Caribe,Sinú,Bajo Sinú,8.86909103393555,9.70909118652344,15,15,0.561594188213348,0.789855062961578,1,1,1.10000002384186,2009,01,6,0,0,0,0,5.23010396957398,2009-01-01,7.69700527191162,5.51722860336304,5.31667804718018
13080010,Pluviométrica,Convencional,Córdoba,San Pelayo,8.9359,-75.9533,50,9/15/1965,,Caribe,Caribe,Sinú,Bajo Sinú,8.86909103393555,9.70909118652344,15,15,0.561594188213348,0.789855062961578,1,1,1.12000000476837,2009,02,7,25,25,28.0000001192093,0,2.60250782966614,2009-02-01,1.17031812667847,2.90810132026672,2.07422018051147
13080010,Pluviométrica,Convencional,Córdoba,San Pelayo,8.9359,-75.9533,50,9/15/1965,,Caribe,Caribe,Sinú,Bajo Sinú,8.86909103393555,9.70909118652344,15,15,0.561594188213348,0.789855062961578,1,1,1.12000000476837,2009,02,8,0,0,0,0,2.55548405647278,2009-02-01,1.77876543998718,2.30018925666809,1.98499298095703
13080010,Pluviométrica,Convencional,Córdoba,San Pelayo,8.9359,-75.9533,50,9/15/1965,,Caribe,Caribe,Sinú,Bajo Sinú,8.86909103393555,9.70909118652344,15,15,0.561594188213348,0.789855062961578,1,1,1.12000000476837,2009,02,9,28,28,31.3600001335144,0,5.65496921539307,2009-02-01,8.45112991333008,7.51903820037842,9.83221530914307
13080010,Pluviométrica,Convencional,Córdoba,San Pelayo,8.9359,-75.9533,50,9/15/1965,,Caribe,Caribe,Sinú,Bajo Sinú,8.86909103393555,9.70909118652344,15,15,0.561594188213348,0.789855062961578,1,1,1.12000000476837,2009,02,10,30,30,33.6000001430511,0,7.85206508636475,2009-02-01,12.7086000442505,11.4698581695557,14.1690711975098
13080010,Pluviométrica,Convencional,Córdoba,San Pelayo,8.9359,-75.9533,50,9/15/1965,,Caribe,Caribe,Sinú,Bajo Sinú,8.86909103393555,9.70909118652344,15,15,0.561594188213348,0.789855062961578,1,1,1.12000000476837,2009,02,11,0,0,0,0,2.34420990943909,2009-02-01,0,2.09615063667297,0
13080010,Pluviométrica,Convencional,Córdoba,San Pelayo,8.9359,-75.9533,50,9/15/1965,,Caribe,Caribe,Sinú,Bajo Sinú,8.86909103393555,9.70909118652344,15,15,0.561594188213348,0.789855062961578,1,1,1.12000000476837,2009,02,12,0,0,0,0,3.56911325454712,2009-02-01,6.14652347564697,2.67823004722595,3.86042714118958
13080010,Pluviométrica,Convencional,Córdoba,San Pelayo,8.9359,-75.9533,50,9/15/1965,,Caribe,Caribe,Sinú,Bajo Sinú,8.86909103393555,9.70909118652344,15,15,0.561594188213348,0.789855062961578,1,1,1.11000001430511,2009,03,13,15,15,16.6500002145767,0,7.28649520874023,2009-03-01,23.5759029388428,9.02719974517822,17.4776763916016
13080010,Pluviométrica,Convencional,Córdoba,San Pelayo,8.9359,-75.9533,50,9/15/1965,,Caribe,Caribe,Sinú,Bajo Sinú,8.86909103393555,9.70909118652344,15,15,0.561594188213348,0.789855062961578,1,1,1.11000001430511,2009,03,14,0,0,0,0,1.28081202507019,2009-03-01,0,1.00585782527924,0
13080010,Pluviométrica,Convencional,Córdoba,San Pelayo,8.9359,-75.9533,50,9/15/1965,,Caribe,Caribe,Sinú,Bajo Sinú,8.86909103393555,9.70909118652344,15,15,0.561594188213348,0.789855062961578,1,1,1.11000001430511,2009,03,15,0,0,0,0,0.377012878656387,2009-03-01,0,0.382766515016556,0
13080010,Pluviométrica,Convencional,Córdoba,San Pelayo,8.9359,-75.9533,50,9/15/1965,,Caribe,Caribe,Sinú,Bajo Sinú,8.86909103393555,9.70909118652344,15,15,0.561594188213348,0.789855062961578,1,1,1.11000001430511,2009,03,16,0,0,0,0,0.344353377819061,2009-03-01,0,0.357874482870102,0
13080010,Pluviométrica,Convencional,Córdoba,San Pelayo,8.9359,-75.9533,50,9/15/1965,,Caribe,Caribe,Sinú,Bajo Sinú,8.86909103393555,9.70909118652344,15,15,0.561594188213348,0.789855062961578,1,1,1.11000001430511,2009,03,17,0,0,0,0,0.418497234582901,2009-03-01,0,0.43724063038826,0
13080010,Pluviométrica,Convencional,Córdoba,San Pelayo,8.9359,-75.9533,50,9/15/1965,,Caribe,Caribe,Sinú,Bajo Sinú,8.86909103393555,9.70909118652344,15,15,0.561594188213348,0.789855062961578,1,1,1.11000001430511,2009,03,18,30,30,33.3000004291534,0,4.15117740631104,2009-03-01,2.03738713264465,2.24413561820984,3.49226331710815
13080010,Pluviométrica,Convencional,Córdoba,San Pelayo,8.9359,-75.9533,50,9/15/1965,,Caribe,Caribe,Sinú,Bajo Sinú,8.86909103393555,9.70909118652344,15,15,0.561594188213348,0.789855062961578,1,1,1.07000005245209,2009,04,19,0,0,0,0,1.05935859680176,2009-04-01,0,1.03742957115173,0
13080010,Pluviométrica,Convencional,Córdoba,San Pelayo,8.9359,-75.9533,50,9/15/1965,,Caribe,Caribe,Sinú,Bajo Sinú,8.86909103393555,9.70909118652344,15,15,0.561594188213348,0.789855062961578,1,1,1.07000005245209,2009,04,20,15,15,16.0500007867813,0,4.19633769989014,2009-04-01,2.04728603363037,6.42840528488159,6.09947681427002
13080010,Pluviométrica,Convencional,Córdoba,San Pelayo,8.9359,-75.9533,50,9/15/1965,,Caribe,Caribe,Sinú,Bajo Sinú,8.86909103393555,9.70909118652344,15,15,0.561594188213348,0.789855062961578,1,1,1.07000005245209,2009,04,21,0,0,0,0,9.40945625305176,2009-04-01,11.0935840606689,8.364089012146,9.41398620605469
13080010,Pluviométrica,Convencional,Córdoba,San Pelayo,8.9359,-75.9533,50,9/15/1965,,Caribe,Caribe,Sinú,Bajo Sinú,8.86909103393555,9.70909118652344,15,15,0.561594188213348,0.789855062961578,1,1,1.07000005245209,2009,04,22,40,40,42.8000020980835,0,2.43559312820435,2009-04-01,0,5.60322618484497,0
13080010,Pluviométrica,Convencional,Córdoba,San Pelayo,8.9359,-75.9533,50,9/15/1965,,Caribe,Caribe,Sinú,Bajo Sinú,8.86909103393555,9.70909118652344,15,15,0.561594188213348,0.789855062961578,1,1,1.07000005245209,2009,04,23,40,40,42.8000020980835,0,18.7792072296143,2009-04-01,37.2444496154785,29.2286567687988,49.1462860107422
13080010,Pluviométrica,Convencional,Córdoba,San Pelayo,8.9359,-75.9533,50,9/15/1965,,Caribe,Caribe,Sinú,Bajo Sinú,8.86909103393555,9.70909118652344,15,15,0.561594188213348,0.789855062961578,1,1,1.07000005245209,2009,04,24,0,0,0,0,5.60399723052979,2009-04-01,2.65681314468384,3.74967980384827,1.97039318084717
13080010,Pluviométrica,Convencional,Córdoba,San Pelayo,8.9359,-75.9533,50,9/15/1965,,Caribe,Caribe,Sinú,Bajo Sinú,8.86909103393555,9.70909118652344,15,15,0.561594188213348,0.789855062961578,1,1,1.04999995231628,2009,05,25,30,30,31.4999985694885,0,13.9932346343994,2009-05-01,25.123218536377,22.3851909637451,25.6903877258301
13080010,Pluviométrica,Convencional,Córdoba,San Pelayo,8.9359,-75.9533,50,9/15/1965,,Caribe,Caribe,Sinú,Bajo Sinú,8.86909103393555,9.70909118652344,15,15,0.561594188213348,0.789855062961578,1,1,1.04999995231628,2009,05,26,45,45,47.2499978542328,0,10.442232131958,2009-05-01,15.8043127059937,20.6554183959961,28.0443534851074
13080010,Pluviométrica,Convencional,Córdoba,San Pelayo,8.9359,-75.9533,50,9/15/1965,,Caribe,Caribe,Sinú,Bajo Sinú,8.86909103393555,9.70909118652344,15,15,0.561594188213348,0.789855062961578,1,1,1.04999995231628,2009,05,27,90,90,94.4999957084656,0,32.6332740783691,2009-05-01,68.7518081665039,44.4345817565918,52.1076316833496
13080010,Pluviométrica,Convencional,Córdoba,San Pelayo,8.9359,-75.9533,50,9/15/1965,,Caribe,Caribe,Sinú,Bajo Sinú,8.86909103393555,9.70909118652344,15,15,0.561594188213348,0.789855062961578,1,1,1.04999995231628,2009,05,28,65,65,68.2499969005585,0,11.830376625061,2009-05-01,19.8687133789063,14.4658203125,25.8799133300781
13080010,Pluviométrica,Convencional,Córdoba,San Pelayo,8.9359,-75.9533,50,9/15/1965,,Caribe,Caribe,Sinú,Bajo Sinú,8.86909103393555,9.70909118652344,15,15,0.561594188213348,0.789855062961578,1,1,1.04999995231628,2009,05,29,15,15,15.7499992847443,0,25.9440631866455,2009-05-01,50.1866111755371,21.7605724334717,31.0517463684082
13080010,Pluviométrica,Convencional,Córdoba,San Pelayo,8.9359,-75.9533,50,9/15/1965,,Caribe,Caribe,Sinú,Bajo Sinú,8.86909103393555,9.70909118652344,15,15,0.561594188213348,0.789855062961578,1,1,1.04999995231628,2009,05,30,20,20,20.9999990463257,0,15.5730752944946,2009-05-01,21.5210666656494,23.9857349395752,29.9632396697998
13080010,Pluviométrica,Convencional,Córdoba,San Pelayo,8.9359,-75.9533,50,9/15/1965,,Caribe,Caribe,Sinú,Bajo Sinú,8.86909103393555,9.70909118652344,15,15,0.561594188213348,0.789855062961578,1,1,1.05999994277954,2009,06,31,0,0,0,0,15.066499710083,2009-06-01,14.6411275863647,8.69758415222168,8.3735818862915
13080010,Pluviométrica,Convencional,Córdoba,San Pelayo,8.9359,-75.9533,50,9/15/1965,,Caribe,Caribe,Sinú,Bajo Sinú,8.86909103393555,9.70909118652344,15,15,0.561594188213348,0.789855062961578,1,1,1.05999994277954,2009,06,32,63,63,66.7799963951111,0,32.7894630432129,2009-06-01,36.5530242919922,49.4072875976563,62.6074562072754
13080010,Pluviométrica,Convencional,Córdoba,San Pelayo,8.9359,-75.9533,50,9/15/1965,,Caribe,Caribe,Sinú,Bajo Sinú,8.86909103393555,9.70909118652344,15,15,0.561594188213348,0.789855062961578,1,1,1.05999994277954,2009,06,33,85,85,90.099995136261,0,21.7850685119629,2009-06-01,18.6048316955566,42.5147933959961,46.1459732055664
13080010,Pluviométrica,Convencional,Córdoba,San Pelayo,8.9359,-75.9533,50,9/15/1965,,Caribe,Caribe,Sinú,Bajo Sinú,8.86909103393555,9.70909118652344,15,15,0.561594188213348,0.789855062961578,1,1,1.05999994277954,2009,06,34,75,75,79.4999957084656,0,27.1309013366699,2009-06-01,25.6243858337402,17.0886745452881,16.2188835144043
13080010,Pluviométrica,Convencional,Córdoba,San Pelayo,8.9359,-75.9533,50,9/15/1965,,Caribe,Caribe,Sinú,Bajo Sinú,8.86909103393555,9.70909118652344,15,15,0.561594188213348,0.789855062961578,1,1,1.05999994277954,2009,06,35,30,30,31.7999982833862,0,33.9783401489258,2009-06-01,36.6366653442383,40.9578399658203,49.2768058776856
13080010,Pluviométrica,Convencional,Córdoba,San Pelayo,8.9359,-75.9533,50,9/15/1965,,Caribe,Caribe,Sinú,Bajo Sinú,8.86909103393555,9.70909118652344,15,15,0.561594188213348,0.789855062961578,1,1,1.05999994277954,2009,06,36,15,15,15.8999991416931,0,16.6541576385498,2009-06-01,18.5845336914063,21.9103660583496,22.7554912567139
13080010,Pluviométrica,Convencional,Córdoba,San Pelayo,8.9359,-75.9533,50,9/15/1965,,Caribe,Caribe,Sinú,Bajo Sinú,8.86909103393555,9.70909118652344,15,15,0.561594188213348,0.789855062961578,1,1,1.05999994277954,2009,07,37,90,90,95.3999948501587,0,26.6878089904785,2009-07-01,44.6407279968262,53.4826049804688,73.3199996948242
13080010,Pluviométrica,Convencional,Córdoba,San Pelayo,8.9359,-75.9533,50,9/15/1965,,Caribe,Caribe,Sinú,Bajo Sinú,8.86909103393555,9.70909118652344,15,15,0.561594188213348,0.789855062961578,1,1,1.05999994277954,2009,07,38,65,65,68.8999962806702,0,15.1801500320435,2009-07-01,25.9615707397461,39.015495300293,62.2663192749024
13080010,Pluviométrica,Convencional,Córdoba,San Pelayo,8.9359,-75.9533,50,9/15/1965,,Caribe,Caribe,Sinú,Bajo Sinú,8.86909103393555,9.70909118652344,15,15,0.561594188213348,0.789855062961578,1,1,1.05999994277954,2009,07,39,35,35,37.0999979972839,0,13.6723690032959,2009-07-01,24.1040687561035,26.6894512176514,48.3528442382813
13080010,Pluviométrica,Convencional,Córdoba,San Pelayo,8.9359,-75.9533,50,9/15/1965,,Caribe,Caribe,Sinú,Bajo Sinú,8.86909103393555,9.70909118652344,15,15,0.561594188213348,0.789855062961578,1,1,1.05999994277954,2009,07,40,30,30,31.7999982833862,0,17.208812713623,2009-07-01,32.3180122375488,20.1370811462402,29.3202381134033
13080010,Pluviométrica,Convencional,Córdoba,San Pelayo,8.9359,-75.9533,50,9/15/1965,,Caribe,Caribe,Sinú,Bajo Sinú,8.86909103393555,9.70909118652344,15,15,0.561594188213348,0.789855062961578,1,1,1.05999994277954,2009,07,41,15,15,15.8999991416931,0,22.2037887573242,2009-07-01,45.6390342712402,16.6733226776123,29.6573390960693
13080010,Pluviométrica,Convencional,Córdoba,San Pelayo,8.9359,-75.9533,50,9/15/1965,,Caribe,Caribe,Sinú,Bajo Sinú,8.86909103393555,9.70909118652344,15,15,0.561594188213348,0.789855062961578,1,1,1.05999994277954,2009,07,42,50,50,52.9999971389771,0,16.9269123077393,2009-07-01,22.5222969055176,36.5720710754395,46.7400016784668
13080010,Pluviométrica,Convencional,Córdoba,San Pelayo,8.9359,-75.9533,50,9/15/1965,,Caribe,Caribe,Sinú,Bajo Sinú,8.86909103393555,9.70909118652344,15,15,0.561594188213348,0.789855062961578,1,1,1.04999995231628,2009,08,43,0,0,0,0,16.8947620391846,2009-08-01,22.868091583252,9.55730628967285,12.8825855255127
13080010,Pluviométrica,Convencional,Córdoba,San Pelayo,8.9359,-75.9533,50,9/15/1965,,Caribe,Caribe,Sinú,Bajo Sinú,8.86909103393555,9.70909118652344,15,15,0.561594188213348,0.789855062961578,1,1,1.04999995231628,2009,08,44,30,30,31.4999985694885,0,35.3503646850586,2009-08-01,46.1741523742676,38.8458366394043,41.9524078369141
13080010,Pluviométrica,Convencional,Córdoba,San Pelayo,8.9359,-75.9533,50,9/15/1965,,Caribe,Caribe,Sinú,Bajo Sinú,8.86909103393555,9.70909118652344,15,15,0.561594188213348,0.789855062961578,1,1,1.04999995231628,2009,08,45,20,20,20.9999990463257,0,19.7052879333496,2009-08-01,26.1304416656494,39.807991027832,57.9234619140625
13080010,Pluviométrica,Convencional,Córdoba,San Pelayo,8.9359,-75.9533,50,9/15/1965,,Caribe,Caribe,Sinú,Bajo Sinú,8.86909103393555,9.70909118652344,15,15,0.561594188213348,0.789855062961578,1,1,1.04999995231628,2009,08,46,74,74,77.699996471405,0,23.2769412994385,2009-08-01,29.9371032714844,28.0941543579102,32.0172424316406
13080010,Pluviométrica,Convencional,Córdoba,San Pelayo,8.9359,-75.9533,50,9/15/1965,,Caribe,Caribe,Sinú,Bajo Sinú,8.86909103393555,9.70909118652344,15,15,0.561594188213348,0.789855062961578,1,1,1.04999995231628,2009,08,47,14,14,14.699999332428,0,20.5726623535156,2009-08-01,24.5191497802734,19.4150810241699,24.3386764526367
13080010,Pluviométrica,Convencional,Córdoba,San Pelayo,8.9359,-75.9533,50,9/15/1965,,Caribe,Caribe,Sinú,Bajo Sinú,8.86909103393555,9.70909118652344,15,15,0.561594188213348,0.789855062961578,1,1,1.04999995231628,2009,08,48,10,10,10.4999995231628,0,42.2601509094238,2009-08-01,51.1574058532715,22.9740943908691,28.967113494873
13080010,Pluviométrica,Convencional,Córdoba,San Pelayo,8.9359,-75.9533,50,9/15/1965,,Caribe,Caribe,Sinú,Bajo Sinú,8.86909103393555,9.70909118652344,15,15,0.561594188213348,0.789855062961578,1,1,1.04999995231628,2009,09,49,0,0,0,0,19.5761203765869,2009-09-01,26.4920196533203,6.72412919998169,7.76602840423584
13080010,Pluviométrica,Convencional,Córdoba,San Pelayo,8.9359,-75.9533,50,9/15/1965,,Caribe,Caribe,Sinú,Bajo Sinú,8.86909103393555,9.70909118652344,15,15,0.561594188213348,0.789855062961578,1,1,1.04999995231628,2009,09,50,53,53,55.6499974727631,0,21.1396942138672,2009-09-01,28.9988613128662,27.4449253082275,32.1272621154785
13080010,Pluviométrica,Convencional,Córdoba,San Pelayo,8.9359,-75.9533,50,9/15/1965,,Caribe,Caribe,Sinú,Bajo Sinú,8.86909103393555,9.70909118652344,15,15,0.561594188213348,0.789855062961578,1,1,1.04999995231628,2009,09,51,140,140,146.99999332428,0,24.3770503997803,2009-09-01,32.9641342163086,69.3348159790039,97.2288208007813
13080010,Pluviométrica,Convencional,Córdoba,San Pelayo,8.9359,-75.9533,50,9/15/1965,,Caribe,Caribe,Sinú,Bajo Sinú,8.86909103393555,9.70909118652344,15,15,0.561594188213348,0.789855062961578,1,1,1.04999995231628,2009,09,52,0,0,0,0,22.9052448272705,2009-09-01,33.5986747741699,22.2383518218994,13.665657043457
13080010,Pluviométrica,Convencional,Córdoba,San Pelayo,8.9359,-75.9533,50,9/15/1965,,Caribe,Caribe,Sinú,Bajo Sinú,8.86909103393555,9.70909118652344,15,15,0.561594188213348,0.789855062961578,1,1,1.04999995231628,2009,09,53,0,0,0,0,21.9770355224609,2009-09-01,29.3846416473389,13.4801769256592,17.6662006378174
13080010,Pluviométrica,Convencional,Córdoba,San Pelayo,8.9359,-75.9533,50,9/15/1965,,Caribe,Caribe,Sinú,Bajo Sinú,8.86909103393555,9.70909118652344,15,15,0.561594188213348,0.789855062961578,1,1,1.04999995231628,2009,09,54,40,40,41.9999980926514,0,19.7563781738281,2009-09-01,24.1263008117676,32.9078712463379,39.8128547668457
13080010,Pluviométrica,Convencional,Córdoba,San Pelayo,8.9359,-75.9533,50,9/15/1965,,Caribe,Caribe,Sinú,Bajo Sinú,8.86909103393555,9.70909118652344,15,15,0.561594188213348,0.789855062961578,1,1,1.05999994277954,2009,10,55,0,0,0,0,38.2108039855957,2009-10-01,45.7177581787109,11.4399089813232,13.1653051376343
13080010,Pluviométrica,Convencional,Córdoba,San Pelayo,8.9359,-75.9533,50,9/15/1965,,Caribe,Caribe,Sinú,Bajo Sinú,8.86909103393555,9.70909118652344,15,15,0.561594188213348,0.789855062961578,1,1,1.05999994277954,2009,10,56,45,45,47.6999974250794,0,23.0544700622559,2009-10-01,23.6439323425293,21.6767711639404,24.0836334228516
13080010,Pluviométrica,Convencional,Córdoba,San Pelayo,8.9359,-75.9533,50,9/15/1965,,Caribe,Caribe,Sinú,Bajo Sinú,8.86909103393555,9.70909118652344,15,15,0.561594188213348,0.789855062961578,1,1,1.05999994277954,2009,10,57,55,55,58.2999968528748,0,32.8008193969727,2009-10-01,33.9302711486816,59.6380462646484,51.5486106872559
13080010,Pluviométrica,Convencional,Córdoba,San Pelayo,8.9359,-75.9533,50,9/15/1965,,Caribe,Caribe,Sinú,Bajo Sinú,8.86909103393555,9.70909118652344,15,15,0.561594188213348,0.789855062961578,1,1,1.05999994277954,2009,10,58,50,50,52.9999971389771,0,28.3553409576416,2009-10-01,28.9996032714844,30.2024459838867,24.8890190124512
13080010,Pluviométrica,Convencional,Córdoba,San Pelayo,8.9359,-75.9533,50,9/15/1965,,Caribe,Caribe,Sinú,Bajo Sinú,8.86909103393555,9.70909118652344,15,15,0.561594188213348,0.789855062961578,1,1,1.05999994277954,2009,10,59,15,15,15.8999991416931,0,37.9278869628906,2009-10-01,42.8741493225098,27.8493938446045,31.4435234069824
13080010,Pluviométrica,Convencional,Córdoba,San Pelayo,8.9359,-75.9533,50,9/15/1965,,Caribe,Caribe,Sinú,Bajo Sinú,8.86909103393555,9.70909118652344,15,15,0.561594188213348,0.789855062961578,1,1,1.05999994277954,2009,10,60,30,30,31.7999982833862,0,42.3382263183594,2009-10-01,40.8767242431641,28.1319561004639,27.8313636779785
13080010,Pluviométrica,Convencional,Córdoba,San Pelayo,8.9359,-75.9533,50,9/15/1965,,Caribe,Caribe,Sinú,Bajo Sinú,8.86909103393555,9.70909118652344,15,15,0.561594188213348,0.789855062961578,1,1,1.07000005245209,2009,11,61,45,45,48.1500023603439,0,13.0343036651611,2009-11-01,11.5138263702393,36.2216720581055,33.1004600524902
13080010,Pluviométrica,Convencional,Córdoba,San Pelayo,8.9359,-75.9533,50,9/15/1965,,Caribe,Caribe,Sinú,Bajo Sinú,8.86909103393555,9.70909118652344,15,15,0.561594188213348,0.789855062961578,1,1,1.07000005245209,2009,11,62,45,45,48.1500023603439,0,15.089958190918,2009-11-01,19.5631790161133,16.7039241790772,20.5729064941406
13080010,Pluviométrica,Convencional,Córdoba,San Pelayo,8.9359,-75.9533,50,9/15/1965,,Caribe,Caribe,Sinú,Bajo Sinú,8.86909103393555,9.70909118652344,15,15,0.561594188213348,0.789855062961578,1,1,1.07000005245209,2009,11,63,20,20,21.4000010490417,0,18.9073829650879,2009-11-01,27.5350818634033,15.4811868667603,18.4037322998047
13080010,Pluviométrica,Convencional,Córdoba,San Pelayo,8.9359,-75.9533,50,9/15/1965,,Caribe,Caribe,Sinú,Bajo Sinú,8.86909103393555,9.70909118652344,15,15,0.561594188213348,0.789855062961578,1,1,1.07000005245209,2009,11,64,0,0,0,0,17.1996440887451,2009-11-01,20.4672698974609,10.2991237640381,14.4600162506104
13080010,Pluviométrica,Convencional,Córdoba,San Pelayo,8.9359,-75.9533,50,9/15/1965,,Caribe,Caribe,Sinú,Bajo Sinú,8.86909103393555,9.70909118652344,15,15,0.561594188213348,0.789855062961578,1,1,1.07000005245209,2009,11,65,15,15,16.0500007867813,0,28.5123558044434,2009-11-01,41.970401763916,11.5016450881958,15.341287612915
13080010,Pluviométrica,Convencional,Córdoba,San Pelayo,8.9359,-75.9533,50,9/15/1965,,Caribe,Caribe,Sinú,Bajo Sinú,8.86909103393555,9.70909118652344,15,15,0.561594188213348,0.789855062961578,1,1,1.07000005245209,2009,11,66,0,0,0,0,10.1090612411499,2009-11-01,10.5183219909668,3.78557825088501,4.63439083099365
13080010,Pluviométrica,Convencional,Córdoba,San Pelayo,8.9359,-75.9533,50,9/15/1965,,Caribe,Caribe,Sinú,Bajo Sinú,8.86909103393555,9.70909118652344,15,15,0.561594188213348,0.789855062961578,1,1,1.08000004291534,2009,12,67,0,0,0,0,2.30289554595947,2009-12-01,0,2.19336104393005,0
13080010,Pluviométrica,Convencional,Córdoba,San Pelayo,8.9359,-75.9533,50,9/15/1965,,Caribe,Caribe,Sinú,Bajo Sinú,8.86909103393555,9.70909118652344,15,15,0.561594188213348,0.789855062961578,1,1,1.08000004291534,2009,12,68,15,15,16.2000006437302,0,2.5890908241272,2009-12-01,0,4.76025390625,0
13080010,Pluviométrica,Convencional,Córdoba,San Pelayo,8.9359,-75.9533,50,9/15/1965,,Caribe,Caribe,Sinú,Bajo Sinú,8.86909103393555,9.70909118652344,15,15,0.561594188213348,0.789855062961578,1,1,1.08000004291534,2009,12,69,0,0,0,0,2.12176465988159,2009-12-01,0,3.47527265548706,0
13080010,Pluviométrica,Convencional,Córdoba,San Pelayo,8.9359,-75.9533,50,9/15/1965,,Caribe,Caribe,Sinú,Bajo Sinú,8.86909103393555,9.70909118652344,15,15,0.561594188213348,0.789855062961578,1,1,1.08000004291534,2009,12,70,0,0,0,0,6.94232511520386,2009-12-01,6.03828477859497,4.46178579330444,5.95516872406006
13080010,Pluviométrica,Convencional,Córdoba,San Pelayo,8.9359,-75.9533,50,9/15/1965,,Caribe,Caribe,Sinú,Bajo Sinú,8.86909103393555,9.70909118652344,15,15,0.561594188213348,0.789855062961578,1,1,1.08000004291534,2009,12,71,0,0,0,0,2.52020668983459,2009-12-01,0,3.03280854225159,0
13080010,Pluviométrica,Convencional,Córdoba,San Pelayo,8.9359,-75.9533,50,9/15/1965,,Caribe,Caribe,Sinú,Bajo Sinú,8.86909103393555,9.70909118652344,15,15,0.561594188213348,0.789855062961578,1,1,1.08000004291534,2009,12,72,30,30,32.4000012874603,0,6.25273132324219,2009-12-01,2.14976072311401,9.25450038909912,13.3821249008179
13080010,Pluviométrica,Convencional,Córdoba,San Pelayo,8.9359,-75.9533,50,9/15/1965,,Caribe,Caribe,Sinú,Bajo Sinú,8.86909103393555,9.70909118652344,15,15,0.561594188213348,0.789855062961578,1,1,1.10000002384186,2010,01,1,0,0,0,0,0.889097690582275,2010-01-01,0,0.56925505399704,0
13080010,Pluviométrica,Convencional,Córdoba,San Pelayo,8.9359,-75.9533,50,9/15/1965,,Caribe,Caribe,Sinú,Bajo Sinú,8.86909103393555,9.70909118652344,15,15,0.561594188213348,0.789855062961578,1,1,1.10000002384186,2010,01,2,0,0,0,0,0.847451388835907,2010-01-01,0,0.529403924942017,0
13080010,Pluviométrica,Convencional,Córdoba,San Pelayo,8.9359,-75.9533,50,9/15/1965,,Caribe,Caribe,Sinú,Bajo Sinú,8.86909103393555,9.70909118652344,15,15,0.561594188213348,0.789855062961578,1,1,1.10000002384186,2010,01,3,0,0,0,0,2.25126004219055,2010-01-01,0,1.01526200771332,0
13080010,Pluviométrica,Convencional,Córdoba,San Pelayo,8.9359,-75.9533,50,9/15/1965,,Caribe,Caribe,Sinú,Bajo Sinú,8.86909103393555,9.70909118652344,15,15,0.561594188213348,0.789855062961578,1,1,1.10000002384186,2010,01,4,0,0,0,0,0.979983925819397,2010-01-01,0,0.596205711364746,0
13080010,Pluviométrica,Convencional,Córdoba,San Pelayo,8.9359,-75.9533,50,9/15/1965,,Caribe,Caribe,Sinú,Bajo Sinú,8.86909103393555,9.70909118652344,15,15,0.561594188213348,0.789855062961578,1,1,1.10000002384186,2010,01,5,0,0,0,0,1.00875127315521,2010-01-01,0,0.531632125377655,0
13080010,Pluviométrica,Convencional,Córdoba,San Pelayo,8.9359,-75.9533,50,9/15/1965,,Caribe,Caribe,Sinú,Bajo Sinú,8.86909103393555,9.70909118652344,15,15,0.561594188213348,0.789855062961578,1,1,1.10000002384186,2010,01,6,0,0,0,0,2.33877420425415,2010-01-01,0.156015813350678,1.22656452655792,0.128539949655533
13080010,Pluviométrica,Convencional,Córdoba,San Pelayo,8.9359,-75.9533,50,9/15/1965,,Caribe,Caribe,Sinú,Bajo Sinú,8.86909103393555,9.70909118652344,15,15,0.561594188213348,0.789855062961578,1,1,1.12000000476837,2010,02,7,0,0,0,0,5.02293395996094,2010-02-01,7.91065454483032,2.30092406272888,3.76462721824646
13080010,Pluviométrica,Convencional,Córdoba,San Pelayo,8.9359,-75.9533,50,9/15/1965,,Caribe,Caribe,Sinú,Bajo Sinú,8.86909103393555,9.70909118652344,15,15,0.561594188213348,0.789855062961578,1,1,1.12000000476837,2010,02,8,0,0,0,0,2.55548405647278,2010-02-01,1.77876543998718,1.44903755187988,1.21278822422028
13080010,Pluviométrica,Convencional,Córdoba,San Pelayo,8.9359,-75.9533,50,9/15/1965,,Caribe,Caribe,Sinú,Bajo Sinú,8.86909103393555,9.70909118652344,15,15,0.561594188213348,0.789855062961578,1,1,1.12000000476837,2010,02,9,0,0,0,0,2.52448558807373,2010-02-01,1.78268098831177,1.43968164920807,1.25901806354523
13080010,Pluviométrica,Convencional,Córdoba,San Pelayo,8.9359,-75.9533,50,9/15/1965,,Caribe,Caribe,Sinú,Bajo Sinú,8.86909103393555,9.70909118652344,15,15,0.561594188213348,0.789855062961578,1,1,1.12000000476837,2010,02,10,0,0,0,0,2.46275949478149,2010-02-01,1.43506395816803,1.40865707397461,1.1995302438736
13080010,Pluviométrica,Convencional,Córdoba,San Pelayo,8.9359,-75.9533,50,9/15/1965,,Caribe,Caribe,Sinú,Bajo Sinú,8.86909103393555,9.70909118652344,15,15,0.561594188213348,0.789855062961578,1,1,1.12000000476837,2010,02,11,20,20,22.4000000953674,0,14.6446809768677,2010-02-01,26.9297409057617,8.88582134246826,11.6313371658325
13080010,Pluviométrica,Convencional,Córdoba,San Pelayo,8.9359,-75.9533,50,9/15/1965,,Caribe,Caribe,Sinú,Bajo Sinú,8.86909103393555,9.70909118652344,15,15,0.561594188213348,0.789855062961578,1,1,1.12000000476837,2010,02,12,0,0,0,0,2.33346581459045,2010-02-01,2.18628931045532,1.83312165737152,1.50940322875977
13080010,Pluviométrica,Convencional,Córdoba,San Pelayo,8.9359,-75.9533,50,9/15/1965,,Caribe,Caribe,Sinú,Bajo Sinú,8.86909103393555,9.70909118652344,15,15,0.561594188213348,0.789855062961578,1,1,1.11000001430511,2010,03,13,0,0,0,0,5.04028224945068,2010-03-01,11.8464794158936,7.49221611022949,11.2392292022705
13080010,Pluviométrica,Convencional,Córdoba,San Pelayo,8.9359,-75.9533,50,9/15/1965,,Caribe,Caribe,Sinú,Bajo Sinú,8.86909103393555,9.70909118652344,15,15,0.561594188213348,0.789855062961578,1,1,1.11000001430511,2010,03,14,10,10,11.1000001430511,0,1.77810287475586,2010-03-01,0,2.49445152282715,0
13080010,Pluviométrica,Convencional,Córdoba,San Pelayo,8.9359,-75.9533,50,9/15/1965,,Caribe,Caribe,Sinú,Bajo Sinú,8.86909103393555,9.70909118652344,15,15,0.561594188213348,0.789855062961578,1,1,1.11000001430511,2010,03,15,10,10,11.1000001430511,0,1.74266505241394,2010-03-01,0,3.20706486701965,0
13080010,Pluviométrica,Convencional,Córdoba,San Pelayo,8.9359,-75.9533,50,9/15/1965,,Caribe,Caribe,Sinú,Bajo Sinú,8.86909103393555,9.70909118652344,15,15,0.561594188213348,0.789855062961578,1,1,1.11000001430511,2010,03,16,0,0,0,0,3.98119282722473,2010-03-01,11.5464773178101,5.84752464294434,11.7348852157593
13080010,Pluviométrica,Convencional,Córdoba,San Pelayo,8.9359,-75.9533,50,9/15/1965,,Caribe,Caribe,Sinú,Bajo Sinú,8.86909103393555,9.70909118652344,15,15,0.561594188213348,0.789855062961578,1,1,1.11000001430511,2010,03,17,10,10,11.1000001430511,0,3.43211150169373,2010-03-01,6.64348125457764,2.93613219261169,3.93537473678589
13080010,Pluviométrica,Convencional,Córdoba,San Pelayo,8.9359,-75.9533,50,9/15/1965,,Caribe,Caribe,Sinú,Bajo Sinú,8.86909103393555,9.70909118652344,15,15,0.561594188213348,0.789855062961578,1,1,1.11000001430511,2010,03,18,25,25,27.7500003576279,0,10.2394599914551,2010-03-01,14.3220558166504,17.7438945770264,19.1702499389648
13080010,Pluviométrica,Convencional,Córdoba,San Pelayo,8.9359,-75.9533,50,9/15/1965,,Caribe,Caribe,Sinú,Bajo Sinú,8.86909103393555,9.70909118652344,15,15,0.561594188213348,0.789855062961578,1,1,1.07000005245209,2010,04,19,42,42,44.9400022029877,0,15.0638704299927,2010-04-01,21.7003650665283,24.4525318145752,34.7254867553711
13080010,Pluviométrica,Convencional,Córdoba,San Pelayo,8.9359,-75.9533,50,9/15/1965,,Caribe,Caribe,Sinú,Bajo Sinú,8.86909103393555,9.70909118652344,15,15,0.561594188213348,0.789855062961578,1,1,1.07000005245209,2010,04,20,0,0,0,0,17.929328918457,2010-04-01,25.0158443450928,10.9064636230469,12.63414478302
13080010,Pluviométrica,Convencional,Córdoba,San Pelayo,8.9359,-75.9533,50,9/15/1965,,Caribe,Caribe,Sinú,Bajo Sinú,8.86909103393555,9.70909118652344,15,15,0.561594188213348,0.789855062961578,1,1,1.07000005245209,2010,04,21,60,60,64.2000031471252,0,26.2991199493408,2010-04-01,38.5527267456055,48.1279754638672,49.3835487365723
13080010,Pluviométrica,Convencional,Córdoba,San Pelayo,8.9359,-75.9533,50,9/15/1965,,Caribe,Caribe,Sinú,Bajo Sinú,8.86909103393555,9.70909118652344,15,15,0.561594188213348,0.789855062961578,1,1,1.07000005245209,2010,04,22,0,0,0,0,12.5885124206543,2010-04-01,18.8730163574219,7.7530689239502,9.70601081848145
13080010,Pluviométrica,Convencional,Córdoba,San Pelayo,8.9359,-75.9533,50,9/15/1965,,Caribe,Caribe,Sinú,Bajo Sinú,8.86909103393555,9.70909118652344,15,15,0.561594188213348,0.789855062961578,1,1,1.07000005245209,2010,04,23,0,0,0,0,5.68835735321045,2010-04-01,8.65966033935547,5.94319915771484,9.87470817565918
13080010,Pluviométrica,Convencional,Córdoba,San Pelayo,8.9359,-75.9533,50,9/15/1965,,Caribe,Caribe,Sinú,Bajo Sinú,8.86909103393555,9.70909118652344,15,15,0.561594188213348,0.789855062961578,1,1,1.07000005245209,2010,04,24,10,10,10.7000005245209,0,14.3655223846436,2010-04-01,22.6511039733887,14.4746770858765,16.4155788421631
13080010,Pluviométrica,Convencional,Córdoba,San Pelayo,8.9359,-75.9533,50,9/15/1965,,Caribe,Caribe,Sinú,Bajo Sinú,8.86909103393555,9.70909118652344,15,15,0.561594188213348,0.789855062961578,1,1,1.04999995231628,2010,05,25,70,70,73.4999966621399,0,10.1766767501831,2010-05-01,17.2911396026611,15.7909917831421,26.8786945343018
13080010,Pluviométrica,Convencional,Córdoba,San Pelayo,8.9359,-75.9533,50,9/15/1965,,Caribe,Caribe,Sinú,Bajo Sinú,8.86909103393555,9.70909118652344,15,15,0.561594188213348,0.789855062961578,1,1,1.04999995231628,2010,05,26,25,25,26.2499988079071,0,13.2037143707275,2010-05-01,25.7085456848145,16.701753616333,23.004472732544
13080010,Pluviométrica,Convencional,Córdoba,San Pelayo,8.9359,-75.9533,50,9/15/1965,,Caribe,Caribe,Sinú,Bajo Sinú,8.86909103393555,9.70909118652344,15,15,0.561594188213348,0.789855062961578,1,1,1.04999995231628,2010,05,27,30,30,31.4999985694885,0,24.0145950317383,2010-05-01,47.3454856872559,29.5453662872314,36.1921310424805
13080010,Pluviométrica,Convencional,Córdoba,San Pelayo,8.9359,-75.9533,50,9/15/1965,,Caribe,Caribe,Sinú,Bajo Sinú,8.86909103393555,9.70909118652344,15,15,0.561594188213348,0.789855062961578,1,1,1.04999995231628,2010,05,28,45,45,47.2499978542328,0,13.4212980270386,2010-05-01,25.0303344726563,32.9383926391602,44.0934829711914
13080010,Pluviométrica,Convencional,Córdoba,San Pelayo,8.9359,-75.9533,50,9/15/1965,,Caribe,Caribe,Sinú,Bajo Sinú,8.86909103393555,9.70909118652344,15,15,0.561594188213348,0.789855062961578,1,1,1.04999995231628,2010,05,29,75,75,78.7499964237213,0,14.2861919403076,2010-05-01,25.7174663543701,31.0464496612549,46.4360237121582
13080010,Pluviométrica,Convencional,Córdoba,San Pelayo,8.9359,-75.9533,50,9/15/1965,,Caribe,Caribe,Sinú,Bajo Sinú,8.86909103393555,9.70909118652344,15,15,0.561594188213348,0.789855062961578,1,1,1.04999995231628,2010,05,30,25,25,26.2499988079071,0,25.3815116882324,2010-05-01,33.1084518432617,40.9052772521973,43.1271781921387
13080010,Pluviométrica,Convencional,Córdoba,San Pelayo,8.9359,-75.9533,50,9/15/1965,,Caribe,Caribe,Sinú,Bajo Sinú,8.86909103393555,9.70909118652344,15,15,0.561594188213348,0.789855062961578,1,1,1.05999994277954,2010,06,31,0,0,0,0,10.7291135787964,2010-06-01,10.196873664856,7.44959878921509,8.07367897033691
13080010,Pluviométrica,Convencional,Córdoba,San Pelayo,8.9359,-75.9533,50,9/15/1965,,Caribe,Caribe,Sinú,Bajo Sinú,8.86909103393555,9.70909118652344,15,15,0.561594188213348,0.789855062961578,1,1,1.05999994277954,2010,06,32,54,54,57.2399969100952,0,39.4519424438477,2010-06-01,44.2080039978027,48.9673461914063,53.2716026306152
13080010,Pluviométrica,Convencional,Córdoba,San Pelayo,8.9359,-75.9533,50,9/15/1965,,Caribe,Caribe,Sinú,Bajo Sinú,8.86909103393555,9.70909118652344,15,15,0.561594188213348,0.789855062961578,1,1,1.05999994277954,2010,06,33,30,30,31.7999982833862,0,31.9530906677246,2010-06-01,29.1846733093262,27.190372467041,27.7321624755859
13080010,Pluviométrica,Convencional,Córdoba,San Pelayo,8.9359,-75.9533,50,9/15/1965,,Caribe,Caribe,Sinú,Bajo Sinú,8.86909103393555,9.70909118652344,15,15,0.561594188213348,0.789855062961578,1,1,1.05999994277954,2010,06,34,55,55,58.2999968528748,0,45.5685348510742,2010-06-01,47.5548057556152,31.1034622192383,31.1169929504395
13080010,Pluviométrica,Convencional,Córdoba,San Pelayo,8.9359,-75.9533,50,9/15/1965,,Caribe,Caribe,Sinú,Bajo Sinú,8.86909103393555,9.70909118652344,15,15,0.561594188213348,0.789855062961578,1,1,1.05999994277954,2010,06,35,25,25,26.4999985694885,0,16.6004753112793,2010-06-01,15.2650079727173,19.7188186645508,22.43532371521
13080010,Pluviométrica,Convencional,Córdoba,San Pelayo,8.9359,-75.9533,50,9/15/1965,,Caribe,Caribe,Sinú,Bajo Sinú,8.86909103393555,9.70909118652344,15,15,0.561594188213348,0.789855062961578,1,1,1.05999994277954,2010,06,36,15,15,15.8999991416931,0,29.8726749420166,2010-06-01,37.679012298584,25.6050319671631,32.5715179443359
13080010,Pluviométrica,Convencional,Córdoba,San Pelayo,8.9359,-75.9533,50,9/15/1965,,Caribe,Caribe,Sinú,Bajo Sinú,8.86909103393555,9.70909118652344,15,15,0.561594188213348,0.789855062961578,1,1,1.05999994277954,2010,07,37,25,25,26.4999985694885,0,35.6556129455566,2010-07-01,62.0823669433594,37.1644401550293,54.0487480163574
13080010,Pluviométrica,Convencional,Córdoba,San Pelayo,8.9359,-75.9533,50,9/15/1965,,Caribe,Caribe,Sinú,Bajo Sinú,8.86909103393555,9.70909118652344,15,15,0.561594188213348,0.789855062961578,1,1,1.05999994277954,2010,07,38,90,90,95.3999948501587,0,10.0713195800781,2010-07-01,14.3635673522949,19.6883773803711,36.6056785583496
13080010,Pluviométrica,Convencional,Córdoba,San Pelayo,8.9359,-75.9533,50,9/15/1965,,Caribe,Caribe,Sinú,Bajo Sinú,8.86909103393555,9.70909118652344,15,15,0.561594188213348,0.789855062961578,1,1,1.05999994277954,2010,07,39,25,25,26.4999985694885,0,26.4331932067871,2010-07-01,55.2034912109375,17.9500389099121,25.9087581634522
13080010,Pluviométrica,Convencional,Córdoba,San Pelayo,8.9359,-75.9533,50,9/15/1965,,Caribe,Caribe,Sinú,Bajo Sinú,8.86909103393555,9.70909118652344,15,15,0.561594188213348,0.789855062961578,1,1,1.05999994277954,2010,07,40,40,40,42.3999977111816,0,27.3996105194092,2010-07-01,57.3214378356934,57.2057685852051,83.78759765625
13080010,Pluviométrica,Convencional,Córdoba,San Pelayo,8.9359,-75.9533,50,9/15/1965,,Caribe,Caribe,Sinú,Bajo Sinú,8.86909103393555,9.70909118652344,15,15,0.561594188213348,0.789855062961578,1,1,1.05999994277954,2010,07,41,65,65,68.8999962806702,0,15.6738452911377,2010-07-01,28.1597213745117,17.3939533233643,22.5681819915772
13080010,Pluviométrica,Convencional,Córdoba,San Pelayo,8.9359,-75.9533,50,9/15/1965,,Caribe,Caribe,Sinú,Bajo Sinú,8.86909103393555,9.70909118652344,15,15,0.561594188213348,0.789855062961578,1,1,1.05999994277954,2010,07,42,92,92,97.5199947357178,0,33.6309661865234,2010-07-01,57.8167114257813,50.9259338378906,63.1103248596191
13080010,Pluviométrica,Convencional,Córdoba,San Pelayo,8.9359,-75.9533,50,9/15/1965,,Caribe,Caribe,Sinú,Bajo Sinú,8.86909103393555,9.70909118652344,15,15,0.561594188213348,0.789855062961578,1,1,1.04999995231628,2010,08,43,35,35,36.7499983310699,0,23.8397445678711,2010-08-01,32.7145462036133,20.4385871887207,29.4764213562012
13080010,Pluviométrica,Convencional,Córdoba,San Pelayo,8.9359,-75.9533,50,9/15/1965,,Caribe,Caribe,Sinú,Bajo Sinú,8.86909103393555,9.70909118652344,15,15,0.561594188213348,0.789855062961578,1,1,1.04999995231628,2010,08,44,40,40,41.9999980926514,0,29.8331127166748,2010-08-01,38.2171058654785,24.5673809051514,27.7834033966064
13080010,Pluviométrica,Convencional,Córdoba,San Pelayo,8.9359,-75.9533,50,9/15/1965,,Caribe,Caribe,Sinú,Bajo Sinú,8.86909103393555,9.70909118652344,15,15,0.561594188213348,0.789855062961578,1,1,1.04999995231628,2010,08,45,45,45,47.2499978542328,0,23.9066944122314,2010-08-01,32.2383232116699,34.0864753723145,47.2851600646973
13080010,Pluviométrica,Convencional,Córdoba,San Pelayo,8.9359,-75.9533,50,9/15/1965,,Caribe,Caribe,Sinú,Bajo Sinú,8.86909103393555,9.70909118652344,15,15,0.561594188213348,0.789855062961578,1,1,1.04999995231628,2010,08,46,30,30,31.4999985694885,0,31.5758323669434,2010-08-01,40.4495315551758,31.7762126922607,38.5014381408691
13080010,Pluviométrica,Convencional,Córdoba,San Pelayo,8.9359,-75.9533,50,9/15/1965,,Caribe,Caribe,Sinú,Bajo Sinú,8.86909103393555,9.70909118652344,15,15,0.561594188213348,0.789855062961578,1,1,1.04999995231628,2010,08,47,0,0,0,0,25.9762306213379,2010-08-01,33.2308578491211,11.3785648345947,13.7827568054199
13080010,Pluviométrica,Convencional,Córdoba,San Pelayo,8.9359,-75.9533,50,9/15/1965,,Caribe,Caribe,Sinú,Bajo Sinú,8.86909103393555,9.70909118652344,15,15,0.561594188213348,0.789855062961578,1,1,1.04999995231628,2010,08,48,20,20,20.9999990463257,0,38.9193801879883,2010-08-01,47.6972770690918,35.3936729431152,44.6291542053223
13080010,Pluviométrica,Convencional,Córdoba,San Pelayo,8.9359,-75.9533,50,9/15/1965,,Caribe,Caribe,Sinú,Bajo Sinú,8.86909103393555,9.70909118652344,15,15,0.561594188213348,0.789855062961578,1,1,1.04999995231628,2010,09,49,15,15,15.7499992847443,0,33.2843933105469,2010-09-01,56.2624320983887,19.600399017334,28.5601062774658
13080010,Pluviométrica,Convencional,Córdoba,San Pelayo,8.9359,-75.9533,50,9/15/1965,,Caribe,Caribe,Sinú,Bajo Sinú,8.86909103393555,9.70909118652344,15,15,0.561594188213348,0.789855062961578,1,1,1.04999995231628,2010,09,50,10,10,10.4999995231628,0,24.0071029663086,2010-09-01,35.9117202758789,18.0885314941406,23.430570602417
13080010,Pluviométrica,Convencional,Córdoba,San Pelayo,8.9359,-75.9533,50,9/15/1965,,Caribe,Caribe,Sinú,Bajo Sinú,8.86909103393555,9.70909118652344,15,15,0.561594188213348,0.789855062961578,1,1,1.04999995231628,2010,09,51,108,108,113.399994850159,0,29.6591930389404,2010-09-01,48.3492126464844,30.0044631958008,43.0009346008301
13080010,Pluviométrica,Convencional,Córdoba,San Pelayo,8.9359,-75.9533,50,9/15/1965,,Caribe,Caribe,Sinú,Bajo Sinú,8.86909103393555,9.70909118652344,15,15,0.561594188213348,0.789855062961578,1,1,1.04999995231628,2010,09,52,57,57,59.8499972820282,0,38.283618927002,2010-09-01,65.9266662597656,53.6465110778809,66.6383972167969
13080010,Pluviométrica,Convencional,Córdoba,San Pelayo,8.9359,-75.9533,50,9/15/1965,,Caribe,Caribe,Sinú,Bajo Sinú,8.86909103393555,9.70909118652344,15,15,0.561594188213348,0.789855062961578,1,1,1.04999995231628,2010,09,53,115,115,120.749994516373,0,31.0592670440674,2010-09-01,49.5323905944824,43.1553192138672,53.192798614502
13080010,Pluviométrica,Convencional,Córdoba,San Pelayo,8.9359,-75.9533,50,9/15/1965,,Caribe,Caribe,Sinú,Bajo Sinú,8.86909103393555,9.70909118652344,15,15,0.561594188213348,0.789855062961578,1,1,1.04999995231628,2010,09,54,20,20,20.9999990463257,0,34.7900772094727,2010-09-01,54.0785140991211,49.3909797668457,64.2497634887695
13080010,Pluviométrica,Convencional,Córdoba,San Pelayo,8.9359,-75.9533,50,9/15/1965,,Caribe,Caribe,Sinú,Bajo Sinú,8.86909103393555,9.70909118652344,15,15,0.561594188213348,0.789855062961578,1,1,1.05999994277954,2010,10,55,85,85,90.099995136261,0,42.429801940918,2010-10-01,51.1350975036621,68.7617492675781,62.3761558532715
13080010,Pluviométrica,Convencional,Córdoba,San Pelayo,8.9359,-75.9533,50,9/15/1965,,Caribe,Caribe,Sinú,Bajo Sinú,8.86909103393555,9.70909118652344,15,15,0.561594188213348,0.789855062961578,1,1,1.05999994277954,2010,10,56,0,0,0,0,21.6414680480957,2010-10-01,24.5054397583008,15.0643348693848,16.3331832885742
13080010,Pluviométrica,Convencional,Córdoba,San Pelayo,8.9359,-75.9533,50,9/15/1965,,Caribe,Caribe,Sinú,Bajo Sinú,8.86909103393555,9.70909118652344,15,15,0.561594188213348,0.789855062961578,1,1,1.05999994277954,2010,10,57,40,40,42.3999977111816,0,25.7621021270752,2010-10-01,24.7636222839355,32.6122436523438,28.0965995788574
13080010,Pluviométrica,Convencional,Córdoba,San Pelayo,8.9359,-75.9533,50,9/15/1965,,Caribe,Caribe,Sinú,Bajo Sinú,8.86909103393555,9.70909118652344,15,15,0.561594188213348,0.789855062961578,1,1,1.05999994277954,2010,10,58,85,85,90.099995136261,0,35.3179588317871,2010-10-01,38.0113182067871,35.5649337768555,31.3238964080811
13080010,Pluviométrica,Convencional,Córdoba,San Pelayo,8.9359,-75.9533,50,9/15/1965,,Caribe,Caribe,Sinú,Bajo Sinú,8.86909103393555,9.70909118652344,15,15,0.561594188213348,0.789855062961578,1,1,1.05999994277954,2010,10,59,10,10,10.5999994277954,0,15.9772729873657,2010-10-01,16.9328708648682,13.4420413970947,10.6768417358398
13080010,Pluviométrica,Convencional,Córdoba,San Pelayo,8.9359,-75.9533,50,9/15/1965,,Caribe,Caribe,Sinú,Bajo Sinú,8.86909103393555,9.70909118652344,15,15,0.561594188213348,0.789855062961578,1,1,1.05999994277954,2010,10,60,0,0,0,0,11.0486307144165,2010-10-01,9.3056468963623,17.2923908233643,18.8618545532227
13080010,Pluviométrica,Convencional,Córdoba,San Pelayo,8.9359,-75.9533,50,9/15/1965,,Caribe,Caribe,Sinú,Bajo Sinú,8.86909103393555,9.70909118652344,15,15,0.561594188213348,0.789855062961578,1,1,1.07000005245209,2010,11,61,35,35,37.4500018358231,0,21.2453289031982,2010-11-01,22.5104141235352,18.6378059387207,17.0208988189697
13080010,Pluviométrica,Convencional,Córdoba,San Pelayo,8.9359,-75.9533,50,9/15/1965,,Caribe,Caribe,Sinú,Bajo Sinú,8.86909103393555,9.70909118652344,15,15,0.561594188213348,0.789855062961578,1,1,1.07000005245209,2010,11,62,50,50,53.5000026226044,0,9.64659976959229,2010-11-01,6.96409130096436,24.2855110168457,25.6136569976807
13080010,Pluviométrica,Convencional,Córdoba,San Pelayo,8.9359,-75.9533,50,9/15/1965,,Caribe,Caribe,Sinú,Bajo Sinú,8.86909103393555,9.70909118652344,15,15,0.561594188213348,0.789855062961578,1,1,1.07000005245209,2010,11,63,51,51,54.5700026750565,0,31.315408706665,2010-11-01,49.8311500549317,63.7273979187012,66.7361679077149
13080010,Pluviométrica,Convencional,Córdoba,San Pelayo,8.9359,-75.9533,50,9/15/1965,,Caribe,Caribe,Sinú,Bajo Sinú,8.86909103393555,9.70909118652344,15,15,0.561594188213348,0.789855062961578,1,1,1.07000005245209,2010,11,64,15,15,16.0500007867813,0,9.05752372741699,2010-11-01,7.01993608474731,10.2670793533325,8.77485942840576
13080010,Pluviométrica,Convencional,Córdoba,San Pelayo,8.9359,-75.9533,50,9/15/1965,,Caribe,Caribe,Sinú,Bajo Sinú,8.86909103393555,9.70909118652344,15,15,0.561594188213348,0.789855062961578,1,1,1.07000005245209,2010,11,65,10,10,10.7000005245209,0,6.60510349273682,2010-11-01,4.97930192947388,8.65486907958984,14.5046358108521
13080010,Pluviométrica,Convencional,Córdoba,San Pelayo,8.9359,-75.9533,50,9/15/1965,,Caribe,Caribe,Sinú,Bajo Sinú,8.86909103393555,9.70909118652344,15,15,0.561594188213348,0.789855062961578,1,1,1.07000005245209,2010,11,66,55,55,58.8500028848648,0,16.8641681671143,2010-11-01,23.2162570953369,25.5885353088379,31.1703186035156
13080010,Pluviométrica,Convencional,Córdoba,San Pelayo,8.9359,-75.9533,50,9/15/1965,,Caribe,Caribe,Sinú,Bajo Sinú,8.86909103393555,9.70909118652344,15,15,0.561594188213348,0.789855062961578,1,1,1.08000004291534,2010,12,67,65,65,70.2000027894974,0,12.4004936218262,2010-12-01,17.587438583374,33.4728164672852,47.2523651123047
13080010,Pluviométrica,Convencional,Córdoba,San Pelayo,8.9359,-75.9533,50,9/15/1965,,Caribe,Caribe,Sinú,Bajo Sinú,8.86909103393555,9.70909118652344,15,15,0.561594188213348,0.789855062961578,1,1,1.08000004291534,2010,12,68,45,45,48.6000019311905,0,18.8693943023682,2010-12-01,33.2093658447266,21.7287158966064,42.5600204467774
13080010,Pluviométrica,Convencional,Córdoba,San Pelayo,8.9359,-75.9533,50,9/15/1965,,Caribe,Caribe,Sinú,Bajo Sinú,8.86909103393555,9.70909118652344,15,15,0.561594188213348,0.789855062961578,1,1,1.08000004291534,2010,12,69,150,150,162.000006437302,0,20.7285346984863,2010-12-01,35.7041244506836,78.5530853271484,100.962013244629
13080010,Pluviométrica,Convencional,Córdoba,San Pelayo,8.9359,-75.9533,50,9/15/1965,,Caribe,Caribe,Sinú,Bajo Sinú,8.86909103393555,9.70909118652344,15,15,0.561594188213348,0.789855062961578,1,1,1.08000004291534,2010,12,70,25,25,27.0000010728836,0,9.87442970275879,2010-12-01,9.555739402771,23.9264144897461,24.4906902313232
13080010,Pluviométrica,Convencional,Córdoba,San Pelayo,8.9359,-75.9533,50,9/15/1965,,Caribe,Caribe,Sinú,Bajo Sinú,8.86909103393555,9.70909118652344,15,15,0.561594188213348,0.789855062961578,1,1,1.08000004291534,2010,12,71,15,15,16.2000006437302,0,5.30603408813477,2010-12-01,2.02220749855042,7.37970733642578,3.84220218658447
13080010,Pluviométrica,Convencional,Córdoba,San Pelayo,8.9359,-75.9533,50,9/15/1965,,Caribe,Caribe,Sinú,Bajo Sinú,8.86909103393555,9.70909118652344,15,15,0.561594188213348,0.789855062961578,1,1,1.08000004291534,2010,12,72,10,10,10.8000004291534,0,24.7436199188232,2010-12-01,59.2723007202149,30.6868076324463,39.6990623474121
13080010,Pluviométrica,Convencional,Córdoba,San Pelayo,8.9359,-75.9533,50,9/15/1965,,Caribe,Caribe,Sinú,Bajo Sinú,8.86909103393555,9.70909118652344,15,15,0.561594188213348,0.789855062961578,1,1,1.10000002384186,2011,01,1,10,10,11.0000002384186,0,0.889097690582275,2011-01-01,0,0.788945078849793,0
13080010,Pluviométrica,Convencional,Córdoba,San Pelayo,8.9359,-75.9533,50,9/15/1965,,Caribe,Caribe,Sinú,Bajo Sinú,8.86909103393555,9.70909118652344,15,15,0.561594188213348,0.789855062961578,1,1,1.10000002384186,2011,01,2,20,20,22.0000004768372,0,5.13970327377319,2011-01-01,6.23040056228638,6.01800155639648,8.25307655334473
13080010,Pluviométrica,Convencional,Córdoba,San Pelayo,8.9359,-75.9533,50,9/15/1965,,Caribe,Caribe,Sinú,Bajo Sinú,8.86909103393555,9.70909118652344,15,15,0.561594188213348,0.789855062961578,1,1,1.10000002384186,2011,01,3,0,0,0,0,0.879952847957611,2011-01-01,0,0.765098094940186,0
13080010,Pluviométrica,Convencional,Córdoba,San Pelayo,8.9359,-75.9533,50,9/15/1965,,Caribe,Caribe,Sinú,Bajo Sinú,8.86909103393555,9.70909118652344,15,15,0.561594188213348,0.789855062961578,1,1,1.10000002384186,2011,01,4,0,0,0,0,0.979983925819397,2011-01-01,0,0.976292431354523,0
13080010,Pluviométrica,Convencional,Córdoba,San Pelayo,8.9359,-75.9533,50,9/15/1965,,Caribe,Caribe,Sinú,Bajo Sinú,8.86909103393555,9.70909118652344,15,15,0.561594188213348,0.789855062961578,1,1,1.10000002384186,2011,01,5,0,0,0,0,1.00875127315521,2011-01-01,0,0.846675515174866,0
13080010,Pluviométrica,Convencional,Córdoba,San Pelayo,8.9359,-75.9533,50,9/15/1965,,Caribe,Caribe,Sinú,Bajo Sinú,8.86909103393555,9.70909118652344,15,15,0.561594188213348,0.789855062961578,1,1,1.10000002384186,2011,01,6,0,0,0,0,2.33877420425415,2011-01-01,0.156015813350678,1.64991807937622,0.190501749515533
13080010,Pluviométrica,Convencional,Córdoba,San Pelayo,8.9359,-75.9533,50,9/15/1965,,Caribe,Caribe,Sinú,Bajo Sinú,8.86909103393555,9.70909118652344,15,15,0.561594188213348,0.789855062961578,1,1,1.12000000476837,2011,02,7,0,0,0,0,2.60250782966614,2011-02-01,1.17031812667847,2.47119307518005,0.933714330196381
13080010,Pluviométrica,Convencional,Córdoba,San Pelayo,8.9359,-75.9533,50,9/15/1965,,Caribe,Caribe,Sinú,Bajo Sinú,8.86909103393555,9.70909118652344,15,15,0.561594188213348,0.789855062961578,1,1,1.12000000476837,2011,02,8,0,0,0,0,2.55548405647278,2011-02-01,1.77876543998718,2.46758222579956,1.30644524097443
13080010,Pluviométrica,Convencional,Córdoba,San Pelayo,8.9359,-75.9533,50,9/15/1965,,Caribe,Caribe,Sinú,Bajo Sinú,8.86909103393555,9.70909118652344,15,15,0.561594188213348,0.789855062961578,1,1,1.12000000476837,2011,02,9,0,0,0,0,2.52448558807373,2011-02-01,1.78268098831177,2.13912034034729,1.03796970844269
13080010,Pluviométrica,Convencional,Córdoba,San Pelayo,8.9359,-75.9533,50,9/15/1965,,Caribe,Caribe,Sinú,Bajo Sinú,8.86909103393555,9.70909118652344,15,15,0.561594188213348,0.789855062961578,1,1,1.12000000476837,2011,02,10,10,10,11.2000000476837,0,14.6785192489624,2011-02-01,24.8766670227051,13.825306892395,10.7105016708374
13080010,Pluviométrica,Convencional,Córdoba,San Pelayo,8.9359,-75.9533,50,9/15/1965,,Caribe,Caribe,Sinú,Bajo Sinú,8.86909103393555,9.70909118652344,15,15,0.561594188213348,0.789855062961578,1,1,1.12000000476837,2011,02,11,0,0,0,0,2.34420990943909,2011-02-01,0,2.56271815299988,0
13080010,Pluviométrica,Convencional,Córdoba,San Pelayo,8.9359,-75.9533,50,9/15/1965,,Caribe,Caribe,Sinú,Bajo Sinú,8.86909103393555,9.70909118652344,15,15,0.561594188213348,0.789855062961578,1,1,1.12000000476837,2011,02,12,75,75,84.0000003576279,0,5.62852573394775,2011-02-01,12.9065570831299,12.1706562042236,24.8739166259766
13080010,Pluviométrica,Convencional,Córdoba,San Pelayo,8.9359,-75.9533,50,9/15/1965,,Caribe,Caribe,Sinú,Bajo Sinú,8.86909103393555,9.70909118652344,15,15,0.561594188213348,0.789855062961578,1,1,1.11000001430511,2011,03,13,0,0,0,0,0.663528501987457,2011-03-01,0,1.10829496383667,0
13080010,Pluviométrica,Convencional,Córdoba,San Pelayo,8.9359,-75.9533,50,9/15/1965,,Caribe,Caribe,Sinú,Bajo Sinú,8.86909103393555,9.70909118652344,15,15,0.561594188213348,0.789855062961578,1,1,1.11000001430511,2011,03,14,0,0,0,0,1.76582324504852,2011-03-01,0,2.81903672218323,0
13080010,Pluviométrica,Convencional,Córdoba,San Pelayo,8.9359,-75.9533,50,9/15/1965,,Caribe,Caribe,Sinú,Bajo Sinú,8.86909103393555,9.70909118652344,15,15,0.561594188213348,0.789855062961578,1,1,1.11000001430511,2011,03,15,10,10,11.1000001430511,0,0.8083376288414,2011-03-01,0,1.30851781368256,0
13080010,Pluviométrica,Convencional,Córdoba,San Pelayo,8.9359,-75.9533,50,9/15/1965,,Caribe,Caribe,Sinú,Bajo Sinú,8.86909103393555,9.70909118652344,15,15,0.561594188213348,0.789855062961578,1,1,1.11000001430511,2011,03,16,0,0,0,0,3.63983702659607,2011-03-01,9.96465682983398,7.08555269241333,21.8711357116699
13080010,Pluviométrica,Convencional,Córdoba,San Pelayo,8.9359,-75.9533,50,9/15/1965,,Caribe,Caribe,Sinú,Bajo Sinú,8.86909103393555,9.70909118652344,15,15,0.561594188213348,0.789855062961578,1,1,1.11000001430511,2011,03,17,0,0,0,0,0.898150324821472,2011-03-01,0,1.72384822368622,0
13080010,Pluviométrica,Convencional,Córdoba,San Pelayo,8.9359,-75.9533,50,9/15/1965,,Caribe,Caribe,Sinú,Bajo Sinú,8.86909103393555,9.70909118652344,15,15,0.561594188213348,0.789855062961578,1,1,1.11000001430511,2011,03,18,20,20,22.2000002861023,0,17.3612728118897,2011-03-01,27.9790515899658,24.43603515625,27.729024887085
13080010,Pluviométrica,Convencional,Córdoba,San Pelayo,8.9359,-75.9533,50,9/15/1965,,Caribe,Caribe,Sinú,Bajo Sinú,8.86909103393555,9.70909118652344,15,15,0.561594188213348,0.789855062961578,1,1,1.07000005245209,2011,04,19,15,15,16.0500007867813,0,7.29628849029541,2011-04-01,7.96174240112305,8.95338916778565,9.68474102020264
13080010,Pluviométrica,Convencional,Córdoba,San Pelayo,8.9359,-75.9533,50,9/15/1965,,Caribe,Caribe,Sinú,Bajo Sinú,8.86909103393555,9.70909118652344,15,15,0.561594188213348,0.789855062961578,1,1,1.07000005245209,2011,04,20,75,75,80.2500039339066,0,28.254243850708,2011-04-01,45.029109954834,39.6006202697754,46.3570365905762
13080010,Pluviométrica,Convencional,Córdoba,San Pelayo,8.9359,-75.9533,50,9/15/1965,,Caribe,Caribe,Sinú,Bajo Sinú,8.86909103393555,9.70909118652344,15,15,0.561594188213348,0.789855062961578,1,1,1.07000005245209,2011,04,21,20,20,21.4000010490417,0,5.91022348403931,2011-04-01,3.01578569412231,12.1644916534424,13.644700050354
13080010,Pluviométrica,Convencional,Córdoba,San Pelayo,8.9359,-75.9533,50,9/15/1965,,Caribe,Caribe,Sinú,Bajo Sinú,8.86909103393555,9.70909118652344,15,15,0.561594188213348,0.789855062961578,1,1,1.07000005245209,2011,04,22,0,0,0,0,15.4270133972168,2011-04-01,26.3186855316162,15.0208129882813,19.0504722595215
13080010,Pluviométrica,Convencional,Córdoba,San Pelayo,8.9359,-75.9533,50,9/15/1965,,Caribe,Caribe,Sinú,Bajo Sinú,8.86909103393555,9.70909118652344,15,15,0.561594188213348,0.789855062961578,1,1,1.07000005245209,2011,04,23,35,35,37.4500018358231,0,4.47600221633911,2011-04-01,5.05475568771362,5.31564044952393,14.1384582519531
13080010,Pluviométrica,Convencional,Córdoba,San Pelayo,8.9359,-75.9533,50,9/15/1965,,Caribe,Caribe,Sinú,Bajo Sinú,8.86909103393555,9.70909118652344,15,15,0.561594188213348,0.789855062961578,1,1,1.07000005245209,2011,04,24,0,0,0,0,21.8260669708252,2011-04-01,39.1047401428223,17.1706886291504,26.2348003387451
13080010,Pluviométrica,Convencional,Córdoba,San Pelayo,8.9359,-75.9533,50,9/15/1965,,Caribe,Caribe,Sinú,Bajo Sinú,8.86909103393555,9.70909118652344,15,15,0.561594188213348,0.789855062961578,1,1,1.04999995231628,2011,05,25,15,15,15.7499992847443,0,15.3027143478394,2011-05-01,29.9823894500732,14.0518751144409,24.733980178833
13080010,Pluviométrica,Convencional,Córdoba,San Pelayo,8.9359,-75.9533,50,9/15/1965,,Caribe,Caribe,Sinú,Bajo Sinú,8.86909103393555,9.70909118652344,15,15,0.561594188213348,0.789855062961578,1,1,1.04999995231628,2011,05,26,10,10,10.4999995231628,0,18.3817253112793,2011-05-01,37.1874198913574,12.519962310791,18.0320816040039
13080010,Pluviométrica,Convencional,Córdoba,San Pelayo,8.9359,-75.9533,50,9/15/1965,,Caribe,Caribe,Sinú,Bajo Sinú,8.86909103393555,9.70909118652344,15,15,0.561594188213348,0.789855062961578,1,1,1.04999995231628,2011,05,27,20,20,20.9999990463257,0,28.6334037780762,2011-05-01,57.942497253418,28.8887042999268,36.5138359069824
13080010,Pluviométrica,Convencional,Córdoba,San Pelayo,8.9359,-75.9533,50,9/15/1965,,Caribe,Caribe,Sinú,Bajo Sinú,8.86909103393555,9.70909118652344,15,15,0.561594188213348,0.789855062961578,1,1,1.04999995231628,2011,05,28,35,35,36.7499983310699,0,9.59431743621826,2011-05-01,14.9351196289063,17.5741386413574,27.6724243164063
13080010,Pluviométrica,Convencional,Córdoba,San Pelayo,8.9359,-75.9533,50,9/15/1965,,Caribe,Caribe,Sinú,Bajo Sinú,8.86909103393555,9.70909118652344,15,15,0.561594188213348,0.789855062961578,1,1,1.04999995231628,2011,05,29,0,0,0,0,11.3911981582642,2011-05-01,18.8197574615479,8.63563632965088,11.6263999938965
13080010,Pluviométrica,Convencional,Córdoba,San Pelayo,8.9359,-75.9533,50,9/15/1965,,Caribe,Caribe,Sinú,Bajo Sinú,8.86909103393555,9.70909118652344,15,15,0.561594188213348,0.789855062961578,1,1,1.04999995231628,2011,05,30,55,55,57.7499973773956,0,41.836238861084,2011-05-01,59.7285575866699,60.1757926940918,66.4830932617188
13080010,Pluviométrica,Convencional,Córdoba,San Pelayo,8.9359,-75.9533,50,9/15/1965,,Caribe,Caribe,Sinú,Bajo Sinú,8.86909103393555,9.70909118652344,15,15,0.561594188213348,0.789855062961578,1,1,1.05999994277954,2011,06,31,40,40,42.3999977111816,0,30.5204029083252,2011-06-01,37.1519737243652,36.0220489501953,42.5063781738281
13080010,Pluviométrica,Convencional,Córdoba,San Pelayo,8.9359,-75.9533,50,9/15/1965,,Caribe,Caribe,Sinú,Bajo Sinú,8.86909103393555,9.70909118652344,15,15,0.561594188213348,0.789855062961578,1,1,1.05999994277954,2011,06,32,0,0,0,0,19.4645175933838,2011-06-01,19.1553497314453,20.088020324707,20.7725849151611
13080010,Pluviométrica,Convencional,Córdoba,San Pelayo,8.9359,-75.9533,50,9/15/1965,,Caribe,Caribe,Sinú,Bajo Sinú,8.86909103393555,9.70909118652344,15,15,0.561594188213348,0.789855062961578,1,1,1.05999994277954,2011,06,33,35,35,37.0999979972839,0,27.9204177856445,2011-06-01,26.4312400817871,42.240119934082,40.1240730285645
13080010,Pluviométrica,Convencional,Córdoba,San Pelayo,8.9359,-75.9533,50,9/15/1965,,Caribe,Caribe,Sinú,Bajo Sinú,8.86909103393555,9.70909118652344,15,15,0.561594188213348,0.789855062961578,1,1,1.05999994277954,2011,06,34,30,30,31.7999982833862,0,40.568042755127,2011-06-01,42.9281311035156,36.2923088073731,49.1323432922363
13080010,Pluviométrica,Convencional,Córdoba,San Pelayo,8.9359,-75.9533,50,9/15/1965,,Caribe,Caribe,Sinú,Bajo Sinú,8.86909103393555,9.70909118652344,15,15,0.561594188213348,0.789855062961578,1,1,1.05999994277954,2011,06,35,40,40,42.3999977111816,0,33.1698570251465,2011-06-01,36.9729995727539,34.231819152832,37.9096412658691
13080010,Pluviométrica,Convencional,Córdoba,San Pelayo,8.9359,-75.9533,50,9/15/1965,,Caribe,Caribe,Sinú,Bajo Sinú,8.86909103393555,9.70909118652344,15,15,0.561594188213348,0.789855062961578,1,1,1.05999994277954,2011,06,36,50,50,52.9999971389771,0,20.7666320800781,2011-06-01,24.5230083465576,22.7543907165527,24.6957778930664
13080010,Pluviométrica,Convencional,Córdoba,San Pelayo,8.9359,-75.9533,50,9/15/1965,,Caribe,Caribe,Sinú,Bajo Sinú,8.86909103393555,9.70909118652344,15,15,0.561594188213348,0.789855062961578,1,1,1.05999994277954,2011,07,37,40,40,42.3999977111816,0,30.9394721984863,2011-07-01,51.7896499633789,22.2560691833496,29.1292228698731
13080010,Pluviométrica,Convencional,Córdoba,San Pelayo,8.9359,-75.9533,50,9/15/1965,,Caribe,Caribe,Sinú,Bajo Sinú,8.86909103393555,9.70909118652344,15,15,0.561594188213348,0.789855062961578,1,1,1.05999994277954,2011,07,38,20,20,21.1999988555908,0,19.2936019897461,2011-07-01,34.5192947387695,10.6762371063232,14.8553791046143
13080010,Pluviométrica,Convencional,Córdoba,San Pelayo,8.9359,-75.9533,50,9/15/1965,,Caribe,Caribe,Sinú,Bajo Sinú,8.86909103393555,9.70909118652344,15,15,0.561594188213348,0.789855062961578,1,1,1.05999994277954,2011,07,39,50,50,52.9999971389771,0,24.00732421875,2011-07-01,48.6271438598633,18.4116973876953,26.6372299194336
13080010,Pluviométrica,Convencional,Córdoba,San Pelayo,8.9359,-75.9533,50,9/15/1965,,Caribe,Caribe,Sinú,Bajo Sinú,8.86909103393555,9.70909118652344,15,15,0.561594188213348,0.789855062961578,1,1,1.05999994277954,2011,07,40,15,15,15.8999991416931,0,12.9300088882446,2011-07-01,22.1523284912109,12.0557508468628,22.870943069458
13080010,Pluviométrica,Convencional,Córdoba,San Pelayo,8.9359,-75.9533,50,9/15/1965,,Caribe,Caribe,Sinú,Bajo Sinú,8.86909103393555,9.70909118652344,15,15,0.561594188213348,0.789855062961578,1,1,1.05999994277954,2011,07,41,30,30,31.7999982833862,0,13.8293466567993,2011-07-01,21.5360870361328,26.9680004119873,39.4580039978027
13080010,Pluviométrica,Convencional,Córdoba,San Pelayo,8.9359,-75.9533,50,9/15/1965,,Caribe,Caribe,Sinú,Bajo Sinú,8.86909103393555,9.70909118652344,15,15,0.561594188213348,0.789855062961578,1,1,1.05999994277954,2011,07,42,0,0,0,0,34.0509910583496,2011-07-01,57.8167114257813,17.1812400817871,23.9628353118897
13080010,Pluviométrica,Convencional,Córdoba,San Pelayo,8.9359,-75.9533,50,9/15/1965,,Caribe,Caribe,Sinú,Bajo Sinú,8.86909103393555,9.70909118652344,15,15,0.561594188213348,0.789855062961578,1,1,1.04999995231628,2011,08,43,20,20,20.9999990463257,0,15.8412208557129,2011-08-01,18.827392578125,15.6209783554077,19.2118091583252
13080010,Pluviométrica,Convencional,Córdoba,San Pelayo,8.9359,-75.9533,50,9/15/1965,,Caribe,Caribe,Sinú,Bajo Sinú,8.86909103393555,9.70909118652344,15,15,0.561594188213348,0.789855062961578,1,1,1.04999995231628,2011,08,44,20,20,20.9999990463257,0,16.0399742126465,2011-08-01,16.7330722808838,14.9195823669434,15.9200420379639
13080010,Pluviométrica,Convencional,Córdoba,San Pelayo,8.9359,-75.9533,50,9/15/1965,,Caribe,Caribe,Sinú,Bajo Sinú,8.86909103393555,9.70909118652344,15,15,0.561594188213348,0.789855062961578,1,1,1.04999995231628,2011,08,45,45,45,47.2499978542328,0,42.5726737976074,2011-08-01,55.397029876709,27.362720489502,30.9567317962647
13080010,Pluviométrica,Convencional,Córdoba,San Pelayo,8.9359,-75.9533,50,9/15/1965,,Caribe,Caribe,Sinú,Bajo Sinú,8.86909103393555,9.70909118652344,15,15,0.561594188213348,0.789855062961578,1,1,1.04999995231628,2011,08,46,70,70,73.4999966621399,0,24.9367218017578,2011-08-01,31.5544013977051,46.0245246887207,53.2124519348145
13080010,Pluviométrica,Convencional,Córdoba,San Pelayo,8.9359,-75.9533,50,9/15/1965,,Caribe,Caribe,Sinú,Bajo Sinú,8.86909103393555,9.70909118652344,15,15,0.561594188213348,0.789855062961578,1,1,1.04999995231628,2011,08,47,0,0,0,0,22.1937313079834,2011-08-01,27.6870441436768,17.45432472229,20.3397426605225
13080010,Pluviométrica,Convencional,Córdoba,San Pelayo,8.9359,-75.9533,50,9/15/1965,,Caribe,Caribe,Sinú,Bajo Sinú,8.86909103393555,9.70909118652344,15,15,0.561594188213348,0.789855062961578,1,1,1.04999995231628,2011,08,48,45,45,47.2499978542328,0,24.8154182434082,2011-08-01,27.1758308410645,28.1770763397217,29.9334335327148
13080010,Pluviométrica,Convencional,Córdoba,San Pelayo,8.9359,-75.9533,50,9/15/1965,,Caribe,Caribe,Sinú,Bajo Sinú,8.86909103393555,9.70909118652344,15,15,0.561594188213348,0.789855062961578,1,1,1.04999995231628,2011,09,49,45,45,47.2499978542328,0,28.1037769317627,2011-09-01,46.1934394836426,25.9389724731445,36.3998260498047
13080010,Pluviométrica,Convencional,Córdoba,San Pelayo,8.9359,-75.9533,50,9/15/1965,,Caribe,Caribe,Sinú,Bajo Sinú,8.86909103393555,9.70909118652344,15,15,0.561594188213348,0.789855062961578,1,1,1.04999995231628,2011,09,50,101,101,106.049995183945,0,29.6099624633789,2011-09-01,46.0452728271484,39.1095314025879,49.102424621582
13080010,Pluviométrica,Convencional,Córdoba,San Pelayo,8.9359,-75.9533,50,9/15/1965,,Caribe,Caribe,Sinú,Bajo Sinú,8.86909103393555,9.70909118652344,15,15,0.561594188213348,0.789855062961578,1,1,1.04999995231628,2011,09,51,45,45,47.2499978542328,0,28.5965156555176,2011-09-01,42.6291198730469,42.3796882629395,49.6161804199219
13080010,Pluviométrica,Convencional,Córdoba,San Pelayo,8.9359,-75.9533,50,9/15/1965,,Caribe,Caribe,Sinú,Bajo Sinú,8.86909103393555,9.70909118652344,15,15,0.561594188213348,0.789855062961578,1,1,1.04999995231628,2011,09,52,40,40,41.9999980926514,0,27.5410442352295,2011-09-01,44.2575378417969,24.4732551574707,33.9776229858398
13080010,Pluviométrica,Convencional,Córdoba,San Pelayo,8.9359,-75.9533,50,9/15/1965,,Caribe,Caribe,Sinú,Bajo Sinú,8.86909103393555,9.70909118652344,15,15,0.561594188213348,0.789855062961578,1,1,1.04999995231628,2011,09,53,35,35,36.7499983310699,0,18.6875076293945,2011-09-01,21.8189392089844,23.6459217071533,35.1999740600586
13080010,Pluviométrica,Convencional,Córdoba,San Pelayo,8.9359,-75.9533,50,9/15/1965,,Caribe,Caribe,Sinú,Bajo Sinú,8.86909103393555,9.70909118652344,15,15,0.561594188213348,0.789855062961578,1,1,1.04999995231628,2011,09,54,0,0,0,0,17.6460590362549,2011-09-01,19.0288429260254,15.5648813247681,9.3148307800293
13080010,Pluviométrica,Convencional,Córdoba,San Pelayo,8.9359,-75.9533,50,9/15/1965,,Caribe,Caribe,Sinú,Bajo Sinú,8.86909103393555,9.70909118652344,15,15,0.561594188213348,0.789855062961578,1,1,1.05999994277954,2011,10,55,0,0,0,0,31.5102252960205,2011-10-01,38.9292907714844,26.8602275848389,26.8103294372559
13080010,Pluviométrica,Convencional,Córdoba,San Pelayo,8.9359,-75.9533,50,9/15/1965,,Caribe,Caribe,Sinú,Bajo Sinú,8.86909103393555,9.70909118652344,15,15,0.561594188213348,0.789855062961578,1,1,1.05999994277954,2011,10,56,55,55,58.2999968528748,0,26.9697914123535,2011-10-01,29.3177528381348,66.6814727783203,77.4024505615234
13080010,Pluviométrica,Convencional,Córdoba,San Pelayo,8.9359,-75.9533,50,9/15/1965,,Caribe,Caribe,Sinú,Bajo Sinú,8.86909103393555,9.70909118652344,15,15,0.561594188213348,0.789855062961578,1,1,1.05999994277954,2011,10,57,90,90,95.3999948501587,0,26.5126285552979,2011-10-01,26.5239429473877,45.7704467773438,46.2135467529297
13080010,Pluviométrica,Convencional,Córdoba,San Pelayo,8.9359,-75.9533,50,9/15/1965,,Caribe,Caribe,Sinú,Bajo Sinú,8.86909103393555,9.70909118652344,15,15,0.561594188213348,0.789855062961578,1,1,1.05999994277954,2011,10,58,0,0,0,0,16.9468269348145,2011-10-01,15.7101783752441,9.92674160003662,8.04775714874268
13080010,Pluviométrica,Convencional,Córdoba,San Pelayo,8.9359,-75.9533,50,9/15/1965,,Caribe,Caribe,Sinú,Bajo Sinú,8.86909103393555,9.70909118652344,15,15,0.561594188213348,0.789855062961578,1,1,1.05999994277954,2011,10,59,30,30,31.7999982833862,0,2.96950268745422,2011-10-01,0.834743857383728,3.01918721199036,3.39192032814026
13080010,Pluviométrica,Convencional,Córdoba,San Pelayo,8.9359,-75.9533,50,9/15/1965,,Caribe,Caribe,Sinú,Bajo Sinú,8.86909103393555,9.70909118652344,15,15,0.561594188213348,0.789855062961578,1,1,1.05999994277954,2011,10,60,35,35,37.0999979972839,0,64.1461334228516,2011-10-01,67.5148162841797,48.2487831115723,41.8487663269043
13080010,Pluviométrica,Convencional,Córdoba,San Pelayo,8.9359,-75.9533,50,9/15/1965,,Caribe,Caribe,Sinú,Bajo Sinú,8.86909103393555,9.70909118652344,15,15,0.561594188213348,0.789855062961578,1,1,1.07000005245209,2011,11,61,15,15,16.0500007867813,0,14.4774532318115,2011-11-01,15.4376087188721,12.2190599441528,11.5426149368286
13080010,Pluviométrica,Convencional,Córdoba,San Pelayo,8.9359,-75.9533,50,9/15/1965,,Caribe,Caribe,Sinú,Bajo Sinú,8.86909103393555,9.70909118652344,15,15,0.561594188213348,0.789855062961578,1,1,1.07000005245209,2011,11,62,0,0,0,0,15.5944700241089,2011-11-01,15.1679592132568,20.5504150390625,17.6309299468994
13080010,Pluviométrica,Convencional,Córdoba,San Pelayo,8.9359,-75.9533,50,9/15/1965,,Caribe,Caribe,Sinú,Bajo Sinú,8.86909103393555,9.70909118652344,15,15,0.561594188213348,0.789855062961578,1,1,1.07000005245209,2011,11,63,65,65,69.5500034093857,0,14.5645732879639,2011-11-01,19.0413455963135,28.973072052002,29.9101753234863
13080010,Pluviométrica,Convencional,Córdoba,San Pelayo,8.9359,-75.9533,50,9/15/1965,,Caribe,Caribe,Sinú,Bajo Sinú,8.86909103393555,9.70909118652344,15,15,0.561594188213348,0.789855062961578,1,1,1.07000005245209,2011,11,64,20,20,21.4000010490417,0,9.02881717681885,2011-11-01,9.03703594207764,12.2453870773315,13.3208818435669
13080010,Pluviométrica,Convencional,Córdoba,San Pelayo,8.9359,-75.9533,50,9/15/1965,,Caribe,Caribe,Sinú,Bajo Sinú,8.86909103393555,9.70909118652344,15,15,0.561594188213348,0.789855062961578,1,1,1.07000005245209,2011,11,65,0,0,0,0,4.06032133102417,2011-11-01,1.74102365970612,4.93173503875732,5.26835918426514
13080010,Pluviométrica,Convencional,Córdoba,San Pelayo,8.9359,-75.9533,50,9/15/1965,,Caribe,Caribe,Sinú,Bajo Sinú,8.86909103393555,9.70909118652344,15,15,0.561594188213348,0.789855062961578,1,1,1.07000005245209,2011,11,66,200,200,214.000010490417,0,43.7106094360352,2011-11-01,71.5874557495117,131.652252197266,158.069046020508
13080010,Pluviométrica,Convencional,Córdoba,San Pelayo,8.9359,-75.9533,50,9/15/1965,,Caribe,Caribe,Sinú,Bajo Sinú,8.86909103393555,9.70909118652344,15,15,0.561594188213348,0.789855062961578,1,1,1.08000004291534,2011,12,67,60,60,64.8000025749207,0,7.35169410705566,2011-12-01,6.63530445098877,22.7264652252197,31.7029132843018
13080010,Pluviométrica,Convencional,Córdoba,San Pelayo,8.9359,-75.9533,50,9/15/1965,,Caribe,Caribe,Sinú,Bajo Sinú,8.86909103393555,9.70909118652344,15,15,0.561594188213348,0.789855062961578,1,1,1.08000004291534,2011,12,68,15,15,16.2000006437302,0,20.7302207946777,2011-12-01,38.0604553222656,27.6595516204834,36.4454612731934
13080010,Pluviométrica,Convencional,Córdoba,San Pelayo,8.9359,-75.9533,50,9/15/1965,,Caribe,Caribe,Sinú,Bajo Sinú,8.86909103393555,9.70909118652344,15,15,0.561594188213348,0.789855062961578,1,1,1.08000004291534,2011,12,69,20,20,21.6000008583069,0,16.0768432617188,2011-12-01,24.8942775726318,22.4273624420166,23.5743637084961
13080010,Pluviométrica,Convencional,Córdoba,San Pelayo,8.9359,-75.9533,50,9/15/1965,,Caribe,Caribe,Sinú,Bajo Sinú,8.86909103393555,9.70909118652344,15,15,0.561594188213348,0.789855062961578,1,1,1.08000004291534,2011,12,70,20,20,21.6000008583069,0,8.89229774475098,2011-12-01,8.67749309539795,10.4624319076538,15.7619037628174
13080010,Pluviométrica,Convencional,Córdoba,San Pelayo,8.9359,-75.9533,50,9/15/1965,,Caribe,Caribe,Sinú,Bajo Sinú,8.86909103393555,9.70909118652344,15,15,0.561594188213348,0.789855062961578,1,1,1.08000004291534,2011,12,71,0,0,0,0,9.70300006866455,2011-12-01,11.679801940918,5.16304588317871,5.41055250167847
13080010,Pluviométrica,Convencional,Córdoba,San Pelayo,8.9359,-75.9533,50,9/15/1965,,Caribe,Caribe,Sinú,Bajo Sinú,8.86909103393555,9.70909118652344,15,15,0.561594188213348,0.789855062961578,1,1,1.08000004291534,2011,12,72,0,0,0,0,3.51540851593018,2011-12-01,0,2.64132952690125,0
13080010,Pluviométrica,Convencional,Córdoba,San Pelayo,8.9359,-75.9533,50,9/15/1965,,Caribe,Caribe,Sinú,Bajo Sinú,8.86909103393555,9.70909118652344,15,15,0.561594188213348,0.789855062961578,1,1,1.10000002384186,2012,01,1,0,0,0,0,6.27685928344727,2012-01-01,10.0539169311523,3.15802955627441,5.66394805908203
13080010,Pluviométrica,Convencional,Córdoba,San Pelayo,8.9359,-75.9533,50,9/15/1965,,Caribe,Caribe,Sinú,Bajo Sinú,8.86909103393555,9.70909118652344,15,15,0.561594188213348,0.789855062961578,1,1,1.10000002384186,2012,01,2,0,0,0,0,0.847451388835907,2012-01-01,0,0.636141717433929,0
13080010,Pluviométrica,Convencional,Córdoba,San Pelayo,8.9359,-75.9533,50,9/15/1965,,Caribe,Caribe,Sinú,Bajo Sinú,8.86909103393555,9.70909118652344,15,15,0.561594188213348,0.789855062961578,1,1,1.10000002384186,2012,01,3,0,0,0,0,7.66592311859131,2012-01-01,11.7049160003662,3.12803101539612,4.85127115249634
13080010,Pluviométrica,Convencional,Córdoba,San Pelayo,8.9359,-75.9533,50,9/15/1965,,Caribe,Caribe,Sinú,Bajo Sinú,8.86909103393555,9.70909118652344,15,15,0.561594188213348,0.789855062961578,1,1,1.10000002384186,2012,01,4,0,0,0,0,3.78194260597229,2012-01-01,1.53804838657379,2.18301701545715,1.59807395935059
13080010,Pluviométrica,Convencional,Córdoba,San Pelayo,8.9359,-75.9533,50,9/15/1965,,Caribe,Caribe,Sinú,Bajo Sinú,8.86909103393555,9.70909118652344,15,15,0.561594188213348,0.789855062961578,1,1,1.10000002384186,2012,01,5,0,0,0,0,1.00875127315521,2012-01-01,0,0.733444094657898,0
13080010,Pluviométrica,Convencional,Córdoba,San Pelayo,8.9359,-75.9533,50,9/15/1965,,Caribe,Caribe,Sinú,Bajo Sinú,8.86909103393555,9.70909118652344,15,15,0.561594188213348,0.789855062961578,1,1,1.10000002384186,2012,01,6,0,0,0,0,2.33877420425415,2012-01-01,0.156015813350678,1.72607040405273,0.304327011108398
13080010,Pluviométrica,Convencional,Córdoba,San Pelayo,8.9359,-75.9533,50,9/15/1965,,Caribe,Caribe,Sinú,Bajo Sinú,8.86909103393555,9.70909118652344,15,15,0.561594188213348,0.789855062961578,1,1,1.12000000476837,2012,02,7,0,0,0,0,3.4093165397644,2012-02-01,2.85540223121643,1.4773610830307,1.41885590553284
13080010,Pluviométrica,Convencional,Córdoba,San Pelayo,8.9359,-75.9533,50,9/15/1965,,Caribe,Caribe,Sinú,Bajo Sinú,8.86909103393555,9.70909118652344,15,15,0.561594188213348,0.789855062961578,1,1,1.12000000476837,2012,02,8,0,0,0,0,5.72440719604492,2012-02-01,9.0416431427002,2.75543522834778,4.59997224807739
13080010,Pluviométrica,Convencional,Córdoba,San Pelayo,8.9359,-75.9533,50,9/15/1965,,Caribe,Caribe,Sinú,Bajo Sinú,8.86909103393555,9.70909118652344,15,15,0.561594188213348,0.789855062961578,1,1,1.12000000476837,2012,02,9,0,0,0,0,2.52448558807373,2012-02-01,1.78268098831177,1.63216376304626,1.46938920021057
13080010,Pluviométrica,Convencional,Córdoba,San Pelayo,8.9359,-75.9533,50,9/15/1965,,Caribe,Caribe,Sinú,Bajo Sinú,8.86909103393555,9.70909118652344,15,15,0.561594188213348,0.789855062961578,1,1,1.12000000476837,2012,02,10,0,0,0,0,2.46275949478149,2012-02-01,1.43506395816803,1.43991839885712,1.15632200241089
13080010,Pluviométrica,Convencional,Córdoba,San Pelayo,8.9359,-75.9533,50,9/15/1965,,Caribe,Caribe,Sinú,Bajo Sinú,8.86909103393555,9.70909118652344,15,15,0.561594188213348,0.789855062961578,1,1,1.12000000476837,2012,02,11,0,0,0,0,2.34420990943909,2012-02-01,0,1.31517493724823,0
13080010,Pluviométrica,Convencional,Córdoba,San Pelayo,8.9359,-75.9533,50,9/15/1965,,Caribe,Caribe,Sinú,Bajo Sinú,8.86909103393555,9.70909118652344,15,15,0.561594188213348,0.789855062961578,1,1,1.12000000476837,2012,02,12,0,0,0,0,1.62509262561798,2012-02-01,0,1.1019674539566,0
13080010,Pluviométrica,Convencional,Córdoba,San Pelayo,8.9359,-75.9533,50,9/15/1965,,Caribe,Caribe,Sinú,Bajo Sinú,8.86909103393555,9.70909118652344,15,15,0.561594188213348,0.789855062961578,1,1,1.11000001430511,2012,03,13,0,0,0,0,0.663528501987457,2012-03-01,0,0.75493985414505,0
13080010,Pluviométrica,Convencional,Córdoba,San Pelayo,8.9359,-75.9533,50,9/15/1965,,Caribe,Caribe,Sinú,Bajo Sinú,8.86909103393555,9.70909118652344,15,15,0.561594188213348,0.789855062961578,1,1,1.11000001430511,2012,03,14,0,0,0,0,5.82093620300293,2012-03-01,16.0786685943604,4.13874053955078,7.82329607009888
13080010,Pluviométrica,Convencional,Córdoba,San Pelayo,8.9359,-75.9533,50,9/15/1965,,Caribe,Caribe,Sinú,Bajo Sinú,8.86909103393555,9.70909118652344,15,15,0.561594188213348,0.789855062961578,1,1,1.11000001430511,2012,03,15,0,0,0,0,0.377012878656387,2012-03-01,0,0.540856420993805,0
13080010,Pluviométrica,Convencional,Córdoba,San Pelayo,8.9359,-75.9533,50,9/15/1965,,Caribe,Caribe,Sinú,Bajo Sinú,8.86909103393555,9.70909118652344,15,15,0.561594188213348,0.789855062961578,1,1,1.11000001430511,2012,03,16,0,0,0,0,4.66390419006348,2012-03-01,15.5010280609131,5.21433830261231,15.4642305374146
13080010,Pluviométrica,Convencional,Córdoba,San Pelayo,8.9359,-75.9533,50,9/15/1965,,Caribe,Caribe,Sinú,Bajo Sinú,8.86909103393555,9.70909118652344,15,15,0.561594188213348,0.789855062961578,1,1,1.11000001430511,2012,03,17,15,15,16.6500002145767,0,0.418497234582901,2012-03-01,0,0.589821636676788,0
13080010,Pluviométrica,Convencional,Córdoba,San Pelayo,8.9359,-75.9533,50,9/15/1965,,Caribe,Caribe,Sinú,Bajo Sinú,8.86909103393555,9.70909118652344,15,15,0.561594188213348,0.789855062961578,1,1,1.11000001430511,2012,03,18,0,0,0,0,4.51186275482178,2012-03-01,2.80660462379456,3.48178315162659,2.52197504043579
13080010,Pluviométrica,Convencional,Córdoba,San Pelayo,8.9359,-75.9533,50,9/15/1965,,Caribe,Caribe,Sinú,Bajo Sinú,8.86909103393555,9.70909118652344,15,15,0.561594188213348,0.789855062961578,1,1,1.07000005245209,2012,04,19,50,50,53.5000026226044,0,30.2805976867676,2012-04-01,45.7357025146484,45.0564765930176,47.0348968505859
13080010,Pluviométrica,Convencional,Córdoba,San Pelayo,8.9359,-75.9533,50,9/15/1965,,Caribe,Caribe,Sinú,Bajo Sinú,8.86909103393555,9.70909118652344,15,15,0.561594188213348,0.789855062961578,1,1,1.07000005245209,2012,04,20,20,20,21.4000010490417,0,27.1601867675781,2012-04-01,40.4545402526855,20.4347076416016,28.2823486328125
13080010,Pluviométrica,Convencional,Córdoba,San Pelayo,8.9359,-75.9533,50,9/15/1965,,Caribe,Caribe,Sinú,Bajo Sinú,8.86909103393555,9.70909118652344,15,15,0.561594188213348,0.789855062961578,1,1,1.07000005245209,2012,04,21,20,20,21.4000010490417,0,10.805682182312,2012-04-01,11.805103302002,11.4209604263306,12.1107549667358
13080010,Pluviométrica,Convencional,Córdoba,San Pelayo,8.9359,-75.9533,50,9/15/1965,,Caribe,Caribe,Sinú,Bajo Sinú,8.86909103393555,9.70909118652344,15,15,0.561594188213348,0.789855062961578,1,1,1.07000005245209,2012,04,22,65,65,69.5500034093857,0,20.5402545928955,2012-04-01,31.3840827941895,35.5737953186035,46.1453247070313
13080010,Pluviométrica,Convencional,Córdoba,San Pelayo,8.9359,-75.9533,50,9/15/1965,,Caribe,Caribe,Sinú,Bajo Sinú,8.86909103393555,9.70909118652344,15,15,0.561594188213348,0.789855062961578,1,1,1.07000005245209,2012,04,23,75,75,80.2500039339066,0,24.7585601806641,2012-04-01,53.2867202758789,41.549633026123,64.0844497680664
13080010,Pluviométrica,Convencional,Córdoba,San Pelayo,8.9359,-75.9533,50,9/15/1965,,Caribe,Caribe,Sinú,Bajo Sinú,8.86909103393555,9.70909118652344,15,15,0.561594188213348,0.789855062961578,1,1,1.07000005245209,2012,04,24,0,0,0,0,17.2829265594482,2012-04-01,31.1616039276123,20.9776039123535,27.5420036315918
13080010,Pluviométrica,Convencional,Córdoba,San Pelayo,8.9359,-75.9533,50,9/15/1965,,Caribe,Caribe,Sinú,Bajo Sinú,8.86909103393555,9.70909118652344,15,15,0.561594188213348,0.789855062961578,1,1,1.04999995231628,2012,05,25,90,90,94.4999957084656,0,24.1417140960693,2012-05-01,52.6585159301758,35.758960723877,43.3066139221191
13080010,Pluviométrica,Convencional,Córdoba,San Pelayo,8.9359,-75.9533,50,9/15/1965,,Caribe,Caribe,Sinú,Bajo Sinú,8.86909103393555,9.70909118652344,15,15,0.561594188213348,0.789855062961578,1,1,1.04999995231628,2012,05,26,35,35,36.7499983310699,0,22.9123058319092,2012-05-01,45.4732894897461,30.6412887573242,38.9301605224609
13080010,Pluviométrica,Convencional,Córdoba,San Pelayo,8.9359,-75.9533,50,9/15/1965,,Caribe,Caribe,Sinú,Bajo Sinú,8.86909103393555,9.70909118652344,15,15,0.561594188213348,0.789855062961578,1,1,1.04999995231628,2012,05,27,90,90,94.4999957084656,0,19.9064083099365,2012-05-01,39.6498222351074,41.2685241699219,58.9700508117676
13080010,Pluviométrica,Convencional,Córdoba,San Pelayo,8.9359,-75.9533,50,9/15/1965,,Caribe,Caribe,Sinú,Bajo Sinú,8.86909103393555,9.70909118652344,15,15,0.561594188213348,0.789855062961578,1,1,1.04999995231628,2012,05,28,40,40,41.9999980926514,0,20.7746124267578,2012-05-01,38.7808303833008,23.2280120849609,29.3444499969482
13080010,Pluviométrica,Convencional,Córdoba,San Pelayo,8.9359,-75.9533,50,9/15/1965,,Caribe,Caribe,Sinú,Bajo Sinú,8.86909103393555,9.70909118652344,15,15,0.561594188213348,0.789855062961578,1,1,1.04999995231628,2012,05,29,20,20,20.9999990463257,0,15.986837387085,2012-05-01,29.2753734588623,22.7685089111328,29.043025970459
13080010,Pluviométrica,Convencional,Córdoba,San Pelayo,8.9359,-75.9533,50,9/15/1965,,Caribe,Caribe,Sinú,Bajo Sinú,8.86909103393555,9.70909118652344,15,15,0.561594188213348,0.789855062961578,1,1,1.04999995231628,2012,05,30,85,85,89.2499959468842,0,20.5658645629883,2012-05-01,26.309024810791,41.2168655395508,45.8891563415527
13080010,Pluviométrica,Convencional,Córdoba,San Pelayo,8.9359,-75.9533,50,9/15/1965,,Caribe,Caribe,Sinú,Bajo Sinú,8.86909103393555,9.70909118652344,15,15,0.561594188213348,0.789855062961578,1,1,1.05999994277954,2012,06,31,50,50,52.9999971389771,0,25.8092555999756,2012-06-01,30.7355403900147,28.1705875396729,37.6597290039063
13080010,Pluviométrica,Convencional,Córdoba,San Pelayo,8.9359,-75.9533,50,9/15/1965,,Caribe,Caribe,Sinú,Bajo Sinú,8.86909103393555,9.70909118652344,15,15,0.561594188213348,0.789855062961578,1,1,1.05999994277954,2012,06,32,105,105,111.299993991852,0,12.2468376159668,2012-06-01,10.1085567474365,28.0452995300293,32.8883018493652
13080010,Pluviométrica,Convencional,Córdoba,San Pelayo,8.9359,-75.9533,50,9/15/1965,,Caribe,Caribe,Sinú,Bajo Sinú,8.86909103393555,9.70909118652344,15,15,0.561594188213348,0.789855062961578,1,1,1.05999994277954,2012,06,33,110,110,116.59999370575,0,49.1152763366699,2012-06-01,47.953857421875,90.1255569458008,98.6704025268555
13080010,Pluviométrica,Convencional,Córdoba,San Pelayo,8.9359,-75.9533,50,9/15/1965,,Caribe,Caribe,Sinú,Bajo Sinú,8.86909103393555,9.70909118652344,15,15,0.561594188213348,0.789855062961578,1,1,1.05999994277954,2012,06,34,60,60,63.5999965667725,0,17.1762676239014,2012-06-01,13.7839622497559,47.462345123291,43.0783462524414
13080010,Pluviométrica,Convencional,Córdoba,San Pelayo,8.9359,-75.9533,50,9/15/1965,,Caribe,Caribe,Sinú,Bajo Sinú,8.86909103393555,9.70909118652344,15,15,0.561594188213348,0.789855062961578,1,1,1.05999994277954,2012,06,35,20,20,21.1999988555908,0,18.7384605407715,2012-06-01,18.6568794250488,17.0184631347656,19.8203239440918
13080010,Pluviométrica,Convencional,Córdoba,San Pelayo,8.9359,-75.9533,50,9/15/1965,,Caribe,Caribe,Sinú,Bajo Sinú,8.86909103393555,9.70909118652344,15,15,0.561594188213348,0.789855062961578,1,1,1.05999994277954,2012,06,36,0,0,0,0,22.1957721710205,2012-06-01,27.3186588287354,16.7493515014648,18.6154098510742
13080010,Pluviométrica,Convencional,Córdoba,San Pelayo,8.9359,-75.9533,50,9/15/1965,,Caribe,Caribe,Sinú,Bajo Sinú,8.86909103393555,9.70909118652344,15,15,0.561594188213348,0.789855062961578,1,1,1.05999994277954,2012,07,37,50,50,52.9999971389771,0,16.4282703399658,2012-07-01,23.1170787811279,19.5673484802246,26.1620178222656
13080010,Pluviométrica,Convencional,Córdoba,San Pelayo,8.9359,-75.9533,50,9/15/1965,,Caribe,Caribe,Sinú,Bajo Sinú,8.86909103393555,9.70909118652344,15,15,0.561594188213348,0.789855062961578,1,1,1.05999994277954,2012,07,38,15,15,15.8999991416931,0,18.676872253418,2012-07-01,33.8943099975586,22.4050788879395,30.3046989440918
13080010,Pluviométrica,Convencional,Córdoba,San Pelayo,8.9359,-75.9533,50,9/15/1965,,Caribe,Caribe,Sinú,Bajo Sinú,8.86909103393555,9.70909118652344,15,15,0.561594188213348,0.789855062961578,1,1,1.05999994277954,2012,07,39,130,130,137.79999256134,0,14.6658954620361,2012-07-01,27.2508316040039,29.3122863769531,54.9823608398438
13080010,Pluviométrica,Convencional,Córdoba,San Pelayo,8.9359,-75.9533,50,9/15/1965,,Caribe,Caribe,Sinú,Bajo Sinú,8.86909103393555,9.70909118652344,15,15,0.561594188213348,0.789855062961578,1,1,1.05999994277954,2012,07,40,30,30,31.7999982833862,0,13.5882844924927,2012-07-01,22.1523284912109,17.9900417327881,24.4622955322266
13080010,Pluviométrica,Convencional,Córdoba,San Pelayo,8.9359,-75.9533,50,9/15/1965,,Caribe,Caribe,Sinú,Bajo Sinú,8.86909103393555,9.70909118652344,15,15,0.561594188213348,0.789855062961578,1,1,1.05999994277954,2012,07,41,20,20,21.1999988555908,0,11.1495275497437,2012-07-01,16.8709983825684,16.3684024810791,19.2572917938232
13080010,Pluviométrica,Convencional,Córdoba,San Pelayo,8.9359,-75.9533,50,9/15/1965,,Caribe,Caribe,Sinú,Bajo Sinú,8.86909103393555,9.70909118652344,15,15,0.561594188213348,0.789855062961578,1,1,1.05999994277954,2012,07,42,25,25,26.4999985694885,0,37.2290763854981,2012-07-01,64.7335433959961,34.1627426147461,42.0478630065918
13080010,Pluviométrica,Convencional,Córdoba,San Pelayo,8.9359,-75.9533,50,9/15/1965,,Caribe,Caribe,Sinú,Bajo Sinú,8.86909103393555,9.70909118652344,15,15,0.561594188213348,0.789855062961578,1,1,1.04999995231628,2012,08,43,40,40,41.9999980926514,0,19.001838684082,2012-08-01,23.6762313842773,26.1806411743164,35.2845878601074
13080010,Pluviométrica,Convencional,Córdoba,San Pelayo,8.9359,-75.9533,50,9/15/1965,,Caribe,Caribe,Sinú,Bajo Sinú,8.86909103393555,9.70909118652344,15,15,0.561594188213348,0.789855062961578,1,1,1.04999995231628,2012,08,44,55,55,57.7499973773956,0,21.8504695892334,2012-08-01,24.6901226043701,37.3701820373535,50.7448616027832
13080010,Pluviométrica,Convencional,Córdoba,San Pelayo,8.9359,-75.9533,50,9/15/1965,,Caribe,Caribe,Sinú,Bajo Sinú,8.86909103393555,9.70909118652344,15,15,0.561594188213348,0.789855062961578,1,1,1.04999995231628,2012,08,45,85,85,89.2499959468842,0,32.0812759399414,2012-08-01,42.9562377929688,42.8041496276856,40.9093322753906
13080010,Pluviométrica,Convencional,Córdoba,San Pelayo,8.9359,-75.9533,50,9/15/1965,,Caribe,Caribe,Sinú,Bajo Sinú,8.86909103393555,9.70909118652344,15,15,0.561594188213348,0.789855062961578,1,1,1.04999995231628,2012,08,46,100,100,104.999995231628,0,28.714054107666,2012-08-01,38.8322372436523,40.351245880127,48.0643119812012
13080010,Pluviométrica,Convencional,Córdoba,San Pelayo,8.9359,-75.9533,50,9/15/1965,,Caribe,Caribe,Sinú,Bajo Sinú,8.86909103393555,9.70909118652344,15,15,0.561594188213348,0.789855062961578,1,1,1.04999995231628,2012,08,47,35,35,36.7499983310699,0,30.5998554229736,2012-08-01,42.7345390319824,33.0777359008789,40.2425117492676
13080010,Pluviométrica,Convencional,Córdoba,San Pelayo,8.9359,-75.9533,50,9/15/1965,,Caribe,Caribe,Sinú,Bajo Sinú,8.86909103393555,9.70909118652344,15,15,0.561594188213348,0.789855062961578,1,1,1.04999995231628,2012,08,48,70,70,73.4999966621399,0,24.7583255767822,2012-08-01,26.2328510284424,27.3620758056641,30.3759441375732
13080010,Pluviométrica,Convencional,Córdoba,San Pelayo,8.9359,-75.9533,50,9/15/1965,,Caribe,Caribe,Sinú,Bajo Sinú,8.86909103393555,9.70909118652344,15,15,0.561594188213348,0.789855062961578,1,1,1.04999995231628,2012,09,49,20,20,20.9999990463257,0,26.8518295288086,2012-09-01,40.1814804077149,24.1668453216553,30.7762145996094
13080010,Pluviométrica,Convencional,Córdoba,San Pelayo,8.9359,-75.9533,50,9/15/1965,,Caribe,Caribe,Sinú,Bajo Sinú,8.86909103393555,9.70909118652344,15,15,0.561594188213348,0.789855062961578,1,1,1.04999995231628,2012,09,50,55,55,57.7499973773956,0,21.8644733428955,2012-09-01,31.5315742492676,32.823787689209,40.5035972595215
13080010,Pluviométrica,Convencional,Córdoba,San Pelayo,8.9359,-75.9533,50,9/15/1965,,Caribe,Caribe,Sinú,Bajo Sinú,8.86909103393555,9.70909118652344,15,15,0.561594188213348,0.789855062961578,1,1,1.04999995231628,2012,09,51,45,45,47.2499978542328,0,21.2323379516602,2012-09-01,30.3999519348145,23.5948219299316,32.4833106994629
13080010,Pluviométrica,Convencional,Córdoba,San Pelayo,8.9359,-75.9533,50,9/15/1965,,Caribe,Caribe,Sinú,Bajo Sinú,8.86909103393555,9.70909118652344,15,15,0.561594188213348,0.789855062961578,1,1,1.04999995231628,2012,09,52,15,15,15.7499992847443,0,26.1235256195068,2012-09-01,38.1412773132324,16.5536823272705,23.7770462036133
13080010,Pluviométrica,Convencional,Córdoba,San Pelayo,8.9359,-75.9533,50,9/15/1965,,Caribe,Caribe,Sinú,Bajo Sinú,8.86909103393555,9.70909118652344,15,15,0.561594188213348,0.789855062961578,1,1,1.04999995231628,2012,09,53,40,40,41.9999980926514,0,23.8598728179932,2012-09-01,35.0733184814453,28.0116729736328,37.9353866577148
13080010,Pluviométrica,Convencional,Córdoba,San Pelayo,8.9359,-75.9533,50,9/15/1965,,Caribe,Caribe,Sinú,Bajo Sinú,8.86909103393555,9.70909118652344,15,15,0.561594188213348,0.789855062961578,1,1,1.04999995231628,2012,09,54,70,70,73.4999966621399,0,33.5014762878418,2012-09-01,54.0785140991211,35.3805541992188,34.4408569335938
13080010,Pluviométrica,Convencional,Córdoba,San Pelayo,8.9359,-75.9533,50,9/15/1965,,Caribe,Caribe,Sinú,Bajo Sinú,8.86909103393555,9.70909118652344,15,15,0.561594188213348,0.789855062961578,1,1,1.05999994277954,2012,10,55,0,0,0,0,24.4354915618897,2012-10-01,27.149076461792,9.99176692962646,19.1902446746826
13080010,Pluviométrica,Convencional,Córdoba,San Pelayo,8.9359,-75.9533,50,9/15/1965,,Caribe,Caribe,Sinú,Bajo Sinú,8.86909103393555,9.70909118652344,15,15,0.561594188213348,0.789855062961578,1,1,1.05999994277954,2012,10,56,30,30,31.7999982833862,0,38.2036361694336,2012-10-01,42.1169166564941,71.8196334838867,36.4572677612305
13080010,Pluviométrica,Convencional,Córdoba,San Pelayo,8.9359,-75.9533,50,9/15/1965,,Caribe,Caribe,Sinú,Bajo Sinú,8.86909103393555,9.70909118652344,15,15,0.561594188213348,0.789855062961578,1,1,1.05999994277954,2012,10,57,55,55,58.2999968528748,0,30.726583480835,2012-10-01,34.1615219116211,36.5045166015625,48.5869979858398
13080010,Pluviométrica,Convencional,Córdoba,San Pelayo,8.9359,-75.9533,50,9/15/1965,,Caribe,Caribe,Sinú,Bajo Sinú,8.86909103393555,9.70909118652344,15,15,0.561594188213348,0.789855062961578,1,1,1.05999994277954,2012,10,58,25,25,26.4999985694885,0,35.1081657409668,2012-10-01,36.8657646179199,42.8729553222656,36.921501159668
13080010,Pluviométrica,Convencional,Córdoba,San Pelayo,8.9359,-75.9533,50,9/15/1965,,Caribe,Caribe,Sinú,Bajo Sinú,8.86909103393555,9.70909118652344,15,15,0.561594188213348,0.789855062961578,1,1,1.05999994277954,2012,10,59,0,0,0,0,9.54170608520508,2012-10-01,8.36651611328125,4.99234199523926,6.52954387664795
13080010,Pluviométrica,Convencional,Córdoba,San Pelayo,8.9359,-75.9533,50,9/15/1965,,Caribe,Caribe,Sinú,Bajo Sinú,8.86909103393555,9.70909118652344,15,15,0.561594188213348,0.789855062961578,1,1,1.05999994277954,2012,10,60,55,55,58.2999968528748,0,43.2863922119141,2012-10-01,43.8365097045898,40.4497489929199,62.008659362793
13080010,Pluviométrica,Convencional,Córdoba,San Pelayo,8.9359,-75.9533,50,9/15/1965,,Caribe,Caribe,Sinú,Bajo Sinú,8.86909103393555,9.70909118652344,15,15,0.561594188213348,0.789855062961578,1,1,1.07000005245209,2012,11,61,65,65,69.5500034093857,0,14.7886095046997,2012-11-01,12.4510354995728,30.5403099060059,17.5954303741455
13080010,Pluviométrica,Convencional,Córdoba,San Pelayo,8.9359,-75.9533,50,9/15/1965,,Caribe,Caribe,Sinú,Bajo Sinú,8.86909103393555,9.70909118652344,15,15,0.561594188213348,0.789855062961578,1,1,1.07000005245209,2012,11,62,40,40,42.8000020980835,0,9.80971336364746,2012-11-01,8.98595905303955,19.2299461364746,25.5457611083984
13080010,Pluviométrica,Convencional,Córdoba,San Pelayo,8.9359,-75.9533,50,9/15/1965,,Caribe,Caribe,Sinú,Bajo Sinú,8.86909103393555,9.70909118652344,15,15,0.561594188213348,0.789855062961578,1,1,1.07000005245209,2012,11,63,35,35,37.4500018358231,0,14.8873052597046,2012-11-01,20.103063583374,10.593900680542,25.967098236084
13080010,Pluviométrica,Convencional,Córdoba,San Pelayo,8.9359,-75.9533,50,9/15/1965,,Caribe,Caribe,Sinú,Bajo Sinú,8.86909103393555,9.70909118652344,15,15,0.561594188213348,0.789855062961578,1,1,1.07000005245209,2012,11,64,20,20,21.4000010490417,0,22.6412448883057,2012-11-01,29.6390399932861,19.8561134338379,24.3595390319824
13080010,Pluviométrica,Convencional,Córdoba,San Pelayo,8.9359,-75.9533,50,9/15/1965,,Caribe,Caribe,Sinú,Bajo Sinú,8.86909103393555,9.70909118652344,15,15,0.561594188213348,0.789855062961578,1,1,1.07000005245209,2012,11,65,20,20,21.4000010490417,0,21.4740715026855,2012-11-01,32.4423904418945,22.9436340332031,30.6771125793457
13080010,Pluviométrica,Convencional,Córdoba,San Pelayo,8.9359,-75.9533,50,9/15/1965,,Caribe,Caribe,Sinú,Bajo Sinú,8.86909103393555,9.70909118652344,15,15,0.561594188213348,0.789855062961578,1,1,1.07000005245209,2012,11,66,0,0,0,0,5.28430557250977,2012-11-01,5.22751569747925,5.65637350082398,8.15454292297363
13080010,Pluviométrica,Convencional,Córdoba,San Pelayo,8.9359,-75.9533,50,9/15/1965,,Caribe,Caribe,Sinú,Bajo Sinú,8.86909103393555,9.70909118652344,15,15,0.561594188213348,0.789855062961578,1,1,1.08000004291534,2012,12,67,0,0,0,0,2.23302602767944,2012-12-01,0,1.07641589641571,0
13080010,Pluviométrica,Convencional,Córdoba,San Pelayo,8.9359,-75.9533,50,9/15/1965,,Caribe,Caribe,Sinú,Bajo Sinú,8.86909103393555,9.70909118652344,15,15,0.561594188213348,0.789855062961578,1,1,1.08000004291534,2012,12,68,0,0,0,0,1.5257955789566,2012-12-01,0,0.833773791790009,0
13080010,Pluviométrica,Convencional,Córdoba,San Pelayo,8.9359,-75.9533,50,9/15/1965,,Caribe,Caribe,Sinú,Bajo Sinú,8.86909103393555,9.70909118652344,15,15,0.561594188213348,0.789855062961578,1,1,1.08000004291534,2012,12,69,0,0,0,0,6.79855394363403,2012-12-01,6.22225904464722,6.62342882156372,10.5145015716553
13080010,Pluviométrica,Convencional,Córdoba,San Pelayo,8.9359,-75.9533,50,9/15/1965,,Caribe,Caribe,Sinú,Bajo Sinú,8.86909103393555,9.70909118652344,15,15,0.561594188213348,0.789855062961578,1,1,1.08000004291534,2012,12,70,45,45,48.6000019311905,0,5.10323286056519,2012-12-01,2.14892816543579,2.33847308158875,4.10095596313477
13080010,Pluviométrica,Convencional,Córdoba,San Pelayo,8.9359,-75.9533,50,9/15/1965,,Caribe,Caribe,Sinú,Bajo Sinú,8.86909103393555,9.70909118652344,15,15,0.561594188213348,0.789855062961578,1,1,1.08000004291534,2012,12,71,15,15,16.2000006437302,0,24.5688209533691,2012-12-01,40.7131538391113,19.8661918640137,33.7646598815918
13080010,Pluviométrica,Convencional,Córdoba,San Pelayo,8.9359,-75.9533,50,9/15/1965,,Caribe,Caribe,Sinú,Bajo Sinú,8.86909103393555,9.70909118652344,15,15,0.561594188213348,0.789855062961578,1,1,1.08000004291534,2012,12,72,0,0,0,0,4.79023170471191,2012-12-01,0.00222957134246826,4.88729572296143,0.00470406515523791
13080010,Pluviométrica,Convencional,Córdoba,San Pelayo,8.9359,-75.9533,50,9/15/1965,,Caribe,Caribe,Sinú,Bajo Sinú,8.86909103393555,9.70909118652344,15,15,0.561594188213348,0.789855062961578,1,1,1.10000002384186,2013,01,1,0,0,0,0,0.830317139625549,2013-01-01,0,0.580914974212647,0
13080010,Pluviométrica,Convencional,Córdoba,San Pelayo,8.9359,-75.9533,50,9/15/1965,,Caribe,Caribe,Sinú,Bajo Sinú,8.86909103393555,9.70909118652344,15,15,0.561594188213348,0.789855062961578,1,1,1.10000002384186,2013,01,2,0,0,0,0,0.843905866146088,2013-01-01,0,0.591798722743988,0
13080010,Pluviométrica,Convencional,Córdoba,San Pelayo,8.9359,-75.9533,50,9/15/1965,,Caribe,Caribe,Sinú,Bajo Sinú,8.86909103393555,9.70909118652344,15,15,0.561594188213348,0.789855062961578,1,1,1.10000002384186,2013,01,3,0,0,0,0,0.964286506175995,2013-01-01,0,0.655847549438477,0
13080010,Pluviométrica,Convencional,Córdoba,San Pelayo,8.9359,-75.9533,50,9/15/1965,,Caribe,Caribe,Sinú,Bajo Sinú,8.86909103393555,9.70909118652344,15,15,0.561594188213348,0.789855062961578,1,1,1.10000002384186,2013,01,4,0,0,0,0,1.16166758537292,2013-01-01,0,0.759869337081909,0
13080010,Pluviométrica,Convencional,Córdoba,San Pelayo,8.9359,-75.9533,50,9/15/1965,,Caribe,Caribe,Sinú,Bajo Sinú,8.86909103393555,9.70909118652344,15,15,0.561594188213348,0.789855062961578,1,1,1.10000002384186,2013,01,5,0,0,0,0,1.19485592842102,2013-01-01,0,0.778923630714417,0
13080010,Pluviométrica,Convencional,Córdoba,San Pelayo,8.9359,-75.9533,50,9/15/1965,,Caribe,Caribe,Sinú,Bajo Sinú,8.86909103393555,9.70909118652344,15,15,0.561594188213348,0.789855062961578,1,1,1.10000002384186,2013,01,6,0,0,0,0,1.58560132980347,2013-01-01,0.156015813350678,0.87895530462265,0.171734780073166
13080010,Pluviométrica,Convencional,Córdoba,San Pelayo,8.9359,-75.9533,50,9/15/1965,,Caribe,Caribe,Sinú,Bajo Sinú,8.86909103393555,9.70909118652344,15,15,0.561594188213348,0.789855062961578,1,1,1.12000000476837,2013,02,7,0,0,0,0,5.24108934402466,2013-02-01,6.22557067871094,5.69084215164185,15.9662675857544
13080010,Pluviométrica,Convencional,Córdoba,San Pelayo,8.9359,-75.9533,50,9/15/1965,,Caribe,Caribe,Sinú,Bajo Sinú,8.86909103393555,9.70909118652344,15,15,0.561594188213348,0.789855062961578,1,1,1.12000000476837,2013,02,8,0,0,0,0,5.33035707473755,2013-02-01,3.59448456764221,5.09314823150635,2.18593621253967
13080010,Pluviométrica,Convencional,Córdoba,San Pelayo,8.9359,-75.9533,50,9/15/1965,,Caribe,Caribe,Sinú,Bajo Sinú,8.86909103393555,9.70909118652344,15,15,0.561594188213348,0.789855062961578,1,1,1.12000000476837,2013,02,9,0,0,0,0,3.0855348110199,2013-02-01,1.78268098831177,2.63252806663513,1.22445344924927
13080010,Pluviométrica,Convencional,Córdoba,San Pelayo,8.9359,-75.9533,50,9/15/1965,,Caribe,Caribe,Sinú,Bajo Sinú,8.86909103393555,9.70909118652344,15,15,0.561594188213348,0.789855062961578,1,1,1.12000000476837,2013,02,10,0,0,0,0,2.85684847831726,2013-02-01,1.43506395816803,2.62481307983398,1.22217345237732
13080010,Pluviométrica,Convencional,Córdoba,San Pelayo,8.9359,-75.9533,50,9/15/1965,,Caribe,Caribe,Sinú,Bajo Sinú,8.86909103393555,9.70909118652344,15,15,0.561594188213348,0.789855062961578,1,1,1.12000000476837,2013,02,11,0,0,0,0,2.57713532447815,2013-02-01,0,2.33686709403992,0
13080010,Pluviométrica,Convencional,Córdoba,San Pelayo,8.9359,-75.9533,50,9/15/1965,,Caribe,Caribe,Sinú,Bajo Sinú,8.86909103393555,9.70909118652344,15,15,0.561594188213348,0.789855062961578,1,1,1.12000000476837,2013,02,12,10,10,11.2000000476837,0,1.64243268966675,2013-02-01,0,1.90682780742645,0
13080010,Pluviométrica,Convencional,Córdoba,San Pelayo,8.9359,-75.9533,50,9/15/1965,,Caribe,Caribe,Sinú,Bajo Sinú,8.86909103393555,9.70909118652344,15,15,0.561594188213348,0.789855062961578,1,1,1.11000001430511,2013,03,13,10,10,11.1000001430511,0,7.28649520874023,2013-03-01,21.2911491394043,11.8643474578857,15.3927183151245
13080010,Pluviométrica,Convencional,Córdoba,San Pelayo,8.9359,-75.9533,50,9/15/1965,,Caribe,Caribe,Sinú,Bajo Sinú,8.86909103393555,9.70909118652344,15,15,0.561594188213348,0.789855062961578,1,1,1.11000001430511,2013,03,14,0,0,0,0,0.799352526664734,2013-03-01,0,1.29184365272522,0
13080010,Pluviométrica,Convencional,Córdoba,San Pelayo,8.9359,-75.9533,50,9/15/1965,,Caribe,Caribe,Sinú,Bajo Sinú,8.86909103393555,9.70909118652344,15,15,0.561594188213348,0.789855062961578,1,1,1.11000001430511,2013,03,15,20,20,22.2000002861023,0,2.39684915542603,2013-03-01,5.19981336593628,4.52078866958618,16.0532760620117
13080010,Pluviométrica,Convencional,Córdoba,San Pelayo,8.9359,-75.9533,50,9/15/1965,,Caribe,Caribe,Sinú,Bajo Sinú,8.86909103393555,9.70909118652344,15,15,0.561594188213348,0.789855062961578,1,1,1.11000001430511,2013,03,16,10,10,11.1000001430511,0,2.45843195915222,2013-03-01,5.9787187576294,4.49554061889648,5.9781699180603
13080010,Pluviométrica,Convencional,Córdoba,San Pelayo,8.9359,-75.9533,50,9/15/1965,,Caribe,Caribe,Sinú,Bajo Sinú,8.86909103393555,9.70909118652344,15,15,0.561594188213348,0.789855062961578,1,1,1.11000001430511,2013,03,17,0,0,0,0,1.71842503547668,2013-03-01,3.93523025512695,2.54572653770447,6.08009672164917
13080010,Pluviométrica,Convencional,Córdoba,San Pelayo,8.9359,-75.9533,50,9/15/1965,,Caribe,Caribe,Sinú,Bajo Sinú,8.86909103393555,9.70909118652344,15,15,0.561594188213348,0.789855062961578,1,1,1.11000001430511,2013,03,18,0,0,0,0,10.5059690475464,2013-03-01,20.4455642700195,9.4550256729126,9.59104919433594
13080010,Pluviométrica,Convencional,Córdoba,San Pelayo,8.9359,-75.9533,50,9/15/1965,,Caribe,Caribe,Sinú,Bajo Sinú,8.86909103393555,9.70909118652344,15,15,0.561594188213348,0.789855062961578,1,1,1.07000005245209,2013,04,19,0,0,0,0,2.99327492713928,2013-04-01,1.34387016296387,1.89386391639709,3.55181407928467
13080010,Pluviométrica,Convencional,Córdoba,San Pelayo,8.9359,-75.9533,50,9/15/1965,,Caribe,Caribe,Sinú,Bajo Sinú,8.86909103393555,9.70909118652344,15,15,0.561594188213348,0.789855062961578,1,1,1.07000005245209,2013,04,20,0,0,0,0,3.54094099998474,2013-04-01,1.11323165893555,2.37749814987183,1.06723976135254
13080010,Pluviométrica,Convencional,Córdoba,San Pelayo,8.9359,-75.9533,50,9/15/1965,,Caribe,Caribe,Sinú,Bajo Sinú,8.86909103393555,9.70909118652344,15,15,0.561594188213348,0.789855062961578,1,1,1.07000005245209,2013,04,21,20,20,21.4000010490417,0,7.57586574554443,2013-04-01,9.12844276428223,6.53918170928955,6.42109251022339
13080010,Pluviométrica,Convencional,Córdoba,San Pelayo,8.9359,-75.9533,50,9/15/1965,,Caribe,Caribe,Sinú,Bajo Sinú,8.86909103393555,9.70909118652344,15,15,0.561594188213348,0.789855062961578,1,1,1.07000005245209,2013,04,22,85,85,90.9500044584274,0,16.3031024932861,2013-04-01,32.2488136291504,31.27565574646,55.1424140930176
13080010,Pluviométrica,Convencional,Córdoba,San Pelayo,8.9359,-75.9533,50,9/15/1965,,Caribe,Caribe,Sinú,Bajo Sinú,8.86909103393555,9.70909118652344,15,15,0.561594188213348,0.789855062961578,1,1,1.07000005245209,2013,04,23,15,15,16.0500007867813,0,3.62457990646362,2013-04-01,4.16043615341187,4.98354768753052,10.2421102523804
13080010,Pluviométrica,Convencional,Córdoba,San Pelayo,8.9359,-75.9533,50,9/15/1965,,Caribe,Caribe,Sinú,Bajo Sinú,8.86909103393555,9.70909118652344,15,15,0.561594188213348,0.789855062961578,1,1,1.07000005245209,2013,04,24,10,10,10.7000005245209,0,8.64065170288086,2013-04-01,9.71514129638672,8.58927917480469,6.74418592453003
13080010,Pluviométrica,Convencional,Córdoba,San Pelayo,8.9359,-75.9533,50,9/15/1965,,Caribe,Caribe,Sinú,Bajo Sinú,8.86909103393555,9.70909118652344,15,15,0.561594188213348,0.789855062961578,1,1,1.04999995231628,2013,05,25,55,55,57.7499973773956,0,13.5551681518555,2013-05-01,29.1725254058838,25.5954093933106,41.0517158508301
13080010,Pluviométrica,Convencional,Córdoba,San Pelayo,8.9359,-75.9533,50,9/15/1965,,Caribe,Caribe,Sinú,Bajo Sinú,8.86909103393555,9.70909118652344,15,15,0.561594188213348,0.789855062961578,1,1,1.04999995231628,2013,05,26,10,10,10.4999995231628,0,15.1733160018921,2013-05-01,33.8730735778809,15.4980220794678,24.8728160858154
13080010,Pluviométrica,Convencional,Córdoba,San Pelayo,8.9359,-75.9533,50,9/15/1965,,Caribe,Caribe,Sinú,Bajo Sinú,8.86909103393555,9.70909118652344,15,15,0.561594188213348,0.789855062961578,1,1,1.04999995231628,2013,05,27,0,0,0,0,6.11287927627564,2013-05-01,8.05337238311768,3.61684536933899,5.13372135162354
13080010,Pluviométrica,Convencional,Córdoba,San Pelayo,8.9359,-75.9533,50,9/15/1965,,Caribe,Caribe,Sinú,Bajo Sinú,8.86909103393555,9.70909118652344,15,15,0.561594188213348,0.789855062961578,1,1,1.04999995231628,2013,05,28,85,85,89.2499959468842,0,22.6038589477539,2013-05-01,53.5816154479981,32.3212509155273,45.8369102478027
13080010,Pluviométrica,Convencional,Córdoba,San Pelayo,8.9359,-75.9533,50,9/15/1965,,Caribe,Caribe,Sinú,Bajo Sinú,8.86909103393555,9.70909118652344,15,15,0.561594188213348,0.789855062961578,1,1,1.04999995231628,2013,05,29,20,20,20.9999990463257,0,20.9616394042969,2013-05-01,42.5828437805176,16.9207382202148,24.5102767944336
13080010,Pluviométrica,Convencional,Córdoba,San Pelayo,8.9359,-75.9533,50,9/15/1965,,Caribe,Caribe,Sinú,Bajo Sinú,8.86909103393555,9.70909118652344,15,15,0.561594188213348,0.789855062961578,1,1,1.04999995231628,2013,05,30,25,25,26.2499988079071,0,36.8425521850586,2013-05-01,62.9845085144043,34.8327789306641,46.2804565429688
13080010,Pluviométrica,Convencional,Córdoba,San Pelayo,8.9359,-75.9533,50,9/15/1965,,Caribe,Caribe,Sinú,Bajo Sinú,8.86909103393555,9.70909118652344,15,15,0.561594188213348,0.789855062961578,1,1,1.05999994277954,2013,06,31,105,105,111.299993991852,0,18.2117118835449,2013-06-01,21.1246166229248,48.0857124328613,56.633903503418
13080010,Pluviométrica,Convencional,Córdoba,San Pelayo,8.9359,-75.9533,50,9/15/1965,,Caribe,Caribe,Sinú,Bajo Sinú,8.86909103393555,9.70909118652344,15,15,0.561594188213348,0.789855062961578,1,1,1.05999994277954,2013,06,32,70,70,74.1999959945679,0,31.3795680999756,2013-06-01,37.2489318847656,36.3295135498047,32.9166946411133
13080010,Pluviométrica,Convencional,Córdoba,San Pelayo,8.9359,-75.9533,50,9/15/1965,,Caribe,Caribe,Sinú,Bajo Sinú,8.86909103393555,9.70909118652344,15,15,0.561594188213348,0.789855062961578,1,1,1.05999994277954,2013,06,33,10,10,10.5999994277954,0,25.406494140625,2013-06-01,25.910026550293,22.2302303314209,27.8366794586182
13080010,Pluviométrica,Convencional,Córdoba,San Pelayo,8.9359,-75.9533,50,9/15/1965,,Caribe,Caribe,Sinú,Bajo Sinú,8.86909103393555,9.70909118652344,15,15,0.561594188213348,0.789855062961578,1,1,1.05999994277954,2013,06,34,0,0,0,0,8.62759399414063,2013-06-01,5.23254680633545,5.15382719039917,4.31030464172363
13080010,Pluviométrica,Convencional,Córdoba,San Pelayo,8.9359,-75.9533,50,9/15/1965,,Caribe,Caribe,Sinú,Bajo Sinú,8.86909103393555,9.70909118652344,15,15,0.561594188213348,0.789855062961578,1,1,1.05999994277954,2013,06,35,40,40,42.3999977111816,0,28.3993854522705,2013-06-01,32.9027519226074,32.5678443908691,37.4360122680664
13080010,Pluviométrica,Convencional,Córdoba,San Pelayo,8.9359,-75.9533,50,9/15/1965,,Caribe,Caribe,Sinú,Bajo Sinú,8.86909103393555,9.70909118652344,15,15,0.561594188213348,0.789855062961578,1,1,1.05999994277954,2013,06,36,75,75,79.4999957084656,0,20.3379535675049,2013-06-01,23.6794376373291,45.6669540405274,52.6406707763672
13080010,Pluviométrica,Convencional,Córdoba,San Pelayo,8.9359,-75.9533,50,9/15/1965,,Caribe,Caribe,Sinú,Bajo Sinú,8.86909103393555,9.70909118652344,15,15,0.561594188213348,0.789855062961578,1,1,1.05999994277954,2013,07,37,15,15,15.8999991416931,0,14.422589302063,2013-07-01,23.1170787811279,14.9388380050659,25.4169178009033
13080010,Pluviométrica,Convencional,Córdoba,San Pelayo,8.9359,-75.9533,50,9/15/1965,,Caribe,Caribe,Sinú,Bajo Sinú,8.86909103393555,9.70909118652344,15,15,0.561594188213348,0.789855062961578,1,1,1.05999994277954,2013,07,38,10,10,10.5999994277954,0,14.1543855667114,2013-07-01,26.7395458221436,18.5664348602295,28.8931636810303
13080010,Pluviométrica,Convencional,Córdoba,San Pelayo,8.9359,-75.9533,50,9/15/1965,,Caribe,Caribe,Sinú,Bajo Sinú,8.86909103393555,9.70909118652344,15,15,0.561594188213348,0.789855062961578,1,1,1.05999994277954,2013,07,39,0,0,0,0,9.06449317932129,2013-07-01,13.0903835296631,6.44539880752564,9.20008087158203
13080010,Pluviométrica,Convencional,Córdoba,San Pelayo,8.9359,-75.9533,50,9/15/1965,,Caribe,Caribe,Sinú,Bajo Sinú,8.86909103393555,9.70909118652344,15,15,0.561594188213348,0.789855062961578,1,1,1.05999994277954,2013,07,40,30,30,31.7999982833862,0,19.6577205657959,2013-07-01,42.4836959838867,25.2573719024658,43.6938209533691
13080010,Pluviométrica,Convencional,Córdoba,San Pelayo,8.9359,-75.9533,50,9/15/1965,,Caribe,Caribe,Sinú,Bajo Sinú,8.86909103393555,9.70909118652344,15,15,0.561594188213348,0.789855062961578,1,1,1.05999994277954,2013,07,41,125,125,132.499992847443,0,3.50796151161194,2013-07-01,0.543193101882935,6.35493421554565,2.75979280471802
13080010,Pluviométrica,Convencional,Córdoba,San Pelayo,8.9359,-75.9533,50,9/15/1965,,Caribe,Caribe,Sinú,Bajo Sinú,8.86909103393555,9.70909118652344,15,15,0.561594188213348,0.789855062961578,1,1,1.05999994277954,2013,07,42,80,80,84.7999954223633,0,35.0748176574707,2013-07-01,64.2656555175781,39.7633209228516,59.3286781311035
13080010,Pluviométrica,Convencional,Córdoba,San Pelayo,8.9359,-75.9533,50,9/15/1965,,Caribe,Caribe,Sinú,Bajo Sinú,8.86909103393555,9.70909118652344,15,15,0.561594188213348,0.789855062961578,1,1,1.04999995231628,2013,08,43,10,10,10.4999995231628,0,11.5054626464844,2013-08-01,15.751030921936,7.764564037323,11.640172958374
13080010,Pluviométrica,Convencional,Córdoba,San Pelayo,8.9359,-75.9533,50,9/15/1965,,Caribe,Caribe,Sinú,Bajo Sinú,8.86909103393555,9.70909118652344,15,15,0.561594188213348,0.789855062961578,1,1,1.04999995231628,2013,08,44,50,50,52.4999976158142,0,32.2060966491699,2013-08-01,44.5827445983887,35.902286529541,49.8147048950195
13080010,Pluviométrica,Convencional,Córdoba,San Pelayo,8.9359,-75.9533,50,9/15/1965,,Caribe,Caribe,Sinú,Bajo Sinú,8.86909103393555,9.70909118652344,15,15,0.561594188213348,0.789855062961578,1,1,1.04999995231628,2013,08,45,20,20,20.9999990463257,0,16.2290840148926,2013-08-01,20.9038963317871,13.1230316162109,17.0904579162598
13080010,Pluviométrica,Convencional,Córdoba,San Pelayo,8.9359,-75.9533,50,9/15/1965,,Caribe,Caribe,Sinú,Bajo Sinú,8.86909103393555,9.70909118652344,15,15,0.561594188213348,0.789855062961578,1,1,1.04999995231628,2013,08,46,10,10,10.4999995231628,0,31.1127586364746,2013-08-01,58.3186836242676,15.7588796615601,27.8837814331055
13080010,Pluviométrica,Convencional,Córdoba,San Pelayo,8.9359,-75.9533,50,9/15/1965,,Caribe,Caribe,Sinú,Bajo Sinú,8.86909103393555,9.70909118652344,15,15,0.561594188213348,0.789855062961578,1,1,1.04999995231628,2013,08,47,0,0,0,0,20.6911811828613,2013-08-01,20.7437133789063,16.5968704223633,19.0868358612061
13080010,Pluviométrica,Convencional,Córdoba,San Pelayo,8.9359,-75.9533,50,9/15/1965,,Caribe,Caribe,Sinú,Bajo Sinú,8.86909103393555,9.70909118652344,15,15,0.561594188213348,0.789855062961578,1,1,1.04999995231628,2013,08,48,92,92,96.5999956130982,0,40.1818504333496,2013-08-01,52.2173004150391,76.117790222168,97.7822113037109
13080010,Pluviométrica,Convencional,Córdoba,San Pelayo,8.9359,-75.9533,50,9/15/1965,,Caribe,Caribe,Sinú,Bajo Sinú,8.86909103393555,9.70909118652344,15,15,0.561594188213348,0.789855062961578,1,1,1.04999995231628,2013,09,49,30,30,31.4999985694885,0,29.3467884063721,2013-09-01,48.5166549682617,30.2468643188477,39.0687522888184
13080010,Pluviométrica,Convencional,Córdoba,San Pelayo,8.9359,-75.9533,50,9/15/1965,,Caribe,Caribe,Sinú,Bajo Sinú,8.86909103393555,9.70909118652344,15,15,0.561594188213348,0.789855062961578,1,1,1.04999995231628,2013,09,50,0,0,0,0,18.064733505249,2013-09-01,29.977331161499,13.362307548523,19.4578266143799
13080010,Pluviométrica,Convencional,Córdoba,San Pelayo,8.9359,-75.9533,50,9/15/1965,,Caribe,Caribe,Sinú,Bajo Sinú,8.86909103393555,9.70909118652344,15,15,0.561594188213348,0.789855062961578,1,1,1.04999995231628,2013,09,51,40,40,41.9999980926514,0,14.5952739715576,2013-09-01,20.9979553222656,16.2808628082275,22.8537769317627
13080010,Pluviométrica,Convencional,Córdoba,San Pelayo,8.9359,-75.9533,50,9/15/1965,,Caribe,Caribe,Sinú,Bajo Sinú,8.86909103393555,9.70909118652344,15,15,0.561594188213348,0.789855062961578,1,1,1.04999995231628,2013,09,52,0,0,0,0,31.7983055114746,2013-09-01,55.7255363464356,11.2172260284424,17.3073329925537
13080010,Pluviométrica,Convencional,Córdoba,San Pelayo,8.9359,-75.9533,50,9/15/1965,,Caribe,Caribe,Sinú,Bajo Sinú,8.86909103393555,9.70909118652344,15,15,0.561594188213348,0.789855062961578,1,1,1.04999995231628,2013,09,53,30,30,31.4999985694885,0,19.8807411193848,2013-09-01,28.5274448394775,24.3092269897461,29.8801860809326
13080010,Pluviométrica,Convencional,Córdoba,San Pelayo,8.9359,-75.9533,50,9/15/1965,,Caribe,Caribe,Sinú,Bajo Sinú,8.86909103393555,9.70909118652344,15,15,0.561594188213348,0.789855062961578,1,1,1.04999995231628,2013,09,54,0,0,0,0,37.9406433105469,2013-09-01,57.646671295166,26.4730854034424,31.9484958648682
13080010,Pluviométrica,Convencional,Córdoba,San Pelayo,8.9359,-75.9533,50,9/15/1965,,Caribe,Caribe,Sinú,Bajo Sinú,8.86909103393555,9.70909118652344,15,15,0.561594188213348,0.789855062961578,1,1,1.05999994277954,2013,10,55,0,0,0,0,31.785758972168,2013-10-01,30.6183738708496,17.8164806365967,16.5574016571045
13080010,Pluviométrica,Convencional,Córdoba,San Pelayo,8.9359,-75.9533,50,9/15/1965,,Caribe,Caribe,Sinú,Bajo Sinú,8.86909103393555,9.70909118652344,15,15,0.561594188213348,0.789855062961578,1,1,1.05999994277954,2013,10,56,50,50,52.9999971389771,0,23.5437812805176,2013-10-01,23.6439323425293,37.5860214233398,35.7921829223633
13080010,Pluviométrica,Convencional,Córdoba,San Pelayo,8.9359,-75.9533,50,9/15/1965,,Caribe,Caribe,Sinú,Bajo Sinú,8.86909103393555,9.70909118652344,15,15,0.561594188213348,0.789855062961578,1,1,1.05999994277954,2013,10,57,0,0,0,0,35.3362731933594,2013-10-01,36.3604125976563,27.3458251953125,20.434684753418
13080010,Pluviométrica,Convencional,Córdoba,San Pelayo,8.9359,-75.9533,50,9/15/1965,,Caribe,Caribe,Sinú,Bajo Sinú,8.86909103393555,9.70909118652344,15,15,0.561594188213348,0.789855062961578,1,1,1.05999994277954,2013,10,58,0,0,0,0,20.7002544403076,2013-10-01,20.8890609741211,21.5594177246094,22.4575881958008
13080010,Pluviométrica,Convencional,Córdoba,San Pelayo,8.9359,-75.9533,50,9/15/1965,,Caribe,Caribe,Sinú,Bajo Sinú,8.86909103393555,9.70909118652344,15,15,0.561594188213348,0.789855062961578,1,1,1.05999994277954,2013,10,59,10,10,10.5999994277954,0,31.5146713256836,2013-10-01,35.1878433227539,20.5734214782715,20.8600730895996
13080010,Pluviométrica,Convencional,Córdoba,San Pelayo,8.9359,-75.9533,50,9/15/1965,,Caribe,Caribe,Sinú,Bajo Sinú,8.86909103393555,9.70909118652344,15,15,0.561594188213348,0.789855062961578,1,1,1.05999994277954,2013,10,60,20,20,21.1999988555908,0,22.195125579834,2013-10-01,19.1716060638428,17.8729953765869,14.5152339935303
13080010,Pluviométrica,Convencional,Córdoba,San Pelayo,8.9359,-75.9533,50,9/15/1965,,Caribe,Caribe,Sinú,Bajo Sinú,8.86909103393555,9.70909118652344,15,15,0.561594188213348,0.789855062961578,1,1,1.07000005245209,2013,11,61,15,15,16.0500007867813,0,6.52453899383545,2013-11-01,2.4957914352417,10.295825958252,8.95147037506104
13080010,Pluviométrica,Convencional,Córdoba,San Pelayo,8.9359,-75.9533,50,9/15/1965,,Caribe,Caribe,Sinú,Bajo Sinú,8.86909103393555,9.70909118652344,15,15,0.561594188213348,0.789855062961578,1,1,1.07000005245209,2013,11,62,70,70,74.9000036716461,0,23.6403636932373,2013-11-01,30.6229610443115,46.6826820373535,61.987922668457
13080010,Pluviométrica,Convencional,Córdoba,San Pelayo,8.9359,-75.9533,50,9/15/1965,,Caribe,Caribe,Sinú,Bajo Sinú,8.86909103393555,9.70909118652344,15,15,0.561594188213348,0.789855062961578,1,1,1.07000005245209,2013,11,63,6,6,6.42000031471252,0,14.1635751724243,2013-11-01,19.0413455963135,13.5611639022827,23.2312984466553
13080010,Pluviométrica,Convencional,Córdoba,San Pelayo,8.9359,-75.9533,50,9/15/1965,,Caribe,Caribe,Sinú,Bajo Sinú,8.86909103393555,9.70909118652344,15,15,0.561594188213348,0.789855062961578,1,1,1.07000005245209,2013,11,64,0,0,0,0,5.39589023590088,2013-11-01,5.94673442840576,3.44716167449951,11.7698354721069
13080010,Pluviométrica,Convencional,Córdoba,San Pelayo,8.9359,-75.9533,50,9/15/1965,,Caribe,Caribe,Sinú,Bajo Sinú,8.86909103393555,9.70909118652344,15,15,0.561594188213348,0.789855062961578,1,1,1.07000005245209,2013,11,65,45,45,48.1500023603439,0,17.9916648864746,2013-11-01,23.973051071167,23.4823341369629,26.7070426940918
13080010,Pluviométrica,Convencional,Córdoba,San Pelayo,8.9359,-75.9533,50,9/15/1965,,Caribe,Caribe,Sinú,Bajo Sinú,8.86909103393555,9.70909118652344,15,15,0.561594188213348,0.789855062961578,1,1,1.07000005245209,2013,11,66,0,0,0,0,9.9783992767334,2013-11-01,12.5773277282715,23.0022830963135,27.6999988555908
13080010,Pluviométrica,Convencional,Córdoba,San Pelayo,8.9359,-75.9533,50,9/15/1965,,Caribe,Caribe,Sinú,Bajo Sinú,8.86909103393555,9.70909118652344,15,15,0.561594188213348,0.789855062961578,1,1,1.08000004291534,2013,12,67,20,20,21.6000008583069,0,5.5199785232544,2013-12-01,3.64835929870605,9.23302459716797,12.5276756286621
13080010,Pluviométrica,Convencional,Córdoba,San Pelayo,8.9359,-75.9533,50,9/15/1965,,Caribe,Caribe,Sinú,Bajo Sinú,8.86909103393555,9.70909118652344,15,15,0.561594188213348,0.789855062961578,1,1,1.08000004291534,2013,12,68,0,0,0,0,2.94009375572205,2013-12-01,1.22004675865173,3.45294880867004,3.4646589756012
13080010,Pluviométrica,Convencional,Córdoba,San Pelayo,8.9359,-75.9533,50,9/15/1965,,Caribe,Caribe,Sinú,Bajo Sinú,8.86909103393555,9.70909118652344,15,15,0.561594188213348,0.789855062961578,1,1,1.08000004291534,2013,12,69,0,0,0,0,16.0521297454834,2013-12-01,24.8942775726318,9.31576919555664,17.6198787689209
13080010,Pluviométrica,Convencional,Córdoba,San Pelayo,8.9359,-75.9533,50,9/15/1965,,Caribe,Caribe,Sinú,Bajo Sinú,8.86909103393555,9.70909118652344,15,15,0.561594188213348,0.789855062961578,1,1,1.08000004291534,2013,12,70,10,10,10.8000004291534,0,6.22003746032715,2013-12-01,6.76944160461426,6.85791778564453,10.5097608566284
13080010,Pluviométrica,Convencional,Córdoba,San Pelayo,8.9359,-75.9533,50,9/15/1965,,Caribe,Caribe,Sinú,Bajo Sinú,8.86909103393555,9.70909118652344,15,15,0.561594188213348,0.789855062961578,1,1,1.08000004291534,2013,12,71,0,0,0,0,1.60170555114746,2013-12-01,0,1.35371148586273,0
13080010,Pluviométrica,Convencional,Córdoba,San Pelayo,8.9359,-75.9533,50,9/15/1965,,Caribe,Caribe,Sinú,Bajo Sinú,8.86909103393555,9.70909118652344,15,15,0.561594188213348,0.789855062961578,1,1,1.08000004291534,2013,12,72,0,0,0,0,2.19195556640625,2013-12-01,0,1.66555786132813,0
13080010,Pluviométrica,Convencional,Córdoba,San Pelayo,8.9359,-75.9533,50,9/15/1965,,Caribe,Caribe,Sinú,Bajo Sinú,8.86909103393555,9.70909118652344,15,15,0.561594188213348,0.789855062961578,1,1,1.10000002384186,2014,01,1,0,0,0,0,0.830317139625549,2014-01-01,0,0.991076290607452,0
13080010,Pluviométrica,Convencional,Córdoba,San Pelayo,8.9359,-75.9533,50,9/15/1965,,Caribe,Caribe,Sinú,Bajo Sinú,8.86909103393555,9.70909118652344,15,15,0.561594188213348,0.789855062961578,1,1,1.10000002384186,2014,01,2,0,0,0,0,6.34007501602173,2014-01-01,8.21903610229492,5.24506664276123,11.2700166702271
13080010,Pluviométrica,Convencional,Córdoba,San Pelayo,8.9359,-75.9533,50,9/15/1965,,Caribe,Caribe,Sinú,Bajo Sinú,8.86909103393555,9.70909118652344,15,15,0.561594188213348,0.789855062961578,1,1,1.10000002384186,2014,01,3,0,0,0,0,0.964286506175995,2014-01-01,0,0.901685953140259,0
13080010,Pluviométrica,Convencional,Córdoba,San Pelayo,8.9359,-75.9533,50,9/15/1965,,Caribe,Caribe,Sinú,Bajo Sinú,8.86909103393555,9.70909118652344,15,15,0.561594188213348,0.789855062961578,1,1,1.10000002384186,2014,01,4,0,0,0,0,1.16166758537292,2014-01-01,0,1.25905430316925,0
13080010,Pluviométrica,Convencional,Córdoba,San Pelayo,8.9359,-75.9533,50,9/15/1965,,Caribe,Caribe,Sinú,Bajo Sinú,8.86909103393555,9.70909118652344,15,15,0.561594188213348,0.789855062961578,1,1,1.10000002384186,2014,01,5,0,0,0,0,3.75598502159119,2014-01-01,2.39532971382141,2.35628747940064,1.1068811416626
13080010,Pluviométrica,Convencional,Córdoba,San Pelayo,8.9359,-75.9533,50,9/15/1965,,Caribe,Caribe,Sinú,Bajo Sinú,8.86909103393555,9.70909118652344,15,15,0.561594188213348,0.789855062961578,1,1,1.10000002384186,2014,01,6,0,0,0,0,1.58560132980347,2014-01-01,0.156015813350678,1.20682346820831,0.122602209448814
13080010,Pluviométrica,Convencional,Córdoba,San Pelayo,8.9359,-75.9533,50,9/15/1965,,Caribe,Caribe,Sinú,Bajo Sinú,8.86909103393555,9.70909118652344,15,15,0.561594188213348,0.789855062961578,1,1,1.12000000476837,2014,02,7,0,0,0,0,3.09490013122559,2014-02-01,1.17031812667847,1.70478129386902,1.11708986759186
13080010,Pluviométrica,Convencional,Córdoba,San Pelayo,8.9359,-75.9533,50,9/15/1965,,Caribe,Caribe,Sinú,Bajo Sinú,8.86909103393555,9.70909118652344,15,15,0.561594188213348,0.789855062961578,1,1,1.12000000476837,2014,02,8,0,0,0,0,3.14761328697205,2014-02-01,1.77876543998718,1.75924015045166,1.57961463928223
13080010,Pluviométrica,Convencional,Córdoba,San Pelayo,8.9359,-75.9533,50,9/15/1965,,Caribe,Caribe,Sinú,Bajo Sinú,8.86909103393555,9.70909118652344,15,15,0.561594188213348,0.789855062961578,1,1,1.12000000476837,2014,02,9,0,0,0,0,3.0855348110199,2014-02-01,3.46380281448364,1.66240346431732,2.85212707519531
13080010,Pluviométrica,Convencional,Córdoba,San Pelayo,8.9359,-75.9533,50,9/15/1965,,Caribe,Caribe,Sinú,Bajo Sinú,8.86909103393555,9.70909118652344,15,15,0.561594188213348,0.789855062961578,1,1,1.12000000476837,2014,02,10,0,0,0,0,2.85684847831726,2014-02-01,1.43506395816803,1.62680423259735,1.36224102973938
13080010,Pluviométrica,Convencional,Córdoba,San Pelayo,8.9359,-75.9533,50,9/15/1965,,Caribe,Caribe,Sinú,Bajo Sinú,8.86909103393555,9.70909118652344,15,15,0.561594188213348,0.789855062961578,1,1,1.12000000476837,2014,02,11,0,0,0,0,2.57713532447815,2014-02-01,0,1.50808823108673,0
13080010,Pluviométrica,Convencional,Córdoba,San Pelayo,8.9359,-75.9533,50,9/15/1965,,Caribe,Caribe,Sinú,Bajo Sinú,8.86909103393555,9.70909118652344,15,15,0.561594188213348,0.789855062961578,1,1,1.12000000476837,2014,02,12,1,1,1.12000000476837,0,0.819596409797669,2014-02-01,0,0.665191829204559,0
13080010,Pluviométrica,Convencional,Córdoba,San Pelayo,8.9359,-75.9533,50,9/15/1965,,Caribe,Caribe,Sinú,Bajo Sinú,8.86909103393555,9.70909118652344,15,15,0.561594188213348,0.789855062961578,1,1,1.11000001430511,2014,03,13,0,0,0,0,1.46777021884918,2014-03-01,0,1.58643972873688,0
13080010,Pluviométrica,Convencional,Córdoba,San Pelayo,8.9359,-75.9533,50,9/15/1965,,Caribe,Caribe,Sinú,Bajo Sinú,8.86909103393555,9.70909118652344,15,15,0.561594188213348,0.789855062961578,1,1,1.11000001430511,2014,03,14,0,0,0,0,2.344810962677,2014-03-01,2.25682282447815,1.9127424955368,3.14058065414429
13080010,Pluviométrica,Convencional,Córdoba,San Pelayo,8.9359,-75.9533,50,9/15/1965,,Caribe,Caribe,Sinú,Bajo Sinú,8.86909103393555,9.70909118652344,15,15,0.561594188213348,0.789855062961578,1,1,1.11000001430511,2014,03,15,0,0,0,0,1.24929308891296,2014-03-01,0,0.955422878265381,0
13080010,Pluviométrica,Convencional,Córdoba,San Pelayo,8.9359,-75.9533,50,9/15/1965,,Caribe,Caribe,Sinú,Bajo Sinú,8.86909103393555,9.70909118652344,15,15,0.561594188213348,0.789855062961578,1,1,1.11000001430511,2014,03,16,0,0,0,0,0.506823778152466,2014-03-01,0,0.477991014719009,0
13080010,Pluviométrica,Convencional,Córdoba,San Pelayo,8.9359,-75.9533,50,9/15/1965,,Caribe,Caribe,Sinú,Bajo Sinú,8.86909103393555,9.70909118652344,15,15,0.561594188213348,0.789855062961578,1,1,1.11000001430511,2014,03,17,0,0,0,0,0.587429046630859,2014-03-01,0,0.552228808403015,0
13080010,Pluviométrica,Convencional,Córdoba,San Pelayo,8.9359,-75.9533,50,9/15/1965,,Caribe,Caribe,Sinú,Bajo Sinú,8.86909103393555,9.70909118652344,15,15,0.561594188213348,0.789855062961578,1,1,1.11000001430511,2014,03,18,0,0,0,0,1.48438608646393,2014-03-01,0,1.13122665882111,0
13080010,Pluviométrica,Convencional,Córdoba,San Pelayo,8.9359,-75.9533,50,9/15/1965,,Caribe,Caribe,Sinú,Bajo Sinú,8.86909103393555,9.70909118652344,15,15,0.561594188213348,0.789855062961578,1,1,1.07000005245209,2014,04,19,0,0,0,0,0.857022523880005,2014-04-01,0,0.572833716869354,0
13080010,Pluviométrica,Convencional,Córdoba,San Pelayo,8.9359,-75.9533,50,9/15/1965,,Caribe,Caribe,Sinú,Bajo Sinú,8.86909103393555,9.70909118652344,15,15,0.561594188213348,0.789855062961578,1,1,1.07000005245209,2014,04,20,0,0,0,0,2.69065976142883,2014-04-01,0,1.85096943378448,0
13080010,Pluviométrica,Convencional,Córdoba,San Pelayo,8.9359,-75.9533,50,9/15/1965,,Caribe,Caribe,Sinú,Bajo Sinú,8.86909103393555,9.70909118652344,15,15,0.561594188213348,0.789855062961578,1,1,1.07000005245209,2014,04,21,0,0,0,0,1.78925013542175,2014-04-01,0,1.63204324245453,0
13080010,Pluviométrica,Convencional,Córdoba,San Pelayo,8.9359,-75.9533,50,9/15/1965,,Caribe,Caribe,Sinú,Bajo Sinú,8.86909103393555,9.70909118652344,15,15,0.561594188213348,0.789855062961578,1,1,1.07000005245209,2014,04,22,45,45,48.1500023603439,0,22.0336513519287,2014-04-01,43.6857490539551,23.0399913787842,34.0618743896484
13080010,Pluviométrica,Convencional,Córdoba,San Pelayo,8.9359,-75.9533,50,9/15/1965,,Caribe,Caribe,Sinú,Bajo Sinú,8.86909103393555,9.70909118652344,15,15,0.561594188213348,0.789855062961578,1,1,1.07000005245209,2014,04,23,25,25,26.7500013113022,0,26.7851333618164,2014-04-01,60.181640625,18.2477359771729,30.6670722961426
13080010,Pluviométrica,Convencional,Córdoba,San Pelayo,8.9359,-75.9533,50,9/15/1965,,Caribe,Caribe,Sinú,Bajo Sinú,8.86909103393555,9.70909118652344,15,15,0.561594188213348,0.789855062961578,1,1,1.07000005245209,2014,04,24,25,25,26.7500013113022,0,23.9125556945801,2014-04-01,47.0478668212891,18.2667751312256,28.8650932312012
13080010,Pluviométrica,Convencional,Córdoba,San Pelayo,8.9359,-75.9533,50,9/15/1965,,Caribe,Caribe,Sinú,Bajo Sinú,8.86909103393555,9.70909118652344,15,15,0.561594188213348,0.789855062961578,1,1,1.04999995231628,2014,05,25,30,30,31.4999985694885,0,15.3313064575195,2014-05-01,35.6514205932617,22.9754657745361,36.494026184082
13080010,Pluviométrica,Convencional,Córdoba,San Pelayo,8.9359,-75.9533,50,9/15/1965,,Caribe,Caribe,Sinú,Bajo Sinú,8.86909103393555,9.70909118652344,15,15,0.561594188213348,0.789855062961578,1,1,1.04999995231628,2014,05,26,35,35,36.7499983310699,0,9.07850074768066,2014-05-01,17.3013381958008,14.2538366317749,18.2968845367432
13080010,Pluviométrica,Convencional,Córdoba,San Pelayo,8.9359,-75.9533,50,9/15/1965,,Caribe,Caribe,Sinú,Bajo Sinú,8.86909103393555,9.70909118652344,15,15,0.561594188213348,0.789855062961578,1,1,1.04999995231628,2014,05,27,45,45,47.2499978542328,0,8.27499389648438,2014-05-01,15.5367422103882,13.1561098098755,20.1595230102539
13080010,Pluviométrica,Convencional,Córdoba,San Pelayo,8.9359,-75.9533,50,9/15/1965,,Caribe,Caribe,Sinú,Bajo Sinú,8.86909103393555,9.70909118652344,15,15,0.561594188213348,0.789855062961578,1,1,1.04999995231628,2014,05,28,0,0,0,0,21.3444309234619,2014-05-01,50.7985649108887,28.5857315063477,34.2603874206543
13080010,Pluviométrica,Convencional,Córdoba,San Pelayo,8.9359,-75.9533,50,9/15/1965,,Caribe,Caribe,Sinú,Bajo Sinú,8.86909103393555,9.70909118652344,15,15,0.561594188213348,0.789855062961578,1,1,1.04999995231628,2014,05,29,55,55,57.7499973773956,0,8.82774353027344,2014-05-01,11.757981300354,14.2566118240356,21.8019752502441
13080010,Pluviométrica,Convencional,Córdoba,San Pelayo,8.9359,-75.9533,50,9/15/1965,,Caribe,Caribe,Sinú,Bajo Sinú,8.86909103393555,9.70909118652344,15,15,0.561594188213348,0.789855062961578,1,1,1.04999995231628,2014,05,30,80,80,83.9999961853027,0,26.1794357299805,2014-05-01,37.4417686462402,39.197021484375,39.841739654541
13080010,Pluviométrica,Convencional,Córdoba,San Pelayo,8.9359,-75.9533,50,9/15/1965,,Caribe,Caribe,Sinú,Bajo Sinú,8.86909103393555,9.70909118652344,15,15,0.561594188213348,0.789855062961578,1,1,1.05999994277954,2014,06,31,110,110,116.59999370575,0,13.757474899292,2014-06-01,18.3689250946045,16.4360427856445,19.188777923584
13080010,Pluviométrica,Convencional,Córdoba,San Pelayo,8.9359,-75.9533,50,9/15/1965,,Caribe,Caribe,Sinú,Bajo Sinú,8.86909103393555,9.70909118652344,15,15,0.561594188213348,0.789855062961578,1,1,1.05999994277954,2014,06,32,20,20,21.1999988555908,0,16.5370826721191,2014-06-01,16.143856048584,11.4888257980347,23.5569610595703
13080010,Pluviométrica,Convencional,Córdoba,San Pelayo,8.9359,-75.9533,50,9/15/1965,,Caribe,Caribe,Sinú,Bajo Sinú,8.86909103393555,9.70909118652344,15,15,0.561594188213348,0.789855062961578,1,1,1.05999994277954,2014,06,33,20,20,21.1999988555908,0,18.2103691101074,2014-06-01,11.4719438552856,9.63394451141357,20.6667079925537
13080010,Pluviométrica,Convencional,Córdoba,San Pelayo,8.9359,-75.9533,50,9/15/1965,,Caribe,Caribe,Sinú,Bajo Sinú,8.86909103393555,9.70909118652344,15,15,0.561594188213348,0.789855062961578,1,1,1.05999994277954,2014,06,34,20,20,21.1999988555908,0,29.8460483551025,2014-06-01,30.8310470581055,38.1151084899902,24.4308471679688
13080010,Pluviométrica,Convencional,Córdoba,San Pelayo,8.9359,-75.9533,50,9/15/1965,,Caribe,Caribe,Sinú,Bajo Sinú,8.86909103393555,9.70909118652344,15,15,0.561594188213348,0.789855062961578,1,1,1.05999994277954,2014,06,35,40,40,42.3999977111816,0,44.7316093444824,2014-06-01,53.2539978027344,28.4537220001221,46.9349975585938
13080010,Pluviométrica,Convencional,Córdoba,San Pelayo,8.9359,-75.9533,50,9/15/1965,,Caribe,Caribe,Sinú,Bajo Sinú,8.86909103393555,9.70909118652344,15,15,0.561594188213348,0.789855062961578,1,1,1.05999994277954,2014,06,36,20,20,21.1999988555908,0,12.5238075256348,2014-06-01,14.9453144073486,6.82596683502197,14.9306392669678
13080010,Pluviométrica,Convencional,Córdoba,San Pelayo,8.9359,-75.9533,50,9/15/1965,,Caribe,Caribe,Sinú,Bajo Sinú,8.86909103393555,9.70909118652344,15,15,0.561594188213348,0.789855062961578,1,1,1.05999994277954,2014,07,37,35,35,37.0999979972839,0,14.7734184265137,2014-07-01,23.1170787811279,5.62879610061646,20.2013320922852
13080010,Pluviométrica,Convencional,Córdoba,San Pelayo,8.9359,-75.9533,50,9/15/1965,,Caribe,Caribe,Sinú,Bajo Sinú,8.86909103393555,9.70909118652344,15,15,0.561594188213348,0.789855062961578,1,1,1.05999994277954,2014,07,38,0,0,0,0,12.2754411697388,2014-07-01,23.0654163360596,7.0791392326355,10.8279256820679
13080010,Pluviométrica,Convencional,Córdoba,San Pelayo,8.9359,-75.9533,50,9/15/1965,,Caribe,Caribe,Sinú,Bajo Sinú,8.86909103393555,9.70909118652344,15,15,0.561594188213348,0.789855062961578,1,1,1.05999994277954,2014,07,39,15,15,15.8999991416931,0,9.99865913391113,2014-07-01,20.1706085205078,4.62678909301758,13.9495077133179
13080010,Pluviométrica,Convencional,Córdoba,San Pelayo,8.9359,-75.9533,50,9/15/1965,,Caribe,Caribe,Sinú,Bajo Sinú,8.86909103393555,9.70909118652344,15,15,0.561594188213348,0.789855062961578,1,1,1.05999994277954,2014,07,40,40,40,42.3999977111816,0,8.00596714019775,2014-07-01,13.5505962371826,11.0429792404175,29.1640243530273
13080010,Pluviométrica,Convencional,Córdoba,San Pelayo,8.9359,-75.9533,50,9/15/1965,,Caribe,Caribe,Sinú,Bajo Sinú,8.86909103393555,9.70909118652344,15,15,0.561594188213348,0.789855062961578,1,1,1.05999994277954,2014,07,41,105,105,111.299993991852,0,7.61270523071289,2014-07-01,11.4283981323242,3.72410106658936,5.98134279251099
13080010,Pluviométrica,Convencional,Córdoba,San Pelayo,8.9359,-75.9533,50,9/15/1965,,Caribe,Caribe,Sinú,Bajo Sinú,8.86909103393555,9.70909118652344,15,15,0.561594188213348,0.789855062961578,1,1,1.05999994277954,2014,07,42,50,50,52.9999971389771,0,22.8611354827881,2014-07-01,38.3758926391602,31.2704963684082,61.3072700500488
13080010,Pluviométrica,Convencional,Córdoba,San Pelayo,8.9359,-75.9533,50,9/15/1965,,Caribe,Caribe,Sinú,Bajo Sinú,8.86909103393555,9.70909118652344,15,15,0.561594188213348,0.789855062961578,1,1,1.04999995231628,2014,08,43,75,75,78.7499964237213,0,16.3998203277588,2014-08-01,21.2518119812012,25.3362045288086,43.9657669067383
13080010,Pluviométrica,Convencional,Córdoba,San Pelayo,8.9359,-75.9533,50,9/15/1965,,Caribe,Caribe,Sinú,Bajo Sinú,8.86909103393555,9.70909118652344,15,15,0.561594188213348,0.789855062961578,1,1,1.04999995231628,2014,08,44,20,20,20.9999990463257,0,32.734790802002,2014-08-01,44.5827445983887,57.8239822387695,69.5103759765625
13080010,Pluviométrica,Convencional,Córdoba,San Pelayo,8.9359,-75.9533,50,9/15/1965,,Caribe,Caribe,Sinú,Bajo Sinú,8.86909103393555,9.70909118652344,15,15,0.561594188213348,0.789855062961578,1,1,1.04999995231628,2014,08,45,45,45,47.2499978542328,0,24.6280689239502,2014-08-01,33.8575286865234,41.2319297790527,40.3235054016113
13080010,Pluviométrica,Convencional,Córdoba,San Pelayo,8.9359,-75.9533,50,9/15/1965,,Caribe,Caribe,Sinú,Bajo Sinú,8.86909103393555,9.70909118652344,15,15,0.561594188213348,0.789855062961578,1,1,1.04999995231628,2014,08,46,95,95,99.749995470047,0,31.8810291290283,2014-08-01,45.3014221191406,30.9774627685547,41.6900939941406
13080010,Pluviométrica,Convencional,Córdoba,San Pelayo,8.9359,-75.9533,50,9/15/1965,,Caribe,Caribe,Sinú,Bajo Sinú,8.86909103393555,9.70909118652344,15,15,0.561594188213348,0.789855062961578,1,1,1.04999995231628,2014,08,47,120,120,125.999994277954,0,18.2230262756348,2014-08-01,22.1432285308838,5.40844774246216,17.0865650177002
13080010,Pluviométrica,Convencional,Córdoba,San Pelayo,8.9359,-75.9533,50,9/15/1965,,Caribe,Caribe,Sinú,Bajo Sinú,8.86909103393555,9.70909118652344,15,15,0.561594188213348,0.789855062961578,1,1,1.04999995231628,2014,08,48,0,0,0,0,30.5103950500488,2014-08-01,38.5573577880859,34.3135986328125,26.2004337310791
13080010,Pluviométrica,Convencional,Córdoba,San Pelayo,8.9359,-75.9533,50,9/15/1965,,Caribe,Caribe,Sinú,Bajo Sinú,8.86909103393555,9.70909118652344,15,15,0.561594188213348,0.789855062961578,1,1,1.04999995231628,2014,09,49,15,15,15.7499992847443,0,27.3674926757813,2014-09-01,43.5155487060547,18.7325382232666,28.0307960510254
13080010,Pluviométrica,Convencional,Córdoba,San Pelayo,8.9359,-75.9533,50,9/15/1965,,Caribe,Caribe,Sinú,Bajo Sinú,8.86909103393555,9.70909118652344,15,15,0.561594188213348,0.789855062961578,1,1,1.04999995231628,2014,09,50,70,70,73.4999966621399,0,22.7549915313721,2014-09-01,35.7527618408203,31.7237071990967,35.3176345825195
13080010,Pluviométrica,Convencional,Córdoba,San Pelayo,8.9359,-75.9533,50,9/15/1965,,Caribe,Caribe,Sinú,Bajo Sinú,8.86909103393555,9.70909118652344,15,15,0.561594188213348,0.789855062961578,1,1,1.04999995231628,2014,09,51,27,27,28.3499987125397,0,32.9110794067383,2014-09-01,55.1870269775391,55.8507766723633,33.136833190918
13080010,Pluviométrica,Convencional,Córdoba,San Pelayo,8.9359,-75.9533,50,9/15/1965,,Caribe,Caribe,Sinú,Bajo Sinú,8.86909103393555,9.70909118652344,15,15,0.561594188213348,0.789855062961578,1,1,1.04999995231628,2014,09,52,19,19,19.9499990940094,0,13.845046043396,2014-09-01,20.4654331207275,13.3335990905762,15.1747512817383
13080010,Pluviométrica,Convencional,Córdoba,San Pelayo,8.9359,-75.9533,50,9/15/1965,,Caribe,Caribe,Sinú,Bajo Sinú,8.86909103393555,9.70909118652344,15,15,0.561594188213348,0.789855062961578,1,1,1.04999995231628,2014,09,53,110,110,115.499994754791,0,18.9402847290039,2014-09-01,25.098653793335,7.11143732070923,50.0710525512695
13080010,Pluviométrica,Convencional,Córdoba,San Pelayo,8.9359,-75.9533,50,9/15/1965,,Caribe,Caribe,Sinú,Bajo Sinú,8.86909103393555,9.70909118652344,15,15,0.561594188213348,0.789855062961578,1,1,1.04999995231628,2014,09,54,0,0,0,0,10.7982883453369,2014-09-01,13.0011911392212,10.2742614746094,16.8812446594238
13080010,Pluviométrica,Convencional,Córdoba,San Pelayo,8.9359,-75.9533,50,9/15/1965,,Caribe,Caribe,Sinú,Bajo Sinú,8.86909103393555,9.70909118652344,15,15,0.561594188213348,0.789855062961578,1,1,1.05999994277954,2014,10,55,10,10,10.5999994277954,0,29.9581832885742,2014-10-01,36.3506546020508,54.7547111511231,26.2030296325684
13080010,Pluviométrica,Convencional,Córdoba,San Pelayo,8.9359,-75.9533,50,9/15/1965,,Caribe,Caribe,Sinú,Bajo Sinú,8.86909103393555,9.70909118652344,15,15,0.561594188213348,0.789855062961578,1,1,1.05999994277954,2014,10,56,11,11,11.659999370575,0,17.9260387420654,2014-10-01,19.2422637939453,24.5589637756348,30.9706249237061
13080010,Pluviométrica,Convencional,Córdoba,San Pelayo,8.9359,-75.9533,50,9/15/1965,,Caribe,Caribe,Sinú,Bajo Sinú,8.86909103393555,9.70909118652344,15,15,0.561594188213348,0.789855062961578,1,1,1.05999994277954,2014,10,57,8,8,8.47999954223633,0,24.5135383605957,2014-10-01,21.711067199707,19.6574726104736,19.2884063720703
13080010,Pluviométrica,Convencional,Córdoba,San Pelayo,8.9359,-75.9533,50,9/15/1965,,Caribe,Caribe,Sinú,Bajo Sinú,8.86909103393555,9.70909118652344,15,15,0.561594188213348,0.789855062961578,1,1,1.05999994277954,2014,10,58,35,35,37.0999979972839,0,51.3956642150879,2014-10-01,56.9359169006348,66.6205825805664,33.7314567565918
13080010,Pluviométrica,Convencional,Córdoba,San Pelayo,8.9359,-75.9533,50,9/15/1965,,Caribe,Caribe,Sinú,Bajo Sinú,8.86909103393555,9.70909118652344,15,15,0.561594188213348,0.789855062961578,1,1,1.05999994277954,2014,10,59,11,11,11.659999370575,0,21.8116416931152,2014-10-01,20.7760238647461,29.1755104064941,11.4861650466919
13080010,Pluviométrica,Convencional,Córdoba,San Pelayo,8.9359,-75.9533,50,9/15/1965,,Caribe,Caribe,Sinú,Bajo Sinú,8.86909103393555,9.70909118652344,15,15,0.561594188213348,0.789855062961578,1,1,1.05999994277954,2014,10,60,32,32,33.9199981689453,0,35.1293563842773,2014-10-01,35.9437408447266,34.8120880126953,44.9366188049316
13080010,Pluviométrica,Convencional,Córdoba,San Pelayo,8.9359,-75.9533,50,9/15/1965,,Caribe,Caribe,Sinú,Bajo Sinú,8.86909103393555,9.70909118652344,15,15,0.561594188213348,0.789855062961578,1,1,1.07000005245209,2014,11,61,0,0,0,0,21.2792911529541,2014-11-01,21.4107551574707,21.8800220489502,18.7823505401611
13080010,Pluviométrica,Convencional,Córdoba,San Pelayo,8.9359,-75.9533,50,9/15/1965,,Caribe,Caribe,Sinú,Bajo Sinú,8.86909103393555,9.70909118652344,15,15,0.561594188213348,0.789855062961578,1,1,1.07000005245209,2014,11,62,12,12,12.840000629425,0,17.4557056427002,2014-11-01,20.3196258544922,11.6344242095947,15.604510307312
13080010,Pluviométrica,Convencional,Córdoba,San Pelayo,8.9359,-75.9533,50,9/15/1965,,Caribe,Caribe,Sinú,Bajo Sinú,8.86909103393555,9.70909118652344,15,15,0.561594188213348,0.789855062961578,1,1,1.07000005245209,2014,11,63,15,15,16.0500007867813,0,6.57655048370361,2014-11-01,8.42417430877686,4.70658779144287,9.93341159820557
13080010,Pluviométrica,Convencional,Córdoba,San Pelayo,8.9359,-75.9533,50,9/15/1965,,Caribe,Caribe,Sinú,Bajo Sinú,8.86909103393555,9.70909118652344,15,15,0.561594188213348,0.789855062961578,1,1,1.07000005245209,2014,11,64,11,11,11.770000576973,0,18.9553031921387,2014-11-01,22.5360927581787,33.3149375915527,16.2192344665527
13080010,Pluviométrica,Convencional,Córdoba,San Pelayo,8.9359,-75.9533,50,9/15/1965,,Caribe,Caribe,Sinú,Bajo Sinú,8.86909103393555,9.70909118652344,15,15,0.561594188213348,0.789855062961578,1,1,1.07000005245209,2014,11,65,35,35,37.4500018358231,0,9.12309074401855,2014-11-01,10.2103672027588,17.4612712860107,18.6004543304443
13080010,Pluviométrica,Convencional,Córdoba,San Pelayo,8.9359,-75.9533,50,9/15/1965,,Caribe,Caribe,Sinú,Bajo Sinú,8.86909103393555,9.70909118652344,15,15,0.561594188213348,0.789855062961578,1,1,1.07000005245209,2014,11,66,12,12,12.840000629425,0,4.50304412841797,2014-11-01,4.14730882644653,4.66216468811035,4.20139026641846
13080010,Pluviométrica,Convencional,Córdoba,San Pelayo,8.9359,-75.9533,50,9/15/1965,,Caribe,Caribe,Sinú,Bajo Sinú,8.86909103393555,9.70909118652344,15,15,0.561594188213348,0.789855062961578,1,1,1.08000004291534,2014,12,67,40,40,43.2000017166138,0,11.139102935791,2014-12-01,15.6711263656616,17.1648368835449,24.6567554473877
13080010,Pluviométrica,Convencional,Córdoba,San Pelayo,8.9359,-75.9533,50,9/15/1965,,Caribe,Caribe,Sinú,Bajo Sinú,8.86909103393555,9.70909118652344,15,15,0.561594188213348,0.789855062961578,1,1,1.08000004291534,2014,12,68,42,42,45.3600018024445,1,13.8561038970947,2014-12-01,24.4761123657227,13.5509815216064,29.7759799957275
13080010,Pluviométrica,Convencional,Córdoba,San Pelayo,8.9359,-75.9533,50,9/15/1965,,Caribe,Caribe,Sinú,Bajo Sinú,8.86909103393555,9.70909118652344,15,15,0.561594188213348,0.789855062961578,1,1,1.08000004291534,2014,12,69,0,0,0,0,10.196081161499,2014-12-01,15.0668992996216,8.37860202789307,31.9806938171387
13080010,Pluviométrica,Convencional,Córdoba,San Pelayo,8.9359,-75.9533,50,9/15/1965,,Caribe,Caribe,Sinú,Bajo Sinú,8.86909103393555,9.70909118652344,15,15,0.561594188213348,0.789855062961578,1,1,1.08000004291534,2014,12,70,12,12,12.9600005149841,0,1.5132087469101,2014-12-01,0,1.51671755313873,0
13080010,Pluviométrica,Convencional,Córdoba,San Pelayo,8.9359,-75.9533,50,9/15/1965,,Caribe,Caribe,Sinú,Bajo Sinú,8.86909103393555,9.70909118652344,15,15,0.561594188213348,0.789855062961578,1,1,1.08000004291534,2014,12,71,0,0,0,0,1.60170555114746,2014-12-01,0,1.39530372619629,0
13080010,Pluviométrica,Convencional,Córdoba,San Pelayo,8.9359,-75.9533,50,9/15/1965,,Caribe,Caribe,Sinú,Bajo Sinú,8.86909103393555,9.70909118652344,15,15,0.561594188213348,0.789855062961578,1,1,1.08000004291534,2014,12,72,0,0,0,0,2.19195556640625,2014-12-01,0,1.95959174633026,0
13080010,Pluviométrica,Convencional,Córdoba,San Pelayo,8.9359,-75.9533,50,9/15/1965,,Caribe,Caribe,Sinú,Bajo Sinú,8.86909103393555,9.70909118652344,15,15,0.561594188213348,0.789855062961578,1,1,1.10000002384186,2015,01,1,0,0,0,0,0.830317139625549,2015-01-01,0,0.574655294418335,0
13080010,Pluviométrica,Convencional,Córdoba,San Pelayo,8.9359,-75.9533,50,9/15/1965,,Caribe,Caribe,Sinú,Bajo Sinú,8.86909103393555,9.70909118652344,15,15,0.561594188213348,0.789855062961578,1,1,1.10000002384186,2015,01,2,0,0,0,0,0.843905866146088,2015-01-01,0,0.581949174404144,0
13080010,Pluviométrica,Convencional,Córdoba,San Pelayo,8.9359,-75.9533,50,9/15/1965,,Caribe,Caribe,Sinú,Bajo Sinú,8.86909103393555,9.70909118652344,15,15,0.561594188213348,0.789855062961578,1,1,1.10000002384186,2015,01,3,0,0,0,0,0.964286506175995,2015-01-01,0,0.647436797618866,0
13080010,Pluviométrica,Convencional,Córdoba,San Pelayo,8.9359,-75.9533,50,9/15/1965,,Caribe,Caribe,Sinú,Bajo Sinú,8.86909103393555,9.70909118652344,15,15,0.561594188213348,0.789855062961578,1,1,1.10000002384186,2015,01,4,0,0,0,0,8.2797269821167,2015-01-01,17.3513031005859,3.12735438346863,8.62168025970459
13080010,Pluviométrica,Convencional,Córdoba,San Pelayo,8.9359,-75.9533,50,9/15/1965,,Caribe,Caribe,Sinú,Bajo Sinú,8.86909103393555,9.70909118652344,15,15,0.561594188213348,0.789855062961578,1,1,1.10000002384186,2015,01,5,0,0,0,0,8.62331390380859,2015-01-01,16.8806095123291,3.23257875442505,7.74760913848877
13080010,Pluviométrica,Convencional,Córdoba,San Pelayo,8.9359,-75.9533,50,9/15/1965,,Caribe,Caribe,Sinú,Bajo Sinú,8.86909103393555,9.70909118652344,15,15,0.561594188213348,0.789855062961578,1,1,1.10000002384186,2015,01,6,0,0,0,0,1.58560132980347,2015-01-01,0.156015813350678,0.742493689060211,0.182728260755539
13080010,Pluviométrica,Convencional,Córdoba,San Pelayo,8.9359,-75.9533,50,9/15/1965,,Caribe,Caribe,Sinú,Bajo Sinú,8.86909103393555,9.70909118652344,15,15,0.561594188213348,0.789855062961578,1,1,1.12000000476837,2015,02,7,0,0,0,0,3.09490013122559,2015-02-01,1.17031812667847,4.24303817749023,1.83819842338562
13080010,Pluviométrica,Convencional,Córdoba,San Pelayo,8.9359,-75.9533,50,9/15/1965,,Caribe,Caribe,Sinú,Bajo Sinú,8.86909103393555,9.70909118652344,15,15,0.561594188213348,0.789855062961578,1,1,1.12000000476837,2015,02,8,0,0,0,0,4.23898506164551,2015-02-01,3.59448456764221,7.57389307022095,6.25584506988525
13080010,Pluviométrica,Convencional,Córdoba,San Pelayo,8.9359,-75.9533,50,9/15/1965,,Caribe,Caribe,Sinú,Bajo Sinú,8.86909103393555,9.70909118652344,15,15,0.561594188213348,0.789855062961578,1,1,1.12000000476837,2015,02,9,0,0,0,0,3.0855348110199,2015-02-01,1.78268098831177,1.85182249546051,1.7958482503891
13080010,Pluviométrica,Convencional,Córdoba,San Pelayo,8.9359,-75.9533,50,9/15/1965,,Caribe,Caribe,Sinú,Bajo Sinú,8.86909103393555,9.70909118652344,15,15,0.561594188213348,0.789855062961578,1,1,1.12000000476837,2015,02,10,0,0,0,0,2.85684847831726,2015-02-01,1.43506395816803,2.91907095909119,2.16947531700134
13080010,Pluviométrica,Convencional,Córdoba,San Pelayo,8.9359,-75.9533,50,9/15/1965,,Caribe,Caribe,Sinú,Bajo Sinú,8.86909103393555,9.70909118652344,15,15,0.561594188213348,0.789855062961578,1,1,1.12000000476837,2015,02,11,0,0,0,0,2.57713532447815,2015-02-01,0,1.59878408908844,0
13080010,Pluviométrica,Convencional,Córdoba,San Pelayo,8.9359,-75.9533,50,9/15/1965,,Caribe,Caribe,Sinú,Bajo Sinú,8.86909103393555,9.70909118652344,15,15,0.561594188213348,0.789855062961578,1,1,1.12000000476837,2015,02,12,0,0,0,0,0.819596409797669,2015-02-01,0,0.553645431995392,0
13080010,Pluviométrica,Convencional,Córdoba,San Pelayo,8.9359,-75.9533,50,9/15/1965,,Caribe,Caribe,Sinú,Bajo Sinú,8.86909103393555,9.70909118652344,15,15,0.561594188213348,0.789855062961578,1,1,1.11000001430511,2015,03,13,0,0,0,0,1.78704035282135,2015-03-01,0,3.65373945236206,0
13080010,Pluviométrica,Convencional,Córdoba,San Pelayo,8.9359,-75.9533,50,9/15/1965,,Caribe,Caribe,Sinú,Bajo Sinú,8.86909103393555,9.70909118652344,15,15,0.561594188213348,0.789855062961578,1,1,1.11000001430511,2015,03,14,0,0,0,0,0.799352526664734,2015-03-01,0,0.645798802375794,0
13080010,Pluviométrica,Convencional,Córdoba,San Pelayo,8.9359,-75.9533,50,9/15/1965,,Caribe,Caribe,Sinú,Bajo Sinú,8.86909103393555,9.70909118652344,15,15,0.561594188213348,0.789855062961578,1,1,1.11000001430511,2015,03,15,0,0,0,0,0.593546807765961,2015-03-01,0,0.497867733240128,0
13080010,Pluviométrica,Convencional,Córdoba,San Pelayo,8.9359,-75.9533,50,9/15/1965,,Caribe,Caribe,Sinú,Bajo Sinú,8.86909103393555,9.70909118652344,15,15,0.561594188213348,0.789855062961578,1,1,1.11000001430511,2015,03,16,0,0,0,0,0.506823778152466,2015-03-01,0,0.436384320259094,0
13080010,Pluviométrica,Convencional,Córdoba,San Pelayo,8.9359,-75.9533,50,9/15/1965,,Caribe,Caribe,Sinú,Bajo Sinú,8.86909103393555,9.70909118652344,15,15,0.561594188213348,0.789855062961578,1,1,1.11000001430511,2015,03,17,0,0,0,0,0.587429046630859,2015-03-01,0,0.495599955320358,0
13080010,Pluviométrica,Convencional,Córdoba,San Pelayo,8.9359,-75.9533,50,9/15/1965,,Caribe,Caribe,Sinú,Bajo Sinú,8.86909103393555,9.70909118652344,15,15,0.561594188213348,0.789855062961578,1,1,1.11000001430511,2015,03,18,0,0,0,0,7.79949426651001,2015-03-01,13.725959777832,3.48613429069519,9.4373140335083
13080010,Pluviométrica,Convencional,Córdoba,San Pelayo,8.9359,-75.9533,50,9/15/1965,,Caribe,Caribe,Sinú,Bajo Sinú,8.86909103393555,9.70909118652344,15,15,0.561594188213348,0.789855062961578,1,1,1.07000005245209,2015,04,19,32,32,34.2400016784668,0,3.91222524642944,2015-04-01,1.34387016296387,2.20156192779541,2.462641954422
13080010,Pluviométrica,Convencional,Córdoba,San Pelayo,8.9359,-75.9533,50,9/15/1965,,Caribe,Caribe,Sinú,Bajo Sinú,8.86909103393555,9.70909118652344,15,15,0.561594188213348,0.789855062961578,1,1,1.07000005245209,2015,04,20,0,0,0,0,12.4688959121704,2015-04-01,22.1562576293945,12.1345252990723,8.14793968200684
13080010,Pluviométrica,Convencional,Córdoba,San Pelayo,8.9359,-75.9533,50,9/15/1965,,Caribe,Caribe,Sinú,Bajo Sinú,8.86909103393555,9.70909118652344,15,15,0.561594188213348,0.789855062961578,1,1,1.07000005245209,2015,04,21,29,29,31.0300015211105,0,9.78262615203857,2015-04-01,23.285005569458,15.624418258667,25.3936462402344
13080010,Pluviométrica,Convencional,Córdoba,San Pelayo,8.9359,-75.9533,50,9/15/1965,,Caribe,Caribe,Sinú,Bajo Sinú,8.86909103393555,9.70909118652344,15,15,0.561594188213348,0.789855062961578,1,1,1.07000005245209,2015,04,22,12,12,12.840000629425,0,18.1844234466553,2015-04-01,33.1135482788086,17.6967849731445,49.5326728820801
13080010,Pluviométrica,Convencional,Córdoba,San Pelayo,8.9359,-75.9533,50,9/15/1965,,Caribe,Caribe,Sinú,Bajo Sinú,8.86909103393555,9.70909118652344,15,15,0.561594188213348,0.789855062961578,1,1,1.07000005245209,2015,04,23,0,0,0,0,13.8540458679199,2015-04-01,26.6915283203125,5.34637022018433,10.9749212265015
13080010,Pluviométrica,Convencional,Córdoba,San Pelayo,8.9359,-75.9533,50,9/15/1965,,Caribe,Caribe,Sinú,Bajo Sinú,8.86909103393555,9.70909118652344,15,15,0.561594188213348,0.789855062961578,1,1,1.07000005245209,2015,04,24,0,0,0,0,7.22000980377197,2015-04-01,9.71514129638672,12.418571472168,12.7176923751831
13080010,Pluviométrica,Convencional,Córdoba,San Pelayo,8.9359,-75.9533,50,9/15/1965,,Caribe,Caribe,Sinú,Bajo Sinú,8.86909103393555,9.70909118652344,15,15,0.561594188213348,0.789855062961578,1,1,1.04999995231628,2015,05,25,0,0,0,0,7.63470363616943,2015-05-01,11.3555698394775,7.63470363616943,7.81555128097534
13080010,Pluviométrica,Convencional,Córdoba,San Pelayo,8.9359,-75.9533,50,9/15/1965,,Caribe,Caribe,Sinú,Bajo Sinú,8.86909103393555,9.70909118652344,15,15,0.561594188213348,0.789855062961578,1,1,1.04999995231628,2015,05,26,0,0,0,0,11.2116870880127,2015-05-01,21.4442710876465,11.2116870880127,8.83078193664551
13080010,Pluviométrica,Convencional,Córdoba,San Pelayo,8.9359,-75.9533,50,9/15/1965,,Caribe,Caribe,Sinú,Bajo Sinú,8.86909103393555,9.70909118652344,15,15,0.561594188213348,0.789855062961578,1,1,1.04999995231628,2015,05,27,34,34,35.6999983787537,0,13.8347129821777,2015-05-01,28.8405094146729,13.8347129821777,38.7476387023926
13080010,Pluviométrica,Convencional,Córdoba,San Pelayo,8.9359,-75.9533,50,9/15/1965,,Caribe,Caribe,Sinú,Bajo Sinú,8.86909103393555,9.70909118652344,15,15,0.561594188213348,0.789855062961578,1,1,1.04999995231628,2015,05,28,31,31,32.5499985218048,0,20.3998622894287,2015-05-01,48.6480216979981,20.3998622894287,49.4891471862793
13080010,Pluviométrica,Convencional,Córdoba,San Pelayo,8.9359,-75.9533,50,9/15/1965,,Caribe,Caribe,Sinú,Bajo Sinú,8.86909103393555,9.70909118652344,15,15,0.561594188213348,0.789855062961578,1,1,1.04999995231628,2015,05,29,32,32,33.5999984741211,0,16.4536094665527,2015-05-01,32.492488861084,16.4536094665527,40.65771484375
13080010,Pluviométrica,Convencional,Córdoba,San Pelayo,8.9359,-75.9533,50,9/15/1965,,Caribe,Caribe,Sinú,Bajo Sinú,8.86909103393555,9.70909118652344,15,15,0.561594188213348,0.789855062961578,1,1,1.04999995231628,2015,05,30,30,30,31.4999985694885,0,22.6603622436523,2015-05-01,33.7474632263184,22.6603622436523,62.4361305236817
13080010,Pluviométrica,Convencional,Córdoba,San Pelayo,8.9359,-75.9533,50,9/15/1965,,Caribe,Caribe,Sinú,Bajo Sinú,8.86909103393555,9.70909118652344,15,15,0.561594188213348,0.789855062961578,1,1,1.05999994277954,2015,06,31,6,6,6.35999965667725,0,29.6426868438721,2015-06-01,39.3375244140625,10.3078193664551,18.3959903717041
13080010,Pluviométrica,Convencional,Córdoba,San Pelayo,8.9359,-75.9533,50,9/15/1965,,Caribe,Caribe,Sinú,Bajo Sinú,8.86909103393555,9.70909118652344,15,15,0.561594188213348,0.789855062961578,1,1,1.05999994277954,2015,06,32,0,0,0,0,21.0306797027588,2015-06-01,21.243070602417,7.46497821807861,8.18201065063477
13080010,Pluviométrica,Convencional,Córdoba,San Pelayo,8.9359,-75.9533,50,9/15/1965,,Caribe,Caribe,Sinú,Bajo Sinú,8.86909103393555,9.70909118652344,15,15,0.561594188213348,0.789855062961578,1,1,1.05999994277954,2015,06,33,5,5,5.29999971389771,0,9.69824504852295,2015-06-01,4.25642108917236,21.6333694458008,7.68962669372559
13080010,Pluviométrica,Convencional,Córdoba,San Pelayo,8.9359,-75.9533,50,9/15/1965,,Caribe,Caribe,Sinú,Bajo Sinú,8.86909103393555,9.70909118652344,15,15,0.561594188213348,0.789855062961578,1,1,1.05999994277954,2015,06,34,0,0,0,0,3.44378972053528,2015-06-01,0,1.48953378200531,0
13080010,Pluviométrica,Convencional,Córdoba,San Pelayo,8.9359,-75.9533,50,9/15/1965,,Caribe,Caribe,Sinú,Bajo Sinú,8.86909103393555,9.70909118652344,15,15,0.561594188213348,0.789855062961578,1,1,1.05999994277954,2015,06,35,0,0,0,0,6.96333026885986,2015-06-01,2.37588667869568,2.85198521614075,2.64503836631775
13080010,Pluviométrica,Convencional,Córdoba,San Pelayo,8.9359,-75.9533,50,9/15/1965,,Caribe,Caribe,Sinú,Bajo Sinú,8.86909103393555,9.70909118652344,15,15,0.561594188213348,0.789855062961578,1,1,1.05999994277954,2015,06,36,0,0,0,0,6.17481565475464,2015-06-01,5.48334407806397,2.54927802085876,3.34519529342651
13080010,Pluviométrica,Convencional,Córdoba,San Pelayo,8.9359,-75.9533,50,9/15/1965,,Caribe,Caribe,Sinú,Bajo Sinú,8.86909103393555,9.70909118652344,15,15,0.561594188213348,0.789855062961578,1,1,1.05999994277954,2015,07,37,35,35,37.0999979972839,0,0.868151068687439,2015-07-01,0,0.441193670034409,0
13080010,Pluviométrica,Convencional,Córdoba,San Pelayo,8.9359,-75.9533,50,9/15/1965,,Caribe,Caribe,Sinú,Bajo Sinú,8.86909103393555,9.70909118652344,15,15,0.561594188213348,0.789855062961578,1,1,1.05999994277954,2015,07,38,20,20,21.1999988555908,0,11.1993942260742,2015-07-01,20.5157489776611,3.43395972251892,30.6127777099609
13080010,Pluviométrica,Convencional,Córdoba,San Pelayo,8.9359,-75.9533,50,9/15/1965,,Caribe,Caribe,Sinú,Bajo Sinú,8.86909103393555,9.70909118652344,15,15,0.561594188213348,0.789855062961578,1,1,1.05999994277954,2015,07,39,12,12,12.7199993133545,0,33.0413856506348,2015-07-01,78.3857879638672,24.7353534698486,47.1506385803223
13080010,Pluviométrica,Convencional,Córdoba,San Pelayo,8.9359,-75.9533,50,9/15/1965,,Caribe,Caribe,Sinú,Bajo Sinú,8.86909103393555,9.70909118652344,15,15,0.561594188213348,0.789855062961578,1,1,1.05999994277954,2015,07,40,62,62,65.7199964523316,0,20.8842239379883,2015-07-01,45.6115951538086,15.6342926025391,63.2693595886231
13080010,Pluviométrica,Convencional,Córdoba,San Pelayo,8.9359,-75.9533,50,9/15/1965,,Caribe,Caribe,Sinú,Bajo Sinú,8.86909103393555,9.70909118652344,15,15,0.561594188213348,0.789855062961578,1,1,1.05999994277954,2015,07,41,18,18,19.0799989700317,0,19.1282787322998,2015-07-01,39.0007629394531,26.7270278930664,33.1598510742188
13080010,Pluviométrica,Convencional,Córdoba,San Pelayo,8.9359,-75.9533,50,9/15/1965,,Caribe,Caribe,Sinú,Bajo Sinú,8.86909103393555,9.70909118652344,15,15,0.561594188213348,0.789855062961578,1,1,1.05999994277954,2015,07,42,32,32,33.9199981689453,0,15.1913719177246,2015-07-01,22.3475456237793,29.3409748077393,29.1373119354248
13080010,Pluviométrica,Convencional,Córdoba,San Pelayo,8.9359,-75.9533,50,9/15/1965,,Caribe,Caribe,Sinú,Bajo Sinú,8.86909103393555,9.70909118652344,15,15,0.561594188213348,0.789855062961578,1,1,1.04999995231628,2015,08,43,0,0,0,0,12.912223815918,2015-08-01,18.0192527770996,4.49939489364624,8.384596824646
13080010,Pluviométrica,Convencional,Córdoba,San Pelayo,8.9359,-75.9533,50,9/15/1965,,Caribe,Caribe,Sinú,Bajo Sinú,8.86909103393555,9.70909118652344,15,15,0.561594188213348,0.789855062961578,1,1,1.04999995231628,2015,08,44,0,0,0,0,20.0461235046387,2015-08-01,24.6901226043701,9.06980323791504,22.6518535614014
13080010,Pluviométrica,Convencional,Córdoba,San Pelayo,8.9359,-75.9533,50,9/15/1965,,Caribe,Caribe,Sinú,Bajo Sinú,8.86909103393555,9.70909118652344,15,15,0.561594188213348,0.789855062961578,1,1,1.04999995231628,2015,08,45,38,38,39.8999981880188,0,30.4023704528809,2015-08-01,41.1439476013184,13.437180519104,27.0878620147705
13080010,Pluviométrica,Convencional,Córdoba,San Pelayo,8.9359,-75.9533,50,9/15/1965,,Caribe,Caribe,Sinú,Bajo Sinú,8.86909103393555,9.70909118652344,15,15,0.561594188213348,0.789855062961578,1,1,1.04999995231628,2015,08,46,44,44,46.1999979019165,0,25.4945487976074,2015-08-01,35.5976409912109,20.9037818908691,41.48828125
13080010,Pluviométrica,Convencional,Córdoba,San Pelayo,8.9359,-75.9533,50,9/15/1965,,Caribe,Caribe,Sinú,Bajo Sinú,8.86909103393555,9.70909118652344,15,15,0.561594188213348,0.789855062961578,1,1,1.04999995231628,2015,08,47,22,22,23.0999989509583,0,32.538330078125,2015-08-01,46.6944046020508,20.7540855407715,38.7168998718262
13080010,Pluviométrica,Convencional,Córdoba,San Pelayo,8.9359,-75.9533,50,9/15/1965,,Caribe,Caribe,Sinú,Bajo Sinú,8.86909103393555,9.70909118652344,15,15,0.561594188213348,0.789855062961578,1,1,1.04999995231628,2015,08,48,10,10,10.4999995231628,0,13.7355813980103,2015-08-01,14.8646507263184,11.4829349517822,18.6156406402588
13080010,Pluviométrica,Convencional,Córdoba,San Pelayo,8.9359,-75.9533,50,9/15/1965,,Caribe,Caribe,Sinú,Bajo Sinú,8.86909103393555,9.70909118652344,15,15,0.561594188213348,0.789855062961578,1,1,1.04999995231628,2015,09,49,21,21,22.049998998642,0,18.2037334442139,2015-09-01,26.9672660827637,10.7956142425537,16.7860126495361
13080010,Pluviométrica,Convencional,Córdoba,San Pelayo,8.9359,-75.9533,50,9/15/1965,,Caribe,Caribe,Sinú,Bajo Sinú,8.86909103393555,9.70909118652344,15,15,0.561594188213348,0.789855062961578,1,1,1.04999995231628,2015,09,50,0,0,0,0,24.086238861084,2015-09-01,38.2854728698731,21.6130352020264,34.3525733947754
13080010,Pluviométrica,Convencional,Córdoba,San Pelayo,8.9359,-75.9533,50,9/15/1965,,Caribe,Caribe,Sinú,Bajo Sinú,8.86909103393555,9.70909118652344,15,15,0.561594188213348,0.789855062961578,1,1,1.04999995231628,2015,09,51,0,0,0,0,17.6409912109375,2015-09-01,26.1263160705566,15.829592704773,11.3478651046753
13080010,Pluviométrica,Convencional,Córdoba,San Pelayo,8.9359,-75.9533,50,9/15/1965,,Caribe,Caribe,Sinú,Bajo Sinú,8.86909103393555,9.70909118652344,15,15,0.561594188213348,0.789855062961578,1,1,1.04999995231628,2015,09,52,56,56,58.7999973297119,0,26.1907787322998,2015-09-01,43.2297210693359,44.6645393371582,42.0039901733399
13080010,Pluviométrica,Convencional,Córdoba,San Pelayo,8.9359,-75.9533,50,9/15/1965,,Caribe,Caribe,Sinú,Bajo Sinú,8.86909103393555,9.70909118652344,15,15,0.561594188213348,0.789855062961578,1,1,1.04999995231628,2015,09,53,71,71,74.5499966144562,0,25.5234699249268,2015-09-01,38.8138160705566,9.93586158752441,36.92919921875
13080010,Pluviométrica,Convencional,Córdoba,San Pelayo,8.9359,-75.9533,50,9/15/1965,,Caribe,Caribe,Sinú,Bajo Sinú,8.86909103393555,9.70909118652344,15,15,0.561594188213348,0.789855062961578,1,1,1.04999995231628,2015,09,54,10,10,10.4999995231628,0,18.0685634613037,2015-09-01,24.1263008117676,26.8751354217529,20.6741104125977
13080010,Pluviométrica,Convencional,Córdoba,San Pelayo,8.9359,-75.9533,50,9/15/1965,,Caribe,Caribe,Sinú,Bajo Sinú,8.86909103393555,9.70909118652344,15,15,0.561594188213348,0.789855062961578,1,1,1.05999994277954,2015,10,55,21,21,22.2599987983704,0,6.47400188446045,2015-10-01,4.14739418029785,4.61703538894653,13.9978113174438
13080010,Pluviométrica,Convencional,Córdoba,San Pelayo,8.9359,-75.9533,50,9/15/1965,,Caribe,Caribe,Sinú,Bajo Sinú,8.86909103393555,9.70909118652344,15,15,0.561594188213348,0.789855062961578,1,1,1.05999994277954,2015,10,56,105,105,111.299993991852,0,34.3608589172363,2015-10-01,38.7978630065918,102.824523925781,66.740364074707
13080010,Pluviométrica,Convencional,Córdoba,San Pelayo,8.9359,-75.9533,50,9/15/1965,,Caribe,Caribe,Sinú,Bajo Sinú,8.86909103393555,9.70909118652344,15,15,0.561594188213348,0.789855062961578,1,1,1.05999994277954,2015,10,57,22,22,23.3199987411499,0,22.5248203277588,2015-10-01,21.0521011352539,25.1181812286377,20.6935977935791
13080010,Pluviométrica,Convencional,Córdoba,San Pelayo,8.9359,-75.9533,50,9/15/1965,,Caribe,Caribe,Sinú,Bajo Sinú,8.86909103393555,9.70909118652344,15,15,0.561594188213348,0.789855062961578,1,1,1.05999994277954,2015,10,58,136,136,144.159992218018,0,23.0024089813232,2015-10-01,21.7902355194092,14.4955530166626,16.8910102844238
13080010,Pluviométrica,Convencional,Córdoba,San Pelayo,8.9359,-75.9533,50,9/15/1965,,Caribe,Caribe,Sinú,Bajo Sinú,8.86909103393555,9.70909118652344,15,15,0.561594188213348,0.789855062961578,1,1,1.05999994277954,2015,10,59,71,71,75.2599959373474,0,25.0459804534912,2015-10-01,28.462329864502,56.6432991027832,33.6676979064941
13080010,Pluviométrica,Convencional,Córdoba,San Pelayo,8.9359,-75.9533,50,9/15/1965,,Caribe,Caribe,Sinú,Bajo Sinú,8.86909103393555,9.70909118652344,15,15,0.561594188213348,0.789855062961578,1,1,1.05999994277954,2015,10,60,103,103,109.179994106293,0,38.8248519897461,2015-10-01,37.916934967041,24.2638931274414,49.1152534484863
13080010,Pluviométrica,Convencional,Córdoba,San Pelayo,8.9359,-75.9533,50,9/15/1965,,Caribe,Caribe,Sinú,Bajo Sinú,8.86909103393555,9.70909118652344,15,15,0.561594188213348,0.789855062961578,1,1,1.07000005245209,2015,11,61,47,47,50.2900024652481,0,16.61989402771,2015-11-01,15.4376087188721,13.2944431304932,29.6441631317139
13080010,Pluviométrica,Convencional,Córdoba,San Pelayo,8.9359,-75.9533,50,9/15/1965,,Caribe,Caribe,Sinú,Bajo Sinú,8.86909103393555,9.70909118652344,15,15,0.561594188213348,0.789855062961578,1,1,1.07000005245209,2015,11,62,57,57,60.990002989769,0,37.3840522766113,2015-11-01,50.1992988586426,40.2328033447266,52.2883911132813
13080010,Pluviométrica,Convencional,Córdoba,San Pelayo,8.9359,-75.9533,50,9/15/1965,,Caribe,Caribe,Sinú,Bajo Sinú,8.86909103393555,9.70909118652344,15,15,0.561594188213348,0.789855062961578,1,1,1.07000005245209,2015,11,63,0,0,0,0,38.189151763916,2015-11-01,58.3248901367188,41.099250793457,31.7050437927246
13080010,Pluviométrica,Convencional,Córdoba,San Pelayo,8.9359,-75.9533,50,9/15/1965,,Caribe,Caribe,Sinú,Bajo Sinú,8.86909103393555,9.70909118652344,15,15,0.561594188213348,0.789855062961578,1,1,1.07000005245209,2015,11,64,70,70,74.9000036716461,0,47.1409301757813,2015-11-01,69.8129501342774,50.7331771850586,46.6253967285156
13080010,Pluviométrica,Convencional,Córdoba,San Pelayo,8.9359,-75.9533,50,9/15/1965,,Caribe,Caribe,Sinú,Bajo Sinú,8.86909103393555,9.70909118652344,15,15,0.561594188213348,0.789855062961578,1,1,1.07000005245209,2015,11,65,25,25,26.7500013113022,0,4.688805103302,2015-11-01,2.79969167709351,3.20620322227478,6.31360483169556
13080010,Pluviométrica,Convencional,Córdoba,San Pelayo,8.9359,-75.9533,50,9/15/1965,,Caribe,Caribe,Sinú,Bajo Sinú,8.86909103393555,9.70909118652344,15,15,0.561594188213348,0.789855062961578,1,1,1.07000005245209,2015,11,66,0,0,0,0,8.15328025817871,2015-11-01,10.469822883606,3.61021947860718,7.98399591445923
13080010,Pluviométrica,Convencional,Córdoba,San Pelayo,8.9359,-75.9533,50,9/15/1965,,Caribe,Caribe,Sinú,Bajo Sinú,8.86909103393555,9.70909118652344,15,15,0.561594188213348,0.789855062961578,1,1,1.08000004291534,2015,12,67,0,0,0,0,14.5007734298706,2015-12-01,20.6701984405518,16.1242027282715,9.13300228118896
13080010,Pluviométrica,Convencional,Córdoba,San Pelayo,8.9359,-75.9533,50,9/15/1965,,Caribe,Caribe,Sinú,Bajo Sinú,8.86909103393555,9.70909118652344,15,15,0.561594188213348,0.789855062961578,1,1,1.08000004291534,2015,12,68,0,0,0,0,12.9586124420166,2015-12-01,18.8333339691162,14.4093894958496,6.48568630218506
13080010,Pluviométrica,Convencional,Córdoba,San Pelayo,8.9359,-75.9533,50,9/15/1965,,Caribe,Caribe,Sinú,Bajo Sinú,8.86909103393555,9.70909118652344,15,15,0.561594188213348,0.789855062961578,1,1,1.08000004291534,2015,12,69,0,0,0,0,15.0761213302612,2015-12-01,23.9115409851074,16.7639656066895,14.1358003616333
13080010,Pluviométrica,Convencional,Córdoba,San Pelayo,8.9359,-75.9533,50,9/15/1965,,Caribe,Caribe,Sinú,Bajo Sinú,8.86909103393555,9.70909118652344,15,15,0.561594188213348,0.789855062961578,1,1,1.08000004291534,2015,12,70,0,0,0,0,6.74301862716675,2015-12-01,5.84067583084106,3.44210267066956,11.5388412475586
13080010,Pluviométrica,Convencional,Córdoba,San Pelayo,8.9359,-75.9533,50,9/15/1965,,Caribe,Caribe,Sinú,Bajo Sinú,8.86909103393555,9.70909118652344,15,15,0.561594188213348,0.789855062961578,1,1,1.08000004291534,2015,12,71,10,10,10.8000004291534,0,1.60170555114746,2015-12-01,0,1.05119788646698,0
13080010,Pluviométrica,Convencional,Córdoba,San Pelayo,8.9359,-75.9533,50,9/15/1965,,Caribe,Caribe,Sinú,Bajo Sinú,8.86909103393555,9.70909118652344,15,15,0.561594188213348,0.789855062961578,1,1,1.08000004291534,2015,12,72,0,0,0,0,2.19195556640625,2015-12-01,0,1.28132832050323,0
13080010,Pluviométrica,Convencional,Córdoba,San Pelayo,8.9359,-75.9533,50,9/15/1965,,Caribe,Caribe,Sinú,Bajo Sinú,8.86909103393555,9.70909118652344,15,15,0.561594188213348,0.789855062961578,1,1,1.10000002384186,2016,01,1,25,25,27.5000005960465,0,0.830317139625549,2016-01-01,0,1.42316484451294,0
13080010,Pluviométrica,Convencional,Córdoba,San Pelayo,8.9359,-75.9533,50,9/15/1965,,Caribe,Caribe,Sinú,Bajo Sinú,8.86909103393555,9.70909118652344,15,15,0.561594188213348,0.789855062961578,1,1,1.10000002384186,2016,01,2,0,0,0,0,0.843905866146088,2016-01-01,0,0.664985358715057,0
13080010,Pluviométrica,Convencional,Córdoba,San Pelayo,8.9359,-75.9533,50,9/15/1965,,Caribe,Caribe,Sinú,Bajo Sinú,8.86909103393555,9.70909118652344,15,15,0.561594188213348,0.789855062961578,1,1,1.10000002384186,2016,01,3,0,0,0,0,0.964286506175995,2016-01-01,0,0.739816904067993,0
13080010,Pluviométrica,Convencional,Córdoba,San Pelayo,8.9359,-75.9533,50,9/15/1965,,Caribe,Caribe,Sinú,Bajo Sinú,8.86909103393555,9.70909118652344,15,15,0.561594188213348,0.789855062961578,1,1,1.10000002384186,2016,01,4,0,0,0,0,1.16166758537292,2016-01-01,0,0.86008358001709,0
13080010,Pluviométrica,Convencional,Córdoba,San Pelayo,8.9359,-75.9533,50,9/15/1965,,Caribe,Caribe,Sinú,Bajo Sinú,8.86909103393555,9.70909118652344,15,15,0.561594188213348,0.789855062961578,1,1,1.10000002384186,2016,01,5,0,0,0,0,1.19485592842102,2016-01-01,0,0.889464259147644,0
13080010,Pluviométrica,Convencional,Córdoba,San Pelayo,8.9359,-75.9533,50,9/15/1965,,Caribe,Caribe,Sinú,Bajo Sinú,8.86909103393555,9.70909118652344,15,15,0.561594188213348,0.789855062961578,1,1,1.10000002384186,2016,01,6,0,0,0,0,1.58560132980347,2016-01-01,0.156015813350678,0.952430129051208,0.339950919151306
13080010,Pluviométrica,Convencional,Córdoba,San Pelayo,8.9359,-75.9533,50,9/15/1965,,Caribe,Caribe,Sinú,Bajo Sinú,8.86909103393555,9.70909118652344,15,15,0.561594188213348,0.789855062961578,1,1,1.12000000476837,2016,02,7,0,0,0,0,3.09490013122559,2016-02-01,1.17031812667847,1.58883285522461,0.9328852891922
13080010,Pluviométrica,Convencional,Córdoba,San Pelayo,8.9359,-75.9533,50,9/15/1965,,Caribe,Caribe,Sinú,Bajo Sinú,8.86909103393555,9.70909118652344,15,15,0.561594188213348,0.789855062961578,1,1,1.12000000476837,2016,02,8,0,0,0,0,3.14761328697205,2016-02-01,1.77876543998718,1.61589431762695,1.52033650875092
13080010,Pluviométrica,Convencional,Córdoba,San Pelayo,8.9359,-75.9533,50,9/15/1965,,Caribe,Caribe,Sinú,Bajo Sinú,8.86909103393555,9.70909118652344,15,15,0.561594188213348,0.789855062961578,1,1,1.12000000476837,2016,02,9,0,0,0,0,3.0855348110199,2016-02-01,1.78268098831177,1.58402502536774,1.31594717502594
13080010,Pluviométrica,Convencional,Córdoba,San Pelayo,8.9359,-75.9533,50,9/15/1965,,Caribe,Caribe,Sinú,Bajo Sinú,8.86909103393555,9.70909118652344,15,15,0.561594188213348,0.789855062961578,1,1,1.12000000476837,2016,02,10,0,0,0,0,2.85684847831726,2016-02-01,1.43506395816803,1.46662402153015,1.10173010826111
13080010,Pluviométrica,Convencional,Córdoba,San Pelayo,8.9359,-75.9533,50,9/15/1965,,Caribe,Caribe,Sinú,Bajo Sinú,8.86909103393555,9.70909118652344,15,15,0.561594188213348,0.789855062961578,1,1,1.12000000476837,2016,02,11,0,0,0,0,2.57713532447815,2016-02-01,0,1.32302725315094,0
13080010,Pluviométrica,Convencional,Córdoba,San Pelayo,8.9359,-75.9533,50,9/15/1965,,Caribe,Caribe,Sinú,Bajo Sinú,8.86909103393555,9.70909118652344,15,15,0.561594188213348,0.789855062961578,1,1,1.12000000476837,2016,02,12,0,0,0,0,0.819596409797669,2016-02-01,0,0.420757234096527,0
13080010,Pluviométrica,Convencional,Córdoba,San Pelayo,8.9359,-75.9533,50,9/15/1965,,Caribe,Caribe,Sinú,Bajo Sinú,8.86909103393555,9.70909118652344,15,15,0.561594188213348,0.789855062961578,1,1,1.11000001430511,2016,03,13,0,0,0,0,1.15114951133728,2016-03-01,0,0.736159026622772,0
13080010,Pluviométrica,Convencional,Córdoba,San Pelayo,8.9359,-75.9533,50,9/15/1965,,Caribe,Caribe,Sinú,Bajo Sinú,8.86909103393555,9.70909118652344,15,15,0.561594188213348,0.789855062961578,1,1,1.11000001430511,2016,03,14,0,0,0,0,0.799352526664734,2016-03-01,0,0.528835296630859,0
13080010,Pluviométrica,Convencional,Córdoba,San Pelayo,8.9359,-75.9533,50,9/15/1965,,Caribe,Caribe,Sinú,Bajo Sinú,8.86909103393555,9.70909118652344,15,15,0.561594188213348,0.789855062961578,1,1,1.11000001430511,2016,03,15,0,0,0,0,0.920053839683533,2016-03-01,0,0.631317019462585,0
13080010,Pluviométrica,Convencional,Córdoba,San Pelayo,8.9359,-75.9533,50,9/15/1965,,Caribe,Caribe,Sinú,Bajo Sinú,8.86909103393555,9.70909118652344,15,15,0.561594188213348,0.789855062961578,1,1,1.11000001430511,2016,03,16,0,0,0,0,0.506823778152466,2016-03-01,0,0.357349127531052,0
13080010,Pluviométrica,Convencional,Córdoba,San Pelayo,8.9359,-75.9533,50,9/15/1965,,Caribe,Caribe,Sinú,Bajo Sinú,8.86909103393555,9.70909118652344,15,15,0.561594188213348,0.789855062961578,1,1,1.11000001430511,2016,03,17,0,0,0,0,0.587429046630859,2016-03-01,0,0.405839949846268,0
13080010,Pluviométrica,Convencional,Córdoba,San Pelayo,8.9359,-75.9533,50,9/15/1965,,Caribe,Caribe,Sinú,Bajo Sinú,8.86909103393555,9.70909118652344,15,15,0.561594188213348,0.789855062961578,1,1,1.11000001430511,2016,03,18,0,0,0,0,1.18366670608521,2016-03-01,0,0.698211312294006,0
13080010,Pluviométrica,Convencional,Córdoba,San Pelayo,8.9359,-75.9533,50,9/15/1965,,Caribe,Caribe,Sinú,Bajo Sinú,8.86909103393555,9.70909118652344,15,15,0.561594188213348,0.789855062961578,1,1,1.07000005245209,2016,04,19,0,0,0,0,2.17642998695374,2016-04-01,0,3.12170743942261,0
13080010,Pluviométrica,Convencional,Córdoba,San Pelayo,8.9359,-75.9533,50,9/15/1965,,Caribe,Caribe,Sinú,Bajo Sinú,8.86909103393555,9.70909118652344,15,15,0.561594188213348,0.789855062961578,1,1,1.07000005245209,2016,04,20,9,9,9.63000047206879,0,2.69599604606628,2016-04-01,0.209801614284515,3.86693429946899,0.92899090051651
13080010,Pluviométrica,Convencional,Córdoba,San Pelayo,8.9359,-75.9533,50,9/15/1965,,Caribe,Caribe,Sinú,Bajo Sinú,8.86909103393555,9.70909118652344,15,15,0.561594188213348,0.789855062961578,1,1,1.07000005245209,2016,04,21,0,0,0,0,0.867319583892822,2016-04-01,0,1.24401807785034,0
13080010,Pluviométrica,Convencional,Córdoba,San Pelayo,8.9359,-75.9533,50,9/15/1965,,Caribe,Caribe,Sinú,Bajo Sinú,8.86909103393555,9.70909118652344,15,15,0.561594188213348,0.789855062961578,1,1,1.07000005245209,2016,04,22,36,36,38.5200018882752,0,8.40155410766602,2016-04-01,13.2246389389038,12.05055809021,18.3336505889893
13080010,Pluviométrica,Convencional,Córdoba,San Pelayo,8.9359,-75.9533,50,9/15/1965,,Caribe,Caribe,Sinú,Bajo Sinú,8.86909103393555,9.70909118652344,15,15,0.561594188213348,0.789855062961578,1,1,1.07000005245209,2016,04,23,17,17,18.1900008916855,0,22.5741233825684,2016-04-01,48.9773979187012,32.3786277770996,55.994010925293
13080010,Pluviométrica,Convencional,Córdoba,San Pelayo,8.9359,-75.9533,50,9/15/1965,,Caribe,Caribe,Sinú,Bajo Sinú,8.86909103393555,9.70909118652344,15,15,0.561594188213348,0.789855062961578,1,1,1.07000005245209,2016,04,24,0,0,0,0,11.1267747879028,2016-04-01,18.4525890350342,15.9594097137451,35.1086463928223
13080010,Pluviométrica,Convencional,Córdoba,San Pelayo,8.9359,-75.9533,50,9/15/1965,,Caribe,Caribe,Sinú,Bajo Sinú,8.86909103393555,9.70909118652344,15,15,0.561594188213348,0.789855062961578,1,1,1.04999995231628,2016,05,25,54,54,56.6999974250794,0,13.5551681518555,2016-05-01,29.1725254058838,9.60233974456787,41.1538391113281
13080010,Pluviométrica,Convencional,Córdoba,San Pelayo,8.9359,-75.9533,50,9/15/1965,,Caribe,Caribe,Sinú,Bajo Sinú,8.86909103393555,9.70909118652344,15,15,0.561594188213348,0.789855062961578,1,1,1.04999995231628,2016,05,26,0,0,0,0,27.0582084655762,2016-05-01,65.3593673706055,41.3606872558594,45.9415245056152
13080010,Pluviométrica,Convencional,Córdoba,San Pelayo,8.9359,-75.9533,50,9/15/1965,,Caribe,Caribe,Sinú,Bajo Sinú,8.86909103393555,9.70909118652344,15,15,0.561594188213348,0.789855062961578,1,1,1.04999995231628,2016,05,27,36,36,37.7999982833862,0,9.81935977935791,2016-05-01,16.3682270050049,11.6787900924683,20.3245410919189
13080010,Pluviométrica,Convencional,Córdoba,San Pelayo,8.9359,-75.9533,50,9/15/1965,,Caribe,Caribe,Sinú,Bajo Sinú,8.86909103393555,9.70909118652344,15,15,0.561594188213348,0.789855062961578,1,1,1.04999995231628,2016,05,28,26,26,27.2999987602234,0,15.9918632507324,2016-05-01,33.8472366333008,10.8214931488037,23.8335494995117
13080010,Pluviométrica,Convencional,Córdoba,San Pelayo,8.9359,-75.9533,50,9/15/1965,,Caribe,Caribe,Sinú,Bajo Sinú,8.86909103393555,9.70909118652344,15,15,0.561594188213348,0.789855062961578,1,1,1.04999995231628,2016,05,29,74,74,77.699996471405,0,18.7667903900147,2016-05-01,38.1224365234375,23.0558662414551,39.7408027648926
13080010,Pluviométrica,Convencional,Córdoba,San Pelayo,8.9359,-75.9533,50,9/15/1965,,Caribe,Caribe,Sinú,Bajo Sinú,8.86909103393555,9.70909118652344,15,15,0.561594188213348,0.789855062961578,1,1,1.04999995231628,2016,05,30,26,26,27.2999987602234,0,30.8703880310059,2016-05-01,43.6814079284668,39.1762199401856,57.6943130493164
13080010,Pluviométrica,Convencional,Córdoba,San Pelayo,8.9359,-75.9533,50,9/15/1965,,Caribe,Caribe,Sinú,Bajo Sinú,8.86909103393555,9.70909118652344,15,15,0.561594188213348,0.789855062961578,1,1,1.05999994277954,2016,06,31,0,0,0,0,16.2237148284912,2016-06-01,18.2105503082275,22.7580718994141,16.5116863250732
13080010,Pluviométrica,Convencional,Córdoba,San Pelayo,8.9359,-75.9533,50,9/15/1965,,Caribe,Caribe,Sinú,Bajo Sinú,8.86909103393555,9.70909118652344,15,15,0.561594188213348,0.789855062961578,1,1,1.05999994277954,2016,06,32,13,13,13.779999256134,0,26.7225666046143,2016-06-01,30.9857692718506,37.4855003356934,42.7087821960449
13080010,Pluviométrica,Convencional,Córdoba,San Pelayo,8.9359,-75.9533,50,9/15/1965,,Caribe,Caribe,Sinú,Bajo Sinú,8.86909103393555,9.70909118652344,15,15,0.561594188213348,0.789855062961578,1,1,1.05999994277954,2016,06,33,42,42,44.5199975967407,0,25.3041973114014,2016-06-01,25.126838684082,35.4958610534668,24.6146717071533
13080010,Pluviométrica,Convencional,Córdoba,San Pelayo,8.9359,-75.9533,50,9/15/1965,,Caribe,Caribe,Sinú,Bajo Sinú,8.86909103393555,9.70909118652344,15,15,0.561594188213348,0.789855062961578,1,1,1.05999994277954,2016,06,34,24,24,25.439998626709,0,23.1422462463379,2016-06-01,23.6509819030762,32.4631500244141,26.8557949066162
13080010,Pluviométrica,Convencional,Córdoba,San Pelayo,8.9359,-75.9533,50,9/15/1965,,Caribe,Caribe,Sinú,Bajo Sinú,8.86909103393555,9.70909118652344,15,15,0.561594188213348,0.789855062961578,1,1,1.05999994277954,2016,06,35,0,0,0,0,25.8474750518799,2016-06-01,27.4757537841797,36.2579536437988,36.914119720459
13080010,Pluviométrica,Convencional,Córdoba,San Pelayo,8.9359,-75.9533,50,9/15/1965,,Caribe,Caribe,Sinú,Bajo Sinú,8.86909103393555,9.70909118652344,15,15,0.561594188213348,0.789855062961578,1,1,1.05999994277954,2016,06,36,47,47,49.8199973106384,0,13.0121908187866,2016-06-01,14.2174701690674,18.2530555725098,24.6686859130859
13080010,Pluviométrica,Convencional,Córdoba,San Pelayo,8.9359,-75.9533,50,9/15/1965,,Caribe,Caribe,Sinú,Bajo Sinú,8.86909103393555,9.70909118652344,15,15,0.561594188213348,0.789855062961578,1,1,1.05999994277954,2016,07,37,4,4,4.23999977111816,0,28.1049404144287,2016-07-01,52.524845123291,20.3380870819092,22.2999324798584
13080010,Pluviométrica,Convencional,Córdoba,San Pelayo,8.9359,-75.9533,50,9/15/1965,,Caribe,Caribe,Sinú,Bajo Sinú,8.86909103393555,9.70909118652344,15,15,0.561594188213348,0.789855062961578,1,1,1.05999994277954,2016,07,38,0,0,0,0,13.8782567977905,2016-07-01,26.082010269165,6.65868139266968,12.0553340911865
13080010,Pluviométrica,Convencional,Córdoba,San Pelayo,8.9359,-75.9533,50,9/15/1965,,Caribe,Caribe,Sinú,Bajo Sinú,8.86909103393555,9.70909118652344,15,15,0.561594188213348,0.789855062961578,1,1,1.05999994277954,2016,07,39,0,0,0,0,11.8669872283936,2016-07-01,23.3173751831055,9.36445236206055,18.2767734527588
13080010,Pluviométrica,Convencional,Córdoba,San Pelayo,8.9359,-75.9533,50,9/15/1965,,Caribe,Caribe,Sinú,Bajo Sinú,8.86909103393555,9.70909118652344,15,15,0.561594188213348,0.789855062961578,1,1,1.05999994277954,2016,07,40,42,42,44.5199975967407,0,14.8081703186035,2016-07-01,31.6832714080811,32.8244781494141,46.8760795593262
13080010,Pluviométrica,Convencional,Córdoba,San Pelayo,8.9359,-75.9533,50,9/15/1965,,Caribe,Caribe,Sinú,Bajo Sinú,8.86909103393555,9.70909118652344,15,15,0.561594188213348,0.789855062961578,1,1,1.05999994277954,2016,07,41,28,28,29.6799983978272,0,24.978931427002,2016-07-01,54.1916999816895,12.808780670166,33.8804931640625
13080010,Pluviométrica,Convencional,Córdoba,San Pelayo,8.9359,-75.9533,50,9/15/1965,,Caribe,Caribe,Sinú,Bajo Sinú,8.86909103393555,9.70909118652344,15,15,0.561594188213348,0.789855062961578,1,1,1.05999994277954,2016,07,42,20,20,21.1999988555908,0,25.3359909057617,2016-07-01,44.1127128601074,18.5431251525879,42.7654991149902
13080010,Pluviométrica,Convencional,Córdoba,San Pelayo,8.9359,-75.9533,50,9/15/1965,,Caribe,Caribe,Sinú,Bajo Sinú,8.86909103393555,9.70909118652344,15,15,0.561594188213348,0.789855062961578,1,1,1.04999995231628,2016,08,43,24,24,25.1999988555908,0,17.8945064544678,2016-08-01,26.1006507873535,11.5910148620605,17.0705814361572
13080010,Pluviométrica,Convencional,Córdoba,San Pelayo,8.9359,-75.9533,50,9/15/1965,,Caribe,Caribe,Sinú,Bajo Sinú,8.86909103393555,9.70909118652344,15,15,0.561594188213348,0.789855062961578,1,1,1.04999995231628,2016,08,44,63,63,66.1499969959259,0,17.0072422027588,2016-08-01,19.1201877593994,18.8359184265137,38.3673934936523
13080010,Pluviométrica,Convencional,Córdoba,San Pelayo,8.9359,-75.9533,50,9/15/1965,,Caribe,Caribe,Sinú,Bajo Sinú,8.86909103393555,9.70909118652344,15,15,0.561594188213348,0.789855062961578,1,1,1.04999995231628,2016,08,45,23,23,24.1499989032745,0,10.9797191619873,2016-08-01,11.1886701583862,22.1826267242432,22.9463882446289
13080010,Pluviométrica,Convencional,Córdoba,San Pelayo,8.9359,-75.9533,50,9/15/1965,,Caribe,Caribe,Sinú,Bajo Sinú,8.86909103393555,9.70909118652344,15,15,0.561594188213348,0.789855062961578,1,1,1.04999995231628,2016,08,46,0,0,0,0,13.2366409301758,2016-08-01,16.9987316131592,4.88266944885254,11.6307210922241
13080010,Pluviométrica,Convencional,Córdoba,San Pelayo,8.9359,-75.9533,50,9/15/1965,,Caribe,Caribe,Sinú,Bajo Sinú,8.86909103393555,9.70909118652344,15,15,0.561594188213348,0.789855062961578,1,1,1.04999995231628,2016,08,47,0,0,0,0,12.793083190918,2016-08-01,13.4315195083618,10.9491596221924,17.6149349212647
13080010,Pluviométrica,Convencional,Córdoba,San Pelayo,8.9359,-75.9533,50,9/15/1965,,Caribe,Caribe,Sinú,Bajo Sinú,8.86909103393555,9.70909118652344,15,15,0.561594188213348,0.789855062961578,1,1,1.04999995231628,2016,08,48,30,30,31.4999985694885,0,43.3499374389648,2016-08-01,55.056510925293,65.5473022460938,65.9516296386719
13080010,Pluviométrica,Convencional,Córdoba,San Pelayo,8.9359,-75.9533,50,9/15/1965,,Caribe,Caribe,Sinú,Bajo Sinú,8.86909103393555,9.70909118652344,15,15,0.561594188213348,0.789855062961578,1,1,1.04999995231628,2016,09,49,25,25,26.2499988079071,0,29.1252250671387,2016-09-01,45.9878463745117,9.7868824005127,25.834680557251
13080010,Pluviométrica,Convencional,Córdoba,San Pelayo,8.9359,-75.9533,50,9/15/1965,,Caribe,Caribe,Sinú,Bajo Sinú,8.86909103393555,9.70909118652344,15,15,0.561594188213348,0.789855062961578,1,1,1.04999995231628,2016,09,50,0,0,0,0,23.6424903869629,2016-09-01,34.0642890930176,18.758243560791,15.0272607803345
13080010,Pluviométrica,Convencional,Córdoba,San Pelayo,8.9359,-75.9533,50,9/15/1965,,Caribe,Caribe,Sinú,Bajo Sinú,8.86909103393555,9.70909118652344,15,15,0.561594188213348,0.789855062961578,1,1,1.04999995231628,2016,09,51,0,0,0,0,16.2936267852783,2016-09-01,22.7074089050293,35.0325088500977,31.8839626312256
13080010,Pluviométrica,Convencional,Córdoba,San Pelayo,8.9359,-75.9533,50,9/15/1965,,Caribe,Caribe,Sinú,Bajo Sinú,8.86909103393555,9.70909118652344,15,15,0.561594188213348,0.789855062961578,1,1,1.04999995231628,2016,09,52,49,49,51.4499976634979,0,15.6740474700928,2016-09-01,23.0920810699463,22.4080505371094,37.1698799133301
13080010,Pluviométrica,Convencional,Córdoba,San Pelayo,8.9359,-75.9533,50,9/15/1965,,Caribe,Caribe,Sinú,Bajo Sinú,8.86909103393555,9.70909118652344,15,15,0.561594188213348,0.789855062961578,1,1,1.04999995231628,2016,09,53,0,0,0,0,32.1066513061523,2016-09-01,52.5289764404297,40.4459381103516,25.8624801635742
13080010,Pluviométrica,Convencional,Córdoba,San Pelayo,8.9359,-75.9533,50,9/15/1965,,Caribe,Caribe,Sinú,Bajo Sinú,8.86909103393555,9.70909118652344,15,15,0.561594188213348,0.789855062961578,1,1,1.04999995231628,2016,09,54,38,38,39.8999981880188,0,11.7676582336426,2016-09-01,13.0011911392212,10.9143753051758,15.9888334274292
13080010,Pluviométrica,Convencional,Córdoba,San Pelayo,8.9359,-75.9533,50,9/15/1965,,Caribe,Caribe,Sinú,Bajo Sinú,8.86909103393555,9.70909118652344,15,15,0.561594188213348,0.789855062961578,1,1,1.05999994277954,2016,10,55,2.6,2.6,2.75599985122681,0,12.5021810531616,2016-10-01,13.9381532669067,10.9251918792725,17.702974319458
13080010,Pluviométrica,Convencional,Córdoba,San Pelayo,8.9359,-75.9533,50,9/15/1965,,Caribe,Caribe,Sinú,Bajo Sinú,8.86909103393555,9.70909118652344,15,15,0.561594188213348,0.789855062961578,1,1,1.05999994277954,2016,10,56,5.9,5.9,6.25399966239929,0,33.6731834411621,2016-10-01,38.9737510681152,29.425745010376,32.6250114440918
13080010,Pluviométrica,Convencional,Córdoba,San Pelayo,8.9359,-75.9533,50,9/15/1965,,Caribe,Caribe,Sinú,Bajo Sinú,8.86909103393555,9.70909118652344,15,15,0.561594188213348,0.789855062961578,1,1,1.05999994277954,2016,10,57,4.7,4.7,4.98199973106384,0,28.8426322937012,2016-10-01,30.3283290863037,25.2045040130615,25.5221405029297
13080010,Pluviométrica,Convencional,Córdoba,San Pelayo,8.9359,-75.9533,50,9/15/1965,,Caribe,Caribe,Sinú,Bajo Sinú,8.86909103393555,9.70909118652344,15,15,0.561594188213348,0.789855062961578,1,1,1.05999994277954,2016,10,58,15,15,15.8999991416931,0,30.0276756286621,2016-10-01,31.8464031219482,26.2400703430176,29.1846923828125
13080010,Pluviométrica,Convencional,Córdoba,San Pelayo,8.9359,-75.9533,50,9/15/1965,,Caribe,Caribe,Sinú,Bajo Sinú,8.86909103393555,9.70909118652344,15,15,0.561594188213348,0.789855062961578,1,1,1.05999994277954,2016,10,59,2.8,2.8,2.96799983978272,0,21.8116416931152,2016-10-01,25.579963684082,19.0603828430176,29.3271389007568
13080010,Pluviométrica,Convencional,Córdoba,San Pelayo,8.9359,-75.9533,50,9/15/1965,,Caribe,Caribe,Sinú,Bajo Sinú,8.86909103393555,9.70909118652344,15,15,0.561594188213348,0.789855062961578,1,1,1.05999994277954,2016,10,60,3.2,3.2,3.39199981689453,0,23.1189956665039,2016-10-01,24.1045875549316,20.2028331756592,17.4332618713379
13080010,Pluviométrica,Convencional,Córdoba,San Pelayo,8.9359,-75.9533,50,9/15/1965,,Caribe,Caribe,Sinú,Bajo Sinú,8.86909103393555,9.70909118652344,15,15,0.561594188213348,0.789855062961578,1,1,1.07000005245209,2016,11,61,3,3,3.21000015735626,0,23.6089897155762,2016-11-01,27.3839015960693,13.0547704696655,17.2319869995117
13080010,Pluviométrica,Convencional,Córdoba,San Pelayo,8.9359,-75.9533,50,9/15/1965,,Caribe,Caribe,Sinú,Bajo Sinú,8.86909103393555,9.70909118652344,15,15,0.561594188213348,0.789855062961578,1,1,1.07000005245209,2016,11,62,2.2,2.2,2.35400011539459,0,44.9430770874023,2016-11-01,63.5936279296875,19.2069187164307,44.8525085449219
13080010,Pluviométrica,Convencional,Córdoba,San Pelayo,8.9359,-75.9533,50,9/15/1965,,Caribe,Caribe,Sinú,Bajo Sinú,8.86909103393555,9.70909118652344,15,15,0.561594188213348,0.789855062961578,1,1,1.07000005245209,2016,11,63,0,0,0,0,46.4084243774414,2016-11-01,77.4357986450195,32.2275543212891,30.9441299438477
13080010,Pluviométrica,Convencional,Córdoba,San Pelayo,8.9359,-75.9533,50,9/15/1965,,Caribe,Caribe,Sinú,Bajo Sinú,8.86909103393555,9.70909118652344,15,15,0.561594188213348,0.789855062961578,1,1,1.07000005245209,2016,11,64,2.7,2.7,2.88900014162064,0,18.2405185699463,2016-11-01,24.4885425567627,42.8299026489258,27.5589370727539
13080010,Pluviométrica,Convencional,Córdoba,San Pelayo,8.9359,-75.9533,50,9/15/1965,,Caribe,Caribe,Sinú,Bajo Sinú,8.86909103393555,9.70909118652344,15,15,0.561594188213348,0.789855062961578,1,1,1.07000005245209,2016,11,65,0,0,0,0,4.055335521698,2016-11-01,1.74102365970612,3.93031167984009,4.06441783905029
13080010,Pluviométrica,Convencional,Córdoba,San Pelayo,8.9359,-75.9533,50,9/15/1965,,Caribe,Caribe,Sinú,Bajo Sinú,8.86909103393555,9.70909118652344,15,15,0.561594188213348,0.789855062961578,1,1,1.07000005245209,2016,11,66,7.9,7.9,8.45300041437149,0,7.54490804672241,2016-11-01,9.41606998443604,7.66390991210938,21.5987682342529
13080010,Pluviométrica,Convencional,Córdoba,San Pelayo,8.9359,-75.9533,50,9/15/1965,,Caribe,Caribe,Sinú,Bajo Sinú,8.86909103393555,9.70909118652344,15,15,0.561594188213348,0.789855062961578,1,1,1.08000004291534,2016,12,67,1.5,1.5,1.62000006437302,0,18.422721862793,2016-12-01,29.6685314178467,39.9371452331543,39.03955078125
13080010,Pluviométrica,Convencional,Córdoba,San Pelayo,8.9359,-75.9533,50,9/15/1965,,Caribe,Caribe,Sinú,Bajo Sinú,8.86909103393555,9.70909118652344,15,15,0.561594188213348,0.789855062961578,1,1,1.08000004291534,2016,12,68,3.4,3.4,3.67200014591217,0,11.8690996170044,2016-12-01,15.7428579330444,7.62922191619873,17.3422622680664
13080010,Pluviométrica,Convencional,Córdoba,San Pelayo,8.9359,-75.9533,50,9/15/1965,,Caribe,Caribe,Sinú,Bajo Sinú,8.86909103393555,9.70909118652344,15,15,0.561594188213348,0.789855062961578,1,1,1.08000004291534,2016,12,69,0,0,0,0,16.8620109558105,2016-12-01,28.4906826019287,8.18968105316162,11.5278778076172
13080010,Pluviométrica,Convencional,Córdoba,San Pelayo,8.9359,-75.9533,50,9/15/1965,,Caribe,Caribe,Sinú,Bajo Sinú,8.86909103393555,9.70909118652344,15,15,0.561594188213348,0.789855062961578,1,1,1.08000004291534,2016,12,70,0,0,0,0,2.55917048454285,2016-12-01,0,2.12246680259705,0
13080010,Pluviométrica,Convencional,Córdoba,San Pelayo,8.9359,-75.9533,50,9/15/1965,,Caribe,Caribe,Sinú,Bajo Sinú,8.86909103393555,9.70909118652344,15,15,0.561594188213348,0.789855062961578,1,1,1.08000004291534,2016,12,71,0,0,0,0,8.79806900024414,2016-12-01,10.6027154922485,10.37571144104,7.12671661376953
13080010,Pluviométrica,Convencional,Córdoba,San Pelayo,8.9359,-75.9533,50,9/15/1965,,Caribe,Caribe,Sinú,Bajo Sinú,8.86909103393555,9.70909118652344,15,15,0.561594188213348,0.789855062961578,1,1,1.08000004291534,2016,12,72,0,0,0,0,5.64359951019287,2016-12-01,3.22238540649414,9.16435623168945,2.57540392875671
13080010,Pluviométrica,Convencional,Córdoba,San Pelayo,8.9359,-75.9533,50,9/15/1965,,Caribe,Caribe,Sinú,Bajo Sinú,8.86909103393555,9.70909118652344,15,15,0.561594188213348,0.789855062961578,1,1,1.10000002384186,2017,01,1,0,0,0,0,0.830317139625549,2017-01-01,0,0.791608035564423,0
13080010,Pluviométrica,Convencional,Córdoba,San Pelayo,8.9359,-75.9533,50,9/15/1965,,Caribe,Caribe,Sinú,Bajo Sinú,8.86909103393555,9.70909118652344,15,15,0.561594188213348,0.789855062961578,1,1,1.10000002384186,2017,01,2,0,0,0,0,10.4665794372559,2017-01-01,30.7455291748047,10.3883056640625,14.7277193069458
13080010,Pluviométrica,Convencional,Córdoba,San Pelayo,8.9359,-75.9533,50,9/15/1965,,Caribe,Caribe,Sinú,Bajo Sinú,8.86909103393555,9.70909118652344,15,15,0.561594188213348,0.789855062961578,1,1,1.10000002384186,2017,01,3,0,0,0,0,0.964286506175995,2017-01-01,0,0.891139566898346,0
13080010,Pluviométrica,Convencional,Córdoba,San Pelayo,8.9359,-75.9533,50,9/15/1965,,Caribe,Caribe,Sinú,Bajo Sinú,8.86909103393555,9.70909118652344,15,15,0.561594188213348,0.789855062961578,1,1,1.10000002384186,2017,01,4,0,0,0,0,1.16166758537292,2017-01-01,0,1.03655910491943,0
13080010,Pluviométrica,Convencional,Córdoba,San Pelayo,8.9359,-75.9533,50,9/15/1965,,Caribe,Caribe,Sinú,Bajo Sinú,8.86909103393555,9.70909118652344,15,15,0.561594188213348,0.789855062961578,1,1,1.10000002384186,2017,01,5,0,0,0,0,1.19485592842102,2017-01-01,0,1.06566941738129,0
13080010,Pluviométrica,Convencional,Córdoba,San Pelayo,8.9359,-75.9533,50,9/15/1965,,Caribe,Caribe,Sinú,Bajo Sinú,8.86909103393555,9.70909118652344,15,15,0.561594188213348,0.789855062961578,1,1,1.10000002384186,2017,01,6,0,0,0,0,6.01838731765747,2017-01-01,6.58737659454346,3.53992486000061,6.79214334487915
13080010,Pluviométrica,Convencional,Córdoba,San Pelayo,8.9359,-75.9533,50,9/15/1965,,Caribe,Caribe,Sinú,Bajo Sinú,8.86909103393555,9.70909118652344,15,15,0.561594188213348,0.789855062961578,1,1,1.12000000476837,2017,02,7,0,0,0,0,3.09490013122559,2017-02-01,1.17031812667847,3.07498717308044,0.988590776920319
13080010,Pluviométrica,Convencional,Córdoba,San Pelayo,8.9359,-75.9533,50,9/15/1965,,Caribe,Caribe,Sinú,Bajo Sinú,8.86909103393555,9.70909118652344,15,15,0.561594188213348,0.789855062961578,1,1,1.12000000476837,2017,02,8,0,0,0,0,3.14761328697205,2017-02-01,1.77876543998718,1.74874973297119,1.29182898998261
13080010,Pluviométrica,Convencional,Córdoba,San Pelayo,8.9359,-75.9533,50,9/15/1965,,Caribe,Caribe,Sinú,Bajo Sinú,8.86909103393555,9.70909118652344,15,15,0.561594188213348,0.789855062961578,1,1,1.12000000476837,2017,02,9,0,0,0,0,3.0855348110199,2017-02-01,1.78268098831177,1.71799123287201,1.50650310516357
13080010,Pluviométrica,Convencional,Córdoba,San Pelayo,8.9359,-75.9533,50,9/15/1965,,Caribe,Caribe,Sinú,Bajo Sinú,8.86909103393555,9.70909118652344,15,15,0.561594188213348,0.789855062961578,1,1,1.12000000476837,2017,02,10,0,0,0,0,2.85684847831726,2017-02-01,1.43506395816803,1.62100660800934,1.12642419338226
13080010,Pluviométrica,Convencional,Córdoba,San Pelayo,8.9359,-75.9533,50,9/15/1965,,Caribe,Caribe,Sinú,Bajo Sinú,8.86909103393555,9.70909118652344,15,15,0.561594188213348,0.789855062961578,1,1,1.12000000476837,2017,02,11,0,0,0,0,2.57713532447815,2017-02-01,0,1.5124317407608,0
13080010,Pluviométrica,Convencional,Córdoba,San Pelayo,8.9359,-75.9533,50,9/15/1965,,Caribe,Caribe,Sinú,Bajo Sinú,8.86909103393555,9.70909118652344,15,15,0.561594188213348,0.789855062961578,1,1,1.12000000476837,2017,02,12,0,0,0,0,0.819596409797669,2017-02-01,0,0.591545641422272,0
13080010,Pluviométrica,Convencional,Córdoba,San Pelayo,8.9359,-75.9533,50,9/15/1965,,Caribe,Caribe,Sinú,Bajo Sinú,8.86909103393555,9.70909118652344,15,15,0.561594188213348,0.789855062961578,1,1,1.11000001430511,2017,03,13,0,0,0,0,2.41763234138489,2017-03-01,0,1.60730361938477,0
13080010,Pluviométrica,Convencional,Córdoba,San Pelayo,8.9359,-75.9533,50,9/15/1965,,Caribe,Caribe,Sinú,Bajo Sinú,8.86909103393555,9.70909118652344,15,15,0.561594188213348,0.789855062961578,1,1,1.11000001430511,2017,03,14,0,0,0,0,5.82093620300293,2017-03-01,16.4509944915772,2.87255620956421,10.3031492233276
13080010,Pluviométrica,Convencional,Córdoba,San Pelayo,8.9359,-75.9533,50,9/15/1965,,Caribe,Caribe,Sinú,Bajo Sinú,8.86909103393555,9.70909118652344,15,15,0.561594188213348,0.789855062961578,1,1,1.11000001430511,2017,03,15,11,11,12.2100001573563,0,5.21471118927002,2017-03-01,36.6218490600586,2.89128041267395,24.8633880615234
13080010,Pluviométrica,Convencional,Córdoba,San Pelayo,8.9359,-75.9533,50,9/15/1965,,Caribe,Caribe,Sinú,Bajo Sinú,8.86909103393555,9.70909118652344,15,15,0.561594188213348,0.789855062961578,1,1,1.11000001430511,2017,03,16,0,0,0,0,0.64622437953949,2017-03-01,0,0.559752881526947,0
13080010,Pluviométrica,Convencional,Córdoba,San Pelayo,8.9359,-75.9533,50,9/15/1965,,Caribe,Caribe,Sinú,Bajo Sinú,8.86909103393555,9.70909118652344,15,15,0.561594188213348,0.789855062961578,1,1,1.11000001430511,2017,03,17,12,12,13.3200001716614,0,6.08083820343018,2017-03-01,24.03147315979,4.20818901062012,21.0117015838623
13080010,Pluviométrica,Convencional,Córdoba,San Pelayo,8.9359,-75.9533,50,9/15/1965,,Caribe,Caribe,Sinú,Bajo Sinú,8.86909103393555,9.70909118652344,15,15,0.561594188213348,0.789855062961578,1,1,1.11000001430511,2017,03,18,11,11,12.2100001573563,0,7.1980562210083,2017-03-01,10.3661594390869,8.0907039642334,15.9674978256226
13080010,Pluviométrica,Convencional,Córdoba,San Pelayo,8.9359,-75.9533,50,9/15/1965,,Caribe,Caribe,Sinú,Bajo Sinú,8.86909103393555,9.70909118652344,15,15,0.561594188213348,0.789855062961578,1,1,1.07000005245209,2017,04,19,0,0,0,0,3.00010991096497,2017-04-01,1.35969352722168,2.58088564872742,1.6578654050827
13080010,Pluviométrica,Convencional,Córdoba,San Pelayo,8.9359,-75.9533,50,9/15/1965,,Caribe,Caribe,Sinú,Bajo Sinú,8.86909103393555,9.70909118652344,15,15,0.561594188213348,0.789855062961578,1,1,1.07000005245209,2017,04,20,0,0,0,0,7.0120267868042,2017-04-01,9.49801540374756,10.7869625091553,23.9092979431152
13080010,Pluviométrica,Convencional,Córdoba,San Pelayo,8.9359,-75.9533,50,9/15/1965,,Caribe,Caribe,Sinú,Bajo Sinú,8.86909103393555,9.70909118652344,15,15,0.561594188213348,0.789855062961578,1,1,1.07000005245209,2017,04,21,50,50,53.5000026226044,0,4.26922750473022,2017-04-01,2.8829026222229,3.5153489112854,10.3368768692017
13080010,Pluviométrica,Convencional,Córdoba,San Pelayo,8.9359,-75.9533,50,9/15/1965,,Caribe,Caribe,Sinú,Bajo Sinú,8.86909103393555,9.70909118652344,15,15,0.561594188213348,0.789855062961578,1,1,1.07000005245209,2017,04,22,28,28,29.9600014686585,0,19.8444137573242,2017-04-01,40.3947677612305,27.4331512451172,49.0449180603027
13080010,Pluviométrica,Convencional,Córdoba,San Pelayo,8.9359,-75.9533,50,9/15/1965,,Caribe,Caribe,Sinú,Bajo Sinú,8.86909103393555,9.70909118652344,15,15,0.561594188213348,0.789855062961578,1,1,1.07000005245209,2017,04,23,0,0,0,0,3.97549796104431,2017-04-01,5.02230024337769,12.0537128448486,14.4091777801514
13080010,Pluviométrica,Convencional,Córdoba,San Pelayo,8.9359,-75.9533,50,9/15/1965,,Caribe,Caribe,Sinú,Bajo Sinú,8.86909103393555,9.70909118652344,15,15,0.561594188213348,0.789855062961578,1,1,1.07000005245209,2017,04,24,59,59,63.1300030946732,0,12.9516172409058,2017-04-01,20.1442432403564,28.5530300140381,27.3031711578369
13080010,Pluviométrica,Convencional,Córdoba,San Pelayo,8.9359,-75.9533,50,9/15/1965,,Caribe,Caribe,Sinú,Bajo Sinú,8.86909103393555,9.70909118652344,15,15,0.561594188213348,0.789855062961578,1,1,1.04999995231628,2017,05,25,0,0,0,0,7.06495141983032,2017-05-01,7.35370302200317,12.6831731796265,13.5866956710815
13080010,Pluviométrica,Convencional,Córdoba,San Pelayo,8.9359,-75.9533,50,9/15/1965,,Caribe,Caribe,Sinú,Bajo Sinú,8.86909103393555,9.70909118652344,15,15,0.561594188213348,0.789855062961578,1,1,1.04999995231628,2017,05,26,12,12,12.5999994277954,0,12.1259088516235,2017-05-01,26.4157905578613,22.6343288421631,18.8462352752686
13080010,Pluviométrica,Convencional,Córdoba,San Pelayo,8.9359,-75.9533,50,9/15/1965,,Caribe,Caribe,Sinú,Bajo Sinú,8.86909103393555,9.70909118652344,15,15,0.561594188213348,0.789855062961578,1,1,1.04999995231628,2017,05,27,0,0,0,0,12.5992202758789,2017-05-01,25.5145683288574,7.29673385620117,13.677529335022
13080010,Pluviométrica,Convencional,Córdoba,San Pelayo,8.9359,-75.9533,50,9/15/1965,,Caribe,Caribe,Sinú,Bajo Sinú,8.86909103393555,9.70909118652344,15,15,0.561594188213348,0.789855062961578,1,1,1.04999995231628,2017,05,28,0,0,0,0,18.1958637237549,2017-05-01,41.2476272583008,52.9374237060547,46.2774124145508
13080010,Pluviométrica,Convencional,Córdoba,San Pelayo,8.9359,-75.9533,50,9/15/1965,,Caribe,Caribe,Sinú,Bajo Sinú,8.86909103393555,9.70909118652344,15,15,0.561594188213348,0.789855062961578,1,1,1.04999995231628,2017,05,29,45,45,47.2499978542328,0,6.87043809890747,2017-05-01,9.16842079162598,4.40498304367065,17.6725215911865
13080010,Pluviométrica,Convencional,Córdoba,San Pelayo,8.9359,-75.9533,50,9/15/1965,,Caribe,Caribe,Sinú,Bajo Sinú,8.86909103393555,9.70909118652344,15,15,0.561594188213348,0.789855062961578,1,1,1.04999995231628,2017,05,30,134,134,140.699993610382,0,34.7593460083008,2017-05-01,53.0455780029297,29.6366004943848,89.3669891357422
13080010,Pluviométrica,Convencional,Córdoba,San Pelayo,8.9359,-75.9533,50,9/15/1965,,Caribe,Caribe,Sinú,Bajo Sinú,8.86909103393555,9.70909118652344,15,15,0.561594188213348,0.789855062961578,1,1,1.05999994277954,2017,06,31,50,50,52.9999971389771,0,16.7207183837891,2017-06-01,21.1246166229248,15.9712266921997,28.0907287597656
13080010,Pluviométrica,Convencional,Córdoba,San Pelayo,8.9359,-75.9533,50,9/15/1965,,Caribe,Caribe,Sinú,Bajo Sinú,8.86909103393555,9.70909118652344,15,15,0.561594188213348,0.789855062961578,1,1,1.05999994277954,2017,06,32,0,0,0,0,26.9399814605713,2017-06-01,30.5764122009277,12.8955535888672,17.6620407104492
13080010,Pluviométrica,Convencional,Córdoba,San Pelayo,8.9359,-75.9533,50,9/15/1965,,Caribe,Caribe,Sinú,Bajo Sinú,8.86909103393555,9.70909118652344,15,15,0.561594188213348,0.789855062961578,1,1,1.05999994277954,2017,06,33,12,12,12.7199993133545,0,33.6273651123047,2017-06-01,34.2576446533203,35.0976982116699,27.3349113464356
13080010,Pluviométrica,Convencional,Córdoba,San Pelayo,8.9359,-75.9533,50,9/15/1965,,Caribe,Caribe,Sinú,Bajo Sinú,8.86909103393555,9.70909118652344,15,15,0.561594188213348,0.789855062961578,1,1,1.05999994277954,2017,06,34,0,0,0,0,14.8481588363647,2017-06-01,12.4683609008789,12.0657405853272,12.9122734069824
13080010,Pluviométrica,Convencional,Córdoba,San Pelayo,8.9359,-75.9533,50,9/15/1965,,Caribe,Caribe,Sinú,Bajo Sinú,8.86909103393555,9.70909118652344,15,15,0.561594188213348,0.789855062961578,1,1,1.05999994277954,2017,06,35,71,71,75.2599959373474,0,41.6693267822266,2017-06-01,50.5404930114746,31.332540512085,45.4209403991699
13080010,Pluviométrica,Convencional,Córdoba,San Pelayo,8.9359,-75.9533,50,9/15/1965,,Caribe,Caribe,Sinú,Bajo Sinú,8.86909103393555,9.70909118652344,15,15,0.561594188213348,0.789855062961578,1,1,1.05999994277954,2017,06,36,78,78,82.6799955368042,0,29.6172485351563,2017-06-01,38.9641571044922,31.4211540222168,37.023193359375
13080010,Pluviométrica,Convencional,Córdoba,San Pelayo,8.9359,-75.9533,50,9/15/1965,,Caribe,Caribe,Sinú,Bajo Sinú,8.86909103393555,9.70909118652344,15,15,0.561594188213348,0.789855062961578,1,1,1.05999994277954,2017,07,37,74,74,78.439995765686,0,10.2126321792603,2017-07-01,14.2947483062744,17.6988849639893,36.0872650146484
13080010,Pluviométrica,Convencional,Córdoba,San Pelayo,8.9359,-75.9533,50,9/15/1965,,Caribe,Caribe,Sinú,Bajo Sinú,8.86909103393555,9.70909118652344,15,15,0.561594188213348,0.789855062961578,1,1,1.05999994277954,2017,07,38,11,11,11.659999370575,0,17.109375,2017-07-01,35.2972679138184,43.0199356079102,27.4127807617188
13080010,Pluviométrica,Convencional,Córdoba,San Pelayo,8.9359,-75.9533,50,9/15/1965,,Caribe,Caribe,Sinú,Bajo Sinú,8.86909103393555,9.70909118652344,15,15,0.561594188213348,0.789855062961578,1,1,1.05999994277954,2017,07,39,0,0,0,0,28.0591697692871,2017-07-01,65.7987213134766,48.9350509643555,59.6162490844727
13080010,Pluviométrica,Convencional,Córdoba,San Pelayo,8.9359,-75.9533,50,9/15/1965,,Caribe,Caribe,Sinú,Bajo Sinú,8.86909103393555,9.70909118652344,15,15,0.561594188213348,0.789855062961578,1,1,1.05999994277954,2017,07,40,22,22,23.3199987411499,0,14.1384696960449,2017-07-01,29.9720859527588,12.3058490753174,46.6932525634766
13080010,Pluviométrica,Convencional,Córdoba,San Pelayo,8.9359,-75.9533,50,9/15/1965,,Caribe,Caribe,Sinú,Bajo Sinú,8.86909103393555,9.70909118652344,15,15,0.561594188213348,0.789855062961578,1,1,1.05999994277954,2017,07,41,66,66,69.9599962234497,0,16.1379432678223,2017-07-01,30.8662605285645,40.061824798584,74.8131332397461
13080010,Pluviométrica,Convencional,Córdoba,San Pelayo,8.9359,-75.9533,50,9/15/1965,,Caribe,Caribe,Sinú,Bajo Sinú,8.86909103393555,9.70909118652344,15,15,0.561594188213348,0.789855062961578,1,1,1.05999994277954,2017,07,42,0,0,0,0,44.4078712463379,2017-07-01,82.0002365112305,54.0636863708496,49.7509651184082
13080010,Pluviométrica,Convencional,Córdoba,San Pelayo,8.9359,-75.9533,50,9/15/1965,,Caribe,Caribe,Sinú,Bajo Sinú,8.86909103393555,9.70909118652344,15,15,0.561594188213348,0.789855062961578,1,1,1.04999995231628,2017,08,43,12,12,12.5999994277954,0,21.8803329467773,2017-08-01,30.9494876861572,7.74203586578369,20.1965732574463
13080010,Pluviométrica,Convencional,Córdoba,San Pelayo,8.9359,-75.9533,50,9/15/1965,,Caribe,Caribe,Sinú,Bajo Sinú,8.86909103393555,9.70909118652344,15,15,0.561594188213348,0.789855062961578,1,1,1.04999995231628,2017,08,44,0,0,0,0,18.9887351989746,2017-08-01,23.894416809082,6.55700874328613,25.0993995666504
13080010,Pluviométrica,Convencional,Córdoba,San Pelayo,8.9359,-75.9533,50,9/15/1965,,Caribe,Caribe,Sinú,Bajo Sinú,8.86909103393555,9.70909118652344,15,15,0.561594188213348,0.789855062961578,1,1,1.04999995231628,2017,08,45,52,52,54.5999975204468,0,18.3288288116455,2017-08-01,23.3327026367188,23.3011512756348,28.8579177856445
13080010,Pluviométrica,Convencional,Córdoba,San Pelayo,8.9359,-75.9533,50,9/15/1965,,Caribe,Caribe,Sinú,Bajo Sinú,8.86909103393555,9.70909118652344,15,15,0.561594188213348,0.789855062961578,1,1,1.04999995231628,2017,08,46,35,35,36.7499983310699,0,37.3694038391113,2017-08-01,46.9187202453613,38.7077407836914,32.8995513916016
13080010,Pluviométrica,Convencional,Córdoba,San Pelayo,8.9359,-75.9533,50,9/15/1965,,Caribe,Caribe,Sinú,Bajo Sinú,8.86909103393555,9.70909118652344,15,15,0.561594188213348,0.789855062961578,1,1,1.04999995231628,2017,08,47,29,29,30.4499986171722,0,32.0446968078613,2017-08-01,45.1104583740234,20.1886978149414,47.4292030334473
13080010,Pluviométrica,Convencional,Córdoba,San Pelayo,8.9359,-75.9533,50,9/15/1965,,Caribe,Caribe,Sinú,Bajo Sinú,8.86909103393555,9.70909118652344,15,15,0.561594188213348,0.789855062961578,1,1,1.04999995231628,2017,08,48,110,110,115.499994754791,0,39.0320129394531,2017-08-01,50.5932731628418,54.8535385131836,68.40869140625
13080010,Pluviométrica,Convencional,Córdoba,San Pelayo,8.9359,-75.9533,50,9/15/1965,,Caribe,Caribe,Sinú,Bajo Sinú,8.86909103393555,9.70909118652344,15,15,0.561594188213348,0.789855062961578,1,1,1.04999995231628,2017,09,49,14,14,14.699999332428,0,14.7740964889526,2017-09-01,19.6178741455078,5.14557504653931,20.3792114257813
13080010,Pluviométrica,Convencional,Córdoba,San Pelayo,8.9359,-75.9533,50,9/15/1965,,Caribe,Caribe,Sinú,Bajo Sinú,8.86909103393555,9.70909118652344,15,15,0.561594188213348,0.789855062961578,1,1,1.04999995231628,2017,09,50,61,61,64.0499970912933,0,28.1858081817627,2017-09-01,46.0849571228027,26.8599338531494,56.7004585266113
13080010,Pluviométrica,Convencional,Córdoba,San Pelayo,8.9359,-75.9533,50,9/15/1965,,Caribe,Caribe,Sinú,Bajo Sinú,8.86909103393555,9.70909118652344,15,15,0.561594188213348,0.789855062961578,1,1,1.04999995231628,2017,09,51,0,0,0,0,25.2760353088379,2017-09-01,38.0924911499023,38.1512336730957,44.5574264526367
13080010,Pluviométrica,Convencional,Córdoba,San Pelayo,8.9359,-75.9533,50,9/15/1965,,Caribe,Caribe,Sinú,Bajo Sinú,8.86909103393555,9.70909118652344,15,15,0.561594188213348,0.789855062961578,1,1,1.04999995231628,2017,09,52,34,34,35.6999983787537,0,23.4472846984863,2017-09-01,34.4742279052734,15.6026515960693,29.7890605926514
13080010,Pluviométrica,Convencional,Córdoba,San Pelayo,8.9359,-75.9533,50,9/15/1965,,Caribe,Caribe,Sinú,Bajo Sinú,8.86909103393555,9.70909118652344,15,15,0.561594188213348,0.789855062961578,1,1,1.04999995231628,2017,09,53,0,0,0,0,32.1066513061523,2017-09-01,49.9573860168457,63.6758689880371,53.4116401672363
13080010,Pluviométrica,Convencional,Córdoba,San Pelayo,8.9359,-75.9533,50,9/15/1965,,Caribe,Caribe,Sinú,Bajo Sinú,8.86909103393555,9.70909118652344,15,15,0.561594188213348,0.789855062961578,1,1,1.04999995231628,2017,09,54,56,56,58.7999973297119,0,20.4919891357422,2017-09-01,26.6936321258545,7.48247385025024,36.0967750549316
13080010,Pluviométrica,Convencional,Córdoba,San Pelayo,8.9359,-75.9533,50,9/15/1965,,Caribe,Caribe,Sinú,Bajo Sinú,8.86909103393555,9.70909118652344,15,15,0.561594188213348,0.789855062961578,1,1,1.05999994277954,2017,10,55,0,0,0,0,28.1152515411377,2017-10-01,36.5114364624023,18.9945201873779,22.1532363891602
13080010,Pluviométrica,Convencional,Córdoba,San Pelayo,8.9359,-75.9533,50,9/15/1965,,Caribe,Caribe,Sinú,Bajo Sinú,8.86909103393555,9.70909118652344,15,15,0.561594188213348,0.789855062961578,1,1,1.05999994277954,2017,10,56,42,42,44.5199975967407,0,14.5285844802856,2017-10-01,12.4442958831787,14.0935640335083,14.9398555755615
13080010,Pluviométrica,Convencional,Córdoba,San Pelayo,8.9359,-75.9533,50,9/15/1965,,Caribe,Caribe,Sinú,Bajo Sinú,8.86909103393555,9.70909118652344,15,15,0.561594188213348,0.789855062961578,1,1,1.05999994277954,2017,10,57,0,0,0,0,30.2856616973877,2017-10-01,31.1900577545166,21.2558135986328,14.6455821990967
13080010,Pluviométrica,Convencional,Córdoba,San Pelayo,8.9359,-75.9533,50,9/15/1965,,Caribe,Caribe,Sinú,Bajo Sinú,8.86909103393555,9.70909118652344,15,15,0.561594188213348,0.789855062961578,1,1,1.05999994277954,2017,10,58,40,40,42.3999977111816,0,28.3741073608398,2017-10-01,28.0984306335449,19.1279048919678,19.8691101074219
13080010,Pluviométrica,Convencional,Córdoba,San Pelayo,8.9359,-75.9533,50,9/15/1965,,Caribe,Caribe,Sinú,Bajo Sinú,8.86909103393555,9.70909118652344,15,15,0.561594188213348,0.789855062961578,1,1,1.05999994277954,2017,10,59,25,25,26.4999985694885,0,74.3697128295899,2017-10-01,85.1488342285156,61.7274475097656,49.3667335510254
13080010,Pluviométrica,Convencional,Córdoba,San Pelayo,8.9359,-75.9533,50,9/15/1965,,Caribe,Caribe,Sinú,Bajo Sinú,8.86909103393555,9.70909118652344,15,15,0.561594188213348,0.789855062961578,1,1,1.05999994277954,2017,10,60,26,26,27.5599985122681,0,26.8144931793213,2017-10-01,24.1045875549316,37.8458366394043,25.5474452972412
13080010,Pluviométrica,Convencional,Córdoba,San Pelayo,8.9359,-75.9533,50,9/15/1965,,Caribe,Caribe,Sinú,Bajo Sinú,8.86909103393555,9.70909118652344,15,15,0.561594188213348,0.789855062961578,1,1,1.07000005245209,2017,11,61,18,18,19.2600009441376,0,1.13025641441345,2017-11-01,0,1.17849612236023,0
13080010,Pluviométrica,Convencional,Córdoba,San Pelayo,8.9359,-75.9533,50,9/15/1965,,Caribe,Caribe,Sinú,Bajo Sinú,8.86909103393555,9.70909118652344,15,15,0.561594188213348,0.789855062961578,1,1,1.07000005245209,2017,11,62,14,14,14.9800007343292,0,18.2118949890137,2017-11-01,25.5876903533936,21.4713382720947,33.7742919921875
13080010,Pluviométrica,Convencional,Córdoba,San Pelayo,8.9359,-75.9533,50,9/15/1965,,Caribe,Caribe,Sinú,Bajo Sinú,8.86909103393555,9.70909118652344,15,15,0.561594188213348,0.789855062961578,1,1,1.07000005245209,2017,11,63,31,31,33.1700016260147,0,17.957088470459,2017-11-01,26.47336769104,9.22301197052002,20.1544361114502
13080010,Pluviométrica,Convencional,Córdoba,San Pelayo,8.9359,-75.9533,50,9/15/1965,,Caribe,Caribe,Sinú,Bajo Sinú,8.86909103393555,9.70909118652344,15,15,0.561594188213348,0.789855062961578,1,1,1.07000005245209,2017,11,64,40,40,42.8000020980835,0,11.2162809371948,2017-11-01,12.1919889450073,24.0943565368652,29.8035469055176
13080010,Pluviométrica,Convencional,Córdoba,San Pelayo,8.9359,-75.9533,50,9/15/1965,,Caribe,Caribe,Sinú,Bajo Sinú,8.86909103393555,9.70909118652344,15,15,0.561594188213348,0.789855062961578,1,1,1.07000005245209,2017,11,65,21,21,22.4700011014938,0,2.78839659690857,2017-11-01,0,2.95162034034729,0
13080010,Pluviométrica,Convencional,Córdoba,San Pelayo,8.9359,-75.9533,50,9/15/1965,,Caribe,Caribe,Sinú,Bajo Sinú,8.86909103393555,9.70909118652344,15,15,0.561594188213348,0.789855062961578,1,1,1.07000005245209,2017,11,66,81,81,86.6700042486191,0,8.76165294647217,2017-11-01,11.5235748291016,5.27336883544922,22.1688747406006
13080010,Pluviométrica,Convencional,Córdoba,San Pelayo,8.9359,-75.9533,50,9/15/1965,,Caribe,Caribe,Sinú,Bajo Sinú,8.86909103393555,9.70909118652344,15,15,0.561594188213348,0.789855062961578,1,1,1.08000004291534,2017,12,67,0,0,0,0,19.5432777404785,2017-12-01,28.6687145233154,14.1053667068481,16.9459991455078
13080010,Pluviométrica,Convencional,Córdoba,San Pelayo,8.9359,-75.9533,50,9/15/1965,,Caribe,Caribe,Sinú,Bajo Sinú,8.86909103393555,9.70909118652344,15,15,0.561594188213348,0.789855062961578,1,1,1.08000004291534,2017,12,68,27,27,29.1600011587143,0,1.93824183940887,2017-12-01,0,1.36237704753876,0
13080010,Pluviométrica,Convencional,Córdoba,San Pelayo,8.9359,-75.9533,50,9/15/1965,,Caribe,Caribe,Sinú,Bajo Sinú,8.86909103393555,9.70909118652344,15,15,0.561594188213348,0.789855062961578,1,1,1.08000004291534,2017,12,69,0,0,0,0,2.8821439743042,2017-12-01,0.338168174028397,5.38687801361084,0.775467216968536
13080010,Pluviométrica,Convencional,Córdoba,San Pelayo,8.9359,-75.9533,50,9/15/1965,,Caribe,Caribe,Sinú,Bajo Sinú,8.86909103393555,9.70909118652344,15,15,0.561594188213348,0.789855062961578,1,1,1.08000004291534,2017,12,70,30,30,32.4000012874603,0,1.5132087469101,2017-12-01,0,1.50769972801209,0
13080010,Pluviométrica,Convencional,Córdoba,San Pelayo,8.9359,-75.9533,50,9/15/1965,,Caribe,Caribe,Sinú,Bajo Sinú,8.86909103393555,9.70909118652344,15,15,0.561594188213348,0.789855062961578,1,1,1.08000004291534,2017,12,71,16,16,17.2800006866455,0,3.8159716129303,2017-12-01,3.06311225891113,2.0966317653656,7.59199571609497
13080010,Pluviométrica,Convencional,Córdoba,San Pelayo,8.9359,-75.9533,50,9/15/1965,,Caribe,Caribe,Sinú,Bajo Sinú,8.86909103393555,9.70909118652344,15,15,0.561594188213348,0.789855062961578,1,1,1.08000004291534,2017,12,72,32,32,34.560001373291,0,12.5468845367432,2017-12-01,11.8033819198608,9.78605651855469,24.7745571136475
13080010,Pluviométrica,Convencional,Córdoba,San Pelayo,8.9359,-75.9533,50,9/15/1965,,Caribe,Caribe,Sinú,Bajo Sinú,8.86909103393555,9.70909118652344,15,15,0.561594188213348,0.789855062961578,1,1,1.10000002384186,2018,01,1,41,41,45.1000009775162,0,13.0191373825073,2018-01-01,25.2448425292969,19.6582660675049,22.5514030456543
13080010,Pluviométrica,Convencional,Córdoba,San Pelayo,8.9359,-75.9533,50,9/15/1965,,Caribe,Caribe,Sinú,Bajo Sinú,8.86909103393555,9.70909118652344,15,15,0.561594188213348,0.789855062961578,1,1,1.10000002384186,2018,01,2,0,0,0,0,4.96164989471436,2018-01-01,5.23608350753784,4.07513523101807,8.38808441162109
13080010,Pluviométrica,Convencional,Córdoba,San Pelayo,8.9359,-75.9533,50,9/15/1965,,Caribe,Caribe,Sinú,Bajo Sinú,8.86909103393555,9.70909118652344,15,15,0.561594188213348,0.789855062961578,1,1,1.10000002384186,2018,01,3,33,33,36.3000007867813,0,8.66905403137207,2018-01-01,45.5234413146973,10.5893611907959,25.8851337432861
13080010,Pluviométrica,Convencional,Córdoba,San Pelayo,8.9359,-75.9533,50,9/15/1965,,Caribe,Caribe,Sinú,Bajo Sinú,8.86909103393555,9.70909118652344,15,15,0.561594188213348,0.789855062961578,1,1,1.10000002384186,2018,01,4,17,17,18.7000004053116,0,8.2797269821167,2018-01-01,16.5176391601563,4.26784420013428,17.9435024261475
13080010,Pluviométrica,Convencional,Córdoba,San Pelayo,8.9359,-75.9533,50,9/15/1965,,Caribe,Caribe,Sinú,Bajo Sinú,8.86909103393555,9.70909118652344,15,15,0.561594188213348,0.789855062961578,1,1,1.10000002384186,2018,01,5,0,0,0,0,5.72391176223755,2018-01-01,4.7271032333374,2.17844939231873,3.02171730995178
13080010,Pluviométrica,Convencional,Córdoba,San Pelayo,8.9359,-75.9533,50,9/15/1965,,Caribe,Caribe,Sinú,Bajo Sinú,8.86909103393555,9.70909118652344,15,15,0.561594188213348,0.789855062961578,1,1,1.10000002384186,2018,01,6,57,57,62.7000013589859,0,1.58560132980347,2018-01-01,0.156015813350678,0.825251698493958,0.263130605220795
13080010,Pluviométrica,Convencional,Córdoba,San Pelayo,8.9359,-75.9533,50,9/15/1965,,Caribe,Caribe,Sinú,Bajo Sinú,8.86909103393555,9.70909118652344,15,15,0.561594188213348,0.789855062961578,1,1,1.12000000476837,2018,02,7,0,0,0,0,3.09490013122559,2018-02-01,1.17031812667847,1.60778784751892,0.928887724876404
13080010,Pluviométrica,Convencional,Córdoba,San Pelayo,8.9359,-75.9533,50,9/15/1965,,Caribe,Caribe,Sinú,Bajo Sinú,8.86909103393555,9.70909118652344,15,15,0.561594188213348,0.789855062961578,1,1,1.12000000476837,2018,02,8,0,0,0,0,3.14761328697205,2018-02-01,1.77876543998718,1.65504050254822,1.29815745353699
13080010,Pluviométrica,Convencional,Córdoba,San Pelayo,8.9359,-75.9533,50,9/15/1965,,Caribe,Caribe,Sinú,Bajo Sinú,8.86909103393555,9.70909118652344,15,15,0.561594188213348,0.789855062961578,1,1,1.12000000476837,2018,02,9,0,0,0,0,3.0855348110199,2018-02-01,1.78268098831177,1.62164294719696,1.35891091823578
13080010,Pluviométrica,Convencional,Córdoba,San Pelayo,8.9359,-75.9533,50,9/15/1965,,Caribe,Caribe,Sinú,Bajo Sinú,8.86909103393555,9.70909118652344,15,15,0.561594188213348,0.789855062961578,1,1,1.12000000476837,2018,02,10,0,0,0,0,2.85684847831726,2018-02-01,1.43506395816803,1.53414142131805,1.15358638763428
13080010,Pluviométrica,Convencional,Córdoba,San Pelayo,8.9359,-75.9533,50,9/15/1965,,Caribe,Caribe,Sinú,Bajo Sinú,8.86909103393555,9.70909118652344,15,15,0.561594188213348,0.789855062961578,1,1,1.12000000476837,2018,02,11,0,0,0,0,2.57713532447815,2018-02-01,0,1.38560366630554,0
13080010,Pluviométrica,Convencional,Córdoba,San Pelayo,8.9359,-75.9533,50,9/15/1965,,Caribe,Caribe,Sinú,Bajo Sinú,8.86909103393555,9.70909118652344,15,15,0.561594188213348,0.789855062961578,1,1,1.12000000476837,2018,02,12,0,0,0,0,0.819596409797669,2018-02-01,0,0.574548780918121,0
13080010,Pluviométrica,Convencional,Córdoba,San Pelayo,8.9359,-75.9533,50,9/15/1965,,Caribe,Caribe,Sinú,Bajo Sinú,8.86909103393555,9.70909118652344,15,15,0.561594188213348,0.789855062961578,1,1,1.11000001430511,2018,03,13,0,0,0,0,1.15114951133728,2018-03-01,0,1.10733509063721,0
13080010,Pluviométrica,Convencional,Córdoba,San Pelayo,8.9359,-75.9533,50,9/15/1965,,Caribe,Caribe,Sinú,Bajo Sinú,8.86909103393555,9.70909118652344,15,15,0.561594188213348,0.789855062961578,1,1,1.11000001430511,2018,03,14,0,0,0,0,1.45893204212189,2018-03-01,0,1.10119688510895,0
13080010,Pluviométrica,Convencional,Córdoba,San Pelayo,8.9359,-75.9533,50,9/15/1965,,Caribe,Caribe,Sinú,Bajo Sinú,8.86909103393555,9.70909118652344,15,15,0.561594188213348,0.789855062961578,1,1,1.11000001430511,2018,03,15,0,0,0,0,0.593546807765961,2018-03-01,0,0.603322386741638,0
13080010,Pluviométrica,Convencional,Córdoba,San Pelayo,8.9359,-75.9533,50,9/15/1965,,Caribe,Caribe,Sinú,Bajo Sinú,8.86909103393555,9.70909118652344,15,15,0.561594188213348,0.789855062961578,1,1,1.11000001430511,2018,03,16,0,0,0,0,1.34322738647461,2018-03-01,0,1.31437456607819,0
13080010,Pluviométrica,Convencional,Córdoba,San Pelayo,8.9359,-75.9533,50,9/15/1965,,Caribe,Caribe,Sinú,Bajo Sinú,8.86909103393555,9.70909118652344,15,15,0.561594188213348,0.789855062961578,1,1,1.11000001430511,2018,03,17,0,0,0,0,1.88540410995483,2018-03-01,2.28141379356384,3.34749412536621,4.7711763381958
13080010,Pluviométrica,Convencional,Córdoba,San Pelayo,8.9359,-75.9533,50,9/15/1965,,Caribe,Caribe,Sinú,Bajo Sinú,8.86909103393555,9.70909118652344,15,15,0.561594188213348,0.789855062961578,1,1,1.11000001430511,2018,03,18,0,0,0,0,1.18366670608521,2018-03-01,0,2.75030446052551,0
13080010,Pluviométrica,Convencional,Córdoba,San Pelayo,8.9359,-75.9533,50,9/15/1965,,Caribe,Caribe,Sinú,Bajo Sinú,8.86909103393555,9.70909118652344,15,15,0.561594188213348,0.789855062961578,1,1,1.07000005245209,2018,04,19,0,0,0,0,1.76800727844238,2018-04-01,0,2.44785666465759,0
13080010,Pluviométrica,Convencional,Córdoba,San Pelayo,8.9359,-75.9533,50,9/15/1965,,Caribe,Caribe,Sinú,Bajo Sinú,8.86909103393555,9.70909118652344,15,15,0.561594188213348,0.789855062961578,1,1,1.07000005245209,2018,04,20,0,0,0,0,9.06777000427246,2018-04-01,12.0922012329102,8.62642002105713,11.3170394897461
13080010,Pluviométrica,Convencional,Córdoba,San Pelayo,8.9359,-75.9533,50,9/15/1965,,Caribe,Caribe,Sinú,Bajo Sinú,8.86909103393555,9.70909118652344,15,15,0.561594188213348,0.789855062961578,1,1,1.07000005245209,2018,04,21,12,12,12.840000629425,0,13.3624801635742,2018-04-01,20.7273063659668,12.7679719924927,17.4832096099854
13080010,Pluviométrica,Convencional,Córdoba,San Pelayo,8.9359,-75.9533,50,9/15/1965,,Caribe,Caribe,Sinú,Bajo Sinú,8.86909103393555,9.70909118652344,15,15,0.561594188213348,0.789855062961578,1,1,1.07000005245209,2018,04,22,10,10,10.7000005245209,0,8.02528953552246,2018-04-01,12.359902381897,12.2348613739014,13.9390106201172
13080010,Pluviométrica,Convencional,Córdoba,San Pelayo,8.9359,-75.9533,50,9/15/1965,,Caribe,Caribe,Sinú,Bajo Sinú,8.86909103393555,9.70909118652344,15,15,0.561594188213348,0.789855062961578,1,1,1.07000005245209,2018,04,23,0,0,0,0,22.9250392913818,2018-04-01,47.2536697387695,19.8850841522217,27.5959014892578
13080010,Pluviométrica,Convencional,Córdoba,San Pelayo,8.9359,-75.9533,50,9/15/1965,,Caribe,Caribe,Sinú,Bajo Sinú,8.86909103393555,9.70909118652344,15,15,0.561594188213348,0.789855062961578,1,1,1.07000005245209,2018,04,24,0,0,0,0,22.8470706939697,2018-04-01,43.8706169128418,61.5703010559082,30.1432132720947
13080010,Pluviométrica,Convencional,Córdoba,San Pelayo,8.9359,-75.9533,50,9/15/1965,,Caribe,Caribe,Sinú,Bajo Sinú,8.86909103393555,9.70909118652344,15,15,0.561594188213348,0.789855062961578,1,1,1.04999995231628,2018,05,25,45,45,47.2499978542328,0,21.2517719268799,2018-05-01,49.4190673828125,30.9474105834961,65.8169708251953
13080010,Pluviométrica,Convencional,Córdoba,San Pelayo,8.9359,-75.9533,50,9/15/1965,,Caribe,Caribe,Sinú,Bajo Sinú,8.86909103393555,9.70909118652344,15,15,0.561594188213348,0.789855062961578,1,1,1.04999995231628,2018,05,26,0,0,0,0,15.2622537612915,2018-05-01,30.7258644104004,22.2253093719482,43.4181442260742
13080010,Pluviométrica,Convencional,Córdoba,San Pelayo,8.9359,-75.9533,50,9/15/1965,,Caribe,Caribe,Sinú,Bajo Sinú,8.86909103393555,9.70909118652344,15,15,0.561594188213348,0.789855062961578,1,1,1.04999995231628,2018,05,27,36,36,37.7999982833862,0,17.2323207855225,2018-05-01,38.8183364868164,25.0941753387451,32.3417015075684
13080010,Pluviométrica,Convencional,Córdoba,San Pelayo,8.9359,-75.9533,50,9/15/1965,,Caribe,Caribe,Sinú,Bajo Sinú,8.86909103393555,9.70909118652344,15,15,0.561594188213348,0.789855062961578,1,1,1.04999995231628,2018,05,28,26,26,27.2999987602234,0,9.69472503662109,2018-05-01,17.4019145965576,14.1177234649658,27.6628150939941
13080010,Pluviométrica,Convencional,Córdoba,San Pelayo,8.9359,-75.9533,50,9/15/1965,,Caribe,Caribe,Sinú,Bajo Sinú,8.86909103393555,9.70909118652344,15,15,0.561594188213348,0.789855062961578,1,1,1.04999995231628,2018,05,29,0,0,0,0,16.4536094665527,2018-05-01,32.492488861084,23.9601955413818,33.8040390014648
13080010,Pluviométrica,Convencional,Córdoba,San Pelayo,8.9359,-75.9533,50,9/15/1965,,Caribe,Caribe,Sinú,Bajo Sinú,8.86909103393555,9.70909118652344,15,15,0.561594188213348,0.789855062961578,1,1,1.04999995231628,2018,05,30,60,60,62.9999971389771,0,16.6108684539795,2018-05-01,19.2286186218262,24.1891994476318,30.220100402832
13080010,Pluviométrica,Convencional,Córdoba,San Pelayo,8.9359,-75.9533,50,9/15/1965,,Caribe,Caribe,Sinú,Bajo Sinú,8.86909103393555,9.70909118652344,15,15,0.561594188213348,0.789855062961578,1,1,1.05999994277954,2018,06,31,56,56,59.3599967956543,0,22.1877040863037,2018-06-01,26.9527454376221,18.2153396606445,26.2584457397461
13080010,Pluviométrica,Convencional,Córdoba,San Pelayo,8.9359,-75.9533,50,9/15/1965,,Caribe,Caribe,Sinú,Bajo Sinú,8.86909103393555,9.70909118652344,15,15,0.561594188213348,0.789855062961578,1,1,1.05999994277954,2018,06,32,0,0,0,0,33.0661315917969,2018-06-01,38.8183670043945,37.2373886108398,33.5606651306152
13080010,Pluviométrica,Convencional,Córdoba,San Pelayo,8.9359,-75.9533,50,9/15/1965,,Caribe,Caribe,Sinú,Bajo Sinú,8.86909103393555,9.70909118652344,15,15,0.561594188213348,0.789855062961578,1,1,1.05999994277954,2018,06,33,0,0,0,0,45.5919227600098,2018-06-01,49.910457611084,20.1406478881836,22.612491607666
13080010,Pluviométrica,Convencional,Córdoba,San Pelayo,8.9359,-75.9533,50,9/15/1965,,Caribe,Caribe,Sinú,Bajo Sinú,8.86909103393555,9.70909118652344,15,15,0.561594188213348,0.789855062961578,1,1,1.05999994277954,2018,06,34,77,77,81.6199955940247,0,18.9952030181885,2018-06-01,17.730770111084,13.136061668396,23.6892795562744
13080010,Pluviométrica,Convencional,Córdoba,San Pelayo,8.9359,-75.9533,50,9/15/1965,,Caribe,Caribe,Sinú,Bajo Sinú,8.86909103393555,9.70909118652344,15,15,0.561594188213348,0.789855062961578,1,1,1.05999994277954,2018,06,35,38,38,40.2799978256226,0,22.7851791381836,2018-06-01,24.7622528076172,38.8773498535156,39.7224349975586
13080010,Pluviométrica,Convencional,Córdoba,San Pelayo,8.9359,-75.9533,50,9/15/1965,,Caribe,Caribe,Sinú,Bajo Sinú,8.86909103393555,9.70909118652344,15,15,0.561594188213348,0.789855062961578,1,1,1.05999994277954,2018,06,36,0,0,0,0,18.9484062194824,2018-06-01,21.5994529724121,24.8573379516602,20.1579208374023
13080010,Pluviométrica,Convencional,Córdoba,San Pelayo,8.9359,-75.9533,50,9/15/1965,,Caribe,Caribe,Sinú,Bajo Sinú,8.86909103393555,9.70909118652344,15,15,0.561594188213348,0.789855062961578,1,1,1.05999994277954,2018,07,37,80,80,84.7999954223633,0,15.475076675415,2018-07-01,26.0578556060791,8.24811840057373,37.5984649658203
13080010,Pluviométrica,Convencional,Córdoba,San Pelayo,8.9359,-75.9533,50,9/15/1965,,Caribe,Caribe,Sinú,Bajo Sinú,8.86909103393555,9.70909118652344,15,15,0.561594188213348,0.789855062961578,1,1,1.05999994277954,2018,07,38,0,0,0,0,6.60274457931519,2018-07-01,10.4020805358887,8.89704704284668,10.6115913391113
13080010,Pluviométrica,Convencional,Córdoba,San Pelayo,8.9359,-75.9533,50,9/15/1965,,Caribe,Caribe,Sinú,Bajo Sinú,8.86909103393555,9.70909118652344,15,15,0.561594188213348,0.789855062961578,1,1,1.05999994277954,2018,07,39,0,0,0,0,13.4239263534546,2018-07-01,27.2508316040039,15.3561782836914,14.3348922729492
13080010,Pluviométrica,Convencional,Córdoba,San Pelayo,8.9359,-75.9533,50,9/15/1965,,Caribe,Caribe,Sinú,Bajo Sinú,8.86909103393555,9.70909118652344,15,15,0.561594188213348,0.789855062961578,1,1,1.05999994277954,2018,07,40,0,0,0,0,14.4450960159302,2018-07-01,26.8441829681397,17.0821208953857,28.3289203643799
13080010,Pluviométrica,Convencional,Córdoba,San Pelayo,8.9359,-75.9533,50,9/15/1965,,Caribe,Caribe,Sinú,Bajo Sinú,8.86909103393555,9.70909118652344,15,15,0.561594188213348,0.789855062961578,1,1,1.05999994277954,2018,07,41,0,0,0,0,17.7853908538818,2018-07-01,37.2587966918945,7.92908954620361,20.1709213256836
13080010,Pluviométrica,Convencional,Córdoba,San Pelayo,8.9359,-75.9533,50,9/15/1965,,Caribe,Caribe,Sinú,Bajo Sinú,8.86909103393555,9.70909118652344,15,15,0.561594188213348,0.789855062961578,1,1,1.05999994277954,2018,07,42,21,21,22.2599987983704,0,30.5044059753418,2018-07-01,56.8239135742188,29.2831287384033,28.9318256378174
13080010,Pluviométrica,Convencional,Córdoba,San Pelayo,8.9359,-75.9533,50,9/15/1965,,Caribe,Caribe,Sinú,Bajo Sinú,8.86909103393555,9.70909118652344,15,15,0.561594188213348,0.789855062961578,1,1,1.04999995231628,2018,08,43,24,24,25.1999988555908,0,24.3714752197266,2018-08-01,34.9901847839356,42.0671195983887,35.266170501709
13080010,Pluviométrica,Convencional,Córdoba,San Pelayo,8.9359,-75.9533,50,9/15/1965,,Caribe,Caribe,Sinú,Bajo Sinú,8.86909103393555,9.70909118652344,15,15,0.561594188213348,0.789855062961578,1,1,1.04999995231628,2018,08,44,12,12,12.5999994277954,0,20.6566638946533,2018-08-01,26.4080429077148,19.5854988098145,26.9669456481934
13080010,Pluviométrica,Convencional,Córdoba,San Pelayo,8.9359,-75.9533,50,9/15/1965,,Caribe,Caribe,Sinú,Bajo Sinú,8.86909103393555,9.70909118652344,15,15,0.561594188213348,0.789855062961578,1,1,1.04999995231628,2018,08,45,0,0,0,0,23.0532608032227,2018-08-01,29.8095188140869,10.4464740753174,21.4595985412598
13080010,Pluviométrica,Convencional,Córdoba,San Pelayo,8.9359,-75.9533,50,9/15/1965,,Caribe,Caribe,Sinú,Bajo Sinú,8.86909103393555,9.70909118652344,15,15,0.561594188213348,0.789855062961578,1,1,1.04999995231628,2018,08,46,20,20,20.9999990463257,0,17.5779819488525,2018-08-01,17.8073806762695,7.44941902160645,14.5203037261963
13080010,Pluviométrica,Convencional,Córdoba,San Pelayo,8.9359,-75.9533,50,9/15/1965,,Caribe,Caribe,Sinú,Bajo Sinú,8.86909103393555,9.70909118652344,15,15,0.561594188213348,0.789855062961578,1,1,1.04999995231628,2018,08,47,0,0,0,0,27.1083831787109,2018-08-01,38.7746696472168,23.068567276001,33.9171409606934
13080010,Pluviométrica,Convencional,Córdoba,San Pelayo,8.9359,-75.9533,50,9/15/1965,,Caribe,Caribe,Sinú,Bajo Sinú,8.86909103393555,9.70909118652344,15,15,0.561594188213348,0.789855062961578,1,1,1.04999995231628,2018,08,48,26,26,27.2999987602234,0,44.7812004089356,2018-08-01,57.9014015197754,11.1078491210937,26.4824352264404
13080010,Pluviométrica,Convencional,Córdoba,San Pelayo,8.9359,-75.9533,50,9/15/1965,,Caribe,Caribe,Sinú,Bajo Sinú,8.86909103393555,9.70909118652344,15,15,0.561594188213348,0.789855062961578,1,1,1.04999995231628,2018,09,49,0,0,0,0,33.0801315307617,2018-09-01,54.3512725830078,36.8869781494141,52.6883430480957
13080010,Pluviométrica,Convencional,Córdoba,San Pelayo,8.9359,-75.9533,50,9/15/1965,,Caribe,Caribe,Sinú,Bajo Sinú,8.86909103393555,9.70909118652344,15,15,0.561594188213348,0.789855062961578,1,1,1.04999995231628,2018,09,50,18,18,18.8999991416931,0,23.6424903869629,2018-09-01,38.2854728698731,18.8140964508057,36.4630928039551
13080010,Pluviométrica,Convencional,Córdoba,San Pelayo,8.9359,-75.9533,50,9/15/1965,,Caribe,Caribe,Sinú,Bajo Sinú,8.86909103393555,9.70909118652344,15,15,0.561594188213348,0.789855062961578,1,1,1.04999995231628,2018,09,51,0,0,0,0,16.2936267852783,2018-09-01,23.5621356964111,11.4191207885742,11.1600770950317
13080010,Pluviométrica,Convencional,Córdoba,San Pelayo,8.9359,-75.9533,50,9/15/1965,,Caribe,Caribe,Sinú,Bajo Sinú,8.86909103393555,9.70909118652344,15,15,0.561594188213348,0.789855062961578,1,1,1.04999995231628,2018,09,52,0,0,0,0,21.6182842254639,2018-09-01,34.4742279052734,20.7872333526611,24.0697154998779
13080010,Pluviométrica,Convencional,Córdoba,San Pelayo,8.9359,-75.9533,50,9/15/1965,,Caribe,Caribe,Sinú,Bajo Sinú,8.86909103393555,9.70909118652344,15,15,0.561594188213348,0.789855062961578,1,1,1.04999995231628,2018,09,53,0,0,0,0,31.2842464447022,2018-09-01,46.7330322265625,81.2330474853516,42.0054054260254
13080010,Pluviométrica,Convencional,Córdoba,San Pelayo,8.9359,-75.9533,50,9/15/1965,,Caribe,Caribe,Sinú,Bajo Sinú,8.86909103393555,9.70909118652344,15,15,0.561594188213348,0.789855062961578,1,1,1.04999995231628,2018,09,54,0,0,0,0,34.5478477478027,2018-09-01,55.7900695800781,35.8637733459473,24.4202632904053
13080010,Pluviométrica,Convencional,Córdoba,San Pelayo,8.9359,-75.9533,50,9/15/1965,,Caribe,Caribe,Sinú,Bajo Sinú,8.86909103393555,9.70909118652344,15,15,0.561594188213348,0.789855062961578,1,1,1.05999994277954,2018,10,55,57,57,60.4199967384338,0,26.5936012268066,2018-10-01,32.7270202636719,42.6642761230469,43.9169158935547
13080010,Pluviométrica,Convencional,Córdoba,San Pelayo,8.9359,-75.9533,50,9/15/1965,,Caribe,Caribe,Sinú,Bajo Sinú,8.86909103393555,9.70909118652344,15,15,0.561594188213348,0.789855062961578,1,1,1.05999994277954,2018,10,56,0,0,0,0,14.4183254241943,2018-10-01,13.1688318252563,11.1640472412109,15.0367527008057
13080010,Pluviométrica,Convencional,Córdoba,San Pelayo,8.9359,-75.9533,50,9/15/1965,,Caribe,Caribe,Sinú,Bajo Sinú,8.86909103393555,9.70909118652344,15,15,0.561594188213348,0.789855062961578,1,1,1.05999994277954,2018,10,57,42,42,44.5199975967407,0,4.31109380722046,2018-10-01,0.167912662029266,11.7277889251709,0.753434658050537
13080010,Pluviométrica,Convencional,Córdoba,San Pelayo,8.9359,-75.9533,50,9/15/1965,,Caribe,Caribe,Sinú,Bajo Sinú,8.86909103393555,9.70909118652344,15,15,0.561594188213348,0.789855062961578,1,1,1.05999994277954,2018,10,58,45,45,47.6999974250794,0,29.9088745117188,2018-10-01,30.801944732666,41.9225082397461,43.4550514221191
13080010,Pluviométrica,Convencional,Córdoba,San Pelayo,8.9359,-75.9533,50,9/15/1965,,Caribe,Caribe,Sinú,Bajo Sinú,8.86909103393555,9.70909118652344,15,15,0.561594188213348,0.789855062961578,1,1,1.05999994277954,2018,10,59,0,0,0,0,19.3858852386475,2018-10-01,20.7760238647461,53.0719795227051,18.0528812408447
13080010,Pluviométrica,Convencional,Córdoba,San Pelayo,8.9359,-75.9533,50,9/15/1965,,Caribe,Caribe,Sinú,Bajo Sinú,8.86909103393555,9.70909118652344,15,15,0.561594188213348,0.789855062961578,1,1,1.05999994277954,2018,10,60,36,36,38.1599979400635,0,29.6826877593994,2018-10-01,28.1541004180908,36.4624671936035,42.2547721862793
13080010,Pluviométrica,Convencional,Córdoba,San Pelayo,8.9359,-75.9533,50,9/15/1965,,Caribe,Caribe,Sinú,Bajo Sinú,8.86909103393555,9.70909118652344,15,15,0.561594188213348,0.789855062961578,1,1,1.07000005245209,2018,11,61,10,10,10.7000005245209,0,36.0340423583984,2018-11-01,41.3212471008301,16.3738784790039,28.9895458221436
13080010,Pluviométrica,Convencional,Córdoba,San Pelayo,8.9359,-75.9533,50,9/15/1965,,Caribe,Caribe,Sinú,Bajo Sinú,8.86909103393555,9.70909118652344,15,15,0.561594188213348,0.789855062961578,1,1,1.07000005245209,2018,11,62,0,0,0,0,13.38148021698,2018-11-01,15.241247177124,17.2574119567871,18.9569816589355
13080010,Pluviométrica,Convencional,Córdoba,San Pelayo,8.9359,-75.9533,50,9/15/1965,,Caribe,Caribe,Sinú,Bajo Sinú,8.86909103393555,9.70909118652344,15,15,0.561594188213348,0.789855062961578,1,1,1.07000005245209,2018,11,63,20,20,21.4000010490417,0,16.6925849914551,2018-11-01,25.4116497039795,28.0571308135986,26.9973812103272
13080010,Pluviométrica,Convencional,Córdoba,San Pelayo,8.9359,-75.9533,50,9/15/1965,,Caribe,Caribe,Sinú,Bajo Sinú,8.86909103393555,9.70909118652344,15,15,0.561594188213348,0.789855062961578,1,1,1.07000005245209,2018,11,64,0,0,0,0,24.6628341674805,2018-11-01,31.6992454528809,17.487621307373,21.5942287445068
13080010,Pluviométrica,Convencional,Córdoba,San Pelayo,8.9359,-75.9533,50,9/15/1965,,Caribe,Caribe,Sinú,Bajo Sinú,8.86909103393555,9.70909118652344,15,15,0.561594188213348,0.789855062961578,1,1,1.07000005245209,2018,11,65,0,0,0,0,4.688805103302,2018-11-01,0.682355523109436,5.27187919616699,0.860655128955841
13080010,Pluviométrica,Convencional,Córdoba,San Pelayo,8.9359,-75.9533,50,9/15/1965,,Caribe,Caribe,Sinú,Bajo Sinú,8.86909103393555,9.70909118652344,15,15,0.561594188213348,0.789855062961578,1,1,1.07000005245209,2018,11,66,0,0,0,0,4.50304412841797,2018-11-01,3.09355688095093,2.14072418212891,3.55755710601807
13080010,Pluviométrica,Convencional,Córdoba,San Pelayo,8.9359,-75.9533,50,9/15/1965,,Caribe,Caribe,Sinú,Bajo Sinú,8.86909103393555,9.70909118652344,15,15,0.561594188213348,0.789855062961578,1,1,1.08000004291534,2018,12,67,0,0,0,0,1.61437129974365,2018-12-01,0,0.950211942195892,0
13080010,Pluviométrica,Convencional,Córdoba,San Pelayo,8.9359,-75.9533,50,9/15/1965,,Caribe,Caribe,Sinú,Bajo Sinú,8.86909103393555,9.70909118652344,15,15,0.561594188213348,0.789855062961578,1,1,1.08000004291534,2018,12,68,0,0,0,0,1.43731582164764,2018-12-01,0,0.872042894363403,0
13080010,Pluviométrica,Convencional,Córdoba,San Pelayo,8.9359,-75.9533,50,9/15/1965,,Caribe,Caribe,Sinú,Bajo Sinú,8.86909103393555,9.70909118652344,15,15,0.561594188213348,0.789855062961578,1,1,1.08000004291534,2018,12,69,0,0,0,0,1.90001010894775,2018-12-01,0,1.15397822856903,0
13080010,Pluviométrica,Convencional,Córdoba,San Pelayo,8.9359,-75.9533,50,9/15/1965,,Caribe,Caribe,Sinú,Bajo Sinú,8.86909103393555,9.70909118652344,15,15,0.561594188213348,0.789855062961578,1,1,1.08000004291534,2018,12,70,0,0,0,0,1.5132087469101,2018-12-01,0,0.876255512237549,0
13080010,Pluviométrica,Convencional,Córdoba,San Pelayo,8.9359,-75.9533,50,9/15/1965,,Caribe,Caribe,Sinú,Bajo Sinú,8.86909103393555,9.70909118652344,15,15,0.561594188213348,0.789855062961578,1,1,1.08000004291534,2018,12,71,0,0,0,0,2.1552722454071,2018-12-01,0,1.07696223258972,0
13080010,Pluviométrica,Convencional,Córdoba,San Pelayo,8.9359,-75.9533,50,9/15/1965,,Caribe,Caribe,Sinú,Bajo Sinú,8.86909103393555,9.70909118652344,15,15,0.561594188213348,0.789855062961578,1,1,1.08000004291534,2018,12,72,0,0,0,0,2.19195556640625,2018-12-01,0,1.15523302555084,0
13080010,Pluviométrica,Convencional,Córdoba,San Pelayo,8.9359,-75.9533,50,9/15/1965,,Caribe,Caribe,Sinú,Bajo Sinú,8.86909103393555,9.70909118652344,15,15,0.561594188213348,0.789855062961578,1,1,1.10000002384186,2019,01,1,0,0,0,0,0.830317139625549,2019-01-01,0,1.15874111652374,0
13080010,Pluviométrica,Convencional,Córdoba,San Pelayo,8.9359,-75.9533,50,9/15/1965,,Caribe,Caribe,Sinú,Bajo Sinú,8.86909103393555,9.70909118652344,15,15,0.561594188213348,0.789855062961578,1,1,1.10000002384186,2019,01,2,0,0,0,0,0.843905866146088,2019-01-01,0,1.16864049434662,0
13080010,Pluviométrica,Convencional,Córdoba,San Pelayo,8.9359,-75.9533,50,9/15/1965,,Caribe,Caribe,Sinú,Bajo Sinú,8.86909103393555,9.70909118652344,15,15,0.561594188213348,0.789855062961578,1,1,1.10000002384186,2019,01,3,0,0,0,0,0.964286506175995,2019-01-01,0,1.59734284877777,0
13080010,Pluviométrica,Convencional,Córdoba,San Pelayo,8.9359,-75.9533,50,9/15/1965,,Caribe,Caribe,Sinú,Bajo Sinú,8.86909103393555,9.70909118652344,15,15,0.561594188213348,0.789855062961578,1,1,1.10000002384186,2019,01,4,0,0,0,0,1.16166758537292,2019-01-01,0,1.52557158470154,0
13080010,Pluviométrica,Convencional,Córdoba,San Pelayo,8.9359,-75.9533,50,9/15/1965,,Caribe,Caribe,Sinú,Bajo Sinú,8.86909103393555,9.70909118652344,15,15,0.561594188213348,0.789855062961578,1,1,1.10000002384186,2019,01,5,0,0,0,0,1.19485592842102,2019-01-01,0,1.55655419826508,0
13080010,Pluviométrica,Convencional,Córdoba,San Pelayo,8.9359,-75.9533,50,9/15/1965,,Caribe,Caribe,Sinú,Bajo Sinú,8.86909103393555,9.70909118652344,15,15,0.561594188213348,0.789855062961578,1,1,1.10000002384186,2019,01,6,0,0,0,0,1.58560132980347,2019-01-01,0.156015813350678,1.76619398593903,0.239964365959168
13080010,Pluviométrica,Convencional,Córdoba,San Pelayo,8.9359,-75.9533,50,9/15/1965,,Caribe,Caribe,Sinú,Bajo Sinú,8.86909103393555,9.70909118652344,15,15,0.561594188213348,0.789855062961578,1,1,1.12000000476837,2019,02,7,0,0,0,0,3.09490013122559,2019-02-01,1.17031812667847,1.19993793964386,0.852782249450684
13080010,Pluviométrica,Convencional,Córdoba,San Pelayo,8.9359,-75.9533,50,9/15/1965,,Caribe,Caribe,Sinú,Bajo Sinú,8.86909103393555,9.70909118652344,15,15,0.561594188213348,0.789855062961578,1,1,1.12000000476837,2019,02,8,0,0,0,0,3.14761328697205,2019-02-01,1.77876543998718,1.23520457744598,1.1917998790741
13080010,Pluviométrica,Convencional,Córdoba,San Pelayo,8.9359,-75.9533,50,9/15/1965,,Caribe,Caribe,Sinú,Bajo Sinú,8.86909103393555,9.70909118652344,15,15,0.561594188213348,0.789855062961578,1,1,1.12000000476837,2019,02,9,0,0,0,0,5.22522926330566,2019-02-01,5.11690616607666,2.02261090278626,3.10350823402405
13080010,Pluviométrica,Convencional,Córdoba,San Pelayo,8.9359,-75.9533,50,9/15/1965,,Caribe,Caribe,Sinú,Bajo Sinú,8.86909103393555,9.70909118652344,15,15,0.561594188213348,0.789855062961578,1,1,1.12000000476837,2019,02,10,0,0,0,0,2.85684847831726,2019-02-01,1.43506395816803,1.16051876544952,1.06206512451172
13080010,Pluviométrica,Convencional,Córdoba,San Pelayo,8.9359,-75.9533,50,9/15/1965,,Caribe,Caribe,Sinú,Bajo Sinú,8.86909103393555,9.70909118652344,15,15,0.561594188213348,0.789855062961578,1,1,1.12000000476837,2019,02,11,0,0,0,0,7.93855571746826,2019-02-01,10.7606468200684,2.21605944633484,3.72179055213928
13080010,Pluviométrica,Convencional,Córdoba,San Pelayo,8.9359,-75.9533,50,9/15/1965,,Caribe,Caribe,Sinú,Bajo Sinú,8.86909103393555,9.70909118652344,15,15,0.561594188213348,0.789855062961578,1,1,1.12000000476837,2019,02,12,0,0,0,0,0.819596409797669,2019-02-01,0,0.429610162973404,0
13080010,Pluviométrica,Convencional,Córdoba,San Pelayo,8.9359,-75.9533,50,9/15/1965,,Caribe,Caribe,Sinú,Bajo Sinú,8.86909103393555,9.70909118652344,15,15,0.561594188213348,0.789855062961578,1,1,1.11000001430511,2019,03,13,0,0,0,0,1.15114951133728,2019-03-01,0,0.551057577133179,0
13080010,Pluviométrica,Convencional,Córdoba,San Pelayo,8.9359,-75.9533,50,9/15/1965,,Caribe,Caribe,Sinú,Bajo Sinú,8.86909103393555,9.70909118652344,15,15,0.561594188213348,0.789855062961578,1,1,1.11000001430511,2019,03,14,0,0,0,0,0.799352526664734,2019-03-01,0,0.437110364437103,0
13080010,Pluviométrica,Convencional,Córdoba,San Pelayo,8.9359,-75.9533,50,9/15/1965,,Caribe,Caribe,Sinú,Bajo Sinú,8.86909103393555,9.70909118652344,15,15,0.561594188213348,0.789855062961578,1,1,1.11000001430511,2019,03,15,0,0,0,0,0.593546807765961,2019-03-01,0,0.336023062467575,0
13080010,Pluviométrica,Convencional,Córdoba,San Pelayo,8.9359,-75.9533,50,9/15/1965,,Caribe,Caribe,Sinú,Bajo Sinú,8.86909103393555,9.70909118652344,15,15,0.561594188213348,0.789855062961578,1,1,1.11000001430511,2019,03,16,0,0,0,0,0.506823778152466,2019-03-01,0,0.290554136037827,0
13080010,Pluviométrica,Convencional,Córdoba,San Pelayo,8.9359,-75.9533,50,9/15/1965,,Caribe,Caribe,Sinú,Bajo Sinú,8.86909103393555,9.70909118652344,15,15,0.561594188213348,0.789855062961578,1,1,1.11000001430511,2019,03,17,0,0,0,0,0.587429046630859,2019-03-01,0,0.329796016216278,0
13080010,Pluviométrica,Convencional,Córdoba,San Pelayo,8.9359,-75.9533,50,9/15/1965,,Caribe,Caribe,Sinú,Bajo Sinú,8.86909103393555,9.70909118652344,15,15,0.561594188213348,0.789855062961578,1,1,1.11000001430511,2019,03,18,0,0,0,0,1.18366670608521,2019-03-01,0,0.58061957359314,0
13080010,Pluviométrica,Convencional,Córdoba,San Pelayo,8.9359,-75.9533,50,9/15/1965,,Caribe,Caribe,Sinú,Bajo Sinú,8.86909103393555,9.70909118652344,15,15,0.561594188213348,0.789855062961578,1,1,1.07000005245209,2019,04,19,0,0,0,0,3.81011939048767,2019-04-01,2.28928089141846,2.2027280330658,1.4686518907547
13080010,Pluviométrica,Convencional,Córdoba,San Pelayo,8.9359,-75.9533,50,9/15/1965,,Caribe,Caribe,Sinú,Bajo Sinú,8.86909103393555,9.70909118652344,15,15,0.561594188213348,0.789855062961578,1,1,1.07000005245209,2019,04,20,0,0,0,0,1.84037828445435,2019-04-01,0,1.44842374324799,0
13080010,Pluviométrica,Convencional,Córdoba,San Pelayo,8.9359,-75.9533,50,9/15/1965,,Caribe,Caribe,Sinú,Bajo Sinú,8.86909103393555,9.70909118652344,15,15,0.561594188213348,0.789855062961578,1,1,1.07000005245209,2019,04,21,32,32,34.2400016784668,0,0.867319583892822,2019-04-01,0,1.13350594043732,0
13080010,Pluviométrica,Convencional,Córdoba,San Pelayo,8.9359,-75.9533,50,9/15/1965,,Caribe,Caribe,Sinú,Bajo Sinú,8.86909103393555,9.70909118652344,15,15,0.561594188213348,0.789855062961578,1,1,1.07000005245209,2019,04,22,47,47,50.2900024652481,0,12.9167232513428,2019-04-01,22.7367267608643,6.59833478927612,41.1256332397461
13080010,Pluviométrica,Convencional,Córdoba,San Pelayo,8.9359,-75.9533,50,9/15/1965,,Caribe,Caribe,Sinú,Bajo Sinú,8.86909103393555,9.70909118652344,15,15,0.561594188213348,0.789855062961578,1,1,1.07000005245209,2019,04,23,0,0,0,0,2.04545187950134,2019-04-01,15.3646745681763,2.77262210845947,9.46299266815186
13080010,Pluviométrica,Convencional,Córdoba,San Pelayo,8.9359,-75.9533,50,9/15/1965,,Caribe,Caribe,Sinú,Bajo Sinú,8.86909103393555,9.70909118652344,15,15,0.561594188213348,0.789855062961578,1,1,1.07000005245209,2019,04,24,18,18,19.2600009441376,0,6.86485004425049,2019-04-01,5.74357557296753,14.4937887191772,8.63337516784668
13080010,Pluviométrica,Convencional,Córdoba,San Pelayo,8.9359,-75.9533,50,9/15/1965,,Caribe,Caribe,Sinú,Bajo Sinú,8.86909103393555,9.70909118652344,15,15,0.561594188213348,0.789855062961578,1,1,1.04999995231628,2019,05,25,4,4,4.19999980926514,0,6.4704270362854,2019-05-01,8.98020172119141,2.79143238067627,4.97892570495606
13080010,Pluviométrica,Convencional,Córdoba,San Pelayo,8.9359,-75.9533,50,9/15/1965,,Caribe,Caribe,Sinú,Bajo Sinú,8.86909103393555,9.70909118652344,15,15,0.561594188213348,0.789855062961578,1,1,1.04999995231628,2019,05,26,1.6,1.6,1.67999992370605,0,16.3922786712646,2019-05-01,36.3588333129883,24.0270576477051,56.3243865966797
13080010,Pluviométrica,Convencional,Córdoba,San Pelayo,8.9359,-75.9533,50,9/15/1965,,Caribe,Caribe,Sinú,Bajo Sinú,8.86909103393555,9.70909118652344,15,15,0.561594188213348,0.789855062961578,1,1,1.04999995231628,2019,05,27,1.4,1.4,1.4699999332428,0,11.9814729690552,2019-05-01,23.0201091766357,4.16507291793823,16.1279983520508
13080010,Pluviométrica,Convencional,Córdoba,San Pelayo,8.9359,-75.9533,50,9/15/1965,,Caribe,Caribe,Sinú,Bajo Sinú,8.86909103393555,9.70909118652344,15,15,0.561594188213348,0.789855062961578,1,1,1.04999995231628,2019,05,28,6.4,6.4,6.71999969482422,0,14.1027221679688,2019-05-01,33.0249710083008,33.0390090942383,37.3979759216309
13080010,Pluviométrica,Convencional,Córdoba,San Pelayo,8.9359,-75.9533,50,9/15/1965,,Caribe,Caribe,Sinú,Bajo Sinú,8.86909103393555,9.70909118652344,15,15,0.561594188213348,0.789855062961578,1,1,1.04999995231628,2019,05,29,3,3,3.14999985694885,0,16.784065246582,2019-05-01,34.1010437011719,18.8478584289551,39.4050903320313
13080010,Pluviométrica,Convencional,Córdoba,San Pelayo,8.9359,-75.9533,50,9/15/1965,,Caribe,Caribe,Sinú,Bajo Sinú,8.86909103393555,9.70909118652344,15,15,0.561594188213348,0.789855062961578,1,1,1.04999995231628,2019,05,30,3.7,3.7,3.88499982357025,0,27.8456401824951,2019-05-01,39.8606643676758,60.8259124755859,74.3079528808594
13080010,Pluviométrica,Convencional,Córdoba,San Pelayo,8.9359,-75.9533,50,9/15/1965,,Caribe,Caribe,Sinú,Bajo Sinú,8.86909103393555,9.70909118652344,15,15,0.561594188213348,0.789855062961578,1,1,1.05999994277954,2019,06,31,0,0,0,0,25.6666946411133,2019-06-01,32.052360534668,30.7591361999512,23.5474243164063
13080010,Pluviométrica,Convencional,Córdoba,San Pelayo,8.9359,-75.9533,50,9/15/1965,,Caribe,Caribe,Sinú,Bajo Sinú,8.86909103393555,9.70909118652344,15,15,0.561594188213348,0.789855062961578,1,1,1.05999994277954,2019,06,32,1.7,1.7,1.80199990272522,0,33.4493408203125,2019-06-01,37.9448394775391,43.2402076721191,52.866584777832
13080010,Pluviométrica,Convencional,Córdoba,San Pelayo,8.9359,-75.9533,50,9/15/1965,,Caribe,Caribe,Sinú,Bajo Sinú,8.86909103393555,9.70909118652344,15,15,0.561594188213348,0.789855062961578,1,1,1.05999994277954,2019,06,33,0,0,0,0,26.2145404815674,2019-06-01,22.5180339813232,19.8867359161377,19.4375476837158
13080010,Pluviométrica,Convencional,Córdoba,San Pelayo,8.9359,-75.9533,50,9/15/1965,,Caribe,Caribe,Sinú,Bajo Sinú,8.86909103393555,9.70909118652344,15,15,0.561594188213348,0.789855062961578,1,1,1.05999994277954,2019,06,34,0,0,0,0,15.3665399551392,2019-06-01,13.1261615753174,9.32166767120361,6.71469259262085
13080010,Pluviométrica,Convencional,Córdoba,San Pelayo,8.9359,-75.9533,50,9/15/1965,,Caribe,Caribe,Sinú,Bajo Sinú,8.86909103393555,9.70909118652344,15,15,0.561594188213348,0.789855062961578,1,1,1.05999994277954,2019,06,35,1.4,1.4,1.48399991989136,0,26.3578548431397,2019-06-01,28.832498550415,15.9994993209839,15.8792285919189
13080010,Pluviométrica,Convencional,Córdoba,San Pelayo,8.9359,-75.9533,50,9/15/1965,,Caribe,Caribe,Sinú,Bajo Sinú,8.86909103393555,9.70909118652344,15,15,0.561594188213348,0.789855062961578,1,1,1.05999994277954,2019,06,36,0,0,0,0,16.9192638397217,2019-06-01,20.7680644989014,37.6344299316406,38.0813255310059
13080010,Pluviométrica,Convencional,Córdoba,San Pelayo,8.9359,-75.9533,50,9/15/1965,,Caribe,Caribe,Sinú,Bajo Sinú,8.86909103393555,9.70909118652344,15,15,0.561594188213348,0.789855062961578,1,1,1.05999994277954,2019,07,37,8.1,8.1,8.58599953651428,0,8.1076545715332,2019-07-01,9.88358116149902,23.9055404663086,20.9116077423096
13080010,Pluviométrica,Convencional,Córdoba,San Pelayo,8.9359,-75.9533,50,9/15/1965,,Caribe,Caribe,Sinú,Bajo Sinú,8.86909103393555,9.70909118652344,15,15,0.561594188213348,0.789855062961578,1,1,1.05999994277954,2019,07,38,0,0,0,0,10.2144002914429,2019-07-01,18.9598007202148,12.8714847564697,26.4645919799805
13080010,Pluviométrica,Convencional,Córdoba,San Pelayo,8.9359,-75.9533,50,9/15/1965,,Caribe,Caribe,Sinú,Bajo Sinú,8.86909103393555,9.70909118652344,15,15,0.561594188213348,0.789855062961578,1,1,1.05999994277954,2019,07,39,4.2,4.2,4.45199975967407,0,15.29225730896,2019-07-01,33.5443649291992,7.87518978118897,31.0528774261475
13080010,Pluviométrica,Convencional,Córdoba,San Pelayo,8.9359,-75.9533,50,9/15/1965,,Caribe,Caribe,Sinú,Bajo Sinú,8.86909103393555,9.70909118652344,15,15,0.561594188213348,0.789855062961578,1,1,1.05999994277954,2019,07,40,0,0,0,0,9.53909301757812,2019-07-01,16.6784992218018,26.8099231719971,48.6961212158203
13080010,Pluviométrica,Convencional,Córdoba,San Pelayo,8.9359,-75.9533,50,9/15/1965,,Caribe,Caribe,Sinú,Bajo Sinú,8.86909103393555,9.70909118652344,15,15,0.561594188213348,0.789855062961578,1,1,1.05999994277954,2019,07,41,2.6,2.6,2.75599985122681,0,13.2961978912354,2019-07-01,23.8686294555664,14.9830350875855,35.1652336120605
13080010,Pluviométrica,Convencional,Córdoba,San Pelayo,8.9359,-75.9533,50,9/15/1965,,Caribe,Caribe,Sinú,Bajo Sinú,8.86909103393555,9.70909118652344,15,15,0.561594188213348,0.789855062961578,1,1,1.05999994277954,2019,07,42,3.1,3.1,3.28599982261658,0,15.1913719177246,2019-07-01,22.3475456237793,15.2463216781616,27.0526847839356
13080010,Pluviométrica,Convencional,Córdoba,San Pelayo,8.9359,-75.9533,50,9/15/1965,,Caribe,Caribe,Sinú,Bajo Sinú,8.86909103393555,9.70909118652344,15,15,0.561594188213348,0.789855062961578,1,1,1.04999995231628,2019,08,43,0,0,0,0,26.364387512207,2019-08-01,39.0308799743652,11.5938405990601,22.6401462554932
13080010,Pluviométrica,Convencional,Córdoba,San Pelayo,8.9359,-75.9533,50,9/15/1965,,Caribe,Caribe,Sinú,Bajo Sinú,8.86909103393555,9.70909118652344,15,15,0.561594188213348,0.789855062961578,1,1,1.04999995231628,2019,08,44,3.8,3.8,3.98999981880188,0,26.9191513061523,2019-08-01,35.8299903869629,11.7437391281128,18.0021629333496
13080010,Pluviométrica,Convencional,Córdoba,San Pelayo,8.9359,-75.9533,50,9/15/1965,,Caribe,Caribe,Sinú,Bajo Sinú,8.86909103393555,9.70909118652344,15,15,0.561594188213348,0.789855062961578,1,1,1.04999995231628,2019,08,45,4,4,4.19999980926514,0,28.3026275634766,2019-08-01,38.7151412963867,46.4208946228027,74.5260162353516
13080010,Pluviométrica,Convencional,Córdoba,San Pelayo,8.9359,-75.9533,50,9/15/1965,,Caribe,Caribe,Sinú,Bajo Sinú,8.86909103393555,9.70909118652344,15,15,0.561594188213348,0.789855062961578,1,1,1.04999995231628,2019,08,46,2.6,2.6,2.72999987602234,0,28.0482807159424,2019-08-01,38.0235862731934,28.9668045043945,40.7146911621094
13080010,Pluviométrica,Convencional,Córdoba,San Pelayo,8.9359,-75.9533,50,9/15/1965,,Caribe,Caribe,Sinú,Bajo Sinú,8.86909103393555,9.70909118652344,15,15,0.561594188213348,0.789855062961578,1,1,1.04999995231628,2019,08,47,1,1,1.04999995231628,0,19.7039184570313,2019-08-01,26.1030979156494,37.9488067626953,40.6942100524902
13080010,Pluviométrica,Convencional,Córdoba,San Pelayo,8.9359,-75.9533,50,9/15/1965,,Caribe,Caribe,Sinú,Bajo Sinú,8.86909103393555,9.70909118652344,15,15,0.561594188213348,0.789855062961578,1,1,1.04999995231628,2019,08,48,4.7,4.7,4.93499977588654,0,16.6101779937744,2019-08-01,18.9247226715088,6.73359441757202,17.1416397094727
13080010,Pluviométrica,Convencional,Córdoba,San Pelayo,8.9359,-75.9533,50,9/15/1965,,Caribe,Caribe,Sinú,Bajo Sinú,8.86909103393555,9.70909118652344,15,15,0.561594188213348,0.789855062961578,1,1,1.04999995231628,2019,09,49,2.2,2.2,2.30999989509583,0,26.928056716919,2019-09-01,43.5155487060547,52.9267578125,43.7278022766113
13080010,Pluviométrica,Convencional,Córdoba,San Pelayo,8.9359,-75.9533,50,9/15/1965,,Caribe,Caribe,Sinú,Bajo Sinú,8.86909103393555,9.70909118652344,15,15,0.561594188213348,0.789855062961578,1,1,1.04999995231628,2019,09,50,4.9,4.9,5.14499976634979,0,17.430004119873,2019-09-01,24.7776756286621,20.7179679870605,13.9939126968384
13080010,Pluviométrica,Convencional,Córdoba,San Pelayo,8.9359,-75.9533,50,9/15/1965,,Caribe,Caribe,Sinú,Bajo Sinú,8.86909103393555,9.70909118652344,15,15,0.561594188213348,0.789855062961578,1,1,1.04999995231628,2019,09,51,2.6,2.6,2.72999987602234,0,32.0128364562988,2019-09-01,51.768123626709,69.4177474975586,65.9867324829102
13080010,Pluviométrica,Convencional,Córdoba,San Pelayo,8.9359,-75.9533,50,9/15/1965,,Caribe,Caribe,Sinú,Bajo Sinú,8.86909103393555,9.70909118652344,15,15,0.561594188213348,0.789855062961578,1,1,1.04999995231628,2019,09,52,3,3,3.14999985694885,0,18.8747901916504,2019-09-01,28.3453788757324,34.9581260681152,34.3263854980469
13080010,Pluviométrica,Convencional,Córdoba,San Pelayo,8.9359,-75.9533,50,9/15/1965,,Caribe,Caribe,Sinú,Bajo Sinú,8.86909103393555,9.70909118652344,15,15,0.561594188213348,0.789855062961578,1,1,1.04999995231628,2019,09,53,0,0,0,0,24.1127872467041,2019-09-01,38.8138160705566,23.6544303894043,25.0002155303955
13080010,Pluviométrica,Convencional,Córdoba,San Pelayo,8.9359,-75.9533,50,9/15/1965,,Caribe,Caribe,Sinú,Bajo Sinú,8.86909103393555,9.70909118652344,15,15,0.561594188213348,0.789855062961578,1,1,1.04999995231628,2019,09,54,1.6,1.6,1.67999992370605,0,23.4000968933105,2019-09-01,34.3956298828125,25.6096744537354,19.6349468231201
13080010,Pluviométrica,Convencional,Córdoba,San Pelayo,8.9359,-75.9533,50,9/15/1965,,Caribe,Caribe,Sinú,Bajo Sinú,8.86909103393555,9.70909118652344,15,15,0.561594188213348,0.789855062961578,1,1,1.05999994277954,2019,10,55,0,0,0,0,42.8190879821777,2019-10-01,55.2443008422852,18.0367221832275,23.1782569885254
13080010,Pluviométrica,Convencional,Córdoba,San Pelayo,8.9359,-75.9533,50,9/15/1965,,Caribe,Caribe,Sinú,Bajo Sinú,8.86909103393555,9.70909118652344,15,15,0.561594188213348,0.789855062961578,1,1,1.05999994277954,2019,10,56,3.2,3.2,3.39199981689453,0,25.3208141326904,2019-10-01,25.8623218536377,17.9645080566406,20.8405666351318
13080010,Pluviométrica,Convencional,Córdoba,San Pelayo,8.9359,-75.9533,50,9/15/1965,,Caribe,Caribe,Sinú,Bajo Sinú,8.86909103393555,9.70909118652344,15,15,0.561594188213348,0.789855062961578,1,1,1.05999994277954,2019,10,57,2.1,2.1,2.22599987983704,0,20.9059562683105,2019-10-01,18.2641639709473,34.6609115600586,15.3297290802002
13080010,Pluviométrica,Convencional,Córdoba,San Pelayo,8.9359,-75.9533,50,9/15/1965,,Caribe,Caribe,Sinú,Bajo Sinú,8.86909103393555,9.70909118652344,15,15,0.561594188213348,0.789855062961578,1,1,1.05999994277954,2019,10,58,4,4,4.23999977111816,0,53.9161529541016,2019-10-01,59.8996047973633,48.3829727172852,41.3821525573731
13080010,Pluviométrica,Convencional,Córdoba,San Pelayo,8.9359,-75.9533,50,9/15/1965,,Caribe,Caribe,Sinú,Bajo Sinú,8.86909103393555,9.70909118652344,15,15,0.561594188213348,0.789855062961578,1,1,1.05999994277954,2019,10,59,4.2,4.2,4.45199975967407,0,22.6202278137207,2019-10-01,24.6191749572754,23.4655590057373,14.0443668365479
13080010,Pluviométrica,Convencional,Córdoba,San Pelayo,8.9359,-75.9533,50,9/15/1965,,Caribe,Caribe,Sinú,Bajo Sinú,8.86909103393555,9.70909118652344,15,15,0.561594188213348,0.789855062961578,1,1,1.05999994277954,2019,10,60,0,0,0,0,38.8248519897461,2019-10-01,36.9303398132324,42.2406158447266,37.8042945861816
13080010,Pluviométrica,Convencional,Córdoba,San Pelayo,8.9359,-75.9533,50,9/15/1965,,Caribe,Caribe,Sinú,Bajo Sinú,8.86909103393555,9.70909118652344,15,15,0.561594188213348,0.789855062961578,1,1,1.07000005245209,2019,11,61,4.4,4.4,4.70800023078918,0,50.0122222900391,2019-11-01,58.2451629638672,55.0898895263672,48.3749694824219
13080010,Pluviométrica,Convencional,Córdoba,San Pelayo,8.9359,-75.9533,50,9/15/1965,,Caribe,Caribe,Sinú,Bajo Sinú,8.86909103393555,9.70909118652344,15,15,0.561594188213348,0.789855062961578,1,1,1.07000005245209,2019,11,62,1.2,1.2,1.2840000629425,0,10.5838642120361,2019-11-01,11.0466251373291,14.4329595565796,13.6475276947021
13080010,Pluviométrica,Convencional,Córdoba,San Pelayo,8.9359,-75.9533,50,9/15/1965,,Caribe,Caribe,Sinú,Bajo Sinú,8.86909103393555,9.70909118652344,15,15,0.561594188213348,0.789855062961578,1,1,1.07000005245209,2019,11,63,2.7,2.7,2.88900014162064,0,27.4408702850342,2019-11-01,41.3374099731445,13.6669292449951,21.6498584747314
13080010,Pluviométrica,Convencional,Córdoba,San Pelayo,8.9359,-75.9533,50,9/15/1965,,Caribe,Caribe,Sinú,Bajo Sinú,8.86909103393555,9.70909118652344,15,15,0.561594188213348,0.789855062961578,1,1,1.07000005245209,2019,11,64,1.5,1.5,1.60500007867813,0,2.82696437835693,2019-11-01,0,2.5549943447113,0
13080010,Pluviométrica,Convencional,Córdoba,San Pelayo,8.9359,-75.9533,50,9/15/1965,,Caribe,Caribe,Sinú,Bajo Sinú,8.86909103393555,9.70909118652344,15,15,0.561594188213348,0.789855062961578,1,1,1.07000005245209,2019,11,65,0,0,0,0,7.22268295288086,2019-11-01,7.03436326980591,15.780613899231,13.3676414489746
13080010,Pluviométrica,Convencional,Córdoba,San Pelayo,8.9359,-75.9533,50,9/15/1965,,Caribe,Caribe,Sinú,Bajo Sinú,8.86909103393555,9.70909118652344,15,15,0.561594188213348,0.789855062961578,1,1,1.07000005245209,2019,11,66,0,0,0,0,10.5867719650269,2019-11-01,14.6848316192627,4.47791433334351,11.3974123001099
13080010,Pluviométrica,Convencional,Córdoba,San Pelayo,8.9359,-75.9533,50,9/15/1965,,Caribe,Caribe,Sinú,Bajo Sinú,8.86909103393555,9.70909118652344,15,15,0.561594188213348,0.789855062961578,1,1,1.08000004291534,2019,12,67,0,0,0,0,16.1209125518799,2019-12-01,20.5743846893311,6.60586833953857,10.0982275009155
13080010,Pluviométrica,Convencional,Córdoba,San Pelayo,8.9359,-75.9533,50,9/15/1965,,Caribe,Caribe,Sinú,Bajo Sinú,8.86909103393555,9.70909118652344,15,15,0.561594188213348,0.789855062961578,1,1,1.08000004291534,2019,12,68,0,0,0,0,1.43731582164764,2019-12-01,0,0.770832359790802,0
13080010,Pluviométrica,Convencional,Córdoba,San Pelayo,8.9359,-75.9533,50,9/15/1965,,Caribe,Caribe,Sinú,Bajo Sinú,8.86909103393555,9.70909118652344,15,15,0.561594188213348,0.789855062961578,1,1,1.08000004291534,2019,12,69,0,0,0,0,4.34003067016602,2019-12-01,2.29130864143372,1.685173869133,3.05180764198303
13080010,Pluviométrica,Convencional,Córdoba,San Pelayo,8.9359,-75.9533,50,9/15/1965,,Caribe,Caribe,Sinú,Bajo Sinú,8.86909103393555,9.70909118652344,15,15,0.561594188213348,0.789855062961578,1,1,1.08000004291534,2019,12,70,0,0,0,0,9.88090419769287,2019-12-01,11.4132719039917,5.36093235015869,8.51190090179443
13080010,Pluviométrica,Convencional,Córdoba,San Pelayo,8.9359,-75.9533,50,9/15/1965,,Caribe,Caribe,Sinú,Bajo Sinú,8.86909103393555,9.70909118652344,15,15,0.561594188213348,0.789855062961578,1,1,1.08000004291534,2019,12,71,0,0,0,0,24.5688209533691,2019-12-01,46.0852088928223,14.7633504867554,17.6788368225098
13080010,Pluviométrica,Convencional,Córdoba,San Pelayo,8.9359,-75.9533,50,9/15/1965,,Caribe,Caribe,Sinú,Bajo Sinú,8.86909103393555,9.70909118652344,15,15,0.561594188213348,0.789855062961578,1,1,1.08000004291534,2019,12,72,0,0,0,0,24.7436199188232,2019-12-01,43.5554275512695,19.9814071655273,21.3920307159424
13080010,Pluviométrica,Convencional,Córdoba,San Pelayo,8.9359,-75.9533,50,9/15/1965,,Caribe,Caribe,Sinú,Bajo Sinú,8.86909103393555,9.70909118652344,15,15,0.561594188213348,0.789855062961578,1,1,1.10000002384186,2020,01,1,0,0,0,0,0.830317139625549,2020-01-01,0,0.709059357643127,0
13080010,Pluviométrica,Convencional,Córdoba,San Pelayo,8.9359,-75.9533,50,9/15/1965,,Caribe,Caribe,Sinú,Bajo Sinú,8.86909103393555,9.70909118652344,15,15,0.561594188213348,0.789855062961578,1,1,1.10000002384186,2020,01,2,12,12,13.2000002861023,0,0.843905866146088,2020-01-01,0,0.563208758831024,0
13080010,Pluviométrica,Convencional,Córdoba,San Pelayo,8.9359,-75.9533,50,9/15/1965,,Caribe,Caribe,Sinú,Bajo Sinú,8.86909103393555,9.70909118652344,15,15,0.561594188213348,0.789855062961578,1,1,1.10000002384186,2020,01,3,0,0,0,0,0.964286506175995,2020-01-01,0,0.628108084201813,0
13080010,Pluviométrica,Convencional,Córdoba,San Pelayo,8.9359,-75.9533,50,9/15/1965,,Caribe,Caribe,Sinú,Bajo Sinú,8.86909103393555,9.70909118652344,15,15,0.561594188213348,0.789855062961578,1,1,1.10000002384186,2020,01,4,0,0,0,0,2.40250134468079,2020-01-01,0,1.23907196521759,0
13080010,Pluviométrica,Convencional,Córdoba,San Pelayo,8.9359,-75.9533,50,9/15/1965,,Caribe,Caribe,Sinú,Bajo Sinú,8.86909103393555,9.70909118652344,15,15,0.561594188213348,0.789855062961578,1,1,1.10000002384186,2020,01,5,0,0,0,0,5.69138383865356,2020-01-01,5.89298915863037,10.1377992630005,9.67419528961182
13080010,Pluviométrica,Convencional,Córdoba,San Pelayo,8.9359,-75.9533,50,9/15/1965,,Caribe,Caribe,Sinú,Bajo Sinú,8.86909103393555,9.70909118652344,15,15,0.561594188213348,0.789855062961578,1,1,1.10000002384186,2020,01,6,0,0,0,0,1.58560132980347,2020-01-01,0.156015813350678,0.812078535556793,0.101009778678417
13080010,Pluviométrica,Convencional,Córdoba,San Pelayo,8.9359,-75.9533,50,9/15/1965,,Caribe,Caribe,Sinú,Bajo Sinú,8.86909103393555,9.70909118652344,15,15,0.561594188213348,0.789855062961578,1,1,1.12000000476837,2020,02,7,13,13,14.5600000619888,0,6.31418323516846,2020-02-01,6.22557067871094,3.11183190345764,3.73355078697205
13080010,Pluviométrica,Convencional,Córdoba,San Pelayo,8.9359,-75.9533,50,9/15/1965,,Caribe,Caribe,Sinú,Bajo Sinú,8.86909103393555,9.70909118652344,15,15,0.561594188213348,0.789855062961578,1,1,1.12000000476837,2020,02,8,0,0,0,0,3.14761328697205,2020-02-01,1.77876543998718,1.45788049697876,1.22956204414368
13080010,Pluviométrica,Convencional,Córdoba,San Pelayo,8.9359,-75.9533,50,9/15/1965,,Caribe,Caribe,Sinú,Bajo Sinú,8.86909103393555,9.70909118652344,15,15,0.561594188213348,0.789855062961578,1,1,1.12000000476837,2020,02,9,6,6,6.72000002861023,0,3.0855348110199,2020-02-01,1.78268098831177,1.44122505187988,1.29204094409943
13080010,Pluviométrica,Convencional,Córdoba,San Pelayo,8.9359,-75.9533,50,9/15/1965,,Caribe,Caribe,Sinú,Bajo Sinú,8.86909103393555,9.70909118652344,15,15,0.561594188213348,0.789855062961578,1,1,1.12000000476837,2020,02,10,0,0,0,0,2.85684847831726,2020-02-01,1.43506395816803,1.36143529415131,1.03888773918152
13080010,Pluviométrica,Convencional,Córdoba,San Pelayo,8.9359,-75.9533,50,9/15/1965,,Caribe,Caribe,Sinú,Bajo Sinú,8.86909103393555,9.70909118652344,15,15,0.561594188213348,0.789855062961578,1,1,1.12000000476837,2020,02,11,2,2,2.24000000953674,0,2.57713532447815,2020-02-01,0,1.24559152126312,0
13080010,Pluviométrica,Convencional,Córdoba,San Pelayo,8.9359,-75.9533,50,9/15/1965,,Caribe,Caribe,Sinú,Bajo Sinú,8.86909103393555,9.70909118652344,15,15,0.561594188213348,0.789855062961578,1,1,1.12000000476837,2020,02,12,0,0,0,0,0.819596409797669,2020-02-01,0,0.503371298313141,0
13080010,Pluviométrica,Convencional,Córdoba,San Pelayo,8.9359,-75.9533,50,9/15/1965,,Caribe,Caribe,Sinú,Bajo Sinú,8.86909103393555,9.70909118652344,15,15,0.561594188213348,0.789855062961578,1,1,1.11000001430511,2020,03,13,8,8,8.88000011444092,0,1.15114951133728,2020-03-01,0,0.803365349769592,0
13080010,Pluviométrica,Convencional,Córdoba,San Pelayo,8.9359,-75.9533,50,9/15/1965,,Caribe,Caribe,Sinú,Bajo Sinú,8.86909103393555,9.70909118652344,15,15,0.561594188213348,0.789855062961578,1,1,1.11000001430511,2020,03,14,0,0,0,0,0.799352526664734,2020-03-01,0,0.57660311460495,0
13080010,Pluviométrica,Convencional,Córdoba,San Pelayo,8.9359,-75.9533,50,9/15/1965,,Caribe,Caribe,Sinú,Bajo Sinú,8.86909103393555,9.70909118652344,15,15,0.561594188213348,0.789855062961578,1,1,1.11000001430511,2020,03,15,14,14,15.5400002002716,0,0.920053839683533,2020-03-01,0,0.675437211990356,0
13080010,Pluviométrica,Convencional,Córdoba,San Pelayo,8.9359,-75.9533,50,9/15/1965,,Caribe,Caribe,Sinú,Bajo Sinú,8.86909103393555,9.70909118652344,15,15,0.561594188213348,0.789855062961578,1,1,1.11000001430511,2020,03,16,0,0,0,0,0.506823778152466,2020-03-01,0,0.383635461330414,0
13080010,Pluviométrica,Convencional,Córdoba,San Pelayo,8.9359,-75.9533,50,9/15/1965,,Caribe,Caribe,Sinú,Bajo Sinú,8.86909103393555,9.70909118652344,15,15,0.561594188213348,0.789855062961578,1,1,1.11000001430511,2020,03,17,0,0,0,0,0.587429046630859,2020-03-01,0,0.438749402761459,0
13080010,Pluviométrica,Convencional,Córdoba,San Pelayo,8.9359,-75.9533,50,9/15/1965,,Caribe,Caribe,Sinú,Bajo Sinú,8.86909103393555,9.70909118652344,15,15,0.561594188213348,0.789855062961578,1,1,1.11000001430511,2020,03,18,0,0,0,0,1.18366670608521,2020-03-01,0,0.742928802967072,0
13080010,Pluviométrica,Convencional,Córdoba,San Pelayo,8.9359,-75.9533,50,9/15/1965,,Caribe,Caribe,Sinú,Bajo Sinú,8.86909103393555,9.70909118652344,15,15,0.561594188213348,0.789855062961578,1,1,1.07000005245209,2020,04,19,0,0,0,0,0.857022523880005,2020-04-01,0,0.603585362434387,0
13080010,Pluviométrica,Convencional,Córdoba,San Pelayo,8.9359,-75.9533,50,9/15/1965,,Caribe,Caribe,Sinú,Bajo Sinú,8.86909103393555,9.70909118652344,15,15,0.561594188213348,0.789855062961578,1,1,1.07000005245209,2020,04,20,0,0,0,0,6.51692581176758,2020-04-01,6.60271644592285,3.1544041633606,4.05672311782837
13080010,Pluviométrica,Convencional,Córdoba,San Pelayo,8.9359,-75.9533,50,9/15/1965,,Caribe,Caribe,Sinú,Bajo Sinú,8.86909103393555,9.70909118652344,15,15,0.561594188213348,0.789855062961578,1,1,1.07000005245209,2020,04,21,0,0,0,0,6.74920654296875,2020-04-01,8.2362232208252,6.54383039474487,10.1213369369507
13080010,Pluviométrica,Convencional,Córdoba,San Pelayo,8.9359,-75.9533,50,9/15/1965,,Caribe,Caribe,Sinú,Bajo Sinú,8.86909103393555,9.70909118652344,15,15,0.561594188213348,0.789855062961578,1,1,1.07000005245209,2020,04,22,0,0,0,0,6.14396858215332,2020-04-01,8.90096092224121,7.91761159896851,13.3610496520996
13080010,Pluviométrica,Convencional,Córdoba,San Pelayo,8.9359,-75.9533,50,9/15/1965,,Caribe,Caribe,Sinú,Bajo Sinú,8.86909103393555,9.70909118652344,15,15,0.561594188213348,0.789855062961578,1,1,1.07000005245209,2020,04,23,22,22,23.5400011539459,0,7.83558893203735,2020-04-01,12.7790813446045,23.0125217437744,22.0075931549072
13080010,Pluviométrica,Convencional,Córdoba,San Pelayo,8.9359,-75.9533,50,9/15/1965,,Caribe,Caribe,Sinú,Bajo Sinú,8.86909103393555,9.70909118652344,15,15,0.561594188213348,0.789855062961578,1,1,1.07000005245209,2020,04,24,0,0,0,0,4.37872695922852,2020-04-01,3.36063551902771,3.86234498023987,4.68505954742432
13080010,Pluviométrica,Convencional,Córdoba,San Pelayo,8.9359,-75.9533,50,9/15/1965,,Caribe,Caribe,Sinú,Bajo Sinú,8.86909103393555,9.70909118652344,15,15,0.561594188213348,0.789855062961578,1,1,1.04999995231628,2020,05,25,0,0,0,0,13.25914478302,2020-05-01,29.1725254058838,6.35653924942017,12.8682518005371
13080010,Pluviométrica,Convencional,Córdoba,San Pelayo,8.9359,-75.9533,50,9/15/1965,,Caribe,Caribe,Sinú,Bajo Sinú,8.86909103393555,9.70909118652344,15,15,0.561594188213348,0.789855062961578,1,1,1.04999995231628,2020,05,26,18,18,18.8999991416931,0,7.55479574203491,2020-05-01,10.672643661499,11.2915143966675,9.36678123474121
13080010,Pluviométrica,Convencional,Córdoba,San Pelayo,8.9359,-75.9533,50,9/15/1965,,Caribe,Caribe,Sinú,Bajo Sinú,8.86909103393555,9.70909118652344,15,15,0.561594188213348,0.789855062961578,1,1,1.04999995231628,2020,05,27,20,20,20.9999990463257,0,10.4371061325073,2020-05-01,18.0311965942383,6.99870204925537,20.8445091247559
13080010,Pluviométrica,Convencional,Córdoba,San Pelayo,8.9359,-75.9533,50,9/15/1965,,Caribe,Caribe,Sinú,Bajo Sinú,8.86909103393555,9.70909118652344,15,15,0.561594188213348,0.789855062961578,1,1,1.04999995231628,2020,05,28,0,0,0,0,15.6770057678223,2020-05-01,33.8472366333008,46.9397621154785,41.1847610473633
13080010,Pluviométrica,Convencional,Córdoba,San Pelayo,8.9359,-75.9533,50,9/15/1965,,Caribe,Caribe,Sinú,Bajo Sinú,8.86909103393555,9.70909118652344,15,15,0.561594188213348,0.789855062961578,1,1,1.04999995231628,2020,05,29,0,0,0,0,8.85316371917725,2020-05-01,14.7983675003052,7.68930339813232,17.965259552002
13080010,Pluviométrica,Convencional,Córdoba,San Pelayo,8.9359,-75.9533,50,9/15/1965,,Caribe,Caribe,Sinú,Bajo Sinú,8.86909103393555,9.70909118652344,15,15,0.561594188213348,0.789855062961578,1,1,1.04999995231628,2020,05,30,138,138,144.899993419647,0,34.3272361755371,2020-05-01,52.8512077331543,64.8168640136719,82.495964050293
13080010,Pluviométrica,Convencional,Córdoba,San Pelayo,8.9359,-75.9533,50,9/15/1965,,Caribe,Caribe,Sinú,Bajo Sinú,8.86909103393555,9.70909118652344,15,15,0.561594188213348,0.789855062961578,1,1,1.05999994277954,2020,06,31,40,40,42.3999977111816,0,21.6907043457031,2020-06-01,27.6812591552734,17.0925903320313,42.8088874816895
13080010,Pluviométrica,Convencional,Córdoba,San Pelayo,8.9359,-75.9533,50,9/15/1965,,Caribe,Caribe,Sinú,Bajo Sinú,8.86909103393555,9.70909118652344,15,15,0.561594188213348,0.789855062961578,1,1,1.05999994277954,2020,06,32,0,0,0,0,33.4493408203125,2020-06-01,38.6407470703125,30.2667198181152,49.0527725219727
13080010,Pluviométrica,Convencional,Córdoba,San Pelayo,8.9359,-75.9533,50,9/15/1965,,Caribe,Caribe,Sinú,Bajo Sinú,8.86909103393555,9.70909118652344,15,15,0.561594188213348,0.789855062961578,1,1,1.05999994277954,2020,06,33,63,63,66.7799963951111,0,20.3623104095459,2020-06-01,17.3004302978516,28.9890575408936,24.7236309051514
13080010,Pluviométrica,Convencional,Córdoba,San Pelayo,8.9359,-75.9533,50,9/15/1965,,Caribe,Caribe,Sinú,Bajo Sinú,8.86909103393555,9.70909118652344,15,15,0.561594188213348,0.789855062961578,1,1,1.05999994277954,2020,06,34,12,12,12.7199993133545,0,21.0687274932861,2020-06-01,21.019775390625,32.5338554382324,28.3396873474121
13080010,Pluviométrica,Convencional,Córdoba,San Pelayo,8.9359,-75.9533,50,9/15/1965,,Caribe,Caribe,Sinú,Bajo Sinú,8.86909103393555,9.70909118652344,15,15,0.561594188213348,0.789855062961578,1,1,1.05999994277954,2020,06,35,28,28,29.6799983978272,0,14.6190624237061,2020-06-01,13.2298812866211,14.4204788208008,9.73887729644775
13080010,Pluviométrica,Convencional,Córdoba,San Pelayo,8.9359,-75.9533,50,9/15/1965,,Caribe,Caribe,Sinú,Bajo Sinú,8.86909103393555,9.70909118652344,15,15,0.561594188213348,0.789855062961578,1,1,1.05999994277954,2020,06,36,0,0,0,0,30.1056327819824,2020-06-01,41.8755340576172,31.9791355133057,42.0851860046387
13080010,Pluviométrica,Convencional,Córdoba,San Pelayo,8.9359,-75.9533,50,9/15/1965,,Caribe,Caribe,Sinú,Bajo Sinú,8.86909103393555,9.70909118652344,15,15,0.561594188213348,0.789855062961578,1,1,1.05999994277954,2020,07,37,30,30,31.7999982833862,0,25.2983055114746,2020-07-01,45.1729011535645,37.4886322021484,64.9163055419922
13080010,Pluviométrica,Convencional,Córdoba,San Pelayo,8.9359,-75.9533,50,9/15/1965,,Caribe,Caribe,Sinú,Bajo Sinú,8.86909103393555,9.70909118652344,15,15,0.561594188213348,0.789855062961578,1,1,1.05999994277954,2020,07,38,0,0,0,0,12.8410558700562,2020-07-01,23.6276473999023,13.3877086639404,17.9536285400391
13080010,Pluviométrica,Convencional,Córdoba,San Pelayo,8.9359,-75.9533,50,9/15/1965,,Caribe,Caribe,Sinú,Bajo Sinú,8.86909103393555,9.70909118652344,15,15,0.561594188213348,0.789855062961578,1,1,1.05999994277954,2020,07,39,65,65,68.8999962806702,0,11.8669872283936,2020-07-01,24.1040687561035,40.833122253418,75.0919952392578
13080010,Pluviométrica,Convencional,Córdoba,San Pelayo,8.9359,-75.9533,50,9/15/1965,,Caribe,Caribe,Sinú,Bajo Sinú,8.86909103393555,9.70909118652344,15,15,0.561594188213348,0.789855062961578,1,1,1.05999994277954,2020,07,40,0,0,0,0,13.5252199172974,2020-07-01,33.0999870300293,18.2514305114746,41.878059387207
13080010,Pluviométrica,Convencional,Córdoba,San Pelayo,8.9359,-75.9533,50,9/15/1965,,Caribe,Caribe,Sinú,Bajo Sinú,8.86909103393555,9.70909118652344,15,15,0.561594188213348,0.789855062961578,1,1,1.05999994277954,2020,07,41,67,67,71.0199961662293,0,15.8221912384033,2020-07-01,30.8662605285645,24.0763168334961,33.7207908630371
13080010,Pluviométrica,Convencional,Córdoba,San Pelayo,8.9359,-75.9533,50,9/15/1965,,Caribe,Caribe,Sinú,Bajo Sinú,8.86909103393555,9.70909118652344,15,15,0.561594188213348,0.789855062961578,1,1,1.05999994277954,2020,07,42,0,0,0,0,9.10460186004639,2020-07-01,11.8680191040039,20.7744693756104,22.4494438171387
13080010,Pluviométrica,Convencional,Córdoba,San Pelayo,8.9359,-75.9533,50,9/15/1965,,Caribe,Caribe,Sinú,Bajo Sinú,8.86909103393555,9.70909118652344,15,15,0.561594188213348,0.789855062961578,1,1,1.04999995231628,2020,08,43,21,21,22.049998998642,0,28.8555335998535,2020-08-01,42.2634391784668,22.1192245483398,29.2350044250488
13080010,Pluviométrica,Convencional,Córdoba,San Pelayo,8.9359,-75.9533,50,9/15/1965,,Caribe,Caribe,Sinú,Bajo Sinú,8.86909103393555,9.70909118652344,15,15,0.561594188213348,0.789855062961578,1,1,1.04999995231628,2020,08,44,34,34,35.6999983787537,0,25.3330669403076,2020-08-01,31.8514671325684,24.7494735717773,30.3565273284912
13080010,Pluviométrica,Convencional,Córdoba,San Pelayo,8.9359,-75.9533,50,9/15/1965,,Caribe,Caribe,Sinú,Bajo Sinú,8.86909103393555,9.70909118652344,15,15,0.561594188213348,0.789855062961578,1,1,1.04999995231628,2020,08,45,14,14,14.699999332428,0,34.0769271850586,2020-08-01,46.811164855957,38.537784576416,52.3877563476563
13080010,Pluviométrica,Convencional,Córdoba,San Pelayo,8.9359,-75.9533,50,9/15/1965,,Caribe,Caribe,Sinú,Bajo Sinú,8.86909103393555,9.70909118652344,15,15,0.561594188213348,0.789855062961578,1,1,1.04999995231628,2020,08,46,24,24,25.1999988555908,0,33.1557388305664,2020-08-01,46.9187202453613,17.9200229644775,35.713321685791
13080010,Pluviométrica,Convencional,Córdoba,San Pelayo,8.9359,-75.9533,50,9/15/1965,,Caribe,Caribe,Sinú,Bajo Sinú,8.86909103393555,9.70909118652344,15,15,0.561594188213348,0.789855062961578,1,1,1.04999995231628,2020,08,47,71,71,74.5499966144562,0,17.6059875488281,2020-08-01,22.1432285308838,12.0601186752319,14.1787633895874
13080010,Pluviométrica,Convencional,Córdoba,San Pelayo,8.9359,-75.9533,50,9/15/1965,,Caribe,Caribe,Sinú,Bajo Sinú,8.86909103393555,9.70909118652344,15,15,0.561594188213348,0.789855062961578,1,1,1.04999995231628,2020,08,48,0,0,0,0,9.71115112304688,2020-08-01,8.36853885650635,5.05464172363281,12.8850564956665
13080010,Pluviométrica,Convencional,Córdoba,San Pelayo,8.9359,-75.9533,50,9/15/1965,,Caribe,Caribe,Sinú,Bajo Sinú,8.86909103393555,9.70909118652344,15,15,0.561594188213348,0.789855062961578,1,1,1.04999995231628,2020,09,49,41,41,43.0499980449677,0,21.6548480987549,2020-09-01,33.5133438110352,38.6030197143555,43.4068374633789
13080010,Pluviométrica,Convencional,Córdoba,San Pelayo,8.9359,-75.9533,50,9/15/1965,,Caribe,Caribe,Sinú,Bajo Sinú,8.86909103393555,9.70909118652344,15,15,0.561594188213348,0.789855062961578,1,1,1.04999995231628,2020,09,50,22,22,23.0999989509583,0,25.861234664917,2020-09-01,39.9739494323731,16.36669921875,25.6256465911865
13080010,Pluviométrica,Convencional,Córdoba,San Pelayo,8.9359,-75.9533,50,9/15/1965,,Caribe,Caribe,Sinú,Bajo Sinú,8.86909103393555,9.70909118652344,15,15,0.561594188213348,0.789855062961578,1,1,1.04999995231628,2020,09,51,12,12,12.5999994277954,0,20.3357105255127,2020-09-01,31.254674911499,16.0285911560059,21.5003662109375
13080010,Pluviométrica,Convencional,Córdoba,San Pelayo,8.9359,-75.9533,50,9/15/1965,,Caribe,Caribe,Sinú,Bajo Sinú,8.86909103393555,9.70909118652344,15,15,0.561594188213348,0.789855062961578,1,1,1.04999995231628,2020,09,52,18,18,18.8999991416931,0,22.0755367279053,2020-09-01,35.3497772216797,16.1439208984375,20.978307723999
13080010,Pluviométrica,Convencional,Córdoba,San Pelayo,8.9359,-75.9533,50,9/15/1965,,Caribe,Caribe,Sinú,Bajo Sinú,8.86909103393555,9.70909118652344,15,15,0.561594188213348,0.789855062961578,1,1,1.04999995231628,2020,09,53,29,29,30.4499986171722,0,18.4700584411621,2020-09-01,25.098653793335,23.8533096313477,37.804328918457
13080010,Pluviométrica,Convencional,Córdoba,San Pelayo,8.9359,-75.9533,50,9/15/1965,,Caribe,Caribe,Sinú,Bajo Sinú,8.86909103393555,9.70909118652344,15,15,0.561594188213348,0.789855062961578,1,1,1.04999995231628,2020,09,54,32,32,33.5999984741211,0,12.7370281219482,2020-09-01,27.549409866333,6.47690200805664,18.2111892700195
13080010,Pluviométrica,Convencional,Córdoba,San Pelayo,8.9359,-75.9533,50,9/15/1965,,Caribe,Caribe,Sinú,Bajo Sinú,8.86909103393555,9.70909118652344,15,15,0.561594188213348,0.789855062961578,1,1,1.05999994277954,2020,10,55,0,0,0,0,26.5936012268066,2020-10-01,32.7270202636719,35.2633476257324,41.0074310302734
13080010,Pluviométrica,Convencional,Córdoba,San Pelayo,8.9359,-75.9533,50,9/15/1965,,Caribe,Caribe,Sinú,Bajo Sinú,8.86909103393555,9.70909118652344,15,15,0.561594188213348,0.789855062961578,1,1,1.05999994277954,2020,10,56,43,43,45.5799975395203,0,18.4727344512939,2020-10-01,17.3549060821533,16.7402572631836,13.5049467086792
13080010,Pluviométrica,Convencional,Córdoba,San Pelayo,8.9359,-75.9533,50,9/15/1965,,Caribe,Caribe,Sinú,Bajo Sinú,8.86909103393555,9.70909118652344,15,15,0.561594188213348,0.789855062961578,1,1,1.05999994277954,2020,10,57,73,73,77.3799958229065,0,33.8932418823242,2020-10-01,35.4986877441406,44.6657371520996,39.1648139953613
13080010,Pluviométrica,Convencional,Córdoba,San Pelayo,8.9359,-75.9533,50,9/15/1965,,Caribe,Caribe,Sinú,Bajo Sinú,8.86909103393555,9.70909118652344,15,15,0.561594188213348,0.789855062961578,1,1,1.05999994277954,2020,10,58,22,22,23.3199987411499,0,32.9784202575684,2020-10-01,33.5054588317871,17.3001804351807,16.3076782226563
13080010,Pluviométrica,Convencional,Córdoba,San Pelayo,8.9359,-75.9533,50,9/15/1965,,Caribe,Caribe,Sinú,Bajo Sinú,8.86909103393555,9.70909118652344,15,15,0.561594188213348,0.789855062961578,1,1,1.05999994277954,2020,10,59,0,0,0,0,30.7060890197754,2020-10-01,32.3054809570313,41.2977561950684,36.4618377685547
13080010,Pluviométrica,Convencional,Córdoba,San Pelayo,8.9359,-75.9533,50,9/15/1965,,Caribe,Caribe,Sinú,Bajo Sinú,8.86909103393555,9.70909118652344,15,15,0.561594188213348,0.789855062961578,1,1,1.05999994277954,2020,10,60,12,12,12.7199993133545,0,15.7280120849609,2020-10-01,13.2520322799683,26.2557697296143,27.7882747650147
13080010,Pluviométrica,Convencional,Córdoba,San Pelayo,8.9359,-75.9533,50,9/15/1965,,Caribe,Caribe,Sinú,Bajo Sinú,8.86909103393555,9.70909118652344,15,15,0.561594188213348,0.789855062961578,1,1,1.07000005245209,2020,11,61,5,5,5.35000026226044,0,6.52453899383545,2020-11-01,5.48236465454102,5.99465274810791,9.12475872039795
13080010,Pluviométrica,Convencional,Córdoba,San Pelayo,8.9359,-75.9533,50,9/15/1965,,Caribe,Caribe,Sinú,Bajo Sinú,8.86909103393555,9.70909118652344,15,15,0.561594188213348,0.789855062961578,1,1,1.07000005245209,2020,11,62,10,10,10.7000005245209,0,7.83512687683106,2020-11-01,6.92529201507568,16.6384315490723,18.1375923156738
13080010,Pluviométrica,Convencional,Córdoba,San Pelayo,8.9359,-75.9533,50,9/15/1965,,Caribe,Caribe,Sinú,Bajo Sinú,8.86909103393555,9.70909118652344,15,15,0.561594188213348,0.789855062961578,1,1,1.07000005245209,2020,11,63,35,35,37.4500018358231,0,24.2796096801758,2020-11-01,37.0905380249023,23.1519832611084,26.4524402618408
13080010,Pluviométrica,Convencional,Córdoba,San Pelayo,8.9359,-75.9533,50,9/15/1965,,Caribe,Caribe,Sinú,Bajo Sinú,8.86909103393555,9.70909118652344,15,15,0.561594188213348,0.789855062961578,1,1,1.07000005245209,2020,11,64,45,45,48.1500023603439,0,22.0939083099365,2020-11-01,31.6992454528809,49.2092437744141,56.6945190429688
13080010,Pluviométrica,Convencional,Córdoba,San Pelayo,8.9359,-75.9533,50,9/15/1965,,Caribe,Caribe,Sinú,Bajo Sinú,8.86909103393555,9.70909118652344,15,15,0.561594188213348,0.789855062961578,1,1,1.07000005245209,2020,11,65,0,0,0,0,11.0234994888306,2020-11-01,12.3277034759521,11.9383296966553,24.5576858520508
13080010,Pluviométrica,Convencional,Córdoba,San Pelayo,8.9359,-75.9533,50,9/15/1965,,Caribe,Caribe,Sinú,Bajo Sinú,8.86909103393555,9.70909118652344,15,15,0.561594188213348,0.789855062961578,1,1,1.07000005245209,2020,11,66,0,0,0,0,15.4537534713745,2020-11-01,23.1148509979248,18.507194519043,28.9107074737549
13080010,Pluviométrica,Convencional,Córdoba,San Pelayo,8.9359,-75.9533,50,9/15/1965,,Caribe,Caribe,Sinú,Bajo Sinú,8.86909103393555,9.70909118652344,15,15,0.561594188213348,0.789855062961578,1,1,1.08000004291534,2020,12,67,0,0,0,0,9.42558479309082,2020-12-01,11.6135482788086,11.2060289382935,16.8449478149414
13080010,Pluviométrica,Convencional,Córdoba,San Pelayo,8.9359,-75.9533,50,9/15/1965,,Caribe,Caribe,Sinú,Bajo Sinú,8.86909103393555,9.70909118652344,15,15,0.561594188213348,0.789855062961578,1,1,1.08000004291534,2020,12,68,7,7,7.56000030040741,0,2.43081903457642,2020-12-01,0.217057749629021,3.24048781394959,0.210280403494835
13080010,Pluviométrica,Convencional,Córdoba,San Pelayo,8.9359,-75.9533,50,9/15/1965,,Caribe,Caribe,Sinú,Bajo Sinú,8.86909103393555,9.70909118652344,15,15,0.561594188213348,0.789855062961578,1,1,1.08000004291534,2020,12,69,0,0,0,0,1.41200590133667,2020-12-01,0,1.67912113666534,0
13080010,Pluviométrica,Convencional,Córdoba,San Pelayo,8.9359,-75.9533,50,9/15/1965,,Caribe,Caribe,Sinú,Bajo Sinú,8.86909103393555,9.70909118652344,15,15,0.561594188213348,0.789855062961578,1,1,1.08000004291534,2020,12,70,0,0,0,0,1.5132087469101,2020-12-01,0,2.12215209007263,0
13080010,Pluviométrica,Convencional,Córdoba,San Pelayo,8.9359,-75.9533,50,9/15/1965,,Caribe,Caribe,Sinú,Bajo Sinú,8.86909103393555,9.70909118652344,15,15,0.561594188213348,0.789855062961578,1,1,1.08000004291534,2020,12,71,0,0,0,0,1.60170555114746,2020-12-01,0,2.20019245147705,0
13080010,Pluviométrica,Convencional,Córdoba,San Pelayo,8.9359,-75.9533,50,9/15/1965,,Caribe,Caribe,Sinú,Bajo Sinú,8.86909103393555,9.70909118652344,15,15,0.561594188213348,0.789855062961578,1,1,1.08000004291534,2020,12,72,0,0,0,0,2.19195556640625,2020-12-01,0,2.51099514961243,0
13080010,Pluviométrica,Convencional,Córdoba,San Pelayo,8.9359,-75.9533,50,9/15/1965,,Caribe,Caribe,Sinú,Bajo Sinú,8.86909103393555,9.70909118652344,15,15,0.561594188213348,0.789855062961578,1,1,1.10000002384186,2021,01,1,0,0,0,0,0.830317139625549,2021-01-01,0,1.10022759437561,0
13080010,Pluviométrica,Convencional,Córdoba,San Pelayo,8.9359,-75.9533,50,9/15/1965,,Caribe,Caribe,Sinú,Bajo Sinú,8.86909103393555,9.70909118652344,15,15,0.561594188213348,0.789855062961578,1,1,1.10000002384186,2021,01,2,0,0,0,0,7.71850061416626,2021-01-01,11.0714864730835,9.8259334564209,14.2039375305176
13080010,Pluviométrica,Convencional,Córdoba,San Pelayo,8.9359,-75.9533,50,9/15/1965,,Caribe,Caribe,Sinú,Bajo Sinú,8.86909103393555,9.70909118652344,15,15,0.561594188213348,0.789855062961578,1,1,1.10000002384186,2021,01,3,0,0,0,0,3.5693416595459,2021-01-01,0.396002769470215,3.81985187530518,0.67852246761322
13080010,Pluviométrica,Convencional,Córdoba,San Pelayo,8.9359,-75.9533,50,9/15/1965,,Caribe,Caribe,Sinú,Bajo Sinú,8.86909103393555,9.70909118652344,15,15,0.561594188213348,0.789855062961578,1,1,1.10000002384186,2021,01,4,0,0,0,0,1.16166758537292,2021-01-01,0,1.45116746425629,0
13080010,Pluviométrica,Convencional,Córdoba,San Pelayo,8.9359,-75.9533,50,9/15/1965,,Caribe,Caribe,Sinú,Bajo Sinú,8.86909103393555,9.70909118652344,15,15,0.561594188213348,0.789855062961578,1,1,1.10000002384186,2021,01,5,0,0,0,0,1.19485592842102,2021-01-01,0,1.48298180103302,0
13080010,Pluviométrica,Convencional,Córdoba,San Pelayo,8.9359,-75.9533,50,9/15/1965,,Caribe,Caribe,Sinú,Bajo Sinú,8.86909103393555,9.70909118652344,15,15,0.561594188213348,0.789855062961578,1,1,1.10000002384186,2021,01,6,0,0,0,0,1.58560132980347,2021-01-01,0.156015813350678,1.80337429046631,0.387208610773087
13080010,Pluviométrica,Convencional,Córdoba,San Pelayo,8.9359,-75.9533,50,9/15/1965,,Caribe,Caribe,Sinú,Bajo Sinú,8.86909103393555,9.70909118652344,15,15,0.561594188213348,0.789855062961578,1,1,1.12000000476837,2021,02,7,0,0,0,0,3.09490013122559,2021-02-01,1.17031812667847,1.37089431285858,0.941801846027374
13080010,Pluviométrica,Convencional,Córdoba,San Pelayo,8.9359,-75.9533,50,9/15/1965,,Caribe,Caribe,Sinú,Bajo Sinú,8.86909103393555,9.70909118652344,15,15,0.561594188213348,0.789855062961578,1,1,1.12000000476837,2021,02,8,0,0,0,0,3.14761328697205,2021-02-01,1.77876543998718,1.40435564517975,1.35207688808441
13080010,Pluviométrica,Convencional,Córdoba,San Pelayo,8.9359,-75.9533,50,9/15/1965,,Caribe,Caribe,Sinú,Bajo Sinú,8.86909103393555,9.70909118652344,15,15,0.561594188213348,0.789855062961578,1,1,1.12000000476837,2021,02,9,0,0,0,0,3.0855348110199,2021-02-01,1.78268098831177,1.38666546344757,1.44550597667694
13080010,Pluviométrica,Convencional,Córdoba,San Pelayo,8.9359,-75.9533,50,9/15/1965,,Caribe,Caribe,Sinú,Bajo Sinú,8.86909103393555,9.70909118652344,15,15,0.561594188213348,0.789855062961578,1,1,1.12000000476837,2021,02,10,45,45,50.4000002145767,0,2.85684847831726,2021-02-01,1.43506395816803,1.42958533763886,1.14100921154022
13080010,Pluviométrica,Convencional,Córdoba,San Pelayo,8.9359,-75.9533,50,9/15/1965,,Caribe,Caribe,Sinú,Bajo Sinú,8.86909103393555,9.70909118652344,15,15,0.561594188213348,0.789855062961578,1,1,1.12000000476837,2021,02,11,5,5,5.60000002384186,0,2.57713532447815,2021-02-01,0,1.22474646568298,0
13080010,Pluviométrica,Convencional,Córdoba,San Pelayo,8.9359,-75.9533,50,9/15/1965,,Caribe,Caribe,Sinú,Bajo Sinú,8.86909103393555,9.70909118652344,15,15,0.561594188213348,0.789855062961578,1,1,1.12000000476837,2021,02,12,0,0,0,0,0.819596409797669,2021-02-01,0,0.428680807352066,0
13080010,Pluviométrica,Convencional,Córdoba,San Pelayo,8.9359,-75.9533,50,9/15/1965,,Caribe,Caribe,Sinú,Bajo Sinú,8.86909103393555,9.70909118652344,15,15,0.561594188213348,0.789855062961578,1,1,1.11000001430511,2021,03,13,0,0,0,0,1.15114951133728,2021-03-01,0,4.21447896957397,0
13080010,Pluviométrica,Convencional,Córdoba,San Pelayo,8.9359,-75.9533,50,9/15/1965,,Caribe,Caribe,Sinú,Bajo Sinú,8.86909103393555,9.70909118652344,15,15,0.561594188213348,0.789855062961578,1,1,1.11000001430511,2021,03,14,7,7,7.7700001001358,0,5.82093620300293,2021-03-01,26.9453029632568,21.3110580444336,32.0617561340332
13080010,Pluviométrica,Convencional,Córdoba,San Pelayo,8.9359,-75.9533,50,9/15/1965,,Caribe,Caribe,Sinú,Bajo Sinú,8.86909103393555,9.70909118652344,15,15,0.561594188213348,0.789855062961578,1,1,1.11000001430511,2021,03,15,0,0,0,0,0.593546807765961,2021-03-01,0,2.17303705215454,0
13080010,Pluviométrica,Convencional,Córdoba,San Pelayo,8.9359,-75.9533,50,9/15/1965,,Caribe,Caribe,Sinú,Bajo Sinú,8.86909103393555,9.70909118652344,15,15,0.561594188213348,0.789855062961578,1,1,1.11000001430511,2021,03,16,25,25,27.7500003576279,0,5.69346714019775,2021-03-01,26.5737705230713,20.8443813323975,31.6196784973145
13080010,Pluviométrica,Convencional,Córdoba,San Pelayo,8.9359,-75.9533,50,9/15/1965,,Caribe,Caribe,Sinú,Bajo Sinú,8.86909103393555,9.70909118652344,15,15,0.561594188213348,0.789855062961578,1,1,1.11000001430511,2021,03,17,0,0,0,0,0.748999834060669,2021-03-01,0,2.7421669960022,0
13080010,Pluviométrica,Convencional,Córdoba,San Pelayo,8.9359,-75.9533,50,9/15/1965,,Caribe,Caribe,Sinú,Bajo Sinú,8.86909103393555,9.70909118652344,15,15,0.561594188213348,0.789855062961578,1,1,1.11000001430511,2021,03,18,5,5,5.55000007152557,0,8.1002140045166,2021-03-01,13.725959777832,29.6557331085205,16.3322868347168
13080010,Pluviométrica,Convencional,Córdoba,San Pelayo,8.9359,-75.9533,50,9/15/1965,,Caribe,Caribe,Sinú,Bajo Sinú,8.86909103393555,9.70909118652344,15,15,0.561594188213348,0.789855062961578,1,1,1.07000005245209,2021,04,19,87,87,93.0900045633316,0,30.3575820922852,2021-04-01,63.5728607177734,50.8274345397949,75.6998672485352
13080010,Pluviométrica,Convencional,Córdoba,San Pelayo,8.9359,-75.9533,50,9/15/1965,,Caribe,Caribe,Sinú,Bajo Sinú,8.86909103393555,9.70909118652344,15,15,0.561594188213348,0.789855062961578,1,1,1.07000005245209,2021,04,20,18,18,19.2600009441376,0,20.9717102050781,2021-04-01,39.539623260498,35.1127548217773,47.0821113586426
13080010,Pluviométrica,Convencional,Córdoba,San Pelayo,8.9359,-75.9533,50,9/15/1965,,Caribe,Caribe,Sinú,Bajo Sinú,8.86909103393555,9.70909118652344,15,15,0.561594188213348,0.789855062961578,1,1,1.07000005245209,2021,04,21,12,12,12.840000629425,0,24.5223808288574,2021-04-01,46.6016960144043,41.0576095581055,55.4913215637207
13080010,Pluviométrica,Convencional,Córdoba,San Pelayo,8.9359,-75.9533,50,9/15/1965,,Caribe,Caribe,Sinú,Bajo Sinú,8.86909103393555,9.70909118652344,15,15,0.561594188213348,0.789855062961578,1,1,1.07000005245209,2021,04,22,33,33,35.3100017309189,0,15.9268369674683,2021-04-01,29.6546077728272,26.6661643981934,35.311450958252
13080010,Pluviométrica,Convencional,Córdoba,San Pelayo,8.9359,-75.9533,50,9/15/1965,,Caribe,Caribe,Sinú,Bajo Sinú,8.86909103393555,9.70909118652344,15,15,0.561594188213348,0.789855062961578,1,1,1.07000005245209,2021,04,23,0,0,0,0,1.86999297142029,2021-04-01,0,3.13091278076172,0
13080010,Pluviométrica,Convencional,Córdoba,San Pelayo,8.9359,-75.9533,50,9/15/1965,,Caribe,Caribe,Sinú,Bajo Sinú,8.86909103393555,9.70909118652344,15,15,0.561594188213348,0.789855062961578,1,1,1.07000005245209,2021,04,24,0,0,0,0,1.53744304180145,2021-04-01,0,2.57412767410278,0
13080010,Pluviométrica,Convencional,Córdoba,San Pelayo,8.9359,-75.9533,50,9/15/1965,,Caribe,Caribe,Sinú,Bajo Sinú,8.86909103393555,9.70909118652344,15,15,0.561594188213348,0.789855062961578,1,1,1.04999995231628,2021,05,25,10,10,10.4999995231628,0,12.0750522613525,2021-05-01,23.5034961700439,12.8767347335815,25.224931716919
13080010,Pluviométrica,Convencional,Córdoba,San Pelayo,8.9359,-75.9533,50,9/15/1965,,Caribe,Caribe,Sinú,Bajo Sinú,8.86909103393555,9.70909118652344,15,15,0.561594188213348,0.789855062961578,1,1,1.04999995231628,2021,05,26,12,12,12.5999994277954,0,12.735390663147,2021-05-01,25.5872020721436,13.5809135437012,27.4612541198731
13080010,Pluviométrica,Convencional,Córdoba,San Pelayo,8.9359,-75.9533,50,9/15/1965,,Caribe,Caribe,Sinú,Bajo Sinú,8.86909103393555,9.70909118652344,15,15,0.561594188213348,0.789855062961578,1,1,1.04999995231628,2021,05,27,10,10,10.4999995231628,0,12.9080944061279,2021-05-01,28.8405094146729,13.7650833129883,30.9528369903564
13080010,Pluviométrica,Convencional,Córdoba,San Pelayo,8.9359,-75.9533,50,9/15/1965,,Caribe,Caribe,Sinú,Bajo Sinú,8.86909103393555,9.70909118652344,15,15,0.561594188213348,0.789855062961578,1,1,1.04999995231628,2021,05,28,0,0,0,0,11.8987264633179,2021-05-01,20.6909790039063,12.6887016296387,22.2064208984375
13080010,Pluviométrica,Convencional,Córdoba,San Pelayo,8.9359,-75.9533,50,9/15/1965,,Caribe,Caribe,Sinú,Bajo Sinú,8.86909103393555,9.70909118652344,15,15,0.561594188213348,0.789855062961578,1,1,1.04999995231628,2021,05,29,52,52,54.5999975204468,0,22.4017848968506,2021-05-01,50.1866111755371,23.8890743255615,53.8623657226563
13080010,Pluviométrica,Convencional,Córdoba,San Pelayo,8.9359,-75.9533,50,9/15/1965,,Caribe,Caribe,Sinú,Bajo Sinú,8.86909103393555,9.70909118652344,15,15,0.561594188213348,0.789855062961578,1,1,1.04999995231628,2021,05,30,60,60,62.9999971389771,0,23.1632289886475,2021-05-01,33.1084518432617,24.7010726928711,35.5333709716797
13080010,Pluviométrica,Convencional,Córdoba,San Pelayo,8.9359,-75.9533,50,9/15/1965,,Caribe,Caribe,Sinú,Bajo Sinú,8.86909103393555,9.70909118652344,15,15,0.561594188213348,0.789855062961578,1,1,1.05999994277954,2021,06,31,0,0,0,0,30.6366863250732,2021-06-01,40.7945556640625,31.5520439147949,45.4526557922363
13080010,Pluviométrica,Convencional,Córdoba,San Pelayo,8.9359,-75.9533,50,9/15/1965,,Caribe,Caribe,Sinú,Bajo Sinú,8.86909103393555,9.70909118652344,15,15,0.561594188213348,0.789855062961578,1,1,1.05999994277954,2021,06,32,54,54,57.2399969100952,0,27.7574577331543,2021-06-01,31.6816749572754,28.5867881774902,35.2992286682129
13080010,Pluviométrica,Convencional,Córdoba,San Pelayo,8.9359,-75.9533,50,9/15/1965,,Caribe,Caribe,Sinú,Bajo Sinú,8.86909103393555,9.70909118652344,15,15,0.561594188213348,0.789855062961578,1,1,1.05999994277954,2021,06,33,31,31,32.8599982261658,0,15.9406242370605,2021-06-01,12.0828275680542,16.4168949127197,13.4624977111816
13080010,Pluviométrica,Convencional,Córdoba,San Pelayo,8.9359,-75.9533,50,9/15/1965,,Caribe,Caribe,Sinú,Bajo Sinú,8.86909103393555,9.70909118652344,15,15,0.561594188213348,0.789855062961578,1,1,1.05999994277954,2021,06,34,41,41,43.4599976539612,0,19.5135841369629,2021-06-01,18.3885707855225,20.096607208252,20.4882583618164
13080010,Pluviométrica,Convencional,Córdoba,San Pelayo,8.9359,-75.9533,50,9/15/1965,,Caribe,Caribe,Sinú,Bajo Sinú,8.86909103393555,9.70909118652344,15,15,0.561594188213348,0.789855062961578,1,1,1.05999994277954,2021,06,35,12,12,12.7199993133545,0,30.4409122467041,2021-06-01,35.6162490844727,31.350419998169,39.6830673217773
13080010,Pluviométrica,Convencional,Córdoba,San Pelayo,8.9359,-75.9533,50,9/15/1965,,Caribe,Caribe,Sinú,Bajo Sinú,8.86909103393555,9.70909118652344,15,15,0.561594188213348,0.789855062961578,1,1,1.05999994277954,2021,06,36,32,32,33.9199981689453,0,20.8263339996338,2021-06-01,27.3186588287354,21.4485778808594,30.4380226135254
13080010,Pluviométrica,Convencional,Córdoba,San Pelayo,8.9359,-75.9533,50,9/15/1965,,Caribe,Caribe,Sinú,Bajo Sinú,8.86909103393555,9.70909118652344,15,15,0.561594188213348,0.789855062961578,1,1,1.05999994277954,2021,07,37,6,6,6.35999965667725,0,14.422589302063,2021-07-01,22.3818817138672,18.673885345459,25.0684394836426
13080010,Pluviométrica,Convencional,Córdoba,San Pelayo,8.9359,-75.9533,50,9/15/1965,,Caribe,Caribe,Sinú,Bajo Sinú,8.86909103393555,9.70909118652344,15,15,0.561594188213348,0.789855062961578,1,1,1.05999994277954,2021,07,38,12,12,12.7199993133545,0,20.3926982879639,2021-07-01,42.2990379333496,26.4037818908691,47.3763046264649
13080010,Pluviométrica,Convencional,Córdoba,San Pelayo,8.9359,-75.9533,50,9/15/1965,,Caribe,Caribe,Sinú,Bajo Sinú,8.86909103393555,9.70909118652344,15,15,0.561594188213348,0.789855062961578,1,1,1.05999994277954,2021,07,39,0,0,0,0,7.81894159317017,2021-07-01,11.6359958648682,10.1237020492554,13.0326957702637
13080010,Pluviométrica,Convencional,Córdoba,San Pelayo,8.9359,-75.9533,50,9/15/1965,,Caribe,Caribe,Sinú,Bajo Sinú,8.86909103393555,9.70909118652344,15,15,0.561594188213348,0.789855062961578,1,1,1.05999994277954,2021,07,40,42,42,44.5199975967407,0,8.61921691894531,2021-07-01,14.3325729370117,11.159873008728,16.0529499053955
13080010,Pluviométrica,Convencional,Córdoba,San Pelayo,8.9359,-75.9533,50,9/15/1965,,Caribe,Caribe,Sinú,Bajo Sinú,8.86909103393555,9.70909118652344,15,15,0.561594188213348,0.789855062961578,1,1,1.05999994277954,2021,07,41,0,0,0,0,18.0324401855469,2021-07-01,36.3088645935059,23.3477973937988,40.6671142578125
13080010,Pluviométrica,Convencional,Córdoba,San Pelayo,8.9359,-75.9533,50,9/15/1965,,Caribe,Caribe,Sinú,Bajo Sinú,8.86909103393555,9.70909118652344,15,15,0.561594188213348,0.789855062961578,1,1,1.05999994277954,2021,07,42,47,47,49.8199973106384,0,23.7128524780273,2021-07-01,40.0821266174316,30.7026062011719,44.8932914733887
13080010,Pluviométrica,Convencional,Córdoba,San Pelayo,8.9359,-75.9533,50,9/15/1965,,Caribe,Caribe,Sinú,Bajo Sinú,8.86909103393555,9.70909118652344,15,15,0.561594188213348,0.789855062961578,1,1,1.04999995231628,2021,08,43,22,22,23.0999989509583,0,21.8803329467773,2021-08-01,29.3332061767578,21.8803329467773,23.0699462890625
13080010,Pluviométrica,Convencional,Córdoba,San Pelayo,8.9359,-75.9533,50,9/15/1965,,Caribe,Caribe,Sinú,Bajo Sinú,8.86909103393555,9.70909118652344,15,15,0.561594188213348,0.789855062961578,1,1,1.04999995231628,2021,08,44,0,0,0,0,29.0339260101318,2021-08-01,39.012809753418,29.0339260101318,30.6827487945557
13080010,Pluviométrica,Convencional,Córdoba,San Pelayo,8.9359,-75.9533,50,9/15/1965,,Caribe,Caribe,Sinú,Bajo Sinú,8.86909103393555,9.70909118652344,15,15,0.561594188213348,0.789855062961578,1,1,1.04999995231628,2021,08,45,67,67,70.349996805191,0,34.6018676757813,2021-08-01,47.6207656860352,34.6018676757813,37.4527244567871
13080010,Pluviométrica,Convencional,Córdoba,San Pelayo,8.9359,-75.9533,50,9/15/1965,,Caribe,Caribe,Sinú,Bajo Sinú,8.86909103393555,9.70909118652344,15,15,0.561594188213348,0.789855062961578,1,1,1.04999995231628,2021,08,46,11,11,11.5499994754791,0,29.5805187225342,2021-08-01,42.0668296813965,29.5805187225342,33.0846748352051
13080010,Pluviométrica,Convencional,Córdoba,San Pelayo,8.9359,-75.9533,50,9/15/1965,,Caribe,Caribe,Sinú,Bajo Sinú,8.86909103393555,9.70909118652344,15,15,0.561594188213348,0.789855062961578,1,1,1.04999995231628,2021,08,47,82,82,86.0999960899353,0,24.640230178833,2021-08-01,33.2308578491211,24.640230178833,26.135368347168
13080010,Pluviométrica,Convencional,Córdoba,San Pelayo,8.9359,-75.9533,50,9/15/1965,,Caribe,Caribe,Sinú,Bajo Sinú,8.86909103393555,9.70909118652344,15,15,0.561594188213348,0.789855062961578,1,1,1.04999995231628,2021,08,48,16,16,16.7999992370605,1,43.0564422607422,2021-08-01,57.9014015197754,43.0564422607422,45.5382308959961
13080010,Pluviométrica,Convencional,Córdoba,San Pelayo,8.9359,-75.9533,50,9/15/1965,,Caribe,Caribe,Sinú,Bajo Sinú,8.86909103393555,9.70909118652344,15,15,0.561594188213348,0.789855062961578,1,1,1.04999995231628,2021,09,49,28,28,29.399998664856,0,18.5788135528564,2021-09-01,27.6787242889404,21.4876022338867,29.7612323760986
13080010,Pluviométrica,Convencional,Córdoba,San Pelayo,8.9359,-75.9533,50,9/15/1965,,Caribe,Caribe,Sinú,Bajo Sinú,8.86909103393555,9.70909118652344,15,15,0.561594188213348,0.789855062961578,1,1,1.04999995231628,2021,09,50,62,62,65.0999970436096,0,12.1050186157227,2021-09-01,12.9583539962769,14.0002384185791,13.9333219528198
13080010,Pluviométrica,Convencional,Córdoba,San Pelayo,8.9359,-75.9533,50,9/15/1965,,Caribe,Caribe,Sinú,Bajo Sinú,8.86909103393555,9.70909118652344,15,15,0.561594188213348,0.789855062961578,1,1,1.04999995231628,2021,09,51,0,0,0,0,20.3357105255127,2021-09-01,31.254674911499,23.519567489624,33.6062316894531
13080010,Pluviométrica,Convencional,Córdoba,San Pelayo,8.9359,-75.9533,50,9/15/1965,,Caribe,Caribe,Sinú,Bajo Sinú,8.86909103393555,9.70909118652344,15,15,0.561594188213348,0.789855062961578,1,1,1.04999995231628,2021,09,52,4,4,4.19999980926514,0,20.2465381622314,2021-09-01,33.5986747741699,23.4164352416992,36.1265907287598
13080010,Pluviométrica,Convencional,Córdoba,San Pelayo,8.9359,-75.9533,50,9/15/1965,,Caribe,Caribe,Sinú,Bajo Sinú,8.86909103393555,9.70909118652344,15,15,0.561594188213348,0.789855062961578,1,1,1.04999995231628,2021,09,53,27,27,28.3499987125397,0,18.9402847290039,2021-09-01,27.6702480316162,21.9056663513184,29.7521190643311
13080010,Pluviométrica,Convencional,Córdoba,San Pelayo,8.9359,-75.9533,50,9/15/1965,,Caribe,Caribe,Sinú,Bajo Sinú,8.86909103393555,9.70909118652344,15,15,0.561594188213348,0.789855062961578,1,1,1.04999995231628,2021,09,54,0,0,0,0,22.915412902832,2021-09-01,31.8282985687256,26.5031604766846,34.223014831543
13080010,Pluviométrica,Convencional,Córdoba,San Pelayo,8.9359,-75.9533,50,9/15/1965,,Caribe,Caribe,Sinú,Bajo Sinú,8.86909103393555,9.70909118652344,15,15,0.561594188213348,0.789855062961578,1,1,1.05999994277954,2021,10,55,25,25,26.4999985694885,0,24.6465473175049,2021-10-01,30.1288719177246,19.403205871582,23.7749671936035
13080010,Pluviométrica,Convencional,Córdoba,San Pelayo,8.9359,-75.9533,50,9/15/1965,,Caribe,Caribe,Sinú,Bajo Sinú,8.86909103393555,9.70909118652344,15,15,0.561594188213348,0.789855062961578,1,1,1.05999994277954,2021,10,56,48,48,50.879997253418,0,28.0600471496582,2021-10-01,30.9667701721191,14.2717523574829,16.9661254882813
13080010,Pluviométrica,Convencional,Córdoba,San Pelayo,8.9359,-75.9533,50,9/15/1965,,Caribe,Caribe,Sinú,Bajo Sinú,8.86909103393555,9.70909118652344,15,15,0.561594188213348,0.789855062961578,1,1,1.05999994277954,2021,10,57,47,47,49.8199973106384,0,15.8553466796875,2021-10-01,14.8172578811646,21.3425540924072,26.1624698638916
13080010,Pluviométrica,Convencional,Córdoba,San Pelayo,8.9359,-75.9533,50,9/15/1965,,Caribe,Caribe,Sinú,Bajo Sinú,8.86909103393555,9.70909118652344,15,15,0.561594188213348,0.789855062961578,1,1,1.05999994277954,2021,10,58,3,3,3.17999982833862,0,25.3045673370361,2021-10-01,26.2960891723633,22.8133945465088,23.9851665496826
13080010,Pluviométrica,Convencional,Córdoba,San Pelayo,8.9359,-75.9533,50,9/15/1965,,Caribe,Caribe,Sinú,Bajo Sinú,8.86909103393555,9.70909118652344,15,15,0.561594188213348,0.789855062961578,1,1,1.05999994277954,2021,10,59,5,5,5.29999971389771,0,29.8974990844727,2021-10-01,32.3054809570313,23.1089267730713,22.9224452972412
13080010,Pluviométrica,Convencional,Córdoba,San Pelayo,8.9359,-75.9533,50,9/15/1965,,Caribe,Caribe,Sinú,Bajo Sinú,8.86909103393555,9.70909118652344,15,15,0.561594188213348,0.789855062961578,1,1,1.05999994277954,2021,10,60,59,59,62.5399966239929,0,42.5203437805176,2021-10-01,40.8767242431641,56.2689743041992,60.5829811096191
13080010,Pluviométrica,Convencional,Córdoba,San Pelayo,8.9359,-75.9533,50,9/15/1965,,Caribe,Caribe,Sinú,Bajo Sinú,8.86909103393555,9.70909118652344,15,15,0.561594188213348,0.789855062961578,1,1,1.07000005245209,2021,11,61,16,16,17.1200008392334,0,8.8542366027832,2021-11-01,7.47341346740723,18.3983554840088,14.3876791000366
13080010,Pluviométrica,Convencional,Córdoba,San Pelayo,8.9359,-75.9533,50,9/15/1965,,Caribe,Caribe,Sinú,Bajo Sinú,8.86909103393555,9.70909118652344,15,15,0.561594188213348,0.789855062961578,1,1,1.07000005245209,2021,11,62,42,42,44.9400022029877,0,27.7634696960449,2021-11-01,35.7746276855469,43.4670486450195,46.1015892028809
13080010,Pluviométrica,Convencional,Córdoba,San Pelayo,8.9359,-75.9533,50,9/15/1965,,Caribe,Caribe,Sinú,Bajo Sinú,8.86909103393555,9.70909118652344,15,15,0.561594188213348,0.789855062961578,1,1,1.07000005245209,2021,11,63,47,47,50.2900024652481,0,5.31204557418823,2021-11-01,4.17730379104614,3.40038347244263,6.47998476028442
13080010,Pluviométrica,Convencional,Córdoba,San Pelayo,8.9359,-75.9533,50,9/15/1965,,Caribe,Caribe,Sinú,Bajo Sinú,8.86909103393555,9.70909118652344,15,15,0.561594188213348,0.789855062961578,1,1,1.07000005245209,2021,11,64,2,2,2.14000010490417,0,2.18473315238953,2021-11-01,0,2.48305511474609,0
13080010,Pluviométrica,Convencional,Córdoba,San Pelayo,8.9359,-75.9533,50,9/15/1965,,Caribe,Caribe,Sinú,Bajo Sinú,8.86909103393555,9.70909118652344,15,15,0.561594188213348,0.789855062961578,1,1,1.07000005245209,2021,11,65,31,31,33.1700016260147,0,21.1590118408203,2021-11-01,30.3250560760498,22.3114414215088,34.9066352844238
13080010,Pluviométrica,Convencional,Córdoba,San Pelayo,8.9359,-75.9533,50,9/15/1965,,Caribe,Caribe,Sinú,Bajo Sinú,8.86909103393555,9.70909118652344,15,15,0.561594188213348,0.789855062961578,1,1,1.07000005245209,2021,11,66,27,27,28.8900014162064,0,18.4956169128418,2021-11-01,29.4373645782471,13.0009632110596,16.7735652923584
13080010,Pluviométrica,Convencional,Córdoba,San Pelayo,8.9359,-75.9533,50,9/15/1965,,Caribe,Caribe,Sinú,Bajo Sinú,8.86909103393555,9.70909118652344,15,15,0.561594188213348,0.789855062961578,1,1,1.08000004291534,2021,12,67,0,0,0,0,17.2367973327637,2021-12-01,26.5482769012451,17.7572612762451,28.1319141387939
13080010,Pluviométrica,Convencional,Córdoba,San Pelayo,8.9359,-75.9533,50,9/15/1965,,Caribe,Caribe,Sinú,Bajo Sinú,8.86909103393555,9.70909118652344,15,15,0.561594188213348,0.789855062961578,1,1,1.08000004291534,2021,12,68,0,0,0,0,1.43731582164764,2021-12-01,0,0.757215261459351,0
13080010,Pluviométrica,Convencional,Córdoba,San Pelayo,8.9359,-75.9533,50,9/15/1965,,Caribe,Caribe,Sinú,Bajo Sinú,8.86909103393555,9.70909118652344,15,15,0.561594188213348,0.789855062961578,1,1,1.08000004291534,2021,12,69,0,0,0,0,4.34003067016602,2021-12-01,0.325832813978195,1.90146613121033,0.232389479875565
13080010,Pluviométrica,Convencional,Córdoba,San Pelayo,8.9359,-75.9533,50,9/15/1965,,Caribe,Caribe,Sinú,Bajo Sinú,8.86909103393555,9.70909118652344,15,15,0.561594188213348,0.789855062961578,1,1,1.08000004291534,2021,12,70,0,0,0,0,8.83494091033936,2021-12-01,9.555739402771,3.12222194671631,4.2316632270813
13080010,Pluviométrica,Convencional,Córdoba,San Pelayo,8.9359,-75.9533,50,9/15/1965,,Caribe,Caribe,Sinú,Bajo Sinú,8.86909103393555,9.70909118652344,15,15,0.561594188213348,0.789855062961578,1,1,1.08000004291534,2021,12,71,0,0,0,0,2.1552722454071,2021-12-01,0,1.06756198406219,0
13080010,Pluviométrica,Convencional,Córdoba,San Pelayo,8.9359,-75.9533,50,9/15/1965,,Caribe,Caribe,Sinú,Bajo Sinú,8.86909103393555,9.70909118652344,15,15,0.561594188213348,0.789855062961578,1,1,1.08000004291534,2021,12,72,0,0,0,0,2.19195556640625,2021-12-01,0,1.66848194599152,0
13080010,Pluviométrica,Convencional,Córdoba,San Pelayo,8.9359,-75.9533,50,9/15/1965,,Caribe,Caribe,Sinú,Bajo Sinú,8.86909103393555,9.70909118652344,15,15,0.561594188213348,0.789855062961578,1,1,1.10000002384186,2022,01,1,0,0,0,0,0.830317139625549,2022-01-01,0,0.732419192790985,0
13080010,Pluviométrica,Convencional,Córdoba,San Pelayo,8.9359,-75.9533,50,9/15/1965,,Caribe,Caribe,Sinú,Bajo Sinú,8.86909103393555,9.70909118652344,15,15,0.561594188213348,0.789855062961578,1,1,1.10000002384186,2022,01,2,53,53,58.3000012636185,0,7.25902557373047,2022-01-01,12.8600368499756,4.28479194641113,16.9862861633301
13080010,Pluviométrica,Convencional,Córdoba,San Pelayo,8.9359,-75.9533,50,9/15/1965,,Caribe,Caribe,Sinú,Bajo Sinú,8.86909103393555,9.70909118652344,15,15,0.561594188213348,0.789855062961578,1,1,1.10000002384186,2022,01,3,0,0,0,0,0.964286506175995,2022-01-01,0,1.37868821620941,0
13080010,Pluviométrica,Convencional,Córdoba,San Pelayo,8.9359,-75.9533,50,9/15/1965,,Caribe,Caribe,Sinú,Bajo Sinú,8.86909103393555,9.70909118652344,15,15,0.561594188213348,0.789855062961578,1,1,1.10000002384186,2022,01,4,0,0,0,0,1.16166758537292,2022-01-01,0,0.956885635852814,0
13080010,Pluviométrica,Convencional,Córdoba,San Pelayo,8.9359,-75.9533,50,9/15/1965,,Caribe,Caribe,Sinú,Bajo Sinú,8.86909103393555,9.70909118652344,15,15,0.561594188213348,0.789855062961578,1,1,1.10000002384186,2022,01,5,0,0,0,0,1.19485592842102,2022-01-01,0,0.996199309825897,0
13080010,Pluviométrica,Convencional,Córdoba,San Pelayo,8.9359,-75.9533,50,9/15/1965,,Caribe,Caribe,Sinú,Bajo Sinú,8.86909103393555,9.70909118652344,15,15,0.561594188213348,0.789855062961578,1,1,1.10000002384186,2022,01,6,0,0,0,0,1.58560132980347,2022-01-01,0.156015813350678,1.08693408966064,0.375924348831177
13080010,Pluviométrica,Convencional,Córdoba,San Pelayo,8.9359,-75.9533,50,9/15/1965,,Caribe,Caribe,Sinú,Bajo Sinú,8.86909103393555,9.70909118652344,15,15,0.561594188213348,0.789855062961578,1,1,1.12000000476837,2022,02,7,0,0,0,0,3.09490013122559,2022-02-01,1.17031812667847,3.28726387023926,0.919529259204865
13080010,Pluviométrica,Convencional,Córdoba,San Pelayo,8.9359,-75.9533,50,9/15/1965,,Caribe,Caribe,Sinú,Bajo Sinú,8.86909103393555,9.70909118652344,15,15,0.561594188213348,0.789855062961578,1,1,1.12000000476837,2022,02,8,38,38,42.5600001811981,0,9.69584465026855,2022-02-01,12.5288944244385,7.66243314743042,8.28103160858154
13080010,Pluviométrica,Convencional,Córdoba,San Pelayo,8.9359,-75.9533,50,9/15/1965,,Caribe,Caribe,Sinú,Bajo Sinú,8.86909103393555,9.70909118652344,15,15,0.561594188213348,0.789855062961578,1,1,1.12000000476837,2022,02,9,0,0,0,0,8.43477058410645,2022-02-01,10.1182422637939,13.3513145446777,7.8380446434021
13080010,Pluviométrica,Convencional,Córdoba,San Pelayo,8.9359,-75.9533,50,9/15/1965,,Caribe,Caribe,Sinú,Bajo Sinú,8.86909103393555,9.70909118652344,15,15,0.561594188213348,0.789855062961578,1,1,1.12000000476837,2022,02,10,0,0,0,0,2.85684847831726,2022-02-01,1.43506395816803,3.16001319885254,1.05628180503845
13080010,Pluviométrica,Convencional,Córdoba,San Pelayo,8.9359,-75.9533,50,9/15/1965,,Caribe,Caribe,Sinú,Bajo Sinú,8.86909103393555,9.70909118652344,15,15,0.561594188213348,0.789855062961578,1,1,1.12000000476837,2022,02,11,0,0,0,0,2.57713532447815,2022-02-01,0,2.90056681632996,0
13080010,Pluviométrica,Convencional,Córdoba,San Pelayo,8.9359,-75.9533,50,9/15/1965,,Caribe,Caribe,Sinú,Bajo Sinú,8.86909103393555,9.70909118652344,15,15,0.561594188213348,0.789855062961578,1,1,1.12000000476837,2022,02,12,0,0,0,0,5.00065994262695,2022-02-01,8.4175443649292,6.57844877243042,12.6800680160522
13080010,Pluviométrica,Convencional,Córdoba,San Pelayo,8.9359,-75.9533,50,9/15/1965,,Caribe,Caribe,Sinú,Bajo Sinú,8.86909103393555,9.70909118652344,15,15,0.561594188213348,0.789855062961578,1,1,1.11000001430511,2022,03,13,5,5,5.55000007152557,0,7.28649520874023,2022-03-01,27.2707595825195,20.8178825378418,30.5894355773926
13080010,Pluviométrica,Convencional,Córdoba,San Pelayo,8.9359,-75.9533,50,9/15/1965,,Caribe,Caribe,Sinú,Bajo Sinú,8.86909103393555,9.70909118652344,15,15,0.561594188213348,0.789855062961578,1,1,1.11000001430511,2022,03,14,45,45,49.9500006437302,0,2.77809143066406,2022-03-01,2.22983479499817,5.1076340675354,11.1021595001221
13080010,Pluviométrica,Convencional,Córdoba,San Pelayo,8.9359,-75.9533,50,9/15/1965,,Caribe,Caribe,Sinú,Bajo Sinú,8.86909103393555,9.70909118652344,15,15,0.561594188213348,0.789855062961578,1,1,1.11000001430511,2022,03,15,4,4,4.44000005722046,0,1.08330738544464,2022-03-01,0,1.30642640590668,0
13080010,Pluviométrica,Convencional,Córdoba,San Pelayo,8.9359,-75.9533,50,9/15/1965,,Caribe,Caribe,Sinú,Bajo Sinú,8.86909103393555,9.70909118652344,15,15,0.561594188213348,0.789855062961578,1,1,1.11000001430511,2022,03,16,0,0,0,0,1.34322738647461,2022-03-01,0,1.95892405509949,0
13080010,Pluviométrica,Convencional,Córdoba,San Pelayo,8.9359,-75.9533,50,9/15/1965,,Caribe,Caribe,Sinú,Bajo Sinú,8.86909103393555,9.70909118652344,15,15,0.561594188213348,0.789855062961578,1,1,1.11000001430511,2022,03,17,0,0,0,0,0.587429046630859,2022-03-01,0,0.863499045372009,0
13080010,Pluviométrica,Convencional,Córdoba,San Pelayo,8.9359,-75.9533,50,9/15/1965,,Caribe,Caribe,Sinú,Bajo Sinú,8.86909103393555,9.70909118652344,15,15,0.561594188213348,0.789855062961578,1,1,1.11000001430511,2022,03,18,61,61,67.710000872612,0,19.1181335449219,2022-03-01,47.1589393615723,50.7493782043457,82.6688690185547
13080010,Pluviométrica,Convencional,Córdoba,San Pelayo,8.9359,-75.9533,50,9/15/1965,,Caribe,Caribe,Sinú,Bajo Sinú,8.86909103393555,9.70909118652344,15,15,0.561594188213348,0.789855062961578,1,1,1.07000005245209,2022,04,19,15,15,16.0500007867813,0,25.4565124511719,2022-04-01,53.2460823059082,71.9112167358399,111.972541809082
13080010,Pluviométrica,Convencional,Córdoba,San Pelayo,8.9359,-75.9533,50,9/15/1965,,Caribe,Caribe,Sinú,Bajo Sinú,8.86909103393555,9.70909118652344,15,15,0.561594188213348,0.789855062961578,1,1,1.07000005245209,2022,04,20,7,7,7.49000036716461,0,13.7443170547485,2022-04-01,23.0711708068848,13.6190938949585,55.6940689086914
13080010,Pluviométrica,Convencional,Córdoba,San Pelayo,8.9359,-75.9533,50,9/15/1965,,Caribe,Caribe,Sinú,Bajo Sinú,8.86909103393555,9.70909118652344,15,15,0.561594188213348,0.789855062961578,1,1,1.07000005245209,2022,04,21,0,0,0,0,3.85589838027954,2022-04-01,1.09846162796021,14.2632398605347,6.15785694122315
13080010,Pluviométrica,Convencional,Córdoba,San Pelayo,8.9359,-75.9533,50,9/15/1965,,Caribe,Caribe,Sinú,Bajo Sinú,8.86909103393555,9.70909118652344,15,15,0.561594188213348,0.789855062961578,1,1,1.07000005245209,2022,04,22,22,22,23.5400011539459,0,9.53034687042236,2022-04-01,16.6835784912109,14.6417627334595,48.6732215881348
13080010,Pluviométrica,Convencional,Córdoba,San Pelayo,8.9359,-75.9533,50,9/15/1965,,Caribe,Caribe,Sinú,Bajo Sinú,8.86909103393555,9.70909118652344,15,15,0.561594188213348,0.789855062961578,1,1,1.07000005245209,2022,04,23,32,32,34.2400016784668,0,6.0810022354126,2022-04-01,8.46975898742676,28.3128528594971,40.3259925842285
13080010,Pluviométrica,Convencional,Córdoba,San Pelayo,8.9359,-75.9533,50,9/15/1965,,Caribe,Caribe,Sinú,Bajo Sinú,8.86909103393555,9.70909118652344,15,15,0.561594188213348,0.789855062961578,1,1,1.07000005245209,2022,04,24,43,43,46.0100022554398,0,23.2022285461426,2022-04-01,43.8706169128418,46.1105422973633,64.8718948364258
13080010,Pluviométrica,Convencional,Córdoba,San Pelayo,8.9359,-75.9533,50,9/15/1965,,Caribe,Caribe,Sinú,Bajo Sinú,8.86909103393555,9.70909118652344,15,15,0.561594188213348,0.789855062961578,1,1,1.04999995231628,2022,05,25,4,4,4.19999980926514,0,11.483006477356,2022-05-01,21.0739097595215,7.67180633544922,14.5130186080933
13080010,Pluviométrica,Convencional,Córdoba,San Pelayo,8.9359,-75.9533,50,9/15/1965,,Caribe,Caribe,Sinú,Bajo Sinú,8.86909103393555,9.70909118652344,15,15,0.561594188213348,0.789855062961578,1,1,1.04999995231628,2022,05,26,12,12,12.5999994277954,0,14.2590942382813,2022-05-01,33.0444869995117,40.3364067077637,51.942195892334
13080010,Pluviométrica,Convencional,Córdoba,San Pelayo,8.9359,-75.9533,50,9/15/1965,,Caribe,Caribe,Sinú,Bajo Sinú,8.86909103393555,9.70909118652344,15,15,0.561594188213348,0.789855062961578,1,1,1.04999995231628,2022,05,27,12,12,12.5999994277954,0,15.6879539489746,2022-05-01,34.6609077453613,18.4566192626953,36.266284942627
13080010,Pluviométrica,Convencional,Córdoba,San Pelayo,8.9359,-75.9533,50,9/15/1965,,Caribe,Caribe,Sinú,Bajo Sinú,8.86909103393555,9.70909118652344,15,15,0.561594188213348,0.789855062961578,1,1,1.04999995231628,2022,05,28,4,4,4.19999980926514,0,15.0472955703735,2022-05-01,31.3804397583008,9.4381799697876,18.8107604980469
13080010,Pluviométrica,Convencional,Córdoba,San Pelayo,8.9359,-75.9533,50,9/15/1965,,Caribe,Caribe,Sinú,Bajo Sinú,8.86909103393555,9.70909118652344,15,15,0.561594188213348,0.789855062961578,1,1,1.04999995231628,2022,05,29,25,25,26.2499988079071,0,16.784065246582,2022-05-01,35.709602355957,12.2802324295044,34.3080825805664
13080010,Pluviométrica,Convencional,Córdoba,San Pelayo,8.9359,-75.9533,50,9/15/1965,,Caribe,Caribe,Sinú,Bajo Sinú,8.86909103393555,9.70909118652344,15,15,0.561594188213348,0.789855062961578,1,1,1.04999995231628,2022,05,30,50,50,52.4999976158142,0,26.1172122955322,2022-05-01,35.275764465332,70.8166198730469,67.1104507446289
13080010,Pluviométrica,Convencional,Córdoba,San Pelayo,8.9359,-75.9533,50,9/15/1965,,Caribe,Caribe,Sinú,Bajo Sinú,8.86909103393555,9.70909118652344,15,15,0.561594188213348,0.789855062961578,1,1,1.05999994277954,2022,06,31,0,0,0,0,11.2537269592285,2022-06-01,12.3824224472046,11.4428730010986,14.4471197128296
13080010,Pluviométrica,Convencional,Córdoba,San Pelayo,8.9359,-75.9533,50,9/15/1965,,Caribe,Caribe,Sinú,Bajo Sinú,8.86909103393555,9.70909118652344,15,15,0.561594188213348,0.789855062961578,1,1,1.05999994277954,2022,06,32,0,0,0,0,18.4434585571289,2022-06-01,21.243070602417,6.51952314376831,13.1279745101929
13080010,Pluviométrica,Convencional,Córdoba,San Pelayo,8.9359,-75.9533,50,9/15/1965,,Caribe,Caribe,Sinú,Bajo Sinú,8.86909103393555,9.70909118652344,15,15,0.561594188213348,0.789855062961578,1,1,1.05999994277954,2022,06,33,42,42,44.5199975967407,0,33.1071662902832,2022-06-01,34.2576446533203,75.3187408447266,66.1533355712891
13080010,Pluviométrica,Convencional,Córdoba,San Pelayo,8.9359,-75.9533,50,9/15/1965,,Caribe,Caribe,Sinú,Bajo Sinú,8.86909103393555,9.70909118652344,15,15,0.561594188213348,0.789855062961578,1,1,1.05999994277954,2022,06,34,45,45,47.6999974250794,0,22.2350807189941,2022-06-01,23.4865303039551,10.4572763442993,15.5736207962036
13080010,Pluviométrica,Convencional,Córdoba,San Pelayo,8.9359,-75.9533,50,9/15/1965,,Caribe,Caribe,Sinú,Bajo Sinú,8.86909103393555,9.70909118652344,15,15,0.561594188213348,0.789855062961578,1,1,1.05999994277954,2022,06,35,28,28,29.6799983978272,0,31.9720630645752,2022-06-01,39.0081253051758,13.4672365188599,25.4855899810791
13080010,Pluviométrica,Convencional,Córdoba,San Pelayo,8.9359,-75.9533,50,9/15/1965,,Caribe,Caribe,Sinú,Bajo Sinú,8.86909103393555,9.70909118652344,15,15,0.561594188213348,0.789855062961578,1,1,1.05999994277954,2022,06,36,57,57,60.4199967384338,0,23.2682552337647,2022-06-01,28.0465030670166,25.9502029418945,39.1962661743164
13080010,Pluviométrica,Convencional,Córdoba,San Pelayo,8.9359,-75.9533,50,9/15/1965,,Caribe,Caribe,Sinú,Bajo Sinú,8.86909103393555,9.70909118652344,15,15,0.561594188213348,0.789855062961578,1,1,1.05999994277954,2022,07,37,25,25,26.4999985694885,0,23.8949909210205,2022-07-01,42.2321243286133,23.2618198394775,36.9577560424805
13080010,Pluviométrica,Convencional,Córdoba,San Pelayo,8.9359,-75.9533,50,9/15/1965,,Caribe,Caribe,Sinú,Bajo Sinú,8.86909103393555,9.70909118652344,15,15,0.561594188213348,0.789855062961578,1,1,1.05999994277954,2022,07,38,42,42,44.5199975967407,0,13.4977216720581,2022-07-01,25.1835975646973,8.34752750396729,25.4000549316406
13080010,Pluviométrica,Convencional,Córdoba,San Pelayo,8.9359,-75.9533,50,9/15/1965,,Caribe,Caribe,Sinú,Bajo Sinú,8.86909103393555,9.70909118652344,15,15,0.561594188213348,0.789855062961578,1,1,1.05999994277954,2022,07,39,60,60,63.5999965667725,0,15.29225730896,2022-07-01,32.7576751708984,25.0229949951172,35.9539833068848
13080010,Pluviométrica,Convencional,Córdoba,San Pelayo,8.9359,-75.9533,50,9/15/1965,,Caribe,Caribe,Sinú,Bajo Sinú,8.86909103393555,9.70909118652344,15,15,0.561594188213348,0.789855062961578,1,1,1.05999994277954,2022,07,40,46,46,48.7599973678589,0,16.8980941772461,2022-07-01,35.445915222168,10.3033781051636,26.0059318542481
13080010,Pluviométrica,Convencional,Córdoba,San Pelayo,8.9359,-75.9533,50,9/15/1965,,Caribe,Caribe,Sinú,Bajo Sinú,8.86909103393555,9.70909118652344,15,15,0.561594188213348,0.789855062961578,1,1,1.05999994277954,2022,07,41,11,11,11.659999370575,0,18.9796886444092,2022-07-01,39.4189224243164,24.5311222076416,35.0337753295898
13080010,Pluviométrica,Convencional,Córdoba,San Pelayo,8.9359,-75.9533,50,9/15/1965,,Caribe,Caribe,Sinú,Bajo Sinú,8.86909103393555,9.70909118652344,15,15,0.561594188213348,0.789855062961578,1,1,1.05999994277954,2022,07,42,9,9,9.53999948501587,0,35.0748176574707,2022-07-01,63.459529876709,33.6514549255371,53.4199485778809
13080010,Pluviométrica,Convencional,Córdoba,San Pelayo,8.9359,-75.9533,50,9/15/1965,,Caribe,Caribe,Sinú,Bajo Sinú,8.86909103393555,9.70909118652344,15,15,0.561594188213348,0.789855062961578,1,1,1.04999995231628,2022,08,43,51,51,53.5499975681305,0,32.8413581848145,2022-08-01,48.7285575866699,29.4597644805908,49.848747253418
13080010,Pluviométrica,Convencional,Córdoba,San Pelayo,8.9359,-75.9533,50,9/15/1965,,Caribe,Caribe,Sinú,Bajo Sinú,8.86909103393555,9.70909118652344,15,15,0.561594188213348,0.789855062961578,1,1,1.04999995231628,2022,08,44,18,18,18.8999991416931,0,24.8043689727783,2022-08-01,31.8514671325684,22.7357006072998,30.0573692321777
13080010,Pluviométrica,Convencional,Córdoba,San Pelayo,8.9359,-75.9533,50,9/15/1965,,Caribe,Caribe,Sinú,Bajo Sinú,8.86909103393555,9.70909118652344,15,15,0.561594188213348,0.789855062961578,1,1,1.04999995231628,2022,08,45,22,22,23.0999989509583,0,34.0769271850586,2022-08-01,46.811164855957,29.0734748840332,42.0781059265137
13080010,Pluviométrica,Convencional,Córdoba,San Pelayo,8.9359,-75.9533,50,9/15/1965,,Caribe,Caribe,Sinú,Bajo Sinú,8.86909103393555,9.70909118652344,15,15,0.561594188213348,0.789855062961578,1,1,1.04999995231628,2022,08,46,0,0,0,0,10.1721649169922,2022-08-01,12.146842956543,3.82925033569336,6.78113985061646
13080010,Pluviométrica,Convencional,Córdoba,San Pelayo,8.9359,-75.9533,50,9/15/1965,,Caribe,Caribe,Sinú,Bajo Sinú,8.86909103393555,9.70909118652344,15,15,0.561594188213348,0.789855062961578,1,1,1.04999995231628,2022,08,47,22,22,23.0999989509583,0,32.0446968078613,2022-08-01,45.1104583740234,20.2946662902832,29.4819145202637
13080010,Pluviométrica,Convencional,Córdoba,San Pelayo,8.9359,-75.9533,50,9/15/1965,,Caribe,Caribe,Sinú,Bajo Sinú,8.86909103393555,9.70909118652344,15,15,0.561594188213348,0.789855062961578,1,1,1.04999995231628,2022,08,48,6,6,6.29999971389771,0,22.5081214904785,2022-08-01,27.2549667358398,9.68136119842529,13.9841356277466
13080010,Pluviométrica,Convencional,Córdoba,San Pelayo,8.9359,-75.9533,50,9/15/1965,,Caribe,Caribe,Sinú,Bajo Sinú,8.86909103393555,9.70909118652344,15,15,0.561594188213348,0.789855062961578,1,1,1.04999995231628,2022,09,49,63,63,66.1499969959259,0,17.6999473571777,2022-09-01,26.8452053070068,26.8293724060059,31.333854675293
13080010,Pluviométrica,Convencional,Córdoba,San Pelayo,8.9359,-75.9533,50,9/15/1965,,Caribe,Caribe,Sinú,Bajo Sinú,8.86909103393555,9.70909118652344,15,15,0.561594188213348,0.789855062961578,1,1,1.04999995231628,2022,09,50,0,0,0,0,15.2112617492676,2022-09-01,22.2449626922607,15.6298570632935,30.159065246582
13080010,Pluviométrica,Convencional,Córdoba,San Pelayo,8.9359,-75.9533,50,9/15/1965,,Caribe,Caribe,Sinú,Bajo Sinú,8.86909103393555,9.70909118652344,15,15,0.561594188213348,0.789855062961578,1,1,1.04999995231628,2022,09,51,77,77,80.8499963283539,0,27.5216369628906,2022-09-01,43.2208557128906,20.4383239746094,35.6567802429199
13080010,Pluviométrica,Convencional,Córdoba,San Pelayo,8.9359,-75.9533,50,9/15/1965,,Caribe,Caribe,Sinú,Bajo Sinú,8.86909103393555,9.70909118652344,15,15,0.561594188213348,0.789855062961578,1,1,1.04999995231628,2022,09,52,36,36,37.7999982833862,0,20.7037868499756,2022-09-01,35.3497772216797,25.6427688598633,27.8469409942627
13080010,Pluviométrica,Convencional,Córdoba,San Pelayo,8.9359,-75.9533,50,9/15/1965,,Caribe,Caribe,Sinú,Bajo Sinú,8.86909103393555,9.70909118652344,15,15,0.561594188213348,0.789855062961578,1,1,1.04999995231628,2022,09,53,16,16,16.7999992370605,0,28.3448352813721,2022-09-01,42.2426071166992,36.8763046264648,38.1268920898438
13080010,Pluviométrica,Convencional,Córdoba,San Pelayo,8.9359,-75.9533,50,9/15/1965,,Caribe,Caribe,Sinú,Bajo Sinú,8.86909103393555,9.70909118652344,15,15,0.561594188213348,0.789855062961578,1,1,1.04999995231628,2022,09,54,0,0,0,0,17.5838775634766,2022-09-01,20.7031898498535,15.4651536941528,23.7312755584717
13080010,Pluviométrica,Convencional,Córdoba,San Pelayo,8.9359,-75.9533,50,9/15/1965,,Caribe,Caribe,Sinú,Bajo Sinú,8.86909103393555,9.70909118652344,15,15,0.561594188213348,0.789855062961578,1,1,1.05999994277954,2022,10,55,12,12,12.7199993133545,0,22.0504665374756,2022-10-01,24.9325771331787,27.1842784881592,13.8532943725586
13080010,Pluviométrica,Convencional,Córdoba,San Pelayo,8.9359,-75.9533,50,9/15/1965,,Caribe,Caribe,Sinú,Bajo Sinú,8.86909103393555,9.70909118652344,15,15,0.561594188213348,0.789855062961578,1,1,1.05999994277954,2022,10,56,16,16,16.9599990844727,0,24.63600730896,2022-10-01,25.8623218536377,34.4628486633301,33.5888824462891
13080010,Pluviométrica,Convencional,Córdoba,San Pelayo,8.9359,-75.9533,50,9/15/1965,,Caribe,Caribe,Sinú,Bajo Sinú,8.86909103393555,9.70909118652344,15,15,0.561594188213348,0.789855062961578,1,1,1.05999994277954,2022,10,57,17,17,18.0199990272522,0,28.1211128234863,2022-10-01,28.6048812866211,49.3698463439942,28.6843643188477
13080010,Pluviométrica,Convencional,Córdoba,San Pelayo,8.9359,-75.9533,50,9/15/1965,,Caribe,Caribe,Sinú,Bajo Sinú,8.86909103393555,9.70909118652344,15,15,0.561594188213348,0.789855062961578,1,1,1.05999994277954,2022,10,58,27,27,28.6199984550476,0,19.9328708648682,2022-10-01,16.3832015991211,25.0999183654785,18.4352760314941
13080010,Pluviométrica,Convencional,Córdoba,San Pelayo,8.9359,-75.9533,50,9/15/1965,,Caribe,Caribe,Sinú,Bajo Sinú,8.86909103393555,9.70909118652344,15,15,0.561594188213348,0.789855062961578,1,1,1.05999994277954,2022,10,59,30,30,31.7999982833862,0,16.1515407562256,2022-10-01,15.0112934112549,15.0639867782593,29.8467559814453
13080010,Pluviométrica,Convencional,Córdoba,San Pelayo,8.9359,-75.9533,50,9/15/1965,,Caribe,Caribe,Sinú,Bajo Sinú,8.86909103393555,9.70909118652344,15,15,0.561594188213348,0.789855062961578,1,1,1.05999994277954,2022,10,60,12,12,12.7199993133545,0,18.4996318817139,2022-10-01,16.2118186950684,14.5429782867432,50.8984718322754
13080010,Pluviométrica,Convencional,Córdoba,San Pelayo,8.9359,-75.9533,50,9/15/1965,,Caribe,Caribe,Sinú,Bajo Sinú,8.86909103393555,9.70909118652344,15,15,0.561594188213348,0.789855062961578,1,1,1.07000005245209,2022,11,61,20,20,21.4000010490417,0,58.5544509887695,2022-11-01,71.1869812011719,29.8706207275391,47.7020378112793
13080010,Pluviométrica,Convencional,Córdoba,San Pelayo,8.9359,-75.9533,50,9/15/1965,,Caribe,Caribe,Sinú,Bajo Sinú,8.86909103393555,9.70909118652344,15,15,0.561594188213348,0.789855062961578,1,1,1.07000005245209,2022,11,62,31,31,33.1700016260147,0,19.5172595977783,2022-11-01,24.4409599304199,17.7448596954346,18.0599403381348
13080010,Pluviométrica,Convencional,Córdoba,San Pelayo,8.9359,-75.9533,50,9/15/1965,,Caribe,Caribe,Sinú,Bajo Sinú,8.86909103393555,9.70909118652344,15,15,0.561594188213348,0.789855062961578,1,1,1.07000005245209,2022,11,63,7,7,7.49000036716461,0,21.7506008148193,2022-11-01,30.7202339172363,64.2329864501953,53.1382637023926
13080010,Pluviométrica,Convencional,Córdoba,San Pelayo,8.9359,-75.9533,50,9/15/1965,,Caribe,Caribe,Sinú,Bajo Sinú,8.86909103393555,9.70909118652344,15,15,0.561594188213348,0.789855062961578,1,1,1.07000005245209,2022,11,64,5,5,5.35000026226044,0,13.1026668548584,2022-11-01,17.2778396606445,6.94448184967041,12.2756099700928
13080010,Pluviométrica,Convencional,Córdoba,San Pelayo,8.9359,-75.9533,50,9/15/1965,,Caribe,Caribe,Sinú,Bajo Sinú,8.86909103393555,9.70909118652344,15,15,0.561594188213348,0.789855062961578,1,1,1.07000005245209,2022,11,65,15,15,16.0500007867813,0,11.6569690704346,2022-11-01,11.2690362930298,5.96904850006104,10.8493490219116
13080010,Pluviométrica,Convencional,Córdoba,San Pelayo,8.9359,-75.9533,50,9/15/1965,,Caribe,Caribe,Sinú,Bajo Sinú,8.86909103393555,9.70909118652344,15,15,0.561594188213348,0.789855062961578,1,1,1.07000005245209,2022,11,66,13,13,13.9100006818771,0,22.7542247772217,2022-11-01,34.7061271667481,34.8741035461426,33.6416053771973
13080010,Pluviométrica,Convencional,Córdoba,San Pelayo,8.9359,-75.9533,50,9/15/1965,,Caribe,Caribe,Sinú,Bajo Sinú,8.86909103393555,9.70909118652344,15,15,0.561594188213348,0.789855062961578,1,1,1.08000004291534,2022,12,67,0,0,0,0,4.96203422546387,2022-12-01,1.65706205368042,8.81840133666992,3.17606377601624
13080010,Pluviométrica,Convencional,Córdoba,San Pelayo,8.9359,-75.9533,50,9/15/1965,,Caribe,Caribe,Sinú,Bajo Sinú,8.86909103393555,9.70909118652344,15,15,0.561594188213348,0.789855062961578,1,1,1.08000004291534,2022,12,68,0,0,0,0,1.43731582164764,2022-12-01,0,2.82396960258484,0
13080010,Pluviométrica,Convencional,Córdoba,San Pelayo,8.9359,-75.9533,50,9/15/1965,,Caribe,Caribe,Sinú,Bajo Sinú,8.86909103393555,9.70909118652344,15,15,0.561594188213348,0.789855062961578,1,1,1.08000004291534,2022,12,69,0,0,0,0,3.85202693939209,2022-12-01,0.325832813978195,6.08710336685181,1.23328649997711
13080010,Pluviométrica,Convencional,Córdoba,San Pelayo,8.9359,-75.9533,50,9/15/1965,,Caribe,Caribe,Sinú,Bajo Sinú,8.86909103393555,9.70909118652344,15,15,0.561594188213348,0.789855062961578,1,1,1.08000004291534,2022,12,70,10,10,10.8000004291534,0,3.60513281822205,2022-12-01,0,4.89706516265869,0
13080010,Pluviométrica,Convencional,Córdoba,San Pelayo,8.9359,-75.9533,50,9/15/1965,,Caribe,Caribe,Sinú,Bajo Sinú,8.86909103393555,9.70909118652344,15,15,0.561594188213348,0.789855062961578,1,1,1.08000004291534,2022,12,71,0,0,0,0,1.60170555114746,2022-12-01,0,3.04941558837891,0
13080010,Pluviométrica,Convencional,Córdoba,San Pelayo,8.9359,-75.9533,50,9/15/1965,,Caribe,Caribe,Sinú,Bajo Sinú,8.86909103393555,9.70909118652344,15,15,0.561594188213348,0.789855062961578,1,1,1.08000004291534,2022,12,72,0,0,0,0,2.19195556640625,2022-12-01,0,3.59931135177612,0
13080010,Pluviométrica,Convencional,Córdoba,San Pelayo,8.9359,-75.9533,50,9/15/1965,,Caribe,Caribe,Sinú,Bajo Sinú,8.86909103393555,9.70909118652344,15,15,0.561594188213348,0.789855062961578,1,1,1.10000002384186,2023,01,1,0,0,0,0,0.830317139625549,2023-01-01,0,0.721337556838989,0
13080010,Pluviométrica,Convencional,Córdoba,San Pelayo,8.9359,-75.9533,50,9/15/1965,,Caribe,Caribe,Sinú,Bajo Sinú,8.86909103393555,9.70909118652344,15,15,0.561594188213348,0.789855062961578,1,1,1.10000002384186,2023,01,2,81,81,89.1000019311905,0,9.5564022064209,2023-01-01,14.7838525772095,5.66688394546509,27.7530326843262
13080010,Pluviométrica,Convencional,Córdoba,San Pelayo,8.9359,-75.9533,50,9/15/1965,,Caribe,Caribe,Sinú,Bajo Sinú,8.86909103393555,9.70909118652344,15,15,0.561594188213348,0.789855062961578,1,1,1.10000002384186,2023,01,3,5,5,5.50000011920929,0,8.66905403137207,2023-01-01,12.6886472702026,10.0424938201904,18.3047637939453
13080010,Pluviométrica,Convencional,Córdoba,San Pelayo,8.9359,-75.9533,50,9/15/1965,,Caribe,Caribe,Sinú,Bajo Sinú,8.86909103393555,9.70909118652344,15,15,0.561594188213348,0.789855062961578,1,1,1.10000002384186,2023,01,4,0,0,0,0,1.16166758537292,2023-01-01,0,0.862662672996521,0
13080010,Pluviométrica,Convencional,Córdoba,San Pelayo,8.9359,-75.9533,50,9/15/1965,,Caribe,Caribe,Sinú,Bajo Sinú,8.86909103393555,9.70909118652344,15,15,0.561594188213348,0.789855062961578,1,1,1.10000002384186,2023,01,5,0,0,0,0,1.19485592842102,2023-01-01,0,0.71882838010788,0
13080010,Pluviométrica,Convencional,Córdoba,San Pelayo,8.9359,-75.9533,50,9/15/1965,,Caribe,Caribe,Sinú,Bajo Sinú,8.86909103393555,9.70909118652344,15,15,0.561594188213348,0.789855062961578,1,1,1.10000002384186,2023,01,6,0,0,0,0,1.58560132980347,2023-01-01,0.156015813350678,0.97591108083725,0.139835000038147
13080010,Pluviométrica,Convencional,Córdoba,San Pelayo,8.9359,-75.9533,50,9/15/1965,,Caribe,Caribe,Sinú,Bajo Sinú,8.86909103393555,9.70909118652344,15,15,0.561594188213348,0.789855062961578,1,1,1.12000000476837,2023,02,7,0,0,0,0,3.09490013122559,2023-02-01,1.17031812667847,1.4539909362793,1.89010155200958
13080010,Pluviométrica,Convencional,Córdoba,San Pelayo,8.9359,-75.9533,50,9/15/1965,,Caribe,Caribe,Sinú,Bajo Sinú,8.86909103393555,9.70909118652344,15,15,0.561594188213348,0.789855062961578,1,1,1.12000000476837,2023,02,8,0,0,0,0,3.14761328697205,2023-02-01,1.77876543998718,1.4991192817688,2.24658155441284
13080010,Pluviométrica,Convencional,Córdoba,San Pelayo,8.9359,-75.9533,50,9/15/1965,,Caribe,Caribe,Sinú,Bajo Sinú,8.86909103393555,9.70909118652344,15,15,0.561594188213348,0.789855062961578,1,1,1.12000000476837,2023,02,9,0,0,0,0,3.0855348110199,2023-02-01,1.78268098831177,2.33015942573547,2.6280951499939
13080010,Pluviométrica,Convencional,Córdoba,San Pelayo,8.9359,-75.9533,50,9/15/1965,,Caribe,Caribe,Sinú,Bajo Sinú,8.86909103393555,9.70909118652344,15,15,0.561594188213348,0.789855062961578,1,1,1.12000000476837,2023,02,10,0,0,0,0,2.85684847831726,2023-02-01,1.43506395816803,1.39770674705505,3.15714883804321
13080010,Pluviométrica,Convencional,Córdoba,San Pelayo,8.9359,-75.9533,50,9/15/1965,,Caribe,Caribe,Sinú,Bajo Sinú,8.86909103393555,9.70909118652344,15,15,0.561594188213348,0.789855062961578,1,1,1.12000000476837,2023,02,11,0,0,0,0,2.57713532447815,2023-02-01,0,1.27877712249756,0
13080010,Pluviométrica,Convencional,Córdoba,San Pelayo,8.9359,-75.9533,50,9/15/1965,,Caribe,Caribe,Sinú,Bajo Sinú,8.86909103393555,9.70909118652344,15,15,0.561594188213348,0.789855062961578,1,1,1.12000000476837,2023,02,12,0,0,0,0,0.819596409797669,2023-02-01,0,0.519060671329498,0
13080010,Pluviométrica,Convencional,Córdoba,San Pelayo,8.9359,-75.9533,50,9/15/1965,,Caribe,Caribe,Sinú,Bajo Sinú,8.86909103393555,9.70909118652344,15,15,0.561594188213348,0.789855062961578,1,1,1.11000001430511,2023,03,13,0,0,0,0,1.15114951133728,2023-03-01,0,1.7683185338974,0
13080010,Pluviométrica,Convencional,Córdoba,San Pelayo,8.9359,-75.9533,50,9/15/1965,,Caribe,Caribe,Sinú,Bajo Sinú,8.86909103393555,9.70909118652344,15,15,0.561594188213348,0.789855062961578,1,1,1.11000001430511,2023,03,14,7,7,7.7700001001358,0,0.799352526664734,2023-03-01,0,1.26752686500549,0
13080010,Pluviométrica,Convencional,Córdoba,San Pelayo,8.9359,-75.9533,50,9/15/1965,,Caribe,Caribe,Sinú,Bajo Sinú,8.86909103393555,9.70909118652344,15,15,0.561594188213348,0.789855062961578,1,1,1.11000001430511,2023,03,15,0,0,0,0,3.36885643005371,2023-03-01,8.40836238861084,3.40271806716919,8.76231193542481
13080010,Pluviométrica,Convencional,Córdoba,San Pelayo,8.9359,-75.9533,50,9/15/1965,,Caribe,Caribe,Sinú,Bajo Sinú,8.86909103393555,9.70909118652344,15,15,0.561594188213348,0.789855062961578,1,1,1.11000001430511,2023,03,16,1,1,1.11000001430511,0,1.76142930984497,2023-03-01,1.17133092880249,2.20728516578674,1.32360303401947
13080010,Pluviométrica,Convencional,Córdoba,San Pelayo,8.9359,-75.9533,50,9/15/1965,,Caribe,Caribe,Sinú,Bajo Sinú,8.86909103393555,9.70909118652344,15,15,0.561594188213348,0.789855062961578,1,1,1.11000001430511,2023,03,17,0,0,0,0,0.748999834060669,2023-03-01,0,1.19363415241241,0
13080010,Pluviométrica,Convencional,Córdoba,San Pelayo,8.9359,-75.9533,50,9/15/1965,,Caribe,Caribe,Sinú,Bajo Sinú,8.86909103393555,9.70909118652344,15,15,0.561594188213348,0.789855062961578,1,1,1.11000001430511,2023,03,18,0,0,0,0,1.18366670608521,2023-03-01,0,1.57522404193878,0
13080010,Pluviométrica,Convencional,Córdoba,San Pelayo,8.9359,-75.9533,50,9/15/1965,,Caribe,Caribe,Sinú,Bajo Sinú,8.86909103393555,9.70909118652344,15,15,0.561594188213348,0.789855062961578,1,1,1.07000005245209,2023,04,19,0,0,0,0,0.857022523880005,2023-04-01,0,0.967315316200256,0
13080010,Pluviométrica,Convencional,Córdoba,San Pelayo,8.9359,-75.9533,50,9/15/1965,,Caribe,Caribe,Sinú,Bajo Sinú,8.86909103393555,9.70909118652344,15,15,0.561594188213348,0.789855062961578,1,1,1.07000005245209,2023,04,20,0,0,0,0,2.26551914215088,2023-04-01,0,2.49253463745117,0
13080010,Pluviométrica,Convencional,Córdoba,San Pelayo,8.9359,-75.9533,50,9/15/1965,,Caribe,Caribe,Sinú,Bajo Sinú,8.86909103393555,9.70909118652344,15,15,0.561594188213348,0.789855062961578,1,1,1.07000005245209,2023,04,21,3,3,3.21000015735626,0,6.33587694168091,2023-04-01,8.2362232208252,4.15339183807373,14.0167016983032
13080010,Pluviométrica,Convencional,Córdoba,San Pelayo,8.9359,-75.9533,50,9/15/1965,,Caribe,Caribe,Sinú,Bajo Sinú,8.86909103393555,9.70909118652344,15,15,0.561594188213348,0.789855062961578,1,1,1.07000005245209,2023,04,22,19,19,20.3300009965897,0,5.01517581939697,2023-04-01,6.30675506591797,3.33182954788208,11.5492219924927
13080010,Pluviométrica,Convencional,Córdoba,San Pelayo,8.9359,-75.9533,50,9/15/1965,,Caribe,Caribe,Sinú,Bajo Sinú,8.86909103393555,9.70909118652344,15,15,0.561594188213348,0.789855062961578,1,1,1.07000005245209,2023,04,23,0,0,0,0,2.57182788848877,2023-04-01,0.712977170944214,2.82654857635498,2.51437401771545
13080010,Pluviométrica,Convencional,Córdoba,San Pelayo,8.9359,-75.9533,50,9/15/1965,,Caribe,Caribe,Sinú,Bajo Sinú,8.86909103393555,9.70909118652344,15,15,0.561594188213348,0.789855062961578,1,1,1.07000005245209,2023,04,24,25,25,26.7500013113022,0,12.1922559738159,2023-04-01,20.8355293273926,40.8329467773438,53.7674522399902
13080010,Pluviométrica,Convencional,Córdoba,San Pelayo,8.9359,-75.9533,50,9/15/1965,,Caribe,Caribe,Sinú,Bajo Sinú,8.86909103393555,9.70909118652344,15,15,0.561594188213348,0.789855062961578,1,1,1.04999995231628,2023,05,25,0,0,0,0,2.01026201248169,2023-05-01,0,0.886124789714813,0
13080010,Pluviométrica,Convencional,Córdoba,San Pelayo,8.9359,-75.9533,50,9/15/1965,,Caribe,Caribe,Sinú,Bajo Sinú,8.86909103393555,9.70909118652344,15,15,0.561594188213348,0.789855062961578,1,1,1.04999995231628,2023,05,26,19,19,19.9499990940094,0,8.77375888824463,2023-05-01,15.6441650390625,14.2652168273926,17.1702156066895
13080010,Pluviométrica,Convencional,Córdoba,San Pelayo,8.9359,-75.9533,50,9/15/1965,,Caribe,Caribe,Sinú,Bajo Sinú,8.86909103393555,9.70909118652344,15,15,0.561594188213348,0.789855062961578,1,1,1.04999995231628,2023,05,27,3,3,3.14999985694885,0,13.2169675827026,2023-05-01,23.8515949249268,17.7564353942871,15.8782215118408
13080010,Pluviométrica,Convencional,Córdoba,San Pelayo,8.9359,-75.9533,50,9/15/1965,,Caribe,Caribe,Sinú,Bajo Sinú,8.86909103393555,9.70909118652344,15,15,0.561594188213348,0.789855062961578,1,1,1.04999995231628,2023,05,28,24,24,25.1999988555908,0,13.1581516265869,2023-05-01,27.2691059112549,9.27715587615967,29.0766105651856
13080010,Pluviométrica,Convencional,Córdoba,San Pelayo,8.9359,-75.9533,50,9/15/1965,,Caribe,Caribe,Sinú,Bajo Sinú,8.86909103393555,9.70909118652344,15,15,0.561594188213348,0.789855062961578,1,1,1.04999995231628,2023,05,29,26,26,27.2999987602234,0,32.645866394043,2023-05-01,68.6850051879883,23.726863861084,65.7264022827149
13080010,Pluviométrica,Convencional,Córdoba,San Pelayo,8.9359,-75.9533,50,9/15/1965,,Caribe,Caribe,Sinú,Bajo Sinú,8.86909103393555,9.70909118652344,15,15,0.561594188213348,0.789855062961578,1,1,1.04999995231628,2023,05,30,70,70,73.4999966621399,0,31.7346000671387,2023-05-01,52.0870590209961,52.6444969177246,65.2068786621094
13080010,Pluviométrica,Convencional,Córdoba,San Pelayo,8.9359,-75.9533,50,9/15/1965,,Caribe,Caribe,Sinú,Bajo Sinú,8.86909103393555,9.70909118652344,15,15,0.561594188213348,0.789855062961578,1,1,1.05999994277954,2023,06,31,24,24,25.439998626709,0,18.7087116241455,2023-06-01,23.3101634979248,30.3556327819824,31.3213729858398
13080010,Pluviométrica,Convencional,Córdoba,San Pelayo,8.9359,-75.9533,50,9/15/1965,,Caribe,Caribe,Sinú,Bajo Sinú,8.86909103393555,9.70909118652344,15,15,0.561594188213348,0.789855062961578,1,1,1.05999994277954,2023,06,32,8,8,8.47999954223633,0,22.0655670166016,2023-06-01,25.418514251709,29.5697593688965,21.7167339324951
13080010,Pluviométrica,Convencional,Córdoba,San Pelayo,8.9359,-75.9533,50,9/15/1965,,Caribe,Caribe,Sinú,Bajo Sinú,8.86909103393555,9.70909118652344,15,15,0.561594188213348,0.789855062961578,1,1,1.05999994277954,2023,06,33,30,30,31.7999982833862,0,22.1830005645752,2023-06-01,21.865837097168,20.8931312561035,34.572940826416
13080010,Pluviométrica,Convencional,Córdoba,San Pelayo,8.9359,-75.9533,50,9/15/1965,,Caribe,Caribe,Sinú,Bajo Sinú,8.86909103393555,9.70909118652344,15,15,0.561594188213348,0.789855062961578,1,1,1.05999994277954,2023,06,34,29,29,30.7399983406067,0,17.4400653839111,2023-06-01,15.0995645523071,21.5580177307129,22.311279296875
13080010,Pluviométrica,Convencional,Córdoba,San Pelayo,8.9359,-75.9533,50,9/15/1965,,Caribe,Caribe,Sinú,Bajo Sinú,8.86909103393555,9.70909118652344,15,15,0.561594188213348,0.789855062961578,1,1,1.05999994277954,2023,06,35,32,32,33.9199981689453,0,22.7851791381836,2023-06-01,24.7622528076172,13.4991607666016,33.8352317810059
13080010,Pluviométrica,Convencional,Córdoba,San Pelayo,8.9359,-75.9533,50,9/15/1965,,Caribe,Caribe,Sinú,Bajo Sinú,8.86909103393555,9.70909118652344,15,15,0.561594188213348,0.789855062961578,1,1,1.05999994277954,2023,06,36,24,24,25.439998626709,0,26.6869449615479,2023-06-01,34.597095489502,13.3699350357056,15.9171886444092
13080010,Pluviométrica,Convencional,Córdoba,San Pelayo,8.9359,-75.9533,50,9/15/1965,,Caribe,Caribe,Sinú,Bajo Sinú,8.86909103393555,9.70909118652344,15,15,0.561594188213348,0.789855062961578,1,1,1.05999994277954,2023,07,37,121,121,128.259993076324,0,21.7900104522705,2023-07-01,37.8209609985352,31.8271942138672,83.3177642822266
13080010,Pluviométrica,Convencional,Córdoba,San Pelayo,8.9359,-75.9533,50,9/15/1965,,Caribe,Caribe,Sinú,Bajo Sinú,8.86909103393555,9.70909118652344,15,15,0.561594188213348,0.789855062961578,1,1,1.05999994277954,2023,07,38,13,13,13.779999256134,0,19.0793685913086,2023-07-01,39.9651145935059,47.0442657470703,46.9297294616699
13080010,Pluviométrica,Convencional,Córdoba,San Pelayo,8.9359,-75.9533,50,9/15/1965,,Caribe,Caribe,Sinú,Bajo Sinú,8.86909103393555,9.70909118652344,15,15,0.561594188213348,0.789855062961578,1,1,1.05999994277954,2023,07,39,35,35,37.0999979972839,0,17.160587310791,2023-07-01,37.4778251647949,19.1467971801758,34.4843063354492
13080010,Pluviométrica,Convencional,Córdoba,San Pelayo,8.9359,-75.9533,50,9/15/1965,,Caribe,Caribe,Sinú,Bajo Sinú,8.86909103393555,9.70909118652344,15,15,0.561594188213348,0.789855062961578,1,1,1.05999994277954,2023,07,40,13,13,13.779999256134,0,12.6053438186646,2023-07-01,23.7162780761719,8.2908878326416,12.1093511581421
13080010,Pluviométrica,Convencional,Córdoba,San Pelayo,8.9359,-75.9533,50,9/15/1965,,Caribe,Caribe,Sinú,Bajo Sinú,8.86909103393555,9.70909118652344,15,15,0.561594188213348,0.789855062961578,1,1,1.05999994277954,2023,07,41,0,0,0,0,18.0324401855469,2023-07-01,36.3088645935059,10.1411485671997,28.2153244018555
13080010,Pluviométrica,Convencional,Córdoba,San Pelayo,8.9359,-75.9533,50,9/15/1965,,Caribe,Caribe,Sinú,Bajo Sinú,8.86909103393555,9.70909118652344,15,15,0.561594188213348,0.789855062961578,1,1,1.05999994277954,2023,07,42,51,51,54.0599970817566,0,29.3938369750977,2023-07-01,52.173885345459,51.5975570678711,48.6661987304688
13080010,Pluviométrica,Convencional,Córdoba,San Pelayo,8.9359,-75.9533,50,9/15/1965,,Caribe,Caribe,Sinú,Bajo Sinú,8.86909103393555,9.70909118652344,15,15,0.561594188213348,0.789855062961578,1,1,1.04999995231628,2023,08,43,24,24,25.1999988555908,0,10.9193105697632,2023-08-01,15.5948371887207,27.3254661560059,22.5928516387939
13080010,Pluviométrica,Convencional,Córdoba,San Pelayo,8.9359,-75.9533,50,9/15/1965,,Caribe,Caribe,Sinú,Bajo Sinú,8.86909103393555,9.70909118652344,15,15,0.561594188213348,0.789855062961578,1,1,1.04999995231628,2023,08,44,0,0,0,0,32.734790802002,2023-08-01,46.1741523742676,10.4830141067505,16.1738739013672
13080010,Pluviométrica,Convencional,Córdoba,San Pelayo,8.9359,-75.9533,50,9/15/1965,,Caribe,Caribe,Sinú,Bajo Sinú,8.86909103393555,9.70909118652344,15,15,0.561594188213348,0.789855062961578,1,1,1.04999995231628,2023,08,45,15,15,15.7499992847443,0,29.3524990081787,2023-08-01,40.3343467712402,16.9921531677246,27.2920932769775
13080010,Pluviométrica,Convencional,Córdoba,San Pelayo,8.9359,-75.9533,50,9/15/1965,,Caribe,Caribe,Sinú,Bajo Sinú,8.86909103393555,9.70909118652344,15,15,0.561594188213348,0.789855062961578,1,1,1.04999995231628,2023,08,46,0,0,0,0,22.4300727844238,2023-08-01,30.7457542419434,11.2528209686279,28.8178215026856
13080010,Pluviométrica,Convencional,Córdoba,San Pelayo,8.9359,-75.9533,50,9/15/1965,,Caribe,Caribe,Sinú,Bajo Sinú,8.86909103393555,9.70909118652344,15,15,0.561594188213348,0.789855062961578,1,1,1.04999995231628,2023,08,47,0,0,0,0,17.2357635498047,2023-08-01,24.5191497802734,8.14119052886963,10.7335119247437
13080010,Pluviométrica,Convencional,Córdoba,San Pelayo,8.9359,-75.9533,50,9/15/1965,,Caribe,Caribe,Sinú,Bajo Sinú,8.86909103393555,9.70909118652344,15,15,0.561594188213348,0.789855062961578,1,1,1.04999995231628,2023,08,48,35,35,36.7499983310699,0,20.6346073150635,2023-08-01,25.4208354949951,15.5083913803101,22.7734966278076
13080010,Pluviométrica,Convencional,Córdoba,San Pelayo,8.9359,-75.9533,50,9/15/1965,,Caribe,Caribe,Sinú,Bajo Sinú,8.86909103393555,9.70909118652344,15,15,0.561594188213348,0.789855062961578,1,1,1.04999995231628,2023,09,49,4,4,4.19999980926514,0,11.5478744506836,2023-09-01,15.1759672164917,10.6993637084961,14.8488807678223
13080010,Pluviométrica,Convencional,Córdoba,San Pelayo,8.9359,-75.9533,50,9/15/1965,,Caribe,Caribe,Sinú,Bajo Sinú,8.86909103393555,9.70909118652344,15,15,0.561594188213348,0.789855062961578,1,1,1.04999995231628,2023,09,50,28,28,29.399998664856,0,24.5299854278565,2023-09-01,37.441234588623,23.1466426849365,34.2860298156738
13080010,Pluviométrica,Convencional,Córdoba,San Pelayo,8.9359,-75.9533,50,9/15/1965,,Caribe,Caribe,Sinú,Bajo Sinú,8.86909103393555,9.70909118652344,15,15,0.561594188213348,0.789855062961578,1,1,1.04999995231628,2023,09,51,3,3,3.14999985694885,0,23.9286727905273,2023-09-01,38.9472198486328,34.794246673584,53.5452575683594
13080010,Pluviométrica,Convencional,Córdoba,San Pelayo,8.9359,-75.9533,50,9/15/1965,,Caribe,Caribe,Sinú,Bajo Sinú,8.86909103393555,9.70909118652344,15,15,0.561594188213348,0.789855062961578,1,1,1.04999995231628,2023,09,52,0,0,0,0,17.9602909088135,2023-09-01,29.22092628479,15.8936443328857,23.7777652740479
13080010,Pluviométrica,Convencional,Córdoba,San Pelayo,8.9359,-75.9533,50,9/15/1965,,Caribe,Caribe,Sinú,Bajo Sinú,8.86909103393555,9.70909118652344,15,15,0.561594188213348,0.789855062961578,1,1,1.04999995231628,2023,09,53,33,33,34.6499984264374,0,19.4105110168457,2023-09-01,28.5274448394775,21.714599609375,35.5553321838379
13080010,Pluviométrica,Convencional,Córdoba,San Pelayo,8.9359,-75.9533,50,9/15/1965,,Caribe,Caribe,Sinú,Bajo Sinú,8.86909103393555,9.70909118652344,15,15,0.561594188213348,0.789855062961578,1,1,1.04999995231628,2023,09,54,34,34,35.6999983787537,0,15.6451396942139,2023-09-01,19.847412109375,18.503059387207,22.9237384796143
13080010,Pluviométrica,Convencional,Córdoba,San Pelayo,8.9359,-75.9533,50,9/15/1965,,Caribe,Caribe,Sinú,Bajo Sinú,8.86909103393555,9.70909118652344,15,15,0.561594188213348,0.789855062961578,1,1,1.05999994277954,2023,10,55,90,90,95.3999948501587,0,35.0308532714844,2023-10-01,43.1196098327637,42.3667945861816,35.1121978759766
13080010,Pluviométrica,Convencional,Córdoba,San Pelayo,8.9359,-75.9533,50,9/15/1965,,Caribe,Caribe,Sinú,Bajo Sinú,8.86909103393555,9.70909118652344,15,15,0.561594188213348,0.789855062961578,1,1,1.05999994277954,2023,10,56,25,25,26.4999985694885,0,15.0486917495728,2023-10-01,14.8026809692383,17.3092956542969,16.5834102630615
13080010,Pluviométrica,Convencional,Córdoba,San Pelayo,8.9359,-75.9533,50,9/15/1965,,Caribe,Caribe,Sinú,Bajo Sinú,8.86909103393555,9.70909118652344,15,15,0.561594188213348,0.789855062961578,1,1,1.05999994277954,2023,10,57,49,49,51.9399971961975,0,32.4502067565918,2023-10-01,32.0517807006836,32.1784400939941,25.2939987182617
13080010,Pluviométrica,Convencional,Córdoba,San Pelayo,8.9359,-75.9533,50,9/15/1965,,Caribe,Caribe,Sinú,Bajo Sinú,8.86909103393555,9.70909118652344,15,15,0.561594188213348,0.789855062961578,1,1,1.05999994277954,2023,10,58,0,0,0,0,36.8153419494629,2023-10-01,38.9124870300293,29.4545669555664,29.565034866333
13080010,Pluviométrica,Convencional,Córdoba,San Pelayo,8.9359,-75.9533,50,9/15/1965,,Caribe,Caribe,Sinú,Bajo Sinú,8.86909103393555,9.70909118652344,15,15,0.561594188213348,0.789855062961578,1,1,1.05999994277954,2023,10,59,22,22,23.3199987411499,0,53.3464889526367,2023-10-01,59.2075424194336,26.9506092071533,45.3189392089844
13080010,Pluviométrica,Convencional,Córdoba,San Pelayo,8.9359,-75.9533,50,9/15/1965,,Caribe,Caribe,Sinú,Bajo Sinú,8.86909103393555,9.70909118652344,15,15,0.561594188213348,0.789855062961578,1,1,1.05999994277954,2023,10,60,0,0,0,0,12.0325174331665,2023-10-01,10.2922430038452,5.10574674606323,5.57863759994507
13080010,Pluviométrica,Convencional,Córdoba,San Pelayo,8.9359,-75.9533,50,9/15/1965,,Caribe,Caribe,Sinú,Bajo Sinú,8.86909103393555,9.70909118652344,15,15,0.561594188213348,0.789855062961578,1,1,1.07000005245209,2023,11,61,0,0,0,0,15.9018154144287,2023-11-01,16.5122756958008,22.4372005462646,29.9112777709961
13080010,Pluviométrica,Convencional,Córdoba,San Pelayo,8.9359,-75.9533,50,9/15/1965,,Caribe,Caribe,Sinú,Bajo Sinú,8.86909103393555,9.70909118652344,15,15,0.561594188213348,0.789855062961578,1,1,1.07000005245209,2023,11,62,18,18,19.2600009441376,0,16.0813369750977,2023-11-01,19.2892932891846,17.053617477417,20.8433513641357
13080010,Pluviométrica,Convencional,Córdoba,San Pelayo,8.9359,-75.9533,50,9/15/1965,,Caribe,Caribe,Sinú,Bajo Sinú,8.86909103393555,9.70909118652344,15,15,0.561594188213348,0.789855062961578,1,1,1.07000005245209,2023,11,63,21,21,22.4700011014938,0,22.3828544616699,2023-11-01,36.0288200378418,20.4645042419434,24.3623561859131
13080010,Pluviométrica,Convencional,Córdoba,San Pelayo,8.9359,-75.9533,50,9/15/1965,,Caribe,Caribe,Sinú,Bajo Sinú,8.86909103393555,9.70909118652344,15,15,0.561594188213348,0.789855062961578,1,1,1.07000005245209,2023,11,64,29,29,31.0300015211105,0,16.9560565948486,2023-11-01,19.3380393981934,37.9367408752441,42.5365333557129
13080010,Pluviométrica,Convencional,Córdoba,San Pelayo,8.9359,-75.9533,50,9/15/1965,,Caribe,Caribe,Sinú,Bajo Sinú,8.86909103393555,9.70909118652344,15,15,0.561594188213348,0.789855062961578,1,1,1.07000005245209,2023,11,65,5,5,5.35000026226044,0,7.22268295288086,2023-11-01,7.03436326980591,16.8904075622559,14.1794691085815
13080010,Pluviométrica,Convencional,Córdoba,San Pelayo,8.9359,-75.9533,50,9/15/1965,,Caribe,Caribe,Sinú,Bajo Sinú,8.86909103393555,9.70909118652344,15,15,0.561594188213348,0.789855062961578,1,1,1.07000005245209,2023,11,66,0,0,0,0,0.885458946228027,2023-11-01,0.66353839635849,0.611702919006348,0.573542654514313
13080010,Pluviométrica,Convencional,Córdoba,San Pelayo,8.9359,-75.9533,50,9/15/1965,,Caribe,Caribe,Sinú,Bajo Sinú,8.86909103393555,9.70909118652344,15,15,0.561594188213348,0.789855062961578,1,1,1.08000004291534,2023,12,67,0,0,0,0,1.61437129974365,2023-12-01,0,1.17062044143677,0
13080010,Pluviométrica,Convencional,Córdoba,San Pelayo,8.9359,-75.9533,50,9/15/1965,,Caribe,Caribe,Sinú,Bajo Sinú,8.86909103393555,9.70909118652344,15,15,0.561594188213348,0.789855062961578,1,1,1.08000004291534,2023,12,68,0,0,0,0,1.43731582164764,2023-12-01,0,1.06309378147125,0
13080010,Pluviométrica,Convencional,Córdoba,San Pelayo,8.9359,-75.9533,50,9/15/1965,,Caribe,Caribe,Sinú,Bajo Sinú,8.86909103393555,9.70909118652344,15,15,0.561594188213348,0.789855062961578,1,1,1.08000004291534,2023,12,69,0,0,0,0,1.41200590133667,2023-12-01,0,1.03214359283447,0
13080010,Pluviométrica,Convencional,Córdoba,San Pelayo,8.9359,-75.9533,50,9/15/1965,,Caribe,Caribe,Sinú,Bajo Sinú,8.86909103393555,9.70909118652344,15,15,0.561594188213348,0.789855062961578,1,1,1.08000004291534,2023,12,70,0,0,0,0,4.12811374664307,2023-12-01,1.23587000370026,2.34159207344055,2.02454686164856
13080010,Pluviométrica,Convencional,Córdoba,San Pelayo,8.9359,-75.9533,50,9/15/1965,,Caribe,Caribe,Sinú,Bajo Sinú,8.86909103393555,9.70909118652344,15,15,0.561594188213348,0.789855062961578,1,1,1.08000004291534,2023,12,71,0,0,0,0,9.90520191192627,2023-12-01,12.8836040496826,13.8283414840698,12.7133321762085
13080010,Pluviométrica,Convencional,Córdoba,San Pelayo,8.9359,-75.9533,50,9/15/1965,,Caribe,Caribe,Sinú,Bajo Sinú,8.86909103393555,9.70909118652344,15,15,0.561594188213348,0.789855062961578,1,1,1.08000004291534,2023,12,72,1,1,1.08000004291534,0,9.09524345397949,2023-12-01,10.7307567596436,4.97193193435669,26.029748916626
