gauge_code,category,tecnology,state,municipality,latitude,longitude,elevation,instalation_date,suspention_date,nat_region,hidrographic_area,hidrographic_zone,hidrographic_subzone,mean_gauges_v2,mean_gauges_v3,max_gauges_v2,max_gauges_v3,mean_gauges_v2_005,mean_gauges_v3_005,max_gauges_v2_005,max_gauges_v3_005,factor,year,month,pentad_id,pcp_ideam,pcp_ideam_flag,pcp_ideam_flag_scale,na_count_ideam,chirpv2,date,chirpv3,chirpsv2,chirpsv3
35080010,Pluviométrica,Convencional,Boyacá,Zetaquirá,5.283,-73.1693,1720,6/15/1957,,Andes,Orinoco,Meta,Río Lengupá,1.57818186283112,1.9163635969162,2,2,0.829710125923157,0.960144937038422,1,1,1.07000005245209,2001,01,1,0,0,0,0,4.90162229537964,2001-01-01,4.45475959777832,2.17722105979919,2.17017769813538
35080010,Pluviométrica,Convencional,Boyacá,Zetaquirá,5.283,-73.1693,1720,6/15/1957,,Andes,Orinoco,Meta,Río Lengupá,1.57818186283112,1.9163635969162,2,2,0.829710125923157,0.960144937038422,1,1,1.07000005245209,2001,01,2,0,0,0,0,5.92981910705566,2001-01-01,2.34820914268494,2.50169563293457,1.42102658748627
35080010,Pluviométrica,Convencional,Boyacá,Zetaquirá,5.283,-73.1693,1720,6/15/1957,,Andes,Orinoco,Meta,Río Lengupá,1.57818186283112,1.9163635969162,2,2,0.829710125923157,0.960144937038422,1,1,1.07000005245209,2001,01,3,0,0,0,0,6.42745304107666,2001-01-01,2.33185815811157,3.37700295448303,1.87896132469177
35080010,Pluviométrica,Convencional,Boyacá,Zetaquirá,5.283,-73.1693,1720,6/15/1957,,Andes,Orinoco,Meta,Río Lengupá,1.57818186283112,1.9163635969162,2,2,0.829710125923157,0.960144937038422,1,1,1.07000005245209,2001,01,4,3.7,3.7,3.95900019407272,0,11.5895671844482,2001-01-01,8.75908660888672,11.2295589447021,14.0306692123413
35080010,Pluviométrica,Convencional,Boyacá,Zetaquirá,5.283,-73.1693,1720,6/15/1957,,Andes,Orinoco,Meta,Río Lengupá,1.57818186283112,1.9163635969162,2,2,0.829710125923157,0.960144937038422,1,1,1.07000005245209,2001,01,5,0,0,0,0,5.83617258071899,2001-01-01,1.64468801021576,3.1296558380127,1.40582466125488
35080010,Pluviométrica,Convencional,Boyacá,Zetaquirá,5.283,-73.1693,1720,6/15/1957,,Andes,Orinoco,Meta,Río Lengupá,1.57818186283112,1.9163635969162,2,2,0.829710125923157,0.960144937038422,1,1,1.07000005245209,2001,01,6,0.5,0.5,0.535000026226044,0,7.16512298583984,2001-01-01,0.691168010234833,4.06924629211426,0.785901427268982
35080010,Pluviométrica,Convencional,Boyacá,Zetaquirá,5.283,-73.1693,1720,6/15/1957,,Andes,Orinoco,Meta,Río Lengupá,1.57818186283112,1.9163635969162,2,2,0.829710125923157,0.960144937038422,1,1,1.08000004291534,2001,02,7,2.9,2.9,3.1320001244545,0,10.0232954025269,2001-02-01,14.0086460113525,5.84979248046875,9.94523239135742
35080010,Pluviométrica,Convencional,Boyacá,Zetaquirá,5.283,-73.1693,1720,6/15/1957,,Andes,Orinoco,Meta,Río Lengupá,1.57818186283112,1.9163635969162,2,2,0.829710125923157,0.960144937038422,1,1,1.08000004291534,2001,02,8,15.9,15.9,17.172000682354,0,4.9555082321167,2001-02-01,1.62601017951965,7.89031648635864,5.33071851730347
35080010,Pluviométrica,Convencional,Boyacá,Zetaquirá,5.283,-73.1693,1720,6/15/1957,,Andes,Orinoco,Meta,Río Lengupá,1.57818186283112,1.9163635969162,2,2,0.829710125923157,0.960144937038422,1,1,1.08000004291534,2001,02,9,1.3,1.3,1.40400005578995,0,4.87007904052734,2001-02-01,1.00317966938019,2.89823818206787,1.02349758148193
35080010,Pluviométrica,Convencional,Boyacá,Zetaquirá,5.283,-73.1693,1720,6/15/1957,,Andes,Orinoco,Meta,Río Lengupá,1.57818186283112,1.9163635969162,2,2,0.829710125923157,0.960144937038422,1,1,1.08000004291534,2001,02,10,0.1,0.1,0.108000004291534,0,4.88569498062134,2001-02-01,0.486874550580978,5.49141550064087,1.37540304660797
35080010,Pluviométrica,Convencional,Boyacá,Zetaquirá,5.283,-73.1693,1720,6/15/1957,,Andes,Orinoco,Meta,Río Lengupá,1.57818186283112,1.9163635969162,2,2,0.829710125923157,0.960144937038422,1,1,1.08000004291534,2001,02,11,0.4,0.4,0.432000017166138,0,4.94352579116821,2001-02-01,1.12841987609863,7.72306060791016,2.70115756988525
35080010,Pluviométrica,Convencional,Boyacá,Zetaquirá,5.283,-73.1693,1720,6/15/1957,,Andes,Orinoco,Meta,Río Lengupá,1.57818186283112,1.9163635969162,2,2,0.829710125923157,0.960144937038422,1,1,1.08000004291534,2001,02,12,10.4,10.4,11.2320004463196,0,2.88377976417542,2001-02-01,4.85278511047363,4.2148289680481,9.55711841583252
35080010,Pluviométrica,Convencional,Boyacá,Zetaquirá,5.283,-73.1693,1720,6/15/1957,,Andes,Orinoco,Meta,Río Lengupá,1.57818186283112,1.9163635969162,2,2,0.829710125923157,0.960144937038422,1,1,1.08000004291534,2001,03,13,0,0,0,5,17.6937732696533,2001-03-01,29.6087703704834,7.92627811431885,13.4489316940308
35080010,Pluviométrica,Convencional,Boyacá,Zetaquirá,5.283,-73.1693,1720,6/15/1957,,Andes,Orinoco,Meta,Río Lengupá,1.57818186283112,1.9163635969162,2,2,0.829710125923157,0.960144937038422,1,1,1.08000004291534,2001,03,14,0,0,0,5,12.3733167648315,2001-03-01,15.2886848449707,7.94462823867798,10.8178558349609
35080010,Pluviométrica,Convencional,Boyacá,Zetaquirá,5.283,-73.1693,1720,6/15/1957,,Andes,Orinoco,Meta,Río Lengupá,1.57818186283112,1.9163635969162,2,2,0.829710125923157,0.960144937038422,1,1,1.08000004291534,2001,03,15,0,0,0,5,9.27834892272949,2001-03-01,10.9737424850464,5.55010414123535,8.57290363311768
35080010,Pluviométrica,Convencional,Boyacá,Zetaquirá,5.283,-73.1693,1720,6/15/1957,,Andes,Orinoco,Meta,Río Lengupá,1.57818186283112,1.9163635969162,2,2,0.829710125923157,0.960144937038422,1,1,1.08000004291534,2001,03,16,0,0,0,5,5.82366228103638,2001-03-01,1.37589681148529,9.90431785583496,6.80572462081909
35080010,Pluviométrica,Convencional,Boyacá,Zetaquirá,5.283,-73.1693,1720,6/15/1957,,Andes,Orinoco,Meta,Río Lengupá,1.57818186283112,1.9163635969162,2,2,0.829710125923157,0.960144937038422,1,1,1.08000004291534,2001,03,17,0,0,0,5,4.36274242401123,2001-03-01,0,8.49947547912598,0
35080010,Pluviométrica,Convencional,Boyacá,Zetaquirá,5.283,-73.1693,1720,6/15/1957,,Andes,Orinoco,Meta,Río Lengupá,1.57818186283112,1.9163635969162,2,2,0.829710125923157,0.960144937038422,1,1,1.08000004291534,2001,03,18,0,0,0,6,21.129638671875,2001-03-01,21.0010585784912,14.7550315856934,18.7914733886719
35080010,Pluviométrica,Convencional,Boyacá,Zetaquirá,5.283,-73.1693,1720,6/15/1957,,Andes,Orinoco,Meta,Río Lengupá,1.57818186283112,1.9163635969162,2,2,0.829710125923157,0.960144937038422,1,1,1.05999994277954,2001,04,19,9.8,9.8,10.3879994392395,0,7.26864671707153,2001-04-01,1.53076767921448,8.44466209411621,3.96591114997864
35080010,Pluviométrica,Convencional,Boyacá,Zetaquirá,5.283,-73.1693,1720,6/15/1957,,Andes,Orinoco,Meta,Río Lengupá,1.57818186283112,1.9163635969162,2,2,0.829710125923157,0.960144937038422,1,1,1.05999994277954,2001,04,20,27,27,28.6199984550476,0,9.17161083221436,2001-04-01,4.99953651428223,8.86031723022461,8.31549263000488
35080010,Pluviométrica,Convencional,Boyacá,Zetaquirá,5.283,-73.1693,1720,6/15/1957,,Andes,Orinoco,Meta,Río Lengupá,1.57818186283112,1.9163635969162,2,2,0.829710125923157,0.960144937038422,1,1,1.05999994277954,2001,04,21,4.8,4.8,5.0879997253418,0,5.97135353088379,2001-04-01,0,7.71282815933228,0
35080010,Pluviométrica,Convencional,Boyacá,Zetaquirá,5.283,-73.1693,1720,6/15/1957,,Andes,Orinoco,Meta,Río Lengupá,1.57818186283112,1.9163635969162,2,2,0.829710125923157,0.960144937038422,1,1,1.05999994277954,2001,04,22,4.3,4.3,4.55799975395203,0,5.0432071685791,2001-04-01,0,7.32440996170044,0
35080010,Pluviométrica,Convencional,Boyacá,Zetaquirá,5.283,-73.1693,1720,6/15/1957,,Andes,Orinoco,Meta,Río Lengupá,1.57818186283112,1.9163635969162,2,2,0.829710125923157,0.960144937038422,1,1,1.05999994277954,2001,04,23,7.2,7.2,7.6319995880127,0,6.5331244468689,2001-04-01,0,10.969446182251,0
35080010,Pluviométrica,Convencional,Boyacá,Zetaquirá,5.283,-73.1693,1720,6/15/1957,,Andes,Orinoco,Meta,Río Lengupá,1.57818186283112,1.9163635969162,2,2,0.829710125923157,0.960144937038422,1,1,1.05999994277954,2001,04,24,22.2,22.2,23.5319987297058,0,14.3548526763916,2001-04-01,15.4549922943115,22.0806560516357,39.966667175293
35080010,Pluviométrica,Convencional,Boyacá,Zetaquirá,5.283,-73.1693,1720,6/15/1957,,Andes,Orinoco,Meta,Río Lengupá,1.57818186283112,1.9163635969162,2,2,0.829710125923157,0.960144937038422,1,1,1.04999995231628,2001,05,25,66.1,66.1,69.4049968481064,0,30.381706237793,2001-05-01,43.5181541442871,51.7032470703125,66.9169845581055
35080010,Pluviométrica,Convencional,Boyacá,Zetaquirá,5.283,-73.1693,1720,6/15/1957,,Andes,Orinoco,Meta,Río Lengupá,1.57818186283112,1.9163635969162,2,2,0.829710125923157,0.960144937038422,1,1,1.04999995231628,2001,05,26,44.3,44.3,46.5149978876114,0,19.4860324859619,2001-05-01,27.6975345611572,23.7171669006348,30.7360534667969
35080010,Pluviométrica,Convencional,Boyacá,Zetaquirá,5.283,-73.1693,1720,6/15/1957,,Andes,Orinoco,Meta,Río Lengupá,1.57818186283112,1.9163635969162,2,2,0.829710125923157,0.960144937038422,1,1,1.04999995231628,2001,05,27,32.7,32.7,34.3349984407425,0,25.1034164428711,2001-05-01,39.3095321655273,27.7870941162109,34.705207824707
35080010,Pluviométrica,Convencional,Boyacá,Zetaquirá,5.283,-73.1693,1720,6/15/1957,,Andes,Orinoco,Meta,Río Lengupá,1.57818186283112,1.9163635969162,2,2,0.829710125923157,0.960144937038422,1,1,1.04999995231628,2001,05,28,49.8,49.8,52.289997625351,0,31.5121803283691,2001-05-01,55.1950035095215,30.6704750061035,38.5109825134277
35080010,Pluviométrica,Convencional,Boyacá,Zetaquirá,5.283,-73.1693,1720,6/15/1957,,Andes,Orinoco,Meta,Río Lengupá,1.57818186283112,1.9163635969162,2,2,0.829710125923157,0.960144937038422,1,1,1.04999995231628,2001,05,29,42.9,42.9,45.0449979543686,0,31.4884967803955,2001-05-01,56.2252426147461,29.0231285095215,37.3129043579102
35080010,Pluviométrica,Convencional,Boyacá,Zetaquirá,5.283,-73.1693,1720,6/15/1957,,Andes,Orinoco,Meta,Río Lengupá,1.57818186283112,1.9163635969162,2,2,0.829710125923157,0.960144937038422,1,1,1.04999995231628,2001,05,30,70.2,70.2,73.7099966526032,0,48.307014465332,2001-05-01,76.1062698364258,45.0576591491699,58.0334739685059
35080010,Pluviométrica,Convencional,Boyacá,Zetaquirá,5.283,-73.1693,1720,6/15/1957,,Andes,Orinoco,Meta,Río Lengupá,1.57818186283112,1.9163635969162,2,2,0.829710125923157,0.960144937038422,1,1,1.04999995231628,2001,06,31,31.5,31.5,33.074998497963,0,11.9314155578613,2001-06-01,2.7727370262146,22.5369625091553,12.3438549041748
35080010,Pluviométrica,Convencional,Boyacá,Zetaquirá,5.283,-73.1693,1720,6/15/1957,,Andes,Orinoco,Meta,Río Lengupá,1.57818186283112,1.9163635969162,2,2,0.829710125923157,0.960144937038422,1,1,1.04999995231628,2001,06,32,72.2,72.2,75.8099965572357,0,32.6129112243652,2001-06-01,45.7502479553223,45.0086975097656,57.6227378845215
35080010,Pluviométrica,Convencional,Boyacá,Zetaquirá,5.283,-73.1693,1720,6/15/1957,,Andes,Orinoco,Meta,Río Lengupá,1.57818186283112,1.9163635969162,2,2,0.829710125923157,0.960144937038422,1,1,1.04999995231628,2001,06,33,39.8,39.8,41.7899981021881,0,18.9392375946045,2001-06-01,17.7650966644287,35.6936416625977,50.5384330749512
35080010,Pluviométrica,Convencional,Boyacá,Zetaquirá,5.283,-73.1693,1720,6/15/1957,,Andes,Orinoco,Meta,Río Lengupá,1.57818186283112,1.9163635969162,2,2,0.829710125923157,0.960144937038422,1,1,1.04999995231628,2001,06,34,59,59,61.9499971866608,0,64.34521484375,2001-06-01,117.835762023926,58.8536033630371,78.9197235107422
35080010,Pluviométrica,Convencional,Boyacá,Zetaquirá,5.283,-73.1693,1720,6/15/1957,,Andes,Orinoco,Meta,Río Lengupá,1.57818186283112,1.9163635969162,2,2,0.829710125923157,0.960144937038422,1,1,1.04999995231628,2001,06,35,37,37,38.8499982357025,0,16.62526512146,2001-06-01,13.0393962860107,27.4486255645752,35.1064224243164
35080010,Pluviométrica,Convencional,Boyacá,Zetaquirá,5.283,-73.1693,1720,6/15/1957,,Andes,Orinoco,Meta,Río Lengupá,1.57818186283112,1.9163635969162,2,2,0.829710125923157,0.960144937038422,1,1,1.04999995231628,2001,06,36,76.3,76.3,80.1149963617325,0,14.9048328399658,2001-06-01,8.23607444763184,30.4929580688477,30.7952346801758
35080010,Pluviométrica,Convencional,Boyacá,Zetaquirá,5.283,-73.1693,1720,6/15/1957,,Andes,Orinoco,Meta,Río Lengupá,1.57818186283112,1.9163635969162,2,2,0.829710125923157,0.960144937038422,1,1,1.03999996185303,2001,07,37,33.5,33.5,34.8399987220764,0,14.9116449356079,2001-07-01,11.1197643280029,15.166615486145,13.7597694396973
35080010,Pluviométrica,Convencional,Boyacá,Zetaquirá,5.283,-73.1693,1720,6/15/1957,,Andes,Orinoco,Meta,Río Lengupá,1.57818186283112,1.9163635969162,2,2,0.829710125923157,0.960144937038422,1,1,1.03999996185303,2001,07,38,26.5,26.5,27.5599989891052,0,33.4100456237793,2001-07-01,35.298713684082,35.8901062011719,35.8101196289063
35080010,Pluviométrica,Convencional,Boyacá,Zetaquirá,5.283,-73.1693,1720,6/15/1957,,Andes,Orinoco,Meta,Río Lengupá,1.57818186283112,1.9163635969162,2,2,0.829710125923157,0.960144937038422,1,1,1.03999996185303,2001,07,39,36.8,36.8,38.2719985961914,0,100.076591491699,2001-07-01,143.253616333008,69.4378662109375,73.8803787231445
35080010,Pluviométrica,Convencional,Boyacá,Zetaquirá,5.283,-73.1693,1720,6/15/1957,,Andes,Orinoco,Meta,Río Lengupá,1.57818186283112,1.9163635969162,2,2,0.829710125923157,0.960144937038422,1,1,1.03999996185303,2001,07,40,28.2,28.2,29.3279989242554,0,24.2893295288086,2001-07-01,19.7231616973877,27.2603797912598,27.0984649658203
35080010,Pluviométrica,Convencional,Boyacá,Zetaquirá,5.283,-73.1693,1720,6/15/1957,,Andes,Orinoco,Meta,Río Lengupá,1.57818186283112,1.9163635969162,2,2,0.829710125923157,0.960144937038422,1,1,1.03999996185303,2001,07,41,31.4,31.4,32.6559988021851,0,19.4522914886475,2001-07-01,16.6294422149658,19.383602142334,16.6235466003418
35080010,Pluviométrica,Convencional,Boyacá,Zetaquirá,5.283,-73.1693,1720,6/15/1957,,Andes,Orinoco,Meta,Río Lengupá,1.57818186283112,1.9163635969162,2,2,0.829710125923157,0.960144937038422,1,1,1.03999996185303,2001,07,42,73.4,73.4,76.3359972000122,0,64.4262313842773,2001-07-01,55.7760353088379,75.4896545410156,65.3418655395508
35080010,Pluviométrica,Convencional,Boyacá,Zetaquirá,5.283,-73.1693,1720,6/15/1957,,Andes,Orinoco,Meta,Río Lengupá,1.57818186283112,1.9163635969162,2,2,0.829710125923157,0.960144937038422,1,1,1.05999994277954,2001,08,43,59,59,62.5399966239929,0,26.6290016174316,2001-08-01,37.2256507873535,42.5316925048828,55.181095123291
35080010,Pluviométrica,Convencional,Boyacá,Zetaquirá,5.283,-73.1693,1720,6/15/1957,,Andes,Orinoco,Meta,Río Lengupá,1.57818186283112,1.9163635969162,2,2,0.829710125923157,0.960144937038422,1,1,1.05999994277954,2001,08,44,45.7,45.7,48.441997385025,0,15.7296123504639,2001-08-01,4.50812482833862,27.3263721466065,20.1454792022705
35080010,Pluviométrica,Convencional,Boyacá,Zetaquirá,5.283,-73.1693,1720,6/15/1957,,Andes,Orinoco,Meta,Río Lengupá,1.57818186283112,1.9163635969162,2,2,0.829710125923157,0.960144937038422,1,1,1.05999994277954,2001,08,45,78.3,78.3,82.9979955196381,0,15.0180463790894,2001-08-01,5.97344589233398,32.6139755249023,26.5835952758789
35080010,Pluviométrica,Convencional,Boyacá,Zetaquirá,5.283,-73.1693,1720,6/15/1957,,Andes,Orinoco,Meta,Río Lengupá,1.57818186283112,1.9163635969162,2,2,0.829710125923157,0.960144937038422,1,1,1.05999994277954,2001,08,46,98.4,98.4,104.303994369507,0,33.5931053161621,2001-08-01,37.4035263061523,61.8487052917481,63.0029106140137
35080010,Pluviométrica,Convencional,Boyacá,Zetaquirá,5.283,-73.1693,1720,6/15/1957,,Andes,Orinoco,Meta,Río Lengupá,1.57818186283112,1.9163635969162,2,2,0.829710125923157,0.960144937038422,1,1,1.05999994277954,2001,08,47,33.5,33.5,35.5099980831146,0,25.4470176696777,2001-08-01,24.5163841247559,25.5927600860596,29.3842754364014
35080010,Pluviométrica,Convencional,Boyacá,Zetaquirá,5.283,-73.1693,1720,6/15/1957,,Andes,Orinoco,Meta,Río Lengupá,1.57818186283112,1.9163635969162,2,2,0.829710125923157,0.960144937038422,1,1,1.05999994277954,2001,08,48,65.1,65.1,69.0059962749481,0,50.9579200744629,2001-08-01,47.4199752807617,63.9080314636231,61.083740234375
35080010,Pluviométrica,Convencional,Boyacá,Zetaquirá,5.283,-73.1693,1720,6/15/1957,,Andes,Orinoco,Meta,Río Lengupá,1.57818186283112,1.9163635969162,2,2,0.829710125923157,0.960144937038422,1,1,1.05999994277954,2001,09,49,59.2,59.2,62.7519966125488,0,16.9339599609375,2001-09-01,25.1303005218506,40.0434303283691,53.1778297424317
35080010,Pluviométrica,Convencional,Boyacá,Zetaquirá,5.283,-73.1693,1720,6/15/1957,,Andes,Orinoco,Meta,Río Lengupá,1.57818186283112,1.9163635969162,2,2,0.829710125923157,0.960144937038422,1,1,1.05999994277954,2001,09,50,19.8,19.8,20.9879988670349,1,17.738151550293,2001-09-01,20.5417537689209,20.6057891845703,19.5435123443604
35080010,Pluviométrica,Convencional,Boyacá,Zetaquirá,5.283,-73.1693,1720,6/15/1957,,Andes,Orinoco,Meta,Río Lengupá,1.57818186283112,1.9163635969162,2,2,0.829710125923157,0.960144937038422,1,1,1.05999994277954,2001,09,51,60.8,60.8,64.4479965209961,0,25.6910400390625,2001-09-01,37.2708854675293,40.9061584472656,53.4911346435547
35080010,Pluviométrica,Convencional,Boyacá,Zetaquirá,5.283,-73.1693,1720,6/15/1957,,Andes,Orinoco,Meta,Río Lengupá,1.57818186283112,1.9163635969162,2,2,0.829710125923157,0.960144937038422,1,1,1.05999994277954,2001,09,52,39.5,39.5,41.8699977397919,0,13.0732975006104,2001-09-01,12.9193620681763,25.2213153839111,25.9938163757324
35080010,Pluviométrica,Convencional,Boyacá,Zetaquirá,5.283,-73.1693,1720,6/15/1957,,Andes,Orinoco,Meta,Río Lengupá,1.57818186283112,1.9163635969162,2,2,0.829710125923157,0.960144937038422,1,1,1.05999994277954,2001,09,53,9,9,9.53999948501587,0,20.1679439544678,2001-09-01,27.2313175201416,14.9478311538696,15.0503311157227
35080010,Pluviométrica,Convencional,Boyacá,Zetaquirá,5.283,-73.1693,1720,6/15/1957,,Andes,Orinoco,Meta,Río Lengupá,1.57818186283112,1.9163635969162,2,2,0.829710125923157,0.960144937038422,1,1,1.05999994277954,2001,09,54,37.6,37.6,39.8559978485108,0,39.2762641906738,2001-09-01,62.3493728637695,48.8572044372559,53.4577560424805
35080010,Pluviométrica,Convencional,Boyacá,Zetaquirá,5.283,-73.1693,1720,6/15/1957,,Andes,Orinoco,Meta,Río Lengupá,1.57818186283112,1.9163635969162,2,2,0.829710125923157,0.960144937038422,1,1,1.04999995231628,2001,10,55,8.8,8.8,9.2399995803833,0,18.0471324920654,2001-10-01,14.9778509140015,15.6997156143188,17.5829486846924
35080010,Pluviométrica,Convencional,Boyacá,Zetaquirá,5.283,-73.1693,1720,6/15/1957,,Andes,Orinoco,Meta,Río Lengupá,1.57818186283112,1.9163635969162,2,2,0.829710125923157,0.960144937038422,1,1,1.04999995231628,2001,10,56,6.3,6.3,6.61499969959259,0,25.4376316070557,2001-10-01,32.9340515136719,14.4628791809082,18.2881717681885
35080010,Pluviométrica,Convencional,Boyacá,Zetaquirá,5.283,-73.1693,1720,6/15/1957,,Andes,Orinoco,Meta,Río Lengupá,1.57818186283112,1.9163635969162,2,2,0.829710125923157,0.960144937038422,1,1,1.04999995231628,2001,10,57,54.9,54.9,57.644997382164,0,26.8606452941895,2001-10-01,35.4999122619629,23.7824897766113,26.5194244384766
35080010,Pluviométrica,Convencional,Boyacá,Zetaquirá,5.283,-73.1693,1720,6/15/1957,,Andes,Orinoco,Meta,Río Lengupá,1.57818186283112,1.9163635969162,2,2,0.829710125923157,0.960144937038422,1,1,1.04999995231628,2001,10,58,39.5,39.5,41.4749981164932,0,14.8281364440918,2001-10-01,13.5340280532837,24.3650550842285,27.3422241210938
35080010,Pluviométrica,Convencional,Boyacá,Zetaquirá,5.283,-73.1693,1720,6/15/1957,,Andes,Orinoco,Meta,Río Lengupá,1.57818186283112,1.9163635969162,2,2,0.829710125923157,0.960144937038422,1,1,1.04999995231628,2001,10,59,29.6,29.6,31.079998588562,0,18.6771068572998,2001-10-01,20.0947914123535,17.3233814239502,19.7078666687012
35080010,Pluviométrica,Convencional,Boyacá,Zetaquirá,5.283,-73.1693,1720,6/15/1957,,Andes,Orinoco,Meta,Río Lengupá,1.57818186283112,1.9163635969162,2,2,0.829710125923157,0.960144937038422,1,1,1.04999995231628,2001,10,60,65.7,65.7,68.9849968671799,0,40.7501068115234,2001-10-01,53.1091957092285,38.1600914001465,48.1789627075195
35080010,Pluviométrica,Convencional,Boyacá,Zetaquirá,5.283,-73.1693,1720,6/15/1957,,Andes,Orinoco,Meta,Río Lengupá,1.57818186283112,1.9163635969162,2,2,0.829710125923157,0.960144937038422,1,1,1.04999995231628,2001,11,61,53.5,53.5,56.1749974489212,0,19.7070121765137,2001-11-01,32.0255813598633,28.3027725219727,45.2952308654785
35080010,Pluviométrica,Convencional,Boyacá,Zetaquirá,5.283,-73.1693,1720,6/15/1957,,Andes,Orinoco,Meta,Río Lengupá,1.57818186283112,1.9163635969162,2,2,0.829710125923157,0.960144937038422,1,1,1.04999995231628,2001,11,62,33.2,33.2,34.8599984169006,0,16.697416305542,2001-11-01,26.0291252136231,19.3214588165283,27.6876411437988
35080010,Pluviométrica,Convencional,Boyacá,Zetaquirá,5.283,-73.1693,1720,6/15/1957,,Andes,Orinoco,Meta,Río Lengupá,1.57818186283112,1.9163635969162,2,2,0.829710125923157,0.960144937038422,1,1,1.04999995231628,2001,11,63,23.1,23.1,24.2549988985062,0,19.0349216461182,2001-11-01,28.8394603729248,18.4991931915283,26.2736511230469
35080010,Pluviométrica,Convencional,Boyacá,Zetaquirá,5.283,-73.1693,1720,6/15/1957,,Andes,Orinoco,Meta,Río Lengupá,1.57818186283112,1.9163635969162,2,2,0.829710125923157,0.960144937038422,1,1,1.04999995231628,2001,11,64,19.8,19.8,20.7899990558624,0,16.5766754150391,2001-11-01,26.7625389099121,13.2444190979004,19.7175197601318
35080010,Pluviométrica,Convencional,Boyacá,Zetaquirá,5.283,-73.1693,1720,6/15/1957,,Andes,Orinoco,Meta,Río Lengupá,1.57818186283112,1.9163635969162,2,2,0.829710125923157,0.960144937038422,1,1,1.04999995231628,2001,11,65,8.3,8.3,8.71499960422516,0,5.93606805801392,2001-11-01,1.33493387699127,5.13659715652466,2.49101686477661
35080010,Pluviométrica,Convencional,Boyacá,Zetaquirá,5.283,-73.1693,1720,6/15/1957,,Andes,Orinoco,Meta,Río Lengupá,1.57818186283112,1.9163635969162,2,2,0.829710125923157,0.960144937038422,1,1,1.04999995231628,2001,11,66,59,59,61.9499971866608,0,22.808313369751,2001-11-01,48.5251770019531,36.0258102416992,54.10791015625
35080010,Pluviométrica,Convencional,Boyacá,Zetaquirá,5.283,-73.1693,1720,6/15/1957,,Andes,Orinoco,Meta,Río Lengupá,1.57818186283112,1.9163635969162,2,2,0.829710125923157,0.960144937038422,1,1,1.07000005245209,2001,12,67,0.2,0.2,0.214000010490417,0,6.6272783279419,2001-12-01,12.380163192749,4.93303108215332,9.7270679473877
35080010,Pluviométrica,Convencional,Boyacá,Zetaquirá,5.283,-73.1693,1720,6/15/1957,,Andes,Orinoco,Meta,Río Lengupá,1.57818186283112,1.9163635969162,2,2,0.829710125923157,0.960144937038422,1,1,1.07000005245209,2001,12,68,8.6,8.6,9.20200045108795,0,11.9890279769897,2001-12-01,34.2400703430176,12.7284650802612,24.6309642791748
35080010,Pluviométrica,Convencional,Boyacá,Zetaquirá,5.283,-73.1693,1720,6/15/1957,,Andes,Orinoco,Meta,Río Lengupá,1.57818186283112,1.9163635969162,2,2,0.829710125923157,0.960144937038422,1,1,1.07000005245209,2001,12,69,30.3,30.3,32.4210015892983,0,4.06386089324951,2001-12-01,7.36336708068848,7.00088119506836,16.0609703063965
35080010,Pluviométrica,Convencional,Boyacá,Zetaquirá,5.283,-73.1693,1720,6/15/1957,,Andes,Orinoco,Meta,Río Lengupá,1.57818186283112,1.9163635969162,2,2,0.829710125923157,0.960144937038422,1,1,1.07000005245209,2001,12,70,42.2,42.2,45.1540022134781,0,20.0440559387207,2001-12-01,75.8696899414063,25.5489406585693,46.3398361206055
35080010,Pluviométrica,Convencional,Boyacá,Zetaquirá,5.283,-73.1693,1720,6/15/1957,,Andes,Orinoco,Meta,Río Lengupá,1.57818186283112,1.9163635969162,2,2,0.829710125923157,0.960144937038422,1,1,1.07000005245209,2001,12,71,18,18,19.2600009441376,0,11.2099132537842,2001-12-01,27.0276107788086,12.9746446609497,24.3685054779053
35080010,Pluviométrica,Convencional,Boyacá,Zetaquirá,5.283,-73.1693,1720,6/15/1957,,Andes,Orinoco,Meta,Río Lengupá,1.57818186283112,1.9163635969162,2,2,0.829710125923157,0.960144937038422,1,1,1.07000005245209,2001,12,72,24.2,24.2,25.8940012693405,0,12.3851108551025,2001-12-01,15.0305480957031,12.6157550811768,19.5825901031494
35080010,Pluviométrica,Convencional,Boyacá,Zetaquirá,5.283,-73.1693,1720,6/15/1957,,Andes,Orinoco,Meta,Río Lengupá,1.57818186283112,1.9163635969162,2,2,0.829710125923157,0.960144937038422,1,1,1.07000005245209,2002,01,1,0,0,0,0,4.90162229537964,2002-01-01,4.45475959777832,2.23927736282349,2.72592449188232
35080010,Pluviométrica,Convencional,Boyacá,Zetaquirá,5.283,-73.1693,1720,6/15/1957,,Andes,Orinoco,Meta,Río Lengupá,1.57818186283112,1.9163635969162,2,2,0.829710125923157,0.960144937038422,1,1,1.07000005245209,2002,01,2,5,5,5.35000026226044,0,5.92981910705566,2002-01-01,2.34820914268494,3.57134962081909,2.50141835212708
35080010,Pluviométrica,Convencional,Boyacá,Zetaquirá,5.283,-73.1693,1720,6/15/1957,,Andes,Orinoco,Meta,Río Lengupá,1.57818186283112,1.9163635969162,2,2,0.829710125923157,0.960144937038422,1,1,1.07000005245209,2002,01,3,0.3,0.3,0.321000015735626,0,6.42745304107666,2002-01-01,2.33185815811157,3.49592018127441,2.36602282524109
35080010,Pluviométrica,Convencional,Boyacá,Zetaquirá,5.283,-73.1693,1720,6/15/1957,,Andes,Orinoco,Meta,Río Lengupá,1.57818186283112,1.9163635969162,2,2,0.829710125923157,0.960144937038422,1,1,1.07000005245209,2002,01,4,1.3,1.3,1.39100006818771,0,13.3243446350098,2002-01-01,6.65845441818237,4.71714067459106,3.40446329116821
35080010,Pluviométrica,Convencional,Boyacá,Zetaquirá,5.283,-73.1693,1720,6/15/1957,,Andes,Orinoco,Meta,Río Lengupá,1.57818186283112,1.9163635969162,2,2,0.829710125923157,0.960144937038422,1,1,1.07000005245209,2002,01,5,0.3,0.3,0.321000015735626,0,5.83617258071899,2002-01-01,1.64468801021576,4.11707401275635,2.2048032283783
35080010,Pluviométrica,Convencional,Boyacá,Zetaquirá,5.283,-73.1693,1720,6/15/1957,,Andes,Orinoco,Meta,Río Lengupá,1.57818186283112,1.9163635969162,2,2,0.829710125923157,0.960144937038422,1,1,1.07000005245209,2002,01,6,10.5,10.5,11.2350005507469,0,7.16512298583984,2002-01-01,0.691168010234833,4.71468210220337,1.0914067029953
35080010,Pluviométrica,Convencional,Boyacá,Zetaquirá,5.283,-73.1693,1720,6/15/1957,,Andes,Orinoco,Meta,Río Lengupá,1.57818186283112,1.9163635969162,2,2,0.829710125923157,0.960144937038422,1,1,1.08000004291534,2002,02,7,13,13,14.0400005578995,0,9.35453414916992,2002-02-01,15.8708848953247,10.7951955795288,13.4855442047119
35080010,Pluviométrica,Convencional,Boyacá,Zetaquirá,5.283,-73.1693,1720,6/15/1957,,Andes,Orinoco,Meta,Río Lengupá,1.57818186283112,1.9163635969162,2,2,0.829710125923157,0.960144937038422,1,1,1.08000004291534,2002,02,8,11.5,11.5,12.4200004935265,0,4.9555082321167,2002-02-01,1.62601017951965,8.59687900543213,4.65436506271362
35080010,Pluviométrica,Convencional,Boyacá,Zetaquirá,5.283,-73.1693,1720,6/15/1957,,Andes,Orinoco,Meta,Río Lengupá,1.57818186283112,1.9163635969162,2,2,0.829710125923157,0.960144937038422,1,1,1.08000004291534,2002,02,9,0.5,0.5,0.540000021457672,0,4.87007904052734,2002-02-01,1.00317966938019,2.36893510818481,0.653378665447235
35080010,Pluviométrica,Convencional,Boyacá,Zetaquirá,5.283,-73.1693,1720,6/15/1957,,Andes,Orinoco,Meta,Río Lengupá,1.57818186283112,1.9163635969162,2,2,0.829710125923157,0.960144937038422,1,1,1.08000004291534,2002,02,10,10.6,10.6,11.4480004549027,0,4.88569498062134,2002-02-01,0.486874550580978,3.06199669837952,0.569506525993347
35080010,Pluviométrica,Convencional,Boyacá,Zetaquirá,5.283,-73.1693,1720,6/15/1957,,Andes,Orinoco,Meta,Río Lengupá,1.57818186283112,1.9163635969162,2,2,0.829710125923157,0.960144937038422,1,1,1.08000004291534,2002,02,11,0,0,0,0,4.94352579116821,2002-02-01,1.12841987609863,2.14599466323853,0.574511170387268
35080010,Pluviométrica,Convencional,Boyacá,Zetaquirá,5.283,-73.1693,1720,6/15/1957,,Andes,Orinoco,Meta,Río Lengupá,1.57818186283112,1.9163635969162,2,2,0.829710125923157,0.960144937038422,1,1,1.08000004291534,2002,02,12,1,1,1.08000004291534,0,2.12034511566162,2002-02-01,1.40506875514984,1.58352816104889,1.13941836357117
35080010,Pluviométrica,Convencional,Boyacá,Zetaquirá,5.283,-73.1693,1720,6/15/1957,,Andes,Orinoco,Meta,Río Lengupá,1.57818186283112,1.9163635969162,2,2,0.829710125923157,0.960144937038422,1,1,1.08000004291534,2002,03,13,1.3,1.3,1.40400005578995,0,4.95243215560913,2002-03-01,1.70680463314056,4.45972585678101,2.59339046478272
35080010,Pluviométrica,Convencional,Boyacá,Zetaquirá,5.283,-73.1693,1720,6/15/1957,,Andes,Orinoco,Meta,Río Lengupá,1.57818186283112,1.9163635969162,2,2,0.829710125923157,0.960144937038422,1,1,1.08000004291534,2002,03,14,0,0,0,0,3.94066882133484,2002-03-01,0,1.92358481884003,0
35080010,Pluviométrica,Convencional,Boyacá,Zetaquirá,5.283,-73.1693,1720,6/15/1957,,Andes,Orinoco,Meta,Río Lengupá,1.57818186283112,1.9163635969162,2,2,0.829710125923157,0.960144937038422,1,1,1.08000004291534,2002,03,15,6.6,6.6,7.12800028324127,0,7.96676778793335,2002-03-01,6.99547100067139,9.70791149139404,10.9894800186157
35080010,Pluviométrica,Convencional,Boyacá,Zetaquirá,5.283,-73.1693,1720,6/15/1957,,Andes,Orinoco,Meta,Río Lengupá,1.57818186283112,1.9163635969162,2,2,0.829710125923157,0.960144937038422,1,1,1.08000004291534,2002,03,16,72.3,72.3,78.0840031027794,0,24.7607479095459,2002-03-01,42.1226844787598,36.92626953125,46.3730506896973
35080010,Pluviométrica,Convencional,Boyacá,Zetaquirá,5.283,-73.1693,1720,6/15/1957,,Andes,Orinoco,Meta,Río Lengupá,1.57818186283112,1.9163635969162,2,2,0.829710125923157,0.960144937038422,1,1,1.08000004291534,2002,03,17,1.1,1.1,1.18800004720688,0,22.1827259063721,2002-03-01,38.499942779541,11.6819467544556,17.2909278869629
35080010,Pluviométrica,Convencional,Boyacá,Zetaquirá,5.283,-73.1693,1720,6/15/1957,,Andes,Orinoco,Meta,Río Lengupá,1.57818186283112,1.9163635969162,2,2,0.829710125923157,0.960144937038422,1,1,1.08000004291534,2002,03,18,48.5,48.5,52.3800020813942,0,19.4398059844971,2002-03-01,22.5235919952393,21.1159057617188,24.1439247131348
35080010,Pluviométrica,Convencional,Boyacá,Zetaquirá,5.283,-73.1693,1720,6/15/1957,,Andes,Orinoco,Meta,Río Lengupá,1.57818186283112,1.9163635969162,2,2,0.829710125923157,0.960144937038422,1,1,1.05999994277954,2002,04,19,5.5,5.5,5.82999968528748,0,17.3366603851318,2002-04-01,16.2575912475586,14.8824844360352,15.3067207336426
35080010,Pluviométrica,Convencional,Boyacá,Zetaquirá,5.283,-73.1693,1720,6/15/1957,,Andes,Orinoco,Meta,Río Lengupá,1.57818186283112,1.9163635969162,2,2,0.829710125923157,0.960144937038422,1,1,1.05999994277954,2002,04,20,101.5,101.5,107.589994192123,0,30.1559638977051,2002-04-01,35.0614471435547,53.8589859008789,66.3106002807617
35080010,Pluviométrica,Convencional,Boyacá,Zetaquirá,5.283,-73.1693,1720,6/15/1957,,Andes,Orinoco,Meta,Río Lengupá,1.57818186283112,1.9163635969162,2,2,0.829710125923157,0.960144937038422,1,1,1.05999994277954,2002,04,21,40.8,40.8,43.2479976654053,0,10.0258893966675,2002-04-01,4.30722999572754,19.4762840270996,16.599515914917
35080010,Pluviométrica,Convencional,Boyacá,Zetaquirá,5.283,-73.1693,1720,6/15/1957,,Andes,Orinoco,Meta,Río Lengupá,1.57818186283112,1.9163635969162,2,2,0.829710125923157,0.960144937038422,1,1,1.05999994277954,2002,04,22,25.5,25.5,27.0299985408783,0,34.3651237487793,2002-04-01,42.8472366333008,31.9341259002686,40.4886016845703
35080010,Pluviométrica,Convencional,Boyacá,Zetaquirá,5.283,-73.1693,1720,6/15/1957,,Andes,Orinoco,Meta,Río Lengupá,1.57818186283112,1.9163635969162,2,2,0.829710125923157,0.960144937038422,1,1,1.05999994277954,2002,04,23,26,26,27.5599985122681,0,37.2558059692383,2002-04-01,47.7329177856445,26.7721939086914,33.1592407226563
35080010,Pluviométrica,Convencional,Boyacá,Zetaquirá,5.283,-73.1693,1720,6/15/1957,,Andes,Orinoco,Meta,Río Lengupá,1.57818186283112,1.9163635969162,2,2,0.829710125923157,0.960144937038422,1,1,1.05999994277954,2002,04,24,37.1,37.1,39.325997877121,0,6.55105781555176,2002-04-01,0,8.38328361511231,0
35080010,Pluviométrica,Convencional,Boyacá,Zetaquirá,5.283,-73.1693,1720,6/15/1957,,Andes,Orinoco,Meta,Río Lengupá,1.57818186283112,1.9163635969162,2,2,0.829710125923157,0.960144937038422,1,1,1.04999995231628,2002,05,25,2,2,2.09999990463257,0,14.378457069397,2002-05-01,12.2619094848633,11.8375625610352,11.7801465988159
35080010,Pluviométrica,Convencional,Boyacá,Zetaquirá,5.283,-73.1693,1720,6/15/1957,,Andes,Orinoco,Meta,Río Lengupá,1.57818186283112,1.9163635969162,2,2,0.829710125923157,0.960144937038422,1,1,1.04999995231628,2002,05,26,13,13,13.6499993801117,0,11.4779853820801,2002-05-01,9.04839324951172,19.3473854064941,19.0480823516846
35080010,Pluviométrica,Convencional,Boyacá,Zetaquirá,5.283,-73.1693,1720,6/15/1957,,Andes,Orinoco,Meta,Río Lengupá,1.57818186283112,1.9163635969162,2,2,0.829710125923157,0.960144937038422,1,1,1.04999995231628,2002,05,27,32,32,33.5999984741211,0,38.1005020141602,2002-05-01,69.3427124023438,49.9104919433594,66.6840057373047
35080010,Pluviométrica,Convencional,Boyacá,Zetaquirá,5.283,-73.1693,1720,6/15/1957,,Andes,Orinoco,Meta,Río Lengupá,1.57818186283112,1.9163635969162,2,2,0.829710125923157,0.960144937038422,1,1,1.04999995231628,2002,05,28,100,100,104.999995231628,0,27.276481628418,2002-05-01,45.3154678344727,24.7927684783936,31.6404209136963
35080010,Pluviométrica,Convencional,Boyacá,Zetaquirá,5.283,-73.1693,1720,6/15/1957,,Andes,Orinoco,Meta,Río Lengupá,1.57818186283112,1.9163635969162,2,2,0.829710125923157,0.960144937038422,1,1,1.04999995231628,2002,05,29,11.3,11.3,11.864999461174,0,25.5925617218018,2002-05-01,48.9527778625488,23.0324440002441,33.9872245788574
35080010,Pluviométrica,Convencional,Boyacá,Zetaquirá,5.283,-73.1693,1720,6/15/1957,,Andes,Orinoco,Meta,Río Lengupá,1.57818186283112,1.9163635969162,2,2,0.829710125923157,0.960144937038422,1,1,1.04999995231628,2002,05,30,93.6,93.6,98.2799955368042,0,48.4371223449707,2002-05-01,76.1062698364258,74.7321929931641,101.211860656738
35080010,Pluviométrica,Convencional,Boyacá,Zetaquirá,5.283,-73.1693,1720,6/15/1957,,Andes,Orinoco,Meta,Río Lengupá,1.57818186283112,1.9163635969162,2,2,0.829710125923157,0.960144937038422,1,1,1.04999995231628,2002,06,31,39.7,39.7,41.6849981069565,0,38.1445121765137,2002-06-01,48.6692390441895,46.6813812255859,53.8342056274414
35080010,Pluviométrica,Convencional,Boyacá,Zetaquirá,5.283,-73.1693,1720,6/15/1957,,Andes,Orinoco,Meta,Río Lengupá,1.57818186283112,1.9163635969162,2,2,0.829710125923157,0.960144937038422,1,1,1.04999995231628,2002,06,32,33,33,34.6499984264374,0,57.3170204162598,2002-06-01,82.2599182128906,90.4536209106445,103.567687988281
35080010,Pluviométrica,Convencional,Boyacá,Zetaquirá,5.283,-73.1693,1720,6/15/1957,,Andes,Orinoco,Meta,Río Lengupá,1.57818186283112,1.9163635969162,2,2,0.829710125923157,0.960144937038422,1,1,1.04999995231628,2002,06,33,63.5,63.5,66.6749969720841,0,28.0152206420898,2002-06-01,36.296630859375,32.5790863037109,37.9920272827148
35080010,Pluviométrica,Convencional,Boyacá,Zetaquirá,5.283,-73.1693,1720,6/15/1957,,Andes,Orinoco,Meta,Río Lengupá,1.57818186283112,1.9163635969162,2,2,0.829710125923157,0.960144937038422,1,1,1.04999995231628,2002,06,34,69.4,69.4,72.8699966907501,0,19.7428741455078,2002-06-01,21.5118675231934,41.5102844238281,56.7639884948731
35080010,Pluviométrica,Convencional,Boyacá,Zetaquirá,5.283,-73.1693,1720,6/15/1957,,Andes,Orinoco,Meta,Río Lengupá,1.57818186283112,1.9163635969162,2,2,0.829710125923157,0.960144937038422,1,1,1.04999995231628,2002,06,35,105.7,105.7,110.984994959831,0,13.7507019042969,2002-06-01,6.93467998504639,32.275032043457,34.1837196350098
35080010,Pluviométrica,Convencional,Boyacá,Zetaquirá,5.283,-73.1693,1720,6/15/1957,,Andes,Orinoco,Meta,Río Lengupá,1.57818186283112,1.9163635969162,2,2,0.829710125923157,0.960144937038422,1,1,1.04999995231628,2002,06,36,50.2,50.2,52.7099976062775,0,27.3162288665772,2002-06-01,37.1524658203125,50.5744972229004,65.5518035888672
35080010,Pluviométrica,Convencional,Boyacá,Zetaquirá,5.283,-73.1693,1720,6/15/1957,,Andes,Orinoco,Meta,Río Lengupá,1.57818186283112,1.9163635969162,2,2,0.829710125923157,0.960144937038422,1,1,1.03999996185303,2002,07,37,53.3,53.3,55.4319979667664,0,22.9974822998047,2002-07-01,20.9902820587158,42.7850761413574,45.583122253418
35080010,Pluviométrica,Convencional,Boyacá,Zetaquirá,5.283,-73.1693,1720,6/15/1957,,Andes,Orinoco,Meta,Río Lengupá,1.57818186283112,1.9163635969162,2,2,0.829710125923157,0.960144937038422,1,1,1.03999996185303,2002,07,38,53.7,53.7,55.8479979515076,0,46.3484802246094,2002-07-01,59.0943260192871,45.6891937255859,44.504280090332
35080010,Pluviométrica,Convencional,Boyacá,Zetaquirá,5.283,-73.1693,1720,6/15/1957,,Andes,Orinoco,Meta,Río Lengupá,1.57818186283112,1.9163635969162,2,2,0.829710125923157,0.960144937038422,1,1,1.03999996185303,2002,07,39,14.8,14.8,15.3919994354248,0,43.9677810668945,2002-07-01,51.8479309082031,32.9930381774902,31.3777809143066
35080010,Pluviométrica,Convencional,Boyacá,Zetaquirá,5.283,-73.1693,1720,6/15/1957,,Andes,Orinoco,Meta,Río Lengupá,1.57818186283112,1.9163635969162,2,2,0.829710125923157,0.960144937038422,1,1,1.03999996185303,2002,07,40,39.5,39.5,41.0799984931946,0,65.4237747192383,2002-07-01,79.8749847412109,43.6983909606934,41.5402412414551
35080010,Pluviométrica,Convencional,Boyacá,Zetaquirá,5.283,-73.1693,1720,6/15/1957,,Andes,Orinoco,Meta,Río Lengupá,1.57818186283112,1.9163635969162,2,2,0.829710125923157,0.960144937038422,1,1,1.03999996185303,2002,07,41,62.1,62.1,64.583997631073,0,56.096851348877,2002-07-01,70.3874359130859,43.1549072265625,38.3854827880859
35080010,Pluviométrica,Convencional,Boyacá,Zetaquirá,5.283,-73.1693,1720,6/15/1957,,Andes,Orinoco,Meta,Río Lengupá,1.57818186283112,1.9163635969162,2,2,0.829710125923157,0.960144937038422,1,1,1.03999996185303,2002,07,42,96.3,96.3,100.151996326447,0,64.5813140869141,2002-07-01,70.1246948242188,75.3506774902344,70.8863067626953
35080010,Pluviométrica,Convencional,Boyacá,Zetaquirá,5.283,-73.1693,1720,6/15/1957,,Andes,Orinoco,Meta,Río Lengupá,1.57818186283112,1.9163635969162,2,2,0.829710125923157,0.960144937038422,1,1,1.05999994277954,2002,08,43,38.5,38.5,40.8099977970123,0,31.7086944580078,2002-08-01,40.8910255432129,38.2637519836426,45.5239868164063
35080010,Pluviométrica,Convencional,Boyacá,Zetaquirá,5.283,-73.1693,1720,6/15/1957,,Andes,Orinoco,Meta,Río Lengupá,1.57818186283112,1.9163635969162,2,2,0.829710125923157,0.960144937038422,1,1,1.05999994277954,2002,08,44,89,89,94.3399949073792,0,68.5592956542969,2002-08-01,106.393692016602,93.95166015625,98.266487121582
35080010,Pluviométrica,Convencional,Boyacá,Zetaquirá,5.283,-73.1693,1720,6/15/1957,,Andes,Orinoco,Meta,Río Lengupá,1.57818186283112,1.9163635969162,2,2,0.829710125923157,0.960144937038422,1,1,1.05999994277954,2002,08,45,106.4,106.4,112.783993911743,0,32.8203353881836,2002-08-01,38.436092376709,73.3926696777344,94.3449401855469
35080010,Pluviométrica,Convencional,Boyacá,Zetaquirá,5.283,-73.1693,1720,6/15/1957,,Andes,Orinoco,Meta,Río Lengupá,1.57818186283112,1.9163635969162,2,2,0.829710125923157,0.960144937038422,1,1,1.05999994277954,2002,08,46,18.7,18.7,19.8219989299774,0,53.6141242980957,2002-08-01,77.5070495605469,51.1425170898438,54.6191177368164
35080010,Pluviométrica,Convencional,Boyacá,Zetaquirá,5.283,-73.1693,1720,6/15/1957,,Andes,Orinoco,Meta,Río Lengupá,1.57818186283112,1.9163635969162,2,2,0.829710125923157,0.960144937038422,1,1,1.05999994277954,2002,08,47,58.4,58.4,61.9039966583252,0,24.252031326294,2002-08-01,19.74462890625,27.700496673584,24.7817249298096
35080010,Pluviométrica,Convencional,Boyacá,Zetaquirá,5.283,-73.1693,1720,6/15/1957,,Andes,Orinoco,Meta,Río Lengupá,1.57818186283112,1.9163635969162,2,2,0.829710125923157,0.960144937038422,1,1,1.05999994277954,2002,08,48,68.5,68.5,72.6099960803986,1,57.6423416137695,2002-08-01,66.5452499389649,49.3804893493652,48.2415428161621
35080010,Pluviométrica,Convencional,Boyacá,Zetaquirá,5.283,-73.1693,1720,6/15/1957,,Andes,Orinoco,Meta,Río Lengupá,1.57818186283112,1.9163635969162,2,2,0.829710125923157,0.960144937038422,1,1,1.05999994277954,2002,09,49,47.4,47.4,50.2439972877503,0,31.472936630249,2002-09-01,57.2289581298828,46.2765998840332,54.0710563659668
35080010,Pluviométrica,Convencional,Boyacá,Zetaquirá,5.283,-73.1693,1720,6/15/1957,,Andes,Orinoco,Meta,Río Lengupá,1.57818186283112,1.9163635969162,2,2,0.829710125923157,0.960144937038422,1,1,1.05999994277954,2002,09,50,30.7,30.7,32.5419982433319,0,17.7851657867432,2002-09-01,20.6235885620117,18.9956302642822,18.9633274078369
35080010,Pluviométrica,Convencional,Boyacá,Zetaquirá,5.283,-73.1693,1720,6/15/1957,,Andes,Orinoco,Meta,Río Lengupá,1.57818186283112,1.9163635969162,2,2,0.829710125923157,0.960144937038422,1,1,1.05999994277954,2002,09,51,4.1,4.1,4.34599976539612,0,12.6521310806274,2002-09-01,15.4697380065918,8.39637088775635,11.227668762207
35080010,Pluviométrica,Convencional,Boyacá,Zetaquirá,5.283,-73.1693,1720,6/15/1957,,Andes,Orinoco,Meta,Río Lengupá,1.57818186283112,1.9163635969162,2,2,0.829710125923157,0.960144937038422,1,1,1.05999994277954,2002,09,52,38,38,40.2799978256226,0,25.9842987060547,2002-09-01,40.5144233703613,22.1287803649902,26.7605285644531
35080010,Pluviométrica,Convencional,Boyacá,Zetaquirá,5.283,-73.1693,1720,6/15/1957,,Andes,Orinoco,Meta,Río Lengupá,1.57818186283112,1.9163635969162,2,2,0.829710125923157,0.960144937038422,1,1,1.05999994277954,2002,09,53,53.5,53.5,56.7099969387055,0,27.7723007202148,2002-09-01,44.9433250427246,30.4310264587402,37.6412696838379
35080010,Pluviométrica,Convencional,Boyacá,Zetaquirá,5.283,-73.1693,1720,6/15/1957,,Andes,Orinoco,Meta,Río Lengupá,1.57818186283112,1.9163635969162,2,2,0.829710125923157,0.960144937038422,1,1,1.05999994277954,2002,09,54,10.5,10.5,11.1299993991852,0,22.7081871032715,2002-09-01,29.3777236938477,22.3378257751465,25.4202308654785
35080010,Pluviométrica,Convencional,Boyacá,Zetaquirá,5.283,-73.1693,1720,6/15/1957,,Andes,Orinoco,Meta,Río Lengupá,1.57818186283112,1.9163635969162,2,2,0.829710125923157,0.960144937038422,1,1,1.04999995231628,2002,10,55,52.3,52.3,54.9149975061417,0,10.8884372711182,2002-10-01,2.82068586349487,13.5819177627563,7.68150758743286
35080010,Pluviométrica,Convencional,Boyacá,Zetaquirá,5.283,-73.1693,1720,6/15/1957,,Andes,Orinoco,Meta,Río Lengupá,1.57818186283112,1.9163635969162,2,2,0.829710125923157,0.960144937038422,1,1,1.04999995231628,2002,10,56,6.9,6.9,7.24499967098236,0,14.9412269592285,2002-10-01,9.05657005310059,14.1214389801025,10.6474895477295
35080010,Pluviométrica,Convencional,Boyacá,Zetaquirá,5.283,-73.1693,1720,6/15/1957,,Andes,Orinoco,Meta,Río Lengupá,1.57818186283112,1.9163635969162,2,2,0.829710125923157,0.960144937038422,1,1,1.04999995231628,2002,10,57,10.5,10.5,11.024999499321,0,20.6919288635254,2002-10-01,23.6940250396729,14.9588403701782,17.3861331939697
35080010,Pluviométrica,Convencional,Boyacá,Zetaquirá,5.283,-73.1693,1720,6/15/1957,,Andes,Orinoco,Meta,Río Lengupá,1.57818186283112,1.9163635969162,2,2,0.829710125923157,0.960144937038422,1,1,1.04999995231628,2002,10,58,46.4,46.4,48.7199977874756,0,14.8533000946045,2002-10-01,13.5340280532837,15.4885082244873,15.04541015625
35080010,Pluviométrica,Convencional,Boyacá,Zetaquirá,5.283,-73.1693,1720,6/15/1957,,Andes,Orinoco,Meta,Río Lengupá,1.57818186283112,1.9163635969162,2,2,0.829710125923157,0.960144937038422,1,1,1.04999995231628,2002,10,59,33,33,34.6499984264374,0,16.6523303985596,2002-10-01,14.4174776077271,26.2023620605469,31.0659656524658
35080010,Pluviométrica,Convencional,Boyacá,Zetaquirá,5.283,-73.1693,1720,6/15/1957,,Andes,Orinoco,Meta,Río Lengupá,1.57818186283112,1.9163635969162,2,2,0.829710125923157,0.960144937038422,1,1,1.04999995231628,2002,10,60,85.2,85.2,89.4599959373474,0,29.1103649139404,2002-10-01,29.2434711456299,37.5982398986816,46.6024856567383
35080010,Pluviométrica,Convencional,Boyacá,Zetaquirá,5.283,-73.1693,1720,6/15/1957,,Andes,Orinoco,Meta,Río Lengupá,1.57818186283112,1.9163635969162,2,2,0.829710125923157,0.960144937038422,1,1,1.04999995231628,2002,11,61,35.7,35.7,37.4849982976914,0,11.9621095657349,2002-11-01,11.1609420776367,12.6168165206909,16.9402637481689
35080010,Pluviométrica,Convencional,Boyacá,Zetaquirá,5.283,-73.1693,1720,6/15/1957,,Andes,Orinoco,Meta,Río Lengupá,1.57818186283112,1.9163635969162,2,2,0.829710125923157,0.960144937038422,1,1,1.04999995231628,2002,11,62,62,62,65.0999970436096,0,23.6585483551025,2002-11-01,42.3654899597168,29.0531044006348,36.0781402587891
35080010,Pluviométrica,Convencional,Boyacá,Zetaquirá,5.283,-73.1693,1720,6/15/1957,,Andes,Orinoco,Meta,Río Lengupá,1.57818186283112,1.9163635969162,2,2,0.829710125923157,0.960144937038422,1,1,1.04999995231628,2002,11,63,16.4,16.4,17.2199992179871,0,11.3379125595093,2002-11-01,11.9892864227295,13.2166891098022,19.7333335876465
35080010,Pluviométrica,Convencional,Boyacá,Zetaquirá,5.283,-73.1693,1720,6/15/1957,,Andes,Orinoco,Meta,Río Lengupá,1.57818186283112,1.9163635969162,2,2,0.829710125923157,0.960144937038422,1,1,1.04999995231628,2002,11,64,13.2,13.2,13.859999370575,0,9.85903644561768,2002-11-01,10.0501070022583,10.8811569213867,13.73694896698
35080010,Pluviométrica,Convencional,Boyacá,Zetaquirá,5.283,-73.1693,1720,6/15/1957,,Andes,Orinoco,Meta,Río Lengupá,1.57818186283112,1.9163635969162,2,2,0.829710125923157,0.960144937038422,1,1,1.04999995231628,2002,11,65,34.4,34.4,36.1199983596802,0,7.3044023513794,2002-11-01,6.86099004745483,13.6823492050171,20.57080078125
35080010,Pluviométrica,Convencional,Boyacá,Zetaquirá,5.283,-73.1693,1720,6/15/1957,,Andes,Orinoco,Meta,Río Lengupá,1.57818186283112,1.9163635969162,2,2,0.829710125923157,0.960144937038422,1,1,1.04999995231628,2002,11,66,17.7,17.7,18.5849991559982,0,5.70685195922852,2002-11-01,1.68513894081116,6.12659406661987,4.30968236923218
35080010,Pluviométrica,Convencional,Boyacá,Zetaquirá,5.283,-73.1693,1720,6/15/1957,,Andes,Orinoco,Meta,Río Lengupá,1.57818186283112,1.9163635969162,2,2,0.829710125923157,0.960144937038422,1,1,1.07000005245209,2002,12,67,11,11,11.770000576973,0,4.11704111099243,2002-12-01,2.16043901443481,3.9772572517395,3.25901627540588
35080010,Pluviométrica,Convencional,Boyacá,Zetaquirá,5.283,-73.1693,1720,6/15/1957,,Andes,Orinoco,Meta,Río Lengupá,1.57818186283112,1.9163635969162,2,2,0.829710125923157,0.960144937038422,1,1,1.07000005245209,2002,12,68,0.3,0.3,0.321000015735626,0,3.09195494651794,2002-12-01,1.77139663696289,2.90223383903503,2.76415944099426
35080010,Pluviométrica,Convencional,Boyacá,Zetaquirá,5.283,-73.1693,1720,6/15/1957,,Andes,Orinoco,Meta,Río Lengupá,1.57818186283112,1.9163635969162,2,2,0.829710125923157,0.960144937038422,1,1,1.07000005245209,2002,12,69,2.5,2.5,2.67500013113022,0,6.21393728256226,2002-12-01,20.5997142791748,4.07277250289917,12.6866760253906
35080010,Pluviométrica,Convencional,Boyacá,Zetaquirá,5.283,-73.1693,1720,6/15/1957,,Andes,Orinoco,Meta,Río Lengupá,1.57818186283112,1.9163635969162,2,2,0.829710125923157,0.960144937038422,1,1,1.07000005245209,2002,12,70,22,22,23.5400011539459,0,20.0440559387207,2002-12-01,91.3967742919922,22.6709671020508,49.5812721252441
35080010,Pluviométrica,Convencional,Boyacá,Zetaquirá,5.283,-73.1693,1720,6/15/1957,,Andes,Orinoco,Meta,Río Lengupá,1.57818186283112,1.9163635969162,2,2,0.829710125923157,0.960144937038422,1,1,1.07000005245209,2002,12,71,2.5,2.5,2.67500013113022,0,3.75346255302429,2002-12-01,2.37028241157532,2.03244638442993,2.6433048248291
35080010,Pluviométrica,Convencional,Boyacá,Zetaquirá,5.283,-73.1693,1720,6/15/1957,,Andes,Orinoco,Meta,Río Lengupá,1.57818186283112,1.9163635969162,2,2,0.829710125923157,0.960144937038422,1,1,1.07000005245209,2002,12,72,1.5,1.5,1.60500007867813,0,6.4164514541626,2002-12-01,3.41814112663269,2.91150832176209,2.61007189750671
35080010,Pluviométrica,Convencional,Boyacá,Zetaquirá,5.283,-73.1693,1720,6/15/1957,,Andes,Orinoco,Meta,Río Lengupá,1.57818186283112,1.9163635969162,2,2,0.829710125923157,0.960144937038422,1,1,1.07000005245209,2003,01,1,0,0,0,0,4.90162229537964,2003-01-01,4.45475959777832,2.2456521987915,2.63480472564697
35080010,Pluviométrica,Convencional,Boyacá,Zetaquirá,5.283,-73.1693,1720,6/15/1957,,Andes,Orinoco,Meta,Río Lengupá,1.57818186283112,1.9163635969162,2,2,0.829710125923157,0.960144937038422,1,1,1.07000005245209,2003,01,2,12.6,12.6,13.4820006608963,0,5.92981910705566,2003-01-01,2.34820914268494,3.3645875453949,2.37083387374878
35080010,Pluviométrica,Convencional,Boyacá,Zetaquirá,5.283,-73.1693,1720,6/15/1957,,Andes,Orinoco,Meta,Río Lengupá,1.57818186283112,1.9163635969162,2,2,0.829710125923157,0.960144937038422,1,1,1.07000005245209,2003,01,3,0,0,0,0,6.42745304107666,2003-01-01,2.33185815811157,2.65779972076416,1.70311641693115
35080010,Pluviométrica,Convencional,Boyacá,Zetaquirá,5.283,-73.1693,1720,6/15/1957,,Andes,Orinoco,Meta,Río Lengupá,1.57818186283112,1.9163635969162,2,2,0.829710125923157,0.960144937038422,1,1,1.07000005245209,2003,01,4,0,0,0,0,6.38524150848389,2003-01-01,2.45718812942505,5.3499960899353,3.78181099891663
35080010,Pluviométrica,Convencional,Boyacá,Zetaquirá,5.283,-73.1693,1720,6/15/1957,,Andes,Orinoco,Meta,Río Lengupá,1.57818186283112,1.9163635969162,2,2,0.829710125923157,0.960144937038422,1,1,1.07000005245209,2003,01,5,0,0,0,0,5.83617258071899,2003-01-01,1.64468801021576,2.50608110427856,1.23600721359253
35080010,Pluviométrica,Convencional,Boyacá,Zetaquirá,5.283,-73.1693,1720,6/15/1957,,Andes,Orinoco,Meta,Río Lengupá,1.57818186283112,1.9163635969162,2,2,0.829710125923157,0.960144937038422,1,1,1.07000005245209,2003,01,6,0,0,0,0,7.16512298583984,2003-01-01,0.691168010234833,2.93848538398743,0.558740198612213
35080010,Pluviométrica,Convencional,Boyacá,Zetaquirá,5.283,-73.1693,1720,6/15/1957,,Andes,Orinoco,Meta,Río Lengupá,1.57818186283112,1.9163635969162,2,2,0.829710125923157,0.960144937038422,1,1,1.08000004291534,2003,02,7,0,0,0,0,5.34195804595947,2003-02-01,0.972969055175781,2.85395264625549,0.982137739658356
35080010,Pluviométrica,Convencional,Boyacá,Zetaquirá,5.283,-73.1693,1720,6/15/1957,,Andes,Orinoco,Meta,Río Lengupá,1.57818186283112,1.9163635969162,2,2,0.829710125923157,0.960144937038422,1,1,1.08000004291534,2003,02,8,10.5,10.5,11.3400004506111,0,6.1962742805481,2003-02-01,5.44629955291748,5.4049973487854,6.02778816223145
35080010,Pluviométrica,Convencional,Boyacá,Zetaquirá,5.283,-73.1693,1720,6/15/1957,,Andes,Orinoco,Meta,Río Lengupá,1.57818186283112,1.9163635969162,2,2,0.829710125923157,0.960144937038422,1,1,1.08000004291534,2003,02,9,0,0,0,0,19.5025825500488,2003-02-01,44.2549896240234,8.06184577941895,15.7697887420654
35080010,Pluviométrica,Convencional,Boyacá,Zetaquirá,5.283,-73.1693,1720,6/15/1957,,Andes,Orinoco,Meta,Río Lengupá,1.57818186283112,1.9163635969162,2,2,0.829710125923157,0.960144937038422,1,1,1.08000004291534,2003,02,10,0,0,0,0,4.88569498062134,2003-02-01,0.486874550580978,2.68413949012756,0.523836255073547
35080010,Pluviométrica,Convencional,Boyacá,Zetaquirá,5.283,-73.1693,1720,6/15/1957,,Andes,Orinoco,Meta,Río Lengupá,1.57818186283112,1.9163635969162,2,2,0.829710125923157,0.960144937038422,1,1,1.08000004291534,2003,02,11,20.5,20.5,22.1400008797646,0,4.94352579116821,2003-02-01,1.12841987609863,6.62646436691284,2.91555428504944
35080010,Pluviométrica,Convencional,Boyacá,Zetaquirá,5.283,-73.1693,1720,6/15/1957,,Andes,Orinoco,Meta,Río Lengupá,1.57818186283112,1.9163635969162,2,2,0.829710125923157,0.960144937038422,1,1,1.08000004291534,2003,02,12,0,0,0,0,2.12034511566162,2003-02-01,1.40506875514984,2.822594165802,2.84392189979553
35080010,Pluviométrica,Convencional,Boyacá,Zetaquirá,5.283,-73.1693,1720,6/15/1957,,Andes,Orinoco,Meta,Río Lengupá,1.57818186283112,1.9163635969162,2,2,0.829710125923157,0.960144937038422,1,1,1.08000004291534,2003,03,13,0.5,0.5,0.540000021457672,0,4.20294141769409,2003-03-01,0.156695231795311,3.05617880821228,0.265180051326752
35080010,Pluviométrica,Convencional,Boyacá,Zetaquirá,5.283,-73.1693,1720,6/15/1957,,Andes,Orinoco,Meta,Río Lengupá,1.57818186283112,1.9163635969162,2,2,0.829710125923157,0.960144937038422,1,1,1.08000004291534,2003,03,14,0,0,0,0,8.15699291229248,2003-03-01,6.91532039642334,3.88989233970642,3.9563479423523
35080010,Pluviométrica,Convencional,Boyacá,Zetaquirá,5.283,-73.1693,1720,6/15/1957,,Andes,Orinoco,Meta,Río Lengupá,1.57818186283112,1.9163635969162,2,2,0.829710125923157,0.960144937038422,1,1,1.08000004291534,2003,03,15,6,6,6.48000025749207,0,17.445198059082,2003-03-01,27.6347904205322,13.0372791290283,16.8221340179443
35080010,Pluviométrica,Convencional,Boyacá,Zetaquirá,5.283,-73.1693,1720,6/15/1957,,Andes,Orinoco,Meta,Río Lengupá,1.57818186283112,1.9163635969162,2,2,0.829710125923157,0.960144937038422,1,1,1.08000004291534,2003,03,16,45.5,45.5,49.1400019526482,0,33.1000137329102,2003-03-01,59.5523872375488,35.3285446166992,46.6977195739746
35080010,Pluviométrica,Convencional,Boyacá,Zetaquirá,5.283,-73.1693,1720,6/15/1957,,Andes,Orinoco,Meta,Río Lengupá,1.57818186283112,1.9163635969162,2,2,0.829710125923157,0.960144937038422,1,1,1.08000004291534,2003,03,17,23,23,24.8400009870529,0,13.485860824585,2003-03-01,16.9201736450195,26.654956817627,29.1118545532227
35080010,Pluviométrica,Convencional,Boyacá,Zetaquirá,5.283,-73.1693,1720,6/15/1957,,Andes,Orinoco,Meta,Río Lengupá,1.57818186283112,1.9163635969162,2,2,0.829710125923157,0.960144937038422,1,1,1.08000004291534,2003,03,18,28.6,28.6,30.8880012273788,0,17.3576240539551,2003-03-01,18.0429534912109,31.291934967041,35.7010688781738
35080010,Pluviométrica,Convencional,Boyacá,Zetaquirá,5.283,-73.1693,1720,6/15/1957,,Andes,Orinoco,Meta,Río Lengupá,1.57818186283112,1.9163635969162,2,2,0.829710125923157,0.960144937038422,1,1,1.05999994277954,2003,04,19,16.3,16.3,17.2779990673065,0,15.7862367630005,2003-04-01,12.8558120727539,10.0478658676147,9.18813323974609
35080010,Pluviométrica,Convencional,Boyacá,Zetaquirá,5.283,-73.1693,1720,6/15/1957,,Andes,Orinoco,Meta,Río Lengupá,1.57818186283112,1.9163635969162,2,2,0.829710125923157,0.960144937038422,1,1,1.05999994277954,2003,04,20,3.5,3.5,3.70999979972839,0,12.4610147476196,2003-04-01,12.3255462646484,16.8249645233154,25.0875568389893
35080010,Pluviométrica,Convencional,Boyacá,Zetaquirá,5.283,-73.1693,1720,6/15/1957,,Andes,Orinoco,Meta,Río Lengupá,1.57818186283112,1.9163635969162,2,2,0.829710125923157,0.960144937038422,1,1,1.05999994277954,2003,04,21,24.6,24.6,26.0759985923767,0,17.3749465942383,2003-04-01,17.8284206390381,19.393497467041,21.1257610321045
35080010,Pluviométrica,Convencional,Boyacá,Zetaquirá,5.283,-73.1693,1720,6/15/1957,,Andes,Orinoco,Meta,Río Lengupá,1.57818186283112,1.9163635969162,2,2,0.829710125923157,0.960144937038422,1,1,1.05999994277954,2003,04,22,65.2,65.2,69.1119962692261,0,11.4096097946167,2003-04-01,8.11279296875,23.4076557159424,17.9676990509033
35080010,Pluviométrica,Convencional,Boyacá,Zetaquirá,5.283,-73.1693,1720,6/15/1957,,Andes,Orinoco,Meta,Río Lengupá,1.57818186283112,1.9163635969162,2,2,0.829710125923157,0.960144937038422,1,1,1.05999994277954,2003,04,23,12.4,12.4,13.1439992904663,0,40.2280960083008,2003-04-01,55.0237579345703,34.2870712280273,40.4098968505859
35080010,Pluviométrica,Convencional,Boyacá,Zetaquirá,5.283,-73.1693,1720,6/15/1957,,Andes,Orinoco,Meta,Río Lengupá,1.57818186283112,1.9163635969162,2,2,0.829710125923157,0.960144937038422,1,1,1.05999994277954,2003,04,24,34.5,34.5,36.5699980258942,0,17.5339546203613,2003-04-01,19.5122489929199,32.3640060424805,39.7101554870606
35080010,Pluviométrica,Convencional,Boyacá,Zetaquirá,5.283,-73.1693,1720,6/15/1957,,Andes,Orinoco,Meta,Río Lengupá,1.57818186283112,1.9163635969162,2,2,0.829710125923157,0.960144937038422,1,1,1.04999995231628,2003,05,25,17.1,17.1,17.9549991846085,0,13.6510362625122,2003-05-01,13.6826496124268,15.8716926574707,17.5248374938965
35080010,Pluviométrica,Convencional,Boyacá,Zetaquirá,5.283,-73.1693,1720,6/15/1957,,Andes,Orinoco,Meta,Río Lengupá,1.57818186283112,1.9163635969162,2,2,0.829710125923157,0.960144937038422,1,1,1.04999995231628,2003,05,26,18.2,18.2,19.1099991321564,0,21.6700458526611,2003-05-01,32.3598175048828,24.0508327484131,29.8564567565918
35080010,Pluviométrica,Convencional,Boyacá,Zetaquirá,5.283,-73.1693,1720,6/15/1957,,Andes,Orinoco,Meta,Río Lengupá,1.57818186283112,1.9163635969162,2,2,0.829710125923157,0.960144937038422,1,1,1.04999995231628,2003,05,27,54.3,54.3,57.0149974107742,0,19.3269329071045,2003-05-01,26.6639804840088,39.6690979003906,47.8370666503906
35080010,Pluviométrica,Convencional,Boyacá,Zetaquirá,5.283,-73.1693,1720,6/15/1957,,Andes,Orinoco,Meta,Río Lengupá,1.57818186283112,1.9163635969162,2,2,0.829710125923157,0.960144937038422,1,1,1.04999995231628,2003,05,28,134.8,134.8,141.539993572235,0,37.2722511291504,2003-05-01,70.2986755371094,63.0829734802246,81.2720336914063
35080010,Pluviométrica,Convencional,Boyacá,Zetaquirá,5.283,-73.1693,1720,6/15/1957,,Andes,Orinoco,Meta,Río Lengupá,1.57818186283112,1.9163635969162,2,2,0.829710125923157,0.960144937038422,1,1,1.04999995231628,2003,05,29,29.5,29.5,30.9749985933304,0,29.1854038238525,2003-05-01,54.179859161377,31.3082866668701,41.1492614746094
35080010,Pluviométrica,Convencional,Boyacá,Zetaquirá,5.283,-73.1693,1720,6/15/1957,,Andes,Orinoco,Meta,Río Lengupá,1.57818186283112,1.9163635969162,2,2,0.829710125923157,0.960144937038422,1,1,1.04999995231628,2003,05,30,43.4,43.4,45.5699979305267,0,21.5000400543213,2003-05-01,24.2512092590332,21.3719997406006,23.5137748718262
35080010,Pluviométrica,Convencional,Boyacá,Zetaquirá,5.283,-73.1693,1720,6/15/1957,,Andes,Orinoco,Meta,Río Lengupá,1.57818186283112,1.9163635969162,2,2,0.829710125923157,0.960144937038422,1,1,1.04999995231628,2003,06,31,43.5,43.5,45.6749979257584,0,38.9276275634766,2003-06-01,50.2255172729492,29.4463806152344,32.4263572692871
35080010,Pluviométrica,Convencional,Boyacá,Zetaquirá,5.283,-73.1693,1720,6/15/1957,,Andes,Orinoco,Meta,Río Lengupá,1.57818186283112,1.9163635969162,2,2,0.829710125923157,0.960144937038422,1,1,1.04999995231628,2003,06,32,27.1,27.1,28.4549987077713,0,27.7100372314453,2003-06-01,36.1031303405762,30.646146774292,39.8334770202637
35080010,Pluviométrica,Convencional,Boyacá,Zetaquirá,5.283,-73.1693,1720,6/15/1957,,Andes,Orinoco,Meta,Río Lengupá,1.57818186283112,1.9163635969162,2,2,0.829710125923157,0.960144937038422,1,1,1.04999995231628,2003,06,33,87.7,87.7,92.0849958181381,0,66.0624542236328,2003-06-01,113.98225402832,44.7727012634277,59.2373085021973
35080010,Pluviométrica,Convencional,Boyacá,Zetaquirá,5.283,-73.1693,1720,6/15/1957,,Andes,Orinoco,Meta,Río Lengupá,1.57818186283112,1.9163635969162,2,2,0.829710125923157,0.960144937038422,1,1,1.04999995231628,2003,06,34,45.2,45.2,47.459997844696,0,44.201488494873,2003-06-01,74.3330688476563,43.0496215820313,57.2321739196777
35080010,Pluviométrica,Convencional,Boyacá,Zetaquirá,5.283,-73.1693,1720,6/15/1957,,Andes,Orinoco,Meta,Río Lengupá,1.57818186283112,1.9163635969162,2,2,0.829710125923157,0.960144937038422,1,1,1.04999995231628,2003,06,35,87.9,87.9,92.2949958086014,0,62.4146537780762,2003-06-01,107.242782592773,54.3013610839844,70.6251525878906
35080010,Pluviométrica,Convencional,Boyacá,Zetaquirá,5.283,-73.1693,1720,6/15/1957,,Andes,Orinoco,Meta,Río Lengupá,1.57818186283112,1.9163635969162,2,2,0.829710125923157,0.960144937038422,1,1,1.04999995231628,2003,06,36,50.4,50.4,52.9199975967407,0,33.5219268798828,2003-06-01,46.7912635803223,40.1349639892578,58.3719177246094
35080010,Pluviométrica,Convencional,Boyacá,Zetaquirá,5.283,-73.1693,1720,6/15/1957,,Andes,Orinoco,Meta,Río Lengupá,1.57818186283112,1.9163635969162,2,2,0.829710125923157,0.960144937038422,1,1,1.03999996185303,2003,07,37,18.6,18.6,19.3439992904663,0,38.7913131713867,2003-07-01,53.1821098327637,20.578311920166,23.329927444458
35080010,Pluviométrica,Convencional,Boyacá,Zetaquirá,5.283,-73.1693,1720,6/15/1957,,Andes,Orinoco,Meta,Río Lengupá,1.57818186283112,1.9163635969162,2,2,0.829710125923157,0.960144937038422,1,1,1.03999996185303,2003,07,38,56.8,56.8,59.071997833252,0,35.5664520263672,2003-07-01,35.298713684082,45.1826972961426,43.4623985290527
35080010,Pluviométrica,Convencional,Boyacá,Zetaquirá,5.283,-73.1693,1720,6/15/1957,,Andes,Orinoco,Meta,Río Lengupá,1.57818186283112,1.9163635969162,2,2,0.829710125923157,0.960144937038422,1,1,1.03999996185303,2003,07,39,45.2,45.2,47.0079982757568,0,69.7356948852539,2003-07-01,106.530662536621,85.4759292602539,98.2276229858399
35080010,Pluviométrica,Convencional,Boyacá,Zetaquirá,5.283,-73.1693,1720,6/15/1957,,Andes,Orinoco,Meta,Río Lengupá,1.57818186283112,1.9163635969162,2,2,0.829710125923157,0.960144937038422,1,1,1.03999996185303,2003,07,40,65,65,67.5999975204468,0,14.9095020294189,2003-07-01,8.84142589569092,40.0165557861328,36.7327995300293
35080010,Pluviométrica,Convencional,Boyacá,Zetaquirá,5.283,-73.1693,1720,6/15/1957,,Andes,Orinoco,Meta,Río Lengupá,1.57818186283112,1.9163635969162,2,2,0.829710125923157,0.960144937038422,1,1,1.03999996185303,2003,07,41,33.4,33.4,34.7359987258911,0,28.6134338378906,2003-07-01,30.9649085998535,51.3067321777344,50.2817573547363
35080010,Pluviométrica,Convencional,Boyacá,Zetaquirá,5.283,-73.1693,1720,6/15/1957,,Andes,Orinoco,Meta,Río Lengupá,1.57818186283112,1.9163635969162,2,2,0.829710125923157,0.960144937038422,1,1,1.03999996185303,2003,07,42,55.1,55.1,57.3039978981018,0,33.0068969726563,2003-07-01,31.0322895050049,58.0146102905274,62.7317047119141
35080010,Pluviométrica,Convencional,Boyacá,Zetaquirá,5.283,-73.1693,1720,6/15/1957,,Andes,Orinoco,Meta,Río Lengupá,1.57818186283112,1.9163635969162,2,2,0.829710125923157,0.960144937038422,1,1,1.05999994277954,2003,08,43,52.5,52.5,55.6499969959259,0,29.9321880340576,2003-08-01,44.040958404541,29.1473064422607,40.4346542358398
35080010,Pluviométrica,Convencional,Boyacá,Zetaquirá,5.283,-73.1693,1720,6/15/1957,,Andes,Orinoco,Meta,Río Lengupá,1.57818186283112,1.9163635969162,2,2,0.829710125923157,0.960144937038422,1,1,1.05999994277954,2003,08,44,7.2,7.2,7.6319995880127,0,28.1601238250732,2003-08-01,28.4811973571777,34.190486907959,39.2429656982422
35080010,Pluviométrica,Convencional,Boyacá,Zetaquirá,5.283,-73.1693,1720,6/15/1957,,Andes,Orinoco,Meta,Río Lengupá,1.57818186283112,1.9163635969162,2,2,0.829710125923157,0.960144937038422,1,1,1.05999994277954,2003,08,45,22.5,22.5,23.8499987125397,0,26.9358997344971,2003-08-01,29.6814250946045,24.0774154663086,26.0817432403564
35080010,Pluviométrica,Convencional,Boyacá,Zetaquirá,5.283,-73.1693,1720,6/15/1957,,Andes,Orinoco,Meta,Río Lengupá,1.57818186283112,1.9163635969162,2,2,0.829710125923157,0.960144937038422,1,1,1.05999994277954,2003,08,46,30.6,30.6,32.435998249054,0,42.4253196716309,2003-08-01,51.1623077392578,44.4890594482422,50.7779808044434
35080010,Pluviométrica,Convencional,Boyacá,Zetaquirá,5.283,-73.1693,1720,6/15/1957,,Andes,Orinoco,Meta,Río Lengupá,1.57818186283112,1.9163635969162,2,2,0.829710125923157,0.960144937038422,1,1,1.05999994277954,2003,08,47,44.2,44.2,46.8519974708557,0,24.0429039001465,2003-08-01,16.8707332611084,33.2375602722168,30.4414577484131
35080010,Pluviométrica,Convencional,Boyacá,Zetaquirá,5.283,-73.1693,1720,6/15/1957,,Andes,Orinoco,Meta,Río Lengupá,1.57818186283112,1.9163635969162,2,2,0.829710125923157,0.960144937038422,1,1,1.05999994277954,2003,08,48,118.4,118.4,125.503993225098,0,18.454273223877,2003-08-01,2.33188676834106,34.8275680541992,10.9298028945923
35080010,Pluviométrica,Convencional,Boyacá,Zetaquirá,5.283,-73.1693,1720,6/15/1957,,Andes,Orinoco,Meta,Río Lengupá,1.57818186283112,1.9163635969162,2,2,0.829710125923157,0.960144937038422,1,1,1.05999994277954,2003,09,49,26.2,26.2,27.771998500824,0,7.2693190574646,2003-09-01,3.7930428981781,13.5847826004028,11.0484466552734
35080010,Pluviométrica,Convencional,Boyacá,Zetaquirá,5.283,-73.1693,1720,6/15/1957,,Andes,Orinoco,Meta,Río Lengupá,1.57818186283112,1.9163635969162,2,2,0.829710125923157,0.960144937038422,1,1,1.05999994277954,2003,09,50,9.2,9.2,9.75199947357178,0,18.602518081665,2003-09-01,24.0977897644043,35.5657806396484,40.857364654541
35080010,Pluviométrica,Convencional,Boyacá,Zetaquirá,5.283,-73.1693,1720,6/15/1957,,Andes,Orinoco,Meta,Río Lengupá,1.57818186283112,1.9163635969162,2,2,0.829710125923157,0.960144937038422,1,1,1.05999994277954,2003,09,51,23,23,24.3799986839294,0,18.2390651702881,2003-09-01,21.4515380859375,26.5918273925781,31.1988983154297
35080010,Pluviométrica,Convencional,Boyacá,Zetaquirá,5.283,-73.1693,1720,6/15/1957,,Andes,Orinoco,Meta,Río Lengupá,1.57818186283112,1.9163635969162,2,2,0.829710125923157,0.960144937038422,1,1,1.05999994277954,2003,09,52,4,4,4.23999977111816,0,18.0221920013428,2003-09-01,22.3288192749023,18.7157001495361,19.4381046295166
35080010,Pluviométrica,Convencional,Boyacá,Zetaquirá,5.283,-73.1693,1720,6/15/1957,,Andes,Orinoco,Meta,Río Lengupá,1.57818186283112,1.9163635969162,2,2,0.829710125923157,0.960144937038422,1,1,1.05999994277954,2003,09,53,2.9,2.9,3.07399983406067,0,14.2262334823608,2003-09-01,15.6984910964966,15.6036720275879,15.1383438110352
35080010,Pluviométrica,Convencional,Boyacá,Zetaquirá,5.283,-73.1693,1720,6/15/1957,,Andes,Orinoco,Meta,Río Lengupá,1.57818186283112,1.9163635969162,2,2,0.829710125923157,0.960144937038422,1,1,1.05999994277954,2003,09,54,22.5,22.5,23.8499987125397,0,14.8288202285767,2003-09-01,19.8375625610352,26.2686100006104,33.6384887695313
35080010,Pluviométrica,Convencional,Boyacá,Zetaquirá,5.283,-73.1693,1720,6/15/1957,,Andes,Orinoco,Meta,Río Lengupá,1.57818186283112,1.9163635969162,2,2,0.829710125923157,0.960144937038422,1,1,1.04999995231628,2003,10,55,31,31,32.5499985218048,0,23.1193714141846,2003-10-01,27.2623157501221,26.904655456543,31.3796291351318
35080010,Pluviométrica,Convencional,Boyacá,Zetaquirá,5.283,-73.1693,1720,6/15/1957,,Andes,Orinoco,Meta,Río Lengupá,1.57818186283112,1.9163635969162,2,2,0.829710125923157,0.960144937038422,1,1,1.04999995231628,2003,10,56,20.2,20.2,21.2099990367889,0,25.4376316070557,2003-10-01,32.7907752990723,38.2652053833008,46.1514511108399
35080010,Pluviométrica,Convencional,Boyacá,Zetaquirá,5.283,-73.1693,1720,6/15/1957,,Andes,Orinoco,Meta,Río Lengupá,1.57818186283112,1.9163635969162,2,2,0.829710125923157,0.960144937038422,1,1,1.04999995231628,2003,10,57,39.2,39.2,41.1599981307983,0,22.7481689453125,2003-10-01,26.6454944610596,29.5548515319824,39.5126647949219
35080010,Pluviométrica,Convencional,Boyacá,Zetaquirá,5.283,-73.1693,1720,6/15/1957,,Andes,Orinoco,Meta,Río Lengupá,1.57818186283112,1.9163635969162,2,2,0.829710125923157,0.960144937038422,1,1,1.04999995231628,2003,10,58,25.4,25.4,26.6699987888336,0,20.8425235748291,2003-10-01,26.8861236572266,19.0326347351074,24.4847869873047
35080010,Pluviométrica,Convencional,Boyacá,Zetaquirá,5.283,-73.1693,1720,6/15/1957,,Andes,Orinoco,Meta,Río Lengupá,1.57818186283112,1.9163635969162,2,2,0.829710125923157,0.960144937038422,1,1,1.04999995231628,2003,10,59,0,0,0,0,10.7024698257446,2003-10-01,1.85379195213318,7.97783803939819,4.45802450180054
35080010,Pluviométrica,Convencional,Boyacá,Zetaquirá,5.283,-73.1693,1720,6/15/1957,,Andes,Orinoco,Meta,Río Lengupá,1.57818186283112,1.9163635969162,2,2,0.829710125923157,0.960144937038422,1,1,1.04999995231628,2003,10,60,20,20,20.9999990463257,0,20.957633972168,2003-10-01,14.5186824798584,38.8154296875,40.7320671081543
35080010,Pluviométrica,Convencional,Boyacá,Zetaquirá,5.283,-73.1693,1720,6/15/1957,,Andes,Orinoco,Meta,Río Lengupá,1.57818186283112,1.9163635969162,2,2,0.829710125923157,0.960144937038422,1,1,1.04999995231628,2003,11,61,27.7,27.7,29.0849986791611,0,32.4579620361328,2003-11-01,65.9592819213867,25.1028842926025,39.5367622375488
35080010,Pluviométrica,Convencional,Boyacá,Zetaquirá,5.283,-73.1693,1720,6/15/1957,,Andes,Orinoco,Meta,Río Lengupá,1.57818186283112,1.9163635969162,2,2,0.829710125923157,0.960144937038422,1,1,1.04999995231628,2003,11,62,22.7,22.7,23.8349989175797,0,24.8344478607178,2003-11-01,43.6561813354492,35.4085006713867,48.4742774963379
35080010,Pluviométrica,Convencional,Boyacá,Zetaquirá,5.283,-73.1693,1720,6/15/1957,,Andes,Orinoco,Meta,Río Lengupá,1.57818186283112,1.9163635969162,2,2,0.829710125923157,0.960144937038422,1,1,1.04999995231628,2003,11,63,43.5,43.5,45.6749979257584,0,9.44600105285645,2003-11-01,7.47102069854736,14.5661697387695,20.9183120727539
35080010,Pluviométrica,Convencional,Boyacá,Zetaquirá,5.283,-73.1693,1720,6/15/1957,,Andes,Orinoco,Meta,Río Lengupá,1.57818186283112,1.9163635969162,2,2,0.829710125923157,0.960144937038422,1,1,1.04999995231628,2003,11,64,67.5,67.5,70.8749967813492,0,18.5919647216797,2003-11-01,28.4337844848633,21.8890514373779,28.7962779998779
35080010,Pluviométrica,Convencional,Boyacá,Zetaquirá,5.283,-73.1693,1720,6/15/1957,,Andes,Orinoco,Meta,Río Lengupá,1.57818186283112,1.9163635969162,2,2,0.829710125923157,0.960144937038422,1,1,1.04999995231628,2003,11,65,20.3,20.3,21.3149990320206,0,26.546953201294,2003-11-01,56.826717376709,31.4669933319092,47.240177154541
35080010,Pluviométrica,Convencional,Boyacá,Zetaquirá,5.283,-73.1693,1720,6/15/1957,,Andes,Orinoco,Meta,Río Lengupá,1.57818186283112,1.9163635969162,2,2,0.829710125923157,0.960144937038422,1,1,1.04999995231628,2003,11,66,54.6,54.6,57.3299973964691,0,12.3118581771851,2003-11-01,23.2433166503906,19.6828689575195,28.2247505187988
35080010,Pluviométrica,Convencional,Boyacá,Zetaquirá,5.283,-73.1693,1720,6/15/1957,,Andes,Orinoco,Meta,Río Lengupá,1.57818186283112,1.9163635969162,2,2,0.829710125923157,0.960144937038422,1,1,1.07000005245209,2003,12,67,52.4,52.4,56.0680027484894,0,21.0611476898193,2003-12-01,61.4348411560059,27.1787490844727,49.8462791442871
35080010,Pluviométrica,Convencional,Boyacá,Zetaquirá,5.283,-73.1693,1720,6/15/1957,,Andes,Orinoco,Meta,Río Lengupá,1.57818186283112,1.9163635969162,2,2,0.829710125923157,0.960144937038422,1,1,1.07000005245209,2003,12,68,3.5,3.5,3.74500018358231,0,11.4329614639282,2003-12-01,32.2107772827148,9.87633609771729,19.6387996673584
35080010,Pluviométrica,Convencional,Boyacá,Zetaquirá,5.283,-73.1693,1720,6/15/1957,,Andes,Orinoco,Meta,Río Lengupá,1.57818186283112,1.9163635969162,2,2,0.829710125923157,0.960144937038422,1,1,1.07000005245209,2003,12,69,0,0,0,0,2.9888219833374,2003-12-01,2.95125102996826,2.85062670707703,4.73709964752197
35080010,Pluviométrica,Convencional,Boyacá,Zetaquirá,5.283,-73.1693,1720,6/15/1957,,Andes,Orinoco,Meta,Río Lengupá,1.57818186283112,1.9163635969162,2,2,0.829710125923157,0.960144937038422,1,1,1.07000005245209,2003,12,70,0.5,0.5,0.535000026226044,0,3.1983106136322,2003-12-01,2.25644111633301,4.44217014312744,6.64092683792114
35080010,Pluviométrica,Convencional,Boyacá,Zetaquirá,5.283,-73.1693,1720,6/15/1957,,Andes,Orinoco,Meta,Río Lengupá,1.57818186283112,1.9163635969162,2,2,0.829710125923157,0.960144937038422,1,1,1.07000005245209,2003,12,71,2.6,2.6,2.78200013637543,0,3.75346255302429,2003-12-01,2.37028241157532,3.31558537483215,3.39303970336914
35080010,Pluviométrica,Convencional,Boyacá,Zetaquirá,5.283,-73.1693,1720,6/15/1957,,Andes,Orinoco,Meta,Río Lengupá,1.57818186283112,1.9163635969162,2,2,0.829710125923157,0.960144937038422,1,1,1.07000005245209,2003,12,72,0.3,0.3,0.321000015735626,0,11.3903341293335,2003-12-01,17.3530292510986,7.09797430038452,14.4418649673462
35080010,Pluviométrica,Convencional,Boyacá,Zetaquirá,5.283,-73.1693,1720,6/15/1957,,Andes,Orinoco,Meta,Río Lengupá,1.57818186283112,1.9163635969162,2,2,0.829710125923157,0.960144937038422,1,1,1.07000005245209,2004,01,1,0,0,0,0,4.90162229537964,2004-01-01,4.45475959777832,2.89657616615295,3.48047018051147
35080010,Pluviométrica,Convencional,Boyacá,Zetaquirá,5.283,-73.1693,1720,6/15/1957,,Andes,Orinoco,Meta,Río Lengupá,1.57818186283112,1.9163635969162,2,2,0.829710125923157,0.960144937038422,1,1,1.07000005245209,2004,01,2,0.8,0.8,0.85600004196167,0,7.54086303710938,2004-01-01,4.52538633346558,5.83002138137817,6.19884347915649
35080010,Pluviométrica,Convencional,Boyacá,Zetaquirá,5.283,-73.1693,1720,6/15/1957,,Andes,Orinoco,Meta,Río Lengupá,1.57818186283112,1.9163635969162,2,2,0.829710125923157,0.960144937038422,1,1,1.07000005245209,2004,01,3,9,9,9.63000047206879,0,6.42745304107666,2004-01-01,2.33185815811157,4.39565229415894,2.85412931442261
35080010,Pluviométrica,Convencional,Boyacá,Zetaquirá,5.283,-73.1693,1720,6/15/1957,,Andes,Orinoco,Meta,Río Lengupá,1.57818186283112,1.9163635969162,2,2,0.829710125923157,0.960144937038422,1,1,1.07000005245209,2004,01,4,2.3,2.3,2.4610001206398,0,8.12001705169678,2004-01-01,2.45718812942505,5.59717082977295,3.12073755264282
35080010,Pluviométrica,Convencional,Boyacá,Zetaquirá,5.283,-73.1693,1720,6/15/1957,,Andes,Orinoco,Meta,Río Lengupá,1.57818186283112,1.9163635969162,2,2,0.829710125923157,0.960144937038422,1,1,1.07000005245209,2004,01,5,0,0,0,0,5.83617258071899,2004-01-01,1.64468801021576,4.0265965461731,2.5577986240387
35080010,Pluviométrica,Convencional,Boyacá,Zetaquirá,5.283,-73.1693,1720,6/15/1957,,Andes,Orinoco,Meta,Río Lengupá,1.57818186283112,1.9163635969162,2,2,0.829710125923157,0.960144937038422,1,1,1.07000005245209,2004,01,6,0,0,0,0,7.16512298583984,2004-01-01,0.691168010234833,2.9751091003418,0.602393448352814
35080010,Pluviométrica,Convencional,Boyacá,Zetaquirá,5.283,-73.1693,1720,6/15/1957,,Andes,Orinoco,Meta,Río Lengupá,1.57818186283112,1.9163635969162,2,2,0.829710125923157,0.960144937038422,1,1,1.08000004291534,2004,02,7,0,0,0,0,5.34195804595947,2004-02-01,0.972969055175781,3.77377390861511,0.886765062808991
35080010,Pluviométrica,Convencional,Boyacá,Zetaquirá,5.283,-73.1693,1720,6/15/1957,,Andes,Orinoco,Meta,Río Lengupá,1.57818186283112,1.9163635969162,2,2,0.829710125923157,0.960144937038422,1,1,1.08000004291534,2004,02,8,0,0,0,0,4.9555082321167,2004-02-01,1.62601017951965,3.90385150909424,1.37532866001129
35080010,Pluviométrica,Convencional,Boyacá,Zetaquirá,5.283,-73.1693,1720,6/15/1957,,Andes,Orinoco,Meta,Río Lengupá,1.57818186283112,1.9163635969162,2,2,0.829710125923157,0.960144937038422,1,1,1.08000004291534,2004,02,9,0,0,0,0,4.87007904052734,2004-02-01,1.00317966938019,4.27553462982178,0.960088729858398
35080010,Pluviométrica,Convencional,Boyacá,Zetaquirá,5.283,-73.1693,1720,6/15/1957,,Andes,Orinoco,Meta,Río Lengupá,1.57818186283112,1.9163635969162,2,2,0.829710125923157,0.960144937038422,1,1,1.08000004291534,2004,02,10,10,10,10.8000004291534,0,4.88569498062134,2004-02-01,0.486874550580978,8.69906616210938,1.62634706497192
35080010,Pluviométrica,Convencional,Boyacá,Zetaquirá,5.283,-73.1693,1720,6/15/1957,,Andes,Orinoco,Meta,Río Lengupá,1.57818186283112,1.9163635969162,2,2,0.829710125923157,0.960144937038422,1,1,1.08000004291534,2004,02,11,45,45,48.6000019311905,0,4.94352579116821,2004-02-01,1.12841987609863,15.4651765823364,4.85889291763306
35080010,Pluviométrica,Convencional,Boyacá,Zetaquirá,5.283,-73.1693,1720,6/15/1957,,Andes,Orinoco,Meta,Río Lengupá,1.57818186283112,1.9163635969162,2,2,0.829710125923157,0.960144937038422,1,1,1.08000004291534,2004,02,12,9.4,9.4,10.1520004034042,0,2.58471775054932,2004-02-01,1.40506875514984,7.47170257568359,4.43665361404419
35080010,Pluviométrica,Convencional,Boyacá,Zetaquirá,5.283,-73.1693,1720,6/15/1957,,Andes,Orinoco,Meta,Río Lengupá,1.57818186283112,1.9163635969162,2,2,0.829710125923157,0.960144937038422,1,1,1.08000004291534,2004,03,13,10.5,10.5,11.3400004506111,0,6.45141315460205,2004-03-01,3.25691342353821,4.68436527252197,2.69949007034302
35080010,Pluviométrica,Convencional,Boyacá,Zetaquirá,5.283,-73.1693,1720,6/15/1957,,Andes,Orinoco,Meta,Río Lengupá,1.57818186283112,1.9163635969162,2,2,0.829710125923157,0.960144937038422,1,1,1.08000004291534,2004,03,14,16,16,17.2800006866455,0,9.56243419647217,2004-03-01,9.70644187927246,10.2404193878174,11.0094470977783
35080010,Pluviométrica,Convencional,Boyacá,Zetaquirá,5.283,-73.1693,1720,6/15/1957,,Andes,Orinoco,Meta,Río Lengupá,1.57818186283112,1.9163635969162,2,2,0.829710125923157,0.960144937038422,1,1,1.08000004291534,2004,03,15,15.2,15.2,16.4160006523132,0,9.23055934906006,2004-03-01,8.28542804718018,12.5236940383911,18.0402145385742
35080010,Pluviométrica,Convencional,Boyacá,Zetaquirá,5.283,-73.1693,1720,6/15/1957,,Andes,Orinoco,Meta,Río Lengupá,1.57818186283112,1.9163635969162,2,2,0.829710125923157,0.960144937038422,1,1,1.08000004291534,2004,03,16,8.4,8.4,9.07200036048889,0,3.62765550613403,2004-03-01,0,2.41853904724121,0
35080010,Pluviométrica,Convencional,Boyacá,Zetaquirá,5.283,-73.1693,1720,6/15/1957,,Andes,Orinoco,Meta,Río Lengupá,1.57818186283112,1.9163635969162,2,2,0.829710125923157,0.960144937038422,1,1,1.08000004291534,2004,03,17,5.2,5.2,5.61600022315979,0,7.54082584381104,2004-03-01,8.81680488586426,9.31516551971436,10.8577222824097
35080010,Pluviométrica,Convencional,Boyacá,Zetaquirá,5.283,-73.1693,1720,6/15/1957,,Andes,Orinoco,Meta,Río Lengupá,1.57818186283112,1.9163635969162,2,2,0.829710125923157,0.960144937038422,1,1,1.08000004291534,2004,03,18,8.8,8.8,9.50400037765503,0,32.5005569458008,2004-03-01,42.9711380004883,18.6097831726074,19.9519462585449
35080010,Pluviométrica,Convencional,Boyacá,Zetaquirá,5.283,-73.1693,1720,6/15/1957,,Andes,Orinoco,Meta,Río Lengupá,1.57818186283112,1.9163635969162,2,2,0.829710125923157,0.960144937038422,1,1,1.05999994277954,2004,04,19,36.8,36.8,39.0079978942871,0,45.2442512512207,2004-04-01,55.9450607299805,30.329532623291,35.4497337341309
35080010,Pluviométrica,Convencional,Boyacá,Zetaquirá,5.283,-73.1693,1720,6/15/1957,,Andes,Orinoco,Meta,Río Lengupá,1.57818186283112,1.9163635969162,2,2,0.829710125923157,0.960144937038422,1,1,1.05999994277954,2004,04,20,4.9,4.9,5.19399971961975,0,17.2931690216064,2004-04-01,17.175874710083,12.2081451416016,13.6231813430786
35080010,Pluviométrica,Convencional,Boyacá,Zetaquirá,5.283,-73.1693,1720,6/15/1957,,Andes,Orinoco,Meta,Río Lengupá,1.57818186283112,1.9163635969162,2,2,0.829710125923157,0.960144937038422,1,1,1.05999994277954,2004,04,21,19.9,19.9,21.0939988613129,0,13.3034467697144,2004-04-01,10.3926124572754,20.0198955535889,23.3444194793701
35080010,Pluviométrica,Convencional,Boyacá,Zetaquirá,5.283,-73.1693,1720,6/15/1957,,Andes,Orinoco,Meta,Río Lengupá,1.57818186283112,1.9163635969162,2,2,0.829710125923157,0.960144937038422,1,1,1.05999994277954,2004,04,22,12.9,12.9,13.6739992618561,0,10.59059715271,2004-04-01,5.58721780776978,18.1290016174316,15.3541927337647
35080010,Pluviométrica,Convencional,Boyacá,Zetaquirá,5.283,-73.1693,1720,6/15/1957,,Andes,Orinoco,Meta,Río Lengupá,1.57818186283112,1.9163635969162,2,2,0.829710125923157,0.960144937038422,1,1,1.05999994277954,2004,04,23,22.5,22.5,23.8499987125397,0,59.8181991577149,2004-04-01,82.5681686401367,47.5465507507324,58.5707931518555
35080010,Pluviométrica,Convencional,Boyacá,Zetaquirá,5.283,-73.1693,1720,6/15/1957,,Andes,Orinoco,Meta,Río Lengupá,1.57818186283112,1.9163635969162,2,2,0.829710125923157,0.960144937038422,1,1,1.05999994277954,2004,04,24,41.4,41.4,43.883997631073,0,29.2070236206055,2004-04-01,39.2671661376953,26.4739761352539,32.6276473999023
35080010,Pluviométrica,Convencional,Boyacá,Zetaquirá,5.283,-73.1693,1720,6/15/1957,,Andes,Orinoco,Meta,Río Lengupá,1.57818186283112,1.9163635969162,2,2,0.829710125923157,0.960144937038422,1,1,1.04999995231628,2004,05,25,2.5,2.5,2.62499988079071,0,31.8365478515625,2004-05-01,47.7803764343262,41.0157165527344,50.167350769043
35080010,Pluviométrica,Convencional,Boyacá,Zetaquirá,5.283,-73.1693,1720,6/15/1957,,Andes,Orinoco,Meta,Río Lengupá,1.57818186283112,1.9163635969162,2,2,0.829710125923157,0.960144937038422,1,1,1.04999995231628,2004,05,26,83.6,83.6,87.7799960136414,0,34.0461196899414,2004-05-01,60.3335266113281,74.3071136474609,102.866607666016
35080010,Pluviométrica,Convencional,Boyacá,Zetaquirá,5.283,-73.1693,1720,6/15/1957,,Andes,Orinoco,Meta,Río Lengupá,1.57818186283112,1.9163635969162,2,2,0.829710125923157,0.960144937038422,1,1,1.04999995231628,2004,05,27,56.3,56.3,59.1149973154068,0,22.9372329711914,2004-05-01,32.9867553710938,32.4595642089844,39.2477912902832
35080010,Pluviométrica,Convencional,Boyacá,Zetaquirá,5.283,-73.1693,1720,6/15/1957,,Andes,Orinoco,Meta,Río Lengupá,1.57818186283112,1.9163635969162,2,2,0.829710125923157,0.960144937038422,1,1,1.04999995231628,2004,05,28,32.6,32.6,34.2299984455109,0,31.5121803283691,2004-05-01,56.8731842041016,60.1612892150879,76.3838348388672
35080010,Pluviométrica,Convencional,Boyacá,Zetaquirá,5.283,-73.1693,1720,6/15/1957,,Andes,Orinoco,Meta,Río Lengupá,1.57818186283112,1.9163635969162,2,2,0.829710125923157,0.960144937038422,1,1,1.04999995231628,2004,05,29,33.6,33.6,35.2799983978272,0,51.2030487060547,2004-05-01,103.064399719238,47.6652603149414,74.524787902832
35080010,Pluviométrica,Convencional,Boyacá,Zetaquirá,5.283,-73.1693,1720,6/15/1957,,Andes,Orinoco,Meta,Río Lengupá,1.57818186283112,1.9163635969162,2,2,0.829710125923157,0.960144937038422,1,1,1.04999995231628,2004,05,30,62.5,62.5,65.6249970197678,0,41.6052703857422,2004-05-01,61.9533004760742,63.1586494445801,82.0048141479492
35080010,Pluviométrica,Convencional,Boyacá,Zetaquirá,5.283,-73.1693,1720,6/15/1957,,Andes,Orinoco,Meta,Río Lengupá,1.57818186283112,1.9163635969162,2,2,0.829710125923157,0.960144937038422,1,1,1.04999995231628,2004,06,31,62.6,62.6,65.7299970149994,0,27.6792087554932,2004-06-01,41.5977363586426,48.4252815246582,66.0660247802734
35080010,Pluviométrica,Convencional,Boyacá,Zetaquirá,5.283,-73.1693,1720,6/15/1957,,Andes,Orinoco,Meta,Río Lengupá,1.57818186283112,1.9163635969162,2,2,0.829710125923157,0.960144937038422,1,1,1.04999995231628,2004,06,32,31.6,31.6,33.1799984931946,0,21.6224746704102,2004-06-01,21.713191986084,26.1542301177979,28.189525604248
35080010,Pluviométrica,Convencional,Boyacá,Zetaquirá,5.283,-73.1693,1720,6/15/1957,,Andes,Orinoco,Meta,Río Lengupá,1.57818186283112,1.9163635969162,2,2,0.829710125923157,0.960144937038422,1,1,1.04999995231628,2004,06,33,68.3,68.3,71.7149967432022,0,39.6843490600586,2004-06-01,62.7702522277832,70.6873168945313,91.2433853149414
35080010,Pluviométrica,Convencional,Boyacá,Zetaquirá,5.283,-73.1693,1720,6/15/1957,,Andes,Orinoco,Meta,Río Lengupá,1.57818186283112,1.9163635969162,2,2,0.829710125923157,0.960144937038422,1,1,1.04999995231628,2004,06,34,63.1,63.1,66.2549969911575,0,29.2039756774902,2004-06-01,39.0253028869629,46.4135665893555,56.0311508178711
35080010,Pluviométrica,Convencional,Boyacá,Zetaquirá,5.283,-73.1693,1720,6/15/1957,,Andes,Orinoco,Meta,Río Lengupá,1.57818186283112,1.9163635969162,2,2,0.829710125923157,0.960144937038422,1,1,1.04999995231628,2004,06,35,13.7,13.7,14.3849993467331,0,46.6704330444336,2004-06-01,79.8860321044922,39.1180229187012,52.2651062011719
35080010,Pluviométrica,Convencional,Boyacá,Zetaquirá,5.283,-73.1693,1720,6/15/1957,,Andes,Orinoco,Meta,Río Lengupá,1.57818186283112,1.9163635969162,2,2,0.829710125923157,0.960144937038422,1,1,1.04999995231628,2004,06,36,22.3,22.3,23.4149989366531,0,36.7156524658203,2004-06-01,50.1789588928223,34.1898498535156,42.637279510498
35080010,Pluviométrica,Convencional,Boyacá,Zetaquirá,5.283,-73.1693,1720,6/15/1957,,Andes,Orinoco,Meta,Río Lengupá,1.57818186283112,1.9163635969162,2,2,0.829710125923157,0.960144937038422,1,1,1.03999996185303,2004,07,37,64.3,64.3,66.8719975471497,0,84.8604354858398,2004-07-01,124.36450958252,63.7706985473633,70.5492172241211
35080010,Pluviométrica,Convencional,Boyacá,Zetaquirá,5.283,-73.1693,1720,6/15/1957,,Andes,Orinoco,Meta,Río Lengupá,1.57818186283112,1.9163635969162,2,2,0.829710125923157,0.960144937038422,1,1,1.03999996185303,2004,07,38,10.8,10.8,11.2319995880127,0,44.1920776367188,2004-07-01,55.694953918457,27.0464591979981,28.0631999969482
35080010,Pluviométrica,Convencional,Boyacá,Zetaquirá,5.283,-73.1693,1720,6/15/1957,,Andes,Orinoco,Meta,Río Lengupá,1.57818186283112,1.9163635969162,2,2,0.829710125923157,0.960144937038422,1,1,1.03999996185303,2004,07,39,53.8,53.8,55.9519979476929,0,43.8454399108887,2004-07-01,51.6710777282715,61.1981163024902,62.4287986755371
35080010,Pluviométrica,Convencional,Boyacá,Zetaquirá,5.283,-73.1693,1720,6/15/1957,,Andes,Orinoco,Meta,Río Lengupá,1.57818186283112,1.9163635969162,2,2,0.829710125923157,0.960144937038422,1,1,1.03999996185303,2004,07,40,14.2,14.2,14.767999458313,0,49.3510513305664,2004-07-01,47.9098815917969,39.1835136413574,34.8509483337402
35080010,Pluviométrica,Convencional,Boyacá,Zetaquirá,5.283,-73.1693,1720,6/15/1957,,Andes,Orinoco,Meta,Río Lengupá,1.57818186283112,1.9163635969162,2,2,0.829710125923157,0.960144937038422,1,1,1.03999996185303,2004,07,41,33.9,33.9,35.2559987068176,0,35.4842872619629,2004-07-01,41.7165069580078,32.7806816101074,35.2295341491699
35080010,Pluviométrica,Convencional,Boyacá,Zetaquirá,5.283,-73.1693,1720,6/15/1957,,Andes,Orinoco,Meta,Río Lengupá,1.57818186283112,1.9163635969162,2,2,0.829710125923157,0.960144937038422,1,1,1.03999996185303,2004,07,42,59.2,59.2,61.5679977416992,0,80.1359024047852,2004-07-01,91.1242446899414,87.6577377319336,88.6673583984375
35080010,Pluviométrica,Convencional,Boyacá,Zetaquirá,5.283,-73.1693,1720,6/15/1957,,Andes,Orinoco,Meta,Río Lengupá,1.57818186283112,1.9163635969162,2,2,0.829710125923157,0.960144937038422,1,1,1.05999994277954,2004,08,43,42.9,42.9,45.4739975452423,0,26.6290016174316,2004-08-01,30.4103469848633,52.4867286682129,59.9024238586426
35080010,Pluviométrica,Convencional,Boyacá,Zetaquirá,5.283,-73.1693,1720,6/15/1957,,Andes,Orinoco,Meta,Río Lengupá,1.57818186283112,1.9163635969162,2,2,0.829710125923157,0.960144937038422,1,1,1.05999994277954,2004,08,44,59,59,62.5399966239929,0,25.0524940490723,2004-08-01,25.4845657348633,57.4048461914063,72.7150573730469
35080010,Pluviométrica,Convencional,Boyacá,Zetaquirá,5.283,-73.1693,1720,6/15/1957,,Andes,Orinoco,Meta,Río Lengupá,1.57818186283112,1.9163635969162,2,2,0.829710125923157,0.960144937038422,1,1,1.05999994277954,2004,08,45,36.8,36.8,39.0079978942871,0,15.0180463790894,2004-08-01,5.97344589233398,34.4084777832031,24.7021732330322
35080010,Pluviométrica,Convencional,Boyacá,Zetaquirá,5.283,-73.1693,1720,6/15/1957,,Andes,Orinoco,Meta,Río Lengupá,1.57818186283112,1.9163635969162,2,2,0.829710125923157,0.960144937038422,1,1,1.05999994277954,2004,08,46,136.1,136.1,144.265992212296,0,24.8763847351074,2004-08-01,26.5508937835693,34.1242561340332,34.1655769348145
35080010,Pluviométrica,Convencional,Boyacá,Zetaquirá,5.283,-73.1693,1720,6/15/1957,,Andes,Orinoco,Meta,Río Lengupá,1.57818186283112,1.9163635969162,2,2,0.829710125923157,0.960144937038422,1,1,1.05999994277954,2004,08,47,4.3,4.3,4.55799975395203,0,35.2757949829102,2004-08-01,44.9047927856445,32.1888046264648,35.7970428466797
35080010,Pluviométrica,Convencional,Boyacá,Zetaquirá,5.283,-73.1693,1720,6/15/1957,,Andes,Orinoco,Meta,Río Lengupá,1.57818186283112,1.9163635969162,2,2,0.829710125923157,0.960144937038422,1,1,1.05999994277954,2004,08,48,30.4,30.4,32.2239982604981,0,23.0976505279541,2004-08-01,11.3495044708252,33.7156448364258,33.7523460388184
35080010,Pluviométrica,Convencional,Boyacá,Zetaquirá,5.283,-73.1693,1720,6/15/1957,,Andes,Orinoco,Meta,Río Lengupá,1.57818186283112,1.9163635969162,2,2,0.829710125923157,0.960144937038422,1,1,1.05999994277954,2004,09,49,20.5,20.5,21.7299988269806,0,25.6321315765381,2004-09-01,40.0663833618164,24.0817947387695,25.2821998596191
35080010,Pluviométrica,Convencional,Boyacá,Zetaquirá,5.283,-73.1693,1720,6/15/1957,,Andes,Orinoco,Meta,Río Lengupá,1.57818186283112,1.9163635969162,2,2,0.829710125923157,0.960144937038422,1,1,1.05999994277954,2004,09,50,18.9,18.9,20.0339989185333,0,24.6530818939209,2004-09-01,38.3219223022461,32.4196319580078,38.2378845214844
35080010,Pluviométrica,Convencional,Boyacá,Zetaquirá,5.283,-73.1693,1720,6/15/1957,,Andes,Orinoco,Meta,Río Lengupá,1.57818186283112,1.9163635969162,2,2,0.829710125923157,0.960144937038422,1,1,1.05999994277954,2004,09,51,8.9,8.9,9.43399949073792,0,11.7602739334106,2004-09-01,10.605845451355,14.7183637619019,21.4734783172607
35080010,Pluviométrica,Convencional,Boyacá,Zetaquirá,5.283,-73.1693,1720,6/15/1957,,Andes,Orinoco,Meta,Río Lengupá,1.57818186283112,1.9163635969162,2,2,0.829710125923157,0.960144937038422,1,1,1.05999994277954,2004,09,52,10.7,10.7,11.3419993877411,0,20.9861640930176,2004-09-01,26.4597969055176,28.5243911743164,31.2616348266602
35080010,Pluviométrica,Convencional,Boyacá,Zetaquirá,5.283,-73.1693,1720,6/15/1957,,Andes,Orinoco,Meta,Río Lengupá,1.57818186283112,1.9163635969162,2,2,0.829710125923157,0.960144937038422,1,1,1.05999994277954,2004,09,53,8.7,8.7,9.22199950218201,0,30.0536117553711,2004-09-01,44.9433250427246,22.9858322143555,25.1353645324707
35080010,Pluviométrica,Convencional,Boyacá,Zetaquirá,5.283,-73.1693,1720,6/15/1957,,Andes,Orinoco,Meta,Río Lengupá,1.57818186283112,1.9163635969162,2,2,0.829710125923157,0.960144937038422,1,1,1.05999994277954,2004,09,54,33.5,33.5,35.5099980831146,0,24.9441661834717,2004-09-01,39.9516410827637,24.4374542236328,30.0655937194824
35080010,Pluviométrica,Convencional,Boyacá,Zetaquirá,5.283,-73.1693,1720,6/15/1957,,Andes,Orinoco,Meta,Río Lengupá,1.57818186283112,1.9163635969162,2,2,0.829710125923157,0.960144937038422,1,1,1.04999995231628,2004,10,55,18.7,18.7,19.6349991083145,0,36.6753234863281,2004-10-01,56.0512504577637,26.2712059020996,30.997371673584
35080010,Pluviométrica,Convencional,Boyacá,Zetaquirá,5.283,-73.1693,1720,6/15/1957,,Andes,Orinoco,Meta,Río Lengupá,1.57818186283112,1.9163635969162,2,2,0.829710125923157,0.960144937038422,1,1,1.04999995231628,2004,10,56,15.8,15.8,16.5899992465973,0,27.5463619232178,2004-10-01,37.2573585510254,19.0568447113037,23.424430847168
35080010,Pluviométrica,Convencional,Boyacá,Zetaquirá,5.283,-73.1693,1720,6/15/1957,,Andes,Orinoco,Meta,Río Lengupá,1.57818186283112,1.9163635969162,2,2,0.829710125923157,0.960144937038422,1,1,1.04999995231628,2004,10,57,35.4,35.4,37.1699983119965,0,19.3211040496826,2004-10-01,20.7425537109375,18.974100112915,30.5754566192627
35080010,Pluviométrica,Convencional,Boyacá,Zetaquirá,5.283,-73.1693,1720,6/15/1957,,Andes,Orinoco,Meta,Río Lengupá,1.57818186283112,1.9163635969162,2,2,0.829710125923157,0.960144937038422,1,1,1.04999995231628,2004,10,58,48,48,50.3999977111817,0,32.2030334472656,2004-10-01,50.7229156494141,33.5496101379395,43.4534339904785
35080010,Pluviométrica,Convencional,Boyacá,Zetaquirá,5.283,-73.1693,1720,6/15/1957,,Andes,Orinoco,Meta,Río Lengupá,1.57818186283112,1.9163635969162,2,2,0.829710125923157,0.960144937038422,1,1,1.04999995231628,2004,10,59,64.7,64.7,67.9349969148636,0,40.4517669677734,2004-10-01,63.2762451171875,35.7980575561523,45.5568962097168
35080010,Pluviométrica,Convencional,Boyacá,Zetaquirá,5.283,-73.1693,1720,6/15/1957,,Andes,Orinoco,Meta,Río Lengupá,1.57818186283112,1.9163635969162,2,2,0.829710125923157,0.960144937038422,1,1,1.04999995231628,2004,10,60,45.5,45.5,47.7749978303909,0,36.1826133728027,2004-10-01,36.5456695556641,23.7635612487793,25.6807155609131
35080010,Pluviométrica,Convencional,Boyacá,Zetaquirá,5.283,-73.1693,1720,6/15/1957,,Andes,Orinoco,Meta,Río Lengupá,1.57818186283112,1.9163635969162,2,2,0.829710125923157,0.960144937038422,1,1,1.04999995231628,2004,11,61,13.7,13.7,14.3849993467331,0,8.11913871765137,2004-11-01,6.71783447265625,9.91211128234863,12.0335674285889
35080010,Pluviométrica,Convencional,Boyacá,Zetaquirá,5.283,-73.1693,1720,6/15/1957,,Andes,Orinoco,Meta,Río Lengupá,1.57818186283112,1.9163635969162,2,2,0.829710125923157,0.960144937038422,1,1,1.04999995231628,2004,11,62,1.5,1.5,1.57499992847443,0,13.0049772262573,2004-11-01,17.3637275695801,18.7445163726807,26.9477939605713
35080010,Pluviométrica,Convencional,Boyacá,Zetaquirá,5.283,-73.1693,1720,6/15/1957,,Andes,Orinoco,Meta,Río Lengupá,1.57818186283112,1.9163635969162,2,2,0.829710125923157,0.960144937038422,1,1,1.04999995231628,2004,11,63,18.6,18.6,19.5299991130829,0,25.6161842346191,2004-11-01,44.5439720153809,14.8777332305908,21.6698322296143
35080010,Pluviométrica,Convencional,Boyacá,Zetaquirá,5.283,-73.1693,1720,6/15/1957,,Andes,Orinoco,Meta,Río Lengupá,1.57818186283112,1.9163635969162,2,2,0.829710125923157,0.960144937038422,1,1,1.04999995231628,2004,11,64,27,27,28.3499987125397,0,24.1184921264648,2004-11-01,43.8401184082031,21.8057403564453,31.2418079376221
35080010,Pluviométrica,Convencional,Boyacá,Zetaquirá,5.283,-73.1693,1720,6/15/1957,,Andes,Orinoco,Meta,Río Lengupá,1.57818186283112,1.9163635969162,2,2,0.829710125923157,0.960144937038422,1,1,1.04999995231628,2004,11,65,13.3,13.3,13.9649993658066,0,12.0935707092285,2004-11-01,19.7551212310791,13.9939479827881,21.0230770111084
35080010,Pluviométrica,Convencional,Boyacá,Zetaquirá,5.283,-73.1693,1720,6/15/1957,,Andes,Orinoco,Meta,Río Lengupá,1.57818186283112,1.9163635969162,2,2,0.829710125923157,0.960144937038422,1,1,1.04999995231628,2004,11,66,7.5,7.5,7.87499964237213,0,7.68009805679321,2004-11-01,5.58847665786743,5.85056400299072,6.83302736282349
35080010,Pluviométrica,Convencional,Boyacá,Zetaquirá,5.283,-73.1693,1720,6/15/1957,,Andes,Orinoco,Meta,Río Lengupá,1.57818186283112,1.9163635969162,2,2,0.829710125923157,0.960144937038422,1,1,1.07000005245209,2004,12,67,75,75,80.2500039339066,0,3.48948121070862,2004-12-01,2.16043901443481,4.39383935928345,7.14144706726074
35080010,Pluviométrica,Convencional,Boyacá,Zetaquirá,5.283,-73.1693,1720,6/15/1957,,Andes,Orinoco,Meta,Río Lengupá,1.57818186283112,1.9163635969162,2,2,0.829710125923157,0.960144937038422,1,1,1.07000005245209,2004,12,68,18.7,18.7,20.009000980854,0,4.20408916473389,2004-12-01,3.80068874359131,7.32413148880005,5.44598054885864
35080010,Pluviométrica,Convencional,Boyacá,Zetaquirá,5.283,-73.1693,1720,6/15/1957,,Andes,Orinoco,Meta,Río Lengupá,1.57818186283112,1.9163635969162,2,2,0.829710125923157,0.960144937038422,1,1,1.07000005245209,2004,12,69,48.6,48.6,52.0020025491715,0,7.28897619247437,2004-12-01,18.3936557769775,9.35356044769287,24.3266677856445
35080010,Pluviométrica,Convencional,Boyacá,Zetaquirá,5.283,-73.1693,1720,6/15/1957,,Andes,Orinoco,Meta,Río Lengupá,1.57818186283112,1.9163635969162,2,2,0.829710125923157,0.960144937038422,1,1,1.07000005245209,2004,12,70,0,0,0,0,6.14802646636963,2004-12-01,15.5801076889038,7.17652273178101,15.967604637146
35080010,Pluviométrica,Convencional,Boyacá,Zetaquirá,5.283,-73.1693,1720,6/15/1957,,Andes,Orinoco,Meta,Río Lengupá,1.57818186283112,1.9163635969162,2,2,0.829710125923157,0.960144937038422,1,1,1.07000005245209,2004,12,71,0,0,0,0,3.75346255302429,2004-12-01,4.60251712799072,2.82947969436646,4.45220422744751
35080010,Pluviométrica,Convencional,Boyacá,Zetaquirá,5.283,-73.1693,1720,6/15/1957,,Andes,Orinoco,Meta,Río Lengupá,1.57818186283112,1.9163635969162,2,2,0.829710125923157,0.960144937038422,1,1,1.07000005245209,2004,12,72,0,0,0,0,6.4164514541626,2004-12-01,3.41814112663269,7.17921447753906,7.08216905593872
35080010,Pluviométrica,Convencional,Boyacá,Zetaquirá,5.283,-73.1693,1720,6/15/1957,,Andes,Orinoco,Meta,Río Lengupá,1.57818186283112,1.9163635969162,2,2,0.829710125923157,0.960144937038422,1,1,1.07000005245209,2005,01,1,0,0,0,0,4.90162229537964,2005-01-01,4.45475959777832,5.22859001159668,6.30835580825806
35080010,Pluviométrica,Convencional,Boyacá,Zetaquirá,5.283,-73.1693,1720,6/15/1957,,Andes,Orinoco,Meta,Río Lengupá,1.57818186283112,1.9163635969162,2,2,0.829710125923157,0.960144937038422,1,1,1.07000005245209,2005,01,2,2.5,2.5,2.67500013113022,0,5.92981910705566,2005-01-01,2.34820914268494,6.40900707244873,4.04124307632446
35080010,Pluviométrica,Convencional,Boyacá,Zetaquirá,5.283,-73.1693,1720,6/15/1957,,Andes,Orinoco,Meta,Río Lengupá,1.57818186283112,1.9163635969162,2,2,0.829710125923157,0.960144937038422,1,1,1.07000005245209,2005,01,3,30.6,30.6,32.7420016050339,0,6.42745304107666,2005-01-01,2.33185815811157,10.7761363983154,6.34330463409424
35080010,Pluviométrica,Convencional,Boyacá,Zetaquirá,5.283,-73.1693,1720,6/15/1957,,Andes,Orinoco,Meta,Río Lengupá,1.57818186283112,1.9163635969162,2,2,0.829710125923157,0.960144937038422,1,1,1.07000005245209,2005,01,4,27,27,28.8900014162064,0,9.85479354858398,2005-01-01,6.65845441818237,11.3741073608398,12.9075241088867
35080010,Pluviométrica,Convencional,Boyacá,Zetaquirá,5.283,-73.1693,1720,6/15/1957,,Andes,Orinoco,Meta,Río Lengupá,1.57818186283112,1.9163635969162,2,2,0.829710125923157,0.960144937038422,1,1,1.07000005245209,2005,01,5,0,0,0,0,12.1785802841187,2005-01-01,9.58045196533203,9.39931774139404,9.65009784698486
35080010,Pluviométrica,Convencional,Boyacá,Zetaquirá,5.283,-73.1693,1720,6/15/1957,,Andes,Orinoco,Meta,Río Lengupá,1.57818186283112,1.9163635969162,2,2,0.829710125923157,0.960144937038422,1,1,1.07000005245209,2005,01,6,6.6,6.6,7.06200034618378,0,7.16512298583984,2005-01-01,0.691168010234833,4.94932079315186,1.21525609493256
35080010,Pluviométrica,Convencional,Boyacá,Zetaquirá,5.283,-73.1693,1720,6/15/1957,,Andes,Orinoco,Meta,Río Lengupá,1.57818186283112,1.9163635969162,2,2,0.829710125923157,0.960144937038422,1,1,1.08000004291534,2005,02,7,0.3,0.3,0.324000012874603,0,7.3482460975647,2005-02-01,6.55968713760376,9.30387878417969,8.73591041564941
35080010,Pluviométrica,Convencional,Boyacá,Zetaquirá,5.283,-73.1693,1720,6/15/1957,,Andes,Orinoco,Meta,Río Lengupá,1.57818186283112,1.9163635969162,2,2,0.829710125923157,0.960144937038422,1,1,1.08000004291534,2005,02,8,12.2,12.2,13.1760005235672,0,14.339448928833,2005-02-01,28.5927619934082,18.4153060913086,21.2252578735352
35080010,Pluviométrica,Convencional,Boyacá,Zetaquirá,5.283,-73.1693,1720,6/15/1957,,Andes,Orinoco,Meta,Río Lengupá,1.57818186283112,1.9163635969162,2,2,0.829710125923157,0.960144937038422,1,1,1.08000004291534,2005,02,9,47,47,50.7600020170212,0,17.063835144043,2005-02-01,37.0463523864746,22.384204864502,28.0832767486572
35080010,Pluviométrica,Convencional,Boyacá,Zetaquirá,5.283,-73.1693,1720,6/15/1957,,Andes,Orinoco,Meta,Río Lengupá,1.57818186283112,1.9163635969162,2,2,0.829710125923157,0.960144937038422,1,1,1.08000004291534,2005,02,10,0,0,0,0,4.88569498062134,2005-02-01,0.486874550580978,2.5908944606781,0.412741899490356
35080010,Pluviométrica,Convencional,Boyacá,Zetaquirá,5.283,-73.1693,1720,6/15/1957,,Andes,Orinoco,Meta,Río Lengupá,1.57818186283112,1.9163635969162,2,2,0.829710125923157,0.960144937038422,1,1,1.08000004291534,2005,02,11,0,0,0,0,4.94352579116821,2005-02-01,1.12841987609863,2.31223487854004,0.776928007602692
35080010,Pluviométrica,Convencional,Boyacá,Zetaquirá,5.283,-73.1693,1720,6/15/1957,,Andes,Orinoco,Meta,Río Lengupá,1.57818186283112,1.9163635969162,2,2,0.829710125923157,0.960144937038422,1,1,1.08000004291534,2005,02,12,0,0,0,0,2.12034511566162,2005-02-01,1.40506875514984,1.77925455570221,1.55856084823608
35080010,Pluviométrica,Convencional,Boyacá,Zetaquirá,5.283,-73.1693,1720,6/15/1957,,Andes,Orinoco,Meta,Río Lengupá,1.57818186283112,1.9163635969162,2,2,0.829710125923157,0.960144937038422,1,1,1.08000004291534,2005,03,13,0.4,0.4,0.432000017166138,0,8.69988536834717,2005-03-01,9.457350730896,7.46253681182861,8.38381576538086
35080010,Pluviométrica,Convencional,Boyacá,Zetaquirá,5.283,-73.1693,1720,6/15/1957,,Andes,Orinoco,Meta,Río Lengupá,1.57818186283112,1.9163635969162,2,2,0.829710125923157,0.960144937038422,1,1,1.08000004291534,2005,03,14,0,0,0,0,5.35199069976807,2005-03-01,1.3447562456131,5.94523572921753,3.1723484992981
35080010,Pluviométrica,Convencional,Boyacá,Zetaquirá,5.283,-73.1693,1720,6/15/1957,,Andes,Orinoco,Meta,Río Lengupá,1.57818186283112,1.9163635969162,2,2,0.829710125923157,0.960144937038422,1,1,1.08000004291534,2005,03,15,0,0,0,0,3.54349970817566,2005-03-01,0,2.28269481658936,0
35080010,Pluviométrica,Convencional,Boyacá,Zetaquirá,5.283,-73.1693,1720,6/15/1957,,Andes,Orinoco,Meta,Río Lengupá,1.57818186283112,1.9163635969162,2,2,0.829710125923157,0.960144937038422,1,1,1.08000004291534,2005,03,16,0,0,0,0,4.17665767669678,2005-03-01,0,2.25577068328857,0
35080010,Pluviométrica,Convencional,Boyacá,Zetaquirá,5.283,-73.1693,1720,6/15/1957,,Andes,Orinoco,Meta,Río Lengupá,1.57818186283112,1.9163635969162,2,2,0.829710125923157,0.960144937038422,1,1,1.08000004291534,2005,03,17,25.5,25.5,27.5400010943413,0,10.9516620635986,2005-03-01,13.7094039916992,19.4280567169189,24.463285446167
35080010,Pluviométrica,Convencional,Boyacá,Zetaquirá,5.283,-73.1693,1720,6/15/1957,,Andes,Orinoco,Meta,Río Lengupá,1.57818186283112,1.9163635969162,2,2,0.829710125923157,0.960144937038422,1,1,1.08000004291534,2005,03,18,0,0,0,0,4.18985271453857,2005-03-01,0,3.74608421325684,0
35080010,Pluviométrica,Convencional,Boyacá,Zetaquirá,5.283,-73.1693,1720,6/15/1957,,Andes,Orinoco,Meta,Río Lengupá,1.57818186283112,1.9163635969162,2,2,0.829710125923157,0.960144937038422,1,1,1.05999994277954,2005,04,19,83.2,83.2,88.1919952392578,0,22.7631359100342,2005-04-01,26.4629402160645,30.6772937774658,41.9454002380371
35080010,Pluviométrica,Convencional,Boyacá,Zetaquirá,5.283,-73.1693,1720,6/15/1957,,Andes,Orinoco,Meta,Río Lengupá,1.57818186283112,1.9163635969162,2,2,0.829710125923157,0.960144937038422,1,1,1.05999994277954,2005,04,20,28.3,28.3,29.997998380661,0,26.9276008605957,2005-04-01,31.4540176391602,22.2007427215576,25.8831806182861
35080010,Pluviométrica,Convencional,Boyacá,Zetaquirá,5.283,-73.1693,1720,6/15/1957,,Andes,Orinoco,Meta,Río Lengupá,1.57818186283112,1.9163635969162,2,2,0.829710125923157,0.960144937038422,1,1,1.05999994277954,2005,04,21,10.8,10.8,11.447999382019,0,17.3240547180176,2005-04-01,17.5839710235596,19.0226573944092,21.193531036377
35080010,Pluviométrica,Convencional,Boyacá,Zetaquirá,5.283,-73.1693,1720,6/15/1957,,Andes,Orinoco,Meta,Río Lengupá,1.57818186283112,1.9163635969162,2,2,0.829710125923157,0.960144937038422,1,1,1.05999994277954,2005,04,22,45.5,45.5,48.2299973964691,0,39.1200294494629,2005-04-01,54.2590942382813,21.213529586792,28.4803485870361
35080010,Pluviométrica,Convencional,Boyacá,Zetaquirá,5.283,-73.1693,1720,6/15/1957,,Andes,Orinoco,Meta,Río Lengupá,1.57818186283112,1.9163635969162,2,2,0.829710125923157,0.960144937038422,1,1,1.05999994277954,2005,04,23,15.9,15.9,16.8539990901947,0,51.0059127807617,2005-04-01,69.7454071044922,47.4440765380859,56.4260139465332
35080010,Pluviométrica,Convencional,Boyacá,Zetaquirá,5.283,-73.1693,1720,6/15/1957,,Andes,Orinoco,Meta,Río Lengupá,1.57818186283112,1.9163635969162,2,2,0.829710125923157,0.960144937038422,1,1,1.05999994277954,2005,04,24,62,62,65.7199964523316,0,23.7351703643799,2005-04-01,30.0068740844727,24.4315624237061,32.7140197753906
35080010,Pluviométrica,Convencional,Boyacá,Zetaquirá,5.283,-73.1693,1720,6/15/1957,,Andes,Orinoco,Meta,Río Lengupá,1.57818186283112,1.9163635969162,2,2,0.829710125923157,0.960144937038422,1,1,1.04999995231628,2005,05,25,27.4,27.4,28.7699986934662,0,30.381706237793,2005-05-01,46.3596343994141,26.3697853088379,34.8076438903809
35080010,Pluviométrica,Convencional,Boyacá,Zetaquirá,5.283,-73.1693,1720,6/15/1957,,Andes,Orinoco,Meta,Río Lengupá,1.57818186283112,1.9163635969162,2,2,0.829710125923157,0.960144937038422,1,1,1.04999995231628,2005,05,26,17.4,17.4,18.2699991703033,0,12.9339942932129,2005-05-01,10.6024875640869,17.4193458557129,17.3414726257324
35080010,Pluviométrica,Convencional,Boyacá,Zetaquirá,5.283,-73.1693,1720,6/15/1957,,Andes,Orinoco,Meta,Río Lengupá,1.57818186283112,1.9163635969162,2,2,0.829710125923157,0.960144937038422,1,1,1.04999995231628,2005,05,27,39.6,39.6,41.5799981117249,0,32.3240203857422,2005-05-01,56.6971626281738,42.9016571044922,59.1610488891602
35080010,Pluviométrica,Convencional,Boyacá,Zetaquirá,5.283,-73.1693,1720,6/15/1957,,Andes,Orinoco,Meta,Río Lengupá,1.57818186283112,1.9163635969162,2,2,0.829710125923157,0.960144937038422,1,1,1.04999995231628,2005,05,28,11.3,11.3,11.864999461174,0,41.5923080444336,2005-05-01,80.367790222168,29.5131206512451,43.1433258056641
35080010,Pluviométrica,Convencional,Boyacá,Zetaquirá,5.283,-73.1693,1720,6/15/1957,,Andes,Orinoco,Meta,Río Lengupá,1.57818186283112,1.9163635969162,2,2,0.829710125923157,0.960144937038422,1,1,1.04999995231628,2005,05,29,95.9,95.9,100.694995427132,0,60.968204498291,2005-05-01,134.404144287109,64.8553848266602,94.4232406616211
35080010,Pluviométrica,Convencional,Boyacá,Zetaquirá,5.283,-73.1693,1720,6/15/1957,,Andes,Orinoco,Meta,Río Lengupá,1.57818186283112,1.9163635969162,2,2,0.829710125923157,0.960144937038422,1,1,1.04999995231628,2005,05,30,15.7,15.7,16.4849992513657,0,28.2017822265625,2005-05-01,36.1571311950684,24.5282211303711,31.9404029846191
35080010,Pluviométrica,Convencional,Boyacá,Zetaquirá,5.283,-73.1693,1720,6/15/1957,,Andes,Orinoco,Meta,Río Lengupá,1.57818186283112,1.9163635969162,2,2,0.829710125923157,0.960144937038422,1,1,1.04999995231628,2005,06,31,44.6,44.6,46.8299978733063,0,50.1760406494141,2005-06-01,82.5796813964844,43.9545097351074,57.5932159423828
35080010,Pluviométrica,Convencional,Boyacá,Zetaquirá,5.283,-73.1693,1720,6/15/1957,,Andes,Orinoco,Meta,Río Lengupá,1.57818186283112,1.9163635969162,2,2,0.829710125923157,0.960144937038422,1,1,1.04999995231628,2005,06,32,47.6,47.6,49.9799977302551,0,30.2383975982666,2005-06-01,38.6662826538086,36.3771934509277,48.0656051635742
35080010,Pluviométrica,Convencional,Boyacá,Zetaquirá,5.283,-73.1693,1720,6/15/1957,,Andes,Orinoco,Meta,Río Lengupá,1.57818186283112,1.9163635969162,2,2,0.829710125923157,0.960144937038422,1,1,1.04999995231628,2005,06,33,8.8,8.8,9.2399995803833,0,26.7186546325684,2005-06-01,31.0019073486328,22.9206848144531,24.6072998046875
35080010,Pluviométrica,Convencional,Boyacá,Zetaquirá,5.283,-73.1693,1720,6/15/1957,,Andes,Orinoco,Meta,Río Lengupá,1.57818186283112,1.9163635969162,2,2,0.829710125923157,0.960144937038422,1,1,1.04999995231628,2005,06,34,14.4,14.4,15.1199993133545,0,52.1809387207031,2005-06-01,85.7277984619141,28.5785179138184,35.8099403381348
35080010,Pluviométrica,Convencional,Boyacá,Zetaquirá,5.283,-73.1693,1720,6/15/1957,,Andes,Orinoco,Meta,Río Lengupá,1.57818186283112,1.9163635969162,2,2,0.829710125923157,0.960144937038422,1,1,1.04999995231628,2005,06,35,49.6,49.6,52.0799976348877,0,13.7507019042969,2005-06-01,6.93467998504639,27.5781860351563,24.2191925048828
35080010,Pluviométrica,Convencional,Boyacá,Zetaquirá,5.283,-73.1693,1720,6/15/1957,,Andes,Orinoco,Meta,Río Lengupá,1.57818186283112,1.9163635969162,2,2,0.829710125923157,0.960144937038422,1,1,1.04999995231628,2005,06,36,47.8,47.8,50.1899977207184,0,24.21337890625,2005-06-01,30.7266025543213,32.0735168457031,40.9565887451172
35080010,Pluviométrica,Convencional,Boyacá,Zetaquirá,5.283,-73.1693,1720,6/15/1957,,Andes,Orinoco,Meta,Río Lengupá,1.57818186283112,1.9163635969162,2,2,0.829710125923157,0.960144937038422,1,1,1.03999996185303,2005,07,37,18.8,18.8,19.5519992828369,0,26.909761428833,2005-07-01,30.6279201507568,20.7173156738281,22.3876075744629
35080010,Pluviométrica,Convencional,Boyacá,Zetaquirá,5.283,-73.1693,1720,6/15/1957,,Andes,Orinoco,Meta,Río Lengupá,1.57818186283112,1.9163635969162,2,2,0.829710125923157,0.960144937038422,1,1,1.03999996185303,2005,07,38,29.2,29.2,30.3679988861084,0,24.7844181060791,2005-07-01,25.1005954742432,29.8392562866211,36.0529594421387
35080010,Pluviométrica,Convencional,Boyacá,Zetaquirá,5.283,-73.1693,1720,6/15/1957,,Andes,Orinoco,Meta,Río Lengupá,1.57818186283112,1.9163635969162,2,2,0.829710125923157,0.960144937038422,1,1,1.03999996185303,2005,07,39,23.3,23.3,24.2319991111755,0,14.6052398681641,2005-07-01,9.40220165252686,16.8889408111572,13.8541870117188
35080010,Pluviométrica,Convencional,Boyacá,Zetaquirá,5.283,-73.1693,1720,6/15/1957,,Andes,Orinoco,Meta,Río Lengupá,1.57818186283112,1.9163635969162,2,2,0.829710125923157,0.960144937038422,1,1,1.03999996185303,2005,07,40,31.4,31.4,32.6559988021851,0,72.3120880126953,2005-07-01,101.18505859375,55.7520484924316,58.0358734130859
35080010,Pluviométrica,Convencional,Boyacá,Zetaquirá,5.283,-73.1693,1720,6/15/1957,,Andes,Orinoco,Meta,Río Lengupá,1.57818186283112,1.9163635969162,2,2,0.829710125923157,0.960144937038422,1,1,1.03999996185303,2005,07,41,46.2,46.2,48.0479982376099,0,19.4522914886475,2005-07-01,13.0455760955811,34.879940032959,31.0090370178223
35080010,Pluviométrica,Convencional,Boyacá,Zetaquirá,5.283,-73.1693,1720,6/15/1957,,Andes,Orinoco,Meta,Río Lengupá,1.57818186283112,1.9163635969162,2,2,0.829710125923157,0.960144937038422,1,1,1.03999996185303,2005,07,42,51,51,53.0399980545044,0,19.9155044555664,2005-07-01,9.8233642578125,38.7270355224609,32.6990127563477
35080010,Pluviométrica,Convencional,Boyacá,Zetaquirá,5.283,-73.1693,1720,6/15/1957,,Andes,Orinoco,Meta,Río Lengupá,1.57818186283112,1.9163635969162,2,2,0.829710125923157,0.960144937038422,1,1,1.05999994277954,2005,08,43,16.2,16.2,17.1719990730286,0,43.1449317932129,2005-08-01,61.0792198181152,42.6625022888184,44.1718521118164
35080010,Pluviométrica,Convencional,Boyacá,Zetaquirá,5.283,-73.1693,1720,6/15/1957,,Andes,Orinoco,Meta,Río Lengupá,1.57818186283112,1.9163635969162,2,2,0.829710125923157,0.960144937038422,1,1,1.05999994277954,2005,08,44,92.9,92.9,98.4739946842194,0,23.4986839294434,2005-08-01,19.4912948608398,36.4738426208496,43.0469551086426
35080010,Pluviométrica,Convencional,Boyacá,Zetaquirá,5.283,-73.1693,1720,6/15/1957,,Andes,Orinoco,Meta,Río Lengupá,1.57818186283112,1.9163635969162,2,2,0.829710125923157,0.960144937038422,1,1,1.05999994277954,2005,08,45,70.2,70.2,74.4119959831238,0,17.9850959777832,2005-08-01,11.8757457733154,25.3975315093994,20.6587181091309
35080010,Pluviométrica,Convencional,Boyacá,Zetaquirá,5.283,-73.1693,1720,6/15/1957,,Andes,Orinoco,Meta,Río Lengupá,1.57818186283112,1.9163635969162,2,2,0.829710125923157,0.960144937038422,1,1,1.05999994277954,2005,08,46,44,44,46.6399974822998,0,30.7543983459473,2005-08-01,34.815242767334,39.2549438476563,36.5278358459473
35080010,Pluviométrica,Convencional,Boyacá,Zetaquirá,5.283,-73.1693,1720,6/15/1957,,Andes,Orinoco,Meta,Río Lengupá,1.57818186283112,1.9163635969162,2,2,0.829710125923157,0.960144937038422,1,1,1.05999994277954,2005,08,47,20.1,20.1,21.3059988498688,0,34.1205215454102,2005-08-01,40.1075172424316,34.8912925720215,39.2799835205078
35080010,Pluviométrica,Convencional,Boyacá,Zetaquirá,5.283,-73.1693,1720,6/15/1957,,Andes,Orinoco,Meta,Río Lengupá,1.57818186283112,1.9163635969162,2,2,0.829710125923157,0.960144937038422,1,1,1.05999994277954,2005,08,48,38.7,38.7,41.0219977855682,0,48.2765350341797,2005-08-01,48.0550193786621,41.8790740966797,40.2099533081055
35080010,Pluviométrica,Convencional,Boyacá,Zetaquirá,5.283,-73.1693,1720,6/15/1957,,Andes,Orinoco,Meta,Río Lengupá,1.57818186283112,1.9163635969162,2,2,0.829710125923157,0.960144937038422,1,1,1.05999994277954,2005,09,49,27.9,27.9,29.5739984035492,0,12.1016387939453,2005-09-01,14.461672782898,24.359073638916,24.2033424377441
35080010,Pluviométrica,Convencional,Boyacá,Zetaquirá,5.283,-73.1693,1720,6/15/1957,,Andes,Orinoco,Meta,Río Lengupá,1.57818186283112,1.9163635969162,2,2,0.829710125923157,0.960144937038422,1,1,1.05999994277954,2005,09,50,47.1,47.1,49.9259973049164,0,15.1450529098511,2005-09-01,18.7637367248535,36.1287002563477,38.0035247802734
35080010,Pluviométrica,Convencional,Boyacá,Zetaquirá,5.283,-73.1693,1720,6/15/1957,,Andes,Orinoco,Meta,Río Lengupá,1.57818186283112,1.9163635969162,2,2,0.829710125923157,0.960144937038422,1,1,1.05999994277954,2005,09,51,87.4,87.4,92.6439949989319,0,14.9996700286865,2005-09-01,15.253999710083,44.3970489501953,48.9963111877442
35080010,Pluviométrica,Convencional,Boyacá,Zetaquirá,5.283,-73.1693,1720,6/15/1957,,Andes,Orinoco,Meta,Río Lengupá,1.57818186283112,1.9163635969162,2,2,0.829710125923157,0.960144937038422,1,1,1.05999994277954,2005,09,52,61,61,64.659996509552,0,6.74300146102905,2005-09-01,0.883420705795288,11.5683879852295,3.79602479934692
35080010,Pluviométrica,Convencional,Boyacá,Zetaquirá,5.283,-73.1693,1720,6/15/1957,,Andes,Orinoco,Meta,Río Lengupá,1.57818186283112,1.9163635969162,2,2,0.829710125923157,0.960144937038422,1,1,1.05999994277954,2005,09,53,17.5,17.5,18.549998998642,0,32.3349151611328,2005-09-01,52.3233299255371,22.2291584014893,27.9346313476563
35080010,Pluviométrica,Convencional,Boyacá,Zetaquirá,5.283,-73.1693,1720,6/15/1957,,Andes,Orinoco,Meta,Río Lengupá,1.57818186283112,1.9163635969162,2,2,0.829710125923157,0.960144937038422,1,1,1.05999994277954,2005,09,54,65.9,65.9,69.8539962291718,0,15.5884323120117,2005-09-01,19.8375625610352,33.7459983825684,41.0976181030274
35080010,Pluviométrica,Convencional,Boyacá,Zetaquirá,5.283,-73.1693,1720,6/15/1957,,Andes,Orinoco,Meta,Río Lengupá,1.57818186283112,1.9163635969162,2,2,0.829710125923157,0.960144937038422,1,1,1.04999995231628,2005,10,55,50,50,52.4999976158142,0,16.6141929626465,2005-10-01,13.4566144943237,19.0692481994629,20.6640357971191
35080010,Pluviométrica,Convencional,Boyacá,Zetaquirá,5.283,-73.1693,1720,6/15/1957,,Andes,Orinoco,Meta,Río Lengupá,1.57818186283112,1.9163635969162,2,2,0.829710125923157,0.960144937038422,1,1,1.04999995231628,2005,10,56,55.2,55.2,57.9599973678589,0,26.1405448913574,2005-10-01,34.2796363830566,38.2843704223633,44.7954902648926
35080010,Pluviométrica,Convencional,Boyacá,Zetaquirá,5.283,-73.1693,1720,6/15/1957,,Andes,Orinoco,Meta,Río Lengupá,1.57818186283112,1.9163635969162,2,2,0.829710125923157,0.960144937038422,1,1,1.04999995231628,2005,10,57,50.1,50.1,52.6049976110458,0,32.3439483642578,2005-10-01,50.2572708129883,35.8060111999512,52.6794738769531
35080010,Pluviométrica,Convencional,Boyacá,Zetaquirá,5.283,-73.1693,1720,6/15/1957,,Andes,Orinoco,Meta,Río Lengupá,1.57818186283112,1.9163635969162,2,2,0.829710125923157,0.960144937038422,1,1,1.04999995231628,2005,10,58,18.1,18.1,19.0049991369247,0,13.5111780166626,2005-10-01,9.04592895507812,20.114953994751,24.9741058349609
35080010,Pluviométrica,Convencional,Boyacá,Zetaquirá,5.283,-73.1693,1720,6/15/1957,,Andes,Orinoco,Meta,Río Lengupá,1.57818186283112,1.9163635969162,2,2,0.829710125923157,0.960144937038422,1,1,1.04999995231628,2005,10,59,17,17,17.8499991893768,0,21.2799949645996,2005-10-01,20.0013370513916,29.7320098876953,35.253360748291
35080010,Pluviométrica,Convencional,Boyacá,Zetaquirá,5.283,-73.1693,1720,6/15/1957,,Andes,Orinoco,Meta,Río Lengupá,1.57818186283112,1.9163635969162,2,2,0.829710125923157,0.960144937038422,1,1,1.04999995231628,2005,10,60,82.2,82.2,86.3099960803986,0,25.5251274108887,2005-10-01,19.9821434020996,47.8314323425293,50.0975303649902
35080010,Pluviométrica,Convencional,Boyacá,Zetaquirá,5.283,-73.1693,1720,6/15/1957,,Andes,Orinoco,Meta,Río Lengupá,1.57818186283112,1.9163635969162,2,2,0.829710125923157,0.960144937038422,1,1,1.04999995231628,2005,11,61,18.7,18.7,19.6349991083145,0,23.4910259246826,2005-11-01,46.705810546875,18.9943046569824,33.3751411437988
35080010,Pluviométrica,Convencional,Boyacá,Zetaquirá,5.283,-73.1693,1720,6/15/1957,,Andes,Orinoco,Meta,Río Lengupá,1.57818186283112,1.9163635969162,2,2,0.829710125923157,0.960144937038422,1,1,1.04999995231628,2005,11,62,7.3,7.3,7.66499965190887,0,12.9418611526489,2005-11-01,15.7466773986816,21.4148750305176,33.6410522460938
35080010,Pluviométrica,Convencional,Boyacá,Zetaquirá,5.283,-73.1693,1720,6/15/1957,,Andes,Orinoco,Meta,Río Lengupá,1.57818186283112,1.9163635969162,2,2,0.829710125923157,0.960144937038422,1,1,1.04999995231628,2005,11,63,47.6,47.6,49.9799977302551,0,21.6005878448486,2005-11-01,34.9667930603027,28.0329055786133,39.4891738891602
35080010,Pluviométrica,Convencional,Boyacá,Zetaquirá,5.283,-73.1693,1720,6/15/1957,,Andes,Orinoco,Meta,Río Lengupá,1.57818186283112,1.9163635969162,2,2,0.829710125923157,0.960144937038422,1,1,1.04999995231628,2005,11,64,29.7,29.7,31.1849985837936,0,8.51550960540772,2005-11-01,6.70761966705322,13.8656778335571,18.8401432037354
35080010,Pluviométrica,Convencional,Boyacá,Zetaquirá,5.283,-73.1693,1720,6/15/1957,,Andes,Orinoco,Meta,Río Lengupá,1.57818186283112,1.9163635969162,2,2,0.829710125923157,0.960144937038422,1,1,1.04999995231628,2005,11,65,14.5,14.5,15.2249993085861,0,29.1977424621582,2005-11-01,63.9635620117188,26.924409866333,42.9390373229981
35080010,Pluviométrica,Convencional,Boyacá,Zetaquirá,5.283,-73.1693,1720,6/15/1957,,Andes,Orinoco,Meta,Río Lengupá,1.57818186283112,1.9163635969162,2,2,0.829710125923157,0.960144937038422,1,1,1.04999995231628,2005,11,66,0.5,0.5,0.524999976158142,0,5.70685195922852,2005-11-01,1.68513894081116,2.63541889190674,1.72837090492249
35080010,Pluviométrica,Convencional,Boyacá,Zetaquirá,5.283,-73.1693,1720,6/15/1957,,Andes,Orinoco,Meta,Río Lengupá,1.57818186283112,1.9163635969162,2,2,0.829710125923157,0.960144937038422,1,1,1.07000005245209,2005,12,67,7.7,7.7,8.23900040388107,0,4.11704111099243,2005-12-01,4.20438432693481,6.02517318725586,10.4095621109009
35080010,Pluviométrica,Convencional,Boyacá,Zetaquirá,5.283,-73.1693,1720,6/15/1957,,Andes,Orinoco,Meta,Río Lengupá,1.57818186283112,1.9163635969162,2,2,0.829710125923157,0.960144937038422,1,1,1.07000005245209,2005,12,68,3.5,3.5,3.74500018358231,0,6.42835712432861,2005-12-01,13.9471492767334,9.91529273986816,18.93825340271
35080010,Pluviométrica,Convencional,Boyacá,Zetaquirá,5.283,-73.1693,1720,6/15/1957,,Andes,Orinoco,Meta,Río Lengupá,1.57818186283112,1.9163635969162,2,2,0.829710125923157,0.960144937038422,1,1,1.07000005245209,2005,12,69,0.5,0.5,0.535000026226044,0,2.9888219833374,2005-12-01,2.95125102996826,2.19460201263428,2.93545198440552
35080010,Pluviométrica,Convencional,Boyacá,Zetaquirá,5.283,-73.1693,1720,6/15/1957,,Andes,Orinoco,Meta,Río Lengupá,1.57818186283112,1.9163635969162,2,2,0.829710125923157,0.960144937038422,1,1,1.07000005245209,2005,12,70,0,0,0,0,3.1983106136322,2005-12-01,2.25644111633301,2.23317289352417,2.74165415763855
35080010,Pluviométrica,Convencional,Boyacá,Zetaquirá,5.283,-73.1693,1720,6/15/1957,,Andes,Orinoco,Meta,Río Lengupá,1.57818186283112,1.9163635969162,2,2,0.829710125923157,0.960144937038422,1,1,1.07000005245209,2005,12,71,0,0,0,0,3.75346255302429,2005-12-01,2.37028241157532,3.16221499443054,3.29665803909302
35080010,Pluviométrica,Convencional,Boyacá,Zetaquirá,5.283,-73.1693,1720,6/15/1957,,Andes,Orinoco,Meta,Río Lengupá,1.57818186283112,1.9163635969162,2,2,0.829710125923157,0.960144937038422,1,1,1.07000005245209,2005,12,72,0,0,0,0,7.41122770309448,2005-12-01,5.74062299728394,3.61211371421814,4.52557563781738
35080010,Pluviométrica,Convencional,Boyacá,Zetaquirá,5.283,-73.1693,1720,6/15/1957,,Andes,Orinoco,Meta,Río Lengupá,1.57818186283112,1.9163635969162,2,2,0.829710125923157,0.960144937038422,1,1,1.07000005245209,2006,01,1,30.5,30.5,32.6350015997887,0,16.8869075775147,2006-01-01,21.3188343048096,30.4633464813232,37.7709732055664
35080010,Pluviométrica,Convencional,Boyacá,Zetaquirá,5.283,-73.1693,1720,6/15/1957,,Andes,Orinoco,Meta,Río Lengupá,1.57818186283112,1.9163635969162,2,2,0.829710125923157,0.960144937038422,1,1,1.07000005245209,2006,01,2,14.6,14.6,15.6220007658005,0,5.92981910705566,2006-01-01,2.34820914268494,8.60099792480469,4.41821575164795
35080010,Pluviométrica,Convencional,Boyacá,Zetaquirá,5.283,-73.1693,1720,6/15/1957,,Andes,Orinoco,Meta,Río Lengupá,1.57818186283112,1.9163635969162,2,2,0.829710125923157,0.960144937038422,1,1,1.07000005245209,2006,01,3,34.3,34.3,36.7010017991066,0,6.42745304107666,2006-01-01,2.33185815811157,7.74993228912354,6.15809154510498
35080010,Pluviométrica,Convencional,Boyacá,Zetaquirá,5.283,-73.1693,1720,6/15/1957,,Andes,Orinoco,Meta,Río Lengupá,1.57818186283112,1.9163635969162,2,2,0.829710125923157,0.960144937038422,1,1,1.07000005245209,2006,01,4,0,0,0,0,6.38524150848389,2006-01-01,2.45718812942505,3.93619608879089,2.2924120426178
35080010,Pluviométrica,Convencional,Boyacá,Zetaquirá,5.283,-73.1693,1720,6/15/1957,,Andes,Orinoco,Meta,Río Lengupá,1.57818186283112,1.9163635969162,2,2,0.829710125923157,0.960144937038422,1,1,1.07000005245209,2006,01,5,0,0,0,0,5.83617258071899,2006-01-01,1.64468801021576,7.12896156311035,3.97887396812439
35080010,Pluviométrica,Convencional,Boyacá,Zetaquirá,5.283,-73.1693,1720,6/15/1957,,Andes,Orinoco,Meta,Río Lengupá,1.57818186283112,1.9163635969162,2,2,0.829710125923157,0.960144937038422,1,1,1.07000005245209,2006,01,6,12.8,12.8,13.6960006713867,0,24.2038803100586,2006-01-01,19.3358097076416,38.7511329650879,34.2786750793457
35080010,Pluviométrica,Convencional,Boyacá,Zetaquirá,5.283,-73.1693,1720,6/15/1957,,Andes,Orinoco,Meta,Río Lengupá,1.57818186283112,1.9163635969162,2,2,0.829710125923157,0.960144937038422,1,1,1.08000004291534,2006,02,7,5,5,5.40000021457672,0,10.0232954025269,2006-02-01,12.1464061737061,6.93491983413696,6.66451501846314
35080010,Pluviométrica,Convencional,Boyacá,Zetaquirá,5.283,-73.1693,1720,6/15/1957,,Andes,Orinoco,Meta,Río Lengupá,1.57818186283112,1.9163635969162,2,2,0.829710125923157,0.960144937038422,1,1,1.08000004291534,2006,02,8,1,1,1.08000004291534,0,8.05742263793945,2006-02-01,11.1767339706421,5.67274188995361,7.46535062789917
35080010,Pluviométrica,Convencional,Boyacá,Zetaquirá,5.283,-73.1693,1720,6/15/1957,,Andes,Orinoco,Meta,Río Lengupá,1.57818186283112,1.9163635969162,2,2,0.829710125923157,0.960144937038422,1,1,1.08000004291534,2006,02,9,0,0,0,0,4.87007904052734,2006-02-01,1.00317966938019,2.07452011108398,0.588386714458466
35080010,Pluviométrica,Convencional,Boyacá,Zetaquirá,5.283,-73.1693,1720,6/15/1957,,Andes,Orinoco,Meta,Río Lengupá,1.57818186283112,1.9163635969162,2,2,0.829710125923157,0.960144937038422,1,1,1.08000004291534,2006,02,10,37,37,39.9600015878677,0,7.94390869140625,2006-02-01,9.15313148498535,7.43204736709595,7.81789779663086
35080010,Pluviométrica,Convencional,Boyacá,Zetaquirá,5.283,-73.1693,1720,6/15/1957,,Andes,Orinoco,Meta,Río Lengupá,1.57818186283112,1.9163635969162,2,2,0.829710125923157,0.960144937038422,1,1,1.08000004291534,2006,02,11,0,0,0,0,4.94352579116821,2006-02-01,1.12841987609863,2.35731053352356,0.812670648097992
35080010,Pluviométrica,Convencional,Boyacá,Zetaquirá,5.283,-73.1693,1720,6/15/1957,,Andes,Orinoco,Meta,Río Lengupá,1.57818186283112,1.9163635969162,2,2,0.829710125923157,0.960144937038422,1,1,1.08000004291534,2006,02,12,0,0,0,0,2.12034511566162,2006-02-01,1.40506875514984,1.21507322788239,1.54118573665619
35080010,Pluviométrica,Convencional,Boyacá,Zetaquirá,5.283,-73.1693,1720,6/15/1957,,Andes,Orinoco,Meta,Río Lengupá,1.57818186283112,1.9163635969162,2,2,0.829710125923157,0.960144937038422,1,1,1.08000004291534,2006,03,13,42.8,42.8,46.2240018367767,0,10.2239542007446,2006-03-01,12.6094560623169,14.0353326797485,16.798002243042
35080010,Pluviométrica,Convencional,Boyacá,Zetaquirá,5.283,-73.1693,1720,6/15/1957,,Andes,Orinoco,Meta,Río Lengupá,1.57818186283112,1.9163635969162,2,2,0.829710125923157,0.960144937038422,1,1,1.08000004291534,2006,03,14,49,49,52.9200021028519,0,16.5896415710449,2006-03-01,20.8709278106689,26.4586601257324,33.7012519836426
35080010,Pluviométrica,Convencional,Boyacá,Zetaquirá,5.283,-73.1693,1720,6/15/1957,,Andes,Orinoco,Meta,Río Lengupá,1.57818186283112,1.9163635969162,2,2,0.829710125923157,0.960144937038422,1,1,1.08000004291534,2006,03,15,5.7,5.7,6.15600024461746,0,3.54349970817566,2006-03-01,0,5.38172626495361,0
35080010,Pluviométrica,Convencional,Boyacá,Zetaquirá,5.283,-73.1693,1720,6/15/1957,,Andes,Orinoco,Meta,Río Lengupá,1.57818186283112,1.9163635969162,2,2,0.829710125923157,0.960144937038422,1,1,1.08000004291534,2006,03,16,34.6,34.6,37.3680014848709,0,8.0196704864502,2006-03-01,5.94635343551636,13.866024017334,13.0092267990112
35080010,Pluviométrica,Convencional,Boyacá,Zetaquirá,5.283,-73.1693,1720,6/15/1957,,Andes,Orinoco,Meta,Río Lengupá,1.57818186283112,1.9163635969162,2,2,0.829710125923157,0.960144937038422,1,1,1.08000004291534,2006,03,17,50.1,50.1,54.1080021500588,0,27.6773777008057,2006-03-01,47.9576072692871,38.7816963195801,56.597785949707
35080010,Pluviométrica,Convencional,Boyacá,Zetaquirá,5.283,-73.1693,1720,6/15/1957,,Andes,Orinoco,Meta,Río Lengupá,1.57818186283112,1.9163635969162,2,2,0.829710125923157,0.960144937038422,1,1,1.08000004291534,2006,03,18,15.6,15.6,16.8480006694794,0,16.612060546875,2006-03-01,17.8249130249023,18.4341106414795,20.9185256958008
35080010,Pluviométrica,Convencional,Boyacá,Zetaquirá,5.283,-73.1693,1720,6/15/1957,,Andes,Orinoco,Meta,Río Lengupá,1.57818186283112,1.9163635969162,2,2,0.829710125923157,0.960144937038422,1,1,1.05999994277954,2006,04,19,66.9,66.9,70.9139961719513,0,13.4606037139893,2006-04-01,10.5879545211792,20.2407989501953,19.5890102386475
35080010,Pluviométrica,Convencional,Boyacá,Zetaquirá,5.283,-73.1693,1720,6/15/1957,,Andes,Orinoco,Meta,Río Lengupá,1.57818186283112,1.9163635969162,2,2,0.829710125923157,0.960144937038422,1,1,1.05999994277954,2006,04,20,49.1,49.1,52.0459971904755,0,24.5063323974609,2006-04-01,27.8465881347656,22.0919322967529,25.7577991485596
35080010,Pluviométrica,Convencional,Boyacá,Zetaquirá,5.283,-73.1693,1720,6/15/1957,,Andes,Orinoco,Meta,Río Lengupá,1.57818186283112,1.9163635969162,2,2,0.829710125923157,0.960144937038422,1,1,1.05999994277954,2006,04,21,67.7,67.7,71.7619961261749,0,25.6034889221191,2006-04-01,29.785041809082,35.3894309997559,42.6630668640137
35080010,Pluviométrica,Convencional,Boyacá,Zetaquirá,5.283,-73.1693,1720,6/15/1957,,Andes,Orinoco,Meta,Río Lengupá,1.57818186283112,1.9163635969162,2,2,0.829710125923157,0.960144937038422,1,1,1.05999994277954,2006,04,22,32,32,33.9199981689453,0,18.515438079834,2006-04-01,19.2492256164551,26.8894824981689,33.3086204528809
35080010,Pluviométrica,Convencional,Boyacá,Zetaquirá,5.283,-73.1693,1720,6/15/1957,,Andes,Orinoco,Meta,Río Lengupá,1.57818186283112,1.9163635969162,2,2,0.829710125923157,0.960144937038422,1,1,1.05999994277954,2006,04,23,43.1,43.1,45.6859975337982,0,14.329984664917,2006-04-01,11.1457366943359,16.8681144714355,16.6891288757324
35080010,Pluviométrica,Convencional,Boyacá,Zetaquirá,5.283,-73.1693,1720,6/15/1957,,Andes,Orinoco,Meta,Río Lengupá,1.57818186283112,1.9163635969162,2,2,0.829710125923157,0.960144937038422,1,1,1.05999994277954,2006,04,24,18.2,18.2,19.2919989585876,0,31.2076263427734,2006-04-01,45.3435287475586,17.1194725036621,22.4830417633057
35080010,Pluviométrica,Convencional,Boyacá,Zetaquirá,5.283,-73.1693,1720,6/15/1957,,Andes,Orinoco,Meta,Río Lengupá,1.57818186283112,1.9163635969162,2,2,0.829710125923157,0.960144937038422,1,1,1.04999995231628,2006,05,25,22,22,23.0999989509583,0,15.1058778762817,2006-05-01,16.5241260528564,27.2859992980957,37.951774597168
35080010,Pluviométrica,Convencional,Boyacá,Zetaquirá,5.283,-73.1693,1720,6/15/1957,,Andes,Orinoco,Meta,Río Lengupá,1.57818186283112,1.9163635969162,2,2,0.829710125923157,0.960144937038422,1,1,1.04999995231628,2006,05,26,35.8,35.8,37.589998292923,0,25.3100681304932,2006-05-01,38.5761947631836,34.2450294494629,36.2062721252441
35080010,Pluviométrica,Convencional,Boyacá,Zetaquirá,5.283,-73.1693,1720,6/15/1957,,Andes,Orinoco,Meta,Río Lengupá,1.57818186283112,1.9163635969162,2,2,0.829710125923157,0.960144937038422,1,1,1.04999995231628,2006,05,27,17.8,17.8,18.6899991512299,0,27.9916572570801,2006-05-01,47.2130012512207,22.0516262054443,28.392463684082
35080010,Pluviométrica,Convencional,Boyacá,Zetaquirá,5.283,-73.1693,1720,6/15/1957,,Andes,Orinoco,Meta,Río Lengupá,1.57818186283112,1.9163635969162,2,2,0.829710125923157,0.960144937038422,1,1,1.04999995231628,2006,05,28,64.6,64.6,67.829996919632,0,13.5119543075562,2006-05-01,14.9185314178467,22.7786045074463,20.934741973877
35080010,Pluviométrica,Convencional,Boyacá,Zetaquirá,5.283,-73.1693,1720,6/15/1957,,Andes,Orinoco,Meta,Río Lengupá,1.57818186283112,1.9163635969162,2,2,0.829710125923157,0.960144937038422,1,1,1.04999995231628,2006,05,29,5.2,5.2,5.45999975204468,0,15.9748096466064,2006-05-01,21.590160369873,19.3079509735107,22.5423622131348
35080010,Pluviométrica,Convencional,Boyacá,Zetaquirá,5.283,-73.1693,1720,6/15/1957,,Andes,Orinoco,Meta,Río Lengupá,1.57818186283112,1.9163635969162,2,2,0.829710125923157,0.960144937038422,1,1,1.04999995231628,2006,05,30,59.1,59.1,62.0549971818924,0,25.3296089172363,2006-05-01,26.2355308532715,39.7464103698731,48.0601539611816
35080010,Pluviométrica,Convencional,Boyacá,Zetaquirá,5.283,-73.1693,1720,6/15/1957,,Andes,Orinoco,Meta,Río Lengupá,1.57818186283112,1.9163635969162,2,2,0.829710125923157,0.960144937038422,1,1,1.04999995231628,2006,06,31,51.2,51.2,53.7599975585938,0,61.4244651794434,2006-06-01,97.6782989501953,67.6309432983399,78.3993835449219
35080010,Pluviométrica,Convencional,Boyacá,Zetaquirá,5.283,-73.1693,1720,6/15/1957,,Andes,Orinoco,Meta,Río Lengupá,1.57818186283112,1.9163635969162,2,2,0.829710125923157,0.960144937038422,1,1,1.04999995231628,2006,06,32,43.5,43.5,45.6749979257584,0,38.7415008544922,2006-06-01,52.9855804443359,38.3265266418457,44.7265815734863
35080010,Pluviométrica,Convencional,Boyacá,Zetaquirá,5.283,-73.1693,1720,6/15/1957,,Andes,Orinoco,Meta,Río Lengupá,1.57818186283112,1.9163635969162,2,2,0.829710125923157,0.960144937038422,1,1,1.04999995231628,2006,06,33,89.1,89.1,93.5549957513809,0,50.0569000244141,2006-06-01,73.3597030639649,65.1055145263672,77.2607498168945
35080010,Pluviométrica,Convencional,Boyacá,Zetaquirá,5.283,-73.1693,1720,6/15/1957,,Andes,Orinoco,Meta,Río Lengupá,1.57818186283112,1.9163635969162,2,2,0.829710125923157,0.960144937038422,1,1,1.04999995231628,2006,06,34,55.6,55.6,58.3799973487854,0,21.0944595336914,2006-06-01,24.4307765960693,43.2631607055664,51.1493492126465
35080010,Pluviométrica,Convencional,Boyacá,Zetaquirá,5.283,-73.1693,1720,6/15/1957,,Andes,Orinoco,Meta,Río Lengupá,1.57818186283112,1.9163635969162,2,2,0.829710125923157,0.960144937038422,1,1,1.04999995231628,2006,06,35,38.3,38.3,40.2149981737137,0,39.5139694213867,2006-06-01,61.6481895446777,39.9440956115723,45.6846504211426
35080010,Pluviométrica,Convencional,Boyacá,Zetaquirá,5.283,-73.1693,1720,6/15/1957,,Andes,Orinoco,Meta,Río Lengupá,1.57818186283112,1.9163635969162,2,2,0.829710125923157,0.960144937038422,1,1,1.04999995231628,2006,06,36,139,139,145.949993371964,0,36.6247749328613,2006-06-01,53.2171287536621,85.453742980957,108.258773803711
35080010,Pluviométrica,Convencional,Boyacá,Zetaquirá,5.283,-73.1693,1720,6/15/1957,,Andes,Orinoco,Meta,Río Lengupá,1.57818186283112,1.9163635969162,2,2,0.829710125923157,0.960144937038422,1,1,1.03999996185303,2006,07,37,55.5,55.5,57.719997882843,0,24.8615112304688,2006-07-01,30.5331497192383,44.5874557495117,53.0831909179688
35080010,Pluviométrica,Convencional,Boyacá,Zetaquirá,5.283,-73.1693,1720,6/15/1957,,Andes,Orinoco,Meta,Río Lengupá,1.57818186283112,1.9163635969162,2,2,0.829710125923157,0.960144937038422,1,1,1.03999996185303,2006,07,38,35,35,36.399998664856,0,14.0023908615112,2006-07-01,8.10373115539551,19.6493473052979,16.2758865356445
35080010,Pluviométrica,Convencional,Boyacá,Zetaquirá,5.283,-73.1693,1720,6/15/1957,,Andes,Orinoco,Meta,Río Lengupá,1.57818186283112,1.9163635969162,2,2,0.829710125923157,0.960144937038422,1,1,1.03999996185303,2006,07,39,76.3,76.3,79.351997089386,0,59.5901679992676,2006-07-01,79.8503189086914,72.7734222412109,68.5195465087891
35080010,Pluviométrica,Convencional,Boyacá,Zetaquirá,5.283,-73.1693,1720,6/15/1957,,Andes,Orinoco,Meta,Río Lengupá,1.57818186283112,1.9163635969162,2,2,0.829710125923157,0.960144937038422,1,1,1.03999996185303,2006,07,40,33.9,33.9,35.2559987068176,0,26.3900203704834,2006-07-01,26.5998153686523,29.4500503540039,25.3934345245361
35080010,Pluviométrica,Convencional,Boyacá,Zetaquirá,5.283,-73.1693,1720,6/15/1957,,Andes,Orinoco,Meta,Río Lengupá,1.57818186283112,1.9163635969162,2,2,0.829710125923157,0.960144937038422,1,1,1.03999996185303,2006,07,41,8.1,8.1,8.42399969100952,0,17.1620063781738,2006-07-01,13.0455760955811,17.096794128418,16.8664093017578
35080010,Pluviométrica,Convencional,Boyacá,Zetaquirá,5.283,-73.1693,1720,6/15/1957,,Andes,Orinoco,Meta,Río Lengupá,1.57818186283112,1.9163635969162,2,2,0.829710125923157,0.960144937038422,1,1,1.03999996185303,2006,07,42,48.3,48.3,50.2319981575012,0,101.08211517334,2006-07-01,119.402809143066,66.2102813720703,64.3685989379883
35080010,Pluviométrica,Convencional,Boyacá,Zetaquirá,5.283,-73.1693,1720,6/15/1957,,Andes,Orinoco,Meta,Río Lengupá,1.57818186283112,1.9163635969162,2,2,0.829710125923157,0.960144937038422,1,1,1.05999994277954,2006,08,43,9.7,9.7,10.2819994449615,0,36.5385627746582,2006-08-01,50.8562622070313,34.2641067504883,38.4073600769043
35080010,Pluviométrica,Convencional,Boyacá,Zetaquirá,5.283,-73.1693,1720,6/15/1957,,Andes,Orinoco,Meta,Río Lengupá,1.57818186283112,1.9163635969162,2,2,0.829710125923157,0.960144937038422,1,1,1.05999994277954,2006,08,44,44.6,44.6,47.2759974479675,0,43.6982688903809,2006-08-01,58.4475402832031,44.0627899169922,60.3596992492676
35080010,Pluviométrica,Convencional,Boyacá,Zetaquirá,5.283,-73.1693,1720,6/15/1957,,Andes,Orinoco,Meta,Río Lengupá,1.57818186283112,1.9163635969162,2,2,0.829710125923157,0.960144937038422,1,1,1.05999994277954,2006,08,45,52.4,52.4,55.543997001648,0,29.8532848358154,2006-08-01,35.4849433898926,37.343692779541,36.211311340332
35080010,Pluviométrica,Convencional,Boyacá,Zetaquirá,5.283,-73.1693,1720,6/15/1957,,Andes,Orinoco,Meta,Río Lengupá,1.57818186283112,1.9163635969162,2,2,0.829710125923157,0.960144937038422,1,1,1.05999994277954,2006,08,46,16.2,16.2,17.1719990730286,0,45.2153930664063,2006-08-01,59.1088027954102,44.0609397888184,51.5704383850098
35080010,Pluviométrica,Convencional,Boyacá,Zetaquirá,5.283,-73.1693,1720,6/15/1957,,Andes,Orinoco,Meta,Río Lengupá,1.57818186283112,1.9163635969162,2,2,0.829710125923157,0.960144937038422,1,1,1.05999994277954,2006,08,47,20.2,20.2,21.4119988441467,0,22.6387939453125,2006-08-01,19.4192848205566,23.9764652252197,20.4124374389648
35080010,Pluviométrica,Convencional,Boyacá,Zetaquirá,5.283,-73.1693,1720,6/15/1957,,Andes,Orinoco,Meta,Río Lengupá,1.57818186283112,1.9163635969162,2,2,0.829710125923157,0.960144937038422,1,1,1.05999994277954,2006,08,48,34.4,34.4,36.4639980316162,0,44.7667503356934,2006-08-01,40.6567611694336,30.8180198669434,29.1742553710938
35080010,Pluviométrica,Convencional,Boyacá,Zetaquirá,5.283,-73.1693,1720,6/15/1957,,Andes,Orinoco,Meta,Río Lengupá,1.57818186283112,1.9163635969162,2,2,0.829710125923157,0.960144937038422,1,1,1.05999994277954,2006,09,49,23.5,23.5,24.9099986553192,0,21.7662792205811,2006-09-01,37.9326591491699,18.9839630126953,24.9643287658691
35080010,Pluviométrica,Convencional,Boyacá,Zetaquirá,5.283,-73.1693,1720,6/15/1957,,Andes,Orinoco,Meta,Río Lengupá,1.57818186283112,1.9163635969162,2,2,0.829710125923157,0.960144937038422,1,1,1.05999994277954,2006,09,50,3.3,3.3,3.49799981117249,0,11.6875848770142,2006-09-01,11.6516704559326,16.3901882171631,21.480598449707
35080010,Pluviométrica,Convencional,Boyacá,Zetaquirá,5.283,-73.1693,1720,6/15/1957,,Andes,Orinoco,Meta,Río Lengupá,1.57818186283112,1.9163635969162,2,2,0.829710125923157,0.960144937038422,1,1,1.05999994277954,2006,09,51,20.3,20.3,21.5179988384247,0,22.2883129119873,2006-09-01,29.1984596252441,16.679126739502,18.220817565918
35080010,Pluviométrica,Convencional,Boyacá,Zetaquirá,5.283,-73.1693,1720,6/15/1957,,Andes,Orinoco,Meta,Río Lengupá,1.57818186283112,1.9163635969162,2,2,0.829710125923157,0.960144937038422,1,1,1.05999994277954,2006,09,52,14.8,14.8,15.6879991531372,0,10.6994361877441,2006-09-01,6.90139102935791,16.1673641204834,12.9037399291992
35080010,Pluviométrica,Convencional,Boyacá,Zetaquirá,5.283,-73.1693,1720,6/15/1957,,Andes,Orinoco,Meta,Río Lengupá,1.57818186283112,1.9163635969162,2,2,0.829710125923157,0.960144937038422,1,1,1.05999994277954,2006,09,53,7,7,7.41999959945679,0,26.251428604126,2006-09-01,36.0873222351074,22.7588272094727,23.4999961853027
35080010,Pluviométrica,Convencional,Boyacá,Zetaquirá,5.283,-73.1693,1720,6/15/1957,,Andes,Orinoco,Meta,Río Lengupá,1.57818186283112,1.9163635969162,2,2,0.829710125923157,0.960144937038422,1,1,1.05999994277954,2006,09,54,9.4,9.4,9.96399946212769,0,11.8414373397827,2006-09-01,12.3938417434692,12.089506149292,15.1611814498901
35080010,Pluviométrica,Convencional,Boyacá,Zetaquirá,5.283,-73.1693,1720,6/15/1957,,Andes,Orinoco,Meta,Río Lengupá,1.57818186283112,1.9163635969162,2,2,0.829710125923157,0.960144937038422,1,1,1.04999995231628,2006,10,55,25.3,25.3,26.564998793602,0,18.841869354248,2006-10-01,18.1737289428711,23.3672256469727,24.7541770935059
35080010,Pluviométrica,Convencional,Boyacá,Zetaquirá,5.283,-73.1693,1720,6/15/1957,,Andes,Orinoco,Meta,Río Lengupá,1.57818186283112,1.9163635969162,2,2,0.829710125923157,0.960144937038422,1,1,1.04999995231628,2006,10,56,5.4,5.4,5.66999974250794,0,12.9064292907715,2006-10-01,3.16756534576416,13.0494937896729,8.584153175354
35080010,Pluviométrica,Convencional,Boyacá,Zetaquirá,5.283,-73.1693,1720,6/15/1957,,Andes,Orinoco,Meta,Río Lengupá,1.57818186283112,1.9163635969162,2,2,0.829710125923157,0.960144937038422,1,1,1.04999995231628,2006,10,57,41.1,41.1,43.1549980401993,0,26.1752338409424,2006-10-01,36.9756469726563,35.3950653076172,52.558895111084
35080010,Pluviométrica,Convencional,Boyacá,Zetaquirá,5.283,-73.1693,1720,6/15/1957,,Andes,Orinoco,Meta,Río Lengupá,1.57818186283112,1.9163635969162,2,2,0.829710125923157,0.960144937038422,1,1,1.04999995231628,2006,10,58,54.7,54.7,57.4349973917008,0,27.5251789093018,2006-10-01,38.8045196533203,39.0807647705078,56.1722717285156
35080010,Pluviométrica,Convencional,Boyacá,Zetaquirá,5.283,-73.1693,1720,6/15/1957,,Andes,Orinoco,Meta,Río Lengupá,1.57818186283112,1.9163635969162,2,2,0.829710125923157,0.960144937038422,1,1,1.04999995231628,2006,10,59,42,42,44.0999979972839,0,21.9410934448242,2006-10-01,25.5851936340332,28.8173027038574,39.0408668518066
35080010,Pluviométrica,Convencional,Boyacá,Zetaquirá,5.283,-73.1693,1720,6/15/1957,,Andes,Orinoco,Meta,Río Lengupá,1.57818186283112,1.9163635969162,2,2,0.829710125923157,0.960144937038422,1,1,1.04999995231628,2006,10,60,58.1,58.1,61.0049972295761,0,18.673885345459,2006-10-01,10.3200874328613,25.1326770782471,23.5530471801758
35080010,Pluviométrica,Convencional,Boyacá,Zetaquirá,5.283,-73.1693,1720,6/15/1957,,Andes,Orinoco,Meta,Río Lengupá,1.57818186283112,1.9163635969162,2,2,0.829710125923157,0.960144937038422,1,1,1.04999995231628,2006,11,61,3.2,3.2,3.35999984741211,0,5.55715703964233,2006-11-01,0.869544744491577,6.20885753631592,2.43986940383911
35080010,Pluviométrica,Convencional,Boyacá,Zetaquirá,5.283,-73.1693,1720,6/15/1957,,Andes,Orinoco,Meta,Río Lengupá,1.57818186283112,1.9163635969162,2,2,0.829710125923157,0.960144937038422,1,1,1.04999995231628,2006,11,62,61.1,61.1,64.154997086525,0,10.4381561279297,2006-11-01,11.3399152755737,21.6408443450928,33.4009971618652
35080010,Pluviométrica,Convencional,Boyacá,Zetaquirá,5.283,-73.1693,1720,6/15/1957,,Andes,Orinoco,Meta,Río Lengupá,1.57818186283112,1.9163635969162,2,2,0.829710125923157,0.960144937038422,1,1,1.04999995231628,2006,11,63,62,62,65.0999970436096,0,25.449089050293,2006-11-01,45.6896286010742,47.6014747619629,73.4755096435547
35080010,Pluviométrica,Convencional,Boyacá,Zetaquirá,5.283,-73.1693,1720,6/15/1957,,Andes,Orinoco,Meta,Río Lengupá,1.57818186283112,1.9163635969162,2,2,0.829710125923157,0.960144937038422,1,1,1.04999995231628,2006,11,64,35.1,35.1,36.8549983263016,0,15.2331476211548,2006-11-01,21.7488079071045,21.1350746154785,41.1579742431641
35080010,Pluviométrica,Convencional,Boyacá,Zetaquirá,5.283,-73.1693,1720,6/15/1957,,Andes,Orinoco,Meta,Río Lengupá,1.57818186283112,1.9163635969162,2,2,0.829710125923157,0.960144937038422,1,1,1.04999995231628,2006,11,65,18,18,18.8999991416931,0,10.0410690307617,2006-11-01,12.3870449066162,10.833309173584,14.3490085601807
35080010,Pluviométrica,Convencional,Boyacá,Zetaquirá,5.283,-73.1693,1720,6/15/1957,,Andes,Orinoco,Meta,Río Lengupá,1.57818186283112,1.9163635969162,2,2,0.829710125923157,0.960144937038422,1,1,1.04999995231628,2006,11,66,31.9,31.9,33.4949984788895,0,7.68009805679321,2006-11-01,7.54014444351196,9.58213996887207,13.2847700119019
35080010,Pluviométrica,Convencional,Boyacá,Zetaquirá,5.283,-73.1693,1720,6/15/1957,,Andes,Orinoco,Meta,Río Lengupá,1.57818186283112,1.9163635969162,2,2,0.829710125923157,0.960144937038422,1,1,1.07000005245209,2006,12,67,12.7,12.7,13.5890006661415,0,4.11704111099243,2006-12-01,6.24832916259766,7.43339824676514,12.1985816955566
35080010,Pluviométrica,Convencional,Boyacá,Zetaquirá,5.283,-73.1693,1720,6/15/1957,,Andes,Orinoco,Meta,Río Lengupá,1.57818186283112,1.9163635969162,2,2,0.829710125923157,0.960144937038422,1,1,1.07000005245209,2006,12,68,7.7,7.7,8.23900040388107,0,4.76015615463257,2006-12-01,7.85927295684815,8.15010929107666,13.2815723419189
35080010,Pluviométrica,Convencional,Boyacá,Zetaquirá,5.283,-73.1693,1720,6/15/1957,,Andes,Orinoco,Meta,Río Lengupá,1.57818186283112,1.9163635969162,2,2,0.829710125923157,0.960144937038422,1,1,1.07000005245209,2006,12,69,64.6,64.6,69.1220033884049,0,11.5891304016113,2006-12-01,36.0421180725098,12.286919593811,28.3154735565186
35080010,Pluviométrica,Convencional,Boyacá,Zetaquirá,5.283,-73.1693,1720,6/15/1957,,Andes,Orinoco,Meta,Río Lengupá,1.57818186283112,1.9163635969162,2,2,0.829710125923157,0.960144937038422,1,1,1.07000005245209,2006,12,70,11.5,11.5,12.305000603199,0,3.1983106136322,2006-12-01,2.25644111633301,3.69054937362671,3.30162787437439
35080010,Pluviométrica,Convencional,Boyacá,Zetaquirá,5.283,-73.1693,1720,6/15/1957,,Andes,Orinoco,Meta,Río Lengupá,1.57818186283112,1.9163635969162,2,2,0.829710125923157,0.960144937038422,1,1,1.07000005245209,2006,12,71,22.5,22.5,24.075001180172,0,3.75346255302429,2006-12-01,2.37028241157532,3.99754166603088,4.50448131561279
35080010,Pluviométrica,Convencional,Boyacá,Zetaquirá,5.283,-73.1693,1720,6/15/1957,,Andes,Orinoco,Meta,Río Lengupá,1.57818186283112,1.9163635969162,2,2,0.829710125923157,0.960144937038422,1,1,1.07000005245209,2006,12,72,0,0,0,0,8.40600395202637,2006-12-01,8.0631046295166,6.41328954696655,6.96306848526001
35080010,Pluviométrica,Convencional,Boyacá,Zetaquirá,5.283,-73.1693,1720,6/15/1957,,Andes,Orinoco,Meta,Río Lengupá,1.57818186283112,1.9163635969162,2,2,0.829710125923157,0.960144937038422,1,1,1.07000005245209,2007,01,1,2.2,2.2,2.35400011539459,0,4.90162229537964,2007-01-01,4.45475959777832,3.98318982124329,5.77444219589233
35080010,Pluviométrica,Convencional,Boyacá,Zetaquirá,5.283,-73.1693,1720,6/15/1957,,Andes,Orinoco,Meta,Río Lengupá,1.57818186283112,1.9163635969162,2,2,0.829710125923157,0.960144937038422,1,1,1.07000005245209,2007,01,2,0.5,0.5,0.535000026226044,0,5.92981910705566,2007-01-01,2.34820914268494,4.01466655731201,2.42752242088318
35080010,Pluviométrica,Convencional,Boyacá,Zetaquirá,5.283,-73.1693,1720,6/15/1957,,Andes,Orinoco,Meta,Río Lengupá,1.57818186283112,1.9163635969162,2,2,0.829710125923157,0.960144937038422,1,1,1.07000005245209,2007,01,3,0,0,0,0,6.42745304107666,2007-01-01,2.33185815811157,6.0781102180481,3.56698298454285
35080010,Pluviométrica,Convencional,Boyacá,Zetaquirá,5.283,-73.1693,1720,6/15/1957,,Andes,Orinoco,Meta,Río Lengupá,1.57818186283112,1.9163635969162,2,2,0.829710125923157,0.960144937038422,1,1,1.07000005245209,2007,01,4,2.7,2.7,2.88900014162064,0,6.38524150848389,2007-01-01,2.45718812942505,5.25397682189941,3.41968417167664
35080010,Pluviométrica,Convencional,Boyacá,Zetaquirá,5.283,-73.1693,1720,6/15/1957,,Andes,Orinoco,Meta,Río Lengupá,1.57818186283112,1.9163635969162,2,2,0.829710125923157,0.960144937038422,1,1,1.07000005245209,2007,01,5,0,0,0,0,5.83617258071899,2007-01-01,1.64468801021576,3.91258811950684,2.07677054405212
35080010,Pluviométrica,Convencional,Boyacá,Zetaquirá,5.283,-73.1693,1720,6/15/1957,,Andes,Orinoco,Meta,Río Lengupá,1.57818186283112,1.9163635969162,2,2,0.829710125923157,0.960144937038422,1,1,1.07000005245209,2007,01,6,0,0,0,0,7.16512298583984,2007-01-01,0.691168010234833,3.84616184234619,0.646764218807221
35080010,Pluviométrica,Convencional,Boyacá,Zetaquirá,5.283,-73.1693,1720,6/15/1957,,Andes,Orinoco,Meta,Río Lengupá,1.57818186283112,1.9163635969162,2,2,0.829710125923157,0.960144937038422,1,1,1.08000004291534,2007,02,7,0,0,0,0,5.34195804595947,2007-02-01,0.972969055175781,3.13203382492065,0.744439721107483
35080010,Pluviométrica,Convencional,Boyacá,Zetaquirá,5.283,-73.1693,1720,6/15/1957,,Andes,Orinoco,Meta,Río Lengupá,1.57818186283112,1.9163635969162,2,2,0.829710125923157,0.960144937038422,1,1,1.08000004291534,2007,02,8,0,0,0,1,4.9555082321167,2007-02-01,1.62601017951965,3.5003924369812,1.32998633384705
35080010,Pluviométrica,Convencional,Boyacá,Zetaquirá,5.283,-73.1693,1720,6/15/1957,,Andes,Orinoco,Meta,Río Lengupá,1.57818186283112,1.9163635969162,2,2,0.829710125923157,0.960144937038422,1,1,1.08000004291534,2007,02,9,4.9,4.9,5.29200021028519,0,4.87007904052734,2007-02-01,1.00317966938019,3.66082763671875,1.23904144763947
35080010,Pluviométrica,Convencional,Boyacá,Zetaquirá,5.283,-73.1693,1720,6/15/1957,,Andes,Orinoco,Meta,Río Lengupá,1.57818186283112,1.9163635969162,2,2,0.829710125923157,0.960144937038422,1,1,1.08000004291534,2007,02,10,0,0,0,0,4.88569498062134,2007-02-01,0.486874550580978,3.45778512954712,0.483698517084122
35080010,Pluviométrica,Convencional,Boyacá,Zetaquirá,5.283,-73.1693,1720,6/15/1957,,Andes,Orinoco,Meta,Río Lengupá,1.57818186283112,1.9163635969162,2,2,0.829710125923157,0.960144937038422,1,1,1.08000004291534,2007,02,11,7.8,7.8,8.42400033473968,0,7.41905641555786,2007-02-01,9.84792232513428,13.0309686660767,16.0031719207764
35080010,Pluviométrica,Convencional,Boyacá,Zetaquirá,5.283,-73.1693,1720,6/15/1957,,Andes,Orinoco,Meta,Río Lengupá,1.57818186283112,1.9163635969162,2,2,0.829710125923157,0.960144937038422,1,1,1.08000004291534,2007,02,12,1.6,1.6,1.72800006866455,0,2.88377976417542,2007-02-01,3.12892723083496,3.0076630115509,2.3384256362915
35080010,Pluviométrica,Convencional,Boyacá,Zetaquirá,5.283,-73.1693,1720,6/15/1957,,Andes,Orinoco,Meta,Río Lengupá,1.57818186283112,1.9163635969162,2,2,0.829710125923157,0.960144937038422,1,1,1.08000004291534,2007,03,13,0,0,0,0,4.20294141769409,2007-03-01,0.156695231795311,2.87101674079895,0.20041711628437
35080010,Pluviométrica,Convencional,Boyacá,Zetaquirá,5.283,-73.1693,1720,6/15/1957,,Andes,Orinoco,Meta,Río Lengupá,1.57818186283112,1.9163635969162,2,2,0.829710125923157,0.960144937038422,1,1,1.08000004291534,2007,03,14,0.8,0.8,0.864000034332275,0,6.75155162811279,2007-03-01,4.12419891357422,6.88654947280884,7.40884447097778
35080010,Pluviométrica,Convencional,Boyacá,Zetaquirá,5.283,-73.1693,1720,6/15/1957,,Andes,Orinoco,Meta,Río Lengupá,1.57818186283112,1.9163635969162,2,2,0.829710125923157,0.960144937038422,1,1,1.08000004291534,2007,03,15,1.2,1.2,1.29600005149841,0,4.80729055404663,2007-03-01,0.545682787895203,3.75359106063843,0.797566652297974
35080010,Pluviométrica,Convencional,Boyacá,Zetaquirá,5.283,-73.1693,1720,6/15/1957,,Andes,Orinoco,Meta,Río Lengupá,1.57818186283112,1.9163635969162,2,2,0.829710125923157,0.960144937038422,1,1,1.08000004291534,2007,03,16,0,0,0,0,7.47066831588745,2007-03-01,4.80374002456665,4.23640394210815,3.79688024520874
35080010,Pluviométrica,Convencional,Boyacá,Zetaquirá,5.283,-73.1693,1720,6/15/1957,,Andes,Orinoco,Meta,Río Lengupá,1.57818186283112,1.9163635969162,2,2,0.829710125923157,0.960144937038422,1,1,1.08000004291534,2007,03,17,33,33,35.6400014162064,0,20.5816192626953,2007-03-01,32.9740180969238,22.1507816314697,26.1072883605957
35080010,Pluviométrica,Convencional,Boyacá,Zetaquirá,5.283,-73.1693,1720,6/15/1957,,Andes,Orinoco,Meta,Río Lengupá,1.57818186283112,1.9163635969162,2,2,0.829710125923157,0.960144937038422,1,1,1.08000004291534,2007,03,18,36,36,38.8800015449524,0,15.9173984527588,2007-03-01,15.5880336761475,31.3335952758789,32.8386154174805
35080010,Pluviométrica,Convencional,Boyacá,Zetaquirá,5.283,-73.1693,1720,6/15/1957,,Andes,Orinoco,Meta,Río Lengupá,1.57818186283112,1.9163635969162,2,2,0.829710125923157,0.960144937038422,1,1,1.05999994277954,2007,04,19,35.9,35.9,38.0539979457855,0,23.5383472442627,2007-04-01,30.998649597168,37.2835960388184,50.3616638183594
35080010,Pluviométrica,Convencional,Boyacá,Zetaquirá,5.283,-73.1693,1720,6/15/1957,,Andes,Orinoco,Meta,Río Lengupá,1.57818186283112,1.9163635969162,2,2,0.829710125923157,0.960144937038422,1,1,1.05999994277954,2007,04,20,41.8,41.8,44.3079976081848,0,27.7766189575195,2007-04-01,32.8656196594238,31.1487617492676,36.9589576721191
35080010,Pluviométrica,Convencional,Boyacá,Zetaquirá,5.283,-73.1693,1720,6/15/1957,,Andes,Orinoco,Meta,Río Lengupá,1.57818186283112,1.9163635969162,2,2,0.829710125923157,0.960144937038422,1,1,1.05999994277954,2007,04,21,9.9,9.9,10.4939994335175,0,17.5302181243897,2007-04-01,15.4564180374146,10.4381904602051,9.6528148651123
35080010,Pluviométrica,Convencional,Boyacá,Zetaquirá,5.283,-73.1693,1720,6/15/1957,,Andes,Orinoco,Meta,Río Lengupá,1.57818186283112,1.9163635969162,2,2,0.829710125923157,0.960144937038422,1,1,1.05999994277954,2007,04,22,72.6,72.6,76.9559958457947,0,13.8337888717651,2007-04-01,11.9120273590088,23.8862380981445,29.3245716094971
35080010,Pluviométrica,Convencional,Boyacá,Zetaquirá,5.283,-73.1693,1720,6/15/1957,,Andes,Orinoco,Meta,Río Lengupá,1.57818186283112,1.9163635969162,2,2,0.829710125923157,0.960144937038422,1,1,1.05999994277954,2007,04,23,14.6,14.6,15.4759991645813,0,12.0778665542603,2007-04-01,8.79417419433594,13.4483404159546,16.8781566619873
35080010,Pluviométrica,Convencional,Boyacá,Zetaquirá,5.283,-73.1693,1720,6/15/1957,,Andes,Orinoco,Meta,Río Lengupá,1.57818186283112,1.9163635969162,2,2,0.829710125923157,0.960144937038422,1,1,1.05999994277954,2007,04,24,4.5,4.5,4.76999974250794,0,13.718897819519,2007-04-01,11.7105178833008,16.2915019989014,16.5049648284912
35080010,Pluviométrica,Convencional,Boyacá,Zetaquirá,5.283,-73.1693,1720,6/15/1957,,Andes,Orinoco,Meta,Río Lengupá,1.57818186283112,1.9163635969162,2,2,0.829710125923157,0.960144937038422,1,1,1.04999995231628,2007,05,25,38.7,38.7,40.6349981546402,0,16.560718536377,2007-05-01,16.5241260528564,29.7321929931641,35.1512451171875
35080010,Pluviométrica,Convencional,Boyacá,Zetaquirá,5.283,-73.1693,1720,6/15/1957,,Andes,Orinoco,Meta,Río Lengupá,1.57818186283112,1.9163635969162,2,2,0.829710125923157,0.960144937038422,1,1,1.04999995231628,2007,05,26,47.1,47.1,49.454997754097,0,35.5021286010742,2007-05-01,61.8876152038574,37.2089996337891,53.8407020568848
35080010,Pluviométrica,Convencional,Boyacá,Zetaquirá,5.283,-73.1693,1720,6/15/1957,,Andes,Orinoco,Meta,Río Lengupá,1.57818186283112,1.9163635969162,2,2,0.829710125923157,0.960144937038422,1,1,1.04999995231628,2007,05,27,22.5,22.5,23.6249989271164,0,10.0657243728638,2007-05-01,6.38986587524414,14.2319412231445,17.5178298950195
35080010,Pluviométrica,Convencional,Boyacá,Zetaquirá,5.283,-73.1693,1720,6/15/1957,,Andes,Orinoco,Meta,Río Lengupá,1.57818186283112,1.9163635969162,2,2,0.829710125923157,0.960144937038422,1,1,1.04999995231628,2007,05,28,21.8,21.8,22.889998960495,0,27.9995002746582,2007-05-01,47.0006828308106,32.3333969116211,40.5638847351074
35080010,Pluviométrica,Convencional,Boyacá,Zetaquirá,5.283,-73.1693,1720,6/15/1957,,Andes,Orinoco,Meta,Río Lengupá,1.57818186283112,1.9163635969162,2,2,0.829710125923157,0.960144937038422,1,1,1.04999995231628,2007,05,29,36.1,36.1,37.9049982786179,0,23.3140277862549,2007-05-01,39.6955490112305,24.753288269043,33.3253479003906
35080010,Pluviométrica,Convencional,Boyacá,Zetaquirá,5.283,-73.1693,1720,6/15/1957,,Andes,Orinoco,Meta,Río Lengupá,1.57818186283112,1.9163635969162,2,2,0.829710125923157,0.960144937038422,1,1,1.04999995231628,2007,05,30,53.8,53.8,56.4899974346161,0,53.0939750671387,2007-05-01,81.796501159668,45.2702980041504,62.2051086425781
35080010,Pluviométrica,Convencional,Boyacá,Zetaquirá,5.283,-73.1693,1720,6/15/1957,,Andes,Orinoco,Meta,Río Lengupá,1.57818186283112,1.9163635969162,2,2,0.829710125923157,0.960144937038422,1,1,1.04999995231628,2007,06,31,42.8,42.8,44.939997959137,0,26.5543632507324,2007-06-01,28.6560707092285,40.7004318237305,58.5539131164551
35080010,Pluviométrica,Convencional,Boyacá,Zetaquirá,5.283,-73.1693,1720,6/15/1957,,Andes,Orinoco,Meta,Río Lengupá,1.57818186283112,1.9163635969162,2,2,0.829710125923157,0.960144937038422,1,1,1.04999995231628,2007,06,32,11.9,11.9,12.4949994325638,0,15.4682416915894,2007-06-01,7.18197345733643,27.3812046051025,19.4764804840088
35080010,Pluviométrica,Convencional,Boyacá,Zetaquirá,5.283,-73.1693,1720,6/15/1957,,Andes,Orinoco,Meta,Río Lengupá,1.57818186283112,1.9163635969162,2,2,0.829710125923157,0.960144937038422,1,1,1.04999995231628,2007,06,33,19.9,19.9,20.8949990510941,0,13.7529592514038,2007-06-01,7.17564916610718,22.2828178405762,22.7703723907471
35080010,Pluviométrica,Convencional,Boyacá,Zetaquirá,5.283,-73.1693,1720,6/15/1957,,Andes,Orinoco,Meta,Río Lengupá,1.57818186283112,1.9163635969162,2,2,0.829710125923157,0.960144937038422,1,1,1.04999995231628,2007,06,34,24.9,24.9,26.1449988126755,0,25.1492195129395,2007-06-01,33.1874923706055,29.6139430999756,36.4913139343262
35080010,Pluviométrica,Convencional,Boyacá,Zetaquirá,5.283,-73.1693,1720,6/15/1957,,Andes,Orinoco,Meta,Río Lengupá,1.57818186283112,1.9163635969162,2,2,0.829710125923157,0.960144937038422,1,1,1.04999995231628,2007,06,35,68.8,68.8,72.2399967193604,0,18.0445785522461,2007-06-01,16.0535984039307,42.5088729858398,49.1894950866699
35080010,Pluviométrica,Convencional,Boyacá,Zetaquirá,5.283,-73.1693,1720,6/15/1957,,Andes,Orinoco,Meta,Río Lengupá,1.57818186283112,1.9163635969162,2,2,0.829710125923157,0.960144937038422,1,1,1.04999995231628,2007,06,36,74,74,77.699996471405,0,14.9048328399658,2007-06-01,8.23607444763184,35.519660949707,32.9472007751465
35080010,Pluviométrica,Convencional,Boyacá,Zetaquirá,5.283,-73.1693,1720,6/15/1957,,Andes,Orinoco,Meta,Río Lengupá,1.57818186283112,1.9163635969162,2,2,0.829710125923157,0.960144937038422,1,1,1.03999996185303,2007,07,37,51.1,51.1,53.1439980506897,0,18.8915920257568,2007-07-01,17.590892791748,31.0120830535889,34.3311386108398
35080010,Pluviométrica,Convencional,Boyacá,Zetaquirá,5.283,-73.1693,1720,6/15/1957,,Andes,Orinoco,Meta,Río Lengupá,1.57818186283112,1.9163635969162,2,2,0.829710125923157,0.960144937038422,1,1,1.03999996185303,2007,07,38,30.5,30.5,31.7199988365173,0,44.3183937072754,2007-07-01,59.3076820373535,43.6746788024902,43.8819046020508
35080010,Pluviométrica,Convencional,Boyacá,Zetaquirá,5.283,-73.1693,1720,6/15/1957,,Andes,Orinoco,Meta,Río Lengupá,1.57818186283112,1.9163635969162,2,2,0.829710125923157,0.960144937038422,1,1,1.03999996185303,2007,07,39,13,13,13.5199995040894,0,21.3529796600342,2007-07-01,16.4470138549805,22.4586963653564,21.7270736694336
35080010,Pluviométrica,Convencional,Boyacá,Zetaquirá,5.283,-73.1693,1720,6/15/1957,,Andes,Orinoco,Meta,Río Lengupá,1.57818186283112,1.9163635969162,2,2,0.829710125923157,0.960144937038422,1,1,1.03999996185303,2007,07,40,11.6,11.6,12.0639995574951,0,28.6861228942871,2007-07-01,30.1514949798584,24.9566860198975,28.8341197967529
35080010,Pluviométrica,Convencional,Boyacá,Zetaquirá,5.283,-73.1693,1720,6/15/1957,,Andes,Orinoco,Meta,Río Lengupá,1.57818186283112,1.9163635969162,2,2,0.829710125923157,0.960144937038422,1,1,1.03999996185303,2007,07,41,21.6,21.6,22.4639991760254,0,85.8705596923828,2007-07-01,120.561569213867,51.0993270874024,54.3362312316895
35080010,Pluviométrica,Convencional,Boyacá,Zetaquirá,5.283,-73.1693,1720,6/15/1957,,Andes,Orinoco,Meta,Río Lengupá,1.57818186283112,1.9163635969162,2,2,0.829710125923157,0.960144937038422,1,1,1.03999996185303,2007,07,42,30,30,31.1999988555908,0,35.625171661377,2007-07-01,31.0322895050049,32.1713256835938,27.9603900909424
35080010,Pluviométrica,Convencional,Boyacá,Zetaquirá,5.283,-73.1693,1720,6/15/1957,,Andes,Orinoco,Meta,Río Lengupá,1.57818186283112,1.9163635969162,2,2,0.829710125923157,0.960144937038422,1,1,1.05999994277954,2007,08,43,47.3,47.3,50.1379972934723,0,26.6290016174316,2007-08-01,30.4103469848633,48.6588516235352,55.9320869445801
35080010,Pluviométrica,Convencional,Boyacá,Zetaquirá,5.283,-73.1693,1720,6/15/1957,,Andes,Orinoco,Meta,Río Lengupá,1.57818186283112,1.9163635969162,2,2,0.829710125923157,0.960144937038422,1,1,1.05999994277954,2007,08,44,34.8,34.8,36.887998008728,0,15.7296123504639,2007-08-01,4.50812482833862,32.4006690979004,16.9773616790772
35080010,Pluviométrica,Convencional,Boyacá,Zetaquirá,5.283,-73.1693,1720,6/15/1957,,Andes,Orinoco,Meta,Río Lengupá,1.57818186283112,1.9163635969162,2,2,0.829710125923157,0.960144937038422,1,1,1.05999994277954,2007,08,45,61.2,61.2,64.8719964981079,0,31.6134033203125,2007-08-01,35.9851379394531,42.8171081542969,47.410343170166
35080010,Pluviométrica,Convencional,Boyacá,Zetaquirá,5.283,-73.1693,1720,6/15/1957,,Andes,Orinoco,Meta,Río Lengupá,1.57818186283112,1.9163635969162,2,2,0.829710125923157,0.960144937038422,1,1,1.05999994277954,2007,08,46,55.1,55.1,58.4059968471527,0,19.1391105651855,2007-08-01,13.1230525970459,45.6823692321777,47.0315971374512
35080010,Pluviométrica,Convencional,Boyacá,Zetaquirá,5.283,-73.1693,1720,6/15/1957,,Andes,Orinoco,Meta,Río Lengupá,1.57818186283112,1.9163635969162,2,2,0.829710125923157,0.960144937038422,1,1,1.05999994277954,2007,08,47,41.8,41.8,44.3079976081848,0,17.0341014862061,2007-08-01,14.3648405075073,33.001350402832,38.8106231689453
35080010,Pluviométrica,Convencional,Boyacá,Zetaquirá,5.283,-73.1693,1720,6/15/1957,,Andes,Orinoco,Meta,Río Lengupá,1.57818186283112,1.9163635969162,2,2,0.829710125923157,0.960144937038422,1,1,1.05999994277954,2007,08,48,49,49,51.9399971961975,0,49.5179862976074,2007-08-01,47.5770721435547,61.6275253295899,57.4091835021973
35080010,Pluviométrica,Convencional,Boyacá,Zetaquirá,5.283,-73.1693,1720,6/15/1957,,Andes,Orinoco,Meta,Río Lengupá,1.57818186283112,1.9163635969162,2,2,0.829710125923157,0.960144937038422,1,1,1.05999994277954,2007,09,49,40.2,40.2,42.6119976997376,0,14.0345649719238,2007-09-01,16.5953979492188,31.2492790222168,39.6041793823242
35080010,Pluviométrica,Convencional,Boyacá,Zetaquirá,5.283,-73.1693,1720,6/15/1957,,Andes,Orinoco,Meta,Río Lengupá,1.57818186283112,1.9163635969162,2,2,0.829710125923157,0.960144937038422,1,1,1.05999994277954,2007,09,50,15.5,15.5,16.4299991130829,0,9.09448719024658,2007-09-01,6.31761932373047,16.5928936004639,14.2171754837036
35080010,Pluviométrica,Convencional,Boyacá,Zetaquirá,5.283,-73.1693,1720,6/15/1957,,Andes,Orinoco,Meta,Río Lengupá,1.57818186283112,1.9163635969162,2,2,0.829710125923157,0.960144937038422,1,1,1.05999994277954,2007,09,51,13.8,13.8,14.6279992103577,0,6.9045672416687,2007-09-01,0,14.8972005844116,0
35080010,Pluviométrica,Convencional,Boyacá,Zetaquirá,5.283,-73.1693,1720,6/15/1957,,Andes,Orinoco,Meta,Río Lengupá,1.57818186283112,1.9163635969162,2,2,0.829710125923157,0.960144937038422,1,1,1.05999994277954,2007,09,52,10,10,10.5999994277954,0,20.194881439209,2007-09-01,26.4597969055176,20.0146064758301,22.0900363922119
35080010,Pluviométrica,Convencional,Boyacá,Zetaquirá,5.283,-73.1693,1720,6/15/1957,,Andes,Orinoco,Meta,Río Lengupá,1.57818186283112,1.9163635969162,2,2,0.829710125923157,0.960144937038422,1,1,1.05999994277954,2007,09,53,42.5,42.5,45.0499975681305,0,11.9062604904175,2007-09-01,11.1954374313354,12.4743242263794,12.4826345443726
35080010,Pluviométrica,Convencional,Boyacá,Zetaquirá,5.283,-73.1693,1720,6/15/1957,,Andes,Orinoco,Meta,Río Lengupá,1.57818186283112,1.9163635969162,2,2,0.829710125923157,0.960144937038422,1,1,1.05999994277954,2007,09,54,24.3,24.3,25.7579986095429,0,8.75192165374756,2007-09-01,7.76529359817505,16.8884868621826,22.3152465820313
35080010,Pluviométrica,Convencional,Boyacá,Zetaquirá,5.283,-73.1693,1720,6/15/1957,,Andes,Orinoco,Meta,Río Lengupá,1.57818186283112,1.9163635969162,2,2,0.829710125923157,0.960144937038422,1,1,1.04999995231628,2007,10,55,5.5,5.5,5.77499973773956,0,29.5106334686279,2007-10-01,40.8388824462891,15.9204473495483,17.9351673126221
35080010,Pluviométrica,Convencional,Boyacá,Zetaquirá,5.283,-73.1693,1720,6/15/1957,,Andes,Orinoco,Meta,Río Lengupá,1.57818186283112,1.9163635969162,2,2,0.829710125923157,0.960144937038422,1,1,1.04999995231628,2007,10,56,47.5,47.5,49.8749977350235,0,24.031810760498,2007-10-01,31.3019104003906,34.9009857177734,50.8711128234863
35080010,Pluviométrica,Convencional,Boyacá,Zetaquirá,5.283,-73.1693,1720,6/15/1957,,Andes,Orinoco,Meta,Río Lengupá,1.57818186283112,1.9163635969162,2,2,0.829710125923157,0.960144937038422,1,1,1.04999995231628,2007,10,57,25.4,25.4,26.6699987888336,0,18.6356887817383,2007-10-01,19.2668170928955,23.8052234649658,26.3241271972656
35080010,Pluviométrica,Convencional,Boyacá,Zetaquirá,5.283,-73.1693,1720,6/15/1957,,Andes,Orinoco,Meta,Río Lengupá,1.57818186283112,1.9163635969162,2,2,0.829710125923157,0.960144937038422,1,1,1.04999995231628,2007,10,58,48.7,48.7,51.134997677803,0,28.9455890655518,2007-10-01,46.4467544555664,35.2305908203125,45.2698287963867
35080010,Pluviométrica,Convencional,Boyacá,Zetaquirá,5.283,-73.1693,1720,6/15/1957,,Andes,Orinoco,Meta,Río Lengupá,1.57818186283112,1.9163635969162,2,2,0.829710125923157,0.960144937038422,1,1,1.04999995231628,2007,10,59,9,9,9.44999957084656,0,23.2632846832275,2007-10-01,25.5851936340332,24.6465339660645,27.4852046966553
35080010,Pluviométrica,Convencional,Boyacá,Zetaquirá,5.283,-73.1693,1720,6/15/1957,,Andes,Orinoco,Meta,Río Lengupá,1.57818186283112,1.9163635969162,2,2,0.829710125923157,0.960144937038422,1,1,1.04999995231628,2007,10,60,19.8,19.8,20.7899990558624,0,22.480131149292,2007-10-01,15.8412609100342,37.7595443725586,44.0960311889648
35080010,Pluviométrica,Convencional,Boyacá,Zetaquirá,5.283,-73.1693,1720,6/15/1957,,Andes,Orinoco,Meta,Río Lengupá,1.57818186283112,1.9163635969162,2,2,0.829710125923157,0.960144937038422,1,1,1.04999995231628,2007,11,61,8.6,8.6,9.02999958992004,0,9.4001293182373,2007-11-01,11.1609420776367,17.199291229248,25.6768188476563
35080010,Pluviométrica,Convencional,Boyacá,Zetaquirá,5.283,-73.1693,1720,6/15/1957,,Andes,Orinoco,Meta,Río Lengupá,1.57818186283112,1.9163635969162,2,2,0.829710125923157,0.960144937038422,1,1,1.04999995231628,2007,11,62,23.4,23.4,24.5699988842011,0,7.93445253372192,2007-11-01,5.46423292160034,14.8021049499512,18.3292999267578
35080010,Pluviométrica,Convencional,Boyacá,Zetaquirá,5.283,-73.1693,1720,6/15/1957,,Andes,Orinoco,Meta,Río Lengupá,1.57818186283112,1.9163635969162,2,2,0.829710125923157,0.960144937038422,1,1,1.04999995231628,2007,11,63,51.7,51.7,54.2849975347519,0,9.41366100311279,2007-11-01,7.39378356933594,13.3592042922974,16.3212547302246
35080010,Pluviométrica,Convencional,Boyacá,Zetaquirá,5.283,-73.1693,1720,6/15/1957,,Andes,Orinoco,Meta,Río Lengupá,1.57818186283112,1.9163635969162,2,2,0.829710125923157,0.960144937038422,1,1,1.04999995231628,2007,11,64,33,33,34.6499984264374,0,7.84374523162842,2007-11-01,6.70761966705322,14.6574840545654,15.8535203933716
35080010,Pluviométrica,Convencional,Boyacá,Zetaquirá,5.283,-73.1693,1720,6/15/1957,,Andes,Orinoco,Meta,Río Lengupá,1.57818186283112,1.9163635969162,2,2,0.829710125923157,0.960144937038422,1,1,1.04999995231628,2007,11,65,20.2,20.2,21.2099990367889,0,5.93606805801392,2007-11-01,1.33493387699127,11.6228837966919,5.07299613952637
35080010,Pluviométrica,Convencional,Boyacá,Zetaquirá,5.283,-73.1693,1720,6/15/1957,,Andes,Orinoco,Meta,Río Lengupá,1.57818186283112,1.9163635969162,2,2,0.829710125923157,0.960144937038422,1,1,1.04999995231628,2007,11,66,0,0,0,0,5.70685195922852,2007-11-01,1.68513894081116,4.32906436920166,2.62489748001099
35080010,Pluviométrica,Convencional,Boyacá,Zetaquirá,5.283,-73.1693,1720,6/15/1957,,Andes,Orinoco,Meta,Río Lengupá,1.57818186283112,1.9163635969162,2,2,0.829710125923157,0.960144937038422,1,1,1.07000005245209,2007,12,67,0,0,0,0,5.99971961975098,2007-12-01,8.29227256774902,4.44990825653076,5.1958646774292
35080010,Pluviométrica,Convencional,Boyacá,Zetaquirá,5.283,-73.1693,1720,6/15/1957,,Andes,Orinoco,Meta,Río Lengupá,1.57818186283112,1.9163635969162,2,2,0.829710125923157,0.960144937038422,1,1,1.07000005245209,2007,12,68,26.2,26.2,28.0340013742447,0,4.76015615463257,2007-12-01,7.85927295684815,8.9525899887085,11.081563949585
35080010,Pluviométrica,Convencional,Boyacá,Zetaquirá,5.283,-73.1693,1720,6/15/1957,,Andes,Orinoco,Meta,Río Lengupá,1.57818186283112,1.9163635969162,2,2,0.829710125923157,0.960144937038422,1,1,1.07000005245209,2007,12,69,57.6,57.6,61.6320030212403,0,3.5725531578064,2007-12-01,5.34696960449219,7.33221673965454,13.0734434127808
35080010,Pluviométrica,Convencional,Boyacá,Zetaquirá,5.283,-73.1693,1720,6/15/1957,,Andes,Orinoco,Meta,Río Lengupá,1.57818186283112,1.9163635969162,2,2,0.829710125923157,0.960144937038422,1,1,1.07000005245209,2007,12,70,13.5,13.5,14.4450007081032,0,3.1983106136322,2007-12-01,6.69766187667847,7.97397565841675,19.5206699371338
35080010,Pluviométrica,Convencional,Boyacá,Zetaquirá,5.283,-73.1693,1720,6/15/1957,,Andes,Orinoco,Meta,Río Lengupá,1.57818186283112,1.9163635969162,2,2,0.829710125923157,0.960144937038422,1,1,1.07000005245209,2007,12,71,30.3,30.3,32.4210015892983,0,4.42849731445313,2007-12-01,4.60251712799072,10.6869258880615,13.8890991210938
35080010,Pluviométrica,Convencional,Boyacá,Zetaquirá,5.283,-73.1693,1720,6/15/1957,,Andes,Orinoco,Meta,Río Lengupá,1.57818186283112,1.9163635969162,2,2,0.829710125923157,0.960144937038422,1,1,1.07000005245209,2007,12,72,5.7,5.7,6.0990002989769,0,6.4164514541626,2007-12-01,3.41814112663269,11.4035749435425,6.92479419708252
35080010,Pluviométrica,Convencional,Boyacá,Zetaquirá,5.283,-73.1693,1720,6/15/1957,,Andes,Orinoco,Meta,Río Lengupá,1.57818186283112,1.9163635969162,2,2,0.829710125923157,0.960144937038422,1,1,1.07000005245209,2008,01,1,4.9,4.9,5.24300025701523,0,4.90162229537964,2008-01-01,4.45475959777832,4.70905780792236,5.9436845779419
35080010,Pluviométrica,Convencional,Boyacá,Zetaquirá,5.283,-73.1693,1720,6/15/1957,,Andes,Orinoco,Meta,Río Lengupá,1.57818186283112,1.9163635969162,2,2,0.829710125923157,0.960144937038422,1,1,1.07000005245209,2008,01,2,1.7,1.7,1.81900008916855,0,5.92981910705566,2008-01-01,2.34820914268494,11.269437789917,7.26011323928833
35080010,Pluviométrica,Convencional,Boyacá,Zetaquirá,5.283,-73.1693,1720,6/15/1957,,Andes,Orinoco,Meta,Río Lengupá,1.57818186283112,1.9163635969162,2,2,0.829710125923157,0.960144937038422,1,1,1.07000005245209,2008,01,3,20.1,20.1,21.507001054287,0,6.42745304107666,2008-01-01,2.33185815811157,13.1337947845459,8.49531269073486
35080010,Pluviométrica,Convencional,Boyacá,Zetaquirá,5.283,-73.1693,1720,6/15/1957,,Andes,Orinoco,Meta,Río Lengupá,1.57818186283112,1.9163635969162,2,2,0.829710125923157,0.960144937038422,1,1,1.07000005245209,2008,01,4,0,0,0,0,6.38524150848389,2008-01-01,2.45718812942505,7.66718435287476,3.65074253082275
35080010,Pluviométrica,Convencional,Boyacá,Zetaquirá,5.283,-73.1693,1720,6/15/1957,,Andes,Orinoco,Meta,Río Lengupá,1.57818186283112,1.9163635969162,2,2,0.829710125923157,0.960144937038422,1,1,1.07000005245209,2008,01,5,0,0,0,0,5.83617258071899,2008-01-01,1.64468801021576,4.29470491409302,1.53795301914215
35080010,Pluviométrica,Convencional,Boyacá,Zetaquirá,5.283,-73.1693,1720,6/15/1957,,Andes,Orinoco,Meta,Río Lengupá,1.57818186283112,1.9163635969162,2,2,0.829710125923157,0.960144937038422,1,1,1.07000005245209,2008,01,6,0,0,0,0,7.16512298583984,2008-01-01,0.691168010234833,4.33842897415161,0.646519184112549
35080010,Pluviométrica,Convencional,Boyacá,Zetaquirá,5.283,-73.1693,1720,6/15/1957,,Andes,Orinoco,Meta,Río Lengupá,1.57818186283112,1.9163635969162,2,2,0.829710125923157,0.960144937038422,1,1,1.08000004291534,2008,02,7,1,1,1.08000004291534,0,5.34195804595947,2008-02-01,0.972969055175781,3.62686824798584,1.26465845108032
35080010,Pluviométrica,Convencional,Boyacá,Zetaquirá,5.283,-73.1693,1720,6/15/1957,,Andes,Orinoco,Meta,Río Lengupá,1.57818186283112,1.9163635969162,2,2,0.829710125923157,0.960144937038422,1,1,1.08000004291534,2008,02,8,2,2,2.16000008583069,0,4.9555082321167,2008-02-01,1.62601017951965,5.68614482879639,2.84445452690125
35080010,Pluviométrica,Convencional,Boyacá,Zetaquirá,5.283,-73.1693,1720,6/15/1957,,Andes,Orinoco,Meta,Río Lengupá,1.57818186283112,1.9163635969162,2,2,0.829710125923157,0.960144937038422,1,1,1.08000004291534,2008,02,9,6.4,6.4,6.9120002746582,0,4.87007904052734,2008-02-01,1.00317966938019,5.42704010009766,2.18067860603333
35080010,Pluviométrica,Convencional,Boyacá,Zetaquirá,5.283,-73.1693,1720,6/15/1957,,Andes,Orinoco,Meta,Río Lengupá,1.57818186283112,1.9163635969162,2,2,0.829710125923157,0.960144937038422,1,1,1.08000004291534,2008,02,10,8.9,8.9,9.61200038194656,0,4.88569498062134,2008-02-01,0.486874550580978,8.82266139984131,1.88588297367096
35080010,Pluviométrica,Convencional,Boyacá,Zetaquirá,5.283,-73.1693,1720,6/15/1957,,Andes,Orinoco,Meta,Río Lengupá,1.57818186283112,1.9163635969162,2,2,0.829710125923157,0.960144937038422,1,1,1.08000004291534,2008,02,11,0.6,0.6,0.648000025749207,0,4.94352579116821,2008-02-01,1.12841987609863,3.83215832710266,1.604168176651
35080010,Pluviométrica,Convencional,Boyacá,Zetaquirá,5.283,-73.1693,1720,6/15/1957,,Andes,Orinoco,Meta,Río Lengupá,1.57818186283112,1.9163635969162,2,2,0.829710125923157,0.960144937038422,1,1,1.08000004291534,2008,02,12,3.7,3.7,3.99600015878677,0,2.58471775054932,2008-02-01,1.40506875514984,2.1587929725647,1.54205632209778
35080010,Pluviométrica,Convencional,Boyacá,Zetaquirá,5.283,-73.1693,1720,6/15/1957,,Andes,Orinoco,Meta,Río Lengupá,1.57818186283112,1.9163635969162,2,2,0.829710125923157,0.960144937038422,1,1,1.08000004291534,2008,03,13,0,0,0,0,4.20294141769409,2008-03-01,0.156695231795311,4.8971381187439,0.379693388938904
35080010,Pluviométrica,Convencional,Boyacá,Zetaquirá,5.283,-73.1693,1720,6/15/1957,,Andes,Orinoco,Meta,Río Lengupá,1.57818186283112,1.9163635969162,2,2,0.829710125923157,0.960144937038422,1,1,1.08000004291534,2008,03,14,11.1,11.1,11.9880004763603,0,6.76331233978272,2008-03-01,4.14755630493164,12.096360206604,16.4383068084717
35080010,Pluviométrica,Convencional,Boyacá,Zetaquirá,5.283,-73.1693,1720,6/15/1957,,Andes,Orinoco,Meta,Río Lengupá,1.57818186283112,1.9163635969162,2,2,0.829710125923157,0.960144937038422,1,1,1.08000004291534,2008,03,15,29.5,29.5,31.8600012660027,0,14.2857189178467,2008-03-01,23.7649173736572,24.5755119323731,39.4999351501465
35080010,Pluviométrica,Convencional,Boyacá,Zetaquirá,5.283,-73.1693,1720,6/15/1957,,Andes,Orinoco,Meta,Río Lengupá,1.57818186283112,1.9163635969162,2,2,0.829710125923157,0.960144937038422,1,1,1.08000004291534,2008,03,16,2.8,2.8,3.02400012016296,0,3.62995266914368,2008-03-01,0,3.1126127243042,0
35080010,Pluviométrica,Convencional,Boyacá,Zetaquirá,5.283,-73.1693,1720,6/15/1957,,Andes,Orinoco,Meta,Río Lengupá,1.57818186283112,1.9163635969162,2,2,0.829710125923157,0.960144937038422,1,1,1.08000004291534,2008,03,17,0,0,0,0,4.36274242401123,2008-03-01,0,3.11091303825378,0
35080010,Pluviométrica,Convencional,Boyacá,Zetaquirá,5.283,-73.1693,1720,6/15/1957,,Andes,Orinoco,Meta,Río Lengupá,1.57818186283112,1.9163635969162,2,2,0.829710125923157,0.960144937038422,1,1,1.08000004291534,2008,03,18,29.3,29.3,31.6440012574196,0,4.84138298034668,2008-03-01,0,9.71536540985107,0
35080010,Pluviométrica,Convencional,Boyacá,Zetaquirá,5.283,-73.1693,1720,6/15/1957,,Andes,Orinoco,Meta,Río Lengupá,1.57818186283112,1.9163635969162,2,2,0.829710125923157,0.960144937038422,1,1,1.05999994277954,2008,04,19,22.5,22.5,23.8499987125397,0,6.48370504379273,2008-04-01,0,9.96017456054688,0
35080010,Pluviométrica,Convencional,Boyacá,Zetaquirá,5.283,-73.1693,1720,6/15/1957,,Andes,Orinoco,Meta,Río Lengupá,1.57818186283112,1.9163635969162,2,2,0.829710125923157,0.960144937038422,1,1,1.05999994277954,2008,04,20,13.8,13.8,14.6279992103577,0,10.9306535720825,2008-04-01,7.6203179359436,8.01078701019287,7.62798690795898
35080010,Pluviométrica,Convencional,Boyacá,Zetaquirá,5.283,-73.1693,1720,6/15/1957,,Andes,Orinoco,Meta,Río Lengupá,1.57818186283112,1.9163635969162,2,2,0.829710125923157,0.960144937038422,1,1,1.05999994277954,2008,04,21,6.7,6.7,7.10199961662292,0,32.3739433288574,2008-04-01,40.0050964355469,16.5902805328369,22.8593368530273
35080010,Pluviométrica,Convencional,Boyacá,Zetaquirá,5.283,-73.1693,1720,6/15/1957,,Andes,Orinoco,Meta,Río Lengupá,1.57818186283112,1.9163635969162,2,2,0.829710125923157,0.960144937038422,1,1,1.05999994277954,2008,04,22,18.2,18.2,19.2919989585876,0,15.4759111404419,2008-04-01,15.7433252334595,13.3305807113647,17.8700656890869
35080010,Pluviométrica,Convencional,Boyacá,Zetaquirá,5.283,-73.1693,1720,6/15/1957,,Andes,Orinoco,Meta,Río Lengupá,1.57818186283112,1.9163635969162,2,2,0.829710125923157,0.960144937038422,1,1,1.05999994277954,2008,04,23,55.2,55.2,58.5119968414307,0,31.7203960418701,2008-04-01,38.9211273193359,35.6939735412598,45.852668762207
35080010,Pluviométrica,Convencional,Boyacá,Zetaquirá,5.283,-73.1693,1720,6/15/1957,,Andes,Orinoco,Meta,Río Lengupá,1.57818186283112,1.9163635969162,2,2,0.829710125923157,0.960144937038422,1,1,1.05999994277954,2008,04,24,15.5,15.5,16.4299991130829,0,17.6936073303223,2008-04-01,18.4371204376221,21.7334785461426,28.0323696136475
35080010,Pluviométrica,Convencional,Boyacá,Zetaquirá,5.283,-73.1693,1720,6/15/1957,,Andes,Orinoco,Meta,Río Lengupá,1.57818186283112,1.9163635969162,2,2,0.829710125923157,0.960144937038422,1,1,1.04999995231628,2008,05,25,15.7,15.7,16.4849992513657,0,40.1132469177246,2008-05-01,63.9457511901856,35.1143569946289,44.6338615417481
35080010,Pluviométrica,Convencional,Boyacá,Zetaquirá,5.283,-73.1693,1720,6/15/1957,,Andes,Orinoco,Meta,Río Lengupá,1.57818186283112,1.9163635969162,2,2,0.829710125923157,0.960144937038422,1,1,1.04999995231628,2008,05,26,38.4,38.4,40.3199981689453,0,11.5520191192627,2008-05-01,10.7605304718018,23.4038715362549,24.6894493103027
35080010,Pluviométrica,Convencional,Boyacá,Zetaquirá,5.283,-73.1693,1720,6/15/1957,,Andes,Orinoco,Meta,Río Lengupá,1.57818186283112,1.9163635969162,2,2,0.829710125923157,0.960144937038422,1,1,1.04999995231628,2008,05,27,4.5,4.5,4.72499978542328,0,12.82839012146,2008-05-01,14.0184316635132,12.7888240814209,13.9983386993408
35080010,Pluviométrica,Convencional,Boyacá,Zetaquirá,5.283,-73.1693,1720,6/15/1957,,Andes,Orinoco,Meta,Río Lengupá,1.57818186283112,1.9163635969162,2,2,0.829710125923157,0.960144937038422,1,1,1.04999995231628,2008,05,28,76.6,76.6,80.4299963474274,0,23.7312431335449,2008-05-01,40.4297828674316,52.1116027832031,70.1563949584961
35080010,Pluviométrica,Convencional,Boyacá,Zetaquirá,5.283,-73.1693,1720,6/15/1957,,Andes,Orinoco,Meta,Río Lengupá,1.57818186283112,1.9163635969162,2,2,0.829710125923157,0.960144937038422,1,1,1.04999995231628,2008,05,29,67.6,67.6,70.9799967765808,0,45.3316802978516,2008-05-01,92.201171875,60.1250762939453,83.5088729858398
35080010,Pluviométrica,Convencional,Boyacá,Zetaquirá,5.283,-73.1693,1720,6/15/1957,,Andes,Orinoco,Meta,Río Lengupá,1.57818186283112,1.9163635969162,2,2,0.829710125923157,0.960144937038422,1,1,1.04999995231628,2008,05,30,121,121,127.04999423027,0,31.1440124511719,2008-05-01,42.2552833557129,56.2863845825195,70.4101028442383
35080010,Pluviométrica,Convencional,Boyacá,Zetaquirá,5.283,-73.1693,1720,6/15/1957,,Andes,Orinoco,Meta,Río Lengupá,1.57818186283112,1.9163635969162,2,2,0.829710125923157,0.960144937038422,1,1,1.04999995231628,2008,06,31,60.1,60.1,63.1049971342087,0,24.4755401611328,2008-06-01,29.1313285827637,46.5637130737305,54.3722038269043
35080010,Pluviométrica,Convencional,Boyacá,Zetaquirá,5.283,-73.1693,1720,6/15/1957,,Andes,Orinoco,Meta,Río Lengupá,1.57818186283112,1.9163635969162,2,2,0.829710125923157,0.960144937038422,1,1,1.04999995231628,2008,06,32,48.8,48.8,51.2399976730347,0,33.838623046875,2008-06-01,45.7502479553223,38.8456344604492,48.4313545227051
35080010,Pluviométrica,Convencional,Boyacá,Zetaquirá,5.283,-73.1693,1720,6/15/1957,,Andes,Orinoco,Meta,Río Lengupá,1.57818186283112,1.9163635969162,2,2,0.829710125923157,0.960144937038422,1,1,1.04999995231628,2008,06,33,20.2,20.2,21.2099990367889,0,51.3534736633301,2008-06-01,86.5965118408203,38.4786834716797,50.7146759033203
35080010,Pluviométrica,Convencional,Boyacá,Zetaquirá,5.283,-73.1693,1720,6/15/1957,,Andes,Orinoco,Meta,Río Lengupá,1.57818186283112,1.9163635969162,2,2,0.829710125923157,0.960144937038422,1,1,1.04999995231628,2008,06,34,54.1,54.1,56.804997420311,0,22.4460468292236,2008-06-01,27.349681854248,32.7734680175781,43.2907905578613
35080010,Pluviométrica,Convencional,Boyacá,Zetaquirá,5.283,-73.1693,1720,6/15/1957,,Andes,Orinoco,Meta,Río Lengupá,1.57818186283112,1.9163635969162,2,2,0.829710125923157,0.960144937038422,1,1,1.04999995231628,2008,06,35,89.7,89.7,94.1849957227707,0,26.7953929901123,2008-06-01,22.3904724121094,48.0015106201172,52.4535255432129
35080010,Pluviométrica,Convencional,Boyacá,Zetaquirá,5.283,-73.1693,1720,6/15/1957,,Andes,Orinoco,Meta,Río Lengupá,1.57818186283112,1.9163635969162,2,2,0.829710125923157,0.960144937038422,1,1,1.04999995231628,2008,06,36,69.2,69.2,72.6599967002869,0,52.1390228271484,2008-06-01,78.9205932617188,77.9987716674805,86.004524230957
35080010,Pluviométrica,Convencional,Boyacá,Zetaquirá,5.283,-73.1693,1720,6/15/1957,,Andes,Orinoco,Meta,Río Lengupá,1.57818186283112,1.9163635969162,2,2,0.829710125923157,0.960144937038422,1,1,1.03999996185303,2008,07,37,79.9,79.9,83.0959969520569,0,34.8113708496094,2008-07-01,49.9465408325195,58.8542823791504,64.4796600341797
35080010,Pluviométrica,Convencional,Boyacá,Zetaquirá,5.283,-73.1693,1720,6/15/1957,,Andes,Orinoco,Meta,Río Lengupá,1.57818186283112,1.9163635969162,2,2,0.829710125923157,0.960144937038422,1,1,1.03999996185303,2008,07,38,71.1,71.1,73.9439972877503,0,65.7561340332031,2008-07-01,89.6886978149414,75.5723419189453,76.0110778808594
35080010,Pluviométrica,Convencional,Boyacá,Zetaquirá,5.283,-73.1693,1720,6/15/1957,,Andes,Orinoco,Meta,Río Lengupá,1.57818186283112,1.9163635969162,2,2,0.829710125923157,0.960144937038422,1,1,1.03999996185303,2008,07,39,69.4,69.4,72.1759973526001,0,48.6274528503418,2008-07-01,62.6822929382324,51.8608589172363,49.8409461975098
35080010,Pluviométrica,Convencional,Boyacá,Zetaquirá,5.283,-73.1693,1720,6/15/1957,,Andes,Orinoco,Meta,Río Lengupá,1.57818186283112,1.9163635969162,2,2,0.829710125923157,0.960144937038422,1,1,1.03999996185303,2008,07,40,28.6,28.6,29.7439989089966,0,42.6942825317383,2008-07-01,51.8197212219238,52.4948768615723,50.4958877563477
35080010,Pluviométrica,Convencional,Boyacá,Zetaquirá,5.283,-73.1693,1720,6/15/1957,,Andes,Orinoco,Meta,Río Lengupá,1.57818186283112,1.9163635969162,2,2,0.829710125923157,0.960144937038422,1,1,1.03999996185303,2008,07,41,26.2,26.2,27.2479990005493,0,40.0648574829102,2008-07-01,45.3003730773926,34.2041358947754,31.1043262481689
35080010,Pluviométrica,Convencional,Boyacá,Zetaquirá,5.283,-73.1693,1720,6/15/1957,,Andes,Orinoco,Meta,Río Lengupá,1.57818186283112,1.9163635969162,2,2,0.829710125923157,0.960144937038422,1,1,1.03999996185303,2008,07,42,34.2,34.2,35.5679986953735,0,72.4635314941406,2008-07-01,80.76611328125,61.1191101074219,61.9202766418457
35080010,Pluviométrica,Convencional,Boyacá,Zetaquirá,5.283,-73.1693,1720,6/15/1957,,Andes,Orinoco,Meta,Río Lengupá,1.57818186283112,1.9163635969162,2,2,0.829710125923157,0.960144937038422,1,1,1.05999994277954,2008,08,43,15.1,15.1,16.0059991359711,0,45.2724113464356,2008-08-01,51.5493392944336,47.8992004394531,45.2621994018555
35080010,Pluviométrica,Convencional,Boyacá,Zetaquirá,5.283,-73.1693,1720,6/15/1957,,Andes,Orinoco,Meta,Río Lengupá,1.57818186283112,1.9163635969162,2,2,0.829710125923157,0.960144937038422,1,1,1.05999994277954,2008,08,44,58.2,58.2,61.6919966697693,0,26.6518230438232,2008-08-01,19.5539836883545,41.0579528808594,38.8122291564941
35080010,Pluviométrica,Convencional,Boyacá,Zetaquirá,5.283,-73.1693,1720,6/15/1957,,Andes,Orinoco,Meta,Río Lengupá,1.57818186283112,1.9163635969162,2,2,0.829710125923157,0.960144937038422,1,1,1.05999994277954,2008,08,45,12.4,12.4,13.1439992904663,0,56.1002578735352,2008-08-01,84.6707611083984,21.3690986633301,26.7781143188477
35080010,Pluviométrica,Convencional,Boyacá,Zetaquirá,5.283,-73.1693,1720,6/15/1957,,Andes,Orinoco,Meta,Río Lengupá,1.57818186283112,1.9163635969162,2,2,0.829710125923157,0.960144937038422,1,1,1.05999994277954,2008,08,46,39.1,39.1,41.4459977626801,0,79.1666488647461,2008-08-01,125.22779083252,47.322151184082,59.6235847473145
35080010,Pluviométrica,Convencional,Boyacá,Zetaquirá,5.283,-73.1693,1720,6/15/1957,,Andes,Orinoco,Meta,Río Lengupá,1.57818186283112,1.9163635969162,2,2,0.829710125923157,0.960144937038422,1,1,1.05999994277954,2008,08,47,45.2,45.2,47.9119974136353,0,46.6438064575195,2008-08-01,68.1083297729492,66.4378814697266,83.5339660644531
35080010,Pluviométrica,Convencional,Boyacá,Zetaquirá,5.283,-73.1693,1720,6/15/1957,,Andes,Orinoco,Meta,Río Lengupá,1.57818186283112,1.9163635969162,2,2,0.829710125923157,0.960144937038422,1,1,1.05999994277954,2008,08,48,9.8,9.8,10.3879994392395,0,40.5844192504883,2008-08-01,32.2627029418945,27.7747497558594,31.204065322876
35080010,Pluviométrica,Convencional,Boyacá,Zetaquirá,5.283,-73.1693,1720,6/15/1957,,Andes,Orinoco,Meta,Río Lengupá,1.57818186283112,1.9163635969162,2,2,0.829710125923157,0.960144937038422,1,1,1.05999994277954,2008,09,49,25.5,25.5,27.0299985408783,0,25.7089653015137,2008-09-01,48.7887687683106,27.9804935455322,36.3199119567871
35080010,Pluviométrica,Convencional,Boyacá,Zetaquirá,5.283,-73.1693,1720,6/15/1957,,Andes,Orinoco,Meta,Río Lengupá,1.57818186283112,1.9163635969162,2,2,0.829710125923157,0.960144937038422,1,1,1.05999994277954,2008,09,50,37.1,37.1,39.325997877121,0,8.27444744110107,2008-09-01,2.80717587471008,17.180492401123,9.44981861114502
35080010,Pluviométrica,Convencional,Boyacá,Zetaquirá,5.283,-73.1693,1720,6/15/1957,,Andes,Orinoco,Meta,Río Lengupá,1.57818186283112,1.9163635969162,2,2,0.829710125923157,0.960144937038422,1,1,1.05999994277954,2008,09,51,10.9,10.9,11.553999376297,0,38.6359596252441,2008-09-01,62.2039527893066,27.8340549468994,35.319263458252
35080010,Pluviométrica,Convencional,Boyacá,Zetaquirá,5.283,-73.1693,1720,6/15/1957,,Andes,Orinoco,Meta,Río Lengupá,1.57818186283112,1.9163635969162,2,2,0.829710125923157,0.960144937038422,1,1,1.05999994277954,2008,09,52,14.3,14.3,15.1579991817474,0,14.5839357376099,2008-09-01,15.7915754318237,18.8614673614502,21.1419448852539
35080010,Pluviométrica,Convencional,Boyacá,Zetaquirá,5.283,-73.1693,1720,6/15/1957,,Andes,Orinoco,Meta,Río Lengupá,1.57818186283112,1.9163635969162,2,2,0.829710125923157,0.960144937038422,1,1,1.05999994277954,2008,09,53,6,6,6.35999965667725,0,31.0675277709961,2008-09-01,45.1073265075684,17.1626892089844,21.5266036987305
35080010,Pluviométrica,Convencional,Boyacá,Zetaquirá,5.283,-73.1693,1720,6/15/1957,,Andes,Orinoco,Meta,Río Lengupá,1.57818186283112,1.9163635969162,2,2,0.829710125923157,0.960144937038422,1,1,1.05999994277954,2008,09,54,4,4,4.23999977111816,0,14.5205717086792,2008-09-01,15.9665632247925,17.5501079559326,19.39573097229
35080010,Pluviométrica,Convencional,Boyacá,Zetaquirá,5.283,-73.1693,1720,6/15/1957,,Andes,Orinoco,Meta,Río Lengupá,1.57818186283112,1.9163635969162,2,2,0.829710125923157,0.960144937038422,1,1,1.04999995231628,2008,10,55,15.9,15.9,16.6949992418289,0,22.5579929351807,2008-10-01,27.597978591919,15.3417701721191,21.3151226043701
35080010,Pluviométrica,Convencional,Boyacá,Zetaquirá,5.283,-73.1693,1720,6/15/1957,,Andes,Orinoco,Meta,Río Lengupá,1.57818186283112,1.9163635969162,2,2,0.829710125923157,0.960144937038422,1,1,1.04999995231628,2008,10,56,7,7,7.34999966621399,0,18.9106063842773,2008-10-01,17.2640743255615,16.4852924346924,18.3630561828613
35080010,Pluviométrica,Convencional,Boyacá,Zetaquirá,5.283,-73.1693,1720,6/15/1957,,Andes,Orinoco,Meta,Río Lengupá,1.57818186283112,1.9163635969162,2,2,0.829710125923157,0.960144937038422,1,1,1.04999995231628,2008,10,57,46.4,46.4,48.7199977874756,0,34.1816940307617,2008-10-01,52.7383079528809,34.2955474853516,59.3860473632813
35080010,Pluviométrica,Convencional,Boyacá,Zetaquirá,5.283,-73.1693,1720,6/15/1957,,Andes,Orinoco,Meta,Río Lengupá,1.57818186283112,1.9163635969162,2,2,0.829710125923157,0.960144937038422,1,1,1.04999995231628,2008,10,58,30.4,30.4,31.919998550415,0,20.174259185791,2008-10-01,25.5022926330566,26.7761821746826,37.0719680786133
35080010,Pluviométrica,Convencional,Boyacá,Zetaquirá,5.283,-73.1693,1720,6/15/1957,,Andes,Orinoco,Meta,Río Lengupá,1.57818186283112,1.9163635969162,2,2,0.829710125923157,0.960144937038422,1,1,1.04999995231628,2008,10,59,13,13,13.6499993801117,0,9.38027954101562,2008-10-01,0,9.42064666748047,0
35080010,Pluviométrica,Convencional,Boyacá,Zetaquirá,5.283,-73.1693,1720,6/15/1957,,Andes,Orinoco,Meta,Río Lengupá,1.57818186283112,1.9163635969162,2,2,0.829710125923157,0.960144937038422,1,1,1.04999995231628,2008,10,60,48.8,48.8,51.2399976730347,0,17.1886501312256,2008-10-01,7.62706661224365,28.3477725982666,27.2050933837891
35080010,Pluviométrica,Convencional,Boyacá,Zetaquirá,5.283,-73.1693,1720,6/15/1957,,Andes,Orinoco,Meta,Río Lengupá,1.57818186283112,1.9163635969162,2,2,0.829710125923157,0.960144937038422,1,1,1.04999995231628,2008,11,61,87.9,87.9,92.2949958086014,0,32.4579620361328,2008-11-01,60.2830047607422,60.129566192627,95.7963562011719
35080010,Pluviométrica,Convencional,Boyacá,Zetaquirá,5.283,-73.1693,1720,6/15/1957,,Andes,Orinoco,Meta,Río Lengupá,1.57818186283112,1.9163635969162,2,2,0.829710125923157,0.960144937038422,1,1,1.04999995231628,2008,11,62,0,0,0,0,5.43074893951416,2008-11-01,0,4.09069108963013,0
35080010,Pluviométrica,Convencional,Boyacá,Zetaquirá,5.283,-73.1693,1720,6/15/1957,,Andes,Orinoco,Meta,Río Lengupá,1.57818186283112,1.9163635969162,2,2,0.829710125923157,0.960144937038422,1,1,1.04999995231628,2008,11,63,9,9,9.44999957084656,0,6.84799194335938,2008-11-01,1.26644885540009,18.3162288665772,6.64323043823242
35080010,Pluviométrica,Convencional,Boyacá,Zetaquirá,5.283,-73.1693,1720,6/15/1957,,Andes,Orinoco,Meta,Río Lengupá,1.57818186283112,1.9163635969162,2,2,0.829710125923157,0.960144937038422,1,1,1.04999995231628,2008,11,64,19.2,19.2,20.1599990844727,0,48.3266448974609,2008-11-01,105.751510620117,31.6018943786621,61.8632164001465
35080010,Pluviométrica,Convencional,Boyacá,Zetaquirá,5.283,-73.1693,1720,6/15/1957,,Andes,Orinoco,Meta,Río Lengupá,1.57818186283112,1.9163635969162,2,2,0.829710125923157,0.960144937038422,1,1,1.04999995231628,2008,11,65,60.4,60.4,63.4199971199036,0,27.3234748840332,2008-11-01,58.917366027832,37.0710487365723,62.141357421875
35080010,Pluviométrica,Convencional,Boyacá,Zetaquirá,5.283,-73.1693,1720,6/15/1957,,Andes,Orinoco,Meta,Río Lengupá,1.57818186283112,1.9163635969162,2,2,0.829710125923157,0.960144937038422,1,1,1.04999995231628,2008,11,66,16,16,16.7999992370605,0,7.68009805679321,2008-11-01,7.54014444351196,15.3748016357422,20.6581802368164
35080010,Pluviométrica,Convencional,Boyacá,Zetaquirá,5.283,-73.1693,1720,6/15/1957,,Andes,Orinoco,Meta,Río Lengupá,1.57818186283112,1.9163635969162,2,2,0.829710125923157,0.960144937038422,1,1,1.07000005245209,2008,12,67,21.5,21.5,23.0050011277199,0,3.48948121070862,2008-12-01,2.16043901443481,4.46484422683716,5.36295175552368
35080010,Pluviométrica,Convencional,Boyacá,Zetaquirá,5.283,-73.1693,1720,6/15/1957,,Andes,Orinoco,Meta,Río Lengupá,1.57818186283112,1.9163635969162,2,2,0.829710125923157,0.960144937038422,1,1,1.07000005245209,2008,12,68,24.9,24.9,26.643001306057,0,10.8768930435181,2008-12-01,26.1229019165039,15.8839712142944,25.9397449493408
35080010,Pluviométrica,Convencional,Boyacá,Zetaquirá,5.283,-73.1693,1720,6/15/1957,,Andes,Orinoco,Meta,Río Lengupá,1.57818186283112,1.9163635969162,2,2,0.829710125923157,0.960144937038422,1,1,1.07000005245209,2008,12,69,1.2,1.2,1.2840000629425,0,4.06386089324951,2008-12-01,7.36336708068848,4.14117765426636,6.93272066116333
35080010,Pluviométrica,Convencional,Boyacá,Zetaquirá,5.283,-73.1693,1720,6/15/1957,,Andes,Orinoco,Meta,Río Lengupá,1.57818186283112,1.9163635969162,2,2,0.829710125923157,0.960144937038422,1,1,1.07000005245209,2008,12,70,0,0,0,0,3.1983106136322,2008-12-01,2.25644111633301,1.79241478443146,2.25175046920776
35080010,Pluviométrica,Convencional,Boyacá,Zetaquirá,5.283,-73.1693,1720,6/15/1957,,Andes,Orinoco,Meta,Río Lengupá,1.57818186283112,1.9163635969162,2,2,0.829710125923157,0.960144937038422,1,1,1.07000005245209,2008,12,71,0,0,0,0,3.75346255302429,2008-12-01,2.37028241157532,2.10409808158875,2.2416398525238
35080010,Pluviométrica,Convencional,Boyacá,Zetaquirá,5.283,-73.1693,1720,6/15/1957,,Andes,Orinoco,Meta,Río Lengupá,1.57818186283112,1.9163635969162,2,2,0.829710125923157,0.960144937038422,1,1,1.07000005245209,2008,12,72,4,4,4.28000020980835,0,6.4164514541626,2008-12-01,3.41814112663269,4.96230983734131,5.5617208480835
35080010,Pluviométrica,Convencional,Boyacá,Zetaquirá,5.283,-73.1693,1720,6/15/1957,,Andes,Orinoco,Meta,Río Lengupá,1.57818186283112,1.9163635969162,2,2,0.829710125923157,0.960144937038422,1,1,1.07000005245209,2009,01,1,6.7,6.7,7.16900035142899,0,4.90162229537964,2009-01-01,4.45475959777832,5.03118515014648,6.16773080825806
35080010,Pluviométrica,Convencional,Boyacá,Zetaquirá,5.283,-73.1693,1720,6/15/1957,,Andes,Orinoco,Meta,Río Lengupá,1.57818186283112,1.9163635969162,2,2,0.829710125923157,0.960144937038422,1,1,1.07000005245209,2009,01,2,1.5,1.5,1.60500007867813,0,5.92981910705566,2009-01-01,2.34820914268494,5.39810037612915,5.53049802780151
35080010,Pluviométrica,Convencional,Boyacá,Zetaquirá,5.283,-73.1693,1720,6/15/1957,,Andes,Orinoco,Meta,Río Lengupá,1.57818186283112,1.9163635969162,2,2,0.829710125923157,0.960144937038422,1,1,1.07000005245209,2009,01,3,18.5,18.5,19.7950009703636,0,6.42745304107666,2009-01-01,2.33185815811157,8.32918643951416,5.84401321411133
35080010,Pluviométrica,Convencional,Boyacá,Zetaquirá,5.283,-73.1693,1720,6/15/1957,,Andes,Orinoco,Meta,Río Lengupá,1.57818186283112,1.9163635969162,2,2,0.829710125923157,0.960144937038422,1,1,1.07000005245209,2009,01,4,16.6,16.6,17.7620008707047,0,22.1294231414795,2009-01-01,21.5217571258545,20.5545349121094,17.7111511230469
35080010,Pluviométrica,Convencional,Boyacá,Zetaquirá,5.283,-73.1693,1720,6/15/1957,,Andes,Orinoco,Meta,Río Lengupá,1.57818186283112,1.9163635969162,2,2,0.829710125923157,0.960144937038422,1,1,1.07000005245209,2009,01,5,20.8,20.8,22.2560010910034,0,21.6921939849854,2009-01-01,29.4198608398438,22.9282035827637,26.013729095459
35080010,Pluviométrica,Convencional,Boyacá,Zetaquirá,5.283,-73.1693,1720,6/15/1957,,Andes,Orinoco,Meta,Río Lengupá,1.57818186283112,1.9163635969162,2,2,0.829710125923157,0.960144937038422,1,1,1.07000005245209,2009,01,6,13.3,13.3,14.2310006976128,0,37.6704025268555,2009-01-01,45.4383049011231,23.2462558746338,21.0324897766113
35080010,Pluviométrica,Convencional,Boyacá,Zetaquirá,5.283,-73.1693,1720,6/15/1957,,Andes,Orinoco,Meta,Río Lengupá,1.57818186283112,1.9163635969162,2,2,0.829710125923157,0.960144937038422,1,1,1.08000004291534,2009,02,7,1.5,1.5,1.62000006437302,0,13.3671073913574,2009-02-01,23.3198432922363,8.94728946685791,14.6121225357056
35080010,Pluviométrica,Convencional,Boyacá,Zetaquirá,5.283,-73.1693,1720,6/15/1957,,Andes,Orinoco,Meta,Río Lengupá,1.57818186283112,1.9163635969162,2,2,0.829710125923157,0.960144937038422,1,1,1.08000004291534,2009,02,8,1.2,1.2,1.29600005149841,0,4.9555082321167,2009-02-01,1.62601017951965,4.8875904083252,2.74601078033447
35080010,Pluviométrica,Convencional,Boyacá,Zetaquirá,5.283,-73.1693,1720,6/15/1957,,Andes,Orinoco,Meta,Río Lengupá,1.57818186283112,1.9163635969162,2,2,0.829710125923157,0.960144937038422,1,1,1.08000004291534,2009,02,9,10.8,10.8,11.6640004634857,0,4.87007904052734,2009-02-01,1.00317966938019,10.123797416687,4.88200616836548
35080010,Pluviométrica,Convencional,Boyacá,Zetaquirá,5.283,-73.1693,1720,6/15/1957,,Andes,Orinoco,Meta,Río Lengupá,1.57818186283112,1.9163635969162,2,2,0.829710125923157,0.960144937038422,1,1,1.08000004291534,2009,02,10,0,0,0,0,4.88569498062134,2009-02-01,0.486874550580978,6.58041906356812,1.4225846529007
35080010,Pluviométrica,Convencional,Boyacá,Zetaquirá,5.283,-73.1693,1720,6/15/1957,,Andes,Orinoco,Meta,Río Lengupá,1.57818186283112,1.9163635969162,2,2,0.829710125923157,0.960144937038422,1,1,1.08000004291534,2009,02,11,0,0,0,0,4.94352579116821,2009-02-01,1.12841987609863,3.37919354438782,1.61773097515106
35080010,Pluviométrica,Convencional,Boyacá,Zetaquirá,5.283,-73.1693,1720,6/15/1957,,Andes,Orinoco,Meta,Río Lengupá,1.57818186283112,1.9163635969162,2,2,0.829710125923157,0.960144937038422,1,1,1.08000004291534,2009,02,12,1.2,1.2,1.29600005149841,0,3.26549673080444,2009-02-01,6.57664299011231,3.00614595413208,5.75394630432129
35080010,Pluviométrica,Convencional,Boyacá,Zetaquirá,5.283,-73.1693,1720,6/15/1957,,Andes,Orinoco,Meta,Río Lengupá,1.57818186283112,1.9163635969162,2,2,0.829710125923157,0.960144937038422,1,1,1.08000004291534,2009,03,13,18.9,18.9,20.4120008111,0,9.44937610626221,2009-03-01,9.457350730896,17.6774063110352,18.1011333465576
35080010,Pluviométrica,Convencional,Boyacá,Zetaquirá,5.283,-73.1693,1720,6/15/1957,,Andes,Orinoco,Meta,Río Lengupá,1.57818186283112,1.9163635969162,2,2,0.829710125923157,0.960144937038422,1,1,1.08000004291534,2009,03,14,0,0,0,0,8.85971355438232,2009-03-01,8.31088066101074,4.63047647476196,5.33339595794678
35080010,Pluviométrica,Convencional,Boyacá,Zetaquirá,5.283,-73.1693,1720,6/15/1957,,Andes,Orinoco,Meta,Río Lengupá,1.57818186283112,1.9163635969162,2,2,0.829710125923157,0.960144937038422,1,1,1.08000004291534,2009,03,15,23.3,23.3,25.1640009999275,0,6.07108116149902,2009-03-01,3.12559795379639,13.0177412033081,11.7234525680542
35080010,Pluviométrica,Convencional,Boyacá,Zetaquirá,5.283,-73.1693,1720,6/15/1957,,Andes,Orinoco,Meta,Río Lengupá,1.57818186283112,1.9163635969162,2,2,0.829710125923157,0.960144937038422,1,1,1.08000004291534,2009,03,16,46.2,46.2,49.8960019826889,0,18.9997043609619,2009-03-01,27.6560287475586,25.8922805786133,28.0525245666504
35080010,Pluviométrica,Convencional,Boyacá,Zetaquirá,5.283,-73.1693,1720,6/15/1957,,Andes,Orinoco,Meta,Río Lengupá,1.57818186283112,1.9163635969162,2,2,0.829710125923157,0.960144937038422,1,1,1.08000004291534,2009,03,17,32.8,32.8,35.4240014076233,0,17.5405807495117,2009-03-01,28.6929950714111,23.9302062988281,31.3177242279053
35080010,Pluviométrica,Convencional,Boyacá,Zetaquirá,5.283,-73.1693,1720,6/15/1957,,Andes,Orinoco,Meta,Río Lengupá,1.57818186283112,1.9163635969162,2,2,0.829710125923157,0.960144937038422,1,1,1.08000004291534,2009,03,18,13,13,14.0400005578995,0,10.0536251068115,2009-03-01,6.92718982696533,17.6893272399902,16.4906120300293
35080010,Pluviométrica,Convencional,Boyacá,Zetaquirá,5.283,-73.1693,1720,6/15/1957,,Andes,Orinoco,Meta,Río Lengupá,1.57818186283112,1.9163635969162,2,2,0.829710125923157,0.960144937038422,1,1,1.05999994277954,2009,04,19,6.6,6.6,6.99599962234497,0,4.93328285217285,2009-04-01,0,10.6830959320068,0
35080010,Pluviométrica,Convencional,Boyacá,Zetaquirá,5.283,-73.1693,1720,6/15/1957,,Andes,Orinoco,Meta,Río Lengupá,1.57818186283112,1.9163635969162,2,2,0.829710125923157,0.960144937038422,1,1,1.05999994277954,2009,04,20,17.8,17.8,18.8679989814758,0,34.9985046386719,2009-04-01,42.2763061523438,27.8304862976074,35.4389152526856
35080010,Pluviométrica,Convencional,Boyacá,Zetaquirá,5.283,-73.1693,1720,6/15/1957,,Andes,Orinoco,Meta,Río Lengupá,1.57818186283112,1.9163635969162,2,2,0.829710125923157,0.960144937038422,1,1,1.05999994277954,2009,04,21,0.7,0.7,0.741999959945679,0,21.3785934448242,2009-04-01,21.2049007415771,10.4948225021362,11.9488124847412
35080010,Pluviométrica,Convencional,Boyacá,Zetaquirá,5.283,-73.1693,1720,6/15/1957,,Andes,Orinoco,Meta,Río Lengupá,1.57818186283112,1.9163635969162,2,2,0.829710125923157,0.960144937038422,1,1,1.05999994277954,2009,04,22,43.3,43.3,45.8979975223541,0,15.3455038070679,2009-04-01,14.2812223434448,26.4537258148193,31.7726497650147
35080010,Pluviométrica,Convencional,Boyacá,Zetaquirá,5.283,-73.1693,1720,6/15/1957,,Andes,Orinoco,Meta,Río Lengupá,1.57818186283112,1.9163635969162,2,2,0.829710125923157,0.960144937038422,1,1,1.05999994277954,2009,04,23,1.2,1.2,1.27199993133545,0,10.4282894134521,2009-04-01,6.15853071212769,6.43838453292847,5.75544118881226
35080010,Pluviométrica,Convencional,Boyacá,Zetaquirá,5.283,-73.1693,1720,6/15/1957,,Andes,Orinoco,Meta,Río Lengupá,1.57818186283112,1.9163635969162,2,2,0.829710125923157,0.960144937038422,1,1,1.05999994277954,2009,04,24,18.6,18.6,19.7159989356995,0,17.4816246032715,2009-04-01,19.4236869812012,24.2427959442139,33.2806625366211
35080010,Pluviométrica,Convencional,Boyacá,Zetaquirá,5.283,-73.1693,1720,6/15/1957,,Andes,Orinoco,Meta,Río Lengupá,1.57818186283112,1.9163635969162,2,2,0.829710125923157,0.960144937038422,1,1,1.04999995231628,2009,05,25,15.9,15.9,16.6949992418289,0,31.1091232299805,2009-05-01,46.3596343994141,28.1964378356934,35.6766128540039
35080010,Pluviométrica,Convencional,Boyacá,Zetaquirá,5.283,-73.1693,1720,6/15/1957,,Andes,Orinoco,Meta,Río Lengupá,1.57818186283112,1.9163635969162,2,2,0.829710125923157,0.960144937038422,1,1,1.04999995231628,2009,05,26,14.1,14.1,14.8049993276596,0,14.3900032043457,2009-05-01,16.8188667297363,15.6674747467041,17.4836025238037
35080010,Pluviométrica,Convencional,Boyacá,Zetaquirá,5.283,-73.1693,1720,6/15/1957,,Andes,Orinoco,Meta,Río Lengupá,1.57818186283112,1.9163635969162,2,2,0.829710125923157,0.960144937038422,1,1,1.04999995231628,2009,05,27,1.2,1.2,1.25999994277954,0,22.2151737213135,2009-05-01,32.9867553710938,11.0885238647461,14.0274696350098
35080010,Pluviométrica,Convencional,Boyacá,Zetaquirá,5.283,-73.1693,1720,6/15/1957,,Andes,Orinoco,Meta,Río Lengupá,1.57818186283112,1.9163635969162,2,2,0.829710125923157,0.960144937038422,1,1,1.04999995231628,2009,05,28,57.5,57.5,60.3749972581863,0,13.5119543075562,2009-05-01,19.9530906677246,33.7165870666504,45.2344017028809
35080010,Pluviométrica,Convencional,Boyacá,Zetaquirá,5.283,-73.1693,1720,6/15/1957,,Andes,Orinoco,Meta,Río Lengupá,1.57818186283112,1.9163635969162,2,2,0.829710125923157,0.960144937038422,1,1,1.04999995231628,2009,05,29,3,3,3.14999985694885,0,21.1122608184814,2009-05-01,32.4533920288086,10.9463224411011,13.7216415405273
35080010,Pluviométrica,Convencional,Boyacá,Zetaquirá,5.283,-73.1693,1720,6/15/1957,,Andes,Orinoco,Meta,Río Lengupá,1.57818186283112,1.9163635969162,2,2,0.829710125923157,0.960144937038422,1,1,1.04999995231628,2009,05,30,8.8,8.8,9.2399995803833,0,17.6704730987549,2009-05-01,16.3139266967773,11.3772926330566,15.5617380142212
35080010,Pluviométrica,Convencional,Boyacá,Zetaquirá,5.283,-73.1693,1720,6/15/1957,,Andes,Orinoco,Meta,Río Lengupá,1.57818186283112,1.9163635969162,2,2,0.829710125923157,0.960144937038422,1,1,1.04999995231628,2009,06,31,36.4,36.4,38.2199982643127,0,36.6779479980469,2009-06-01,50.2255172729492,36.1775093078613,46.0250854492188
35080010,Pluviométrica,Convencional,Boyacá,Zetaquirá,5.283,-73.1693,1720,6/15/1957,,Andes,Orinoco,Meta,Río Lengupá,1.57818186283112,1.9163635969162,2,2,0.829710125923157,0.960144937038422,1,1,1.04999995231628,2009,06,32,65.9,65.9,69.1949968576431,0,14.2271423339844,2009-06-01,7.16179132461548,31.4238719940186,25.4298763275147
35080010,Pluviométrica,Convencional,Boyacá,Zetaquirá,5.283,-73.1693,1720,6/15/1957,,Andes,Orinoco,Meta,Río Lengupá,1.57818186283112,1.9163635969162,2,2,0.829710125923157,0.960144937038422,1,1,1.04999995231628,2009,06,33,80,80,83.9999961853027,0,33.2014999389648,2009-06-01,46.8860816955566,53.3703918457031,71.5700759887695
35080010,Pluviométrica,Convencional,Boyacá,Zetaquirá,5.283,-73.1693,1720,6/15/1957,,Andes,Orinoco,Meta,Río Lengupá,1.57818186283112,1.9163635969162,2,2,0.829710125923157,0.960144937038422,1,1,1.04999995231628,2009,06,34,30.6,30.6,32.1299985408783,0,46.7745971679688,2009-06-01,76.9710845947266,38.7990341186523,52.6166610717774
35080010,Pluviométrica,Convencional,Boyacá,Zetaquirá,5.283,-73.1693,1720,6/15/1957,,Andes,Orinoco,Meta,Río Lengupá,1.57818186283112,1.9163635969162,2,2,0.829710125923157,0.960144937038422,1,1,1.04999995231628,2009,06,35,41.9,41.9,43.9949980020523,0,59.5520706176758,2009-06-01,116.361701965332,51.5780563354492,78.4205627441406
35080010,Pluviométrica,Convencional,Boyacá,Zetaquirá,5.283,-73.1693,1720,6/15/1957,,Andes,Orinoco,Meta,Río Lengupá,1.57818186283112,1.9163635969162,2,2,0.829710125923157,0.960144937038422,1,1,1.04999995231628,2009,06,36,58.4,58.4,61.319997215271,0,19.5591049194336,2009-06-01,17.8748722076416,32.2011642456055,31.9473361968994
35080010,Pluviométrica,Convencional,Boyacá,Zetaquirá,5.283,-73.1693,1720,6/15/1957,,Andes,Orinoco,Meta,Río Lengupá,1.57818186283112,1.9163635969162,2,2,0.829710125923157,0.960144937038422,1,1,1.03999996185303,2009,07,37,16.5,16.5,17.159999370575,0,18.8915920257568,2009-07-01,20.8264579772949,19.7770957946777,23.5610942840576
35080010,Pluviométrica,Convencional,Boyacá,Zetaquirá,5.283,-73.1693,1720,6/15/1957,,Andes,Orinoco,Meta,Río Lengupá,1.57818186283112,1.9163635969162,2,2,0.829710125923157,0.960144937038422,1,1,1.03999996185303,2009,07,38,55,55,57.1999979019165,0,39.8792686462402,2009-07-01,48.8962059020996,55.2517585754395,56.6073036193848
35080010,Pluviométrica,Convencional,Boyacá,Zetaquirá,5.283,-73.1693,1720,6/15/1957,,Andes,Orinoco,Meta,Río Lengupá,1.57818186283112,1.9163635969162,2,2,0.829710125923157,0.960144937038422,1,1,1.03999996185303,2009,07,39,40.7,40.7,42.3279984474182,0,14.6052398681641,2009-07-01,9.40220165252686,25.558988571167,25.8293800354004
35080010,Pluviométrica,Convencional,Boyacá,Zetaquirá,5.283,-73.1693,1720,6/15/1957,,Andes,Orinoco,Meta,Río Lengupá,1.57818186283112,1.9163635969162,2,2,0.829710125923157,0.960144937038422,1,1,1.03999996185303,2009,07,40,33,33,34.3199987411499,0,28.6861228942871,2009-07-01,33.7031745910645,25.5877170562744,29.8804874420166
35080010,Pluviométrica,Convencional,Boyacá,Zetaquirá,5.283,-73.1693,1720,6/15/1957,,Andes,Orinoco,Meta,Río Lengupá,1.57818186283112,1.9163635969162,2,2,0.829710125923157,0.960144937038422,1,1,1.03999996185303,2009,07,41,30.2,30.2,31.4079988479614,0,30.9037170410156,2009-07-01,34.5487747192383,25.8532466888428,27.8682079315186
35080010,Pluviométrica,Convencional,Boyacá,Zetaquirá,5.283,-73.1693,1720,6/15/1957,,Andes,Orinoco,Meta,Río Lengupá,1.57818186283112,1.9163635969162,2,2,0.829710125923157,0.960144937038422,1,1,1.03999996185303,2009,07,42,23.3,23.3,24.2319991111755,0,46.0982856750488,2009-07-01,45.1715698242188,45.0109634399414,43.4232711791992
35080010,Pluviométrica,Convencional,Boyacá,Zetaquirá,5.283,-73.1693,1720,6/15/1957,,Andes,Orinoco,Meta,Río Lengupá,1.57818186283112,1.9163635969162,2,2,0.829710125923157,0.960144937038422,1,1,1.05999994277954,2009,08,43,35.2,35.2,37.3119979858399,0,16.7194442749023,2009-08-01,9.96443176269531,28.7982559204102,27.1436557769775
35080010,Pluviométrica,Convencional,Boyacá,Zetaquirá,5.283,-73.1693,1720,6/15/1957,,Andes,Orinoco,Meta,Río Lengupá,1.57818186283112,1.9163635969162,2,2,0.829710125923157,0.960144937038422,1,1,1.05999994277954,2009,08,44,41.1,41.1,43.5659976482391,0,87.205078125,2009-08-01,145.349945068359,57.3613357543945,70.8943023681641
35080010,Pluviométrica,Convencional,Boyacá,Zetaquirá,5.283,-73.1693,1720,6/15/1957,,Andes,Orinoco,Meta,Río Lengupá,1.57818186283112,1.9163635969162,2,2,0.829710125923157,0.960144937038422,1,1,1.05999994277954,2009,08,45,43.5,43.5,46.10999751091,0,21.0020122528076,2009-08-01,17.8772411346436,32.0074844360352,36.3948097229004
35080010,Pluviométrica,Convencional,Boyacá,Zetaquirá,5.283,-73.1693,1720,6/15/1957,,Andes,Orinoco,Meta,Río Lengupá,1.57818186283112,1.9163635969162,2,2,0.829710125923157,0.960144937038422,1,1,1.05999994277954,2009,08,46,21.3,21.3,22.5779987812042,0,20.5180282592773,2009-08-01,18.4114151000977,19.8281230926514,19.3396148681641
35080010,Pluviométrica,Convencional,Boyacá,Zetaquirá,5.283,-73.1693,1720,6/15/1957,,Andes,Orinoco,Meta,Río Lengupá,1.57818186283112,1.9163635969162,2,2,0.829710125923157,0.960144937038422,1,1,1.05999994277954,2009,08,47,30.1,30.1,31.9059982776642,0,45.1045722961426,2009-08-01,60.1960868835449,32.3749313354492,38.5440177917481
35080010,Pluviométrica,Convencional,Boyacá,Zetaquirá,5.283,-73.1693,1720,6/15/1957,,Andes,Orinoco,Meta,Río Lengupá,1.57818186283112,1.9163635969162,2,2,0.829710125923157,0.960144937038422,1,1,1.05999994277954,2009,08,48,48.5,48.5,51.4099972248078,0,64.888053894043,2009-08-01,69.9640197753906,62.5622482299805,65.423583984375
35080010,Pluviométrica,Convencional,Boyacá,Zetaquirá,5.283,-73.1693,1720,6/15/1957,,Andes,Orinoco,Meta,Río Lengupá,1.57818186283112,1.9163635969162,2,2,0.829710125923157,0.960144937038422,1,1,1.05999994277954,2009,09,49,5.6,5.6,5.93599967956543,0,15.9674959182739,2009-09-01,20.8628482818604,13.4458637237549,13.2287006378174
35080010,Pluviométrica,Convencional,Boyacá,Zetaquirá,5.283,-73.1693,1720,6/15/1957,,Andes,Orinoco,Meta,Río Lengupá,1.57818186283112,1.9163635969162,2,2,0.829710125923157,0.960144937038422,1,1,1.05999994277954,2009,09,50,22.8,22.8,24.1679986953735,0,17.738151550293,2009-09-01,20.5417537689209,16.5721378326416,15.9319229125977
35080010,Pluviométrica,Convencional,Boyacá,Zetaquirá,5.283,-73.1693,1720,6/15/1957,,Andes,Orinoco,Meta,Río Lengupá,1.57818186283112,1.9163635969162,2,2,0.829710125923157,0.960144937038422,1,1,1.05999994277954,2009,09,51,15.7,15.7,16.6419991016388,0,14.1898212432861,2009-09-01,10.605845451355,25.2929000854492,21.7300491333008
35080010,Pluviométrica,Convencional,Boyacá,Zetaquirá,5.283,-73.1693,1720,6/15/1957,,Andes,Orinoco,Meta,Río Lengupá,1.57818186283112,1.9163635969162,2,2,0.829710125923157,0.960144937038422,1,1,1.05999994277954,2009,09,52,29.2,29.2,30.9519983291626,0,12.2820091247559,2009-09-01,11.4148683547974,16.3095760345459,15.6251392364502
35080010,Pluviométrica,Convencional,Boyacá,Zetaquirá,5.283,-73.1693,1720,6/15/1957,,Andes,Orinoco,Meta,Río Lengupá,1.57818186283112,1.9163635969162,2,2,0.829710125923157,0.960144937038422,1,1,1.05999994277954,2009,09,53,5,5,5.29999971389771,0,14.0844593048096,2009-09-01,15.4233045578003,11.5144910812378,11.8722467422485
35080010,Pluviométrica,Convencional,Boyacá,Zetaquirá,5.283,-73.1693,1720,6/15/1957,,Andes,Orinoco,Meta,Río Lengupá,1.57818186283112,1.9163635969162,2,2,0.829710125923157,0.960144937038422,1,1,1.05999994277954,2009,09,54,1.3,1.3,1.3779999256134,0,7.23269701004028,2009-09-01,3.23819279670715,8.49158096313477,6.55851173400879
35080010,Pluviométrica,Convencional,Boyacá,Zetaquirá,5.283,-73.1693,1720,6/15/1957,,Andes,Orinoco,Meta,Río Lengupá,1.57818186283112,1.9163635969162,2,2,0.829710125923157,0.960144937038422,1,1,1.04999995231628,2009,10,55,11.6,11.6,12.1799994468689,0,25.211820602417,2009-10-01,31.7114582061768,16.9397621154785,18.9288959503174
35080010,Pluviométrica,Convencional,Boyacá,Zetaquirá,5.283,-73.1693,1720,6/15/1957,,Andes,Orinoco,Meta,Río Lengupá,1.57818186283112,1.9163635969162,2,2,0.829710125923157,0.960144937038422,1,1,1.04999995231628,2009,10,56,27.6,27.6,28.9799986839294,0,11.3794174194336,2009-10-01,3.01354479789734,16.8492240905762,9.5513219833374
35080010,Pluviométrica,Convencional,Boyacá,Zetaquirá,5.283,-73.1693,1720,6/15/1957,,Andes,Orinoco,Meta,Río Lengupá,1.57818186283112,1.9163635969162,2,2,0.829710125923157,0.960144937038422,1,1,1.04999995231628,2009,10,57,36.7,36.7,38.5349982500076,0,37.8272552490234,2009-10-01,60.5874176025391,27.9257354736328,37.0645866394043
35080010,Pluviométrica,Convencional,Boyacá,Zetaquirá,5.283,-73.1693,1720,6/15/1957,,Andes,Orinoco,Meta,Río Lengupá,1.57818186283112,1.9163635969162,2,2,0.829710125923157,0.960144937038422,1,1,1.04999995231628,2009,10,58,31.3,31.3,32.8649985074997,0,12.8233394622803,2009-10-01,9.0085277557373,18.6634178161621,23.3856239318848
35080010,Pluviométrica,Convencional,Boyacá,Zetaquirá,5.283,-73.1693,1720,6/15/1957,,Andes,Orinoco,Meta,Río Lengupá,1.57818186283112,1.9163635969162,2,2,0.829710125923157,0.960144937038422,1,1,1.04999995231628,2009,10,59,19.9,19.9,20.8949990510941,0,33.1797142028809,2009-10-01,50.7125663757324,34.5966262817383,49.9052658081055
35080010,Pluviométrica,Convencional,Boyacá,Zetaquirá,5.283,-73.1693,1720,6/15/1957,,Andes,Orinoco,Meta,Río Lengupá,1.57818186283112,1.9163635969162,2,2,0.829710125923157,0.960144937038422,1,1,1.04999995231628,2009,10,60,12.2,12.2,12.8099994182587,0,24.7638778686523,2009-10-01,19.9821434020996,17.495210647583,17.0317630767822
35080010,Pluviométrica,Convencional,Boyacá,Zetaquirá,5.283,-73.1693,1720,6/15/1957,,Andes,Orinoco,Meta,Río Lengupá,1.57818186283112,1.9163635969162,2,2,0.829710125923157,0.960144937038422,1,1,1.04999995231628,2009,11,61,8.4,8.4,8.81999959945679,0,23.4910259246826,2009-11-01,39.3006286621094,14.38685131073,22.6638088226318
35080010,Pluviométrica,Convencional,Boyacá,Zetaquirá,5.283,-73.1693,1720,6/15/1957,,Andes,Orinoco,Meta,Río Lengupá,1.57818186283112,1.9163635969162,2,2,0.829710125923157,0.960144937038422,1,1,1.04999995231628,2009,11,62,29.2,29.2,30.6599986076355,0,23.5825996398926,2009-11-01,39.2494125366211,18.2795219421387,26.7828712463379
35080010,Pluviométrica,Convencional,Boyacá,Zetaquirá,5.283,-73.1693,1720,6/15/1957,,Andes,Orinoco,Meta,Río Lengupá,1.57818186283112,1.9163635969162,2,2,0.829710125923157,0.960144937038422,1,1,1.04999995231628,2009,11,63,4.8,4.8,5.03999977111816,0,8.77224349975586,2009-11-01,5.86195039749146,7.0957293510437,5.68472242355347
35080010,Pluviométrica,Convencional,Boyacá,Zetaquirá,5.283,-73.1693,1720,6/15/1957,,Andes,Orinoco,Meta,Río Lengupá,1.57818186283112,1.9163635969162,2,2,0.829710125923157,0.960144937038422,1,1,1.04999995231628,2009,11,64,51.8,51.8,54.3899975299835,0,22.6225452423096,2009-11-01,43.4749717712402,28.4120178222656,44.9616661071777
35080010,Pluviométrica,Convencional,Boyacá,Zetaquirá,5.283,-73.1693,1720,6/15/1957,,Andes,Orinoco,Meta,Río Lengupá,1.57818186283112,1.9163635969162,2,2,0.829710125923157,0.960144937038422,1,1,1.04999995231628,2009,11,65,15.8,15.8,16.5899992465973,0,6.62023448944092,2009-11-01,3.17695188522339,6.11148166656494,5.25488710403442
35080010,Pluviométrica,Convencional,Boyacá,Zetaquirá,5.283,-73.1693,1720,6/15/1957,,Andes,Orinoco,Meta,Río Lengupá,1.57818186283112,1.9163635969162,2,2,0.829710125923157,0.960144937038422,1,1,1.04999995231628,2009,11,66,15.2,15.2,15.9599992752075,0,5.70685195922852,2009-11-01,1.68513894081116,5.26434469223023,3.7347354888916
35080010,Pluviométrica,Convencional,Boyacá,Zetaquirá,5.283,-73.1693,1720,6/15/1957,,Andes,Orinoco,Meta,Río Lengupá,1.57818186283112,1.9163635969162,2,2,0.829710125923157,0.960144937038422,1,1,1.07000005245209,2009,12,67,0,0,0,0,3.48948121070862,2009-12-01,2.16043901443481,1.8249808549881,1.72576379776001
35080010,Pluviométrica,Convencional,Boyacá,Zetaquirá,5.283,-73.1693,1720,6/15/1957,,Andes,Orinoco,Meta,Río Lengupá,1.57818186283112,1.9163635969162,2,2,0.829710125923157,0.960144937038422,1,1,1.07000005245209,2009,12,68,0,0,0,0,3.09195494651794,2009-12-01,1.77139663696289,2.11064553260803,2.04434323310852
35080010,Pluviométrica,Convencional,Boyacá,Zetaquirá,5.283,-73.1693,1720,6/15/1957,,Andes,Orinoco,Meta,Río Lengupá,1.57818186283112,1.9163635969162,2,2,0.829710125923157,0.960144937038422,1,1,1.07000005245209,2009,12,69,0,0,0,0,2.9888219833374,2009-12-01,2.95125102996826,1.73477411270142,2.55412912368774
35080010,Pluviométrica,Convencional,Boyacá,Zetaquirá,5.283,-73.1693,1720,6/15/1957,,Andes,Orinoco,Meta,Río Lengupá,1.57818186283112,1.9163635969162,2,2,0.829710125923157,0.960144937038422,1,1,1.07000005245209,2009,12,70,1.5,1.5,1.60500007867813,0,3.77591156959534,2009-12-01,4.43059635162354,3.4769241809845,6.45362138748169
35080010,Pluviométrica,Convencional,Boyacá,Zetaquirá,5.283,-73.1693,1720,6/15/1957,,Andes,Orinoco,Meta,Río Lengupá,1.57818186283112,1.9163635969162,2,2,0.829710125923157,0.960144937038422,1,1,1.07000005245209,2009,12,71,18.2,18.2,19.474000954628,0,5.77856636047363,2009-12-01,4.60251712799072,7.44938611984253,6.47701740264893
35080010,Pluviométrica,Convencional,Boyacá,Zetaquirá,5.283,-73.1693,1720,6/15/1957,,Andes,Orinoco,Meta,Río Lengupá,1.57818186283112,1.9163635969162,2,2,0.829710125923157,0.960144937038422,1,1,1.07000005245209,2009,12,72,5.2,5.2,5.56400027275086,0,15.3694410324097,2009-12-01,21.9979934692383,7.13498878479004,9.22635269165039
35080010,Pluviométrica,Convencional,Boyacá,Zetaquirá,5.283,-73.1693,1720,6/15/1957,,Andes,Orinoco,Meta,Río Lengupá,1.57818186283112,1.9163635969162,2,2,0.829710125923157,0.960144937038422,1,1,1.07000005245209,2010,01,1,0,0,0,0,4.90162229537964,2010-01-01,4.45475959777832,2.04823017120361,2.15927958488464
35080010,Pluviométrica,Convencional,Boyacá,Zetaquirá,5.283,-73.1693,1720,6/15/1957,,Andes,Orinoco,Meta,Río Lengupá,1.57818186283112,1.9163635969162,2,2,0.829710125923157,0.960144937038422,1,1,1.07000005245209,2010,01,2,6,6,6.42000031471252,0,5.92981910705566,2010-01-01,2.34820914268494,3.50095987319946,2.22412204742432
35080010,Pluviométrica,Convencional,Boyacá,Zetaquirá,5.283,-73.1693,1720,6/15/1957,,Andes,Orinoco,Meta,Río Lengupá,1.57818186283112,1.9163635969162,2,2,0.829710125923157,0.960144937038422,1,1,1.07000005245209,2010,01,3,0,0,0,0,6.42745304107666,2010-01-01,2.33185815811157,2.65492248535156,1.55643916130066
35080010,Pluviométrica,Convencional,Boyacá,Zetaquirá,5.283,-73.1693,1720,6/15/1957,,Andes,Orinoco,Meta,Río Lengupá,1.57818186283112,1.9163635969162,2,2,0.829710125923157,0.960144937038422,1,1,1.07000005245209,2010,01,4,0,0,0,0,6.38524150848389,2010-01-01,2.45718812942505,2.92943525314331,1.67409431934357
35080010,Pluviométrica,Convencional,Boyacá,Zetaquirá,5.283,-73.1693,1720,6/15/1957,,Andes,Orinoco,Meta,Río Lengupá,1.57818186283112,1.9163635969162,2,2,0.829710125923157,0.960144937038422,1,1,1.07000005245209,2010,01,5,0,0,0,0,5.83617258071899,2010-01-01,1.64468801021576,2.52672123908997,1.02838909626007
35080010,Pluviométrica,Convencional,Boyacá,Zetaquirá,5.283,-73.1693,1720,6/15/1957,,Andes,Orinoco,Meta,Río Lengupá,1.57818186283112,1.9163635969162,2,2,0.829710125923157,0.960144937038422,1,1,1.07000005245209,2010,01,6,0,0,0,0,7.16512298583984,2010-01-01,0.691168010234833,2.78557634353638,0.420773327350616
35080010,Pluviométrica,Convencional,Boyacá,Zetaquirá,5.283,-73.1693,1720,6/15/1957,,Andes,Orinoco,Meta,Río Lengupá,1.57818186283112,1.9163635969162,2,2,0.829710125923157,0.960144937038422,1,1,1.08000004291534,2010,02,7,1.3,1.3,1.40400005578995,0,8.68577194213867,2010-02-01,8.4219274520874,3.70927929878235,3.36521530151367
35080010,Pluviométrica,Convencional,Boyacá,Zetaquirá,5.283,-73.1693,1720,6/15/1957,,Andes,Orinoco,Meta,Río Lengupá,1.57818186283112,1.9163635969162,2,2,0.829710125923157,0.960144937038422,1,1,1.08000004291534,2010,02,8,0,0,0,0,4.9555082321167,2010-02-01,1.62601017951965,3.68880081176758,1.80906212329865
35080010,Pluviométrica,Convencional,Boyacá,Zetaquirá,5.283,-73.1693,1720,6/15/1957,,Andes,Orinoco,Meta,Río Lengupá,1.57818186283112,1.9163635969162,2,2,0.829710125923157,0.960144937038422,1,1,1.08000004291534,2010,02,9,0,0,0,0,4.87007904052734,2010-02-01,1.00317966938019,2.4321608543396,0.719644248485565
35080010,Pluviométrica,Convencional,Boyacá,Zetaquirá,5.283,-73.1693,1720,6/15/1957,,Andes,Orinoco,Meta,Río Lengupá,1.57818186283112,1.9163635969162,2,2,0.829710125923157,0.960144937038422,1,1,1.08000004291534,2010,02,10,0,0,0,0,6.72830152511597,2010-02-01,7.44888973236084,6.89987707138062,8.02431297302246
35080010,Pluviométrica,Convencional,Boyacá,Zetaquirá,5.283,-73.1693,1720,6/15/1957,,Andes,Orinoco,Meta,Río Lengupá,1.57818186283112,1.9163635969162,2,2,0.829710125923157,0.960144937038422,1,1,1.08000004291534,2010,02,11,23.8,23.8,25.7040010213852,0,24.7477684020996,2010-02-01,55.189338684082,23.4452342987061,31.3526363372803
35080010,Pluviométrica,Convencional,Boyacá,Zetaquirá,5.283,-73.1693,1720,6/15/1957,,Andes,Orinoco,Meta,Río Lengupá,1.57818186283112,1.9163635969162,2,2,0.829710125923157,0.960144937038422,1,1,1.08000004291534,2010,02,12,7,7,7.56000030040741,0,9.37297248840332,2010-02-01,34.1583709716797,6.13636112213135,12.4987134933472
35080010,Pluviométrica,Convencional,Boyacá,Zetaquirá,5.283,-73.1693,1720,6/15/1957,,Andes,Orinoco,Meta,Río Lengupá,1.57818186283112,1.9163635969162,2,2,0.829710125923157,0.960144937038422,1,1,1.08000004291534,2010,03,13,25.7,25.7,27.7560011029244,0,16.1947917938232,2010-03-01,26.5085544586182,16.6168556213379,20.6781959533691
35080010,Pluviométrica,Convencional,Boyacá,Zetaquirá,5.283,-73.1693,1720,6/15/1957,,Andes,Orinoco,Meta,Río Lengupá,1.57818186283112,1.9163635969162,2,2,0.829710125923157,0.960144937038422,1,1,1.08000004291534,2010,03,14,7.8,7.8,8.42400033473968,0,18.6978015899658,2010-03-01,29.2442932128906,22.1266098022461,31.2578411102295
35080010,Pluviométrica,Convencional,Boyacá,Zetaquirá,5.283,-73.1693,1720,6/15/1957,,Andes,Orinoco,Meta,Río Lengupá,1.57818186283112,1.9163635969162,2,2,0.829710125923157,0.960144937038422,1,1,1.08000004291534,2010,03,15,0,0,0,0,33.9765930175781,2010-03-01,62.4636421203613,11.8171434402466,18.5187225341797
35080010,Pluviométrica,Convencional,Boyacá,Zetaquirá,5.283,-73.1693,1720,6/15/1957,,Andes,Orinoco,Meta,Río Lengupá,1.57818186283112,1.9163635969162,2,2,0.829710125923157,0.960144937038422,1,1,1.08000004291534,2010,03,16,17.9,17.9,19.3320007681847,0,33.8227500915527,2010-03-01,61.9344520568848,36.8800201416016,47.7450981140137
35080010,Pluviométrica,Convencional,Boyacá,Zetaquirá,5.283,-73.1693,1720,6/15/1957,,Andes,Orinoco,Meta,Río Lengupá,1.57818186283112,1.9163635969162,2,2,0.829710125923157,0.960144937038422,1,1,1.08000004291534,2010,03,17,0,0,0,0,2.84222221374512,2010-03-01,0,2.03276133537292,0
35080010,Pluviométrica,Convencional,Boyacá,Zetaquirá,5.283,-73.1693,1720,6/15/1957,,Andes,Orinoco,Meta,Río Lengupá,1.57818186283112,1.9163635969162,2,2,0.829710125923157,0.960144937038422,1,1,1.08000004291534,2010,03,18,29.5,29.5,31.8600012660027,0,12.0082139968872,2010-03-01,10.1750059127808,21.0641384124756,22.9579086303711
35080010,Pluviométrica,Convencional,Boyacá,Zetaquirá,5.283,-73.1693,1720,6/15/1957,,Andes,Orinoco,Meta,Río Lengupá,1.57818186283112,1.9163635969162,2,2,0.829710125923157,0.960144937038422,1,1,1.05999994277954,2010,04,19,15.6,15.6,16.5359991073608,0,28.1896095275879,2010-04-01,32.1325798034668,16.2518939971924,18.5458965301514
35080010,Pluviométrica,Convencional,Boyacá,Zetaquirá,5.283,-73.1693,1720,6/15/1957,,Andes,Orinoco,Meta,Río Lengupá,1.57818186283112,1.9163635969162,2,2,0.829710125923157,0.960144937038422,1,1,1.05999994277954,2010,04,20,46.4,46.4,49.1839973449707,0,34.1914176940918,2010-04-01,41.0738296508789,42.7043914794922,49.3791732788086
35080010,Pluviométrica,Convencional,Boyacá,Zetaquirá,5.283,-73.1693,1720,6/15/1957,,Andes,Orinoco,Meta,Río Lengupá,1.57818186283112,1.9163635969162,2,2,0.829710125923157,0.960144937038422,1,1,1.05999994277954,2010,04,21,88.1,88.1,93.3859949588776,0,38.407642364502,2010-04-01,46.7534103393555,48.2633781433106,56.4030838012695
35080010,Pluviométrica,Convencional,Boyacá,Zetaquirá,5.283,-73.1693,1720,6/15/1957,,Andes,Orinoco,Meta,Río Lengupá,1.57818186283112,1.9163635969162,2,2,0.829710125923157,0.960144937038422,1,1,1.05999994277954,2010,04,22,30,30,31.7999982833862,0,31.9876708984375,2010-04-01,40.3632354736328,31.8882503509522,38.0639495849609
35080010,Pluviométrica,Convencional,Boyacá,Zetaquirá,5.283,-73.1693,1720,6/15/1957,,Andes,Orinoco,Meta,Río Lengupá,1.57818186283112,1.9163635969162,2,2,0.829710125923157,0.960144937038422,1,1,1.05999994277954,2010,04,23,51.4,51.4,54.4839970588684,0,17.4513416290283,2010-04-01,17.3797435760498,29.5746955871582,35.9869728088379
35080010,Pluviométrica,Convencional,Boyacá,Zetaquirá,5.283,-73.1693,1720,6/15/1957,,Andes,Orinoco,Meta,Río Lengupá,1.57818186283112,1.9163635969162,2,2,0.829710125923157,0.960144937038422,1,1,1.05999994277954,2010,04,24,73.7,73.7,78.1219957828522,0,33.8971748352051,2010-04-01,48.5274543762207,36.2919006347656,44.4493446350098
35080010,Pluviométrica,Convencional,Boyacá,Zetaquirá,5.283,-73.1693,1720,6/15/1957,,Andes,Orinoco,Meta,Río Lengupá,1.57818186283112,1.9163635969162,2,2,0.829710125923157,0.960144937038422,1,1,1.04999995231628,2010,05,25,26.7,26.7,28.0349987268448,0,23.9049243927002,2010-05-01,32.2889747619629,27.4919147491455,35.9386291503906
35080010,Pluviométrica,Convencional,Boyacá,Zetaquirá,5.283,-73.1693,1720,6/15/1957,,Andes,Orinoco,Meta,Río Lengupá,1.57818186283112,1.9163635969162,2,2,0.829710125923157,0.960144937038422,1,1,1.04999995231628,2010,05,26,53.9,53.9,56.5949974298477,0,23.8540592193604,2010-05-01,40.1302909851074,29.9628524780273,41.1327972412109
35080010,Pluviométrica,Convencional,Boyacá,Zetaquirá,5.283,-73.1693,1720,6/15/1957,,Andes,Orinoco,Meta,Río Lengupá,1.57818186283112,1.9163635969162,2,2,0.829710125923157,0.960144937038422,1,1,1.04999995231628,2010,05,27,89.6,89.6,94.0799957275391,0,12.1063289642334,2010-05-01,10.8570432662964,23.6375102996826,25.1631488800049
35080010,Pluviométrica,Convencional,Boyacá,Zetaquirá,5.283,-73.1693,1720,6/15/1957,,Andes,Orinoco,Meta,Río Lengupá,1.57818186283112,1.9163635969162,2,2,0.829710125923157,0.960144937038422,1,1,1.04999995231628,2010,05,28,33.8,33.8,35.4899983882904,0,17.8320083618164,2010-05-01,26.6658363342285,32.79052734375,43.7324485778809
35080010,Pluviométrica,Convencional,Boyacá,Zetaquirá,5.283,-73.1693,1720,6/15/1957,,Andes,Orinoco,Meta,Río Lengupá,1.57818186283112,1.9163635969162,2,2,0.829710125923157,0.960144937038422,1,1,1.04999995231628,2010,05,29,32.4,32.4,34.0199984550476,0,22.5801048278809,2010-05-01,37.885009765625,36.0816459655762,52.8543548583984
35080010,Pluviométrica,Convencional,Boyacá,Zetaquirá,5.283,-73.1693,1720,6/15/1957,,Andes,Orinoco,Meta,Río Lengupá,1.57818186283112,1.9163635969162,2,2,0.829710125923157,0.960144937038422,1,1,1.04999995231628,2010,05,30,89.8,89.8,94.2899957180023,0,69.3696365356445,2010-05-01,119.498588562012,103.266288757324,137.041915893555
35080010,Pluviométrica,Convencional,Boyacá,Zetaquirá,5.283,-73.1693,1720,6/15/1957,,Andes,Orinoco,Meta,Río Lengupá,1.57818186283112,1.9163635969162,2,2,0.829710125923157,0.960144937038422,1,1,1.04999995231628,2010,06,31,48.6,48.6,51.0299976825714,0,26.5543632507324,2010-06-01,32.9699592590332,39.7705230712891,68.4229507446289
35080010,Pluviométrica,Convencional,Boyacá,Zetaquirá,5.283,-73.1693,1720,6/15/1957,,Andes,Orinoco,Meta,Río Lengupá,1.57818186283112,1.9163635969162,2,2,0.829710125923157,0.960144937038422,1,1,1.04999995231628,2010,06,32,33,33,34.6499984264374,0,28.9357528686523,2010-06-01,36.1031303405762,28.1205997467041,34.6109580993652
35080010,Pluviométrica,Convencional,Boyacá,Zetaquirá,5.283,-73.1693,1720,6/15/1957,,Andes,Orinoco,Meta,Río Lengupá,1.57818186283112,1.9163635969162,2,2,0.829710125923157,0.960144937038422,1,1,1.04999995231628,2010,06,33,63,63,66.1499969959259,0,12.4563903808594,2010-06-01,4.52828788757324,28.1467742919922,17.9521083831787
35080010,Pluviométrica,Convencional,Boyacá,Zetaquirá,5.283,-73.1693,1720,6/15/1957,,Andes,Orinoco,Meta,Río Lengupá,1.57818186283112,1.9163635969162,2,2,0.829710125923157,0.960144937038422,1,1,1.04999995231628,2010,06,34,21,21,22.049998998642,0,62.9936294555664,2010-06-01,109.079048156738,50.4162902832031,63.8093185424805
35080010,Pluviométrica,Convencional,Boyacá,Zetaquirá,5.283,-73.1693,1720,6/15/1957,,Andes,Orinoco,Meta,Río Lengupá,1.57818186283112,1.9163635969162,2,2,0.829710125923157,0.960144937038422,1,1,1.04999995231628,2010,06,35,54.2,54.2,56.9099974155426,0,46.6704330444336,2010-06-01,67.7274703979492,34.1553611755371,40.5711555480957
35080010,Pluviométrica,Convencional,Boyacá,Zetaquirá,5.283,-73.1693,1720,6/15/1957,,Andes,Orinoco,Meta,Río Lengupá,1.57818186283112,1.9163635969162,2,2,0.829710125923157,0.960144937038422,1,1,1.04999995231628,2010,06,36,53.3,53.3,55.964997458458,0,33.5219268798828,2010-06-01,43.5783309936523,35.0346641540527,36.1699333190918
35080010,Pluviométrica,Convencional,Boyacá,Zetaquirá,5.283,-73.1693,1720,6/15/1957,,Andes,Orinoco,Meta,Río Lengupá,1.57818186283112,1.9163635969162,2,2,0.829710125923157,0.960144937038422,1,1,1.03999996185303,2010,07,37,76.7,76.7,79.7679970741272,0,34.8113708496094,2010-07-01,43.4754104614258,58.5447502136231,61.6655197143555
35080010,Pluviométrica,Convencional,Boyacá,Zetaquirá,5.283,-73.1693,1720,6/15/1957,,Andes,Orinoco,Meta,Río Lengupá,1.57818186283112,1.9163635969162,2,2,0.829710125923157,0.960144937038422,1,1,1.03999996185303,2010,07,38,143.7,143.7,149.44799451828,0,85.1637878417969,2010-07-01,113.484298706055,104.188026428223,106.69580078125
35080010,Pluviométrica,Convencional,Boyacá,Zetaquirá,5.283,-73.1693,1720,6/15/1957,,Andes,Orinoco,Meta,Río Lengupá,1.57818186283112,1.9163635969162,2,2,0.829710125923157,0.960144937038422,1,1,1.03999996185303,2010,07,39,42.9,42.9,44.6159983634949,0,77.5841369628906,2010-07-01,111.551971435547,63.3225479125977,65.5929946899414
35080010,Pluviométrica,Convencional,Boyacá,Zetaquirá,5.283,-73.1693,1720,6/15/1957,,Andes,Orinoco,Meta,Río Lengupá,1.57818186283112,1.9163635969162,2,2,0.829710125923157,0.960144937038422,1,1,1.03999996185303,2010,07,40,29.8,29.8,30.9919988632202,0,88.3848190307617,2010-07-01,126.046783447266,66.7054672241211,69.7051620483398
35080010,Pluviométrica,Convencional,Boyacá,Zetaquirá,5.283,-73.1693,1720,6/15/1957,,Andes,Orinoco,Meta,Río Lengupá,1.57818186283112,1.9163635969162,2,2,0.829710125923157,0.960144937038422,1,1,1.03999996185303,2010,07,41,69,69,71.7599973678589,0,19.4522914886475,2010-07-01,16.6294422149658,44.1625022888184,46.1514358520508
35080010,Pluviométrica,Convencional,Boyacá,Zetaquirá,5.283,-73.1693,1720,6/15/1957,,Andes,Orinoco,Meta,Río Lengupá,1.57818186283112,1.9163635969162,2,2,0.829710125923157,0.960144937038422,1,1,1.03999996185303,2010,07,42,44.3,44.3,46.0719983100891,0,51.334846496582,2010-07-01,59.3108558654785,60.7865676879883,62.4907913208008
35080010,Pluviométrica,Convencional,Boyacá,Zetaquirá,5.283,-73.1693,1720,6/15/1957,,Andes,Orinoco,Meta,Río Lengupá,1.57818186283112,1.9163635969162,2,2,0.829710125923157,0.960144937038422,1,1,1.05999994277954,2010,08,43,29.5,29.5,31.2699983119965,0,39.8417472839355,2010-08-01,57.6715698242188,31.2545623779297,35.745044708252
35080010,Pluviométrica,Convencional,Boyacá,Zetaquirá,5.283,-73.1693,1720,6/15/1957,,Andes,Orinoco,Meta,Río Lengupá,1.57818186283112,1.9163635969162,2,2,0.829710125923157,0.960144937038422,1,1,1.05999994277954,2010,08,44,16.8,16.8,17.8079990386963,0,15.7296123504639,2010-08-01,4.50812482833862,12.8904905319214,8.925461769104
35080010,Pluviométrica,Convencional,Boyacá,Zetaquirá,5.283,-73.1693,1720,6/15/1957,,Andes,Orinoco,Meta,Río Lengupá,1.57818186283112,1.9163635969162,2,2,0.829710125923157,0.960144937038422,1,1,1.05999994277954,2010,08,45,30,30,31.7999982833862,0,28.3697624206543,2010-08-01,29.5826435089111,40.7668342590332,50.5112838745117
35080010,Pluviométrica,Convencional,Boyacá,Zetaquirá,5.283,-73.1693,1720,6/15/1957,,Andes,Orinoco,Meta,Río Lengupá,1.57818186283112,1.9163635969162,2,2,0.829710125923157,0.960144937038422,1,1,1.05999994277954,2010,08,46,4.4,4.4,4.66399974822998,0,29.2347450256348,2010-08-01,29.2640514373779,11.2452402114868,12.0277528762817
35080010,Pluviométrica,Convencional,Boyacá,Zetaquirá,5.283,-73.1693,1720,6/15/1957,,Andes,Orinoco,Meta,Río Lengupá,1.57818186283112,1.9163635969162,2,2,0.829710125923157,0.960144937038422,1,1,1.05999994277954,2010,08,47,14.4,14.4,15.2639991760254,0,28.2552375793457,2010-08-01,32.162036895752,22.5562381744385,24.3262042999268
35080010,Pluviométrica,Convencional,Boyacá,Zetaquirá,5.283,-73.1693,1720,6/15/1957,,Andes,Orinoco,Meta,Río Lengupá,1.57818186283112,1.9163635969162,2,2,0.829710125923157,0.960144937038422,1,1,1.05999994277954,2010,08,48,53.8,53.8,57.0279969215393,0,30.8366165161133,2010-08-01,18.1127166748047,30.9258861541748,24.8376293182373
35080010,Pluviométrica,Convencional,Boyacá,Zetaquirá,5.283,-73.1693,1720,6/15/1957,,Andes,Orinoco,Meta,Río Lengupá,1.57818186283112,1.9163635969162,2,2,0.829710125923157,0.960144937038422,1,1,1.05999994277954,2010,09,49,42,42,44.5199975967407,0,37.2296981811523,2010-09-01,69.9385452270508,35.0450325012207,41.778865814209
35080010,Pluviométrica,Convencional,Boyacá,Zetaquirá,5.283,-73.1693,1720,6/15/1957,,Andes,Orinoco,Meta,Río Lengupá,1.57818186283112,1.9163635969162,2,2,0.829710125923157,0.960144937038422,1,1,1.05999994277954,2010,09,50,46.4,46.4,49.1839973449707,0,24.6530818939209,2010-09-01,41.8779563903809,30.0653457641602,37.3714256286621
35080010,Pluviométrica,Convencional,Boyacá,Zetaquirá,5.283,-73.1693,1720,6/15/1957,,Andes,Orinoco,Meta,Río Lengupá,1.57818186283112,1.9163635969162,2,2,0.829710125923157,0.960144937038422,1,1,1.05999994277954,2010,09,51,0,0,0,0,15.8095178604126,2010-09-01,13.7046155929565,7.28807544708252,5.89205121994019
35080010,Pluviométrica,Convencional,Boyacá,Zetaquirá,5.283,-73.1693,1720,6/15/1957,,Andes,Orinoco,Meta,Río Lengupá,1.57818186283112,1.9163635969162,2,2,0.829710125923157,0.960144937038422,1,1,1.05999994277954,2010,09,52,0.5,0.5,0.529999971389771,0,17.8210182189941,2010-09-01,18.9373321533203,7.96248531341553,7.67890596389771
35080010,Pluviométrica,Convencional,Boyacá,Zetaquirá,5.283,-73.1693,1720,6/15/1957,,Andes,Orinoco,Meta,Río Lengupá,1.57818186283112,1.9163635969162,2,2,0.829710125923157,0.960144937038422,1,1,1.05999994277954,2010,09,53,1.8,1.8,1.90799989700317,0,30.0536117553711,2010-09-01,44.9433250427246,11.2412662506104,14.1583967208862
35080010,Pluviométrica,Convencional,Boyacá,Zetaquirá,5.283,-73.1693,1720,6/15/1957,,Andes,Orinoco,Meta,Río Lengupá,1.57818186283112,1.9163635969162,2,2,0.829710125923157,0.960144937038422,1,1,1.05999994277954,2010,09,54,12.8,12.8,13.5679992675781,0,14.0692090988159,2010-09-01,18.3285293579102,10.9335327148438,15.7595224380493
35080010,Pluviométrica,Convencional,Boyacá,Zetaquirá,5.283,-73.1693,1720,6/15/1957,,Andes,Orinoco,Meta,Río Lengupá,1.57818186283112,1.9163635969162,2,2,0.829710125923157,0.960144937038422,1,1,1.04999995231628,2010,10,55,23.4,23.4,24.5699988842011,0,42.4070739746094,2010-10-01,68.2211456298828,34.0967597961426,42.9994621276856
35080010,Pluviométrica,Convencional,Boyacá,Zetaquirá,5.283,-73.1693,1720,6/15/1957,,Andes,Orinoco,Meta,Río Lengupá,1.57818186283112,1.9163635969162,2,2,0.829710125923157,0.960144937038422,1,1,1.04999995231628,2010,10,56,28.6,28.6,30.0299986362457,0,19.8584613800049,2010-10-01,22.4684181213379,26.7552223205566,32.8549194335938
35080010,Pluviométrica,Convencional,Boyacá,Zetaquirá,5.283,-73.1693,1720,6/15/1957,,Andes,Orinoco,Meta,Río Lengupá,1.57818186283112,1.9163635969162,2,2,0.829710125923157,0.960144937038422,1,1,1.04999995231628,2010,10,57,14.5,14.5,15.2249993085861,0,13.1523857116699,2010-10-01,7.46092987060547,12.5937671661377,14.6582870483398
35080010,Pluviométrica,Convencional,Boyacá,Zetaquirá,5.283,-73.1693,1720,6/15/1957,,Andes,Orinoco,Meta,Río Lengupá,1.57818186283112,1.9163635969162,2,2,0.829710125923157,0.960144937038422,1,1,1.04999995231628,2010,10,58,41.2,41.2,43.2599980354309,0,47.5731391906738,2010-10-01,83.4985122680664,46.258918762207,66.0386047363281
35080010,Pluviométrica,Convencional,Boyacá,Zetaquirá,5.283,-73.1693,1720,6/15/1957,,Andes,Orinoco,Meta,Río Lengupá,1.57818186283112,1.9163635969162,2,2,0.829710125923157,0.960144937038422,1,1,1.04999995231628,2010,10,59,21.8,21.8,22.889998960495,0,27.8909511566162,2010-10-01,36.7529144287109,20.0219898223877,27.3908882141113
35080010,Pluviométrica,Convencional,Boyacá,Zetaquirá,5.283,-73.1693,1720,6/15/1957,,Andes,Orinoco,Meta,Río Lengupá,1.57818186283112,1.9163635969162,2,2,0.829710125923157,0.960144937038422,1,1,1.04999995231628,2010,10,60,32.7,32.7,34.3349984407425,0,46.8400993347168,2010-10-01,62.7712516784668,31.6951713562012,42.0483245849609
35080010,Pluviométrica,Convencional,Boyacá,Zetaquirá,5.283,-73.1693,1720,6/15/1957,,Andes,Orinoco,Meta,Río Lengupá,1.57818186283112,1.9163635969162,2,2,0.829710125923157,0.960144937038422,1,1,1.04999995231628,2010,11,61,45.5,45.5,47.7749978303909,0,24.2092380523682,2010-11-01,42.4362182617188,20.0711212158203,28.1272125244141
35080010,Pluviométrica,Convencional,Boyacá,Zetaquirá,5.283,-73.1693,1720,6/15/1957,,Andes,Orinoco,Meta,Río Lengupá,1.57818186283112,1.9163635969162,2,2,0.829710125923157,0.960144937038422,1,1,1.04999995231628,2010,11,62,32.3,32.3,33.914998459816,0,46.7418556213379,2010-11-01,95.0683975219727,41.7441711425781,65.1616134643555
35080010,Pluviométrica,Convencional,Boyacá,Zetaquirá,5.283,-73.1693,1720,6/15/1957,,Andes,Orinoco,Meta,Río Lengupá,1.57818186283112,1.9163635969162,2,2,0.829710125923157,0.960144937038422,1,1,1.04999995231628,2010,11,63,51.8,51.8,54.3899975299835,0,25.449089050293,2010-11-01,42.6259613037109,38.5704460144043,57.5407791137695
35080010,Pluviométrica,Convencional,Boyacá,Zetaquirá,5.283,-73.1693,1720,6/15/1957,,Andes,Orinoco,Meta,Río Lengupá,1.57818186283112,1.9163635969162,2,2,0.829710125923157,0.960144937038422,1,1,1.04999995231628,2010,11,64,12.1,12.1,12.704999423027,0,26.6531257629395,2010-11-01,51.8311882019043,29.3233604431152,45.7671051025391
35080010,Pluviométrica,Convencional,Boyacá,Zetaquirá,5.283,-73.1693,1720,6/15/1957,,Andes,Orinoco,Meta,Río Lengupá,1.57818186283112,1.9163635969162,2,2,0.829710125923157,0.960144937038422,1,1,1.04999995231628,2010,11,65,57,57,59.8499972820282,0,6.62023448944092,2010-11-01,3.17695188522339,11.7438697814941,12.1331481933594
35080010,Pluviométrica,Convencional,Boyacá,Zetaquirá,5.283,-73.1693,1720,6/15/1957,,Andes,Orinoco,Meta,Río Lengupá,1.57818186283112,1.9163635969162,2,2,0.829710125923157,0.960144937038422,1,1,1.04999995231628,2010,11,66,5,5,5.24999976158142,0,12.9420852661133,2010-11-01,23.153491973877,17.4740467071533,29.0663928985596
35080010,Pluviométrica,Convencional,Boyacá,Zetaquirá,5.283,-73.1693,1720,6/15/1957,,Andes,Orinoco,Meta,Río Lengupá,1.57818186283112,1.9163635969162,2,2,0.829710125923157,0.960144937038422,1,1,1.07000005245209,2010,12,67,75.1,75.1,80.3570039391518,0,30.8006744384766,2010-12-01,106.401626586914,49.7179145812988,82.5460815429688
35080010,Pluviométrica,Convencional,Boyacá,Zetaquirá,5.283,-73.1693,1720,6/15/1957,,Andes,Orinoco,Meta,Río Lengupá,1.57818186283112,1.9163635969162,2,2,0.829710125923157,0.960144937038422,1,1,1.07000005245209,2010,12,68,58.1,58.1,62.1670030474663,0,5.31622314453125,2010-12-01,7.85927295684815,6.1184287071228,7.8154034614563
35080010,Pluviométrica,Convencional,Boyacá,Zetaquirá,5.283,-73.1693,1720,6/15/1957,,Andes,Orinoco,Meta,Río Lengupá,1.57818186283112,1.9163635969162,2,2,0.829710125923157,0.960144937038422,1,1,1.07000005245209,2010,12,69,26.4,26.4,28.2480013847351,0,11.0516128540039,2010-12-01,31.6300029754639,15.1528730392456,25.1831150054932
35080010,Pluviométrica,Convencional,Boyacá,Zetaquirá,5.283,-73.1693,1720,6/15/1957,,Andes,Orinoco,Meta,Río Lengupá,1.57818186283112,1.9163635969162,2,2,0.829710125923157,0.960144937038422,1,1,1.07000005245209,2010,12,70,0.7,0.7,0.749000036716461,0,14.1270065307617,2010-12-01,41.2281608581543,12.4821481704712,22.8194065093994
35080010,Pluviométrica,Convencional,Boyacá,Zetaquirá,5.283,-73.1693,1720,6/15/1957,,Andes,Orinoco,Meta,Río Lengupá,1.57818186283112,1.9163635969162,2,2,0.829710125923157,0.960144937038422,1,1,1.07000005245209,2010,12,71,47.5,47.5,50.8250024914742,0,6.4536018371582,2010-12-01,11.2992238998413,11.2808866500855,25.1244697570801
35080010,Pluviométrica,Convencional,Boyacá,Zetaquirá,5.283,-73.1693,1720,6/15/1957,,Andes,Orinoco,Meta,Río Lengupá,1.57818186283112,1.9163635969162,2,2,0.829710125923157,0.960144937038422,1,1,1.07000005245209,2010,12,72,0,0,0,0,14.3746643066406,2010-12-01,19.6755104064941,9.92195987701416,16.6257934570313
35080010,Pluviométrica,Convencional,Boyacá,Zetaquirá,5.283,-73.1693,1720,6/15/1957,,Andes,Orinoco,Meta,Río Lengupá,1.57818186283112,1.9163635969162,2,2,0.829710125923157,0.960144937038422,1,1,1.07000005245209,2011,01,1,0,0,0,0,4.90162229537964,2011-01-01,4.45475959777832,5.16648864746094,5.54130601882935
35080010,Pluviométrica,Convencional,Boyacá,Zetaquirá,5.283,-73.1693,1720,6/15/1957,,Andes,Orinoco,Meta,Río Lengupá,1.57818186283112,1.9163635969162,2,2,0.829710125923157,0.960144937038422,1,1,1.07000005245209,2011,01,2,44.9,44.9,48.0430023550987,0,22.0402641296387,2011-01-01,21.9428081512451,22.6801052093506,23.7813701629639
35080010,Pluviométrica,Convencional,Boyacá,Zetaquirá,5.283,-73.1693,1720,6/15/1957,,Andes,Orinoco,Meta,Río Lengupá,1.57818186283112,1.9163635969162,2,2,0.829710125923157,0.960144937038422,1,1,1.07000005245209,2011,01,3,0,0,0,0,6.42745304107666,2011-01-01,2.33185815811157,2.76804065704346,1.72118055820465
35080010,Pluviométrica,Convencional,Boyacá,Zetaquirá,5.283,-73.1693,1720,6/15/1957,,Andes,Orinoco,Meta,Río Lengupá,1.57818186283112,1.9163635969162,2,2,0.829710125923157,0.960144937038422,1,1,1.07000005245209,2011,01,4,0,0,0,0,6.38524150848389,2011-01-01,2.45718812942505,2.77837705612183,1.64073264598846
35080010,Pluviométrica,Convencional,Boyacá,Zetaquirá,5.283,-73.1693,1720,6/15/1957,,Andes,Orinoco,Meta,Río Lengupá,1.57818186283112,1.9163635969162,2,2,0.829710125923157,0.960144937038422,1,1,1.07000005245209,2011,01,5,0,0,0,0,5.83617258071899,2011-01-01,1.64468801021576,2.59316802024841,1.15957677364349
35080010,Pluviométrica,Convencional,Boyacá,Zetaquirá,5.283,-73.1693,1720,6/15/1957,,Andes,Orinoco,Meta,Río Lengupá,1.57818186283112,1.9163635969162,2,2,0.829710125923157,0.960144937038422,1,1,1.07000005245209,2011,01,6,0,0,0,0,7.16512298583984,2011-01-01,0.691168010234833,5.3954668045044,0.902988016605377
35080010,Pluviométrica,Convencional,Boyacá,Zetaquirá,5.283,-73.1693,1720,6/15/1957,,Andes,Orinoco,Meta,Río Lengupá,1.57818186283112,1.9163635969162,2,2,0.829710125923157,0.960144937038422,1,1,1.08000004291534,2011,02,7,1.5,1.5,1.62000006437302,0,6.01072120666504,2011-02-01,2.83520841598511,3.94238376617432,2.47129154205322
35080010,Pluviométrica,Convencional,Boyacá,Zetaquirá,5.283,-73.1693,1720,6/15/1957,,Andes,Orinoco,Meta,Río Lengupá,1.57818186283112,1.9163635969162,2,2,0.829710125923157,0.960144937038422,1,1,1.08000004291534,2011,02,8,7.2,7.2,7.77600030899048,0,4.9555082321167,2011-02-01,1.62601017951965,7.37123870849609,3.33460474014282
35080010,Pluviométrica,Convencional,Boyacá,Zetaquirá,5.283,-73.1693,1720,6/15/1957,,Andes,Orinoco,Meta,Río Lengupá,1.57818186283112,1.9163635969162,2,2,0.829710125923157,0.960144937038422,1,1,1.08000004291534,2011,02,9,80.4,80.4,86.8320034503937,0,10.9669561386108,2011-02-01,19.0247669219971,13.0681810379028,19.5980129241943
35080010,Pluviométrica,Convencional,Boyacá,Zetaquirá,5.283,-73.1693,1720,6/15/1957,,Andes,Orinoco,Meta,Río Lengupá,1.57818186283112,1.9163635969162,2,2,0.829710125923157,0.960144937038422,1,1,1.08000004291534,2011,02,10,9.2,9.2,9.93600039482117,0,22.0116901397705,2011-02-01,52.4844169616699,16.2148532867432,20.5410175323486
35080010,Pluviométrica,Convencional,Boyacá,Zetaquirá,5.283,-73.1693,1720,6/15/1957,,Andes,Orinoco,Meta,Río Lengupá,1.57818186283112,1.9163635969162,2,2,0.829710125923157,0.960144937038422,1,1,1.08000004291534,2011,02,11,11,11,11.8800004720688,0,8.03793907165527,2011-02-01,11.5918226242065,17.3685188293457,22.2793464660645
35080010,Pluviométrica,Convencional,Boyacá,Zetaquirá,5.283,-73.1693,1720,6/15/1957,,Andes,Orinoco,Meta,Río Lengupá,1.57818186283112,1.9163635969162,2,2,0.829710125923157,0.960144937038422,1,1,1.08000004291534,2011,02,12,25.7,25.7,27.7560011029244,0,15.8621664047241,2011-02-01,61.7400970458984,17.1954040527344,25.7723731994629
35080010,Pluviométrica,Convencional,Boyacá,Zetaquirá,5.283,-73.1693,1720,6/15/1957,,Andes,Orinoco,Meta,Río Lengupá,1.57818186283112,1.9163635969162,2,2,0.829710125923157,0.960144937038422,1,1,1.08000004291534,2011,03,13,22.8,22.8,24.6240009784699,0,4.95243215560913,2011-03-01,1.70680463314056,14.2737255096436,8.75474452972412
35080010,Pluviométrica,Convencional,Boyacá,Zetaquirá,5.283,-73.1693,1720,6/15/1957,,Andes,Orinoco,Meta,Río Lengupá,1.57818186283112,1.9163635969162,2,2,0.829710125923157,0.960144937038422,1,1,1.08000004291534,2011,03,14,54.8,54.8,59.1840023517609,0,27.8331699371338,2011-03-01,44.5954551696777,42.5004920959473,58.4941253662109
35080010,Pluviométrica,Convencional,Boyacá,Zetaquirá,5.283,-73.1693,1720,6/15/1957,,Andes,Orinoco,Meta,Río Lengupá,1.57818186283112,1.9163635969162,2,2,0.829710125923157,0.960144937038422,1,1,1.08000004291534,2011,03,15,0,0,0,0,3.54349970817566,2011-03-01,0,2.92065715789795,0
35080010,Pluviométrica,Convencional,Boyacá,Zetaquirá,5.283,-73.1693,1720,6/15/1957,,Andes,Orinoco,Meta,Río Lengupá,1.57818186283112,1.9163635969162,2,2,0.829710125923157,0.960144937038422,1,1,1.08000004291534,2011,03,16,22.8,22.8,24.6240009784699,0,4.72565937042236,2011-03-01,0.233282446861267,14.0117378234863,1.32747328281403
35080010,Pluviométrica,Convencional,Boyacá,Zetaquirá,5.283,-73.1693,1720,6/15/1957,,Andes,Orinoco,Meta,Río Lengupá,1.57818186283112,1.9163635969162,2,2,0.829710125923157,0.960144937038422,1,1,1.08000004291534,2011,03,17,33.1,33.1,35.7480014204979,0,17.5405807495117,2011-03-01,26.5524806976318,30.6309185028076,44.2519340515137
35080010,Pluviométrica,Convencional,Boyacá,Zetaquirá,5.283,-73.1693,1720,6/15/1957,,Andes,Orinoco,Meta,Río Lengupá,1.57818186283112,1.9163635969162,2,2,0.829710125923157,0.960144937038422,1,1,1.08000004291534,2011,03,18,0.7,0.7,0.756000030040741,0,21.7811717987061,2011-03-01,26.4140872955322,14.8073539733887,20.0768432617188
35080010,Pluviométrica,Convencional,Boyacá,Zetaquirá,5.283,-73.1693,1720,6/15/1957,,Andes,Orinoco,Meta,Río Lengupá,1.57818186283112,1.9163635969162,2,2,0.829710125923157,0.960144937038422,1,1,1.05999994277954,2011,04,19,0.9,0.9,0.953999948501587,0,4.93328285217285,2011-04-01,0,4.02430534362793,0
35080010,Pluviométrica,Convencional,Boyacá,Zetaquirá,5.283,-73.1693,1720,6/15/1957,,Andes,Orinoco,Meta,Río Lengupá,1.57818186283112,1.9163635969162,2,2,0.829710125923157,0.960144937038422,1,1,1.05999994277954,2011,04,20,39.3,39.3,41.657997751236,0,41.4552307128906,2011-04-01,50.6936416625977,45.8976173400879,54.8329162597656
35080010,Pluviométrica,Convencional,Boyacá,Zetaquirá,5.283,-73.1693,1720,6/15/1957,,Andes,Orinoco,Meta,Río Lengupá,1.57818186283112,1.9163635969162,2,2,0.829710125923157,0.960144937038422,1,1,1.05999994277954,2011,04,21,29.2,29.2,30.9519983291626,0,11.6477041244507,2011-04-01,7.92815971374512,25.5723552703857,24.7116641998291
35080010,Pluviométrica,Convencional,Boyacá,Zetaquirá,5.283,-73.1693,1720,6/15/1957,,Andes,Orinoco,Meta,Río Lengupá,1.57818186283112,1.9163635969162,2,2,0.829710125923157,0.960144937038422,1,1,1.05999994277954,2011,04,22,108.7,108.7,115.221993780136,0,48.6298408508301,2011-04-01,61.4772415161133,77.0261383056641,92.8319625854492
35080010,Pluviométrica,Convencional,Boyacá,Zetaquirá,5.283,-73.1693,1720,6/15/1957,,Andes,Orinoco,Meta,Río Lengupá,1.57818186283112,1.9163635969162,2,2,0.829710125923157,0.960144937038422,1,1,1.05999994277954,2011,04,23,67.5,67.5,71.549996137619,0,39.3008308410645,2011-04-01,52.2901916503906,53.5900573730469,67.4752883911133
35080010,Pluviométrica,Convencional,Boyacá,Zetaquirá,5.283,-73.1693,1720,6/15/1957,,Andes,Orinoco,Meta,Río Lengupá,1.57818186283112,1.9163635969162,2,2,0.829710125923157,0.960144937038422,1,1,1.05999994277954,2011,04,24,2,2,2.11999988555908,0,24.5168609619141,2011-04-01,33.9755706787109,19.9808158874512,28.1627712249756
35080010,Pluviométrica,Convencional,Boyacá,Zetaquirá,5.283,-73.1693,1720,6/15/1957,,Andes,Orinoco,Meta,Río Lengupá,1.57818186283112,1.9163635969162,2,2,0.829710125923157,0.960144937038422,1,1,1.04999995231628,2011,05,25,121.7,121.7,127.784994196892,0,39.8381690979004,2011-05-01,61.9877586364746,71.1261672973633,87.7280502319336
35080010,Pluviométrica,Convencional,Boyacá,Zetaquirá,5.283,-73.1693,1720,6/15/1957,,Andes,Orinoco,Meta,Río Lengupá,1.57818186283112,1.9163635969162,2,2,0.829710125923157,0.960144937038422,1,1,1.04999995231628,2011,05,26,33.4,33.4,35.0699984073639,0,14.3900032043457,2011-05-01,16.8188667297363,22.9003810882568,32.8625984191895
35080010,Pluviométrica,Convencional,Boyacá,Zetaquirá,5.283,-73.1693,1720,6/15/1957,,Andes,Orinoco,Meta,Río Lengupá,1.57818186283112,1.9163635969162,2,2,0.829710125923157,0.960144937038422,1,1,1.04999995231628,2011,05,27,61.8,61.8,64.8899970531464,0,36.656379699707,2011-05-01,66.1813278198242,61.4547119140625,84.2229461669922
35080010,Pluviométrica,Convencional,Boyacá,Zetaquirá,5.283,-73.1693,1720,6/15/1957,,Andes,Orinoco,Meta,Río Lengupá,1.57818186283112,1.9163635969162,2,2,0.829710125923157,0.960144937038422,1,1,1.04999995231628,2011,05,28,16,16,16.7999992370605,0,39.4322814941406,2011-05-01,75.3332366943359,27.4497222900391,39.4717445373535
35080010,Pluviométrica,Convencional,Boyacá,Zetaquirá,5.283,-73.1693,1720,6/15/1957,,Andes,Orinoco,Meta,Río Lengupá,1.57818186283112,1.9163635969162,2,2,0.829710125923157,0.960144937038422,1,1,1.04999995231628,2011,05,29,24.9,24.9,26.1449988126755,0,34.3228530883789,2011-05-01,65.0430908203125,39.1316070556641,56.7639617919922
35080010,Pluviométrica,Convencional,Boyacá,Zetaquirá,5.283,-73.1693,1720,6/15/1957,,Andes,Orinoco,Meta,Río Lengupá,1.57818186283112,1.9163635969162,2,2,0.829710125923157,0.960144937038422,1,1,1.04999995231628,2011,05,30,63.7,63.7,66.8849969625473,0,15.755687713623,2011-05-01,10.3609647750854,36.8203849792481,34.5751266479492
35080010,Pluviométrica,Convencional,Boyacá,Zetaquirá,5.283,-73.1693,1720,6/15/1957,,Andes,Orinoco,Meta,Río Lengupá,1.57818186283112,1.9163635969162,2,2,0.829710125923157,0.960144937038422,1,1,1.04999995231628,2011,06,31,59.9,59.9,62.8949971437454,0,50.1760406494141,2011-06-01,73.951904296875,50.3631095886231,61.3970146179199
35080010,Pluviométrica,Convencional,Boyacá,Zetaquirá,5.283,-73.1693,1720,6/15/1957,,Andes,Orinoco,Meta,Río Lengupá,1.57818186283112,1.9163635969162,2,2,0.829710125923157,0.960144937038422,1,1,1.04999995231628,2011,06,32,25.3,25.3,26.564998793602,0,36.2900619506836,2011-06-01,52.9855804443359,25.4928798675537,35.5448875427246
35080010,Pluviométrica,Convencional,Boyacá,Zetaquirá,5.283,-73.1693,1720,6/15/1957,,Andes,Orinoco,Meta,Río Lengupá,1.57818186283112,1.9163635969162,2,2,0.829710125923157,0.960144937038422,1,1,1.04999995231628,2011,06,33,55.4,55.4,58.1699973583222,0,26.7186546325684,2011-06-01,33.6492691040039,38.2359085083008,41.0787696838379
35080010,Pluviométrica,Convencional,Boyacá,Zetaquirá,5.283,-73.1693,1720,6/15/1957,,Andes,Orinoco,Meta,Río Lengupá,1.57818186283112,1.9163635969162,2,2,0.829710125923157,0.960144937038422,1,1,1.04999995231628,2011,06,34,24.7,24.7,25.9349988222122,0,23.8428726196289,2011-06-01,30.3662891387939,27.006856918335,33.5827827453613
35080010,Pluviométrica,Convencional,Boyacá,Zetaquirá,5.283,-73.1693,1720,6/15/1957,,Andes,Orinoco,Meta,Río Lengupá,1.57818186283112,1.9163635969162,2,2,0.829710125923157,0.960144937038422,1,1,1.04999995231628,2011,06,35,52.3,52.3,54.9149975061417,0,49.533016204834,2011-06-01,73.8067474365234,57.5887718200684,65.4211807250977
35080010,Pluviométrica,Convencional,Boyacá,Zetaquirá,5.283,-73.1693,1720,6/15/1957,,Andes,Orinoco,Meta,Río Lengupá,1.57818186283112,1.9163635969162,2,2,0.829710125923157,0.960144937038422,1,1,1.04999995231628,2011,06,36,33.8,33.8,35.4899983882904,0,41.2790489196777,2011-06-01,62.8559341430664,40.0577659606934,46.5306053161621
35080010,Pluviométrica,Convencional,Boyacá,Zetaquirá,5.283,-73.1693,1720,6/15/1957,,Andes,Orinoco,Meta,Río Lengupá,1.57818186283112,1.9163635969162,2,2,0.829710125923157,0.960144937038422,1,1,1.03999996185303,2011,07,37,24.4,24.4,25.3759990692139,0,58.6910362243652,2011-07-01,82.3021774291992,36.8507499694824,38.3478393554688
35080010,Pluviométrica,Convencional,Boyacá,Zetaquirá,5.283,-73.1693,1720,6/15/1957,,Andes,Orinoco,Meta,Río Lengupá,1.57818186283112,1.9163635969162,2,2,0.829710125923157,0.960144937038422,1,1,1.03999996185303,2011,07,38,25.4,25.4,26.4159990310669,0,46.3484802246094,2011-07-01,62.4936943054199,37.5102500915527,40.3028182983398
35080010,Pluviométrica,Convencional,Boyacá,Zetaquirá,5.283,-73.1693,1720,6/15/1957,,Andes,Orinoco,Meta,Río Lengupá,1.57818186283112,1.9163635969162,2,2,0.829710125923157,0.960144937038422,1,1,1.03999996185303,2011,07,39,19.3,19.3,20.0719992637634,0,55.7778854370117,2011-07-01,73.8801345825195,38.6900329589844,37.1389427185059
35080010,Pluviométrica,Convencional,Boyacá,Zetaquirá,5.283,-73.1693,1720,6/15/1957,,Andes,Orinoco,Meta,Río Lengupá,1.57818186283112,1.9163635969162,2,2,0.829710125923157,0.960144937038422,1,1,1.03999996185303,2011,07,40,44.6,44.6,46.383998298645,0,44.758846282959,2011-07-01,55.0132446289063,40.629322052002,39.0224914550781
35080010,Pluviométrica,Convencional,Boyacá,Zetaquirá,5.283,-73.1693,1720,6/15/1957,,Andes,Orinoco,Meta,Río Lengupá,1.57818186283112,1.9163635969162,2,2,0.829710125923157,0.960144937038422,1,1,1.03999996185303,2011,07,41,64,64,66.5599975585938,0,40.0648574829102,2011-07-01,41.7165069580078,57.7078399658203,68.4053421020508
35080010,Pluviométrica,Convencional,Boyacá,Zetaquirá,5.283,-73.1693,1720,6/15/1957,,Andes,Orinoco,Meta,Río Lengupá,1.57818186283112,1.9163635969162,2,2,0.829710125923157,0.960144937038422,1,1,1.03999996185303,2011,07,42,115.7,115.7,120.327995586395,0,64.4262313842773,2011-07-01,69.9153213500977,63.9623413085938,58.6069068908692
35080010,Pluviométrica,Convencional,Boyacá,Zetaquirá,5.283,-73.1693,1720,6/15/1957,,Andes,Orinoco,Meta,Río Lengupá,1.57818186283112,1.9163635969162,2,2,0.829710125923157,0.960144937038422,1,1,1.05999994277954,2011,08,43,11.2,11.2,11.8719993591309,0,31.5837802886963,2011-08-01,40.6333045959473,23.6073722839355,27.9984302520752
35080010,Pluviométrica,Convencional,Boyacá,Zetaquirá,5.283,-73.1693,1720,6/15/1957,,Andes,Orinoco,Meta,Río Lengupá,1.57818186283112,1.9163635969162,2,2,0.829710125923157,0.960144937038422,1,1,1.05999994277954,2011,08,44,65.4,65.4,69.323996257782,0,18.8372402191162,2011-08-01,10.5013933181763,43.3234481811523,38.2726097106934
35080010,Pluviométrica,Convencional,Boyacá,Zetaquirá,5.283,-73.1693,1720,6/15/1957,,Andes,Orinoco,Meta,Río Lengupá,1.57818186283112,1.9163635969162,2,2,0.829710125923157,0.960144937038422,1,1,1.05999994277954,2011,08,45,23.2,23.2,24.5919986724854,0,18.0100288391113,2011-08-01,11.9253444671631,30.3176555633545,28.3718204498291
35080010,Pluviométrica,Convencional,Boyacá,Zetaquirá,5.283,-73.1693,1720,6/15/1957,,Andes,Orinoco,Meta,Río Lengupá,1.57818186283112,1.9163635969162,2,2,0.829710125923157,0.960144937038422,1,1,1.05999994277954,2011,08,46,25.2,25.2,26.7119985580444,0,36.4986763000488,2011-08-01,42.8298454284668,37.0140991210938,45.4393577575684
35080010,Pluviométrica,Convencional,Boyacá,Zetaquirá,5.283,-73.1693,1720,6/15/1957,,Andes,Orinoco,Meta,Río Lengupá,1.57818186283112,1.9163635969162,2,2,0.829710125923157,0.960144937038422,1,1,1.05999994277954,2011,08,47,2.3,2.3,2.43799986839294,0,24.0429039001465,2011-08-01,19.4192848205566,23.2948551177979,24.345386505127
35080010,Pluviométrica,Convencional,Boyacá,Zetaquirá,5.283,-73.1693,1720,6/15/1957,,Andes,Orinoco,Meta,Río Lengupá,1.57818186283112,1.9163635969162,2,2,0.829710125923157,0.960144937038422,1,1,1.05999994277954,2011,08,48,37.6,37.6,39.8559978485107,0,50.9579200744629,2011-08-01,49.6743774414063,33.2694892883301,34.1866645812988
35080010,Pluviométrica,Convencional,Boyacá,Zetaquirá,5.283,-73.1693,1720,6/15/1957,,Andes,Orinoco,Meta,Río Lengupá,1.57818186283112,1.9163635969162,2,2,0.829710125923157,0.960144937038422,1,1,1.05999994277954,2011,09,49,18.6,18.6,19.7159989356995,0,9.20224571228027,2011-09-01,8.0604944229126,20.7869758605957,23.0493869781494
35080010,Pluviométrica,Convencional,Boyacá,Zetaquirá,5.283,-73.1693,1720,6/15/1957,,Andes,Orinoco,Meta,Río Lengupá,1.57818186283112,1.9163635969162,2,2,0.829710125923157,0.960144937038422,1,1,1.05999994277954,2011,09,50,13.6,13.6,14.4159992218018,0,16.8737850189209,2011-09-01,22.3197708129883,25.5253524780273,28.0050773620606
35080010,Pluviométrica,Convencional,Boyacá,Zetaquirá,5.283,-73.1693,1720,6/15/1957,,Andes,Orinoco,Meta,Río Lengupá,1.57818186283112,1.9163635969162,2,2,0.829710125923157,0.960144937038422,1,1,1.05999994277954,2011,09,51,42.2,42.2,44.7319975852966,0,36.0557403564453,2011-09-01,50.8898429870606,40.8444290161133,41.0021820068359
35080010,Pluviométrica,Convencional,Boyacá,Zetaquirá,5.283,-73.1693,1720,6/15/1957,,Andes,Orinoco,Meta,Río Lengupá,1.57818186283112,1.9163635969162,2,2,0.829710125923157,0.960144937038422,1,1,1.05999994277954,2011,09,52,3.3,3.3,3.49799981117249,0,16.2384452819824,2011-09-01,18.9373321533203,11.2565050125122,11.5618343353271
35080010,Pluviométrica,Convencional,Boyacá,Zetaquirá,5.283,-73.1693,1720,6/15/1957,,Andes,Orinoco,Meta,Río Lengupá,1.57818186283112,1.9163635969162,2,2,0.829710125923157,0.960144937038422,1,1,1.05999994277954,2011,09,53,67.2,67.2,71.2319961547852,0,25.4909934997559,2011-09-01,40.515323638916,46.0940475463867,53.1444892883301
35080010,Pluviométrica,Convencional,Boyacá,Zetaquirá,5.283,-73.1693,1720,6/15/1957,,Andes,Orinoco,Meta,Río Lengupá,1.57818186283112,1.9163635969162,2,2,0.829710125923157,0.960144937038422,1,1,1.05999994277954,2011,09,54,3.8,3.8,4.02799978256226,0,15.62975025177,2011-09-01,19.9196453094482,9.29427623748779,10.1473445892334
35080010,Pluviométrica,Convencional,Boyacá,Zetaquirá,5.283,-73.1693,1720,6/15/1957,,Andes,Orinoco,Meta,Río Lengupá,1.57818186283112,1.9163635969162,2,2,0.829710125923157,0.960144937038422,1,1,1.04999995231628,2011,10,55,14.8,14.8,15.539999294281,0,13.7483177185059,2011-10-01,10.4141397476196,26.4918785095215,29.5814647674561
35080010,Pluviométrica,Convencional,Boyacá,Zetaquirá,5.283,-73.1693,1720,6/15/1957,,Andes,Orinoco,Meta,Río Lengupá,1.57818186283112,1.9163635969162,2,2,0.829710125923157,0.960144937038422,1,1,1.04999995231628,2011,10,56,30.3,30.3,31.8149985551834,0,23.3877220153809,2011-10-01,27.0730419158936,23.2471752166748,24.3866233825684
35080010,Pluviométrica,Convencional,Boyacá,Zetaquirá,5.283,-73.1693,1720,6/15/1957,,Andes,Orinoco,Meta,Río Lengupá,1.57818186283112,1.9163635969162,2,2,0.829710125923157,0.960144937038422,1,1,1.04999995231628,2011,10,57,16.6,16.6,17.4299992084503,0,29.6022987365723,2011-10-01,45.8300628662109,35.468189239502,49.2286033630371
35080010,Pluviométrica,Convencional,Boyacá,Zetaquirá,5.283,-73.1693,1720,6/15/1957,,Andes,Orinoco,Meta,Río Lengupá,1.57818186283112,1.9163635969162,2,2,0.829710125923157,0.960144937038422,1,1,1.04999995231628,2011,10,58,43.3,43.3,45.4649979352951,0,73.6354827880859,2011-10-01,146.070098876953,49.9847030639648,76.8955383300781
35080010,Pluviométrica,Convencional,Boyacá,Zetaquirá,5.283,-73.1693,1720,6/15/1957,,Andes,Orinoco,Meta,Río Lengupá,1.57818186283112,1.9163635969162,2,2,0.829710125923157,0.960144937038422,1,1,1.04999995231628,2011,10,59,70.7,70.7,74.2349966287613,0,42.4350509643555,2011-10-01,67.4641494750977,43.3276786804199,59.865104675293
35080010,Pluviométrica,Convencional,Boyacá,Zetaquirá,5.283,-73.1693,1720,6/15/1957,,Andes,Orinoco,Meta,Río Lengupá,1.57818186283112,1.9163635969162,2,2,0.829710125923157,0.960144937038422,1,1,1.04999995231628,2011,10,60,10.9,10.9,11.4449994802475,0,24.7638778686523,2011-10-01,22.7427310943604,17.2882843017578,20.5016670227051
35080010,Pluviométrica,Convencional,Boyacá,Zetaquirá,5.283,-73.1693,1720,6/15/1957,,Andes,Orinoco,Meta,Río Lengupá,1.57818186283112,1.9163635969162,2,2,0.829710125923157,0.960144937038422,1,1,1.04999995231628,2011,11,61,4.2,4.2,4.40999979972839,0,12.6026058197021,2011-11-01,17.0850868225098,8.51956558227539,11.9604892730713
35080010,Pluviométrica,Convencional,Boyacá,Zetaquirá,5.283,-73.1693,1720,6/15/1957,,Andes,Orinoco,Meta,Río Lengupá,1.57818186283112,1.9163635969162,2,2,0.829710125923157,0.960144937038422,1,1,1.04999995231628,2011,11,62,10.5,10.5,11.024999499321,0,26.7122306823731,2011-11-01,48.0629386901856,29.4994983673096,45.1248931884766
35080010,Pluviométrica,Convencional,Boyacá,Zetaquirá,5.283,-73.1693,1720,6/15/1957,,Andes,Orinoco,Meta,Río Lengupá,1.57818186283112,1.9163635969162,2,2,0.829710125923157,0.960144937038422,1,1,1.04999995231628,2011,11,63,87.1,87.1,91.4549958467484,0,15.8278350830078,2011-11-01,21.1802883148193,32.7781791687012,55.4178123474121
35080010,Pluviométrica,Convencional,Boyacá,Zetaquirá,5.283,-73.1693,1720,6/15/1957,,Andes,Orinoco,Meta,Río Lengupá,1.57818186283112,1.9163635969162,2,2,0.829710125923157,0.960144937038422,1,1,1.04999995231628,2011,11,64,49.5,49.5,51.9749976396561,0,28.6684246063232,2011-11-01,55.1736755371094,41.5695457458496,61.496452331543
35080010,Pluviométrica,Convencional,Boyacá,Zetaquirá,5.283,-73.1693,1720,6/15/1957,,Andes,Orinoco,Meta,Río Lengupá,1.57818186283112,1.9163635969162,2,2,0.829710125923157,0.960144937038422,1,1,1.04999995231628,2011,11,65,44.1,44.1,46.3049978971481,0,18.9352397918701,2011-11-01,34.491268157959,21.0958766937256,29.414270401001
35080010,Pluviométrica,Convencional,Boyacá,Zetaquirá,5.283,-73.1693,1720,6/15/1957,,Andes,Orinoco,Meta,Río Lengupá,1.57818186283112,1.9163635969162,2,2,0.829710125923157,0.960144937038422,1,1,1.04999995231628,2011,11,66,34.4,34.4,36.1199983596802,0,27.4125518798828,2011-11-01,68.041862487793,31.3293933868408,55.0214195251465
35080010,Pluviométrica,Convencional,Boyacá,Zetaquirá,5.283,-73.1693,1720,6/15/1957,,Andes,Orinoco,Meta,Río Lengupá,1.57818186283112,1.9163635969162,2,2,0.829710125923157,0.960144937038422,1,1,1.07000005245209,2011,12,67,103.2,103.2,110.424005413055,0,4.11704111099243,2011-12-01,4.20438432693481,11.0937042236328,16.5428161621094
35080010,Pluviométrica,Convencional,Boyacá,Zetaquirá,5.283,-73.1693,1720,6/15/1957,,Andes,Orinoco,Meta,Río Lengupá,1.57818186283112,1.9163635969162,2,2,0.829710125923157,0.960144937038422,1,1,1.07000005245209,2011,12,68,7.8,7.8,8.34600040912628,0,7.54049158096314,2011-12-01,18.0057334899902,15.7628135681152,37.8445777893066
35080010,Pluviométrica,Convencional,Boyacá,Zetaquirá,5.283,-73.1693,1720,6/15/1957,,Andes,Orinoco,Meta,Río Lengupá,1.57818186283112,1.9163635969162,2,2,0.829710125923157,0.960144937038422,1,1,1.07000005245209,2011,12,69,40.5,40.5,43.3350021243095,0,5.13889980316162,2011-12-01,11.7754821777344,10.0968408584595,33.4056510925293
35080010,Pluviométrica,Convencional,Boyacá,Zetaquirá,5.283,-73.1693,1720,6/15/1957,,Andes,Orinoco,Meta,Río Lengupá,1.57818186283112,1.9163635969162,2,2,0.829710125923157,0.960144937038422,1,1,1.07000005245209,2011,12,70,21,21,22.4700011014938,0,4.92389392852783,2011-12-01,8.75172805786133,9.48220539093018,14.7108631134033
35080010,Pluviométrica,Convencional,Boyacá,Zetaquirá,5.283,-73.1693,1720,6/15/1957,,Andes,Orinoco,Meta,Río Lengupá,1.57818186283112,1.9163635969162,2,2,0.829710125923157,0.960144937038422,1,1,1.07000005245209,2011,12,71,1.3,1.3,1.39100006818771,0,3.75346255302429,2011-12-01,2.37028241157532,3.62154793739319,2.93643116950989
35080010,Pluviométrica,Convencional,Boyacá,Zetaquirá,5.283,-73.1693,1720,6/15/1957,,Andes,Orinoco,Meta,Río Lengupá,1.57818186283112,1.9163635969162,2,2,0.829710125923157,0.960144937038422,1,1,1.07000005245209,2011,12,72,22.5,22.5,24.075001180172,0,6.4164514541626,2011-12-01,3.41814112663269,8.07645130157471,6.92102718353272
35080010,Pluviométrica,Convencional,Boyacá,Zetaquirá,5.283,-73.1693,1720,6/15/1957,,Andes,Orinoco,Meta,Río Lengupá,1.57818186283112,1.9163635969162,2,2,0.829710125923157,0.960144937038422,1,1,1.07000005245209,2012,01,1,13.4,13.4,14.338000702858,0,14.3018455505371,2012-01-01,21.3188343048096,8.90835285186768,13.1274566650391
35080010,Pluviométrica,Convencional,Boyacá,Zetaquirá,5.283,-73.1693,1720,6/15/1957,,Andes,Orinoco,Meta,Río Lengupá,1.57818186283112,1.9163635969162,2,2,0.829710125923157,0.960144937038422,1,1,1.07000005245209,2012,01,2,1.7,1.7,1.81900008916855,0,5.92981910705566,2012-01-01,2.34820914268494,5.56451797485352,4.21897125244141
35080010,Pluviométrica,Convencional,Boyacá,Zetaquirá,5.283,-73.1693,1720,6/15/1957,,Andes,Orinoco,Meta,Río Lengupá,1.57818186283112,1.9163635969162,2,2,0.829710125923157,0.960144937038422,1,1,1.07000005245209,2012,01,3,10.3,10.3,11.0210005402565,0,6.42745304107666,2012-01-01,2.33185815811157,6.30417919158936,4.79206323623657
35080010,Pluviométrica,Convencional,Boyacá,Zetaquirá,5.283,-73.1693,1720,6/15/1957,,Andes,Orinoco,Meta,Río Lengupá,1.57818186283112,1.9163635969162,2,2,0.829710125923157,0.960144937038422,1,1,1.07000005245209,2012,01,4,23.6,23.6,25.2520012378693,0,6.38524150848389,2012-01-01,2.45718812942505,12.6754512786865,9.01286697387695
35080010,Pluviométrica,Convencional,Boyacá,Zetaquirá,5.283,-73.1693,1720,6/15/1957,,Andes,Orinoco,Meta,Río Lengupá,1.57818186283112,1.9163635969162,2,2,0.829710125923157,0.960144937038422,1,1,1.07000005245209,2012,01,5,0,0,0,0,5.83617258071899,2012-01-01,1.64468801021576,3.43658447265625,2.60332632064819
35080010,Pluviométrica,Convencional,Boyacá,Zetaquirá,5.283,-73.1693,1720,6/15/1957,,Andes,Orinoco,Meta,Río Lengupá,1.57818186283112,1.9163635969162,2,2,0.829710125923157,0.960144937038422,1,1,1.07000005245209,2012,01,6,2.7,2.7,2.88900014162064,0,7.16512298583984,2012-01-01,0.691168010234833,3.99743556976318,0.919280886650085
35080010,Pluviométrica,Convencional,Boyacá,Zetaquirá,5.283,-73.1693,1720,6/15/1957,,Andes,Orinoco,Meta,Río Lengupá,1.57818186283112,1.9163635969162,2,2,0.829710125923157,0.960144937038422,1,1,1.08000004291534,2012,02,7,22,22,23.7600009441376,0,5.34195804595947,2012-02-01,0.972969055175781,10.1604204177856,4.34251689910889
35080010,Pluviométrica,Convencional,Boyacá,Zetaquirá,5.283,-73.1693,1720,6/15/1957,,Andes,Orinoco,Meta,Río Lengupá,1.57818186283112,1.9163635969162,2,2,0.829710125923157,0.960144937038422,1,1,1.08000004291534,2012,02,8,18.4,18.4,19.8720007896423,0,13.0204849243164,2012-02-01,28.3680400848389,19.1081733703613,27.9481163024902
35080010,Pluviométrica,Convencional,Boyacá,Zetaquirá,5.283,-73.1693,1720,6/15/1957,,Andes,Orinoco,Meta,Río Lengupá,1.57818186283112,1.9163635969162,2,2,0.829710125923157,0.960144937038422,1,1,1.08000004291534,2012,02,9,1.2,1.2,1.29600005149841,0,6.08945560455322,2012-02-01,4.60749673843384,5.32177209854126,7.33275318145752
35080010,Pluviométrica,Convencional,Boyacá,Zetaquirá,5.283,-73.1693,1720,6/15/1957,,Andes,Orinoco,Meta,Río Lengupá,1.57818186283112,1.9163635969162,2,2,0.829710125923157,0.960144937038422,1,1,1.08000004291534,2012,02,10,0,0,0,0,4.88569498062134,2012-02-01,0.486874550580978,2.81247425079346,0.496433407068253
35080010,Pluviométrica,Convencional,Boyacá,Zetaquirá,5.283,-73.1693,1720,6/15/1957,,Andes,Orinoco,Meta,Río Lengupá,1.57818186283112,1.9163635969162,2,2,0.829710125923157,0.960144937038422,1,1,1.08000004291534,2012,02,11,0,0,0,0,4.94352579116821,2012-02-01,1.12841987609863,3.51107788085938,1.32518994808197
35080010,Pluviométrica,Convencional,Boyacá,Zetaquirá,5.283,-73.1693,1720,6/15/1957,,Andes,Orinoco,Meta,Río Lengupá,1.57818186283112,1.9163635969162,2,2,0.829710125923157,0.960144937038422,1,1,1.08000004291534,2012,02,12,0,0,0,0,2.58471775054932,2012-02-01,1.40506875514984,1.81822943687439,1.32439303398132
35080010,Pluviométrica,Convencional,Boyacá,Zetaquirá,5.283,-73.1693,1720,6/15/1957,,Andes,Orinoco,Meta,Río Lengupá,1.57818186283112,1.9163635969162,2,2,0.829710125923157,0.960144937038422,1,1,1.08000004291534,2012,03,13,17.1,17.1,18.4680007338524,0,14.6958074569702,2012-03-01,21.8582248687744,19.012264251709,22.2532978057861
35080010,Pluviométrica,Convencional,Boyacá,Zetaquirá,5.283,-73.1693,1720,6/15/1957,,Andes,Orinoco,Meta,Río Lengupá,1.57818186283112,1.9163635969162,2,2,0.829710125923157,0.960144937038422,1,1,1.08000004291534,2012,03,14,6.7,6.7,7.23600028753281,0,8.92548561096191,2012-03-01,8.44149971008301,10.714072227478,14.1598882675171
35080010,Pluviométrica,Convencional,Boyacá,Zetaquirá,5.283,-73.1693,1720,6/15/1957,,Andes,Orinoco,Meta,Río Lengupá,1.57818186283112,1.9163635969162,2,2,0.829710125923157,0.960144937038422,1,1,1.08000004291534,2012,03,15,30.6,30.6,33.0480013132095,0,7.96676778793335,2012-03-01,6.99547100067139,12.3077993392944,13.676570892334
35080010,Pluviométrica,Convencional,Boyacá,Zetaquirá,5.283,-73.1693,1720,6/15/1957,,Andes,Orinoco,Meta,Río Lengupá,1.57818186283112,1.9163635969162,2,2,0.829710125923157,0.960144937038422,1,1,1.08000004291534,2012,03,16,31.2,31.2,33.6960013389587,0,28.3327312469482,2012-03-01,48.2230834960938,33.5346946716309,39.7773399353027
35080010,Pluviométrica,Convencional,Boyacá,Zetaquirá,5.283,-73.1693,1720,6/15/1957,,Andes,Orinoco,Meta,Río Lengupá,1.57818186283112,1.9163635969162,2,2,0.829710125923157,0.960144937038422,1,1,1.08000004291534,2012,03,17,29,29,31.320001244545,0,12.4721794128418,2012-03-01,17.9904308319092,27.8101577758789,35.903923034668
35080010,Pluviométrica,Convencional,Boyacá,Zetaquirá,5.283,-73.1693,1720,6/15/1957,,Andes,Orinoco,Meta,Río Lengupá,1.57818186283112,1.9163635969162,2,2,0.829710125923157,0.960144937038422,1,1,1.08000004291534,2012,03,18,70.4,70.4,76.0320030212402,0,17.8719882965088,2012-03-01,16.6706371307373,37.396915435791,33.8191566467285
35080010,Pluviométrica,Convencional,Boyacá,Zetaquirá,5.283,-73.1693,1720,6/15/1957,,Andes,Orinoco,Meta,Río Lengupá,1.57818186283112,1.9163635969162,2,2,0.829710125923157,0.960144937038422,1,1,1.05999994277954,2012,04,19,21.7,21.7,23.001998758316,0,15.011025428772,2012-04-01,12.8558120727539,21.3062686920166,19.4253616333008
35080010,Pluviométrica,Convencional,Boyacá,Zetaquirá,5.283,-73.1693,1720,6/15/1957,,Andes,Orinoco,Meta,Río Lengupá,1.57818186283112,1.9163635969162,2,2,0.829710125923157,0.960144937038422,1,1,1.05999994277954,2012,04,20,40.1,40.1,42.5059977054596,1,40.6481399536133,2012-04-01,53.0985908508301,54.8914604187012,67.6829986572266
35080010,Pluviométrica,Convencional,Boyacá,Zetaquirá,5.283,-73.1693,1720,6/15/1957,,Andes,Orinoco,Meta,Río Lengupá,1.57818186283112,1.9163635969162,2,2,0.829710125923157,0.960144937038422,1,1,1.05999994277954,2012,04,21,89.6,89.6,94.9759948730469,0,77.6682586669922,2012-04-01,109.314193725586,86.1023101806641,107.882446289063
35080010,Pluviométrica,Convencional,Boyacá,Zetaquirá,5.283,-73.1693,1720,6/15/1957,,Andes,Orinoco,Meta,Río Lengupá,1.57818186283112,1.9163635969162,2,2,0.829710125923157,0.960144937038422,1,1,1.05999994277954,2012,04,22,47.6,47.6,50.4559972763062,0,26.4402828216553,2012-04-01,31.6692314147949,34.7175598144531,39.2033462524414
35080010,Pluviométrica,Convencional,Boyacá,Zetaquirá,5.283,-73.1693,1720,6/15/1957,,Andes,Orinoco,Meta,Río Lengupá,1.57818186283112,1.9163635969162,2,2,0.829710125923157,0.960144937038422,1,1,1.05999994277954,2012,04,23,45.8,45.8,48.547997379303,0,26.8154106140137,2012-04-01,32.341365814209,41.1716041564941,49.4515380859375
35080010,Pluviométrica,Convencional,Boyacá,Zetaquirá,5.283,-73.1693,1720,6/15/1957,,Andes,Orinoco,Meta,Río Lengupá,1.57818186283112,1.9163635969162,2,2,0.829710125923157,0.960144937038422,1,1,1.05999994277954,2012,04,24,67.5,67.5,71.549996137619,0,39.3690299987793,2012-04-01,57.7877426147461,41.1787185668945,51.2177124023438
35080010,Pluviométrica,Convencional,Boyacá,Zetaquirá,5.283,-73.1693,1720,6/15/1957,,Andes,Orinoco,Meta,Río Lengupá,1.57818186283112,1.9163635969162,2,2,0.829710125923157,0.960144937038422,1,1,1.04999995231628,2012,05,25,27.7,27.7,29.0849986791611,0,24.5623435974121,2012-05-01,33.5729904174805,25.1654529571533,29.0299587249756
35080010,Pluviométrica,Convencional,Boyacá,Zetaquirá,5.283,-73.1693,1720,6/15/1957,,Andes,Orinoco,Meta,Río Lengupá,1.57818186283112,1.9163635969162,2,2,0.829710125923157,0.960144937038422,1,1,1.04999995231628,2012,05,26,65.8,65.8,69.0899968624115,0,12.2059888839722,2012-05-01,13.7106781005859,24.9199867248535,38.7893371582031
35080010,Pluviométrica,Convencional,Boyacá,Zetaquirá,5.283,-73.1693,1720,6/15/1957,,Andes,Orinoco,Meta,Río Lengupá,1.57818186283112,1.9163635969162,2,2,0.829710125923157,0.960144937038422,1,1,1.04999995231628,2012,05,27,27.3,27.3,28.6649986982346,0,12.82839012146,2012-05-01,10.8570432662964,25.2058601379395,21.0991516113281
35080010,Pluviométrica,Convencional,Boyacá,Zetaquirá,5.283,-73.1693,1720,6/15/1957,,Andes,Orinoco,Meta,Río Lengupá,1.57818186283112,1.9163635969162,2,2,0.829710125923157,0.960144937038422,1,1,1.04999995231628,2012,05,28,47.4,47.4,49.7699977397919,0,16.3919906616211,2012-05-01,18.2749042510986,25.7135524749756,26.0944042205811
35080010,Pluviométrica,Convencional,Boyacá,Zetaquirá,5.283,-73.1693,1720,6/15/1957,,Andes,Orinoco,Meta,Río Lengupá,1.57818186283112,1.9163635969162,2,2,0.829710125923157,0.960144937038422,1,1,1.04999995231628,2012,05,29,60.2,60.2,63.2099971294403,0,20.3783416748047,2012-05-01,32.4533920288086,34.4362487792969,41.1878471374512
35080010,Pluviométrica,Convencional,Boyacá,Zetaquirá,5.283,-73.1693,1720,6/15/1957,,Andes,Orinoco,Meta,Río Lengupá,1.57818186283112,1.9163635969162,2,2,0.829710125923157,0.960144937038422,1,1,1.04999995231628,2012,05,30,52.9,52.9,55.5449974775314,0,17.7173347473145,2012-05-01,16.4249401092529,24.8376159667969,31.0992851257324
35080010,Pluviométrica,Convencional,Boyacá,Zetaquirá,5.283,-73.1693,1720,6/15/1957,,Andes,Orinoco,Meta,Río Lengupá,1.57818186283112,1.9163635969162,2,2,0.829710125923157,0.960144937038422,1,1,1.04999995231628,2012,06,31,25,25,26.2499988079071,0,32.1785736083984,2012-06-01,48.0685729980469,19.0592422485352,24.5119228363037
35080010,Pluviométrica,Convencional,Boyacá,Zetaquirá,5.283,-73.1693,1720,6/15/1957,,Andes,Orinoco,Meta,Río Lengupá,1.57818186283112,1.9163635969162,2,2,0.829710125923157,0.960144937038422,1,1,1.04999995231628,2012,06,32,67.6,67.6,70.9799967765808,0,33.838623046875,2012-06-01,45.7502479553223,49.0694427490234,58.4554290771484
35080010,Pluviométrica,Convencional,Boyacá,Zetaquirá,5.283,-73.1693,1720,6/15/1957,,Andes,Orinoco,Meta,Río Lengupá,1.57818186283112,1.9163635969162,2,2,0.829710125923157,0.960144937038422,1,1,1.04999995231628,2012,06,33,70.1,70.1,73.6049966573715,0,17.6426677703857,2012-06-01,17.7650966644287,40.6024971008301,51.8262825012207
35080010,Pluviométrica,Convencional,Boyacá,Zetaquirá,5.283,-73.1693,1720,6/15/1957,,Andes,Orinoco,Meta,Río Lengupá,1.57818186283112,1.9163635969162,2,2,0.829710125923157,0.960144937038422,1,1,1.04999995231628,2012,06,34,15.5,15.5,16.2749992609024,0,40.0166625976563,2012-06-01,62.3765525817871,26.5845127105713,34.6918983459473
35080010,Pluviométrica,Convencional,Boyacá,Zetaquirá,5.283,-73.1693,1720,6/15/1957,,Andes,Orinoco,Meta,Río Lengupá,1.57818186283112,1.9163635969162,2,2,0.829710125923157,0.960144937038422,1,1,1.04999995231628,2012,06,35,39.2,39.2,41.1599981307983,0,46.6704330444336,2012-06-01,76.8463897705078,35.6771621704102,46.4778709411621
35080010,Pluviométrica,Convencional,Boyacá,Zetaquirá,5.283,-73.1693,1720,6/15/1957,,Andes,Orinoco,Meta,Río Lengupá,1.57818186283112,1.9163635969162,2,2,0.829710125923157,0.960144937038422,1,1,1.04999995231628,2012,06,36,66.9,66.9,70.2449968099594,0,27.3162288665772,2012-06-01,33.9395332336426,34.9392471313477,38.7509803771973
35080010,Pluviométrica,Convencional,Boyacá,Zetaquirá,5.283,-73.1693,1720,6/15/1957,,Andes,Orinoco,Meta,Río Lengupá,1.57818186283112,1.9163635969162,2,2,0.829710125923157,0.960144937038422,1,1,1.03999996185303,2012,07,37,30.4,30.4,31.615998840332,1,34.8113708496094,2012-07-01,40.2398452758789,34.9287872314453,33.1510391235352
35080010,Pluviométrica,Convencional,Boyacá,Zetaquirá,5.283,-73.1693,1720,6/15/1957,,Andes,Orinoco,Meta,Río Lengupá,1.57818186283112,1.9163635969162,2,2,0.829710125923157,0.960144937038422,1,1,1.03999996185303,2012,07,38,64.3,64.3,66.8719975471497,0,39.8792686462402,2012-07-01,45.4968299865723,40.6441459655762,41.5778388977051
35080010,Pluviométrica,Convencional,Boyacá,Zetaquirá,5.283,-73.1693,1720,6/15/1957,,Andes,Orinoco,Meta,Río Lengupá,1.57818186283112,1.9163635969162,2,2,0.829710125923157,0.960144937038422,1,1,1.03999996185303,2012,07,39,32.6,32.6,33.9039987564087,0,61.8394088745117,2012-07-01,79.8503189086914,62.5961074829102,63.5668754577637
35080010,Pluviométrica,Convencional,Boyacá,Zetaquirá,5.283,-73.1693,1720,6/15/1957,,Andes,Orinoco,Meta,Río Lengupá,1.57818186283112,1.9163635969162,2,2,0.829710125923157,0.960144937038422,1,1,1.03999996185303,2012,07,40,59.8,59.8,62.191997718811,0,14.9095020294189,2012-07-01,8.84142589569092,30.2712669372559,21.7450428009033
35080010,Pluviométrica,Convencional,Boyacá,Zetaquirá,5.283,-73.1693,1720,6/15/1957,,Andes,Orinoco,Meta,Río Lengupá,1.57818186283112,1.9163635969162,2,2,0.829710125923157,0.960144937038422,1,1,1.03999996185303,2012,07,41,61.4,61.4,63.8559976577759,0,14.8717212677002,2012-07-01,13.0455760955811,30.5446586608887,31.9203872680664
35080010,Pluviométrica,Convencional,Boyacá,Zetaquirá,5.283,-73.1693,1720,6/15/1957,,Andes,Orinoco,Meta,Río Lengupá,1.57818186283112,1.9163635969162,2,2,0.829710125923157,0.960144937038422,1,1,1.03999996185303,2012,07,42,143.9,143.9,149.655994510651,0,87.99072265625,2012-07-01,105.263519287109,120.05290222168,118.803985595703
35080010,Pluviométrica,Convencional,Boyacá,Zetaquirá,5.283,-73.1693,1720,6/15/1957,,Andes,Orinoco,Meta,Río Lengupá,1.57818186283112,1.9163635969162,2,2,0.829710125923157,0.960144937038422,1,1,1.05999994277954,2012,08,43,53.2,53.2,56.3919969558716,0,26.6290016174316,2012-08-01,30.4103469848633,48.875431060791,74.1768646240234
35080010,Pluviométrica,Convencional,Boyacá,Zetaquirá,5.283,-73.1693,1720,6/15/1957,,Andes,Orinoco,Meta,Río Lengupá,1.57818186283112,1.9163635969162,2,2,0.829710125923157,0.960144937038422,1,1,1.05999994277954,2012,08,44,40,40,42.3999977111816,0,18.2133388519287,2012-08-01,10.5013933181763,40.1342277526855,34.3441505432129
35080010,Pluviométrica,Convencional,Boyacá,Zetaquirá,5.283,-73.1693,1720,6/15/1957,,Andes,Orinoco,Meta,Río Lengupá,1.57818186283112,1.9163635969162,2,2,0.829710125923157,0.960144937038422,1,1,1.05999994277954,2012,08,45,40.3,40.3,42.7179976940155,0,35.114673614502,2012-08-01,50.2406921386719,45.8196182250977,65.3775939941406
35080010,Pluviométrica,Convencional,Boyacá,Zetaquirá,5.283,-73.1693,1720,6/15/1957,,Andes,Orinoco,Meta,Río Lengupá,1.57818186283112,1.9163635969162,2,2,0.829710125923157,0.960144937038422,1,1,1.05999994277954,2012,08,46,30.6,30.6,32.435998249054,0,25.7081203460693,2012-08-01,29.2640514373779,22.8330192565918,30.4355888366699
35080010,Pluviométrica,Convencional,Boyacá,Zetaquirá,5.283,-73.1693,1720,6/15/1957,,Andes,Orinoco,Meta,Río Lengupá,1.57818186283112,1.9163635969162,2,2,0.829710125923157,0.960144937038422,1,1,1.05999994277954,2012,08,47,10.7,10.7,11.3419993877411,0,16.4585628509522,2012-08-01,9.22508335113525,16.9495697021484,17.198802947998
35080010,Pluviométrica,Convencional,Boyacá,Zetaquirá,5.283,-73.1693,1720,6/15/1957,,Andes,Orinoco,Meta,Río Lengupá,1.57818186283112,1.9163635969162,2,2,0.829710125923157,0.960144937038422,1,1,1.05999994277954,2012,08,48,71.1,71.1,75.3659959316254,0,17.7245693206787,2012-08-01,2.33188676834106,44.5560722351074,11.8403873443604
35080010,Pluviométrica,Convencional,Boyacá,Zetaquirá,5.283,-73.1693,1720,6/15/1957,,Andes,Orinoco,Meta,Río Lengupá,1.57818186283112,1.9163635969162,2,2,0.829710125923157,0.960144937038422,1,1,1.05999994277954,2012,09,49,28,28,29.6799983978272,0,8.23578262329102,2012-09-01,5.9267692565918,17.6628742218018,25.86989402771
35080010,Pluviométrica,Convencional,Boyacá,Zetaquirá,5.283,-73.1693,1720,6/15/1957,,Andes,Orinoco,Meta,Río Lengupá,1.57818186283112,1.9163635969162,2,2,0.829710125923157,0.960144937038422,1,1,1.05999994277954,2012,09,50,24,24,25.439998626709,0,8.14717102050781,2012-09-01,0.983569145202637,20.3684558868408,5.65433311462402
35080010,Pluviométrica,Convencional,Boyacá,Zetaquirá,5.283,-73.1693,1720,6/15/1957,,Andes,Orinoco,Meta,Río Lengupá,1.57818186283112,1.9163635969162,2,2,0.829710125923157,0.960144937038422,1,1,1.05999994277954,2012,09,51,17.8,17.8,18.8679989814758,1,9.23165130615234,2012-09-01,0,15.6654224395752,0
35080010,Pluviométrica,Convencional,Boyacá,Zetaquirá,5.283,-73.1693,1720,6/15/1957,,Andes,Orinoco,Meta,Río Lengupá,1.57818186283112,1.9163635969162,2,2,0.829710125923157,0.960144937038422,1,1,1.05999994277954,2012,09,52,2.6,2.6,2.75599985122681,0,15.2668762207031,2012-09-01,14.4238538742065,10.0727767944336,13.0267868041992
35080010,Pluviométrica,Convencional,Boyacá,Zetaquirá,5.283,-73.1693,1720,6/15/1957,,Andes,Orinoco,Meta,Río Lengupá,1.57818186283112,1.9163635969162,2,2,0.829710125923157,0.960144937038422,1,1,1.05999994277954,2012,09,53,15.2,15.2,16.111999130249,0,16.4103107452393,2012-09-01,19.9377708435059,12.5203886032104,17.7803363800049
35080010,Pluviométrica,Convencional,Boyacá,Zetaquirá,5.283,-73.1693,1720,6/15/1957,,Andes,Orinoco,Meta,Río Lengupá,1.57818186283112,1.9163635969162,2,2,0.829710125923157,0.960144937038422,1,1,1.05999994277954,2012,09,54,15,15,15.8999991416931,1,12.5499849319458,2012-09-01,15.3104610443115,21.0495071411133,31.5131912231445
35080010,Pluviométrica,Convencional,Boyacá,Zetaquirá,5.283,-73.1693,1720,6/15/1957,,Andes,Orinoco,Meta,Río Lengupá,1.57818186283112,1.9163635969162,2,2,0.829710125923157,0.960144937038422,1,1,1.04999995231628,2012,10,55,3,3,3.14999985694885,0,17.3636379241943,2012-10-01,15.0415010452271,11.95641040802,11.0767917633057
35080010,Pluviométrica,Convencional,Boyacá,Zetaquirá,5.283,-73.1693,1720,6/15/1957,,Andes,Orinoco,Meta,Río Lengupá,1.57818186283112,1.9163635969162,2,2,0.829710125923157,0.960144937038422,1,1,1.04999995231628,2012,10,56,40,40,41.9999980926514,0,23.3288993835449,2012-10-01,26.8353271484375,19.843391418457,21.6617259979248
35080010,Pluviométrica,Convencional,Boyacá,Zetaquirá,5.283,-73.1693,1720,6/15/1957,,Andes,Orinoco,Meta,Río Lengupá,1.57818186283112,1.9163635969162,2,2,0.829710125923157,0.960144937038422,1,1,1.04999995231628,2012,10,57,18.8,18.8,19.7399991035461,0,28.3117733001709,2012-10-01,40.1000137329102,23.3322849273682,31.4381656646729
35080010,Pluviométrica,Convencional,Boyacá,Zetaquirá,5.283,-73.1693,1720,6/15/1957,,Andes,Orinoco,Meta,Río Lengupá,1.57818186283112,1.9163635969162,2,2,0.829710125923157,0.960144937038422,1,1,1.04999995231628,2012,10,58,77.2,77.2,81.0599963188171,0,64.9480285644531,2012-10-01,122.233299255371,61.8473434448242,86.6007690429688
35080010,Pluviométrica,Convencional,Boyacá,Zetaquirá,5.283,-73.1693,1720,6/15/1957,,Andes,Orinoco,Meta,Río Lengupá,1.57818186283112,1.9163635969162,2,2,0.829710125923157,0.960144937038422,1,1,1.04999995231628,2012,10,59,8.3,8.3,8.71499960422516,0,23.2632846832275,2012-10-01,26.9811611175537,13.7160243988037,16.8939456939697
35080010,Pluviométrica,Convencional,Boyacá,Zetaquirá,5.283,-73.1693,1720,6/15/1957,,Andes,Orinoco,Meta,Río Lengupá,1.57818186283112,1.9163635969162,2,2,0.829710125923157,0.960144937038422,1,1,1.04999995231628,2012,10,60,24.3,24.3,25.5149988412857,0,31.6151180267334,2012-10-01,31.0244903564453,25.3436450958252,27.7870616912842
35080010,Pluviométrica,Convencional,Boyacá,Zetaquirá,5.283,-73.1693,1720,6/15/1957,,Andes,Orinoco,Meta,Río Lengupá,1.57818186283112,1.9163635969162,2,2,0.829710125923157,0.960144937038422,1,1,1.04999995231628,2012,11,61,12.3,12.3,12.9149994134903,0,19.163158416748,2012-11-01,31.895450592041,14.3533182144165,22.006628036499
35080010,Pluviométrica,Convencional,Boyacá,Zetaquirá,5.283,-73.1693,1720,6/15/1957,,Andes,Orinoco,Meta,Río Lengupá,1.57818186283112,1.9163635969162,2,2,0.829710125923157,0.960144937038422,1,1,1.04999995231628,2012,11,62,30.7,30.7,32.2349985361099,0,10.9865827560425,2012-11-01,14.2777576446533,10.628436088562,15.7605037689209
35080010,Pluviométrica,Convencional,Boyacá,Zetaquirá,5.283,-73.1693,1720,6/15/1957,,Andes,Orinoco,Meta,Río Lengupá,1.57818186283112,1.9163635969162,2,2,0.829710125923157,0.960144937038422,1,1,1.04999995231628,2012,11,63,19.9,19.9,20.8949990510941,0,13.2415590286255,2012-11-01,13.5211210250855,16.8949298858643,21.5192928314209
35080010,Pluviométrica,Convencional,Boyacá,Zetaquirá,5.283,-73.1693,1720,6/15/1957,,Andes,Orinoco,Meta,Río Lengupá,1.57818186283112,1.9163635969162,2,2,0.829710125923157,0.960144937038422,1,1,1.04999995231628,2012,11,64,35.4,35.4,37.1699983119965,0,15.252628326416,2012-11-01,21.7488079071045,21.5502414703369,30.0692310333252
35080010,Pluviométrica,Convencional,Boyacá,Zetaquirá,5.283,-73.1693,1720,6/15/1957,,Andes,Orinoco,Meta,Río Lengupá,1.57818186283112,1.9163635969162,2,2,0.829710125923157,0.960144937038422,1,1,1.04999995231628,2012,11,65,4.2,4.2,4.40999979972839,0,5.66316509246826,2012-11-01,1.33493387699127,4.45619344711304,2.55865097045898
35080010,Pluviométrica,Convencional,Boyacá,Zetaquirá,5.283,-73.1693,1720,6/15/1957,,Andes,Orinoco,Meta,Río Lengupá,1.57818186283112,1.9163635969162,2,2,0.829710125923157,0.960144937038422,1,1,1.04999995231628,2012,11,66,1.5,1.5,1.57499992847443,0,8.15589237213135,2012-11-01,9.49181270599365,5.54842042922974,10.474160194397
35080010,Pluviométrica,Convencional,Boyacá,Zetaquirá,5.283,-73.1693,1720,6/15/1957,,Andes,Orinoco,Meta,Río Lengupá,1.57818186283112,1.9163635969162,2,2,0.829710125923157,0.960144937038422,1,1,1.07000005245209,2012,12,67,20.2,20.2,21.6140010595322,0,3.41772937774658,2012-12-01,2.16043901443481,7.20554065704346,7.52870178222656
35080010,Pluviométrica,Convencional,Boyacá,Zetaquirá,5.283,-73.1693,1720,6/15/1957,,Andes,Orinoco,Meta,Río Lengupá,1.57818186283112,1.9163635969162,2,2,0.829710125923157,0.960144937038422,1,1,1.07000005245209,2012,12,68,0,0,0,0,6.44724655151367,2012-12-01,13.9471492767334,5.66315221786499,13.8566703796387
35080010,Pluviométrica,Convencional,Boyacá,Zetaquirá,5.283,-73.1693,1720,6/15/1957,,Andes,Orinoco,Meta,Río Lengupá,1.57818186283112,1.9163635969162,2,2,0.829710125923157,0.960144937038422,1,1,1.07000005245209,2012,12,69,44.2,44.2,47.2940023183823,0,2.92736482620239,2012-12-01,2.95125102996826,4.07456254959106,6.59560489654541
35080010,Pluviométrica,Convencional,Boyacá,Zetaquirá,5.283,-73.1693,1720,6/15/1957,,Andes,Orinoco,Meta,Río Lengupá,1.57818186283112,1.9163635969162,2,2,0.829710125923157,0.960144937038422,1,1,1.07000005245209,2012,12,70,0,0,0,0,3.13254594802856,2012-12-01,2.25644111633301,4.03911066055298,6.55172395706177
35080010,Pluviométrica,Convencional,Boyacá,Zetaquirá,5.283,-73.1693,1720,6/15/1957,,Andes,Orinoco,Meta,Río Lengupá,1.57818186283112,1.9163635969162,2,2,0.829710125923157,0.960144937038422,1,1,1.07000005245209,2012,12,71,29,29,31.0300015211105,0,10.5934801101685,2012-12-01,22.4604034423828,16.0187950134277,24.2734851837158
35080010,Pluviométrica,Convencional,Boyacá,Zetaquirá,5.283,-73.1693,1720,6/15/1957,,Andes,Orinoco,Meta,Río Lengupá,1.57818186283112,1.9163635969162,2,2,0.829710125923157,0.960144937038422,1,1,1.07000005245209,2012,12,72,7.2,7.2,7.70400037765503,0,8.31869506835938,2012-12-01,3.41814112663269,7.90656185150147,6.0559139251709
35080010,Pluviométrica,Convencional,Boyacá,Zetaquirá,5.283,-73.1693,1720,6/15/1957,,Andes,Orinoco,Meta,Río Lengupá,1.57818186283112,1.9163635969162,2,2,0.829710125923157,0.960144937038422,1,1,1.07000005245209,2013,01,1,0,0,0,0,4.64242315292358,2013-01-01,4.45475959777832,2.0918459892273,2.36507081985474
35080010,Pluviométrica,Convencional,Boyacá,Zetaquirá,5.283,-73.1693,1720,6/15/1957,,Andes,Orinoco,Meta,Río Lengupá,1.57818186283112,1.9163635969162,2,2,0.829710125923157,0.960144937038422,1,1,1.07000005245209,2013,01,2,0,0,0,0,5.92672634124756,2013-01-01,2.34820914268494,2.29870319366455,1.47379863262177
35080010,Pluviométrica,Convencional,Boyacá,Zetaquirá,5.283,-73.1693,1720,6/15/1957,,Andes,Orinoco,Meta,Río Lengupá,1.57818186283112,1.9163635969162,2,2,0.829710125923157,0.960144937038422,1,1,1.07000005245209,2013,01,3,5.4,5.4,5.77800028324127,0,10.2965688705444,2013-01-01,4.47887754440308,5.18240165710449,2.96639895439148
35080010,Pluviométrica,Convencional,Boyacá,Zetaquirá,5.283,-73.1693,1720,6/15/1957,,Andes,Orinoco,Meta,Río Lengupá,1.57818186283112,1.9163635969162,2,2,0.829710125923157,0.960144937038422,1,1,1.07000005245209,2013,01,4,0,0,0,0,6.68221473693848,2013-01-01,2.45718812942505,3.02695465087891,1.7977157831192
35080010,Pluviométrica,Convencional,Boyacá,Zetaquirá,5.283,-73.1693,1720,6/15/1957,,Andes,Orinoco,Meta,Río Lengupá,1.57818186283112,1.9163635969162,2,2,0.829710125923157,0.960144937038422,1,1,1.07000005245209,2013,01,5,0.7,0.7,0.749000036716461,0,6.24303674697876,2013-01-01,1.64468801021576,3.06415152549744,1.38556838035584
35080010,Pluviométrica,Convencional,Boyacá,Zetaquirá,5.283,-73.1693,1720,6/15/1957,,Andes,Orinoco,Meta,Río Lengupá,1.57818186283112,1.9163635969162,2,2,0.829710125923157,0.960144937038422,1,1,1.07000005245209,2013,01,6,0,0,0,0,7.65738105773926,2013-01-01,0.691168010234833,2.93295979499817,0.543818593025208
35080010,Pluviométrica,Convencional,Boyacá,Zetaquirá,5.283,-73.1693,1720,6/15/1957,,Andes,Orinoco,Meta,Río Lengupá,1.57818186283112,1.9163635969162,2,2,0.829710125923157,0.960144937038422,1,1,1.08000004291534,2013,02,7,3.7,3.7,3.99600015878677,0,5.69211721420288,2013-02-01,0.972969055175781,8.51132202148438,3.02947926521301
35080010,Pluviométrica,Convencional,Boyacá,Zetaquirá,5.283,-73.1693,1720,6/15/1957,,Andes,Orinoco,Meta,Río Lengupá,1.57818186283112,1.9163635969162,2,2,0.829710125923157,0.960144937038422,1,1,1.08000004291534,2013,02,8,36.3,36.3,39.204001557827,0,5.40966367721558,2013-02-01,1.62601017951965,15.4250202178955,8.63037872314453
35080010,Pluviométrica,Convencional,Boyacá,Zetaquirá,5.283,-73.1693,1720,6/15/1957,,Andes,Orinoco,Meta,Río Lengupá,1.57818186283112,1.9163635969162,2,2,0.829710125923157,0.960144937038422,1,1,1.08000004291534,2013,02,9,0,0,0,0,10.3193454742432,2013-02-01,13.6182909011841,8.97325038909912,12.5389957427979
35080010,Pluviométrica,Convencional,Boyacá,Zetaquirá,5.283,-73.1693,1720,6/15/1957,,Andes,Orinoco,Meta,Río Lengupá,1.57818186283112,1.9163635969162,2,2,0.829710125923157,0.960144937038422,1,1,1.08000004291534,2013,02,10,19.7,19.7,21.2760008454323,0,6.01718330383301,2013-02-01,2.22012615203857,11.7613439559937,7.0847053527832
35080010,Pluviométrica,Convencional,Boyacá,Zetaquirá,5.283,-73.1693,1720,6/15/1957,,Andes,Orinoco,Meta,Río Lengupá,1.57818186283112,1.9163635969162,2,2,0.829710125923157,0.960144937038422,1,1,1.08000004291534,2013,02,11,3.2,3.2,3.4560001373291,0,5.92887496948242,2013-02-01,2.87232065200806,6.18447256088257,5.12334442138672
35080010,Pluviométrica,Convencional,Boyacá,Zetaquirá,5.283,-73.1693,1720,6/15/1957,,Andes,Orinoco,Meta,Río Lengupá,1.57818186283112,1.9163635969162,2,2,0.829710125923157,0.960144937038422,1,1,1.08000004291534,2013,02,12,1.2,1.2,1.29600005149841,0,2.52873253822327,2013-02-01,3.12892723083496,3.80251502990723,4.8009238243103
35080010,Pluviométrica,Convencional,Boyacá,Zetaquirá,5.283,-73.1693,1720,6/15/1957,,Andes,Orinoco,Meta,Río Lengupá,1.57818186283112,1.9163635969162,2,2,0.829710125923157,0.960144937038422,1,1,1.08000004291534,2013,03,13,7.7,7.7,8.31600033044815,0,20.167049407959,2013-03-01,37.359317779541,8.84907913208008,12.4618997573853
35080010,Pluviométrica,Convencional,Boyacá,Zetaquirá,5.283,-73.1693,1720,6/15/1957,,Andes,Orinoco,Meta,Río Lengupá,1.57818186283112,1.9163635969162,2,2,0.829710125923157,0.960144937038422,1,1,1.08000004291534,2013,03,14,3.6,3.6,3.88800015449524,0,3.38767719268799,2013-03-01,0,4.88698577880859,0
35080010,Pluviométrica,Convencional,Boyacá,Zetaquirá,5.283,-73.1693,1720,6/15/1957,,Andes,Orinoco,Meta,Río Lengupá,1.57818186283112,1.9163635969162,2,2,0.829710125923157,0.960144937038422,1,1,1.08000004291534,2013,03,15,21.8,21.8,23.5440009355545,0,10.4476461410522,2013-03-01,16.0251712799072,14.0441608428955,15.9357957839966
35080010,Pluviométrica,Convencional,Boyacá,Zetaquirá,5.283,-73.1693,1720,6/15/1957,,Andes,Orinoco,Meta,Río Lengupá,1.57818186283112,1.9163635969162,2,2,0.829710125923157,0.960144937038422,1,1,1.08000004291534,2013,03,16,35.8,35.8,38.6640015363693,0,14.2730541229248,2013-03-01,24.2281818389893,24.4977149963379,36.5993461608887
35080010,Pluviométrica,Convencional,Boyacá,Zetaquirá,5.283,-73.1693,1720,6/15/1957,,Andes,Orinoco,Meta,Río Lengupá,1.57818186283112,1.9163635969162,2,2,0.829710125923157,0.960144937038422,1,1,1.08000004291534,2013,03,17,0.7,0.7,0.756000030040741,0,21.3856182098389,2013-03-01,41.5360679626465,14.8819284439087,19.6799354553223
35080010,Pluviométrica,Convencional,Boyacá,Zetaquirá,5.283,-73.1693,1720,6/15/1957,,Andes,Orinoco,Meta,Río Lengupá,1.57818186283112,1.9163635969162,2,2,0.829710125923157,0.960144937038422,1,1,1.08000004291534,2013,03,18,20.9,20.9,22.5720008969307,0,9.29541206359863,2013-03-01,5.8445839881897,8.78180122375488,6.86736869812012
35080010,Pluviométrica,Convencional,Boyacá,Zetaquirá,5.283,-73.1693,1720,6/15/1957,,Andes,Orinoco,Meta,Río Lengupá,1.57818186283112,1.9163635969162,2,2,0.829710125923157,0.960144937038422,1,1,1.05999994277954,2013,04,19,2.4,2.4,2.5439998626709,0,23.0799732208252,2013-04-01,25.3290138244629,8.93928813934326,10.9139919281006
35080010,Pluviométrica,Convencional,Boyacá,Zetaquirá,5.283,-73.1693,1720,6/15/1957,,Andes,Orinoco,Meta,Río Lengupá,1.57818186283112,1.9163635969162,2,2,0.829710125923157,0.960144937038422,1,1,1.05999994277954,2013,04,20,0,0,0,0,6.44128942489624,2013-04-01,1.39210724830627,4.6963415145874,2.14238119125366
35080010,Pluviométrica,Convencional,Boyacá,Zetaquirá,5.283,-73.1693,1720,6/15/1957,,Andes,Orinoco,Meta,Río Lengupá,1.57818186283112,1.9163635969162,2,2,0.829710125923157,0.960144937038422,1,1,1.05999994277954,2013,04,21,16.2,16.2,17.1719990730286,0,24.9852504730225,2013-04-01,28.4467620849609,22.170524597168,26.6769065856934
35080010,Pluviométrica,Convencional,Boyacá,Zetaquirá,5.283,-73.1693,1720,6/15/1957,,Andes,Orinoco,Meta,Río Lengupá,1.57818186283112,1.9163635969162,2,2,0.829710125923157,0.960144937038422,1,1,1.05999994277954,2013,04,22,55,55,58.2999968528748,0,22.5986595153809,2013-04-01,27.943229675293,41.7590255737305,54.2649803161621
35080010,Pluviométrica,Convencional,Boyacá,Zetaquirá,5.283,-73.1693,1720,6/15/1957,,Andes,Orinoco,Meta,Río Lengupá,1.57818186283112,1.9163635969162,2,2,0.829710125923157,0.960144937038422,1,1,1.05999994277954,2013,04,23,25,25,26.4999985694885,0,5.37487125396729,2013-04-01,0,10.9709873199463,0
35080010,Pluviométrica,Convencional,Boyacá,Zetaquirá,5.283,-73.1693,1720,6/15/1957,,Andes,Orinoco,Meta,Río Lengupá,1.57818186283112,1.9163635969162,2,2,0.829710125923157,0.960144937038422,1,1,1.05999994277954,2013,04,24,30.8,30.8,32.6479982376099,0,34.2718124389648,2013-04-01,47.2045555114746,33.540771484375,43.9443206787109
35080010,Pluviométrica,Convencional,Boyacá,Zetaquirá,5.283,-73.1693,1720,6/15/1957,,Andes,Orinoco,Meta,Río Lengupá,1.57818186283112,1.9163635969162,2,2,0.829710125923157,0.960144937038422,1,1,1.04999995231628,2013,05,25,37.3,37.3,39.1649982213974,0,39.2080268859863,2013-05-01,57.7255439758301,47.4935073852539,61.1466789245606
35080010,Pluviométrica,Convencional,Boyacá,Zetaquirá,5.283,-73.1693,1720,6/15/1957,,Andes,Orinoco,Meta,Río Lengupá,1.57818186283112,1.9163635969162,2,2,0.829710125923157,0.960144937038422,1,1,1.04999995231628,2013,05,26,53.5,53.5,56.1749974489212,0,30.1491107940674,2013-05-01,47.900764465332,43.2294464111328,54.7867050170899
35080010,Pluviométrica,Convencional,Boyacá,Zetaquirá,5.283,-73.1693,1720,6/15/1957,,Andes,Orinoco,Meta,Río Lengupá,1.57818186283112,1.9163635969162,2,2,0.829710125923157,0.960144937038422,1,1,1.04999995231628,2013,05,27,17,17,17.8499991893768,0,10.3192272186279,2013-05-01,4.53426790237427,13.973837852478,14.7332172393799
35080010,Pluviométrica,Convencional,Boyacá,Zetaquirá,5.283,-73.1693,1720,6/15/1957,,Andes,Orinoco,Meta,Río Lengupá,1.57818186283112,1.9163635969162,2,2,0.829710125923157,0.960144937038422,1,1,1.04999995231628,2013,05,28,64.2,64.2,67.4099969387055,0,23.6250247955322,2013-05-01,35.0567665100098,39.3525085449219,50.754322052002
35080010,Pluviométrica,Convencional,Boyacá,Zetaquirá,5.283,-73.1693,1720,6/15/1957,,Andes,Orinoco,Meta,Río Lengupá,1.57818186283112,1.9163635969162,2,2,0.829710125923157,0.960144937038422,1,1,1.04999995231628,2013,05,29,42.8,42.8,44.939997959137,0,8.5292329788208,2013-05-01,1.67423403263092,19.7982730865479,6.47200441360474
35080010,Pluviométrica,Convencional,Boyacá,Zetaquirá,5.283,-73.1693,1720,6/15/1957,,Andes,Orinoco,Meta,Río Lengupá,1.57818186283112,1.9163635969162,2,2,0.829710125923157,0.960144937038422,1,1,1.04999995231628,2013,05,30,15.8,15.8,16.5899992465973,0,42.0628051757813,2013-05-01,88.3600234985352,25.4571895599365,38.4308929443359
35080010,Pluviométrica,Convencional,Boyacá,Zetaquirá,5.283,-73.1693,1720,6/15/1957,,Andes,Orinoco,Meta,Río Lengupá,1.57818186283112,1.9163635969162,2,2,0.829710125923157,0.960144937038422,1,1,1.04999995231628,2013,06,31,27.3,27.3,28.6649986982346,0,23.976318359375,2013-06-01,26.4991264343262,33.4338569641113,37.7672882080078
35080010,Pluviométrica,Convencional,Boyacá,Zetaquirá,5.283,-73.1693,1720,6/15/1957,,Andes,Orinoco,Meta,Río Lengupá,1.57818186283112,1.9163635969162,2,2,0.829710125923157,0.960144937038422,1,1,1.04999995231628,2013,06,32,41.7,41.7,43.7849980115891,0,20.4155139923096,2013-06-01,21.6324615478516,22.0319995880127,25.2589702606201
35080010,Pluviométrica,Convencional,Boyacá,Zetaquirá,5.283,-73.1693,1720,6/15/1957,,Andes,Orinoco,Meta,Río Lengupá,1.57818186283112,1.9163635969162,2,2,0.829710125923157,0.960144937038422,1,1,1.04999995231628,2013,06,33,35.3,35.3,37.0649983167648,0,24.8509674072266,2013-06-01,25.7071838378906,38.4035987854004,41.5453491210938
35080010,Pluviométrica,Convencional,Boyacá,Zetaquirá,5.283,-73.1693,1720,6/15/1957,,Andes,Orinoco,Meta,Río Lengupá,1.57818186283112,1.9163635969162,2,2,0.829710125923157,0.960144937038422,1,1,1.04999995231628,2013,06,34,20,20,20.9999990463257,0,27.6305465698242,2013-06-01,30.2685852050781,26.0751781463623,25.2364101409912
35080010,Pluviométrica,Convencional,Boyacá,Zetaquirá,5.283,-73.1693,1720,6/15/1957,,Andes,Orinoco,Meta,Río Lengupá,1.57818186283112,1.9163635969162,2,2,0.829710125923157,0.960144937038422,1,1,1.04999995231628,2013,06,35,13.3,13.3,13.9649993658066,0,29.4904251098633,2013-06-01,34.2914352416992,16.5193862915039,18.0193157196045
35080010,Pluviométrica,Convencional,Boyacá,Zetaquirá,5.283,-73.1693,1720,6/15/1957,,Andes,Orinoco,Meta,Río Lengupá,1.57818186283112,1.9163635969162,2,2,0.829710125923157,0.960144937038422,1,1,1.04999995231628,2013,06,36,30.9,30.9,32.4449985265732,0,66.3387756347656,2013-06-01,104.624061584473,36.9346046447754,42.5261459350586
35080010,Pluviométrica,Convencional,Boyacá,Zetaquirá,5.283,-73.1693,1720,6/15/1957,,Andes,Orinoco,Meta,Río Lengupá,1.57818186283112,1.9163635969162,2,2,0.829710125923157,0.960144937038422,1,1,1.03999996185303,2013,07,37,14.7,14.7,15.2879994392395,0,62.3804321289063,2013-07-01,79.0666198730469,32.0788841247559,35.3662033081055
35080010,Pluviométrica,Convencional,Boyacá,Zetaquirá,5.283,-73.1693,1720,6/15/1957,,Andes,Orinoco,Meta,Río Lengupá,1.57818186283112,1.9163635969162,2,2,0.829710125923157,0.960144937038422,1,1,1.03999996185303,2013,07,38,51.8,51.8,53.8719980239868,0,30.1478252410889,2013-07-01,35.298713684082,54.8891181945801,60.4291381835938
35080010,Pluviométrica,Convencional,Boyacá,Zetaquirá,5.283,-73.1693,1720,6/15/1957,,Andes,Orinoco,Meta,Río Lengupá,1.57818186283112,1.9163635969162,2,2,0.829710125923157,0.960144937038422,1,1,1.03999996185303,2013,07,39,78.1,78.1,81.2239970207214,0,52.7470588684082,2013-07-01,69.2830963134766,75.6562042236328,81.5541839599609
35080010,Pluviométrica,Convencional,Boyacá,Zetaquirá,5.283,-73.1693,1720,6/15/1957,,Andes,Orinoco,Meta,Río Lengupá,1.57818186283112,1.9163635969162,2,2,0.829710125923157,0.960144937038422,1,1,1.03999996185303,2013,07,40,18.4,18.4,19.1359992980957,0,40.064453125,2013-07-01,44.3582038879395,37.7064552307129,34.9319725036621
35080010,Pluviométrica,Convencional,Boyacá,Zetaquirá,5.283,-73.1693,1720,6/15/1957,,Andes,Orinoco,Meta,Río Lengupá,1.57818186283112,1.9163635969162,2,2,0.829710125923157,0.960144937038422,1,1,1.03999996185303,2013,07,41,16.7,16.7,17.3679993629456,0,28.8917083740234,2013-07-01,34.5487747192383,34.1933822631836,39.4281120300293
35080010,Pluviométrica,Convencional,Boyacá,Zetaquirá,5.283,-73.1693,1720,6/15/1957,,Andes,Orinoco,Meta,Río Lengupá,1.57818186283112,1.9163635969162,2,2,0.829710125923157,0.960144937038422,1,1,1.03999996185303,2013,07,42,35.2,35.2,36.6079986572266,0,20.70751953125,2013-07-01,9.8233642578125,37.7252159118652,27.7488498687744
35080010,Pluviométrica,Convencional,Boyacá,Zetaquirá,5.283,-73.1693,1720,6/15/1957,,Andes,Orinoco,Meta,Río Lengupá,1.57818186283112,1.9163635969162,2,2,0.829710125923157,0.960144937038422,1,1,1.05999994277954,2013,08,43,19.4,19.4,20.5639988899231,0,27.7895622253418,2013-08-01,30.4103469848633,41.308895111084,45.7289505004883
35080010,Pluviométrica,Convencional,Boyacá,Zetaquirá,5.283,-73.1693,1720,6/15/1957,,Andes,Orinoco,Meta,Río Lengupá,1.57818186283112,1.9163635969162,2,2,0.829710125923157,0.960144937038422,1,1,1.05999994277954,2013,08,44,17.7,17.7,18.7619989871979,0,93.2065277099609,2013-08-01,145.349945068359,54.4792366027832,65.8600769042969
35080010,Pluviométrica,Convencional,Boyacá,Zetaquirá,5.283,-73.1693,1720,6/15/1957,,Andes,Orinoco,Meta,Río Lengupá,1.57818186283112,1.9163635969162,2,2,0.829710125923157,0.960144937038422,1,1,1.05999994277954,2013,08,45,54.1,54.1,57.3459969043732,0,42.6215171813965,2013-08-01,50.2406921386719,58.3133544921875,62.5529289245606
35080010,Pluviométrica,Convencional,Boyacá,Zetaquirá,5.283,-73.1693,1720,6/15/1957,,Andes,Orinoco,Meta,Río Lengupá,1.57818186283112,1.9163635969162,2,2,0.829710125923157,0.960144937038422,1,1,1.05999994277954,2013,08,46,23,23,24.3799986839294,0,26.3358097076416,2013-08-01,52.4913368225098,41.0540733337402,50.3516998291016
35080010,Pluviométrica,Convencional,Boyacá,Zetaquirá,5.283,-73.1693,1720,6/15/1957,,Andes,Orinoco,Meta,Río Lengupá,1.57818186283112,1.9163635969162,2,2,0.829710125923157,0.960144937038422,1,1,1.05999994277954,2013,08,47,25.2,25.2,26.7119985580444,0,34.6996765136719,2013-08-01,62.7795524597168,34.1825561523438,47.8665618896484
35080010,Pluviométrica,Convencional,Boyacá,Zetaquirá,5.283,-73.1693,1720,6/15/1957,,Andes,Orinoco,Meta,Río Lengupá,1.57818186283112,1.9163635969162,2,2,0.829710125923157,0.960144937038422,1,1,1.05999994277954,2013,08,48,72,72,76.319995880127,0,23.2122802734375,2013-08-01,6.84069538116455,41.7404403686523,25.5053806304932
35080010,Pluviométrica,Convencional,Boyacá,Zetaquirá,5.283,-73.1693,1720,6/15/1957,,Andes,Orinoco,Meta,Río Lengupá,1.57818186283112,1.9163635969162,2,2,0.829710125923157,0.960144937038422,1,1,1.05999994277954,2013,09,49,4.3,4.3,4.55799975395203,0,22.1679763793945,2013-09-01,31.5314769744873,15.9298734664917,17.7863616943359
35080010,Pluviométrica,Convencional,Boyacá,Zetaquirá,5.283,-73.1693,1720,6/15/1957,,Andes,Orinoco,Meta,Río Lengupá,1.57818186283112,1.9163635969162,2,2,0.829710125923157,0.960144937038422,1,1,1.05999994277954,2013,09,50,4.8,4.8,5.0879997253418,0,10.7857046127319,2013-09-01,9.87365341186523,13.5611953735352,16.6818084716797
35080010,Pluviométrica,Convencional,Boyacá,Zetaquirá,5.283,-73.1693,1720,6/15/1957,,Andes,Orinoco,Meta,Río Lengupá,1.57818186283112,1.9163635969162,2,2,0.829710125923157,0.960144937038422,1,1,1.05999994277954,2013,09,51,34.4,34.4,36.4639980316162,0,19.5162143707275,2013-09-01,21.4515380859375,28.2825603485107,28.7027187347412
35080010,Pluviométrica,Convencional,Boyacá,Zetaquirá,5.283,-73.1693,1720,6/15/1957,,Andes,Orinoco,Meta,Río Lengupá,1.57818186283112,1.9163635969162,2,2,0.829710125923157,0.960144937038422,1,1,1.05999994277954,2013,09,52,22.6,22.6,23.9559987068176,0,17.9900569915772,2013-09-01,20.4418258666992,26.0080375671387,27.0170097351074
35080010,Pluviométrica,Convencional,Boyacá,Zetaquirá,5.283,-73.1693,1720,6/15/1957,,Andes,Orinoco,Meta,Río Lengupá,1.57818186283112,1.9163635969162,2,2,0.829710125923157,0.960144937038422,1,1,1.05999994277954,2013,09,53,19.2,19.2,20.3519989013672,0,19.6075611114502,2013-09-01,25.755313873291,22.4391803741455,24.2374267578125
35080010,Pluviométrica,Convencional,Boyacá,Zetaquirá,5.283,-73.1693,1720,6/15/1957,,Andes,Orinoco,Meta,Río Lengupá,1.57818186283112,1.9163635969162,2,2,0.829710125923157,0.960144937038422,1,1,1.05999994277954,2013,09,54,9.3,9.3,9.85799946784973,0,17.2634544372559,2013-09-01,14.0316190719604,15.8954191207886,13.6447248458862
35080010,Pluviométrica,Convencional,Boyacá,Zetaquirá,5.283,-73.1693,1720,6/15/1957,,Andes,Orinoco,Meta,Río Lengupá,1.57818186283112,1.9163635969162,2,2,0.829710125923157,0.960144937038422,1,1,1.04999995231628,2013,10,55,59.8,59.8,62.7899971485138,0,33.7247581481934,2013-10-01,36.2751693725586,43.8033256530762,67.5643844604492
35080010,Pluviométrica,Convencional,Boyacá,Zetaquirá,5.283,-73.1693,1720,6/15/1957,,Andes,Orinoco,Meta,Río Lengupá,1.57818186283112,1.9163635969162,2,2,0.829710125923157,0.960144937038422,1,1,1.04999995231628,2013,10,56,1.7,1.7,1.78499991893768,0,9.49340915679932,2013-10-01,0.0358219146728516,8.13758087158203,0.137991026043892
35080010,Pluviométrica,Convencional,Boyacá,Zetaquirá,5.283,-73.1693,1720,6/15/1957,,Andes,Orinoco,Meta,Río Lengupá,1.57818186283112,1.9163635969162,2,2,0.829710125923157,0.960144937038422,1,1,1.04999995231628,2013,10,57,2.6,2.6,2.72999987602234,0,14.0660781860352,2013-10-01,8.93666648864746,17.17360496521,19.8794593811035
35080010,Pluviométrica,Convencional,Boyacá,Zetaquirá,5.283,-73.1693,1720,6/15/1957,,Andes,Orinoco,Meta,Río Lengupá,1.57818186283112,1.9163635969162,2,2,0.829710125923157,0.960144937038422,1,1,1.04999995231628,2013,10,58,45.2,45.2,47.4599978446961,0,20.1417713165283,2013-10-01,25.3963222503662,16.1992416381836,26.0538101196289
35080010,Pluviométrica,Convencional,Boyacá,Zetaquirá,5.283,-73.1693,1720,6/15/1957,,Andes,Orinoco,Meta,Río Lengupá,1.57818186283112,1.9163635969162,2,2,0.829710125923157,0.960144937038422,1,1,1.04999995231628,2013,10,59,18.1,18.1,19.0049991369247,0,10.4106397628784,2013-10-01,3.24975633621216,14.1873416900635,12.779691696167
35080010,Pluviométrica,Convencional,Boyacá,Zetaquirá,5.283,-73.1693,1720,6/15/1957,,Andes,Orinoco,Meta,Río Lengupá,1.57818186283112,1.9163635969162,2,2,0.829710125923157,0.960144937038422,1,1,1.04999995231628,2013,10,60,22.7,22.7,23.8349989175797,0,14.2195644378662,2013-10-01,4.79891204833984,12.7764053344727,11.4070358276367
35080010,Pluviométrica,Convencional,Boyacá,Zetaquirá,5.283,-73.1693,1720,6/15/1957,,Andes,Orinoco,Meta,Río Lengupá,1.57818186283112,1.9163635969162,2,2,0.829710125923157,0.960144937038422,1,1,1.04999995231628,2013,11,61,35.2,35.2,36.9599983215332,0,34.743049621582,2013-11-01,79.2886047363281,43.9923133850098,81.9261245727539
35080010,Pluviométrica,Convencional,Boyacá,Zetaquirá,5.283,-73.1693,1720,6/15/1957,,Andes,Orinoco,Meta,Río Lengupá,1.57818186283112,1.9163635969162,2,2,0.829710125923157,0.960144937038422,1,1,1.04999995231628,2013,11,62,56.8,56.8,59.639997291565,0,21.6829376220703,2013-11-01,37.7804908752441,28.2358875274658,66.8211669921875
35080010,Pluviométrica,Convencional,Boyacá,Zetaquirá,5.283,-73.1693,1720,6/15/1957,,Andes,Orinoco,Meta,Río Lengupá,1.57818186283112,1.9163635969162,2,2,0.829710125923157,0.960144937038422,1,1,1.04999995231628,2013,11,63,7.8,7.8,8.18999962806702,0,5.4663405418396,2013-11-01,1.26644885540009,4.75015354156494,2.68610095977783
35080010,Pluviométrica,Convencional,Boyacá,Zetaquirá,5.283,-73.1693,1720,6/15/1957,,Andes,Orinoco,Meta,Río Lengupá,1.57818186283112,1.9163635969162,2,2,0.829710125923157,0.960144937038422,1,1,1.04999995231628,2013,11,64,93.2,93.2,97.8599955558777,0,7.77571821212769,2013-11-01,5.03637647628784,12.3299388885498,15.309515953064
35080010,Pluviométrica,Convencional,Boyacá,Zetaquirá,5.283,-73.1693,1720,6/15/1957,,Andes,Orinoco,Meta,Río Lengupá,1.57818186283112,1.9163635969162,2,2,0.829710125923157,0.960144937038422,1,1,1.04999995231628,2013,11,65,24.7,24.7,25.9349988222122,0,18.7732830047607,2013-11-01,34.491268157959,16.2497215270996,37.7145042419434
35080010,Pluviométrica,Convencional,Boyacá,Zetaquirá,5.283,-73.1693,1720,6/15/1957,,Andes,Orinoco,Meta,Río Lengupá,1.57818186283112,1.9163635969162,2,2,0.829710125923157,0.960144937038422,1,1,1.04999995231628,2013,11,66,22.3,22.3,23.4149989366531,0,15.2677993774414,2013-11-01,27.0568313598633,24.3068771362305,41.2167167663574
35080010,Pluviométrica,Convencional,Boyacá,Zetaquirá,5.283,-73.1693,1720,6/15/1957,,Andes,Orinoco,Meta,Río Lengupá,1.57818186283112,1.9163635969162,2,2,0.829710125923157,0.960144937038422,1,1,1.07000005245209,2013,12,67,1.8,1.8,1.92600009441376,0,8.8581018447876,2013-12-01,18.5119972229004,10.2170581817627,16.8738079071045
35080010,Pluviométrica,Convencional,Boyacá,Zetaquirá,5.283,-73.1693,1720,6/15/1957,,Andes,Orinoco,Meta,Río Lengupá,1.57818186283112,1.9163635969162,2,2,0.829710125923157,0.960144937038422,1,1,1.07000005245209,2013,12,68,45.8,45.8,49.0060024023056,0,7.17202568054199,2013-12-01,13.9471492767334,10.4508113861084,18.9664516448975
35080010,Pluviométrica,Convencional,Boyacá,Zetaquirá,5.283,-73.1693,1720,6/15/1957,,Andes,Orinoco,Meta,Río Lengupá,1.57818186283112,1.9163635969162,2,2,0.829710125923157,0.960144937038422,1,1,1.07000005245209,2013,12,69,10.3,10.3,11.0210005402565,0,10.9645872116089,2013-12-01,36.0421180725098,7.39872264862061,20.427713394165
35080010,Pluviométrica,Convencional,Boyacá,Zetaquirá,5.283,-73.1693,1720,6/15/1957,,Andes,Orinoco,Meta,Río Lengupá,1.57818186283112,1.9163635969162,2,2,0.829710125923157,0.960144937038422,1,1,1.07000005245209,2013,12,70,7.4,7.4,7.91800038814545,0,4.60310363769531,2013-12-01,10.916823387146,5.02098941802979,16.9521045684814
35080010,Pluviométrica,Convencional,Boyacá,Zetaquirá,5.283,-73.1693,1720,6/15/1957,,Andes,Orinoco,Meta,Río Lengupá,1.57818186283112,1.9163635969162,2,2,0.829710125923157,0.960144937038422,1,1,1.07000005245209,2013,12,71,0,0,0,0,4.05877113342285,2013-12-01,4.60251712799072,4.09826374053955,6.95601177215576
35080010,Pluviométrica,Convencional,Boyacá,Zetaquirá,5.283,-73.1693,1720,6/15/1957,,Andes,Orinoco,Meta,Río Lengupá,1.57818186283112,1.9163635969162,2,2,0.829710125923157,0.960144937038422,1,1,1.07000005245209,2013,12,72,8.2,8.2,8.77400043010712,0,5.89884471893311,2013-12-01,3.41814112663269,4.51191377639771,5.78009653091431
35080010,Pluviométrica,Convencional,Boyacá,Zetaquirá,5.283,-73.1693,1720,6/15/1957,,Andes,Orinoco,Meta,Río Lengupá,1.57818186283112,1.9163635969162,2,2,0.829710125923157,0.960144937038422,1,1,1.07000005245209,2014,01,1,5.1,5.1,5.45700026750565,0,4.64242315292358,2014-01-01,4.45475959777832,4.64589548110962,5.8144097328186
35080010,Pluviométrica,Convencional,Boyacá,Zetaquirá,5.283,-73.1693,1720,6/15/1957,,Andes,Orinoco,Meta,Río Lengupá,1.57818186283112,1.9163635969162,2,2,0.829710125923157,0.960144937038422,1,1,1.07000005245209,2014,01,2,29,29,31.0300015211105,0,7.59809541702271,2014-01-01,4.52538633346558,9.01653575897217,11.4150609970093
35080010,Pluviométrica,Convencional,Boyacá,Zetaquirá,5.283,-73.1693,1720,6/15/1957,,Andes,Orinoco,Meta,Río Lengupá,1.57818186283112,1.9163635969162,2,2,0.829710125923157,0.960144937038422,1,1,1.07000005245209,2014,01,3,0,0,0,0,6.60328197479248,2014-01-01,2.33185815811157,3.28034400939941,1.6858092546463
35080010,Pluviométrica,Convencional,Boyacá,Zetaquirá,5.283,-73.1693,1720,6/15/1957,,Andes,Orinoco,Meta,Río Lengupá,1.57818186283112,1.9163635969162,2,2,0.829710125923157,0.960144937038422,1,1,1.07000005245209,2014,01,4,29.9,29.9,31.9930015683174,0,6.68221473693848,2014-01-01,2.45718812942505,4.44117069244385,4.24969387054443
35080010,Pluviométrica,Convencional,Boyacá,Zetaquirá,5.283,-73.1693,1720,6/15/1957,,Andes,Orinoco,Meta,Río Lengupá,1.57818186283112,1.9163635969162,2,2,0.829710125923157,0.960144937038422,1,1,1.07000005245209,2014,01,5,0,0,0,0,6.24303674697876,2014-01-01,1.64468801021576,3.04180908203125,0.968388497829437
35080010,Pluviométrica,Convencional,Boyacá,Zetaquirá,5.283,-73.1693,1720,6/15/1957,,Andes,Orinoco,Meta,Río Lengupá,1.57818186283112,1.9163635969162,2,2,0.829710125923157,0.960144937038422,1,1,1.07000005245209,2014,01,6,3.2,3.2,3.42400016784668,1,7.65738105773926,2014-01-01,0.691168010234833,5.25544500350952,1.26639449596405
35080010,Pluviométrica,Convencional,Boyacá,Zetaquirá,5.283,-73.1693,1720,6/15/1957,,Andes,Orinoco,Meta,Río Lengupá,1.57818186283112,1.9163635969162,2,2,0.829710125923157,0.960144937038422,1,1,1.08000004291534,2014,02,7,0,0,0,0,6.47173547744751,2014-02-01,2.83520841598511,3.27697253227234,1.69855356216431
35080010,Pluviométrica,Convencional,Boyacá,Zetaquirá,5.283,-73.1693,1720,6/15/1957,,Andes,Orinoco,Meta,Río Lengupá,1.57818186283112,1.9163635969162,2,2,0.829710125923157,0.960144937038422,1,1,1.08000004291534,2014,02,8,0,0,0,0,5.40966367721558,2014-02-01,1.62601017951965,4.41183280944824,1.7822037935257
35080010,Pluviométrica,Convencional,Boyacá,Zetaquirá,5.283,-73.1693,1720,6/15/1957,,Andes,Orinoco,Meta,Río Lengupá,1.57818186283112,1.9163635969162,2,2,0.829710125923157,0.960144937038422,1,1,1.08000004291534,2014,02,9,0.7,0.7,0.756000030040741,0,5.98990297317505,2014-02-01,2.80533862113953,2.91328525543213,1.34380483627319
35080010,Pluviométrica,Convencional,Boyacá,Zetaquirá,5.283,-73.1693,1720,6/15/1957,,Andes,Orinoco,Meta,Río Lengupá,1.57818186283112,1.9163635969162,2,2,0.829710125923157,0.960144937038422,1,1,1.08000004291534,2014,02,10,12,12,12.9600005149841,0,5.29232311248779,2014-02-01,0.486874550580978,3.62761735916138,0.465203791856766
35080010,Pluviométrica,Convencional,Boyacá,Zetaquirá,5.283,-73.1693,1720,6/15/1957,,Andes,Orinoco,Meta,Río Lengupá,1.57818186283112,1.9163635969162,2,2,0.829710125923157,0.960144937038422,1,1,1.08000004291534,2014,02,11,0,0,0,0,8.07154178619385,2014-02-01,8.10402202606201,7.76529312133789,9.17898273468018
35080010,Pluviométrica,Convencional,Boyacá,Zetaquirá,5.283,-73.1693,1720,6/15/1957,,Andes,Orinoco,Meta,Río Lengupá,1.57818186283112,1.9163635969162,2,2,0.829710125923157,0.960144937038422,1,1,1.08000004291534,2014,02,12,23.2,23.2,25.056000995636,0,8.33306503295898,2014-02-01,28.9867973327637,16.9528369903564,21.6306552886963
35080010,Pluviométrica,Convencional,Boyacá,Zetaquirá,5.283,-73.1693,1720,6/15/1957,,Andes,Orinoco,Meta,Río Lengupá,1.57818186283112,1.9163635969162,2,2,0.829710125923157,0.960144937038422,1,1,1.08000004291534,2014,03,13,3.4,3.4,3.67200014591217,0,8.37361335754395,2014-03-01,9.457350730896,18.0906105041504,19.6400203704834
35080010,Pluviométrica,Convencional,Boyacá,Zetaquirá,5.283,-73.1693,1720,6/15/1957,,Andes,Orinoco,Meta,Río Lengupá,1.57818186283112,1.9163635969162,2,2,0.829710125923157,0.960144937038422,1,1,1.08000004291534,2014,03,14,27.2,27.2,29.3760011672974,0,5.91561889648438,2014-03-01,2.7286376953125,10.5444898605347,6.87711334228516
35080010,Pluviométrica,Convencional,Boyacá,Zetaquirá,5.283,-73.1693,1720,6/15/1957,,Andes,Orinoco,Meta,Río Lengupá,1.57818186283112,1.9163635969162,2,2,0.829710125923157,0.960144937038422,1,1,1.08000004291534,2014,03,15,55.8,55.8,60.2640023946762,0,9.9080057144165,2014-03-01,14.7352151870728,7.59911012649536,24.6321353912354
35080010,Pluviométrica,Convencional,Boyacá,Zetaquirá,5.283,-73.1693,1720,6/15/1957,,Andes,Orinoco,Meta,Río Lengupá,1.57818186283112,1.9163635969162,2,2,0.829710125923157,0.960144937038422,1,1,1.08000004291534,2014,03,16,0,0,0,0,2.52002429962158,2014-03-01,0,1.78108429908752,0
35080010,Pluviométrica,Convencional,Boyacá,Zetaquirá,5.283,-73.1693,1720,6/15/1957,,Andes,Orinoco,Meta,Río Lengupá,1.57818186283112,1.9163635969162,2,2,0.829710125923157,0.960144937038422,1,1,1.08000004291534,2014,03,17,4.2,4.2,4.53600018024445,0,7.38753986358643,2014-03-01,9.42837905883789,6.38517093658447,7.99358320236206
35080010,Pluviométrica,Convencional,Boyacá,Zetaquirá,5.283,-73.1693,1720,6/15/1957,,Andes,Orinoco,Meta,Río Lengupá,1.57818186283112,1.9163635969162,2,2,0.829710125923157,0.960144937038422,1,1,1.08000004291534,2014,03,18,35.2,35.2,38.0160015106201,0,4.99879121780396,2014-03-01,0,4.15281820297241,0
35080010,Pluviométrica,Convencional,Boyacá,Zetaquirá,5.283,-73.1693,1720,6/15/1957,,Andes,Orinoco,Meta,Río Lengupá,1.57818186283112,1.9163635969162,2,2,0.829710125923157,0.960144937038422,1,1,1.05999994277954,2014,04,19,13,13,13.779999256134,0,21.5436916351318,2014-04-01,20.7933025360107,18.4436664581299,24.5745124816895
35080010,Pluviométrica,Convencional,Boyacá,Zetaquirá,5.283,-73.1693,1720,6/15/1957,,Andes,Orinoco,Meta,Río Lengupá,1.57818186283112,1.9163635969162,2,2,0.829710125923157,0.960144937038422,1,1,1.05999994277954,2014,04,20,4.9,4.9,5.19399971961975,0,6.44128942489624,2014-04-01,1.39210724830627,5.33169841766357,2.82999634742737
35080010,Pluviométrica,Convencional,Boyacá,Zetaquirá,5.283,-73.1693,1720,6/15/1957,,Andes,Orinoco,Meta,Río Lengupá,1.57818186283112,1.9163635969162,2,2,0.829710125923157,0.960144937038422,1,1,1.05999994277954,2014,04,21,7,7,7.41999959945679,0,8.88990306854248,2014-04-01,4.30722999572754,5.76719808578491,6.48120260238648
35080010,Pluviométrica,Convencional,Boyacá,Zetaquirá,5.283,-73.1693,1720,6/15/1957,,Andes,Orinoco,Meta,Río Lengupá,1.57818186283112,1.9163635969162,2,2,0.829710125923157,0.960144937038422,1,1,1.05999994277954,2014,04,22,54.3,54.3,57.5579968929291,0,24.1546936035156,2014-04-01,30.4272308349609,29.5163116455078,49.7877960205078
35080010,Pluviométrica,Convencional,Boyacá,Zetaquirá,5.283,-73.1693,1720,6/15/1957,,Andes,Orinoco,Meta,Río Lengupá,1.57818186283112,1.9163635969162,2,2,0.829710125923157,0.960144937038422,1,1,1.05999994277954,2014,04,23,53.1,53.1,56.2859969615936,0,35.8855094909668,2014-04-01,49.7965888977051,37.4845504760742,46.0390739440918
35080010,Pluviométrica,Convencional,Boyacá,Zetaquirá,5.283,-73.1693,1720,6/15/1957,,Andes,Orinoco,Meta,Río Lengupá,1.57818186283112,1.9163635969162,2,2,0.829710125923157,0.960144937038422,1,1,1.05999994277954,2014,04,24,9.3,9.3,9.85799946784973,0,8.79478931427002,2014-04-01,4.8718056678772,9.41178131103516,10.7428712844849
35080010,Pluviométrica,Convencional,Boyacá,Zetaquirá,5.283,-73.1693,1720,6/15/1957,,Andes,Orinoco,Meta,Río Lengupá,1.57818186283112,1.9163635969162,2,2,0.829710125923157,0.960144937038422,1,1,1.04999995231628,2014,05,25,1.2,1.2,1.25999994277954,0,14.693377494812,2014-05-01,13.6826496124268,9.28621482849121,14.426589012146
35080010,Pluviométrica,Convencional,Boyacá,Zetaquirá,5.283,-73.1693,1720,6/15/1957,,Andes,Orinoco,Meta,Río Lengupá,1.57818186283112,1.9163635969162,2,2,0.829710125923157,0.960144937038422,1,1,1.04999995231628,2014,05,26,62.3,62.3,65.4149970293045,0,25.6016483306885,2014-05-01,35.4680061340332,36.2111358642578,59.3483772277832
35080010,Pluviométrica,Convencional,Boyacá,Zetaquirá,5.283,-73.1693,1720,6/15/1957,,Andes,Orinoco,Meta,Río Lengupá,1.57818186283112,1.9163635969162,2,2,0.829710125923157,0.960144937038422,1,1,1.04999995231628,2014,05,27,7.3,7.3,7.66499965190887,0,26.7949371337891,2014-05-01,34.5674514770508,15.0544290542603,15.9947147369385
35080010,Pluviométrica,Convencional,Boyacá,Zetaquirá,5.283,-73.1693,1720,6/15/1957,,Andes,Orinoco,Meta,Río Lengupá,1.57818186283112,1.9163635969162,2,2,0.829710125923157,0.960144937038422,1,1,1.04999995231628,2014,05,28,98.4,98.4,103.319995307922,0,20.0213718414307,2014-05-01,25.6331081390381,19.8762531280518,43.9701843261719
35080010,Pluviométrica,Convencional,Boyacá,Zetaquirá,5.283,-73.1693,1720,6/15/1957,,Andes,Orinoco,Meta,Río Lengupá,1.57818186283112,1.9163635969162,2,2,0.829710125923157,0.960144937038422,1,1,1.04999995231628,2014,05,29,1.7,1.7,1.78499991893768,0,14.006649017334,2014-05-01,15.3826017379761,9.14801025390625,15.7514133453369
35080010,Pluviométrica,Convencional,Boyacá,Zetaquirá,5.283,-73.1693,1720,6/15/1957,,Andes,Orinoco,Meta,Río Lengupá,1.57818186283112,1.9163635969162,2,2,0.829710125923157,0.960144937038422,1,1,1.04999995231628,2014,05,30,67.4,67.4,70.7699967861176,0,53.1494674682617,2014-05-01,86.7787170410156,34.266284942627,49.2510185241699
35080010,Pluviométrica,Convencional,Boyacá,Zetaquirá,5.283,-73.1693,1720,6/15/1957,,Andes,Orinoco,Meta,Río Lengupá,1.57818186283112,1.9163635969162,2,2,0.829710125923157,0.960144937038422,1,1,1.04999995231628,2014,06,31,31.7,31.7,33.2849984884262,0,16.6685485839844,2014-06-01,7.36796617507935,13.1849994659424,16.6772556304932
35080010,Pluviométrica,Convencional,Boyacá,Zetaquirá,5.283,-73.1693,1720,6/15/1957,,Andes,Orinoco,Meta,Río Lengupá,1.57818186283112,1.9163635969162,2,2,0.829710125923157,0.960144937038422,1,1,1.04999995231628,2014,06,32,90.9,90.9,95.4449956655502,0,31.9328327178955,2014-06-01,40.7559432983398,42.3226623535156,55.6022796630859
35080010,Pluviométrica,Convencional,Boyacá,Zetaquirá,5.283,-73.1693,1720,6/15/1957,,Andes,Orinoco,Meta,Río Lengupá,1.57818186283112,1.9163635969162,2,2,0.829710125923157,0.960144937038422,1,1,1.04999995231628,2014,06,33,46.5,46.5,48.8249977827072,0,30.0827445983887,2014-06-01,30.4029579162598,27.7545032501221,42.0849113464355
35080010,Pluviométrica,Convencional,Boyacá,Zetaquirá,5.283,-73.1693,1720,6/15/1957,,Andes,Orinoco,Meta,Río Lengupá,1.57818186283112,1.9163635969162,2,2,0.829710125923157,0.960144937038422,1,1,1.04999995231628,2014,06,34,97.9,97.9,102.794995331764,0,14.7010984420776,2014-06-01,6.91733884811401,24.4890289306641,31.4279594421387
35080010,Pluviométrica,Convencional,Boyacá,Zetaquirá,5.283,-73.1693,1720,6/15/1957,,Andes,Orinoco,Meta,Río Lengupá,1.57818186283112,1.9163635969162,2,2,0.829710125923157,0.960144937038422,1,1,1.04999995231628,2014,06,35,65.3,65.3,68.5649968862534,0,24.8905067443848,2014-06-01,25.1725158691406,34.1448402404785,49.4992141723633
35080010,Pluviométrica,Convencional,Boyacá,Zetaquirá,5.283,-73.1693,1720,6/15/1957,,Andes,Orinoco,Meta,Río Lengupá,1.57818186283112,1.9163635969162,2,2,0.829710125923157,0.960144937038422,1,1,1.04999995231628,2014,06,36,78.6,78.6,82.5299962520599,0,46.5525093078613,2014-06-01,56.430061340332,44.6693687438965,55.0313453674317
35080010,Pluviométrica,Convencional,Boyacá,Zetaquirá,5.283,-73.1693,1720,6/15/1957,,Andes,Orinoco,Meta,Río Lengupá,1.57818186283112,1.9163635969162,2,2,0.829710125923157,0.960144937038422,1,1,1.03999996185303,2014,07,37,65,65,67.5999975204468,0,22.417064666748,2014-07-01,24.0620231628418,29.2802867889404,42.0478630065918
35080010,Pluviométrica,Convencional,Boyacá,Zetaquirá,5.283,-73.1693,1720,6/15/1957,,Andes,Orinoco,Meta,Río Lengupá,1.57818186283112,1.9163635969162,2,2,0.829710125923157,0.960144937038422,1,1,1.03999996185303,2014,07,38,39.6,39.6,41.1839984893799,0,23.5257472991943,2014-07-01,21.7012233734131,41.2842674255371,27.3660106658936
35080010,Pluviométrica,Convencional,Boyacá,Zetaquirá,5.283,-73.1693,1720,6/15/1957,,Andes,Orinoco,Meta,Río Lengupá,1.57818186283112,1.9163635969162,2,2,0.829710125923157,0.960144937038422,1,1,1.03999996185303,2014,07,39,208.1,208.1,216.423992061615,0,23.7625427246094,2014-07-01,23.4918270111084,34.1715126037598,80.2855377197266
35080010,Pluviométrica,Convencional,Boyacá,Zetaquirá,5.283,-73.1693,1720,6/15/1957,,Andes,Orinoco,Meta,Río Lengupá,1.57818186283112,1.9163635969162,2,2,0.829710125923157,0.960144937038422,1,1,1.03999996185303,2014,07,40,78.5,78.5,81.6399970054627,0,30.988733291626,2014-07-01,37.2548522949219,62.6500205993652,59.5132179260254
35080010,Pluviométrica,Convencional,Boyacá,Zetaquirá,5.283,-73.1693,1720,6/15/1957,,Andes,Orinoco,Meta,Río Lengupá,1.57818186283112,1.9163635969162,2,2,0.829710125923157,0.960144937038422,1,1,1.03999996185303,2014,07,41,17.2,17.2,17.8879993438721,0,15.1966466903687,2014-07-01,9.46170902252197,25.2095680236816,18.5471458435059
35080010,Pluviométrica,Convencional,Boyacá,Zetaquirá,5.283,-73.1693,1720,6/15/1957,,Andes,Orinoco,Meta,Río Lengupá,1.57818186283112,1.9163635969162,2,2,0.829710125923157,0.960144937038422,1,1,1.03999996185303,2014,07,42,44.5,44.5,46.2799983024597,0,39.5212249755859,2014-07-01,34.9156150817871,74.960075378418,50.8759765625
35080010,Pluviométrica,Convencional,Boyacá,Zetaquirá,5.283,-73.1693,1720,6/15/1957,,Andes,Orinoco,Meta,Río Lengupá,1.57818186283112,1.9163635969162,2,2,0.829710125923157,0.960144937038422,1,1,1.05999994277954,2014,08,43,92.4,92.4,97.9439947128296,0,46.5650177001953,2014-08-01,74.709831237793,104.664642333984,71.6062622070313
35080010,Pluviométrica,Convencional,Boyacá,Zetaquirá,5.283,-73.1693,1720,6/15/1957,,Andes,Orinoco,Meta,Río Lengupá,1.57818186283112,1.9163635969162,2,2,0.829710125923157,0.960144937038422,1,1,1.05999994277954,2014,08,44,75.7,75.7,80.2419956684113,0,21.6107177734375,2014-08-01,13.498028755188,32.861873626709,29.5539798736572
35080010,Pluviométrica,Convencional,Boyacá,Zetaquirá,5.283,-73.1693,1720,6/15/1957,,Andes,Orinoco,Meta,Río Lengupá,1.57818186283112,1.9163635969162,2,2,0.829710125923157,0.960144937038422,1,1,1.05999994277954,2014,08,45,60,60,63.5999965667725,0,19.1868839263916,2014-08-01,11.8757457733154,29.1761207580566,27.7151222229004
35080010,Pluviométrica,Convencional,Boyacá,Zetaquirá,5.283,-73.1693,1720,6/15/1957,,Andes,Orinoco,Meta,Río Lengupá,1.57818186283112,1.9163635969162,2,2,0.829710125923157,0.960144937038422,1,1,1.05999994277954,2014,08,46,41.4,41.4,43.883997631073,0,21.8151397705078,2014-08-01,12.9850959777832,58.2873153686523,32.7224578857422
35080010,Pluviométrica,Convencional,Boyacá,Zetaquirá,5.283,-73.1693,1720,6/15/1957,,Andes,Orinoco,Meta,Río Lengupá,1.57818186283112,1.9163635969162,2,2,0.829710125923157,0.960144937038422,1,1,1.05999994277954,2014,08,47,57.5,57.5,60.9499967098236,0,22.7759552001953,2014-08-01,16.8707332611084,59.3265380859375,28.3001327514648
35080010,Pluviométrica,Convencional,Boyacá,Zetaquirá,5.283,-73.1693,1720,6/15/1957,,Andes,Orinoco,Meta,Río Lengupá,1.57818186283112,1.9163635969162,2,2,0.829710125923157,0.960144937038422,1,1,1.05999994277954,2014,08,48,25.9,25.9,27.4539985179901,0,26.499044418335,2014-08-01,13.6039085388184,58.3234786987305,40.6844062805176
35080010,Pluviométrica,Convencional,Boyacá,Zetaquirá,5.283,-73.1693,1720,6/15/1957,,Andes,Orinoco,Meta,Río Lengupá,1.57818186283112,1.9163635969162,2,2,0.829710125923157,0.960144937038422,1,1,1.05999994277954,2014,09,49,56.1,56.1,59.4659967899323,0,31.1965045928955,2014-09-01,50.7350158691406,53.7892799377442,50.0256042480469
35080010,Pluviométrica,Convencional,Boyacá,Zetaquirá,5.283,-73.1693,1720,6/15/1957,,Andes,Orinoco,Meta,Río Lengupá,1.57818186283112,1.9163635969162,2,2,0.829710125923157,0.960144937038422,1,1,1.05999994277954,2014,09,50,38.9,38.9,41.2339977741242,0,15.3542184829712,2014-09-01,16.9857196807861,57.8843841552734,24.7696552276611
35080010,Pluviométrica,Convencional,Boyacá,Zetaquirá,5.283,-73.1693,1720,6/15/1957,,Andes,Orinoco,Meta,Río Lengupá,1.57818186283112,1.9163635969162,2,2,0.829710125923157,0.960144937038422,1,1,1.05999994277954,2014,09,51,40.8,40.8,43.2479976654053,0,9.14457321166992,2014-09-01,2.85892367362976,15.7671527862549,10.5349750518799
35080010,Pluviométrica,Convencional,Boyacá,Zetaquirá,5.283,-73.1693,1720,6/15/1957,,Andes,Orinoco,Meta,Río Lengupá,1.57818186283112,1.9163635969162,2,2,0.829710125923157,0.960144937038422,1,1,1.05999994277954,2014,09,52,56.6,56.6,59.995996761322,0,19.6487846374512,2014-09-01,21.9463195800781,45.3620109558106,21.4604244232178
35080010,Pluviométrica,Convencional,Boyacá,Zetaquirá,5.283,-73.1693,1720,6/15/1957,,Andes,Orinoco,Meta,Río Lengupá,1.57818186283112,1.9163635969162,2,2,0.829710125923157,0.960144937038422,1,1,1.05999994277954,2014,09,53,0,0,0,0,10.0783081054688,2014-09-01,6.56729936599731,16.1380615234375,7.41021919250488
35080010,Pluviométrica,Convencional,Boyacá,Zetaquirá,5.283,-73.1693,1720,6/15/1957,,Andes,Orinoco,Meta,Río Lengupá,1.57818186283112,1.9163635969162,2,2,0.829710125923157,0.960144937038422,1,1,1.05999994277954,2014,09,54,40.6,40.6,43.0359976768494,0,7.71306562423706,2014-09-01,3.23819279670715,13.2989349365234,10.0648517608643
35080010,Pluviométrica,Convencional,Boyacá,Zetaquirá,5.283,-73.1693,1720,6/15/1957,,Andes,Orinoco,Meta,Río Lengupá,1.57818186283112,1.9163635969162,2,2,0.829710125923157,0.960144937038422,1,1,1.04999995231628,2014,10,55,20.6,20.6,21.6299990177155,0,10.5715427398682,2014-10-01,4.3291916847229,13.4667558670044,15.7942094802856
35080010,Pluviométrica,Convencional,Boyacá,Zetaquirá,5.283,-73.1693,1720,6/15/1957,,Andes,Orinoco,Meta,Río Lengupá,1.57818186283112,1.9163635969162,2,2,0.829710125923157,0.960144937038422,1,1,1.04999995231628,2014,10,56,41.3,41.3,43.3649980306625,0,14.7269334793091,2014-10-01,10.4578514099121,32.032600402832,37.217212677002
35080010,Pluviométrica,Convencional,Boyacá,Zetaquirá,5.283,-73.1693,1720,6/15/1957,,Andes,Orinoco,Meta,Río Lengupá,1.57818186283112,1.9163635969162,2,2,0.829710125923157,0.960144937038422,1,1,1.04999995231628,2014,10,57,39.3,39.3,41.26499812603,0,15.49427318573,2014-10-01,13.3638744354248,24.0230293273926,33.0405731201172
35080010,Pluviométrica,Convencional,Boyacá,Zetaquirá,5.283,-73.1693,1720,6/15/1957,,Andes,Orinoco,Meta,Río Lengupá,1.57818186283112,1.9163635969162,2,2,0.829710125923157,0.960144937038422,1,1,1.04999995231628,2014,10,58,4.4,4.4,4.61999979019165,0,17.4288654327393,2014-10-01,19.4371242523193,16.2027053833008,23.8901462554932
35080010,Pluviométrica,Convencional,Boyacá,Zetaquirá,5.283,-73.1693,1720,6/15/1957,,Andes,Orinoco,Meta,Río Lengupá,1.57818186283112,1.9163635969162,2,2,0.829710125923157,0.960144937038422,1,1,1.04999995231628,2014,10,59,12.2,12.2,12.8099994182587,0,18.368968963623,2014-10-01,20.0013370513916,11.0187387466431,15.1846103668213
35080010,Pluviométrica,Convencional,Boyacá,Zetaquirá,5.283,-73.1693,1720,6/15/1957,,Andes,Orinoco,Meta,Río Lengupá,1.57818186283112,1.9163635969162,2,2,0.829710125923157,0.960144937038422,1,1,1.04999995231628,2014,10,60,8.2,8.2,8.60999960899353,0,10.4302597045898,2014-10-01,0,9.29259300231934,0
35080010,Pluviométrica,Convencional,Boyacá,Zetaquirá,5.283,-73.1693,1720,6/15/1957,,Andes,Orinoco,Meta,Río Lengupá,1.57818186283112,1.9163635969162,2,2,0.829710125923157,0.960144937038422,1,1,1.04999995231628,2014,11,61,6,6,6.29999971389771,0,19.7758502960205,2014-11-01,36.3385581970215,9.42196846008301,14.757719039917
35080010,Pluviométrica,Convencional,Boyacá,Zetaquirá,5.283,-73.1693,1720,6/15/1957,,Andes,Orinoco,Meta,Río Lengupá,1.57818186283112,1.9163635969162,2,2,0.829710125923157,0.960144937038422,1,1,1.04999995231628,2014,11,62,24,24,25.1999988555908,0,6.45943593978882,2014-11-01,3.99531197547913,8.54503631591797,9.62722873687744
35080010,Pluviométrica,Convencional,Boyacá,Zetaquirá,5.283,-73.1693,1720,6/15/1957,,Andes,Orinoco,Meta,Río Lengupá,1.57818186283112,1.9163635969162,2,2,0.829710125923157,0.960144937038422,1,1,1.04999995231628,2014,11,63,36.9,36.9,38.7449982404709,0,16.9655342102051,2014-11-01,25.7757892608643,25.4616317749023,56.3908500671387
35080010,Pluviométrica,Convencional,Boyacá,Zetaquirá,5.283,-73.1693,1720,6/15/1957,,Andes,Orinoco,Meta,Río Lengupá,1.57818186283112,1.9163635969162,2,2,0.829710125923157,0.960144937038422,1,1,1.04999995231628,2014,11,64,39.3,39.3,41.26499812603,0,12.9782028198242,2014-11-01,20.1614780426025,17.3068466186523,23.4727821350098
35080010,Pluviométrica,Convencional,Boyacá,Zetaquirá,5.283,-73.1693,1720,6/15/1957,,Andes,Orinoco,Meta,Río Lengupá,1.57818186283112,1.9163635969162,2,2,0.829710125923157,0.960144937038422,1,1,1.04999995231628,2014,11,65,14.7,14.7,15.4349992990494,0,6.27256774902344,2014-11-01,3.17695188522339,3.91007018089294,4.05457401275635
35080010,Pluviométrica,Convencional,Boyacá,Zetaquirá,5.283,-73.1693,1720,6/15/1957,,Andes,Orinoco,Meta,Río Lengupá,1.57818186283112,1.9163635969162,2,2,0.829710125923157,0.960144937038422,1,1,1.04999995231628,2014,11,66,3.2,3.2,3.35999984741211,0,6.95199680328369,2014-11-01,5.58847665786743,4.85647869110107,6.00581216812134
35080010,Pluviométrica,Convencional,Boyacá,Zetaquirá,5.283,-73.1693,1720,6/15/1957,,Andes,Orinoco,Meta,Río Lengupá,1.57818186283112,1.9163635969162,2,2,0.829710125923157,0.960144937038422,1,1,1.07000005245209,2014,12,67,10.7,10.7,11.4490005612373,0,8.19281482696533,2014-12-01,16.4680519104004,4.61802339553833,13.4759349822998
35080010,Pluviométrica,Convencional,Boyacá,Zetaquirá,5.283,-73.1693,1720,6/15/1957,,Andes,Orinoco,Meta,Río Lengupá,1.57818186283112,1.9163635969162,2,2,0.829710125923157,0.960144937038422,1,1,1.07000005245209,2014,12,68,74,74,79.1800038814545,0,3.67765307426453,2014-12-01,3.80068874359131,6.95084810256958,12.5464324951172
35080010,Pluviométrica,Convencional,Boyacá,Zetaquirá,5.283,-73.1693,1720,6/15/1957,,Andes,Orinoco,Meta,Río Lengupá,1.57818186283112,1.9163635969162,2,2,0.829710125923157,0.960144937038422,1,1,1.07000005245209,2014,12,69,91.9,91.9,98.3330048203468,0,14.7427434921265,2014-12-01,47.0724105834961,20.8458232879639,68.2315444946289
35080010,Pluviométrica,Convencional,Boyacá,Zetaquirá,5.283,-73.1693,1720,6/15/1957,,Andes,Orinoco,Meta,Río Lengupá,1.57818186283112,1.9163635969162,2,2,0.829710125923157,0.960144937038422,1,1,1.07000005245209,2014,12,70,0,0,0,0,3.4958827495575,2014-12-01,4.42153644561768,1.84797501564026,3.90227699279785
35080010,Pluviométrica,Convencional,Boyacá,Zetaquirá,5.283,-73.1693,1720,6/15/1957,,Andes,Orinoco,Meta,Río Lengupá,1.57818186283112,1.9163635969162,2,2,0.829710125923157,0.960144937038422,1,1,1.07000005245209,2014,12,71,0,0,0,0,3.4160213470459,2014-12-01,2.37028241157532,2.23734617233276,2.44241833686829
35080010,Pluviométrica,Convencional,Boyacá,Zetaquirá,5.283,-73.1693,1720,6/15/1957,,Andes,Orinoco,Meta,Río Lengupá,1.57818186283112,1.9163635969162,2,2,0.829710125923157,0.960144937038422,1,1,1.07000005245209,2014,12,72,0,0,0,0,5.89884471893311,2014-12-01,3.41814112663269,3.47850513458252,3.6724705696106
35080010,Pluviométrica,Convencional,Boyacá,Zetaquirá,5.283,-73.1693,1720,6/15/1957,,Andes,Orinoco,Meta,Río Lengupá,1.57818186283112,1.9163635969162,2,2,0.829710125923157,0.960144937038422,1,1,1.07000005245209,2015,01,1,0,0,0,0,4.64242315292358,2015-01-01,4.45475959777832,4.64242315292358,2.50668072700501
35080010,Pluviométrica,Convencional,Boyacá,Zetaquirá,5.283,-73.1693,1720,6/15/1957,,Andes,Orinoco,Meta,Río Lengupá,1.57818186283112,1.9163635969162,2,2,0.829710125923157,0.960144937038422,1,1,1.07000005245209,2015,01,2,0,0,0,0,5.92672634124756,2015-01-01,2.34820914268494,5.92672634124756,1.87299394607544
35080010,Pluviométrica,Convencional,Boyacá,Zetaquirá,5.283,-73.1693,1720,6/15/1957,,Andes,Orinoco,Meta,Río Lengupá,1.57818186283112,1.9163635969162,2,2,0.829710125923157,0.960144937038422,1,1,1.07000005245209,2015,01,3,9.8,9.8,10.4860005140305,0,28.9492244720459,2015-01-01,28.0960903167725,28.9492244720459,12.855034828186
35080010,Pluviométrica,Convencional,Boyacá,Zetaquirá,5.283,-73.1693,1720,6/15/1957,,Andes,Orinoco,Meta,Río Lengupá,1.57818186283112,1.9163635969162,2,2,0.829710125923157,0.960144937038422,1,1,1.07000005245209,2015,01,4,5.2,5.2,5.56400027275086,0,32.4124717712402,2015-01-01,48.6711196899414,32.4124717712402,21.0982761383057
35080010,Pluviométrica,Convencional,Boyacá,Zetaquirá,5.283,-73.1693,1720,6/15/1957,,Andes,Orinoco,Meta,Río Lengupá,1.57818186283112,1.9163635969162,2,2,0.829710125923157,0.960144937038422,1,1,1.07000005245209,2015,01,5,9.5,9.5,10.1650004982948,0,22.088171005249,2015-01-01,19.5001564025879,22.088171005249,10.4545383453369
35080010,Pluviométrica,Convencional,Boyacá,Zetaquirá,5.283,-73.1693,1720,6/15/1957,,Andes,Orinoco,Meta,Río Lengupá,1.57818186283112,1.9163635969162,2,2,0.829710125923157,0.960144937038422,1,1,1.07000005245209,2015,01,6,0,0,0,0,7.65738105773926,2015-01-01,0.691168010234833,7.65738105773926,1.68170058727264
35080010,Pluviométrica,Convencional,Boyacá,Zetaquirá,5.283,-73.1693,1720,6/15/1957,,Andes,Orinoco,Meta,Río Lengupá,1.57818186283112,1.9163635969162,2,2,0.829710125923157,0.960144937038422,1,1,1.08000004291534,2015,02,7,3.8,3.8,4.10400016307831,0,15.8271474838257,2015-02-01,25.1820831298828,15.8271474838257,14.6359987258911
35080010,Pluviométrica,Convencional,Boyacá,Zetaquirá,5.283,-73.1693,1720,6/15/1957,,Andes,Orinoco,Meta,Río Lengupá,1.57818186283112,1.9163635969162,2,2,0.829710125923157,0.960144937038422,1,1,1.08000004291534,2015,02,8,4.9,4.9,5.29200021028519,0,7.63245820999146,2015-02-01,7.35644435882568,7.63245820999146,8.2843132019043
35080010,Pluviométrica,Convencional,Boyacá,Zetaquirá,5.283,-73.1693,1720,6/15/1957,,Andes,Orinoco,Meta,Río Lengupá,1.57818186283112,1.9163635969162,2,2,0.829710125923157,0.960144937038422,1,1,1.08000004291534,2015,02,9,3.5,3.5,3.78000015020371,0,9.59777164459229,2015-02-01,11.8161325454712,9.59777164459229,11.7759628295898
35080010,Pluviométrica,Convencional,Boyacá,Zetaquirá,5.283,-73.1693,1720,6/15/1957,,Andes,Orinoco,Meta,Río Lengupá,1.57818186283112,1.9163635969162,2,2,0.829710125923157,0.960144937038422,1,1,1.08000004291534,2015,02,10,0,0,0,0,6.74204301834106,2015-02-01,3.95337677001953,6.74204301834106,4.67056083679199
35080010,Pluviométrica,Convencional,Boyacá,Zetaquirá,5.283,-73.1693,1720,6/15/1957,,Andes,Orinoco,Meta,Río Lengupá,1.57818186283112,1.9163635969162,2,2,0.829710125923157,0.960144937038422,1,1,1.08000004291534,2015,02,11,0,0,0,0,5.21465301513672,2015-02-01,1.12841987609863,5.21465301513672,0.809753835201263
35080010,Pluviométrica,Convencional,Boyacá,Zetaquirá,5.283,-73.1693,1720,6/15/1957,,Andes,Orinoco,Meta,Río Lengupá,1.57818186283112,1.9163635969162,2,2,0.829710125923157,0.960144937038422,1,1,1.08000004291534,2015,02,12,40,40,43.2000017166138,0,2.11413717269897,2015-02-01,1.40506875514984,2.11413717269897,2.73502111434937
35080010,Pluviométrica,Convencional,Boyacá,Zetaquirá,5.283,-73.1693,1720,6/15/1957,,Andes,Orinoco,Meta,Río Lengupá,1.57818186283112,1.9163635969162,2,2,0.829710125923157,0.960144937038422,1,1,1.08000004291534,2015,03,13,7.3,7.3,7.88400031328201,0,6.16234350204468,2015-03-01,4.80702352523804,6.16234350204468,4.84593486785889
35080010,Pluviométrica,Convencional,Boyacá,Zetaquirá,5.283,-73.1693,1720,6/15/1957,,Andes,Orinoco,Meta,Río Lengupá,1.57818186283112,1.9163635969162,2,2,0.829710125923157,0.960144937038422,1,1,1.08000004291534,2015,03,14,0.5,0.5,0.540000021457672,0,5.28363370895386,2015-03-01,2.7286376953125,5.28363370895386,3.86879730224609
35080010,Pluviométrica,Convencional,Boyacá,Zetaquirá,5.283,-73.1693,1720,6/15/1957,,Andes,Orinoco,Meta,Río Lengupá,1.57818186283112,1.9163635969162,2,2,0.829710125923157,0.960144937038422,1,1,1.08000004291534,2015,03,15,0,0,0,0,2.89267539978027,2015-03-01,0,2.89267539978027,0
35080010,Pluviométrica,Convencional,Boyacá,Zetaquirá,5.283,-73.1693,1720,6/15/1957,,Andes,Orinoco,Meta,Río Lengupá,1.57818186283112,1.9163635969162,2,2,0.829710125923157,0.960144937038422,1,1,1.08000004291534,2015,03,16,17.4,17.4,18.792000746727,0,19.9145088195801,2015-03-01,36.7969360351563,19.9145088195801,35.1999664306641
35080010,Pluviométrica,Convencional,Boyacá,Zetaquirá,5.283,-73.1693,1720,6/15/1957,,Andes,Orinoco,Meta,Río Lengupá,1.57818186283112,1.9163635969162,2,2,0.829710125923157,0.960144937038422,1,1,1.08000004291534,2015,03,17,5.3,5.3,5.72400022745133,0,2.42048025131226,2015-03-01,0,2.42048025131226,0
35080010,Pluviométrica,Convencional,Boyacá,Zetaquirá,5.283,-73.1693,1720,6/15/1957,,Andes,Orinoco,Meta,Río Lengupá,1.57818186283112,1.9163635969162,2,2,0.829710125923157,0.960144937038422,1,1,1.08000004291534,2015,03,18,2.3,2.3,2.48400009870529,0,17.2748508453369,2015-03-01,18.8358478546143,17.2748508453369,12.9638729095459
35080010,Pluviométrica,Convencional,Boyacá,Zetaquirá,5.283,-73.1693,1720,6/15/1957,,Andes,Orinoco,Meta,Río Lengupá,1.57818186283112,1.9163635969162,2,2,0.829710125923157,0.960144937038422,1,1,1.05999994277954,2015,04,19,2,2,2.11999988555908,0,18.0870609283447,2015-04-01,20.7933025360107,18.0870609283447,22.7529716491699
35080010,Pluviométrica,Convencional,Boyacá,Zetaquirá,5.283,-73.1693,1720,6/15/1957,,Andes,Orinoco,Meta,Río Lengupá,1.57818186283112,1.9163635969162,2,2,0.829710125923157,0.960144937038422,1,1,1.05999994277954,2015,04,20,5.5,5.5,5.82999968528748,0,14.4463186264038,2015-04-01,11.0119180679321,14.4463186264038,9.2698450088501
35080010,Pluviométrica,Convencional,Boyacá,Zetaquirá,5.283,-73.1693,1720,6/15/1957,,Andes,Orinoco,Meta,Río Lengupá,1.57818186283112,1.9163635969162,2,2,0.829710125923157,0.960144937038422,1,1,1.05999994277954,2015,04,21,19.7,19.7,20.881998872757,0,44.1496162414551,2015-04-01,44.620246887207,44.1496162414551,36.4208564758301
35080010,Pluviométrica,Convencional,Boyacá,Zetaquirá,5.283,-73.1693,1720,6/15/1957,,Andes,Orinoco,Meta,Río Lengupá,1.57818186283112,1.9163635969162,2,2,0.829710125923157,0.960144937038422,1,1,1.05999994277954,2015,04,22,73.3,73.3,77.6979958057404,0,20.2646160125732,2015-04-01,21.733226776123,20.2646160125732,31.4999446868897
35080010,Pluviométrica,Convencional,Boyacá,Zetaquirá,5.283,-73.1693,1720,6/15/1957,,Andes,Orinoco,Meta,Río Lengupá,1.57818186283112,1.9163635969162,2,2,0.829710125923157,0.960144937038422,1,1,1.05999994277954,2015,04,23,61,61,64.659996509552,0,18.3418922424316,2015-04-01,19.873348236084,18.3418922424316,47.0068397521973
35080010,Pluviométrica,Convencional,Boyacá,Zetaquirá,5.283,-73.1693,1720,6/15/1957,,Andes,Orinoco,Meta,Río Lengupá,1.57818186283112,1.9163635969162,2,2,0.829710125923157,0.960144937038422,1,1,1.05999994277954,2015,04,24,24.5,24.5,25.9699985980988,0,11.9794187545776,2015-04-01,7.51760149002075,11.9794187545776,11.1839761734009
35080010,Pluviométrica,Convencional,Boyacá,Zetaquirá,5.283,-73.1693,1720,6/15/1957,,Andes,Orinoco,Meta,Río Lengupá,1.57818186283112,1.9163635969162,2,2,0.829710125923157,0.960144937038422,1,1,1.04999995231628,2015,05,25,0,0,0,0,8.00756359100342,2015-05-01,0,8.00756359100342,0
35080010,Pluviométrica,Convencional,Boyacá,Zetaquirá,5.283,-73.1693,1720,6/15/1957,,Andes,Orinoco,Meta,Río Lengupá,1.57818186283112,1.9163635969162,2,2,0.829710125923157,0.960144937038422,1,1,1.04999995231628,2015,05,26,37,37,38.8499982357025,0,23.3279151916504,2015-05-01,32.3598175048828,23.3279151916504,39.680721282959
35080010,Pluviométrica,Convencional,Boyacá,Zetaquirá,5.283,-73.1693,1720,6/15/1957,,Andes,Orinoco,Meta,Río Lengupá,1.57818186283112,1.9163635969162,2,2,0.829710125923157,0.960144937038422,1,1,1.04999995231628,2015,05,27,20.8,20.8,21.8399990081787,0,20.0548763275147,2015-05-01,25.0832862854004,20.0548763275147,26.926929473877
35080010,Pluviométrica,Convencional,Boyacá,Zetaquirá,5.283,-73.1693,1720,6/15/1957,,Andes,Orinoco,Meta,Río Lengupá,1.57818186283112,1.9163635969162,2,2,0.829710125923157,0.960144937038422,1,1,1.04999995231628,2015,05,28,79.7,79.7,83.6849961996079,0,22.904296875,2015-05-01,35.0567665100098,22.904296875,63.9045639038086
35080010,Pluviométrica,Convencional,Boyacá,Zetaquirá,5.283,-73.1693,1720,6/15/1957,,Andes,Orinoco,Meta,Río Lengupá,1.57818186283112,1.9163635969162,2,2,0.829710125923157,0.960144937038422,1,1,1.04999995231628,2015,05,29,64.2,64.2,67.4099969387055,0,20.1075229644775,2015-05-01,30.6428527832031,20.1075229644775,47.1705741882324
35080010,Pluviométrica,Convencional,Boyacá,Zetaquirá,5.283,-73.1693,1720,6/15/1957,,Andes,Orinoco,Meta,Río Lengupá,1.57818186283112,1.9163635969162,2,2,0.829710125923157,0.960144937038422,1,1,1.04999995231628,2015,05,30,44.5,44.5,46.7249978780747,0,11.9360189437866,2015-05-01,2.42368459701538,11.9360189437866,11.0004453659058
35080010,Pluviométrica,Convencional,Boyacá,Zetaquirá,5.283,-73.1693,1720,6/15/1957,,Andes,Orinoco,Meta,Río Lengupá,1.57818186283112,1.9163635969162,2,2,0.829710125923157,0.960144937038422,1,1,1.04999995231628,2015,06,31,129.2,129.2,135.659993839264,0,21.7179393768311,2015-06-01,24.3421821594238,21.7179393768311,65.8404159545898
35080010,Pluviométrica,Convencional,Boyacá,Zetaquirá,5.283,-73.1693,1720,6/15/1957,,Andes,Orinoco,Meta,Río Lengupá,1.57818186283112,1.9163635969162,2,2,0.829710125923157,0.960144937038422,1,1,1.04999995231628,2015,06,32,27.9,27.9,29.2949986696243,0,22.930793762207,2015-06-01,21.6324615478516,22.930793762207,49.6611251831055
35080010,Pluviométrica,Convencional,Boyacá,Zetaquirá,5.283,-73.1693,1720,6/15/1957,,Andes,Orinoco,Meta,Río Lengupá,1.57818186283112,1.9163635969162,2,2,0.829710125923157,0.960144937038422,1,1,1.04999995231628,2015,06,33,46.7,46.7,49.0349977731705,0,45.2952194213867,2015-06-01,60.1228904724121,45.2952194213867,55.7207183837891
35080010,Pluviométrica,Convencional,Boyacá,Zetaquirá,5.283,-73.1693,1720,6/15/1957,,Andes,Orinoco,Meta,Río Lengupá,1.57818186283112,1.9163635969162,2,2,0.829710125923157,0.960144937038422,1,1,1.04999995231628,2015,06,34,43.4,43.4,45.5699979305267,1,16.1377029418945,2015-06-01,9.83624458312988,16.1377029418945,21.1310939788818
35080010,Pluviométrica,Convencional,Boyacá,Zetaquirá,5.283,-73.1693,1720,6/15/1957,,Andes,Orinoco,Meta,Río Lengupá,1.57818186283112,1.9163635969162,2,2,0.829710125923157,0.960144937038422,1,1,1.04999995231628,2015,06,35,84.1,84.1,88.3049959897995,1,17.2239723205566,2015-06-01,9.97431945800781,17.2239723205566,46.5081291198731
35080010,Pluviométrica,Convencional,Boyacá,Zetaquirá,5.283,-73.1693,1720,6/15/1957,,Andes,Orinoco,Meta,Río Lengupá,1.57818186283112,1.9163635969162,2,2,0.829710125923157,0.960144937038422,1,1,1.04999995231628,2015,06,36,26.2,26.2,27.5099987506867,0,16.8731021881104,2015-06-01,8.23607444763184,16.8731021881104,32.9949645996094
35080010,Pluviométrica,Convencional,Boyacá,Zetaquirá,5.283,-73.1693,1720,6/15/1957,,Andes,Orinoco,Meta,Río Lengupá,1.57818186283112,1.9163635969162,2,2,0.829710125923157,0.960144937038422,1,1,1.03999996185303,2015,07,37,13.6,13.6,14.1439994812012,0,20.3137264251709,2015-07-01,17.590892791748,20.3137264251709,17.637186050415
35080010,Pluviométrica,Convencional,Boyacá,Zetaquirá,5.283,-73.1693,1720,6/15/1957,,Andes,Orinoco,Meta,Río Lengupá,1.57818186283112,1.9163635969162,2,2,0.829710125923157,0.960144937038422,1,1,1.03999996185303,2015,07,38,18.9,18.9,19.6559992790222,0,19.1110229492188,2015-07-01,11.5031032562256,19.1110229492188,12.8332004547119
35080010,Pluviométrica,Convencional,Boyacá,Zetaquirá,5.283,-73.1693,1720,6/15/1957,,Andes,Orinoco,Meta,Río Lengupá,1.57818186283112,1.9163635969162,2,2,0.829710125923157,0.960144937038422,1,1,1.03999996185303,2015,07,39,59.3,59.3,61.6719977378845,0,43.828742980957,2015-07-01,55.1934814453125,43.828742980957,58.4330368041992
35080010,Pluviométrica,Convencional,Boyacá,Zetaquirá,5.283,-73.1693,1720,6/15/1957,,Andes,Orinoco,Meta,Río Lengupá,1.57818186283112,1.9163635969162,2,2,0.829710125923157,0.960144937038422,1,1,1.03999996185303,2015,07,40,76.1,76.1,79.1439970970154,0,35.5265960693359,2015-07-01,47.9098815917969,35.5265960693359,71.8112945556641
35080010,Pluviométrica,Convencional,Boyacá,Zetaquirá,5.283,-73.1693,1720,6/15/1957,,Andes,Orinoco,Meta,Río Lengupá,1.57818186283112,1.9163635969162,2,2,0.829710125923157,0.960144937038422,1,1,1.03999996185303,2015,07,41,10,10,10.3999996185303,2,17.4791584014893,2015-07-01,13.0455760955811,17.4791584014893,35.535701751709
35080010,Pluviométrica,Convencional,Boyacá,Zetaquirá,5.283,-73.1693,1720,6/15/1957,,Andes,Orinoco,Meta,Río Lengupá,1.57818186283112,1.9163635969162,2,2,0.829710125923157,0.960144937038422,1,1,1.03999996185303,2015,07,42,92.7,92.7,96.4079964637756,1,63.1130218505859,2015-07-01,69.9153213500977,63.1130218505859,88.6974639892578
35080010,Pluviométrica,Convencional,Boyacá,Zetaquirá,5.283,-73.1693,1720,6/15/1957,,Andes,Orinoco,Meta,Río Lengupá,1.57818186283112,1.9163635969162,2,2,0.829710125923157,0.960144937038422,1,1,1.05999994277954,2015,08,43,70.7,70.7,74.9419959545136,0,22.6689853668213,2015-08-01,16.7797355651855,22.6689853668213,33.6087341308594
35080010,Pluviométrica,Convencional,Boyacá,Zetaquirá,5.283,-73.1693,1720,6/15/1957,,Andes,Orinoco,Meta,Río Lengupá,1.57818186283112,1.9163635969162,2,2,0.829710125923157,0.960144937038422,1,1,1.05999994277954,2015,08,44,59.4,59.4,62.9639966011047,0,41.1368522644043,2015-08-01,52.454273223877,41.1368522644043,40.5137405395508
35080010,Pluviométrica,Convencional,Boyacá,Zetaquirá,5.283,-73.1693,1720,6/15/1957,,Andes,Orinoco,Meta,Río Lengupá,1.57818186283112,1.9163635969162,2,2,0.829710125923157,0.960144937038422,1,1,1.05999994277954,2015,08,45,79,79,83.7399954795838,0,30.1230430603027,2015-08-01,32.5337944030762,30.1230430603027,54.9118614196777
35080010,Pluviométrica,Convencional,Boyacá,Zetaquirá,5.283,-73.1693,1720,6/15/1957,,Andes,Orinoco,Meta,Río Lengupá,1.57818186283112,1.9163635969162,2,2,0.829710125923157,0.960144937038422,1,1,1.05999994277954,2015,08,46,55.2,55.2,58.5119968414307,0,17.1920185089111,2015-08-01,7.55877876281738,17.1920185089111,24.3970985412598
35080010,Pluviométrica,Convencional,Boyacá,Zetaquirá,5.283,-73.1693,1720,6/15/1957,,Andes,Orinoco,Meta,Río Lengupá,1.57818186283112,1.9163635969162,2,2,0.829710125923157,0.960144937038422,1,1,1.05999994277954,2015,08,47,25.2,25.2,26.7119985580444,0,15.3236303329468,2015-08-01,4.12798261642456,15.3236303329468,16.2643337249756
35080010,Pluviométrica,Convencional,Boyacá,Zetaquirá,5.283,-73.1693,1720,6/15/1957,,Andes,Orinoco,Meta,Río Lengupá,1.57818186283112,1.9163635969162,2,2,0.829710125923157,0.960144937038422,1,1,1.05999994277954,2015,08,48,7.7,7.7,8.16199955940247,0,41.2894592285156,2015-08-01,29.3847389221191,41.2894592285156,24.2914962768555
35080010,Pluviométrica,Convencional,Boyacá,Zetaquirá,5.283,-73.1693,1720,6/15/1957,,Andes,Orinoco,Meta,Río Lengupá,1.57818186283112,1.9163635969162,2,2,0.829710125923157,0.960144937038422,1,1,1.05999994277954,2015,09,49,26.4,26.4,27.9839984893799,0,15.949652671814,2015-09-01,18.7291240692139,15.949652671814,26.7154922485352
35080010,Pluviométrica,Convencional,Boyacá,Zetaquirá,5.283,-73.1693,1720,6/15/1957,,Andes,Orinoco,Meta,Río Lengupá,1.57818186283112,1.9163635969162,2,2,0.829710125923157,0.960144937038422,1,1,1.05999994277954,2015,09,50,37.8,37.8,40.0679978370667,0,30.9922962188721,2015-09-01,47.2120056152344,30.9922962188721,26.7516345977783
35080010,Pluviométrica,Convencional,Boyacá,Zetaquirá,5.283,-73.1693,1720,6/15/1957,,Andes,Orinoco,Meta,Río Lengupá,1.57818186283112,1.9163635969162,2,2,0.829710125923157,0.960144937038422,1,1,1.05999994277954,2015,09,51,0,0,0,0,11.7105293273926,2015-09-01,7.50707674026489,11.7105293273926,5.86490535736084
35080010,Pluviométrica,Convencional,Boyacá,Zetaquirá,5.283,-73.1693,1720,6/15/1957,,Andes,Orinoco,Meta,Río Lengupá,1.57818186283112,1.9163635969162,2,2,0.829710125923157,0.960144937038422,1,1,1.05999994277954,2015,09,52,24.3,24.3,25.7579986095429,0,37.8947639465332,2015-09-01,55.0451507568359,37.8947639465332,33.6539306640625
35080010,Pluviométrica,Convencional,Boyacá,Zetaquirá,5.283,-73.1693,1720,6/15/1957,,Andes,Orinoco,Meta,Río Lengupá,1.57818186283112,1.9163635969162,2,2,0.829710125923157,0.960144937038422,1,1,1.05999994277954,2015,09,53,0,0,0,0,18.0193519592285,2015-09-01,21.3273105621338,18.0193519592285,9.38861751556396
35080010,Pluviométrica,Convencional,Boyacá,Zetaquirá,5.283,-73.1693,1720,6/15/1957,,Andes,Orinoco,Meta,Río Lengupá,1.57818186283112,1.9163635969162,2,2,0.829710125923157,0.960144937038422,1,1,1.05999994277954,2015,09,54,12.3,12.3,13.0379992961884,0,20.4469184875488,2015-09-01,28.8917636871338,20.4469184875488,16.9893646240234
35080010,Pluviométrica,Convencional,Boyacá,Zetaquirá,5.283,-73.1693,1720,6/15/1957,,Andes,Orinoco,Meta,Río Lengupá,1.57818186283112,1.9163635969162,2,2,0.829710125923157,0.960144937038422,1,1,1.04999995231628,2015,10,55,15.1,15.1,15.8549992799759,0,24.4634685516357,2015-10-01,27.1477470397949,24.4634685516357,30.440408706665
35080010,Pluviométrica,Convencional,Boyacá,Zetaquirá,5.283,-73.1693,1720,6/15/1957,,Andes,Orinoco,Meta,Río Lengupá,1.57818186283112,1.9163635969162,2,2,0.829710125923157,0.960144937038422,1,1,1.04999995231628,2015,10,56,9.8,9.8,10.2899995326996,0,8.74576282501221,2015-10-01,0,8.74576282501221,0
35080010,Pluviométrica,Convencional,Boyacá,Zetaquirá,5.283,-73.1693,1720,6/15/1957,,Andes,Orinoco,Meta,Río Lengupá,1.57818186283112,1.9163635969162,2,2,0.829710125923157,0.960144937038422,1,1,1.04999995231628,2015,10,57,13.7,13.7,14.3849993467331,0,22.6352348327637,2015-10-01,28.1212348937988,22.6352348327637,29.1643905639648
35080010,Pluviométrica,Convencional,Boyacá,Zetaquirá,5.283,-73.1693,1720,6/15/1957,,Andes,Orinoco,Meta,Río Lengupá,1.57818186283112,1.9163635969162,2,2,0.829710125923157,0.960144937038422,1,1,1.04999995231628,2015,10,58,4.4,4.4,4.61999979019165,0,23.5328998565674,2015-10-01,34.3351211547852,23.5328998565674,38.4230346679688
35080010,Pluviométrica,Convencional,Boyacá,Zetaquirá,5.283,-73.1693,1720,6/15/1957,,Andes,Orinoco,Meta,Río Lengupá,1.57818186283112,1.9163635969162,2,2,0.829710125923157,0.960144937038422,1,1,1.04999995231628,2015,10,59,11.9,11.9,12.4949994325638,0,8.42105674743652,2015-10-01,0,8.42105674743652,0
35080010,Pluviométrica,Convencional,Boyacá,Zetaquirá,5.283,-73.1693,1720,6/15/1957,,Andes,Orinoco,Meta,Río Lengupá,1.57818186283112,1.9163635969162,2,2,0.829710125923157,0.960144937038422,1,1,1.04999995231628,2015,10,60,19.5,19.5,20.4749990701675,0,11.9459810256958,2015-10-01,2.0383243560791,11.9459810256958,5.66222763061523
35080010,Pluviométrica,Convencional,Boyacá,Zetaquirá,5.283,-73.1693,1720,6/15/1957,,Andes,Orinoco,Meta,Río Lengupá,1.57818186283112,1.9163635969162,2,2,0.829710125923157,0.960144937038422,1,1,1.04999995231628,2015,11,61,68.6,68.6,72.0299967288971,0,20.3745384216309,2015-11-01,40.781665802002,20.3745384216309,60.3102378845215
35080010,Pluviométrica,Convencional,Boyacá,Zetaquirá,5.283,-73.1693,1720,6/15/1957,,Andes,Orinoco,Meta,Río Lengupá,1.57818186283112,1.9163635969162,2,2,0.829710125923157,0.960144937038422,1,1,1.04999995231628,2015,11,62,5.6,5.6,5.87999973297119,0,15.8277425765991,2015-11-01,30.4358863830566,15.8277425765991,31.0701236724854
35080010,Pluviométrica,Convencional,Boyacá,Zetaquirá,5.283,-73.1693,1720,6/15/1957,,Andes,Orinoco,Meta,Río Lengupá,1.57818186283112,1.9163635969162,2,2,0.829710125923157,0.960144937038422,1,1,1.04999995231628,2015,11,63,4,4,4.19999980926514,0,10.9133262634277,2015-11-01,13.5211210250855,10.9133262634277,27.5639667510986
35080010,Pluviométrica,Convencional,Boyacá,Zetaquirá,5.283,-73.1693,1720,6/15/1957,,Andes,Orinoco,Meta,Río Lengupá,1.57818186283112,1.9163635969162,2,2,0.829710125923157,0.960144937038422,1,1,1.04999995231628,2015,11,64,4.2,4.2,4.40999979972839,0,19.4082946777344,2015-11-01,36.7900009155273,19.4082946777344,21.8172702789307
35080010,Pluviométrica,Convencional,Boyacá,Zetaquirá,5.283,-73.1693,1720,6/15/1957,,Andes,Orinoco,Meta,Río Lengupá,1.57818186283112,1.9163635969162,2,2,0.829710125923157,0.960144937038422,1,1,1.04999995231628,2015,11,65,6.6,6.6,6.92999968528748,0,5.57808256149292,2015-11-01,1.33493387699127,5.57808256149292,3.29718255996704
35080010,Pluviométrica,Convencional,Boyacá,Zetaquirá,5.283,-73.1693,1720,6/15/1957,,Andes,Orinoco,Meta,Río Lengupá,1.57818186283112,1.9163635969162,2,2,0.829710125923157,0.960144937038422,1,1,1.04999995231628,2015,11,66,8.8,8.8,9.2399995803833,0,5.56602907180786,2015-11-01,1.68513894081116,5.56602907180786,6.2709698677063
35080010,Pluviométrica,Convencional,Boyacá,Zetaquirá,5.283,-73.1693,1720,6/15/1957,,Andes,Orinoco,Meta,Río Lengupá,1.57818186283112,1.9163635969162,2,2,0.829710125923157,0.960144937038422,1,1,1.07000005245209,2015,12,67,31.8,31.8,34.0260016679764,0,6.86223936080933,2015-12-01,12.380163192749,6.86223936080933,29.9434700012207
35080010,Pluviométrica,Convencional,Boyacá,Zetaquirá,5.283,-73.1693,1720,6/15/1957,,Andes,Orinoco,Meta,Río Lengupá,1.57818186283112,1.9163635969162,2,2,0.829710125923157,0.960144937038422,1,1,1.07000005245209,2015,12,68,0.5,0.5,0.535000026226044,0,3.0952570438385,2015-12-01,1.77139663696289,3.0952570438385,1.83174681663513
35080010,Pluviométrica,Convencional,Boyacá,Zetaquirá,5.283,-73.1693,1720,6/15/1957,,Andes,Orinoco,Meta,Río Lengupá,1.57818186283112,1.9163635969162,2,2,0.829710125923157,0.960144937038422,1,1,1.07000005245209,2015,12,69,4,4,4.28000020980835,0,5.56722116470337,2015-12-01,16.1875972747803,5.56722116470337,10.2519340515137
35080010,Pluviométrica,Convencional,Boyacá,Zetaquirá,5.283,-73.1693,1720,6/15/1957,,Andes,Orinoco,Meta,Río Lengupá,1.57818186283112,1.9163635969162,2,2,0.829710125923157,0.960144937038422,1,1,1.07000005245209,2015,12,70,13.8,13.8,14.7660007238388,0,2.94227266311646,2015-12-01,2.25644111633301,2.94227266311646,7.57631874084473
35080010,Pluviométrica,Convencional,Boyacá,Zetaquirá,5.283,-73.1693,1720,6/15/1957,,Andes,Orinoco,Meta,Río Lengupá,1.57818186283112,1.9163635969162,2,2,0.829710125923157,0.960144937038422,1,1,1.07000005245209,2015,12,71,0,0,0,0,3.4160213470459,2015-12-01,2.37028241157532,3.4160213470459,2.21477031707764
35080010,Pluviométrica,Convencional,Boyacá,Zetaquirá,5.283,-73.1693,1720,6/15/1957,,Andes,Orinoco,Meta,Río Lengupá,1.57818186283112,1.9163635969162,2,2,0.829710125923157,0.960144937038422,1,1,1.07000005245209,2015,12,72,0,0,0,0,5.89884471893311,2015-12-01,3.41814112663269,5.89884471893311,5.78404426574707
35080010,Pluviométrica,Convencional,Boyacá,Zetaquirá,5.283,-73.1693,1720,6/15/1957,,Andes,Orinoco,Meta,Río Lengupá,1.57818186283112,1.9163635969162,2,2,0.829710125923157,0.960144937038422,1,1,1.07000005245209,2016,01,1,1.8,1.8,1.92600009441376,0,9.87917804718018,2016-01-01,14.0913743972778,9.87917804718018,6.09782266616821
35080010,Pluviométrica,Convencional,Boyacá,Zetaquirá,5.283,-73.1693,1720,6/15/1957,,Andes,Orinoco,Meta,Río Lengupá,1.57818186283112,1.9163635969162,2,2,0.829710125923157,0.960144937038422,1,1,1.07000005245209,2016,01,2,0,0,0,0,7.59809541702271,2016-01-01,4.52538633346558,7.59809541702271,2.13827443122864
35080010,Pluviométrica,Convencional,Boyacá,Zetaquirá,5.283,-73.1693,1720,6/15/1957,,Andes,Orinoco,Meta,Río Lengupá,1.57818186283112,1.9163635969162,2,2,0.829710125923157,0.960144937038422,1,1,1.07000005245209,2016,01,3,0,0,0,0,6.60328197479248,2016-01-01,2.33185815811157,6.60328197479248,1.5711350440979
35080010,Pluviométrica,Convencional,Boyacá,Zetaquirá,5.283,-73.1693,1720,6/15/1957,,Andes,Orinoco,Meta,Río Lengupá,1.57818186283112,1.9163635969162,2,2,0.829710125923157,0.960144937038422,1,1,1.07000005245209,2016,01,4,0,0,0,0,6.68221473693848,2016-01-01,2.45718812942505,6.68221473693848,1.4461327791214
35080010,Pluviométrica,Convencional,Boyacá,Zetaquirá,5.283,-73.1693,1720,6/15/1957,,Andes,Orinoco,Meta,Río Lengupá,1.57818186283112,1.9163635969162,2,2,0.829710125923157,0.960144937038422,1,1,1.07000005245209,2016,01,5,0,0,0,0,6.24303674697876,2016-01-01,1.64468801021576,6.24303674697876,1.04174423217773
35080010,Pluviométrica,Convencional,Boyacá,Zetaquirá,5.283,-73.1693,1720,6/15/1957,,Andes,Orinoco,Meta,Río Lengupá,1.57818186283112,1.9163635969162,2,2,0.829710125923157,0.960144937038422,1,1,1.07000005245209,2016,01,6,0,0,0,0,7.65738105773926,2016-01-01,0.691168010234833,7.65738105773926,0.494741886854172
35080010,Pluviométrica,Convencional,Boyacá,Zetaquirá,5.283,-73.1693,1720,6/15/1957,,Andes,Orinoco,Meta,Río Lengupá,1.57818186283112,1.9163635969162,2,2,0.829710125923157,0.960144937038422,1,1,1.08000004291534,2016,02,7,0,0,0,0,5.69211721420288,2016-02-01,0.972969055175781,5.69211721420288,1.389519572258
35080010,Pluviométrica,Convencional,Boyacá,Zetaquirá,5.283,-73.1693,1720,6/15/1957,,Andes,Orinoco,Meta,Río Lengupá,1.57818186283112,1.9163635969162,2,2,0.829710125923157,0.960144937038422,1,1,1.08000004291534,2016,02,8,5.5,5.5,5.94000023603439,0,7.63245820999146,2016-02-01,7.35644435882568,7.63245820999146,6.77281618118286
35080010,Pluviométrica,Convencional,Boyacá,Zetaquirá,5.283,-73.1693,1720,6/15/1957,,Andes,Orinoco,Meta,Río Lengupá,1.57818186283112,1.9163635969162,2,2,0.829710125923157,0.960144937038422,1,1,1.08000004291534,2016,02,9,0,0,0,0,5.26832866668701,2016-02-01,1.00317966938019,5.26832866668701,0.841433048248291
35080010,Pluviométrica,Convencional,Boyacá,Zetaquirá,5.283,-73.1693,1720,6/15/1957,,Andes,Orinoco,Meta,Río Lengupá,1.57818186283112,1.9163635969162,2,2,0.829710125923157,0.960144937038422,1,1,1.08000004291534,2016,02,10,4.5,4.5,4.86000019311905,0,5.29232311248779,2016-02-01,0.486874550580978,5.29232311248779,0.829165995121002
35080010,Pluviométrica,Convencional,Boyacá,Zetaquirá,5.283,-73.1693,1720,6/15/1957,,Andes,Orinoco,Meta,Río Lengupá,1.57818186283112,1.9163635969162,2,2,0.829710125923157,0.960144937038422,1,1,1.08000004291534,2016,02,11,26.3,26.3,28.4040011286736,0,5.21465301513672,2016-02-01,1.12841987609863,5.21465301513672,2.34890532493591
35080010,Pluviométrica,Convencional,Boyacá,Zetaquirá,5.283,-73.1693,1720,6/15/1957,,Andes,Orinoco,Meta,Río Lengupá,1.57818186283112,1.9163635969162,2,2,0.829710125923157,0.960144937038422,1,1,1.08000004291534,2016,02,12,0,0,0,0,2.98517751693726,2016-02-01,3.12892723083496,2.98517751693726,2.09524035453796
35080010,Pluviométrica,Convencional,Boyacá,Zetaquirá,5.283,-73.1693,1720,6/15/1957,,Andes,Orinoco,Meta,Río Lengupá,1.57818186283112,1.9163635969162,2,2,0.829710125923157,0.960144937038422,1,1,1.08000004291534,2016,03,13,0,0,0,0,4.68816423416138,2016-03-01,1.70680463314056,4.68816423416138,1.69718527793884
35080010,Pluviométrica,Convencional,Boyacá,Zetaquirá,5.283,-73.1693,1720,6/15/1957,,Andes,Orinoco,Meta,Río Lengupá,1.57818186283112,1.9163635969162,2,2,0.829710125923157,0.960144937038422,1,1,1.08000004291534,2016,03,14,0,0,0,0,3.38767719268799,2016-03-01,0,3.38767719268799,0
35080010,Pluviométrica,Convencional,Boyacá,Zetaquirá,5.283,-73.1693,1720,6/15/1957,,Andes,Orinoco,Meta,Río Lengupá,1.57818186283112,1.9163635969162,2,2,0.829710125923157,0.960144937038422,1,1,1.08000004291534,2016,03,15,10.3,10.3,11.124000442028,0,6.13051986694336,2016-03-01,4.41555500030518,6.13051986694336,8.5317268371582
35080010,Pluviométrica,Convencional,Boyacá,Zetaquirá,5.283,-73.1693,1720,6/15/1957,,Andes,Orinoco,Meta,Río Lengupá,1.57818186283112,1.9163635969162,2,2,0.829710125923157,0.960144937038422,1,1,1.08000004291534,2016,03,16,4,4,4.32000017166138,0,12.3925704956055,2016-03-01,18.5151119232178,12.3925704956055,21.566255569458
35080010,Pluviométrica,Convencional,Boyacá,Zetaquirá,5.283,-73.1693,1720,6/15/1957,,Andes,Orinoco,Meta,Río Lengupá,1.57818186283112,1.9163635969162,2,2,0.829710125923157,0.960144937038422,1,1,1.08000004291534,2016,03,17,2,2,2.16000008583069,0,2.87203145027161,2016-03-01,0,2.87203145027161,0
35080010,Pluviométrica,Convencional,Boyacá,Zetaquirá,5.283,-73.1693,1720,6/15/1957,,Andes,Orinoco,Meta,Río Lengupá,1.57818186283112,1.9163635969162,2,2,0.829710125923157,0.960144937038422,1,1,1.08000004291534,2016,03,18,18.5,18.5,19.9800007939339,0,25.2542858123779,2016-03-01,31.8271102905273,25.2542858123779,26.9026584625244
35080010,Pluviométrica,Convencional,Boyacá,Zetaquirá,5.283,-73.1693,1720,6/15/1957,,Andes,Orinoco,Meta,Río Lengupá,1.57818186283112,1.9163635969162,2,2,0.829710125923157,0.960144937038422,1,1,1.05999994277954,2016,04,19,24.5,24.5,25.9699985980988,0,16.934850692749,2016-04-01,15.1236658096313,16.934850692749,45.7250061035156
35080010,Pluviométrica,Convencional,Boyacá,Zetaquirá,5.283,-73.1693,1720,6/15/1957,,Andes,Orinoco,Meta,Río Lengupá,1.57818186283112,1.9163635969162,2,2,0.829710125923157,0.960144937038422,1,1,1.05999994277954,2016,04,20,37.6,37.6,39.8559978485108,0,9.64330101013184,2016-04-01,6.20201349258423,9.64330101013184,16.8028831481934
35080010,Pluviométrica,Convencional,Boyacá,Zetaquirá,5.283,-73.1693,1720,6/15/1957,,Andes,Orinoco,Meta,Río Lengupá,1.57818186283112,1.9163635969162,2,2,0.829710125923157,0.960144937038422,1,1,1.05999994277954,2016,04,21,50.8,50.8,53.8479970932007,0,10.4994382858276,2016-04-01,4.30722999572754,10.4994382858276,16.5296287536621
35080010,Pluviométrica,Convencional,Boyacá,Zetaquirá,5.283,-73.1693,1720,6/15/1957,,Andes,Orinoco,Meta,Río Lengupá,1.57818186283112,1.9163635969162,2,2,0.829710125923157,0.960144937038422,1,1,1.05999994277954,2016,04,22,24,24,25.439998626709,0,38.9369850158691,2016-04-01,55.2672386169434,38.9369850158691,46.1061553955078
35080010,Pluviométrica,Convencional,Boyacá,Zetaquirá,5.283,-73.1693,1720,6/15/1957,,Andes,Orinoco,Meta,Río Lengupá,1.57818186283112,1.9163635969162,2,2,0.829710125923157,0.960144937038422,1,1,1.05999994277954,2016,04,23,43.1,43.1,45.6859975337982,0,29.7833786010742,2016-04-01,37.3285713195801,29.7833786010742,49.01318359375
35080010,Pluviométrica,Convencional,Boyacá,Zetaquirá,5.283,-73.1693,1720,6/15/1957,,Andes,Orinoco,Meta,Río Lengupá,1.57818186283112,1.9163635969162,2,2,0.829710125923157,0.960144937038422,1,1,1.05999994277954,2016,04,24,46.4,46.4,49.1839973449707,0,32.6794967651367,2016-04-01,44.5587539672852,32.6794967651367,64.2864303588867
35080010,Pluviométrica,Convencional,Boyacá,Zetaquirá,5.283,-73.1693,1720,6/15/1957,,Andes,Orinoco,Meta,Río Lengupá,1.57818186283112,1.9163635969162,2,2,0.829710125923157,0.960144937038422,1,1,1.04999995231628,2016,05,25,13.7,13.7,14.3849993467331,0,19.8934555053711,2016-05-01,22.2070808410645,21.4459457397461,25.4176349639893
35080010,Pluviométrica,Convencional,Boyacá,Zetaquirá,5.283,-73.1693,1720,6/15/1957,,Andes,Orinoco,Meta,Río Lengupá,1.57818186283112,1.9163635969162,2,2,0.829710125923157,0.960144937038422,1,1,1.04999995231628,2016,05,26,49.6,49.6,52.0799976348877,0,37.728214263916,2016-05-01,64.9958114624024,48.7775764465332,51.0456504821777
35080010,Pluviométrica,Convencional,Boyacá,Zetaquirá,5.283,-73.1693,1720,6/15/1957,,Andes,Orinoco,Meta,Río Lengupá,1.57818186283112,1.9163635969162,2,2,0.829710125923157,0.960144937038422,1,1,1.04999995231628,2016,05,27,9.1,9.1,9.55499956607819,0,26.7949371337891,2016-05-01,39.3095321655273,36.7626647949219,43.9827537536621
35080010,Pluviométrica,Convencional,Boyacá,Zetaquirá,5.283,-73.1693,1720,6/15/1957,,Andes,Orinoco,Meta,Río Lengupá,1.57818186283112,1.9163635969162,2,2,0.829710125923157,0.960144937038422,1,1,1.04999995231628,2016,05,28,56.1,56.1,58.9049973249436,0,14.9762544631958,2016-05-01,16.5967178344727,29.0815029144287,27.9217758178711
35080010,Pluviométrica,Convencional,Boyacá,Zetaquirá,5.283,-73.1693,1720,6/15/1957,,Andes,Orinoco,Meta,Río Lengupá,1.57818186283112,1.9163635969162,2,2,0.829710125923157,0.960144937038422,1,1,1.04999995231628,2016,05,29,113,113,118.64999461174,0,15.7645292282105,2016-05-01,19.7796211242676,34.1722259521484,66.2977828979492
35080010,Pluviométrica,Convencional,Boyacá,Zetaquirá,5.283,-73.1693,1720,6/15/1957,,Andes,Orinoco,Meta,Río Lengupá,1.57818186283112,1.9163635969162,2,2,0.829710125923157,0.960144937038422,1,1,1.04999995231628,2016,05,30,36.2,36.2,38.0099982738495,0,67.4822845458984,2016-05-01,115.529945373535,75.0630340576172,91.3602294921875
35080010,Pluviométrica,Convencional,Boyacá,Zetaquirá,5.283,-73.1693,1720,6/15/1957,,Andes,Orinoco,Meta,Río Lengupá,1.57818186283112,1.9163635969162,2,2,0.829710125923157,0.960144937038422,1,1,1.04999995231628,2016,06,31,9.6,9.6,10.0799995422363,0,17.2011852264404,2016-06-01,11.4005136489868,20.0228633880615,11.8098182678223
35080010,Pluviométrica,Convencional,Boyacá,Zetaquirá,5.283,-73.1693,1720,6/15/1957,,Andes,Orinoco,Meta,Río Lengupá,1.57818186283112,1.9163635969162,2,2,0.829710125923157,0.960144937038422,1,1,1.04999995231628,2016,06,32,45.4,45.4,47.6699978351593,0,35.5071716308594,2016-06-01,45.7502479553223,41.3317604064941,52.5296096801758
35080010,Pluviométrica,Convencional,Boyacá,Zetaquirá,5.283,-73.1693,1720,6/15/1957,,Andes,Orinoco,Meta,Río Lengupá,1.57818186283112,1.9163635969162,2,2,0.829710125923157,0.960144937038422,1,1,1.04999995231628,2016,06,33,41.4,41.4,43.4699980258942,1,41.2063713073731,2016-06-01,54.8281593322754,47.9658546447754,44.779109954834
35080010,Pluviométrica,Convencional,Boyacá,Zetaquirá,5.283,-73.1693,1720,6/15/1957,,Andes,Orinoco,Meta,Río Lengupá,1.57818186283112,1.9163635969162,2,2,0.829710125923157,0.960144937038422,1,1,1.04999995231628,2016,06,34,60.2,60.2,63.2099971294403,0,21.884126663208,2016-06-01,24.4307765960693,25.4739933013916,65.004150390625
35080010,Pluviométrica,Convencional,Boyacá,Zetaquirá,5.283,-73.1693,1720,6/15/1957,,Andes,Orinoco,Meta,Río Lengupá,1.57818186283112,1.9163635969162,2,2,0.829710125923157,0.960144937038422,1,1,1.04999995231628,2016,06,35,12.9,12.9,13.5449993848801,1,18.7572803497314,2016-06-01,13.0139589309692,21.8342189788818,32.330997467041
35080010,Pluviométrica,Convencional,Boyacá,Zetaquirá,5.283,-73.1693,1720,6/15/1957,,Andes,Orinoco,Meta,Río Lengupá,1.57818186283112,1.9163635969162,2,2,0.829710125923157,0.960144937038422,1,1,1.04999995231628,2016,06,36,94.4,94.4,99.1199954986572,0,16.8731021881104,2016-06-01,8.23607444763184,19.6409606933594,28.4949264526367
35080010,Pluviométrica,Convencional,Boyacá,Zetaquirá,5.283,-73.1693,1720,6/15/1957,,Andes,Orinoco,Meta,Río Lengupá,1.57818186283112,1.9163635969162,2,2,0.829710125923157,0.960144937038422,1,1,1.03999996185303,2016,07,37,62.8,62.8,65.3119976043701,0,64.4837646484375,2016-07-01,82.3021774291992,81.9212951660156,78.8260040283203
35080010,Pluviométrica,Convencional,Boyacá,Zetaquirá,5.283,-73.1693,1720,6/15/1957,,Andes,Orinoco,Meta,Río Lengupá,1.57818186283112,1.9163635969162,2,2,0.829710125923157,0.960144937038422,1,1,1.03999996185303,2016,07,38,38,38,39.519998550415,1,41.1846237182617,2016-07-01,48.8962059020996,51.5828361511231,50.6693572998047
35080010,Pluviométrica,Convencional,Boyacá,Zetaquirá,5.283,-73.1693,1720,6/15/1957,,Andes,Orinoco,Meta,Río Lengupá,1.57818186283112,1.9163635969162,2,2,0.829710125923157,0.960144937038422,1,1,1.03999996185303,2016,07,39,42.3,42.3,43.9919983863831,0,39.3695869445801,2016-07-01,48.1486663818359,47.3299903869629,46.9002380371094
35080010,Pluviométrica,Convencional,Boyacá,Zetaquirá,5.283,-73.1693,1720,6/15/1957,,Andes,Orinoco,Meta,Río Lengupá,1.57818186283112,1.9163635969162,2,2,0.829710125923157,0.960144937038422,1,1,1.03999996185303,2016,07,40,56.7,56.7,58.9679978370667,0,67.2916107177734,2016-07-01,90.5300140380859,70.6852111816406,72.8008422851563
35080010,Pluviométrica,Convencional,Boyacá,Zetaquirá,5.283,-73.1693,1720,6/15/1957,,Andes,Orinoco,Meta,Río Lengupá,1.57818186283112,1.9163635969162,2,2,0.829710125923157,0.960144937038422,1,1,1.03999996185303,2016,07,41,59.8,59.8,62.1919977188111,0,42.5867767333984,2016-07-01,52.4681015014649,52.2230758666992,57.770881652832
35080010,Pluviométrica,Convencional,Boyacá,Zetaquirá,5.283,-73.1693,1720,6/15/1957,,Andes,Orinoco,Meta,Río Lengupá,1.57818186283112,1.9163635969162,2,2,0.829710125923157,0.960144937038422,1,1,1.03999996185303,2016,07,42,67.8,67.8,70.5119974136353,0,81.6654281616211,2016-07-01,87.5894165039063,99.1629867553711,96.1929473876953
35080010,Pluviométrica,Convencional,Boyacá,Zetaquirá,5.283,-73.1693,1720,6/15/1957,,Andes,Orinoco,Meta,Río Lengupá,1.57818186283112,1.9163635969162,2,2,0.829710125923157,0.960144937038422,1,1,1.05999994277954,2016,08,43,20.3,20.3,21.5179988384247,0,32.9101448059082,2016-08-01,40.6333045959473,26.6170310974121,23.4841442108154
35080010,Pluviométrica,Convencional,Boyacá,Zetaquirá,5.283,-73.1693,1720,6/15/1957,,Andes,Orinoco,Meta,Río Lengupá,1.57818186283112,1.9163635969162,2,2,0.829710125923157,0.960144937038422,1,1,1.05999994277954,2016,08,44,13.5,13.5,14.3099992275238,0,26.5742950439453,2016-08-01,22.4879302978516,21.0096893310547,16.4791965484619
35080010,Pluviométrica,Convencional,Boyacá,Zetaquirá,5.283,-73.1693,1720,6/15/1957,,Andes,Orinoco,Meta,Río Lengupá,1.57818186283112,1.9163635969162,2,2,0.829710125923157,0.960144937038422,1,1,1.05999994277954,2016,08,45,46.5,46.5,49.2899973392487,0,25.4361209869385,2016-08-01,20.7291927337646,27.0361194610596,18.8380947113037
35080010,Pluviométrica,Convencional,Boyacá,Zetaquirá,5.283,-73.1693,1720,6/15/1957,,Andes,Orinoco,Meta,Río Lengupá,1.57818186283112,1.9163635969162,2,2,0.829710125923157,0.960144937038422,1,1,1.05999994277954,2016,08,46,13.7,13.7,14.5219992160797,1,37.0035667419434,2016-08-01,34.6903686523438,31.5694580078125,29.6304168701172
35080010,Pluviométrica,Convencional,Boyacá,Zetaquirá,5.283,-73.1693,1720,6/15/1957,,Andes,Orinoco,Meta,Río Lengupá,1.57818186283112,1.9163635969162,2,2,0.829710125923157,0.960144937038422,1,1,1.05999994277954,2016,08,47,38.4,38.4,40.7039978027344,0,24.2664184570313,2016-08-01,16.8707332611084,43.2103538513184,47.8316802978516
35080010,Pluviométrica,Convencional,Boyacá,Zetaquirá,5.283,-73.1693,1720,6/15/1957,,Andes,Orinoco,Meta,Río Lengupá,1.57818186283112,1.9163635969162,2,2,0.829710125923157,0.960144937038422,1,1,1.05999994277954,2016,08,48,53,53,56.1799969673157,0,47.8629760742188,2016-08-01,42.9111633300781,55.1931877136231,41.0799903869629
35080010,Pluviométrica,Convencional,Boyacá,Zetaquirá,5.283,-73.1693,1720,6/15/1957,,Andes,Orinoco,Meta,Río Lengupá,1.57818186283112,1.9163635969162,2,2,0.829710125923157,0.960144937038422,1,1,1.05999994277954,2016,09,49,56.1,56.1,59.4659967899323,0,54.5750160217285,2016-09-01,104.078163146973,46.0909080505371,56.7729377746582
35080010,Pluviométrica,Convencional,Boyacá,Zetaquirá,5.283,-73.1693,1720,6/15/1957,,Andes,Orinoco,Meta,Río Lengupá,1.57818186283112,1.9163635969162,2,2,0.829710125923157,0.960144937038422,1,1,1.05999994277954,2016,09,50,40.8,40.8,43.2479976654053,0,22.7133140563965,2016-09-01,29.4318389892578,46.6733512878418,46.2059593200684
35080010,Pluviométrica,Convencional,Boyacá,Zetaquirá,5.283,-73.1693,1720,6/15/1957,,Andes,Orinoco,Meta,Río Lengupá,1.57818186283112,1.9163635969162,2,2,0.829710125923157,0.960144937038422,1,1,1.05999994277954,2016,09,51,6,6,6.35999965667725,0,21.1190376281738,2016-09-01,26.0996932983398,23.5735607147217,23.0105819702148
35080010,Pluviométrica,Convencional,Boyacá,Zetaquirá,5.283,-73.1693,1720,6/15/1957,,Andes,Orinoco,Meta,Río Lengupá,1.57818186283112,1.9163635969162,2,2,0.829710125923157,0.960144937038422,1,1,1.05999994277954,2016,09,52,57.2,57.2,60.6319967269898,0,14.6726045608521,2016-09-01,15.9283466339111,41.4450912475586,51.1506500244141
35080010,Pluviométrica,Convencional,Boyacá,Zetaquirá,5.283,-73.1693,1720,6/15/1957,,Andes,Orinoco,Meta,Río Lengupá,1.57818186283112,1.9163635969162,2,2,0.829710125923157,0.960144937038422,1,1,1.05999994277954,2016,09,53,14.6,14.6,15.4759991645813,0,18.0193519592285,2016-09-01,21.3273105621338,17.3599815368652,19.0255184173584
35080010,Pluviométrica,Convencional,Boyacá,Zetaquirá,5.283,-73.1693,1720,6/15/1957,,Andes,Orinoco,Meta,Río Lengupá,1.57818186283112,1.9163635969162,2,2,0.829710125923157,0.960144937038422,1,1,1.05999994277954,2016,09,54,4,4,4.23999977111816,0,20.4469184875488,2016-09-01,25.8736972808838,17.3334064483643,17.3428688049316
35080010,Pluviométrica,Convencional,Boyacá,Zetaquirá,5.283,-73.1693,1720,6/15/1957,,Andes,Orinoco,Meta,Río Lengupá,1.57818186283112,1.9163635969162,2,2,0.829710125923157,0.960144937038422,1,1,1.04999995231628,2016,10,55,34.8,34.8,36.5399983406067,0,23.6916942596436,2016-10-01,27.1477470397949,24.9252147674561,30.0703678131104
35080010,Pluviométrica,Convencional,Boyacá,Zetaquirá,5.283,-73.1693,1720,6/15/1957,,Andes,Orinoco,Meta,Río Lengupá,1.57818186283112,1.9163635969162,2,2,0.829710125923157,0.960144937038422,1,1,1.04999995231628,2016,10,56,14.2,14.2,14.9099993228912,0,36.4086875915527,2016-10-01,53.8653259277344,38.304328918457,36.4601211547852
35080010,Pluviométrica,Convencional,Boyacá,Zetaquirá,5.283,-73.1693,1720,6/15/1957,,Andes,Orinoco,Meta,Río Lengupá,1.57818186283112,1.9163635969162,2,2,0.829710125923157,0.960144937038422,1,1,1.04999995231628,2016,10,57,41.2,41.2,43.2599980354309,0,34.0607833862305,2016-10-01,50.2572708129883,35.8341789245605,40.4692306518555
35080010,Pluviométrica,Convencional,Boyacá,Zetaquirá,5.283,-73.1693,1720,6/15/1957,,Andes,Orinoco,Meta,Río Lengupá,1.57818186283112,1.9163635969162,2,2,0.829710125923157,0.960144937038422,1,1,1.04999995231628,2016,10,58,0,0,0,0,11.3248300552368,2016-10-01,6.02892780303955,11.9144639968872,4.65122079849243
35080010,Pluviométrica,Convencional,Boyacá,Zetaquirá,5.283,-73.1693,1720,6/15/1957,,Andes,Orinoco,Meta,Río Lengupá,1.57818186283112,1.9163635969162,2,2,0.829710125923157,0.960144937038422,1,1,1.04999995231628,2016,10,59,24,24,25.1999988555908,0,17.7057762145996,2016-10-01,18.6053714752197,18.6276378631592,28.6392040252686
35080010,Pluviométrica,Convencional,Boyacá,Zetaquirá,5.283,-73.1693,1720,6/15/1957,,Andes,Orinoco,Meta,Río Lengupá,1.57818186283112,1.9163635969162,2,2,0.829710125923157,0.960144937038422,1,1,1.04999995231628,2016,10,60,38,38,39.8999981880188,0,29.3767833709717,2016-10-01,31.0244903564453,30.9063053131104,51.1518096923828
35080010,Pluviométrica,Convencional,Boyacá,Zetaquirá,5.283,-73.1693,1720,6/15/1957,,Andes,Orinoco,Meta,Río Lengupá,1.57818186283112,1.9163635969162,2,2,0.829710125923157,0.960144937038422,1,1,1.04999995231628,2016,11,61,51.7,51.7,54.2849975347519,0,10.1968402862549,2016-11-01,14.1230163574219,19.0465850830078,27.3012161254883
35080010,Pluviométrica,Convencional,Boyacá,Zetaquirá,5.283,-73.1693,1720,6/15/1957,,Andes,Orinoco,Meta,Río Lengupá,1.57818186283112,1.9163635969162,2,2,0.829710125923157,0.960144937038422,1,1,1.04999995231628,2016,11,62,56,56,58.7999973297119,0,6.45943593978882,2016-11-01,3.99531197547913,14.1745347976685,15.0294609069824
35080010,Pluviométrica,Convencional,Boyacá,Zetaquirá,5.283,-73.1693,1720,6/15/1957,,Andes,Orinoco,Meta,Río Lengupá,1.57818186283112,1.9163635969162,2,2,0.829710125923157,0.960144937038422,1,1,1.04999995231628,2016,11,63,60.6,60.6,63.6299971103668,0,40.5691413879395,2016-11-01,87.0491485595703,50.5251235961914,67.82861328125
35080010,Pluviométrica,Convencional,Boyacá,Zetaquirá,5.283,-73.1693,1720,6/15/1957,,Andes,Orinoco,Meta,Río Lengupá,1.57818186283112,1.9163635969162,2,2,0.829710125923157,0.960144937038422,1,1,1.04999995231628,2016,11,64,8,8,8.39999961853027,0,13.5920076370239,2016-11-01,20.0775661468506,19.0961246490479,21.2423973083496
35080010,Pluviométrica,Convencional,Boyacá,Zetaquirá,5.283,-73.1693,1720,6/15/1957,,Andes,Orinoco,Meta,Río Lengupá,1.57818186283112,1.9163635969162,2,2,0.829710125923157,0.960144937038422,1,1,1.04999995231628,2016,11,65,79,79,82.9499962329865,0,29.1905536651611,2016-11-01,60.2795257568359,38.0194931030273,48.2335052490234
35080010,Pluviométrica,Convencional,Boyacá,Zetaquirá,5.283,-73.1693,1720,6/15/1957,,Andes,Orinoco,Meta,Río Lengupá,1.57818186283112,1.9163635969162,2,2,0.829710125923157,0.960144937038422,1,1,1.04999995231628,2016,11,66,4,4,4.19999980926514,0,13.8818330764771,2016-11-01,23.153491973877,22.9899044036865,47.3418235778809
35080010,Pluviométrica,Convencional,Boyacá,Zetaquirá,5.283,-73.1693,1720,6/15/1957,,Andes,Orinoco,Meta,Río Lengupá,1.57818186283112,1.9163635969162,2,2,0.829710125923157,0.960144937038422,1,1,1.07000005245209,2016,12,67,27.5,27.5,29.4250014424324,0,8.19281482696533,2016-12-01,18.5119972229004,15.6472215652466,34.213565826416
35080010,Pluviométrica,Convencional,Boyacá,Zetaquirá,5.283,-73.1693,1720,6/15/1957,,Andes,Orinoco,Meta,Río Lengupá,1.57818186283112,1.9163635969162,2,2,0.829710125923157,0.960144937038422,1,1,1.07000005245209,2016,12,68,20.8,20.8,22.2560010910034,0,7.75442171096802,2016-12-01,15.9764404296875,17.4005641937256,25.3783187866211
35080010,Pluviométrica,Convencional,Boyacá,Zetaquirá,5.283,-73.1693,1720,6/15/1957,,Andes,Orinoco,Meta,Río Lengupá,1.57818186283112,1.9163635969162,2,2,0.829710125923157,0.960144937038422,1,1,1.07000005245209,2016,12,69,9.7,9.7,10.3790005087852,0,2.86853790283203,2016-12-01,2.95125102996826,2.70963406562805,4.15418100357056
35080010,Pluviométrica,Convencional,Boyacá,Zetaquirá,5.283,-73.1693,1720,6/15/1957,,Andes,Orinoco,Meta,Río Lengupá,1.57818186283112,1.9163635969162,2,2,0.829710125923157,0.960144937038422,1,1,1.07000005245209,2016,12,70,14,14,14.9800007343292,0,2.94227266311646,2016-12-01,2.25644111633301,3.58421349525452,3.63678979873657
35080010,Pluviométrica,Convencional,Boyacá,Zetaquirá,5.283,-73.1693,1720,6/15/1957,,Andes,Orinoco,Meta,Río Lengupá,1.57818186283112,1.9163635969162,2,2,0.829710125923157,0.960144937038422,1,1,1.07000005245209,2016,12,71,7.1,7.1,7.59700037240982,0,4.05877113342285,2016-12-01,4.60251712799072,7.70224523544312,7.07935333251953
35080010,Pluviométrica,Convencional,Boyacá,Zetaquirá,5.283,-73.1693,1720,6/15/1957,,Andes,Orinoco,Meta,Río Lengupá,1.57818186283112,1.9163635969162,2,2,0.829710125923157,0.960144937038422,1,1,1.07000005245209,2016,12,72,8,8,8.5600004196167,0,27.025426864624,2016-12-01,54.5127296447754,19.0344734191895,23.86549949646
35080010,Pluviométrica,Convencional,Boyacá,Zetaquirá,5.283,-73.1693,1720,6/15/1957,,Andes,Orinoco,Meta,Río Lengupá,1.57818186283112,1.9163635969162,2,2,0.829710125923157,0.960144937038422,1,1,1.07000005245209,2017,01,1,0,0,0,0,16.3269329071045,2017-01-01,26.1371402740479,7.00812101364136,12.8293962478638
35080010,Pluviométrica,Convencional,Boyacá,Zetaquirá,5.283,-73.1693,1720,6/15/1957,,Andes,Orinoco,Meta,Río Lengupá,1.57818186283112,1.9163635969162,2,2,0.829710125923157,0.960144937038422,1,1,1.07000005245209,2017,01,2,14.5,14.5,15.5150007605553,0,5.92672634124756,2017-01-01,2.34820914268494,11.9647922515869,9.12520217895508
35080010,Pluviométrica,Convencional,Boyacá,Zetaquirá,5.283,-73.1693,1720,6/15/1957,,Andes,Orinoco,Meta,Río Lengupá,1.57818186283112,1.9163635969162,2,2,0.829710125923157,0.960144937038422,1,1,1.07000005245209,2017,01,3,1.6,1.6,1.71200008392334,0,6.60328197479248,2017-01-01,2.33185815811157,5.75321483612061,4.53255462646484
35080010,Pluviométrica,Convencional,Boyacá,Zetaquirá,5.283,-73.1693,1720,6/15/1957,,Andes,Orinoco,Meta,Río Lengupá,1.57818186283112,1.9163635969162,2,2,0.829710125923157,0.960144937038422,1,1,1.07000005245209,2017,01,4,16.4,16.4,17.5480008602142,0,6.68221473693848,2017-01-01,2.45718812942505,15.5763692855835,13.5961103439331
35080010,Pluviométrica,Convencional,Boyacá,Zetaquirá,5.283,-73.1693,1720,6/15/1957,,Andes,Orinoco,Meta,Río Lengupá,1.57818186283112,1.9163635969162,2,2,0.829710125923157,0.960144937038422,1,1,1.07000005245209,2017,01,5,13.2,13.2,14.1240006923676,0,6.24303674697876,2017-01-01,1.64468801021576,9.84344387054443,5.58601379394531
35080010,Pluviométrica,Convencional,Boyacá,Zetaquirá,5.283,-73.1693,1720,6/15/1957,,Andes,Orinoco,Meta,Río Lengupá,1.57818186283112,1.9163635969162,2,2,0.829710125923157,0.960144937038422,1,1,1.07000005245209,2017,01,6,14,14,14.9800007343292,0,7.65738105773926,2017-01-01,2.55563187599182,13.9318199157715,10.2663888931274
35080010,Pluviométrica,Convencional,Boyacá,Zetaquirá,5.283,-73.1693,1720,6/15/1957,,Andes,Orinoco,Meta,Río Lengupá,1.57818186283112,1.9163635969162,2,2,0.829710125923157,0.960144937038422,1,1,1.08000004291534,2017,02,7,0,0,0,0,5.69211721420288,2017-02-01,0.972969055175781,3.02338576316834,0.790586590766907
35080010,Pluviométrica,Convencional,Boyacá,Zetaquirá,5.283,-73.1693,1720,6/15/1957,,Andes,Orinoco,Meta,Río Lengupá,1.57818186283112,1.9163635969162,2,2,0.829710125923157,0.960144937038422,1,1,1.08000004291534,2017,02,8,0,0,0,0,5.40966367721558,2017-02-01,1.62601017951965,3.17878007888794,1.42658579349518
35080010,Pluviométrica,Convencional,Boyacá,Zetaquirá,5.283,-73.1693,1720,6/15/1957,,Andes,Orinoco,Meta,Río Lengupá,1.57818186283112,1.9163635969162,2,2,0.829710125923157,0.960144937038422,1,1,1.08000004291534,2017,02,9,3.2,3.2,3.4560001373291,0,5.26832866668701,2017-02-01,1.00317966938019,9.26175403594971,3.3800892829895
35080010,Pluviométrica,Convencional,Boyacá,Zetaquirá,5.283,-73.1693,1720,6/15/1957,,Andes,Orinoco,Meta,Río Lengupá,1.57818186283112,1.9163635969162,2,2,0.829710125923157,0.960144937038422,1,1,1.08000004291534,2017,02,10,0,0,0,0,5.29232311248779,2017-02-01,0.486874550580978,3.64990639686584,0.737344622612
35080010,Pluviométrica,Convencional,Boyacá,Zetaquirá,5.283,-73.1693,1720,6/15/1957,,Andes,Orinoco,Meta,Río Lengupá,1.57818186283112,1.9163635969162,2,2,0.829710125923157,0.960144937038422,1,1,1.08000004291534,2017,02,11,1.5,1.5,1.62000006437302,0,23.7844276428223,2017-02-01,42.9820365905762,23.0194683074951,29.3268489837647
35080010,Pluviométrica,Convencional,Boyacá,Zetaquirá,5.283,-73.1693,1720,6/15/1957,,Andes,Orinoco,Meta,Río Lengupá,1.57818186283112,1.9163635969162,2,2,0.829710125923157,0.960144937038422,1,1,1.08000004291534,2017,02,12,0,0,0,0,2.11413717269897,2017-02-01,1.40506875514984,3.18070030212402,3.25376558303833
35080010,Pluviométrica,Convencional,Boyacá,Zetaquirá,5.283,-73.1693,1720,6/15/1957,,Andes,Orinoco,Meta,Río Lengupá,1.57818186283112,1.9163635969162,2,2,0.829710125923157,0.960144937038422,1,1,1.08000004291534,2017,03,13,8,8,8.64000034332275,0,4.68816423416138,2017-03-01,0.156695231795311,7.11869382858276,0.650746524333954
35080010,Pluviométrica,Convencional,Boyacá,Zetaquirá,5.283,-73.1693,1720,6/15/1957,,Andes,Orinoco,Meta,Río Lengupá,1.57818186283112,1.9163635969162,2,2,0.829710125923157,0.960144937038422,1,1,1.08000004291534,2017,03,14,7,7,7.56000030040741,0,4.65164804458618,2017-03-01,1.33307754993439,5.16016817092896,3.32497835159302
35080010,Pluviométrica,Convencional,Boyacá,Zetaquirá,5.283,-73.1693,1720,6/15/1957,,Andes,Orinoco,Meta,Río Lengupá,1.57818186283112,1.9163635969162,2,2,0.829710125923157,0.960144937038422,1,1,1.08000004291534,2017,03,15,27,27,29.1600011587143,0,10.4476461410522,2017-03-01,14.7352151870728,21.9074115753174,25.575382232666
35080010,Pluviométrica,Convencional,Boyacá,Zetaquirá,5.283,-73.1693,1720,6/15/1957,,Andes,Orinoco,Meta,Río Lengupá,1.57818186283112,1.9163635969162,2,2,0.829710125923157,0.960144937038422,1,1,1.08000004291534,2017,03,16,1,1,1.08000004291534,0,2.52002429962158,2017-03-01,0,3.1119749546051,0
35080010,Pluviométrica,Convencional,Boyacá,Zetaquirá,5.283,-73.1693,1720,6/15/1957,,Andes,Orinoco,Meta,Río Lengupá,1.57818186283112,1.9163635969162,2,2,0.829710125923157,0.960144937038422,1,1,1.08000004291534,2017,03,17,45.8,45.8,49.4640019655228,0,12.8061494827271,2017-03-01,23.3417110443115,33.9689445495605,48.3672790527344
35080010,Pluviométrica,Convencional,Boyacá,Zetaquirá,5.283,-73.1693,1720,6/15/1957,,Andes,Orinoco,Meta,Río Lengupá,1.57818186283112,1.9163635969162,2,2,0.829710125923157,0.960144937038422,1,1,1.08000004291534,2017,03,18,35.5,35.5,38.3400015234947,0,44.2821846008301,2017-03-01,66.4704818725586,50.8321990966797,61.6446342468262
35080010,Pluviométrica,Convencional,Boyacá,Zetaquirá,5.283,-73.1693,1720,6/15/1957,,Andes,Orinoco,Meta,Río Lengupá,1.57818186283112,1.9163635969162,2,2,0.829710125923157,0.960144937038422,1,1,1.05999994277954,2017,04,19,1,1,1.05999994277954,0,9.25344467163086,2017-04-01,4.91831684112549,6.94758081436157,5.43634605407715
35080010,Pluviométrica,Convencional,Boyacá,Zetaquirá,5.283,-73.1693,1720,6/15/1957,,Andes,Orinoco,Meta,Río Lengupá,1.57818186283112,1.9163635969162,2,2,0.829710125923157,0.960144937038422,1,1,1.05999994277954,2017,04,20,10.3,10.3,10.9179994106293,0,4.84028339385986,2017-04-01,0.177249118685722,4.85393571853638,0.556278169155121
35080010,Pluviométrica,Convencional,Boyacá,Zetaquirá,5.283,-73.1693,1720,6/15/1957,,Andes,Orinoco,Meta,Río Lengupá,1.57818186283112,1.9163635969162,2,2,0.829710125923157,0.960144937038422,1,1,1.05999994277954,2017,04,21,1,1,1.05999994277954,0,25.7900161743164,2017-04-01,29.6537380218506,16.0369968414307,18.0213298797607
35080010,Pluviométrica,Convencional,Boyacá,Zetaquirá,5.283,-73.1693,1720,6/15/1957,,Andes,Orinoco,Meta,Río Lengupá,1.57818186283112,1.9163635969162,2,2,0.829710125923157,0.960144937038422,1,1,1.05999994277954,2017,04,22,29,29,30.7399983406067,0,19.6108207702637,2017-04-01,21.9315319061279,29.6718559265137,37.0936241149902
35080010,Pluviométrica,Convencional,Boyacá,Zetaquirá,5.283,-73.1693,1720,6/15/1957,,Andes,Orinoco,Meta,Río Lengupá,1.57818186283112,1.9163635969162,2,2,0.829710125923157,0.960144937038422,1,1,1.05999994277954,2017,04,23,0.5,0.5,0.529999971389771,0,31.3089103698731,2017-04-01,42.3157768249512,15.3026609420776,20.3675003051758
35080010,Pluviométrica,Convencional,Boyacá,Zetaquirá,5.283,-73.1693,1720,6/15/1957,,Andes,Orinoco,Meta,Río Lengupá,1.57818186283112,1.9163635969162,2,2,0.829710125923157,0.960144937038422,1,1,1.05999994277954,2017,04,24,77.6,77.6,82.2559955596924,0,32.6794967651367,2017-04-01,43.2358627319336,36.8034744262695,38.6673126220703
35080010,Pluviométrica,Convencional,Boyacá,Zetaquirá,5.283,-73.1693,1720,6/15/1957,,Andes,Orinoco,Meta,Río Lengupá,1.57818186283112,1.9163635969162,2,2,0.829710125923157,0.960144937038422,1,1,1.04999995231628,2017,05,25,71.3,71.3,74.8649966001511,0,22.8649272918701,2017-05-01,27.8900337219238,52.4707221984863,67.2900238037109
35080010,Pluviométrica,Convencional,Boyacá,Zetaquirá,5.283,-73.1693,1720,6/15/1957,,Andes,Orinoco,Meta,Río Lengupá,1.57818186283112,1.9163635969162,2,2,0.829710125923157,0.960144937038422,1,1,1.04999995231628,2017,05,26,58.5,58.5,61.4249972105026,0,38.4861221313477,2017-05-01,63.4417114257813,47.9299468994141,63.5378265380859
35080010,Pluviométrica,Convencional,Boyacá,Zetaquirá,5.283,-73.1693,1720,6/15/1957,,Andes,Orinoco,Meta,Río Lengupá,1.57818186283112,1.9163635969162,2,2,0.829710125923157,0.960144937038422,1,1,1.04999995231628,2017,05,27,104,104,109.199995040894,0,47.0151329040527,2017-05-01,80.4075698852539,71.4137573242188,88.605842590332
35080010,Pluviométrica,Convencional,Boyacá,Zetaquirá,5.283,-73.1693,1720,6/15/1957,,Andes,Orinoco,Meta,Río Lengupá,1.57818186283112,1.9163635969162,2,2,0.829710125923157,0.960144937038422,1,1,1.04999995231628,2017,05,28,17,17,17.8499991893768,0,9.93113613128662,2017-05-01,4.8494143486023,13.4774379730225,13.3049726486206
35080010,Pluviométrica,Convencional,Boyacá,Zetaquirá,5.283,-73.1693,1720,6/15/1957,,Andes,Orinoco,Meta,Río Lengupá,1.57818186283112,1.9163635969162,2,2,0.829710125923157,0.960144937038422,1,1,1.04999995231628,2017,05,29,12.6,12.6,13.2299993991852,0,25.8981800079346,2017-05-01,43.3166198730469,20.0762901306152,28.9554634094238
35080010,Pluviométrica,Convencional,Boyacá,Zetaquirá,5.283,-73.1693,1720,6/15/1957,,Andes,Orinoco,Meta,Río Lengupá,1.57818186283112,1.9163635969162,2,2,0.829710125923157,0.960144937038422,1,1,1.04999995231628,2017,05,30,45,45,47.2499978542328,0,18.5262546539307,2017-05-01,12.3867712020874,24.5225105285645,34.3038635253906
35080010,Pluviométrica,Convencional,Boyacá,Zetaquirá,5.283,-73.1693,1720,6/15/1957,,Andes,Orinoco,Meta,Río Lengupá,1.57818186283112,1.9163635969162,2,2,0.829710125923157,0.960144937038422,1,1,1.04999995231628,2017,06,31,45.7,45.7,47.9849978208542,0,39.7849655151367,2017-06-01,52.3824653625488,44.7321968078613,46.6760482788086
35080010,Pluviométrica,Convencional,Boyacá,Zetaquirá,5.283,-73.1693,1720,6/15/1957,,Andes,Orinoco,Meta,Río Lengupá,1.57818186283112,1.9163635969162,2,2,0.829710125923157,0.960144937038422,1,1,1.04999995231628,2017,06,32,49,49,51.4499976634979,0,66.948127746582,2017-06-01,101.221145629883,63.3006896972656,73.0509338378906
35080010,Pluviométrica,Convencional,Boyacá,Zetaquirá,5.283,-73.1693,1720,6/15/1957,,Andes,Orinoco,Meta,Río Lengupá,1.57818186283112,1.9163635969162,2,2,0.829710125923157,0.960144937038422,1,1,1.04999995231628,2017,06,33,84.1,84.1,88.3049959897995,0,30.3027667999268,2017-06-01,38.9439926147461,74.5897750854492,82.7571563720703
35080010,Pluviométrica,Convencional,Boyacá,Zetaquirá,5.283,-73.1693,1720,6/15/1957,,Andes,Orinoco,Meta,Río Lengupá,1.57818186283112,1.9163635969162,2,2,0.829710125923157,0.960144937038422,1,1,1.04999995231628,2017,06,34,31,31,32.5499985218048,0,41.9966049194336,2017-06-01,65.2954559326172,43.647403717041,53.5955810546875
35080010,Pluviométrica,Convencional,Boyacá,Zetaquirá,5.283,-73.1693,1720,6/15/1957,,Andes,Orinoco,Meta,Río Lengupá,1.57818186283112,1.9163635969162,2,2,0.829710125923157,0.960144937038422,1,1,1.04999995231628,2017,06,35,7.3,7.3,7.66499965190887,0,49.4234237670899,2017-06-01,64.6878280639649,25.7504043579102,35.2685737609863
35080010,Pluviométrica,Convencional,Boyacá,Zetaquirá,5.283,-73.1693,1720,6/15/1957,,Andes,Orinoco,Meta,Río Lengupá,1.57818186283112,1.9163635969162,2,2,0.829710125923157,0.960144937038422,1,1,1.04999995231628,2017,06,36,43.3,43.3,45.4649979352951,0,43.2547950744629,2017-06-01,59.642993927002,42.687068939209,48.0454902648926
35080010,Pluviométrica,Convencional,Boyacá,Zetaquirá,5.283,-73.1693,1720,6/15/1957,,Andes,Orinoco,Meta,Río Lengupá,1.57818186283112,1.9163635969162,2,2,0.829710125923157,0.960144937038422,1,1,1.03999996185303,2017,07,37,53.7,53.7,55.8479979515076,0,24.5203971862793,2017-07-01,24.0620231628418,33.0492706298828,45.9040069580078
35080010,Pluviométrica,Convencional,Boyacá,Zetaquirá,5.283,-73.1693,1720,6/15/1957,,Andes,Orinoco,Meta,Río Lengupá,1.57818186283112,1.9163635969162,2,2,0.829710125923157,0.960144937038422,1,1,1.03999996185303,2017,07,38,62.2,62.2,64.6879976272583,0,19.1110229492188,2017-07-01,11.5031032562256,32.4954872131348,34.6666374206543
35080010,Pluviométrica,Convencional,Boyacá,Zetaquirá,5.283,-73.1693,1720,6/15/1957,,Andes,Orinoco,Meta,Río Lengupá,1.57818186283112,1.9163635969162,2,2,0.829710125923157,0.960144937038422,1,1,1.03999996185303,2017,07,39,52,52,54.0799980163574,0,21.5329608917236,2017-07-01,23.4918270111084,39.8032531738281,54.5759124755859
35080010,Pluviométrica,Convencional,Boyacá,Zetaquirá,5.283,-73.1693,1720,6/15/1957,,Andes,Orinoco,Meta,Río Lengupá,1.57818186283112,1.9163635969162,2,2,0.829710125923157,0.960144937038422,1,1,1.03999996185303,2017,07,40,48,48,49.9199981689453,0,37.795524597168,2017-07-01,47.9098815917969,45.0820350646973,52.6389808654785
35080010,Pluviométrica,Convencional,Boyacá,Zetaquirá,5.283,-73.1693,1720,6/15/1957,,Andes,Orinoco,Meta,Río Lengupá,1.57818186283112,1.9163635969162,2,2,0.829710125923157,0.960144937038422,1,1,1.03999996185303,2017,07,41,101.3,101.3,105.351996135712,0,15.1966466903687,2017-07-01,9.46170902252197,27.0685749053955,26.9370155334473
35080010,Pluviométrica,Convencional,Boyacá,Zetaquirá,5.283,-73.1693,1720,6/15/1957,,Andes,Orinoco,Meta,Río Lengupá,1.57818186283112,1.9163635969162,2,2,0.829710125923157,0.960144937038422,1,1,1.03999996185303,2017,07,42,69.6,69.6,72.3839973449707,0,20.70751953125,2017-07-01,9.8233642578125,29.9305763244629,27.2029476165772
35080010,Pluviométrica,Convencional,Boyacá,Zetaquirá,5.283,-73.1693,1720,6/15/1957,,Andes,Orinoco,Meta,Río Lengupá,1.57818186283112,1.9163635969162,2,2,0.829710125923157,0.960144937038422,1,1,1.05999994277954,2017,08,43,9.7,9.7,10.2819994449615,0,26.0827045440674,2017-08-01,27.0026931762695,23.3871841430664,29.1989212036133
35080010,Pluviométrica,Convencional,Boyacá,Zetaquirá,5.283,-73.1693,1720,6/15/1957,,Andes,Orinoco,Meta,Río Lengupá,1.57818186283112,1.9163635969162,2,2,0.829710125923157,0.960144937038422,1,1,1.05999994277954,2017,08,44,32.3,32.3,34.2379981517792,0,18.3563671112061,2017-08-01,4.50812482833862,16.4593257904053,17.1261615753174
35080010,Pluviométrica,Convencional,Boyacá,Zetaquirá,5.283,-73.1693,1720,6/15/1957,,Andes,Orinoco,Meta,Río Lengupá,1.57818186283112,1.9163635969162,2,2,0.829710125923157,0.960144937038422,1,1,1.05999994277954,2017,08,45,20.2,20.2,21.4119988441467,0,34.8099708557129,2017-08-01,41.3872413635254,31.2125282287598,30.8619823455811
35080010,Pluviométrica,Convencional,Boyacá,Zetaquirá,5.283,-73.1693,1720,6/15/1957,,Andes,Orinoco,Meta,Río Lengupá,1.57818186283112,1.9163635969162,2,2,0.829710125923157,0.960144937038422,1,1,1.05999994277954,2017,08,46,12,12,12.7199993133545,0,69.0068359375,2017-08-01,83.527229309082,61.8753128051758,50.9462852478027
35080010,Pluviométrica,Convencional,Boyacá,Zetaquirá,5.283,-73.1693,1720,6/15/1957,,Andes,Orinoco,Meta,Río Lengupá,1.57818186283112,1.9163635969162,2,2,0.829710125923157,0.960144937038422,1,1,1.05999994277954,2017,08,47,37.9,37.9,40.1739978313446,0,22.7759552001953,2017-08-01,14.3221845626831,20.4221706390381,33.6572151184082
35080010,Pluviométrica,Convencional,Boyacá,Zetaquirá,5.283,-73.1693,1720,6/15/1957,,Andes,Orinoco,Meta,Río Lengupá,1.57818186283112,1.9163635969162,2,2,0.829710125923157,0.960144937038422,1,1,1.05999994277954,2017,08,48,40.5,40.5,42.9299976825714,0,38.0027008056641,2017-08-01,24.8759288787842,34.0753059387207,36.4540748596191
35080010,Pluviométrica,Convencional,Boyacá,Zetaquirá,5.283,-73.1693,1720,6/15/1957,,Andes,Orinoco,Meta,Río Lengupá,1.57818186283112,1.9163635969162,2,2,0.829710125923157,0.960144937038422,1,1,1.05999994277954,2017,09,49,21.1,21.1,22.3659987926483,0,14.9629640579224,2017-09-01,18.791618347168,19.015043258667,31.3530654907227
35080010,Pluviométrica,Convencional,Boyacá,Zetaquirá,5.283,-73.1693,1720,6/15/1957,,Andes,Orinoco,Meta,Río Lengupá,1.57818186283112,1.9163635969162,2,2,0.829710125923157,0.960144937038422,1,1,1.05999994277954,2017,09,50,62,62,65.7199964523316,0,25.4729766845703,2017-09-01,34.7658882141113,31.3488216400147,33.2904434204102
35080010,Pluviométrica,Convencional,Boyacá,Zetaquirá,5.283,-73.1693,1720,6/15/1957,,Andes,Orinoco,Meta,Río Lengupá,1.57818186283112,1.9163635969162,2,2,0.829710125923157,0.960144937038422,1,1,1.05999994277954,2017,09,51,0,0,0,0,21.1190376281738,2017-09-01,24.5503082275391,16.7857894897461,18.3406639099121
35080010,Pluviométrica,Convencional,Boyacá,Zetaquirá,5.283,-73.1693,1720,6/15/1957,,Andes,Orinoco,Meta,Río Lengupá,1.57818186283112,1.9163635969162,2,2,0.829710125923157,0.960144937038422,1,1,1.05999994277954,2017,09,52,5.5,5.5,5.82999968528748,0,12.1845178604126,2017-09-01,9.91037654876709,9.66494274139404,10.9733438491821
35080010,Pluviométrica,Convencional,Boyacá,Zetaquirá,5.283,-73.1693,1720,6/15/1957,,Andes,Orinoco,Meta,Río Lengupá,1.57818186283112,1.9163635969162,2,2,0.829710125923157,0.960144937038422,1,1,1.05999994277954,2017,09,53,4.2,4.2,4.45199975967407,0,14.048830986023,2017-09-01,13.947304725647,12.1705484390259,19.6325874328613
35080010,Pluviométrica,Convencional,Boyacá,Zetaquirá,5.283,-73.1693,1720,6/15/1957,,Andes,Orinoco,Meta,Río Lengupá,1.57818186283112,1.9163635969162,2,2,0.829710125923157,0.960144937038422,1,1,1.05999994277954,2017,09,54,5.2,5.2,5.51199970245361,0,13.2841272354126,2017-09-01,13.8014268875122,14.4475049972534,18.8463096618652
35080010,Pluviométrica,Convencional,Boyacá,Zetaquirá,5.283,-73.1693,1720,6/15/1957,,Andes,Orinoco,Meta,Río Lengupá,1.57818186283112,1.9163635969162,2,2,0.829710125923157,0.960144937038422,1,1,1.04999995231628,2017,10,55,25.7,25.7,26.9849987745285,0,29.0941143035889,2017-10-01,40.8388824462891,32.3377876281738,47.0588226318359
35080010,Pluviométrica,Convencional,Boyacá,Zetaquirá,5.283,-73.1693,1720,6/15/1957,,Andes,Orinoco,Meta,Río Lengupá,1.57818186283112,1.9163635969162,2,2,0.829710125923157,0.960144937038422,1,1,1.04999995231628,2017,10,56,22.5,22.5,23.6249989271164,0,20.7081069946289,2017-10-01,20.8798828125,14.8265981674194,14.8064756393433
35080010,Pluviométrica,Convencional,Boyacá,Zetaquirá,5.283,-73.1693,1720,6/15/1957,,Andes,Orinoco,Meta,Río Lengupá,1.57818186283112,1.9163635969162,2,2,0.829710125923157,0.960144937038422,1,1,1.04999995231628,2017,10,57,21.5,21.5,22.5749989748001,0,23.3493366241455,2017-10-01,29.5969696044922,19.6711769104004,24.9142513275147
35080010,Pluviométrica,Convencional,Boyacá,Zetaquirá,5.283,-73.1693,1720,6/15/1957,,Andes,Orinoco,Meta,Río Lengupá,1.57818186283112,1.9163635969162,2,2,0.829710125923157,0.960144937038422,1,1,1.04999995231628,2017,10,58,24.9,24.9,26.1449988126755,0,10.6466054916382,2017-10-01,4.53912878036499,14.4071292877197,12.2064743041992
35080010,Pluviométrica,Convencional,Boyacá,Zetaquirá,5.283,-73.1693,1720,6/15/1957,,Andes,Orinoco,Meta,Río Lengupá,1.57818186283112,1.9163635969162,2,2,0.829710125923157,0.960144937038422,1,1,1.04999995231628,2017,10,59,10.5,10.5,11.024999499321,0,30.3064613342285,2017-10-01,43.7327423095703,12.303807258606,15.7672185897827
35080010,Pluviométrica,Convencional,Boyacá,Zetaquirá,5.283,-73.1693,1720,6/15/1957,,Andes,Orinoco,Meta,Río Lengupá,1.57818186283112,1.9163635969162,2,2,0.829710125923157,0.960144937038422,1,1,1.04999995231628,2017,10,60,64.1,64.1,67.3049969434738,0,39.9868392944336,2017-10-01,50.3486022949219,39.0576858520508,46.7406425476074
35080010,Pluviométrica,Convencional,Boyacá,Zetaquirá,5.283,-73.1693,1720,6/15/1957,,Andes,Orinoco,Meta,Río Lengupá,1.57818186283112,1.9163635969162,2,2,0.829710125923157,0.960144937038422,1,1,1.04999995231628,2017,11,61,31.2,31.2,32.7599985122681,0,24.5653553009033,2017-11-01,49.6678848266602,27.8164215087891,47.7248077392578
35080010,Pluviométrica,Convencional,Boyacá,Zetaquirá,5.283,-73.1693,1720,6/15/1957,,Andes,Orinoco,Meta,Río Lengupá,1.57818186283112,1.9163635969162,2,2,0.829710125923157,0.960144937038422,1,1,1.04999995231628,2017,11,62,4.5,4.5,4.72499978542328,0,5.28839778900147,2017-11-01,1.05746984481812,8.11826324462891,4.13090896606445
35080010,Pluviométrica,Convencional,Boyacá,Zetaquirá,5.283,-73.1693,1720,6/15/1957,,Andes,Orinoco,Meta,Río Lengupá,1.57818186283112,1.9163635969162,2,2,0.829710125923157,0.960144937038422,1,1,1.04999995231628,2017,11,63,14,14,14.699999332428,0,15.1498718261719,2017-11-01,24.243953704834,10.5256948471069,21.8559875488281
35080010,Pluviométrica,Convencional,Boyacá,Zetaquirá,5.283,-73.1693,1720,6/15/1957,,Andes,Orinoco,Meta,Río Lengupá,1.57818186283112,1.9163635969162,2,2,0.829710125923157,0.960144937038422,1,1,1.04999995231628,2017,11,64,4.7,4.7,4.93499977588654,0,7.12946462631226,2017-11-01,5.03637647628784,9.05232810974121,9.35222339630127
35080010,Pluviométrica,Convencional,Boyacá,Zetaquirá,5.283,-73.1693,1720,6/15/1957,,Andes,Orinoco,Meta,Río Lengupá,1.57818186283112,1.9163635969162,2,2,0.829710125923157,0.960144937038422,1,1,1.04999995231628,2017,11,65,49,49,51.4499976634979,0,18.078800201416,2017-11-01,28.9652118682861,27.0770511627197,33.6930465698242
35080010,Pluviométrica,Convencional,Boyacá,Zetaquirá,5.283,-73.1693,1720,6/15/1957,,Andes,Orinoco,Meta,Río Lengupá,1.57818186283112,1.9163635969162,2,2,0.829710125923157,0.960144937038422,1,1,1.04999995231628,2017,11,66,10.8,10.8,11.3399994850159,0,10.4169149398804,2017-11-01,13.395149230957,7.6372184753418,18.1534671783447
35080010,Pluviométrica,Convencional,Boyacá,Zetaquirá,5.283,-73.1693,1720,6/15/1957,,Andes,Orinoco,Meta,Río Lengupá,1.57818186283112,1.9163635969162,2,2,0.829710125923157,0.960144937038422,1,1,1.07000005245209,2017,12,67,17,17,18.1900008916855,0,3.53580260276794,2017-12-01,2.16043901443481,5.74359130859375,6.27562570571899
35080010,Pluviométrica,Convencional,Boyacá,Zetaquirá,5.283,-73.1693,1720,6/15/1957,,Andes,Orinoco,Meta,Río Lengupá,1.57818186283112,1.9163635969162,2,2,0.829710125923157,0.960144937038422,1,1,1.07000005245209,2017,12,68,0,0,0,0,3.0952570438385,2017-12-01,1.77139663696289,3.38217616081238,2.97560214996338
35080010,Pluviométrica,Convencional,Boyacá,Zetaquirá,5.283,-73.1693,1720,6/15/1957,,Andes,Orinoco,Meta,Río Lengupá,1.57818186283112,1.9163635969162,2,2,0.829710125923157,0.960144937038422,1,1,1.07000005245209,2017,12,69,1.1,1.1,1.1770000576973,0,4.48774814605713,2017-12-01,9.56942462921143,5.087815284729,14.9560470581055
35080010,Pluviométrica,Convencional,Boyacá,Zetaquirá,5.283,-73.1693,1720,6/15/1957,,Andes,Orinoco,Meta,Río Lengupá,1.57818186283112,1.9163635969162,2,2,0.829710125923157,0.960144937038422,1,1,1.07000005245209,2017,12,70,0,0,0,0,2.94227266311646,2017-12-01,2.25644111633301,1.71799278259277,1.9547073841095
35080010,Pluviométrica,Convencional,Boyacá,Zetaquirá,5.283,-73.1693,1720,6/15/1957,,Andes,Orinoco,Meta,Río Lengupá,1.57818186283112,1.9163635969162,2,2,0.829710125923157,0.960144937038422,1,1,1.07000005245209,2017,12,71,0,0,0,0,3.4160213470459,2017-12-01,2.37028241157532,2.7821090221405,2.43396353721619
35080010,Pluviométrica,Convencional,Boyacá,Zetaquirá,5.283,-73.1693,1720,6/15/1957,,Andes,Orinoco,Meta,Río Lengupá,1.57818186283112,1.9163635969162,2,2,0.829710125923157,0.960144937038422,1,1,1.07000005245209,2017,12,72,8.7,8.7,9.30900045633316,0,5.89884471893311,2017-12-01,3.41814112663269,10.8151016235352,13.8908023834229
35080010,Pluviométrica,Convencional,Boyacá,Zetaquirá,5.283,-73.1693,1720,6/15/1957,,Andes,Orinoco,Meta,Río Lengupá,1.57818186283112,1.9163635969162,2,2,0.829710125923157,0.960144937038422,1,1,1.07000005245209,2018,01,1,45,5.5,5.88500028848648,1,9.87917804718018,2018-01-01,11.682222366333,14.611328125,20.3313770294189
35080010,Pluviométrica,Convencional,Boyacá,Zetaquirá,5.283,-73.1693,1720,6/15/1957,,Andes,Orinoco,Meta,Río Lengupá,1.57818186283112,1.9163635969162,2,2,0.829710125923157,0.960144937038422,1,1,1.07000005245209,2018,01,2,5.2,5.2,5.56400027275086,0,5.92672634124756,2018-01-01,2.34820914268494,7.72111701965332,5.72368097305298
35080010,Pluviométrica,Convencional,Boyacá,Zetaquirá,5.283,-73.1693,1720,6/15/1957,,Andes,Orinoco,Meta,Río Lengupá,1.57818186283112,1.9163635969162,2,2,0.829710125923157,0.960144937038422,1,1,1.07000005245209,2018,01,3,4.7,4.7,5.02900024652481,0,6.60328197479248,2018-01-01,2.33185815811157,6.65295028686523,4.32528972625732
35080010,Pluviométrica,Convencional,Boyacá,Zetaquirá,5.283,-73.1693,1720,6/15/1957,,Andes,Orinoco,Meta,Río Lengupá,1.57818186283112,1.9163635969162,2,2,0.829710125923157,0.960144937038422,1,1,1.07000005245209,2018,01,4,34.5,34.5,36.915001809597,0,16.104320526123,2018-01-01,12.9603538513184,32.6743774414063,29.9210453033447
35080010,Pluviométrica,Convencional,Boyacá,Zetaquirá,5.283,-73.1693,1720,6/15/1957,,Andes,Orinoco,Meta,Río Lengupá,1.57818186283112,1.9163635969162,2,2,0.829710125923157,0.960144937038422,1,1,1.07000005245209,2018,01,5,2.5,2.5,2.67500013113022,0,6.24303674697876,2018-01-01,1.64468801021576,4.28537607192993,1.64653372764587
35080010,Pluviométrica,Convencional,Boyacá,Zetaquirá,5.283,-73.1693,1720,6/15/1957,,Andes,Orinoco,Meta,Río Lengupá,1.57818186283112,1.9163635969162,2,2,0.829710125923157,0.960144937038422,1,1,1.07000005245209,2018,01,6,0,0,0,0,11.4094982147217,2018-01-01,2.55563187599182,4.96758604049683,1.14063501358032
35080010,Pluviométrica,Convencional,Boyacá,Zetaquirá,5.283,-73.1693,1720,6/15/1957,,Andes,Orinoco,Meta,Río Lengupá,1.57818186283112,1.9163635969162,2,2,0.829710125923157,0.960144937038422,1,1,1.08000004291534,2018,02,7,11,11,11.8800004720688,0,5.69211721420288,2018-02-01,0.972969055175781,5.2287335395813,1.68278980255127
35080010,Pluviométrica,Convencional,Boyacá,Zetaquirá,5.283,-73.1693,1720,6/15/1957,,Andes,Orinoco,Meta,Río Lengupá,1.57818186283112,1.9163635969162,2,2,0.829710125923157,0.960144937038422,1,1,1.08000004291534,2018,02,8,0,0,0,0,5.40966367721558,2018-02-01,1.62601017951965,2.72517251968384,1.14807891845703
35080010,Pluviométrica,Convencional,Boyacá,Zetaquirá,5.283,-73.1693,1720,6/15/1957,,Andes,Orinoco,Meta,Río Lengupá,1.57818186283112,1.9163635969162,2,2,0.829710125923157,0.960144937038422,1,1,1.08000004291534,2018,02,9,0,0,0,0,5.26832866668701,2018-02-01,1.00317966938019,2.71567845344543,0.743921518325806
35080010,Pluviométrica,Convencional,Boyacá,Zetaquirá,5.283,-73.1693,1720,6/15/1957,,Andes,Orinoco,Meta,Río Lengupá,1.57818186283112,1.9163635969162,2,2,0.829710125923157,0.960144937038422,1,1,1.08000004291534,2018,02,10,0.5,0.5,0.540000021457672,0,5.29232311248779,2018-02-01,0.486874550580978,3.12673878669739,0.490440160036087
35080010,Pluviométrica,Convencional,Boyacá,Zetaquirá,5.283,-73.1693,1720,6/15/1957,,Andes,Orinoco,Meta,Río Lengupá,1.57818186283112,1.9163635969162,2,2,0.829710125923157,0.960144937038422,1,1,1.08000004291534,2018,02,11,8,8,8.64000034332275,0,5.21465301513672,2018-02-01,1.12841987609863,7.12048006057739,3.25084924697876
35080010,Pluviométrica,Convencional,Boyacá,Zetaquirá,5.283,-73.1693,1720,6/15/1957,,Andes,Orinoco,Meta,Río Lengupá,1.57818186283112,1.9163635969162,2,2,0.829710125923157,0.960144937038422,1,1,1.08000004291534,2018,02,12,0,0,0,0,2.11413717269897,2018-02-01,1.40506875514984,2.82858037948608,2.04193234443665
35080010,Pluviométrica,Convencional,Boyacá,Zetaquirá,5.283,-73.1693,1720,6/15/1957,,Andes,Orinoco,Meta,Río Lengupá,1.57818186283112,1.9163635969162,2,2,0.829710125923157,0.960144937038422,1,1,1.08000004291534,2018,03,13,22,22,23.7600009441376,0,5.42525434494019,2018-03-01,3.25691342353821,10.4505395889282,9.89693737030029
35080010,Pluviométrica,Convencional,Boyacá,Zetaquirá,5.283,-73.1693,1720,6/15/1957,,Andes,Orinoco,Meta,Río Lengupá,1.57818186283112,1.9163635969162,2,2,0.829710125923157,0.960144937038422,1,1,1.08000004291534,2018,03,14,16.8,16.8,18.1440007209778,0,8.44356060028076,2018-03-01,9.70644187927246,13.1102695465088,17.0336017608643
35080010,Pluviométrica,Convencional,Boyacá,Zetaquirá,5.283,-73.1693,1720,6/15/1957,,Andes,Orinoco,Meta,Río Lengupá,1.57818186283112,1.9163635969162,2,2,0.829710125923157,0.960144937038422,1,1,1.08000004291534,2018,03,15,0,0,0,0,2.89267539978027,2018-03-01,0,1.72128283977509,0
35080010,Pluviométrica,Convencional,Boyacá,Zetaquirá,5.283,-73.1693,1720,6/15/1957,,Andes,Orinoco,Meta,Río Lengupá,1.57818186283112,1.9163635969162,2,2,0.829710125923157,0.960144937038422,1,1,1.08000004291534,2018,03,16,1.5,1.5,1.62000006437302,0,2.52002429962158,2018-03-01,0,2.70580434799194,0
35080010,Pluviométrica,Convencional,Boyacá,Zetaquirá,5.283,-73.1693,1720,6/15/1957,,Andes,Orinoco,Meta,Río Lengupá,1.57818186283112,1.9163635969162,2,2,0.829710125923157,0.960144937038422,1,1,1.08000004291534,2018,03,17,9,9,9.7200003862381,0,7.38753986358643,2018-03-01,8.40738105773926,10.1456632614136,10.1240549087524
35080010,Pluviométrica,Convencional,Boyacá,Zetaquirá,5.283,-73.1693,1720,6/15/1957,,Andes,Orinoco,Meta,Río Lengupá,1.57818186283112,1.9163635969162,2,2,0.829710125923157,0.960144937038422,1,1,1.08000004291534,2018,03,18,23,23,24.8400009870529,0,21.5714740753174,2018-03-01,27.4966907501221,40.2977905273438,42.7431564331055
35080010,Pluviométrica,Convencional,Boyacá,Zetaquirá,5.283,-73.1693,1720,6/15/1957,,Andes,Orinoco,Meta,Río Lengupá,1.57818186283112,1.9163635969162,2,2,0.829710125923157,0.960144937038422,1,1,1.05999994277954,2018,04,19,81.3,81.3,86.1779953479767,0,33.8339385986328,2018-04-01,40.0700721740723,53.6733283996582,61.1993598937988
35080010,Pluviométrica,Convencional,Boyacá,Zetaquirá,5.283,-73.1693,1720,6/15/1957,,Andes,Orinoco,Meta,Río Lengupá,1.57818186283112,1.9163635969162,2,2,0.829710125923157,0.960144937038422,1,1,1.05999994277954,2018,04,20,41.7,41.7,44.2019976139069,0,12.044810295105,2018-04-01,11.0119180679321,22.0856418609619,27.4091014862061
35080010,Pluviométrica,Convencional,Boyacá,Zetaquirá,5.283,-73.1693,1720,6/15/1957,,Andes,Orinoco,Meta,Río Lengupá,1.57818186283112,1.9163635969162,2,2,0.829710125923157,0.960144937038422,1,1,1.05999994277954,2018,04,21,37.5,37.5,39.7499978542328,0,13.7185087203979,2018-04-01,11.5490894317627,28.0297756195068,33.8113212585449
35080010,Pluviométrica,Convencional,Boyacá,Zetaquirá,5.283,-73.1693,1720,6/15/1957,,Andes,Orinoco,Meta,Río Lengupá,1.57818186283112,1.9163635969162,2,2,0.829710125923157,0.960144937038422,1,1,1.05999994277954,2018,04,22,19.5,19.5,20.6699988842011,0,16.3745384216309,2018-04-01,15.5232229232788,18.1356887817383,21.3638896942139
35080010,Pluviométrica,Convencional,Boyacá,Zetaquirá,5.283,-73.1693,1720,6/15/1957,,Andes,Orinoco,Meta,Río Lengupá,1.57818186283112,1.9163635969162,2,2,0.829710125923157,0.960144937038422,1,1,1.05999994277954,2018,04,23,61.9,61.9,65.6139964580536,0,11.4769983291626,2018-04-01,9.89893531799316,23.5895748138428,29.135124206543
35080010,Pluviométrica,Convencional,Boyacá,Zetaquirá,5.283,-73.1693,1720,6/15/1957,,Andes,Orinoco,Meta,Río Lengupá,1.57818186283112,1.9163635969162,2,2,0.829710125923157,0.960144937038422,1,1,1.05999994277954,2018,04,24,14.5,14.5,15.3699991703033,0,28.6987152099609,2018-04-01,35.298469543457,25.2834796905518,30.2880420684815
35080010,Pluviométrica,Convencional,Boyacá,Zetaquirá,5.283,-73.1693,1720,6/15/1957,,Andes,Orinoco,Meta,Río Lengupá,1.57818186283112,1.9163635969162,2,2,0.829710125923157,0.960144937038422,1,1,1.04999995231628,2018,05,25,48.5,8,8.39999961853027,1,32.5222091674805,2018-05-01,46.3596343994141,45.1220474243164,50.6900787353516
35080010,Pluviométrica,Convencional,Boyacá,Zetaquirá,5.283,-73.1693,1720,6/15/1957,,Andes,Orinoco,Meta,Río Lengupá,1.57818186283112,1.9163635969162,2,2,0.829710125923157,0.960144937038422,1,1,1.04999995231628,2018,05,26,57,57,59.8499972820282,0,23.3279151916504,2018-05-01,32.3598175048828,32.3656730651856,75.6669235229492
35080010,Pluviométrica,Convencional,Boyacá,Zetaquirá,5.283,-73.1693,1720,6/15/1957,,Andes,Orinoco,Meta,Río Lengupá,1.57818186283112,1.9163635969162,2,2,0.829710125923157,0.960144937038422,1,1,1.04999995231628,2018,05,27,14,14,14.699999332428,0,20.8037719726563,2018-05-01,25.0832862854004,28.8636207580566,36.3879318237305
35080010,Pluviométrica,Convencional,Boyacá,Zetaquirá,5.283,-73.1693,1720,6/15/1957,,Andes,Orinoco,Meta,Río Lengupá,1.57818186283112,1.9163635969162,2,2,0.829710125923157,0.960144937038422,1,1,1.04999995231628,2018,05,28,3.2,3.2,3.35999984741211,0,17.1384468078613,2018-05-01,21.6312789916992,23.7782649993897,20.2685737609863
35080010,Pluviométrica,Convencional,Boyacá,Zetaquirá,5.283,-73.1693,1720,6/15/1957,,Andes,Orinoco,Meta,Río Lengupá,1.57818186283112,1.9163635969162,2,2,0.829710125923157,0.960144937038422,1,1,1.04999995231628,2018,05,29,34.6,34.6,36.3299983501434,0,15.0406970977783,2018-05-01,17.9690818786621,20.8677997589111,48.0494651794434
35080010,Pluviométrica,Convencional,Boyacá,Zetaquirá,5.283,-73.1693,1720,6/15/1957,,Andes,Orinoco,Meta,Río Lengupá,1.57818186283112,1.9163635969162,2,2,0.829710125923157,0.960144937038422,1,1,1.04999995231628,2018,05,30,63.7,63.7,66.8849969625473,0,31.7067241668701,2018-05-01,40.1257705688477,43.9906158447266,44.3018951416016
35080010,Pluviométrica,Convencional,Boyacá,Zetaquirá,5.283,-73.1693,1720,6/15/1957,,Andes,Orinoco,Meta,Río Lengupá,1.57818186283112,1.9163635969162,2,2,0.829710125923157,0.960144937038422,1,1,1.04999995231628,2018,06,31,56.6,56.6,59.4299973011017,0,51.0768623352051,2018-06-01,73.951904296875,63.7442054748535,77.4508819580078
35080010,Pluviométrica,Convencional,Boyacá,Zetaquirá,5.283,-73.1693,1720,6/15/1957,,Andes,Orinoco,Meta,Río Lengupá,1.57818186283112,1.9163635969162,2,2,0.829710125923157,0.960144937038422,1,1,1.04999995231628,2018,06,32,17.1,17.1,17.9549991846085,0,19.1578769683838,2018-06-01,14.3971252441406,24.9886093139648,35.9696998596191
35080010,Pluviométrica,Convencional,Boyacá,Zetaquirá,5.283,-73.1693,1720,6/15/1957,,Andes,Orinoco,Meta,Río Lengupá,1.57818186283112,1.9163635969162,2,2,0.829710125923157,0.960144937038422,1,1,1.04999995231628,2018,06,33,31.4,31.4,32.9699985027313,0,46.6581687927246,2018-06-01,65.4176177978516,40.515625,51.7886848449707
35080010,Pluviométrica,Convencional,Boyacá,Zetaquirá,5.283,-73.1693,1720,6/15/1957,,Andes,Orinoco,Meta,Río Lengupá,1.57818186283112,1.9163635969162,2,2,0.829710125923157,0.960144937038422,1,1,1.04999995231628,2018,06,34,65.9,65.9,69.1949968576431,0,19.0109157562256,2018-06-01,12.7551498413086,44.3897323608398,41.6970710754395
35080010,Pluviométrica,Convencional,Boyacá,Zetaquirá,5.283,-73.1693,1720,6/15/1957,,Andes,Orinoco,Meta,Río Lengupá,1.57818186283112,1.9163635969162,2,2,0.829710125923157,0.960144937038422,1,1,1.04999995231628,2018,06,35,45.8,45.8,48.0899978160858,0,41.7568855285645,2018-06-01,58.6085510253906,42.224853515625,53.6247749328613
35080010,Pluviométrica,Convencional,Boyacá,Zetaquirá,5.283,-73.1693,1720,6/15/1957,,Andes,Orinoco,Meta,Río Lengupá,1.57818186283112,1.9163635969162,2,2,0.829710125923157,0.960144937038422,1,1,1.04999995231628,2018,06,36,12.5,12.5,13.1249994039536,0,41.6059417724609,2018-06-01,56.430061340332,30.8400096893311,45.6901359558106
35080010,Pluviométrica,Convencional,Boyacá,Zetaquirá,5.283,-73.1693,1720,6/15/1957,,Andes,Orinoco,Meta,Río Lengupá,1.57818186283112,1.9163635969162,2,2,0.829710125923157,0.960144937038422,1,1,1.03999996185303,2018,07,37,62.5,62.5,64.9999976158142,0,47.6570930480957,2018-07-01,56.4176635742188,42.6692428588867,48.7528457641602
35080010,Pluviométrica,Convencional,Boyacá,Zetaquirá,5.283,-73.1693,1720,6/15/1957,,Andes,Orinoco,Meta,Río Lengupá,1.57818186283112,1.9163635969162,2,2,0.829710125923157,0.960144937038422,1,1,1.03999996185303,2018,07,38,77.7,77.7,80.8079970359802,0,43.3919830322266,2018-07-01,48.8962059020996,57.2856330871582,56.1731300354004
35080010,Pluviométrica,Convencional,Boyacá,Zetaquirá,5.283,-73.1693,1720,6/15/1957,,Andes,Orinoco,Meta,Río Lengupá,1.57818186283112,1.9163635969162,2,2,0.829710125923157,0.960144937038422,1,1,1.03999996185303,2018,07,39,42.4,42.4,44.0959983825684,0,14.8442277908325,2018-07-01,12.9246072769165,27.8871383666992,27.4248924255371
35080010,Pluviométrica,Convencional,Boyacá,Zetaquirá,5.283,-73.1693,1720,6/15/1957,,Andes,Orinoco,Meta,Río Lengupá,1.57818186283112,1.9163635969162,2,2,0.829710125923157,0.960144937038422,1,1,1.03999996185303,2018,07,40,34.3,34.3,35.6719986915588,0,17.3751564025879,2018-07-01,12.3931045532227,21.3251037597656,22.4661426544189
35080010,Pluviométrica,Convencional,Boyacá,Zetaquirá,5.283,-73.1693,1720,6/15/1957,,Andes,Orinoco,Meta,Río Lengupá,1.57818186283112,1.9163635969162,2,2,0.829710125923157,0.960144937038422,1,1,1.03999996185303,2018,07,41,39.8,39.8,41.3919984817505,0,31.174222946167,2018-07-01,34.5487747192383,55.0463104248047,64.791877746582
35080010,Pluviométrica,Convencional,Boyacá,Zetaquirá,5.283,-73.1693,1720,6/15/1957,,Andes,Orinoco,Meta,Río Lengupá,1.57818186283112,1.9163635969162,2,2,0.829710125923157,0.960144937038422,1,1,1.03999996185303,2018,07,42,27.9,27.9,29.0159989356995,0,44.5606117248535,2018-07-01,45.1715698242188,45.1344680786133,45.8974685668945
35080010,Pluviométrica,Convencional,Boyacá,Zetaquirá,5.283,-73.1693,1720,6/15/1957,,Andes,Orinoco,Meta,Río Lengupá,1.57818186283112,1.9163635969162,2,2,0.829710125923157,0.960144937038422,1,1,1.05999994277954,2018,08,43,20.5,20.5,21.7299988269806,0,39.7375793457031,2018-08-01,54.263916015625,36.4621124267578,42.7443923950195
35080010,Pluviométrica,Convencional,Boyacá,Zetaquirá,5.283,-73.1693,1720,6/15/1957,,Andes,Orinoco,Meta,Río Lengupá,1.57818186283112,1.9163635969162,2,2,0.829710125923157,0.960144937038422,1,1,1.05999994277954,2018,08,44,22.4,22.4,23.7439987182617,0,37.882495880127,2018-08-01,40.4677352905274,35.3728332519531,38.1536483764648
35080010,Pluviométrica,Convencional,Boyacá,Zetaquirá,5.283,-73.1693,1720,6/15/1957,,Andes,Orinoco,Meta,Río Lengupá,1.57818186283112,1.9163635969162,2,2,0.829710125923157,0.960144937038422,1,1,1.05999994277954,2018,08,45,18.5,18.5,19.6099989414215,0,28.5607376098633,2018-08-01,29.5826435089111,41.1693077087402,41.7553863525391
35080010,Pluviométrica,Convencional,Boyacá,Zetaquirá,5.283,-73.1693,1720,6/15/1957,,Andes,Orinoco,Meta,Río Lengupá,1.57818186283112,1.9163635969162,2,2,0.829710125923157,0.960144937038422,1,1,1.05999994277954,2018,08,46,29.3,29.3,31.0579983234406,0,34.7176208496094,2018-08-01,40.1166839599609,42.1356811523438,54.7740287780762
35080010,Pluviométrica,Convencional,Boyacá,Zetaquirá,5.283,-73.1693,1720,6/15/1957,,Andes,Orinoco,Meta,Río Lengupá,1.57818186283112,1.9163635969162,2,2,0.829710125923157,0.960144937038422,1,1,1.05999994277954,2018,08,47,30.8,30.8,32.6479982376099,0,43.6424598693848,2018-08-01,55.0989837646484,35.596248626709,44.643482208252
35080010,Pluviométrica,Convencional,Boyacá,Zetaquirá,5.283,-73.1693,1720,6/15/1957,,Andes,Orinoco,Meta,Río Lengupá,1.57818186283112,1.9163635969162,2,2,0.829710125923157,0.960144937038422,1,1,1.05999994277954,2018,08,48,3.2,3.2,3.39199981689453,0,28.1424217224121,2018-08-01,13.6039085388184,28.3975162506104,20.5649394989014
35080010,Pluviométrica,Convencional,Boyacá,Zetaquirá,5.283,-73.1693,1720,6/15/1957,,Andes,Orinoco,Meta,Río Lengupá,1.57818186283112,1.9163635969162,2,2,0.829710125923157,0.960144937038422,1,1,1.05999994277954,2018,09,49,8.7,8.7,9.22199950218201,0,9.85090827941895,2018-09-01,8.0604944229126,13.6035251617432,13.8538799285889
35080010,Pluviométrica,Convencional,Boyacá,Zetaquirá,5.283,-73.1693,1720,6/15/1957,,Andes,Orinoco,Meta,Río Lengupá,1.57818186283112,1.9163635969162,2,2,0.829710125923157,0.960144937038422,1,1,1.05999994277954,2018,09,50,20.5,20.5,21.7299988269806,0,7.07523393630981,2018-09-01,0.983569145202637,13.7494335174561,4.11747264862061
35080010,Pluviométrica,Convencional,Boyacá,Zetaquirá,5.283,-73.1693,1720,6/15/1957,,Andes,Orinoco,Meta,Río Lengupá,1.57818186283112,1.9163635969162,2,2,0.829710125923157,0.960144937038422,1,1,1.05999994277954,2018,09,51,16,16,16.9599990844727,0,25.3956317901611,2018-09-01,30.7478446960449,17.3346900939941,23.3664054870606
35080010,Pluviométrica,Convencional,Boyacá,Zetaquirá,5.283,-73.1693,1720,6/15/1957,,Andes,Orinoco,Meta,Río Lengupá,1.57818186283112,1.9163635969162,2,2,0.829710125923157,0.960144937038422,1,1,1.05999994277954,2018,09,52,13,13,13.779999256134,0,15.5019693374634,2018-09-01,12.9193620681763,10.8958778381348,13.3213405609131
35080010,Pluviométrica,Convencional,Boyacá,Zetaquirá,5.283,-73.1693,1720,6/15/1957,,Andes,Orinoco,Meta,Río Lengupá,1.57818186283112,1.9163635969162,2,2,0.829710125923157,0.960144937038422,1,1,1.05999994277954,2018,09,53,13.2,13.2,13.9919992446899,0,19.6075611114502,2018-09-01,24.2793102264404,21.1229438781738,23.7965927124023
35080010,Pluviométrica,Convencional,Boyacá,Zetaquirá,5.283,-73.1693,1720,6/15/1957,,Andes,Orinoco,Meta,Río Lengupá,1.57818186283112,1.9163635969162,2,2,0.829710125923157,0.960144937038422,1,1,1.05999994277954,2018,09,54,14.2,14.2,15.0519991874695,0,22.038646697998,2018-09-01,28.8917636871338,23.6516876220703,30.6736965179443
35080010,Pluviométrica,Convencional,Boyacá,Zetaquirá,5.283,-73.1693,1720,6/15/1957,,Andes,Orinoco,Meta,Río Lengupá,1.57818186283112,1.9163635969162,2,2,0.829710125923157,0.960144937038422,1,1,1.04999995231628,2018,10,55,26,26,27.2999987602234,0,24.4634685516357,2018-10-01,28.6689853668213,27.6814727783203,34.3115653991699
35080010,Pluviométrica,Convencional,Boyacá,Zetaquirá,5.283,-73.1693,1720,6/15/1957,,Andes,Orinoco,Meta,Río Lengupá,1.57818186283112,1.9163635969162,2,2,0.829710125923157,0.960144937038422,1,1,1.04999995231628,2018,10,56,50,0,0,1,21.4557514190674,2018-10-01,23.8576068878174,24.2781105041504,48.2221450805664
35080010,Pluviométrica,Convencional,Boyacá,Zetaquirá,5.283,-73.1693,1720,6/15/1957,,Andes,Orinoco,Meta,Río Lengupá,1.57818186283112,1.9163635969162,2,2,0.829710125923157,0.960144937038422,1,1,1.04999995231628,2018,10,57,31,31,32.5499985218048,0,26.9198188781738,2018-10-01,34.0241775512695,30.4609375,32.3226051330566
35080010,Pluviométrica,Convencional,Boyacá,Zetaquirá,5.283,-73.1693,1720,6/15/1957,,Andes,Orinoco,Meta,Río Lengupá,1.57818186283112,1.9163635969162,2,2,0.829710125923157,0.960144937038422,1,1,1.04999995231628,2018,10,58,48.5,48.5,50.9249976873398,0,35.740966796875,2018-10-01,61.1515159606934,40.4424514770508,43.7799186706543
35080010,Pluviométrica,Convencional,Boyacá,Zetaquirá,5.283,-73.1693,1720,6/15/1957,,Andes,Orinoco,Meta,Río Lengupá,1.57818186283112,1.9163635969162,2,2,0.829710125923157,0.960144937038422,1,1,1.04999995231628,2018,10,59,8.6,8.6,9.02999958992004,0,18.368968963623,2018-10-01,18.6053714752197,20.7852840423584,15.0116682052612
35080010,Pluviométrica,Convencional,Boyacá,Zetaquirá,5.283,-73.1693,1720,6/15/1957,,Andes,Orinoco,Meta,Río Lengupá,1.57818186283112,1.9163635969162,2,2,0.829710125923157,0.960144937038422,1,1,1.04999995231628,2018,10,60,5.3,5.3,5.56499974727631,0,11.18812084198,2018-10-01,0,12.6598424911499,0
35080010,Pluviométrica,Convencional,Boyacá,Zetaquirá,5.283,-73.1693,1720,6/15/1957,,Andes,Orinoco,Meta,Río Lengupá,1.57818186283112,1.9163635969162,2,2,0.829710125923157,0.960144937038422,1,1,1.04999995231628,2018,11,61,14.2,14.2,14.9099993228912,0,8.99946594238281,2018-11-01,11.1609420776367,8.94972133636475,15.3256063461304
35080010,Pluviométrica,Convencional,Boyacá,Zetaquirá,5.283,-73.1693,1720,6/15/1957,,Andes,Orinoco,Meta,Río Lengupá,1.57818186283112,1.9163635969162,2,2,0.829710125923157,0.960144937038422,1,1,1.04999995231628,2018,11,62,67,22,23.0999989509583,1,11.7291097640991,2018-11-01,17.2155990600586,24.9675769805908,33.0433120727539
35080010,Pluviométrica,Convencional,Boyacá,Zetaquirá,5.283,-73.1693,1720,6/15/1957,,Andes,Orinoco,Meta,Río Lengupá,1.57818186283112,1.9163635969162,2,2,0.829710125923157,0.960144937038422,1,1,1.04999995231628,2018,11,63,3.4,3.4,3.56999983787537,0,6.67678165435791,2018-11-01,4.33011627197266,5.79232978820801,8.58477306365967
35080010,Pluviométrica,Convencional,Boyacá,Zetaquirá,5.283,-73.1693,1720,6/15/1957,,Andes,Orinoco,Meta,Río Lengupá,1.57818186283112,1.9163635969162,2,2,0.829710125923157,0.960144937038422,1,1,1.04999995231628,2018,11,64,50.5,50.5,53.0249975919724,0,9.71448230743408,2018-11-01,13.3925943374634,17.0227832794189,33.1213569641113
35080010,Pluviométrica,Convencional,Boyacá,Zetaquirá,5.283,-73.1693,1720,6/15/1957,,Andes,Orinoco,Meta,Río Lengupá,1.57818186283112,1.9163635969162,2,2,0.829710125923157,0.960144937038422,1,1,1.04999995231628,2018,11,65,0,0,0,0,9.74498844146729,2018-11-01,12.3870449066162,8.73649978637695,9.40753555297852
35080010,Pluviométrica,Convencional,Boyacá,Zetaquirá,5.283,-73.1693,1720,6/15/1957,,Andes,Orinoco,Meta,Río Lengupá,1.57818186283112,1.9163635969162,2,2,0.829710125923157,0.960144937038422,1,1,1.04999995231628,2018,11,66,0,0,0,0,9.0309476852417,2018-11-01,9.49181270599365,10.5533819198608,11.2917003631592
35080010,Pluviométrica,Convencional,Boyacá,Zetaquirá,5.283,-73.1693,1720,6/15/1957,,Andes,Orinoco,Meta,Río Lengupá,1.57818186283112,1.9163635969162,2,2,0.829710125923157,0.960144937038422,1,1,1.07000005245209,2018,12,67,0,0,0,0,3.53580260276794,2018-12-01,2.16043901443481,2.89507842063904,1.68208706378937
35080010,Pluviométrica,Convencional,Boyacá,Zetaquirá,5.283,-73.1693,1720,6/15/1957,,Andes,Orinoco,Meta,Río Lengupá,1.57818186283112,1.9163635969162,2,2,0.829710125923157,0.960144937038422,1,1,1.07000005245209,2018,12,68,1.5,1.5,1.60500007867813,0,3.0952570438385,2018-12-01,1.77139663696289,4.46249008178711,2.44481205940247
35080010,Pluviométrica,Convencional,Boyacá,Zetaquirá,5.283,-73.1693,1720,6/15/1957,,Andes,Orinoco,Meta,Río Lengupá,1.57818186283112,1.9163635969162,2,2,0.829710125923157,0.960144937038422,1,1,1.07000005245209,2018,12,69,27.7,27.7,29.6390014529228,0,2.86853790283203,2018-12-01,2.95125102996826,6.04950618743897,6.05640935897827
35080010,Pluviométrica,Convencional,Boyacá,Zetaquirá,5.283,-73.1693,1720,6/15/1957,,Andes,Orinoco,Meta,Río Lengupá,1.57818186283112,1.9163635969162,2,2,0.829710125923157,0.960144937038422,1,1,1.07000005245209,2018,12,70,0,0,0,0,2.94227266311646,2018-12-01,2.25644111633301,2.65977096557617,2.19001579284668
35080010,Pluviométrica,Convencional,Boyacá,Zetaquirá,5.283,-73.1693,1720,6/15/1957,,Andes,Orinoco,Meta,Río Lengupá,1.57818186283112,1.9163635969162,2,2,0.829710125923157,0.960144937038422,1,1,1.07000005245209,2018,12,71,79,0,0,1,4.70152091979981,2018-12-01,6.83475303649902,3.92292213439941,7.45963335037231
35080010,Pluviométrica,Convencional,Boyacá,Zetaquirá,5.283,-73.1693,1720,6/15/1957,,Andes,Orinoco,Meta,Río Lengupá,1.57818186283112,1.9163635969162,2,2,0.829710125923157,0.960144937038422,1,1,1.07000005245209,2018,12,72,0,0,0,0,5.89884471893311,2018-12-01,3.41814112663269,4.24297618865967,2.33164024353027
35080010,Pluviométrica,Convencional,Boyacá,Zetaquirá,5.283,-73.1693,1720,6/15/1957,,Andes,Orinoco,Meta,Río Lengupá,1.57818186283112,1.9163635969162,2,2,0.829710125923157,0.960144937038422,1,1,1.07000005245209,2019,01,1,0,0,0,0,4.64242315292358,2019-01-01,4.45475959777832,2.33869314193726,3.31679248809814
35080010,Pluviométrica,Convencional,Boyacá,Zetaquirá,5.283,-73.1693,1720,6/15/1957,,Andes,Orinoco,Meta,Río Lengupá,1.57818186283112,1.9163635969162,2,2,0.829710125923157,0.960144937038422,1,1,1.07000005245209,2019,01,2,4.3,4.3,4.60100022554398,0,5.92672634124756,2019-01-01,2.34820914268494,4.56722021102905,3.59021425247192
35080010,Pluviométrica,Convencional,Boyacá,Zetaquirá,5.283,-73.1693,1720,6/15/1957,,Andes,Orinoco,Meta,Río Lengupá,1.57818186283112,1.9163635969162,2,2,0.829710125923157,0.960144937038422,1,1,1.07000005245209,2019,01,3,7.7,7.7,8.23900040388107,0,6.60328197479248,2019-01-01,2.33185815811157,5.43874835968018,3.92279887199402
35080010,Pluviométrica,Convencional,Boyacá,Zetaquirá,5.283,-73.1693,1720,6/15/1957,,Andes,Orinoco,Meta,Río Lengupá,1.57818186283112,1.9163635969162,2,2,0.829710125923157,0.960144937038422,1,1,1.07000005245209,2019,01,4,0,0,0,0,6.68221473693848,2019-01-01,2.45718812942505,4.52843952178955,5.51580095291138
35080010,Pluviométrica,Convencional,Boyacá,Zetaquirá,5.283,-73.1693,1720,6/15/1957,,Andes,Orinoco,Meta,Río Lengupá,1.57818186283112,1.9163635969162,2,2,0.829710125923157,0.960144937038422,1,1,1.07000005245209,2019,01,5,0,0,0,0,6.24303674697876,2019-01-01,1.64468801021576,3.01378798484802,1.76416325569153
35080010,Pluviométrica,Convencional,Boyacá,Zetaquirá,5.283,-73.1693,1720,6/15/1957,,Andes,Orinoco,Meta,Río Lengupá,1.57818186283112,1.9163635969162,2,2,0.829710125923157,0.960144937038422,1,1,1.07000005245209,2019,01,6,19.7,19.7,21.0790010333061,0,7.65738105773926,2019-01-01,0.691168010234833,10.808648109436,2.56239366531372
35080010,Pluviométrica,Convencional,Boyacá,Zetaquirá,5.283,-73.1693,1720,6/15/1957,,Andes,Orinoco,Meta,Río Lengupá,1.57818186283112,1.9163635969162,2,2,0.829710125923157,0.960144937038422,1,1,1.08000004291534,2019,02,7,0,0,0,0,5.69211721420288,2019-02-01,0.972969055175781,3.25722098350525,1.21602284908295
35080010,Pluviométrica,Convencional,Boyacá,Zetaquirá,5.283,-73.1693,1720,6/15/1957,,Andes,Orinoco,Meta,Río Lengupá,1.57818186283112,1.9163635969162,2,2,0.829710125923157,0.960144937038422,1,1,1.08000004291534,2019,02,8,0,0,0,0,5.40966367721558,2019-02-01,1.62601017951965,2.5799674987793,1.62706899642944
35080010,Pluviométrica,Convencional,Boyacá,Zetaquirá,5.283,-73.1693,1720,6/15/1957,,Andes,Orinoco,Meta,Río Lengupá,1.57818186283112,1.9163635969162,2,2,0.829710125923157,0.960144937038422,1,1,1.08000004291534,2019,02,9,0,0,0,0,5.26832866668701,2019-02-01,1.00317966938019,2.10531330108643,0.678618967533112
35080010,Pluviométrica,Convencional,Boyacá,Zetaquirá,5.283,-73.1693,1720,6/15/1957,,Andes,Orinoco,Meta,Río Lengupá,1.57818186283112,1.9163635969162,2,2,0.829710125923157,0.960144937038422,1,1,1.08000004291534,2019,02,10,1.2,1.2,1.29600005149841,0,5.29232311248779,2019-02-01,0.486874550580978,2.23825335502625,0.424476891756058
35080010,Pluviométrica,Convencional,Boyacá,Zetaquirá,5.283,-73.1693,1720,6/15/1957,,Andes,Orinoco,Meta,Río Lengupá,1.57818186283112,1.9163635969162,2,2,0.829710125923157,0.960144937038422,1,1,1.08000004291534,2019,02,11,1.2,1.2,1.29600005149841,0,5.92887496948242,2019-02-01,2.87232065200806,2.80100607872009,2.28735494613647
35080010,Pluviométrica,Convencional,Boyacá,Zetaquirá,5.283,-73.1693,1720,6/15/1957,,Andes,Orinoco,Meta,Río Lengupá,1.57818186283112,1.9163635969162,2,2,0.829710125923157,0.960144937038422,1,1,1.08000004291534,2019,02,12,0,0,0,0,2.11413717269897,2019-02-01,1.40506875514984,1.0969603061676,0.995166420936584
35080010,Pluviométrica,Convencional,Boyacá,Zetaquirá,5.283,-73.1693,1720,6/15/1957,,Andes,Orinoco,Meta,Río Lengupá,1.57818186283112,1.9163635969162,2,2,0.829710125923157,0.960144937038422,1,1,1.08000004291534,2019,03,13,0,0,0,0,3.95107460021973,2019-03-01,0.156695231795311,2.8990581035614,0.246054291725159
35080010,Pluviométrica,Convencional,Boyacá,Zetaquirá,5.283,-73.1693,1720,6/15/1957,,Andes,Orinoco,Meta,Río Lengupá,1.57818186283112,1.9163635969162,2,2,0.829710125923157,0.960144937038422,1,1,1.08000004291534,2019,03,14,11.3,11.3,12.2040004849434,0,4.65164804458618,2019-03-01,2.7286376953125,7.31724262237549,10.3811883926392
35080010,Pluviométrica,Convencional,Boyacá,Zetaquirá,5.283,-73.1693,1720,6/15/1957,,Andes,Orinoco,Meta,Río Lengupá,1.57818186283112,1.9163635969162,2,2,0.829710125923157,0.960144937038422,1,1,1.08000004291534,2019,03,15,8,8,8.64000034332275,0,18.0026187896729,2019-03-01,31.5046634674072,13.1817083358765,18.3190879821777
35080010,Pluviométrica,Convencional,Boyacá,Zetaquirá,5.283,-73.1693,1720,6/15/1957,,Andes,Orinoco,Meta,Río Lengupá,1.57818186283112,1.9163635969162,2,2,0.829710125923157,0.960144937038422,1,1,1.08000004291534,2019,03,16,14,14,15.1200006008148,0,3.46026706695557,2019-03-01,0.233282446861267,6.68536710739136,0.954519271850586
35080010,Pluviométrica,Convencional,Boyacá,Zetaquirá,5.283,-73.1693,1720,6/15/1957,,Andes,Orinoco,Meta,Río Lengupá,1.57818186283112,1.9163635969162,2,2,0.829710125923157,0.960144937038422,1,1,1.08000004291534,2019,03,17,0,0,0,0,3.77513313293457,2019-03-01,0.866328120231628,3.52265930175781,2.05045247077942
35080010,Pluviométrica,Convencional,Boyacá,Zetaquirá,5.283,-73.1693,1720,6/15/1957,,Andes,Orinoco,Meta,Río Lengupá,1.57818186283112,1.9163635969162,2,2,0.829710125923157,0.960144937038422,1,1,1.08000004291534,2019,03,18,26.5,26.5,28.6200011372566,0,24.6404876708984,2019-03-01,35.0749320983887,25.1666870117188,31.4175357818604
35080010,Pluviométrica,Convencional,Boyacá,Zetaquirá,5.283,-73.1693,1720,6/15/1957,,Andes,Orinoco,Meta,Río Lengupá,1.57818186283112,1.9163635969162,2,2,0.829710125923157,0.960144937038422,1,1,1.05999994277954,2019,04,19,13.2,13.2,13.9919992446899,0,8.48530387878418,2019-04-01,2.65046215057373,9.20084190368652,7.98966026306152
35080010,Pluviométrica,Convencional,Boyacá,Zetaquirá,5.283,-73.1693,1720,6/15/1957,,Andes,Orinoco,Meta,Río Lengupá,1.57818186283112,1.9163635969162,2,2,0.829710125923157,0.960144937038422,1,1,1.05999994277954,2019,04,20,0,0,0,0,6.44128942489624,2019-04-01,1.39210724830627,4.82397317886353,2.3572084903717
35080010,Pluviométrica,Convencional,Boyacá,Zetaquirá,5.283,-73.1693,1720,6/15/1957,,Andes,Orinoco,Meta,Río Lengupá,1.57818186283112,1.9163635969162,2,2,0.829710125923157,0.960144937038422,1,1,1.05999994277954,2019,04,21,16.2,16.2,17.1719990730286,0,37.056755065918,2019-04-01,45.344425201416,23.8039627075195,30.8222179412842
35080010,Pluviométrica,Convencional,Boyacá,Zetaquirá,5.283,-73.1693,1720,6/15/1957,,Andes,Orinoco,Meta,Río Lengupá,1.57818186283112,1.9163635969162,2,2,0.829710125923157,0.960144937038422,1,1,1.05999994277954,2019,04,22,127.9,35.9,38.0539979457855,1,20.2646160125732,2019-04-01,22.975227355957,24.0044364929199,38.0327110290527
35080010,Pluviométrica,Convencional,Boyacá,Zetaquirá,5.283,-73.1693,1720,6/15/1957,,Andes,Orinoco,Meta,Río Lengupá,1.57818186283112,1.9163635969162,2,2,0.829710125923157,0.960144937038422,1,1,1.05999994277954,2019,04,23,26.2,26.2,27.771998500824,0,14.1466798782349,2019-04-01,9.89893531799316,33.8021621704102,37.6821823120117
35080010,Pluviométrica,Convencional,Boyacá,Zetaquirá,5.283,-73.1693,1720,6/15/1957,,Andes,Orinoco,Meta,Río Lengupá,1.57818186283112,1.9163635969162,2,2,0.829710125923157,0.960144937038422,1,1,1.05999994277954,2019,04,24,13.3,13.3,14.0979992389679,0,11.9794187545776,2019-04-01,11.4862966537476,12.8229398727417,22.2587223052979
35080010,Pluviométrica,Convencional,Boyacá,Zetaquirá,5.283,-73.1693,1720,6/15/1957,,Andes,Orinoco,Meta,Río Lengupá,1.57818186283112,1.9163635969162,2,2,0.829710125923157,0.960144937038422,1,1,1.04999995231628,2019,05,25,26.5,26.5,27.8249987363815,0,25.0935325622559,2019-05-01,32.1522521972656,24.8622913360596,31.6544227600098
35080010,Pluviométrica,Convencional,Boyacá,Zetaquirá,5.283,-73.1693,1720,6/15/1957,,Andes,Orinoco,Meta,Río Lengupá,1.57818186283112,1.9163635969162,2,2,0.829710125923157,0.960144937038422,1,1,1.04999995231628,2019,05,26,70.6,70.6,74.1299966335297,0,27.1174640655518,2019-05-01,38.5761947631836,57.7153282165527,74.8711166381836
35080010,Pluviométrica,Convencional,Boyacá,Zetaquirá,5.283,-73.1693,1720,6/15/1957,,Andes,Orinoco,Meta,Río Lengupá,1.57818186283112,1.9163635969162,2,2,0.829710125923157,0.960144937038422,1,1,1.04999995231628,2019,05,27,44.1,44.1,46.3049978971481,0,32.7861022949219,2019-05-01,50.3743934631348,44.5514030456543,55.4823265075684
35080010,Pluviométrica,Convencional,Boyacá,Zetaquirá,5.283,-73.1693,1720,6/15/1957,,Andes,Orinoco,Meta,Río Lengupá,1.57818186283112,1.9163635969162,2,2,0.829710125923157,0.960144937038422,1,1,1.04999995231628,2019,05,28,65.6,65.6,68.8799968719482,0,12.8140621185303,2019-05-01,8.20578765869141,20.3114967346191,15.2616567611694
35080010,Pluviométrica,Convencional,Boyacá,Zetaquirá,5.283,-73.1693,1720,6/15/1957,,Andes,Orinoco,Meta,Río Lengupá,1.57818186283112,1.9163635969162,2,2,0.829710125923157,0.960144937038422,1,1,1.04999995231628,2019,05,29,35.6,35.6,37.3799983024597,0,28.0696773529053,2019-05-01,48.7482414245606,39.3793449401856,49.8880386352539
35080010,Pluviométrica,Convencional,Boyacá,Zetaquirá,5.283,-73.1693,1720,6/15/1957,,Andes,Orinoco,Meta,Río Lengupá,1.57818186283112,1.9163635969162,2,2,0.829710125923157,0.960144937038422,1,1,1.04999995231628,2019,05,30,58.3,58.3,61.2149972200394,0,39.2384223937988,2019-05-01,56.0003356933594,43.5048446655274,54.1691703796387
35080010,Pluviométrica,Convencional,Boyacá,Zetaquirá,5.283,-73.1693,1720,6/15/1957,,Andes,Orinoco,Meta,Río Lengupá,1.57818186283112,1.9163635969162,2,2,0.829710125923157,0.960144937038422,1,1,1.04999995231628,2019,06,31,38.2,38.2,40.1099981784821,0,28.4930744171143,2019-06-01,35.1269035339356,27.8488578796387,30.9994621276856
35080010,Pluviométrica,Convencional,Boyacá,Zetaquirá,5.283,-73.1693,1720,6/15/1957,,Andes,Orinoco,Meta,Río Lengupá,1.57818186283112,1.9163635969162,2,2,0.829710125923157,0.960144937038422,1,1,1.04999995231628,2019,06,32,42,42,44.0999979972839,0,24.1884288787842,2019-06-01,24.0442390441895,33.9826431274414,33.3653221130371
35080010,Pluviométrica,Convencional,Boyacá,Zetaquirá,5.283,-73.1693,1720,6/15/1957,,Andes,Orinoco,Meta,Río Lengupá,1.57818186283112,1.9163635969162,2,2,0.829710125923157,0.960144937038422,1,1,1.04999995231628,2019,06,33,59.1,59.1,62.0549971818924,0,20.7621173858643,2019-06-01,17.7650966644287,33.3494415283203,41.6582641601563
35080010,Pluviométrica,Convencional,Boyacá,Zetaquirá,5.283,-73.1693,1720,6/15/1957,,Andes,Orinoco,Meta,Río Lengupá,1.57818186283112,1.9163635969162,2,2,0.829710125923157,0.960144937038422,1,1,1.04999995231628,2019,06,34,66.7,66.7,70.0349968194962,0,21.884126663208,2019-06-01,21.5118675231934,36.4693717956543,41.9395790100098
35080010,Pluviométrica,Convencional,Boyacá,Zetaquirá,5.283,-73.1693,1720,6/15/1957,,Andes,Orinoco,Meta,Río Lengupá,1.57818186283112,1.9163635969162,2,2,0.829710125923157,0.960144937038422,1,1,1.04999995231628,2019,06,35,33.9,33.9,35.594998383522,0,23.35719871521,2019-06-01,22.1328754425049,35.4372634887695,40.1572685241699
35080010,Pluviométrica,Convencional,Boyacá,Zetaquirá,5.283,-73.1693,1720,6/15/1957,,Andes,Orinoco,Meta,Río Lengupá,1.57818186283112,1.9163635969162,2,2,0.829710125923157,0.960144937038422,1,1,1.04999995231628,2019,06,36,42.2,42.2,44.3099979877472,0,25.1173858642578,2019-06-01,24.3007373809814,28.0180702209473,37.9983367919922
35080010,Pluviométrica,Convencional,Boyacá,Zetaquirá,5.283,-73.1693,1720,6/15/1957,,Andes,Orinoco,Meta,Río Lengupá,1.57818186283112,1.9163635969162,2,2,0.829710125923157,0.960144937038422,1,1,1.03999996185303,2019,07,37,26.4,26.4,27.4559989929199,0,37.1404113769531,2019-07-01,43.4754104614258,28.6792755126953,28.074800491333
35080010,Pluviométrica,Convencional,Boyacá,Zetaquirá,5.283,-73.1693,1720,6/15/1957,,Andes,Orinoco,Meta,Río Lengupá,1.57818186283112,1.9163635969162,2,2,0.829710125923157,0.960144937038422,1,1,1.03999996185303,2019,07,38,20.3,20.3,21.1119992256165,0,16.9036636352539,2019-07-01,11.5031032562256,22.9493389129639,19.966796875
35080010,Pluviométrica,Convencional,Boyacá,Zetaquirá,5.283,-73.1693,1720,6/15/1957,,Andes,Orinoco,Meta,Río Lengupá,1.57818186283112,1.9163635969162,2,2,0.829710125923157,0.960144937038422,1,1,1.03999996185303,2019,07,39,30.1,30.1,31.3039988517761,0,28.2216987609863,2019-07-01,27.0142307281494,38.1839141845703,36.1849899291992
35080010,Pluviométrica,Convencional,Boyacá,Zetaquirá,5.283,-73.1693,1720,6/15/1957,,Andes,Orinoco,Meta,Río Lengupá,1.57818186283112,1.9163635969162,2,2,0.829710125923157,0.960144937038422,1,1,1.03999996185303,2019,07,40,44.8,44.8,46.5919982910156,0,35.5265960693359,2019-07-01,40.8065299987793,49.7945251464844,59.2839584350586
35080010,Pluviométrica,Convencional,Boyacá,Zetaquirá,5.283,-73.1693,1720,6/15/1957,,Andes,Orinoco,Meta,Río Lengupá,1.57818186283112,1.9163635969162,2,2,0.829710125923157,0.960144937038422,1,1,1.03999996185303,2019,07,41,47.5,47.5,49.3999981880188,0,28.8917083740234,2019-07-01,23.7971744537354,36.2716484069824,32.5591201782227
35080010,Pluviométrica,Convencional,Boyacá,Zetaquirá,5.283,-73.1693,1720,6/15/1957,,Andes,Orinoco,Meta,Río Lengupá,1.57818186283112,1.9163635969162,2,2,0.829710125923157,0.960144937038422,1,1,1.03999996185303,2019,07,42,24.6,24.6,25.5839990615845,0,33.9592399597168,2019-07-01,23.962646484375,30.5343914031982,26.1201190948486
35080010,Pluviométrica,Convencional,Boyacá,Zetaquirá,5.283,-73.1693,1720,6/15/1957,,Andes,Orinoco,Meta,Río Lengupá,1.57818186283112,1.9163635969162,2,2,0.829710125923157,0.960144937038422,1,1,1.05999994277954,2019,08,43,39,39,41.3399977684021,0,32.9101448059082,2019-08-01,40.6333045959473,42.2632713317871,65.6185836791992
35080010,Pluviométrica,Convencional,Boyacá,Zetaquirá,5.283,-73.1693,1720,6/15/1957,,Andes,Orinoco,Meta,Río Lengupá,1.57818186283112,1.9163635969162,2,2,0.829710125923157,0.960144937038422,1,1,1.05999994277954,2019,08,44,37.5,37.5,39.7499978542328,0,18.3563671112061,2019-08-01,7.50475978851318,24.2318305969238,28.2955532073975
35080010,Pluviométrica,Convencional,Boyacá,Zetaquirá,5.283,-73.1693,1720,6/15/1957,,Andes,Orinoco,Meta,Río Lengupá,1.57818186283112,1.9163635969162,2,2,0.829710125923157,0.960144937038422,1,1,1.05999994277954,2019,08,45,52,52,55.1199970245361,0,25.4361209869385,2019-08-01,23.6803417205811,48.0457038879395,66.5462951660156
35080010,Pluviométrica,Convencional,Boyacá,Zetaquirá,5.283,-73.1693,1720,6/15/1957,,Andes,Orinoco,Meta,Río Lengupá,1.57818186283112,1.9163635969162,2,2,0.829710125923157,0.960144937038422,1,1,1.05999994277954,2019,08,46,20.7,20.7,21.9419988155365,0,32.4316711425781,2019-08-01,29.2640514373779,28.5392036437988,37.4030647277832
35080010,Pluviométrica,Convencional,Boyacá,Zetaquirá,5.283,-73.1693,1720,6/15/1957,,Andes,Orinoco,Meta,Río Lengupá,1.57818186283112,1.9163635969162,2,2,0.829710125923157,0.960144937038422,1,1,1.05999994277954,2019,08,47,16.1,16.1,17.0659990787506,0,22.7759552001953,2019-08-01,14.3221845626831,14.128228187561,11.8624324798584
35080010,Pluviométrica,Convencional,Boyacá,Zetaquirá,5.283,-73.1693,1720,6/15/1957,,Andes,Orinoco,Meta,Río Lengupá,1.57818186283112,1.9163635969162,2,2,0.829710125923157,0.960144937038422,1,1,1.05999994277954,2019,08,48,52.5,1.5,1.58999991416931,1,26.499044418335,2019-08-01,11.3495044708252,37.0106506347656,31.682991027832
35080010,Pluviométrica,Convencional,Boyacá,Zetaquirá,5.283,-73.1693,1720,6/15/1957,,Andes,Orinoco,Meta,Río Lengupá,1.57818186283112,1.9163635969162,2,2,0.829710125923157,0.960144937038422,1,1,1.05999994277954,2019,09,49,29.5,29.5,31.2699983119965,0,23.064847946167,2019-09-01,37.9326591491699,26.7154273986816,25.8270835876465
35080010,Pluviométrica,Convencional,Boyacá,Zetaquirá,5.283,-73.1693,1720,6/15/1957,,Andes,Orinoco,Meta,Río Lengupá,1.57818186283112,1.9163635969162,2,2,0.829710125923157,0.960144937038422,1,1,1.05999994277954,2019,09,50,22.5,22.5,23.8499987125397,0,16.2741050720215,2019-09-01,18.7637367248535,15.9316434860229,15.3829336166382
35080010,Pluviométrica,Convencional,Boyacá,Zetaquirá,5.283,-73.1693,1720,6/15/1957,,Andes,Orinoco,Meta,Río Lengupá,1.57818186283112,1.9163635969162,2,2,0.829710125923157,0.960144937038422,1,1,1.05999994277954,2019,09,51,31,31,32.8599982261658,0,19.4083995819092,2019-09-01,23.0009231567383,22.1491069793701,20.0859622955322
35080010,Pluviométrica,Convencional,Boyacá,Zetaquirá,5.283,-73.1693,1720,6/15/1957,,Andes,Orinoco,Meta,Río Lengupá,1.57818186283112,1.9163635969162,2,2,0.829710125923157,0.960144937038422,1,1,1.05999994277954,2019,09,52,0,0,0,0,28.7717781066895,2019-09-01,40.0002288818359,29.0081920623779,31.4986267089844
35080010,Pluviométrica,Convencional,Boyacá,Zetaquirá,5.283,-73.1693,1720,6/15/1957,,Andes,Orinoco,Meta,Río Lengupá,1.57818186283112,1.9163635969162,2,2,0.829710125923157,0.960144937038422,1,1,1.05999994277954,2019,09,53,27,27,28.6199984550476,0,30.7250213623047,2019-09-01,44.9433250427246,19.2596435546875,19.009916305542
35080010,Pluviométrica,Convencional,Boyacá,Zetaquirá,5.283,-73.1693,1720,6/15/1957,,Andes,Orinoco,Meta,Río Lengupá,1.57818186283112,1.9163635969162,2,2,0.829710125923157,0.960144937038422,1,1,1.05999994277954,2019,09,54,41.7,41.7,44.2019976139069,0,18.0593204498291,2019-09-01,21.3465957641602,25.6118049621582,31.5174312591553
35080010,Pluviométrica,Convencional,Boyacá,Zetaquirá,5.283,-73.1693,1720,6/15/1957,,Andes,Orinoco,Meta,Río Lengupá,1.57818186283112,1.9163635969162,2,2,0.829710125923157,0.960144937038422,1,1,1.04999995231628,2019,10,55,49.3,49.3,51.7649976491928,0,26.7787933349609,2019-10-01,37.7964096069336,38.7338485717773,42.6171379089355
35080010,Pluviométrica,Convencional,Boyacá,Zetaquirá,5.283,-73.1693,1720,6/15/1957,,Andes,Orinoco,Meta,Río Lengupá,1.57818186283112,1.9163635969162,2,2,0.829710125923157,0.960144937038422,1,1,1.04999995231628,2019,10,56,22.4,22.4,23.5199989318848,0,22.9510440826416,2019-10-01,26.8353271484375,24.5879516601563,30.1497421264648
35080010,Pluviométrica,Convencional,Boyacá,Zetaquirá,5.283,-73.1693,1720,6/15/1957,,Andes,Orinoco,Meta,Río Lengupá,1.57818186283112,1.9163635969162,2,2,0.829710125923157,0.960144937038422,1,1,1.04999995231628,2019,10,57,10.4,10.4,10.9199995040894,0,13.3519830703735,2019-10-01,14.8396100997925,9.28636837005615,15.3533601760864
35080010,Pluviométrica,Convencional,Boyacá,Zetaquirá,5.283,-73.1693,1720,6/15/1957,,Andes,Orinoco,Meta,Río Lengupá,1.57818186283112,1.9163635969162,2,2,0.829710125923157,0.960144937038422,1,1,1.04999995231628,2019,10,58,24.5,24.5,25.724998831749,0,19.4635429382324,2019-10-01,23.9065227508545,15.2074842453003,16.684455871582
35080010,Pluviométrica,Convencional,Boyacá,Zetaquirá,5.283,-73.1693,1720,6/15/1957,,Andes,Orinoco,Meta,Río Lengupá,1.57818186283112,1.9163635969162,2,2,0.829710125923157,0.960144937038422,1,1,1.04999995231628,2019,10,59,13.4,13.4,14.0699993610382,0,19.0321617126465,2019-10-01,17.2094058990479,16.7467708587647,16.1663093566895
35080010,Pluviométrica,Convencional,Boyacá,Zetaquirá,5.283,-73.1693,1720,6/15/1957,,Andes,Orinoco,Meta,Río Lengupá,1.57818186283112,1.9163635969162,2,2,0.829710125923157,0.960144937038422,1,1,1.04999995231628,2019,10,60,22.3,22.3,23.4149989366531,0,19.5245914459229,2019-10-01,13.0806751251221,15.3875970840454,18.9952545166016
35080010,Pluviométrica,Convencional,Boyacá,Zetaquirá,5.283,-73.1693,1720,6/15/1957,,Andes,Orinoco,Meta,Río Lengupá,1.57818186283112,1.9163635969162,2,2,0.829710125923157,0.960144937038422,1,1,1.04999995231628,2019,11,61,23.7,23.7,24.8849988698959,0,6.00602531433106,2019-11-01,3.75576186180115,12.1287183761597,10.8648977279663
35080010,Pluviométrica,Convencional,Boyacá,Zetaquirá,5.283,-73.1693,1720,6/15/1957,,Andes,Orinoco,Meta,Río Lengupá,1.57818186283112,1.9163635969162,2,2,0.829710125923157,0.960144937038422,1,1,1.04999995231628,2019,11,62,16.6,16.6,17.4299992084503,0,14.6567039489746,2019-11-01,23.0912818908691,13.6871633529663,18.4279289245605
35080010,Pluviométrica,Convencional,Boyacá,Zetaquirá,5.283,-73.1693,1720,6/15/1957,,Andes,Orinoco,Meta,Río Lengupá,1.57818186283112,1.9163635969162,2,2,0.829710125923157,0.960144937038422,1,1,1.04999995231628,2019,11,63,24.6,24.6,25.8299988269806,0,10.9133262634277,2019-11-01,13.5211210250855,16.4469165802002,22.7454013824463
35080010,Pluviométrica,Convencional,Boyacá,Zetaquirá,5.283,-73.1693,1720,6/15/1957,,Andes,Orinoco,Meta,Río Lengupá,1.57818186283112,1.9163635969162,2,2,0.829710125923157,0.960144937038422,1,1,1.04999995231628,2019,11,64,28.6,28.6,30.0299986362457,0,7.77571821212769,2019-11-01,5.03637647628784,12.4997529983521,12.9784307479858
35080010,Pluviométrica,Convencional,Boyacá,Zetaquirá,5.283,-73.1693,1720,6/15/1957,,Andes,Orinoco,Meta,Río Lengupá,1.57818186283112,1.9163635969162,2,2,0.829710125923157,0.960144937038422,1,1,1.04999995231628,2019,11,65,37.2,37.2,39.0599982261658,0,19.4677696228027,2019-11-01,36.3332862854004,21.2958736419678,28.7815608978272
35080010,Pluviométrica,Convencional,Boyacá,Zetaquirá,5.283,-73.1693,1720,6/15/1957,,Andes,Orinoco,Meta,Río Lengupá,1.57818186283112,1.9163635969162,2,2,0.829710125923157,0.960144937038422,1,1,1.04999995231628,2019,11,66,31.7,31.7,33.2849984884262,0,5.56602907180786,2019-11-01,1.68513894081116,8.99073505401611,6.51651477813721
35080010,Pluviométrica,Convencional,Boyacá,Zetaquirá,5.283,-73.1693,1720,6/15/1957,,Andes,Orinoco,Meta,Río Lengupá,1.57818186283112,1.9163635969162,2,2,0.829710125923157,0.960144937038422,1,1,1.07000005245209,2019,12,67,3.6,3.6,3.85200018882752,0,3.53580260276794,2019-12-01,2.16043901443481,4.55966901779175,4.22028160095215
35080010,Pluviométrica,Convencional,Boyacá,Zetaquirá,5.283,-73.1693,1720,6/15/1957,,Andes,Orinoco,Meta,Río Lengupá,1.57818186283112,1.9163635969162,2,2,0.829710125923157,0.960144937038422,1,1,1.07000005245209,2019,12,68,0,0,0,0,7.75442171096802,2019-12-01,18.0057334899902,7.06272649765015,14.0585956573486
35080010,Pluviométrica,Convencional,Boyacá,Zetaquirá,5.283,-73.1693,1720,6/15/1957,,Andes,Orinoco,Meta,Río Lengupá,1.57818186283112,1.9163635969162,2,2,0.829710125923157,0.960144937038422,1,1,1.07000005245209,2019,12,69,15.1,15.1,16.1570007920265,0,7.18643093109131,2019-12-01,20.5997142791748,11.218602180481,26.500846862793
35080010,Pluviométrica,Convencional,Boyacá,Zetaquirá,5.283,-73.1693,1720,6/15/1957,,Andes,Orinoco,Meta,Río Lengupá,1.57818186283112,1.9163635969162,2,2,0.829710125923157,0.960144937038422,1,1,1.07000005245209,2019,12,70,38,38,40.6600019931793,0,2.94227266311646,2019-12-01,2.25644111633301,4.36172151565552,5.89787197113037
35080010,Pluviométrica,Convencional,Boyacá,Zetaquirá,5.283,-73.1693,1720,6/15/1957,,Andes,Orinoco,Meta,Río Lengupá,1.57818186283112,1.9163635969162,2,2,0.829710125923157,0.960144937038422,1,1,1.07000005245209,2019,12,71,6.2,6.2,6.63400032520294,0,8.55801868438721,2019-12-01,17.9959316253662,12.15407371521,16.2772750854492
35080010,Pluviométrica,Convencional,Boyacá,Zetaquirá,5.283,-73.1693,1720,6/15/1957,,Andes,Orinoco,Meta,Río Lengupá,1.57818186283112,1.9163635969162,2,2,0.829710125923157,0.960144937038422,1,1,1.07000005245209,2019,12,72,23,23,24.610001206398,0,19.3038597106934,2019-12-01,35.9328804016113,14.732325553894,17.7728424072266
35080010,Pluviométrica,Convencional,Boyacá,Zetaquirá,5.283,-73.1693,1720,6/15/1957,,Andes,Orinoco,Meta,Río Lengupá,1.57818186283112,1.9163635969162,2,2,0.829710125923157,0.960144937038422,1,1,1.07000005245209,2020,01,1,3.2,3.2,3.42400016784668,0,4.64242315292358,2020-01-01,4.45475959777832,2.47890400886536,2.65504693984985
35080010,Pluviométrica,Convencional,Boyacá,Zetaquirá,5.283,-73.1693,1720,6/15/1957,,Andes,Orinoco,Meta,Río Lengupá,1.57818186283112,1.9163635969162,2,2,0.829710125923157,0.960144937038422,1,1,1.07000005245209,2020,01,2,0,0,0,0,5.92672634124756,2020-01-01,2.34820914268494,2.47872877120972,1.59489214420319
35080010,Pluviométrica,Convencional,Boyacá,Zetaquirá,5.283,-73.1693,1720,6/15/1957,,Andes,Orinoco,Meta,Río Lengupá,1.57818186283112,1.9163635969162,2,2,0.829710125923157,0.960144937038422,1,1,1.07000005245209,2020,01,3,0,0,0,0,6.60328197479248,2020-01-01,2.33185815811157,2.7582643032074,1.70822727680206
35080010,Pluviométrica,Convencional,Boyacá,Zetaquirá,5.283,-73.1693,1720,6/15/1957,,Andes,Orinoco,Meta,Río Lengupá,1.57818186283112,1.9163635969162,2,2,0.829710125923157,0.960144937038422,1,1,1.07000005245209,2020,01,4,16.5,16.5,17.6550008654594,0,12.3354778289795,2020-01-01,8.75908660888672,11.9299468994141,9.39338684082031
35080010,Pluviométrica,Convencional,Boyacá,Zetaquirá,5.283,-73.1693,1720,6/15/1957,,Andes,Orinoco,Meta,Río Lengupá,1.57818186283112,1.9163635969162,2,2,0.829710125923157,0.960144937038422,1,1,1.07000005245209,2020,01,5,0,0,0,0,20.2102279663086,2020-01-01,17.5162162780762,12.3056898117065,9.96591091156006
35080010,Pluviométrica,Convencional,Boyacá,Zetaquirá,5.283,-73.1693,1720,6/15/1957,,Andes,Orinoco,Meta,Río Lengupá,1.57818186283112,1.9163635969162,2,2,0.829710125923157,0.960144937038422,1,1,1.07000005245209,2020,01,6,0,0,0,0,7.65738105773926,2020-01-01,0.691168010234833,3.60600590705872,0.669862866401672
35080010,Pluviométrica,Convencional,Boyacá,Zetaquirá,5.283,-73.1693,1720,6/15/1957,,Andes,Orinoco,Meta,Río Lengupá,1.57818186283112,1.9163635969162,2,2,0.829710125923157,0.960144937038422,1,1,1.08000004291534,2020,02,7,0,0,0,0,5.69211721420288,2020-02-01,0.972969055175781,2.97968411445618,0.731870412826538
35080010,Pluviométrica,Convencional,Boyacá,Zetaquirá,5.283,-73.1693,1720,6/15/1957,,Andes,Orinoco,Meta,Río Lengupá,1.57818186283112,1.9163635969162,2,2,0.829710125923157,0.960144937038422,1,1,1.08000004291534,2020,02,8,0,0,0,0,5.40966367721558,2020-02-01,1.62601017951965,2.41995906829834,0.847995340824127
35080010,Pluviométrica,Convencional,Boyacá,Zetaquirá,5.283,-73.1693,1720,6/15/1957,,Andes,Orinoco,Meta,Río Lengupá,1.57818186283112,1.9163635969162,2,2,0.829710125923157,0.960144937038422,1,1,1.08000004291534,2020,02,9,0,0,0,0,5.26832866668701,2020-02-01,1.00317966938019,2.80079746246338,0.586922883987427
35080010,Pluviométrica,Convencional,Boyacá,Zetaquirá,5.283,-73.1693,1720,6/15/1957,,Andes,Orinoco,Meta,Río Lengupá,1.57818186283112,1.9163635969162,2,2,0.829710125923157,0.960144937038422,1,1,1.08000004291534,2020,02,10,0,0,0,0,7.4669041633606,2020-02-01,5.68662786483765,3.52934169769287,2.70350313186646
35080010,Pluviométrica,Convencional,Boyacá,Zetaquirá,5.283,-73.1693,1720,6/15/1957,,Andes,Orinoco,Meta,Río Lengupá,1.57818186283112,1.9163635969162,2,2,0.829710125923157,0.960144937038422,1,1,1.08000004291534,2020,02,11,6.3,6.3,6.80400027036667,0,7.35731983184815,2020-02-01,6.3601222038269,11.0306091308594,11.0447721481323
35080010,Pluviométrica,Convencional,Boyacá,Zetaquirá,5.283,-73.1693,1720,6/15/1957,,Andes,Orinoco,Meta,Río Lengupá,1.57818186283112,1.9163635969162,2,2,0.829710125923157,0.960144937038422,1,1,1.08000004291534,2020,02,12,4.5,4.5,4.86000019311905,0,2.57058238983154,2020-02-01,1.40506875514984,2.60417437553406,1.15792143344879
35080010,Pluviométrica,Convencional,Boyacá,Zetaquirá,5.283,-73.1693,1720,6/15/1957,,Andes,Orinoco,Meta,Río Lengupá,1.57818186283112,1.9163635969162,2,2,0.829710125923157,0.960144937038422,1,1,1.08000004291534,2020,03,13,0,0,0,0,3.95107460021973,2020-03-01,0.156695231795311,2.28434228897095,0.23266926407814
35080010,Pluviométrica,Convencional,Boyacá,Zetaquirá,5.283,-73.1693,1720,6/15/1957,,Andes,Orinoco,Meta,Río Lengupá,1.57818186283112,1.9163635969162,2,2,0.829710125923157,0.960144937038422,1,1,1.08000004291534,2020,03,14,0,0,0,0,3.38767719268799,2020-03-01,0,2.01730680465698,0
35080010,Pluviométrica,Convencional,Boyacá,Zetaquirá,5.283,-73.1693,1720,6/15/1957,,Andes,Orinoco,Meta,Río Lengupá,1.57818186283112,1.9163635969162,2,2,0.829710125923157,0.960144937038422,1,1,1.08000004291534,2020,03,15,16,16,17.2800006866455,0,13.145848274231,2020-03-01,22.4749603271484,20.3187999725342,34.9731254577637
35080010,Pluviométrica,Convencional,Boyacá,Zetaquirá,5.283,-73.1693,1720,6/15/1957,,Andes,Orinoco,Meta,Río Lengupá,1.57818186283112,1.9163635969162,2,2,0.829710125923157,0.960144937038422,1,1,1.08000004291534,2020,03,16,2.5,2.5,2.70000010728836,0,2.52002429962158,2020-03-01,0,5.01168870925903,0
35080010,Pluviométrica,Convencional,Boyacá,Zetaquirá,5.283,-73.1693,1720,6/15/1957,,Andes,Orinoco,Meta,Río Lengupá,1.57818186283112,1.9163635969162,2,2,0.829710125923157,0.960144937038422,1,1,1.08000004291534,2020,03,17,11.5,11.5,12.4200004935265,0,2.42048025131226,2020-03-01,0,4.98682022094727,0
35080010,Pluviométrica,Convencional,Boyacá,Zetaquirá,5.283,-73.1693,1720,6/15/1957,,Andes,Orinoco,Meta,Río Lengupá,1.57818186283112,1.9163635969162,2,2,0.829710125923157,0.960144937038422,1,1,1.08000004291534,2020,03,18,2.5,2.5,2.70000010728836,0,6.84019947052002,2020-03-01,1.51416277885437,8.43088340759277,2.61930584907532
35080010,Pluviométrica,Convencional,Boyacá,Zetaquirá,5.283,-73.1693,1720,6/15/1957,,Andes,Orinoco,Meta,Río Lengupá,1.57818186283112,1.9163635969162,2,2,0.829710125923157,0.960144937038422,1,1,1.05999994277954,2020,04,19,34.3,34.3,36.3579980373383,0,29.2250995635986,2020-04-01,33.2665061950684,39.5392150878906,49.9187850952148
35080010,Pluviométrica,Convencional,Boyacá,Zetaquirá,5.283,-73.1693,1720,6/15/1957,,Andes,Orinoco,Meta,Río Lengupá,1.57818186283112,1.9163635969162,2,2,0.829710125923157,0.960144937038422,1,1,1.05999994277954,2020,04,20,14.7,14.7,15.5819991588593,1,49.6684455871582,2020-04-01,62.7184028625488,31.8694438934326,37.7374000549316
35080010,Pluviométrica,Convencional,Boyacá,Zetaquirá,5.283,-73.1693,1720,6/15/1957,,Andes,Orinoco,Meta,Río Lengupá,1.57818186283112,1.9163635969162,2,2,0.829710125923157,0.960144937038422,1,1,1.05999994277954,2020,04,21,7.9,7.9,8.37399954795838,1,12.9137401580811,2020-04-01,10.3421115875244,8.9213981628418,8.74656581878662
35080010,Pluviométrica,Convencional,Boyacá,Zetaquirá,5.283,-73.1693,1720,6/15/1957,,Andes,Orinoco,Meta,Río Lengupá,1.57818186283112,1.9163635969162,2,2,0.829710125923157,0.960144937038422,1,1,1.05999994277954,2020,04,22,11.5,11.5,12.1899993419647,0,5.48232650756836,2020-04-01,0,7.5981650352478,0
35080010,Pluviométrica,Convencional,Boyacá,Zetaquirá,5.283,-73.1693,1720,6/15/1957,,Andes,Orinoco,Meta,Río Lengupá,1.57818186283112,1.9163635969162,2,2,0.829710125923157,0.960144937038422,1,1,1.05999994277954,2020,04,23,26.6,26.6,28.1959984779358,0,24.444019317627,2020-04-01,33.5881690979004,28.0959186553955,37.5801239013672
35080010,Pluviométrica,Convencional,Boyacá,Zetaquirá,5.283,-73.1693,1720,6/15/1957,,Andes,Orinoco,Meta,Río Lengupá,1.57818186283112,1.9163635969162,2,2,0.829710125923157,0.960144937038422,1,1,1.05999994277954,2020,04,24,29,29,30.7399983406067,0,7.20247554779053,2020-04-01,3.5489068031311,14.2078790664673,13.8455018997192
35080010,Pluviométrica,Convencional,Boyacá,Zetaquirá,5.283,-73.1693,1720,6/15/1957,,Andes,Orinoco,Meta,Río Lengupá,1.57818186283112,1.9163635969162,2,2,0.829710125923157,0.960144937038422,1,1,1.04999995231628,2020,05,25,35,35,36.7499983310699,0,34.7508201599121,2020-05-01,50.6218490600586,21.7604656219482,26.7991466522217
35080010,Pluviométrica,Convencional,Boyacá,Zetaquirá,5.283,-73.1693,1720,6/15/1957,,Andes,Orinoco,Meta,Río Lengupá,1.57818186283112,1.9163635969162,2,2,0.829710125923157,0.960144937038422,1,1,1.04999995231628,2020,05,26,3.4,3.4,3.56999983787537,0,27.8753776550293,2020-05-01,41.6843872070313,18.1490211486816,22.4338703155518
35080010,Pluviométrica,Convencional,Boyacá,Zetaquirá,5.283,-73.1693,1720,6/15/1957,,Andes,Orinoco,Meta,Río Lengupá,1.57818186283112,1.9163635969162,2,2,0.829710125923157,0.960144937038422,1,1,1.04999995231628,2020,05,27,46.5,4,4.19999980926514,1,23.0504589080811,2020-05-01,31.4060611724854,35.1419830322266,44.8933181762695
35080010,Pluviométrica,Convencional,Boyacá,Zetaquirá,5.283,-73.1693,1720,6/15/1957,,Andes,Orinoco,Meta,Río Lengupá,1.57818186283112,1.9163635969162,2,2,0.829710125923157,0.960144937038422,1,1,1.04999995231628,2020,05,28,27.5,27.5,28.8749986886978,0,14.2555227279663,2020-05-01,14.9185314178467,22.4954929351807,25.5370388031006
35080010,Pluviométrica,Convencional,Boyacá,Zetaquirá,5.283,-73.1693,1720,6/15/1957,,Andes,Orinoco,Meta,Río Lengupá,1.57818186283112,1.9163635969162,2,2,0.829710125923157,0.960144937038422,1,1,1.04999995231628,2020,05,29,24,24,25.1999988555908,0,17.2121906280518,2020-05-01,28.8323154449463,20.7925777435303,25.4319305419922
35080010,Pluviométrica,Convencional,Boyacá,Zetaquirá,5.283,-73.1693,1720,6/15/1957,,Andes,Orinoco,Meta,Río Lengupá,1.57818186283112,1.9163635969162,2,2,0.829710125923157,0.960144937038422,1,1,1.04999995231628,2020,05,30,104.3,54.8,57.5399973869324,1,47.7115859985352,2020-05-01,73.8592224121094,77.0081024169922,84.7052001953125
35080010,Pluviométrica,Convencional,Boyacá,Zetaquirá,5.283,-73.1693,1720,6/15/1957,,Andes,Orinoco,Meta,Río Lengupá,1.57818186283112,1.9163635969162,2,2,0.829710125923157,0.960144937038422,1,1,1.04999995231628,2020,06,31,19.5,19.5,20.4749990701675,0,28.4930744171143,2020-06-01,35.1269035339356,24.2708702087402,25.5208702087402
35080010,Pluviométrica,Convencional,Boyacá,Zetaquirá,5.283,-73.1693,1720,6/15/1957,,Andes,Orinoco,Meta,Río Lengupá,1.57818186283112,1.9163635969162,2,2,0.829710125923157,0.960144937038422,1,1,1.04999995231628,2020,06,32,43.1,43.1,45.2549979448319,0,31.7342548370361,2020-06-01,48.1620254516602,37.8309516906738,48.3580932617188
35080010,Pluviométrica,Convencional,Boyacá,Zetaquirá,5.283,-73.1693,1720,6/15/1957,,Andes,Orinoco,Meta,Río Lengupá,1.57818186283112,1.9163635969162,2,2,0.829710125923157,0.960144937038422,1,1,1.04999995231628,2020,06,33,61,61,64.0499970912933,0,37.7989921569824,2020-06-01,73.3597030639649,57.1233215332031,76.7956771850586
35080010,Pluviométrica,Convencional,Boyacá,Zetaquirá,5.283,-73.1693,1720,6/15/1957,,Andes,Orinoco,Meta,Río Lengupá,1.57818186283112,1.9163635969162,2,2,0.829710125923157,0.960144937038422,1,1,1.04999995231628,2020,06,34,50,50,52.4999976158142,0,34.8135757446289,2020-06-01,53.6198387145996,56.6597290039063,64.7822036743164
35080010,Pluviométrica,Convencional,Boyacá,Zetaquirá,5.283,-73.1693,1720,6/15/1957,,Andes,Orinoco,Meta,Río Lengupá,1.57818186283112,1.9163635969162,2,2,0.829710125923157,0.960144937038422,1,1,1.04999995231628,2020,06,35,17.9,17.9,18.7949991464615,0,32.5570449829102,2020-06-01,40.3707160949707,23.8505058288574,26.0282363891602
35080010,Pluviométrica,Convencional,Boyacá,Zetaquirá,5.283,-73.1693,1720,6/15/1957,,Andes,Orinoco,Meta,Río Lengupá,1.57818186283112,1.9163635969162,2,2,0.829710125923157,0.960144937038422,1,1,1.04999995231628,2020,06,36,16.9,16.9,17.7449991941452,0,35.0105171203613,2020-06-01,40.3653984069824,30.2140293121338,34.7655067443848
35080010,Pluviométrica,Convencional,Boyacá,Zetaquirá,5.283,-73.1693,1720,6/15/1957,,Andes,Orinoco,Meta,Río Lengupá,1.57818186283112,1.9163635969162,2,2,0.829710125923157,0.960144937038422,1,1,1.03999996185303,2020,07,37,41.8,41.8,43.4719984054566,0,72.8971176147461,2020-07-01,88.773307800293,86.3683166503906,80.5615005493164
35080010,Pluviométrica,Convencional,Boyacá,Zetaquirá,5.283,-73.1693,1720,6/15/1957,,Andes,Orinoco,Meta,Río Lengupá,1.57818186283112,1.9163635969162,2,2,0.829710125923157,0.960144937038422,1,1,1.03999996185303,2020,07,38,31.3,31.3,32.5519988059998,0,50.0140686035156,2020-07-01,59.0943260192871,39.093204498291,40.2280654907227
35080010,Pluviométrica,Convencional,Boyacá,Zetaquirá,5.283,-73.1693,1720,6/15/1957,,Andes,Orinoco,Meta,Río Lengupá,1.57818186283112,1.9163635969162,2,2,0.829710125923157,0.960144937038422,1,1,1.03999996185303,2020,07,39,49.3,49.3,51.2719981193543,0,57.2062149047852,2020-07-01,72.8055038452149,49.1385269165039,53.7077293395996
35080010,Pluviométrica,Convencional,Boyacá,Zetaquirá,5.283,-73.1693,1720,6/15/1957,,Andes,Orinoco,Meta,Río Lengupá,1.57818186283112,1.9163635969162,2,2,0.829710125923157,0.960144937038422,1,1,1.03999996185303,2020,07,40,88.3,88.3,91.8319966316223,0,15.1062259674072,2020-07-01,8.84142589569092,26.3568534851074,24.5257377624512
35080010,Pluviométrica,Convencional,Boyacá,Zetaquirá,5.283,-73.1693,1720,6/15/1957,,Andes,Orinoco,Meta,Río Lengupá,1.57818186283112,1.9163635969162,2,2,0.829710125923157,0.960144937038422,1,1,1.03999996185303,2020,07,41,34.2,34.2,35.5679986953735,0,26.6092014312744,2020-07-01,23.7971744537354,38.0141944885254,37.2135963439941
35080010,Pluviométrica,Convencional,Boyacá,Zetaquirá,5.283,-73.1693,1720,6/15/1957,,Andes,Orinoco,Meta,Río Lengupá,1.57818186283112,1.9163635969162,2,2,0.829710125923157,0.960144937038422,1,1,1.03999996185303,2020,07,42,55.5,55.5,57.719997882843,0,52.511646270752,2020-07-01,48.7063941955567,62.8453903198242,59.9534378051758
35080010,Pluviométrica,Convencional,Boyacá,Zetaquirá,5.283,-73.1693,1720,6/15/1957,,Andes,Orinoco,Meta,Río Lengupá,1.57818186283112,1.9163635969162,2,2,0.829710125923157,0.960144937038422,1,1,1.05999994277954,2020,08,43,16.4,16.4,17.3839990615845,0,17.5484066009522,2020-08-01,9.96443176269531,18.5331554412842,16.1442470550537
35080010,Pluviométrica,Convencional,Boyacá,Zetaquirá,5.283,-73.1693,1720,6/15/1957,,Andes,Orinoco,Meta,Río Lengupá,1.57818186283112,1.9163635969162,2,2,0.829710125923157,0.960144937038422,1,1,1.05999994277954,2020,08,44,115.8,34.6,36.6759980201721,2,16.7291889190674,2020-08-01,4.50812482833862,30.0665760040283,20.1789817810059
35080010,Pluviométrica,Convencional,Boyacá,Zetaquirá,5.283,-73.1693,1720,6/15/1957,,Andes,Orinoco,Meta,Río Lengupá,1.57818186283112,1.9163635969162,2,2,0.829710125923157,0.960144937038422,1,1,1.05999994277954,2020,08,45,36,36,38.1599979400635,0,39.496898651123,2020-08-01,47.2895393371582,44.6917114257813,49.9348564147949
35080010,Pluviométrica,Convencional,Boyacá,Zetaquirá,5.283,-73.1693,1720,6/15/1957,,Andes,Orinoco,Meta,Río Lengupá,1.57818186283112,1.9163635969162,2,2,0.829710125923157,0.960144937038422,1,1,1.05999994277954,2020,08,46,6.6,6.6,6.99599962234497,0,61.3870124816895,2020-08-01,86.2403869628906,29.4053554534912,35.112434387207
35080010,Pluviométrica,Convencional,Boyacá,Zetaquirá,5.283,-73.1693,1720,6/15/1957,,Andes,Orinoco,Meta,Río Lengupá,1.57818186283112,1.9163635969162,2,2,0.829710125923157,0.960144937038422,1,1,1.05999994277954,2020,08,47,20.5,20.5,21.7299988269806,0,33.9544410705566,2020-08-01,34.7105865478516,26.7721252441406,25.2734966278076
35080010,Pluviométrica,Convencional,Boyacá,Zetaquirá,5.283,-73.1693,1720,6/15/1957,,Andes,Orinoco,Meta,Río Lengupá,1.57818186283112,1.9163635969162,2,2,0.829710125923157,0.960144937038422,1,1,1.05999994277954,2020,08,48,51.2,2.7,2.86199984550476,1,59.3666381835938,2020-08-01,54.1831817626953,44.9384994506836,42.1141929626465
35080010,Pluviométrica,Convencional,Boyacá,Zetaquirá,5.283,-73.1693,1720,6/15/1957,,Andes,Orinoco,Meta,Río Lengupá,1.57818186283112,1.9163635969162,2,2,0.829710125923157,0.960144937038422,1,1,1.05999994277954,2020,09,49,21.7,21.7,23.001998758316,0,9.85090827941895,2020-09-01,8.0604944229126,23.3746700286865,25.961555480957
35080010,Pluviométrica,Convencional,Boyacá,Zetaquirá,5.283,-73.1693,1720,6/15/1957,,Andes,Orinoco,Meta,Río Lengupá,1.57818186283112,1.9163635969162,2,2,0.829710125923157,0.960144937038422,1,1,1.05999994277954,2020,09,50,15.6,15.6,16.5359991073608,0,29.1525230407715,2020-09-01,43.6559753417969,26.220588684082,30.5272541046143
35080010,Pluviométrica,Convencional,Boyacá,Zetaquirá,5.283,-73.1693,1720,6/15/1957,,Andes,Orinoco,Meta,Río Lengupá,1.57818186283112,1.9163635969162,2,2,0.829710125923157,0.960144937038422,1,1,1.05999994277954,2020,09,51,13.5,13.5,14.3099992275238,0,9.14457321166992,2020-09-01,2.85892367362976,12.8862085342407,6.60904598236084
35080010,Pluviométrica,Convencional,Boyacá,Zetaquirá,5.283,-73.1693,1720,6/15/1957,,Andes,Orinoco,Meta,Río Lengupá,1.57818186283112,1.9163635969162,2,2,0.829710125923157,0.960144937038422,1,1,1.05999994277954,2020,09,52,33,33,34.9799981117249,0,26.2836875915527,2020-09-01,36.9912452697754,32.2872848510742,36.8516654968262
35080010,Pluviométrica,Convencional,Boyacá,Zetaquirá,5.283,-73.1693,1720,6/15/1957,,Andes,Orinoco,Meta,Río Lengupá,1.57818186283112,1.9163635969162,2,2,0.829710125923157,0.960144937038422,1,1,1.05999994277954,2020,09,53,42.6,42.6,45.1559975624085,0,12.4606227874756,2020-09-01,9.51930141448975,24.7769317626953,22.4766902923584
35080010,Pluviométrica,Convencional,Boyacá,Zetaquirá,5.283,-73.1693,1720,6/15/1957,,Andes,Orinoco,Meta,Río Lengupá,1.57818186283112,1.9163635969162,2,2,0.829710125923157,0.960144937038422,1,1,1.05999994277954,2020,09,54,3.2,3.2,3.39199981689453,0,9.10583209991455,2020-09-01,9.27432727813721,7.26510810852051,14.64040184021
35080010,Pluviométrica,Convencional,Boyacá,Zetaquirá,5.283,-73.1693,1720,6/15/1957,,Andes,Orinoco,Meta,Río Lengupá,1.57818186283112,1.9163635969162,2,2,0.829710125923157,0.960144937038422,1,1,1.04999995231628,2020,10,55,2.2,2.2,2.30999989509583,0,9.02799606323242,2020-10-01,0,10.8723812103271,0
35080010,Pluviométrica,Convencional,Boyacá,Zetaquirá,5.283,-73.1693,1720,6/15/1957,,Andes,Orinoco,Meta,Río Lengupá,1.57818186283112,1.9163635969162,2,2,0.829710125923157,0.960144937038422,1,1,1.04999995231628,2020,10,56,48.6,48.6,51.0299976825714,0,19.9604625701904,2020-10-01,22.368745803833,41.1271896362305,59.9370193481445
35080010,Pluviométrica,Convencional,Boyacá,Zetaquirá,5.283,-73.1693,1720,6/15/1957,,Andes,Orinoco,Meta,Río Lengupá,1.57818186283112,1.9163635969162,2,2,0.829710125923157,0.960144937038422,1,1,1.04999995231628,2020,10,57,10.4,10.4,10.9199995040894,0,11.9237871170044,2020-10-01,3.03372263908386,11.6076421737671,8.34078502655029
35080010,Pluviométrica,Convencional,Boyacá,Zetaquirá,5.283,-73.1693,1720,6/15/1957,,Andes,Orinoco,Meta,Río Lengupá,1.57818186283112,1.9163635969162,2,2,0.829710125923157,0.960144937038422,1,1,1.04999995231628,2020,10,58,0,0,0,0,28.9587059020996,2020-10-01,46.2535133361816,9.6836576461792,15.9756927490234
35080010,Pluviométrica,Convencional,Boyacá,Zetaquirá,5.283,-73.1693,1720,6/15/1957,,Andes,Orinoco,Meta,Río Lengupá,1.57818186283112,1.9163635969162,2,2,0.829710125923157,0.960144937038422,1,1,1.04999995231628,2020,10,59,7.8,7.8,8.18999962806702,0,14.3898048400879,2020-10-01,10.2295818328857,11.6568164825439,12.913426399231
35080010,Pluviométrica,Convencional,Boyacá,Zetaquirá,5.283,-73.1693,1720,6/15/1957,,Andes,Orinoco,Meta,Río Lengupá,1.57818186283112,1.9163635969162,2,2,0.829710125923157,0.960144937038422,1,1,1.04999995231628,2020,10,60,139.9,61.4,64.4699970722199,1,26.3453426361084,2020-10-01,25.5033168792725,36.0903816223145,48.0253868103027
35080010,Pluviométrica,Convencional,Boyacá,Zetaquirá,5.283,-73.1693,1720,6/15/1957,,Andes,Orinoco,Meta,Río Lengupá,1.57818186283112,1.9163635969162,2,2,0.829710125923157,0.960144937038422,1,1,1.04999995231628,2020,11,61,15.3,15.3,16.0649992704391,0,19.7758502960205,2020-11-01,34.8575210571289,31.6555671691895,40.5923461914063
35080010,Pluviométrica,Convencional,Boyacá,Zetaquirá,5.283,-73.1693,1720,6/15/1957,,Andes,Orinoco,Meta,Río Lengupá,1.57818186283112,1.9163635969162,2,2,0.829710125923157,0.960144937038422,1,1,1.04999995231628,2020,11,62,31,31,32.5499985218048,0,21.6829376220703,2020-11-01,39.2494125366211,36.7543601989746,47.0170783996582
35080010,Pluviométrica,Convencional,Boyacá,Zetaquirá,5.283,-73.1693,1720,6/15/1957,,Andes,Orinoco,Meta,Río Lengupá,1.57818186283112,1.9163635969162,2,2,0.829710125923157,0.960144937038422,1,1,1.04999995231628,2020,11,63,32.7,32.7,34.3349984407425,0,19.3864154815674,2020-11-01,34.9667930603027,33.2439079284668,43.0791244506836
35080010,Pluviométrica,Convencional,Boyacá,Zetaquirá,5.283,-73.1693,1720,6/15/1957,,Andes,Orinoco,Meta,Río Lengupá,1.57818186283112,1.9163635969162,2,2,0.829710125923157,0.960144937038422,1,1,1.04999995231628,2020,11,64,66.7,27.2,28.5599987030029,1,23.2858219146729,2020-11-01,45.1462173461914,35.7701454162598,42.2685928344727
35080010,Pluviométrica,Convencional,Boyacá,Zetaquirá,5.283,-73.1693,1720,6/15/1957,,Andes,Orinoco,Meta,Río Lengupá,1.57818186283112,1.9163635969162,2,2,0.829710125923157,0.960144937038422,1,1,1.04999995231628,2020,11,65,35.6,35.6,37.3799983024597,0,15.3008632659912,2020-11-01,23.4391574859619,23.2175407409668,44.223518371582
35080010,Pluviométrica,Convencional,Boyacá,Zetaquirá,5.283,-73.1693,1720,6/15/1957,,Andes,Orinoco,Meta,Río Lengupá,1.57818186283112,1.9163635969162,2,2,0.829710125923157,0.960144937038422,1,1,1.04999995231628,2020,11,66,111.8,72.3,75.9149965524674,1,8.33796405792236,2020-11-01,9.49181270599365,17.8382110595703,27.22287940979
35080010,Pluviométrica,Convencional,Boyacá,Zetaquirá,5.283,-73.1693,1720,6/15/1957,,Andes,Orinoco,Meta,Río Lengupá,1.57818186283112,1.9163635969162,2,2,0.829710125923157,0.960144937038422,1,1,1.07000005245209,2020,12,67,6.4,6.4,6.84800033569336,0,3.53580260276794,2020-12-01,2.16043901443481,9.43922328948975,9.438232421875
35080010,Pluviométrica,Convencional,Boyacá,Zetaquirá,5.283,-73.1693,1720,6/15/1957,,Andes,Orinoco,Meta,Río Lengupá,1.57818186283112,1.9163635969162,2,2,0.829710125923157,0.960144937038422,1,1,1.07000005245209,2020,12,68,23.8,23.8,25.4660012483597,0,11.2487936019897,2020-12-01,26.1229019165039,17.3590679168701,30.8553771972656
35080010,Pluviométrica,Convencional,Boyacá,Zetaquirá,5.283,-73.1693,1720,6/15/1957,,Andes,Orinoco,Meta,Río Lengupá,1.57818186283112,1.9163635969162,2,2,0.829710125923157,0.960144937038422,1,1,1.07000005245209,2020,12,69,5.2,5.2,5.56400027275086,0,2.86853790283203,2020-12-01,2.95125102996826,3.28508043289185,9.49640464782715
35080010,Pluviométrica,Convencional,Boyacá,Zetaquirá,5.283,-73.1693,1720,6/15/1957,,Andes,Orinoco,Meta,Río Lengupá,1.57818186283112,1.9163635969162,2,2,0.829710125923157,0.960144937038422,1,1,1.07000005245209,2020,12,70,17.4,17.4,18.6180009126663,0,2.94227266311646,2020-12-01,2.25644111633301,3.60080409049988,5.77590131759644
35080010,Pluviométrica,Convencional,Boyacá,Zetaquirá,5.283,-73.1693,1720,6/15/1957,,Andes,Orinoco,Meta,Río Lengupá,1.57818186283112,1.9163635969162,2,2,0.829710125923157,0.960144937038422,1,1,1.07000005245209,2020,12,71,35.5,35.5,37.9850018620491,0,3.4160213470459,2020-12-01,2.37028241157532,4.71550798416138,8.58889579772949
35080010,Pluviométrica,Convencional,Boyacá,Zetaquirá,5.283,-73.1693,1720,6/15/1957,,Andes,Orinoco,Meta,Río Lengupá,1.57818186283112,1.9163635969162,2,2,0.829710125923157,0.960144937038422,1,1,1.07000005245209,2020,12,72,4.9,4.9,5.24300025701523,0,19.3038597106934,2020-12-01,35.9328804016113,27.6637897491455,47.1877746582031
35080010,Pluviométrica,Convencional,Boyacá,Zetaquirá,5.283,-73.1693,1720,6/15/1957,,Andes,Orinoco,Meta,Río Lengupá,1.57818186283112,1.9163635969162,2,2,0.829710125923157,0.960144937038422,1,1,1.07000005245209,2021,01,1,36.1,36.1,38.6270018935204,0,4.64242315292358,2021-01-01,4.45475959777832,10.1236047744751,12.1366872787476
35080010,Pluviométrica,Convencional,Boyacá,Zetaquirá,5.283,-73.1693,1720,6/15/1957,,Andes,Orinoco,Meta,Río Lengupá,1.57818186283112,1.9163635969162,2,2,0.829710125923157,0.960144937038422,1,1,1.07000005245209,2021,01,2,51.1,51.1,54.6770026803017,0,10.9408340454102,2021-01-01,8.87974262237549,25.7457427978516,21.3638935089111
35080010,Pluviométrica,Convencional,Boyacá,Zetaquirá,5.283,-73.1693,1720,6/15/1957,,Andes,Orinoco,Meta,Río Lengupá,1.57818186283112,1.9163635969162,2,2,0.829710125923157,0.960144937038422,1,1,1.07000005245209,2021,01,3,0,0,0,0,6.60328197479248,2021-01-01,2.33185815811157,4.32568979263306,3.01934599876404
35080010,Pluviométrica,Convencional,Boyacá,Zetaquirá,5.283,-73.1693,1720,6/15/1957,,Andes,Orinoco,Meta,Río Lengupá,1.57818186283112,1.9163635969162,2,2,0.829710125923157,0.960144937038422,1,1,1.07000005245209,2021,01,4,0,0,0,0,8.56663608551025,2021-01-01,4.55782175064087,4.26030540466309,3.23975515365601
35080010,Pluviométrica,Convencional,Boyacá,Zetaquirá,5.283,-73.1693,1720,6/15/1957,,Andes,Orinoco,Meta,Río Lengupá,1.57818186283112,1.9163635969162,2,2,0.829710125923157,0.960144937038422,1,1,1.07000005245209,2021,01,5,9.2,9.2,9.8440004825592,0,6.24303674697876,2021-01-01,1.64468801021576,8.71083831787109,4.28068494796753
35080010,Pluviométrica,Convencional,Boyacá,Zetaquirá,5.283,-73.1693,1720,6/15/1957,,Andes,Orinoco,Meta,Río Lengupá,1.57818186283112,1.9163635969162,2,2,0.829710125923157,0.960144937038422,1,1,1.07000005245209,2021,01,6,0,0,0,0,7.65738105773926,2021-01-01,0.691168010234833,3.68459439277649,0.598092257976532
35080010,Pluviométrica,Convencional,Boyacá,Zetaquirá,5.283,-73.1693,1720,6/15/1957,,Andes,Orinoco,Meta,Río Lengupá,1.57818186283112,1.9163635969162,2,2,0.829710125923157,0.960144937038422,1,1,1.08000004291534,2021,02,7,16.9,16.9,18.2520007252693,0,5.69211721420288,2021-02-01,0.972969055175781,9.52191257476807,2.97776937484741
35080010,Pluviométrica,Convencional,Boyacá,Zetaquirá,5.283,-73.1693,1720,6/15/1957,,Andes,Orinoco,Meta,Río Lengupá,1.57818186283112,1.9163635969162,2,2,0.829710125923157,0.960144937038422,1,1,1.08000004291534,2021,02,8,10,10,10.8000004291534,0,9.11432075500488,2021-02-01,14.9970235824585,12.6948318481445,23.1207160949707
35080010,Pluviométrica,Convencional,Boyacá,Zetaquirá,5.283,-73.1693,1720,6/15/1957,,Andes,Orinoco,Meta,Río Lengupá,1.57818186283112,1.9163635969162,2,2,0.829710125923157,0.960144937038422,1,1,1.08000004291534,2021,02,9,4.2,4.2,4.53600018024445,0,5.26832866668701,2021-02-01,1.00317966938019,4.89817905426025,1.57005345821381
35080010,Pluviométrica,Convencional,Boyacá,Zetaquirá,5.283,-73.1693,1720,6/15/1957,,Andes,Orinoco,Meta,Río Lengupá,1.57818186283112,1.9163635969162,2,2,0.829710125923157,0.960144937038422,1,1,1.08000004291534,2021,02,10,0.9,0.9,0.97200003862381,0,5.29232311248779,2021-02-01,0.486874550580978,3.8766655921936,0.752823293209076
35080010,Pluviométrica,Convencional,Boyacá,Zetaquirá,5.283,-73.1693,1720,6/15/1957,,Andes,Orinoco,Meta,Río Lengupá,1.57818186283112,1.9163635969162,2,2,0.829710125923157,0.960144937038422,1,1,1.08000004291534,2021,02,11,16.9,16.9,18.2520007252693,0,5.21465301513672,2021-02-01,1.12841987609863,8.40700149536133,3.69464302062988
35080010,Pluviométrica,Convencional,Boyacá,Zetaquirá,5.283,-73.1693,1720,6/15/1957,,Andes,Orinoco,Meta,Río Lengupá,1.57818186283112,1.9163635969162,2,2,0.829710125923157,0.960144937038422,1,1,1.08000004291534,2021,02,12,0,0,0,0,2.11413717269897,2021-02-01,1.40506875514984,1.9039717912674,1.5892459154129
35080010,Pluviométrica,Convencional,Boyacá,Zetaquirá,5.283,-73.1693,1720,6/15/1957,,Andes,Orinoco,Meta,Río Lengupá,1.57818186283112,1.9163635969162,2,2,0.829710125923157,0.960144937038422,1,1,1.08000004291534,2021,03,13,9.7,9.7,10.4760004162788,0,6.89943408966065,2021-03-01,4.80702352523804,6.89943408966065,4.80702352523804
35080010,Pluviométrica,Convencional,Boyacá,Zetaquirá,5.283,-73.1693,1720,6/15/1957,,Andes,Orinoco,Meta,Río Lengupá,1.57818186283112,1.9163635969162,2,2,0.829710125923157,0.960144937038422,1,1,1.08000004291534,2021,03,14,47.9,47.9,51.732002055645,0,18.5553283691406,2021-03-01,30.6398525238037,18.5553283691406,30.6398525238037
35080010,Pluviométrica,Convencional,Boyacá,Zetaquirá,5.283,-73.1693,1720,6/15/1957,,Andes,Orinoco,Meta,Río Lengupá,1.57818186283112,1.9163635969162,2,2,0.829710125923157,0.960144937038422,1,1,1.08000004291534,2021,03,15,14,14,15.1200006008148,0,3.97195672988892,2021-03-01,0.545682787895203,3.97195672988892,0.545682787895203
35080010,Pluviométrica,Convencional,Boyacá,Zetaquirá,5.283,-73.1693,1720,6/15/1957,,Andes,Orinoco,Meta,Río Lengupá,1.57818186283112,1.9163635969162,2,2,0.829710125923157,0.960144937038422,1,1,1.08000004291534,2021,03,16,35.9,35.9,38.7720015406609,0,11.9224491119385,2021-03-01,19.6577243804932,11.9224491119385,19.6577243804932
35080010,Pluviométrica,Convencional,Boyacá,Zetaquirá,5.283,-73.1693,1720,6/15/1957,,Andes,Orinoco,Meta,Río Lengupá,1.57818186283112,1.9163635969162,2,2,0.829710125923157,0.960144937038422,1,1,1.08000004291534,2021,03,17,38.7,38.7,41.7960016608238,0,8.29064178466797,2021-03-01,10.4986362457275,8.29064178466797,10.4986362457275
35080010,Pluviométrica,Convencional,Boyacá,Zetaquirá,5.283,-73.1693,1720,6/15/1957,,Andes,Orinoco,Meta,Río Lengupá,1.57818186283112,1.9163635969162,2,2,0.829710125923157,0.960144937038422,1,1,1.08000004291534,2021,03,18,51.2,51.2,55.2960021972656,0,18.5024566650391,2021-03-01,23.1662693023682,18.5024566650391,23.1662693023682
35080010,Pluviométrica,Convencional,Boyacá,Zetaquirá,5.283,-73.1693,1720,6/15/1957,,Andes,Orinoco,Meta,Río Lengupá,1.57818186283112,1.9163635969162,2,2,0.829710125923157,0.960144937038422,1,1,1.05999994277954,2021,04,19,24.1,24.1,25.5459986209869,0,33.0657997131348,2021-04-01,36.6682891845703,33.0657997131348,36.6682891845703
35080010,Pluviométrica,Convencional,Boyacá,Zetaquirá,5.283,-73.1693,1720,6/15/1957,,Andes,Orinoco,Meta,Río Lengupá,1.57818186283112,1.9163635969162,2,2,0.829710125923157,0.960144937038422,1,1,1.05999994277954,2021,04,20,32.9,32.9,34.8739981174469,0,20.8503437042236,2021-04-01,21.8342094421387,20.8503437042236,21.8342094421387
35080010,Pluviométrica,Convencional,Boyacá,Zetaquirá,5.283,-73.1693,1720,6/15/1957,,Andes,Orinoco,Meta,Río Lengupá,1.57818186283112,1.9163635969162,2,2,0.829710125923157,0.960144937038422,1,1,1.05999994277954,2021,04,21,64.8,64.8,68.6879962921143,0,37.056755065918,2021-04-01,47.7583847045899,37.056755065918,47.7583847045899
35080010,Pluviométrica,Convencional,Boyacá,Zetaquirá,5.283,-73.1693,1720,6/15/1957,,Andes,Orinoco,Meta,Río Lengupá,1.57818186283112,1.9163635969162,2,2,0.829710125923157,0.960144937038422,1,1,1.05999994277954,2021,04,22,50.5,0,0,1,21.8206481933594,2021-04-01,21.733226776123,21.8206481933594,21.733226776123
35080010,Pluviométrica,Convencional,Boyacá,Zetaquirá,5.283,-73.1693,1720,6/15/1957,,Andes,Orinoco,Meta,Río Lengupá,1.57818186283112,1.9163635969162,2,2,0.829710125923157,0.960144937038422,1,1,1.05999994277954,2021,04,23,7.2,7.2,7.6319995880127,0,4.61210489273071,2021-04-01,0,4.61210489273071,0
35080010,Pluviométrica,Convencional,Boyacá,Zetaquirá,5.283,-73.1693,1720,6/15/1957,,Andes,Orinoco,Meta,Río Lengupá,1.57818186283112,1.9163635969162,2,2,0.829710125923157,0.960144937038422,1,1,1.05999994277954,2021,04,24,117.9,64.4,68.2639963150024,1,58.1565208435059,2021-04-01,86.8915023803711,58.1565208435059,86.8915023803711
35080010,Pluviométrica,Convencional,Boyacá,Zetaquirá,5.283,-73.1693,1720,6/15/1957,,Andes,Orinoco,Meta,Río Lengupá,1.57818186283112,1.9163635969162,2,2,0.829710125923157,0.960144937038422,1,1,1.04999995231628,2021,05,25,45,45,47.2499978542328,0,47.3795776367188,2021-05-01,74.7744140625,47.3795776367188,74.7744140625
35080010,Pluviométrica,Convencional,Boyacá,Zetaquirá,5.283,-73.1693,1720,6/15/1957,,Andes,Orinoco,Meta,Río Lengupá,1.57818186283112,1.9163635969162,2,2,0.829710125923157,0.960144937038422,1,1,1.04999995231628,2021,05,26,57.3,57.3,60.1649972677231,0,32.4228439331055,2021-05-01,46.3466720581055,32.4228439331055,46.3466720581055
35080010,Pluviométrica,Convencional,Boyacá,Zetaquirá,5.283,-73.1693,1720,6/15/1957,,Andes,Orinoco,Meta,Río Lengupá,1.57818186283112,1.9163635969162,2,2,0.829710125923157,0.960144937038422,1,1,1.04999995231628,2021,05,27,22.6,22.6,23.729998922348,0,8.82143497467041,2021-05-01,2.95357489585876,8.82143497467041,2.95357489585876
35080010,Pluviométrica,Convencional,Boyacá,Zetaquirá,5.283,-73.1693,1720,6/15/1957,,Andes,Orinoco,Meta,Río Lengupá,1.57818186283112,1.9163635969162,2,2,0.829710125923157,0.960144937038422,1,1,1.04999995231628,2021,05,28,24.1,24.1,25.3049988508224,0,21.462833404541,2021-05-01,30.0222091674805,21.462833404541,30.0222091674805
35080010,Pluviométrica,Convencional,Boyacá,Zetaquirá,5.283,-73.1693,1720,6/15/1957,,Andes,Orinoco,Meta,Río Lengupá,1.57818186283112,1.9163635969162,2,2,0.829710125923157,0.960144937038422,1,1,1.04999995231628,2021,05,29,39.6,39.6,41.5799981117249,0,20.8313541412354,2021-05-01,34.2639312744141,20.8313541412354,34.2639312744141
35080010,Pluviométrica,Convencional,Boyacá,Zetaquirá,5.283,-73.1693,1720,6/15/1957,,Andes,Orinoco,Meta,Río Lengupá,1.57818186283112,1.9163635969162,2,2,0.829710125923157,0.960144937038422,1,1,1.04999995231628,2021,05,30,74.1,74.1,77.8049964666367,0,16.64333152771,2021-05-01,14.3296051025391,16.64333152771,14.3296051025391
35080010,Pluviométrica,Convencional,Boyacá,Zetaquirá,5.283,-73.1693,1720,6/15/1957,,Andes,Orinoco,Meta,Río Lengupá,1.57818186283112,1.9163635969162,2,2,0.829710125923157,0.960144937038422,1,1,1.04999995231628,2021,06,31,56.7,56.7,59.5349972963333,0,37.5265922546387,2021-06-01,50.2255172729492,37.5265922546387,50.2255172729492
35080010,Pluviométrica,Convencional,Boyacá,Zetaquirá,5.283,-73.1693,1720,6/15/1957,,Andes,Orinoco,Meta,Río Lengupá,1.57818186283112,1.9163635969162,2,2,0.829710125923157,0.960144937038422,1,1,1.04999995231628,2021,06,32,73.2,15.2,15.9599992752075,1,41.7953643798828,2021-06-01,55.3973541259766,41.7953643798828,55.3973541259766
35080010,Pluviométrica,Convencional,Boyacá,Zetaquirá,5.283,-73.1693,1720,6/15/1957,,Andes,Orinoco,Meta,Río Lengupá,1.57818186283112,1.9163635969162,2,2,0.829710125923157,0.960144937038422,1,1,1.04999995231628,2021,06,33,55.2,13.2,13.859999370575,1,50.747013092041,2021-06-01,73.3597030639649,50.747013092041,73.3597030639649
35080010,Pluviométrica,Convencional,Boyacá,Zetaquirá,5.283,-73.1693,1720,6/15/1957,,Andes,Orinoco,Meta,Río Lengupá,1.57818186283112,1.9163635969162,2,2,0.829710125923157,0.960144937038422,1,1,1.04999995231628,2021,06,34,51.3,51.3,53.8649975538254,0,53.489444732666,2021-06-01,82.8088912963867,53.489444732666,82.8088912963867
35080010,Pluviométrica,Convencional,Boyacá,Zetaquirá,5.283,-73.1693,1720,6/15/1957,,Andes,Orinoco,Meta,Río Lengupá,1.57818186283112,1.9163635969162,2,2,0.829710125923157,0.960144937038422,1,1,1.04999995231628,2021,06,35,42.3,42.3,44.4149979829788,0,21.8238925933838,2021-06-01,19.0932369232178,21.8238925933838,19.0932369232178
35080010,Pluviométrica,Convencional,Boyacá,Zetaquirá,5.283,-73.1693,1720,6/15/1957,,Andes,Orinoco,Meta,Río Lengupá,1.57818186283112,1.9163635969162,2,2,0.829710125923157,0.960144937038422,1,1,1.04999995231628,2021,06,36,54.7,54.7,57.4349973917008,0,30.0639533996582,2021-06-01,37.1524658203125,30.0639533996582,37.1524658203125
35080010,Pluviométrica,Convencional,Boyacá,Zetaquirá,5.283,-73.1693,1720,6/15/1957,,Andes,Orinoco,Meta,Río Lengupá,1.57818186283112,1.9163635969162,2,2,0.829710125923157,0.960144937038422,1,1,1.03999996185303,2021,07,37,33.6,33.6,34.9439987182617,0,14.0037212371826,2021-07-01,7.88420057296753,14.0037212371826,7.88420057296753
35080010,Pluviométrica,Convencional,Boyacá,Zetaquirá,5.283,-73.1693,1720,6/15/1957,,Andes,Orinoco,Meta,Río Lengupá,1.57818186283112,1.9163635969162,2,2,0.829710125923157,0.960144937038422,1,1,1.03999996185303,2021,07,38,52.5,52.5,54.5999979972839,0,36.769905090332,2021-07-01,38.6980857849121,36.769905090332,38.6980857849121
35080010,Pluviométrica,Convencional,Boyacá,Zetaquirá,5.283,-73.1693,1720,6/15/1957,,Andes,Orinoco,Meta,Río Lengupá,1.57818186283112,1.9163635969162,2,2,0.829710125923157,0.960144937038422,1,1,1.03999996185303,2021,07,39,32.3,32.3,33.5919987678528,0,34.9104347229004,2021-07-01,44.9222640991211,34.9104347229004,44.9222640991211
35080010,Pluviométrica,Convencional,Boyacá,Zetaquirá,5.283,-73.1693,1720,6/15/1957,,Andes,Orinoco,Meta,Río Lengupá,1.57818186283112,1.9163635969162,2,2,0.829710125923157,0.960144937038422,1,1,1.03999996185303,2021,07,40,78.9,78.9,82.0559969902039,0,24.1819477081299,2021-07-01,19.4964599609375,24.1819477081299,19.4964599609375
35080010,Pluviométrica,Convencional,Boyacá,Zetaquirá,5.283,-73.1693,1720,6/15/1957,,Andes,Orinoco,Meta,Río Lengupá,1.57818186283112,1.9163635969162,2,2,0.829710125923157,0.960144937038422,1,1,1.03999996185303,2021,07,41,55.9,55.9,58.1359978675842,0,35.7392463684082,2021-07-01,45.3003730773926,35.7392463684082,45.3003730773926
35080010,Pluviométrica,Convencional,Boyacá,Zetaquirá,5.283,-73.1693,1720,6/15/1957,,Andes,Orinoco,Meta,Río Lengupá,1.57818186283112,1.9163635969162,2,2,0.829710125923157,0.960144937038422,1,1,1.03999996185303,2021,07,42,14.9,14.9,15.4959994316101,0,52.511646270752,2021-07-01,45.1715698242188,52.511646270752,45.1715698242188
35080010,Pluviométrica,Convencional,Boyacá,Zetaquirá,5.283,-73.1693,1720,6/15/1957,,Andes,Orinoco,Meta,Río Lengupá,1.57818186283112,1.9163635969162,2,2,0.829710125923157,0.960144937038422,1,1,1.05999994277954,2021,08,43,92.9,92.9,98.4739946842194,0,17.5484066009522,2021-08-01,9.96443176269531,17.5484066009522,9.96443176269531
35080010,Pluviométrica,Convencional,Boyacá,Zetaquirá,5.283,-73.1693,1720,6/15/1957,,Andes,Orinoco,Meta,Río Lengupá,1.57818186283112,1.9163635969162,2,2,0.829710125923157,0.960144937038422,1,1,1.05999994277954,2021,08,44,25.2,25.2,26.7119985580444,0,36.255313873291,2021-08-01,40.4677352905274,36.255313873291,40.4677352905274
35080010,Pluviométrica,Convencional,Boyacá,Zetaquirá,5.283,-73.1693,1720,6/15/1957,,Andes,Orinoco,Meta,Río Lengupá,1.57818186283112,1.9163635969162,2,2,0.829710125923157,0.960144937038422,1,1,1.05999994277954,2021,08,45,27.5,27.5,29.1499984264374,0,55.1199836730957,2021-08-01,79.7521820068359,55.1199836730957,79.7521820068359
35080010,Pluviométrica,Convencional,Boyacá,Zetaquirá,5.283,-73.1693,1720,6/15/1957,,Andes,Orinoco,Meta,Río Lengupá,1.57818186283112,1.9163635969162,2,2,0.829710125923157,0.960144937038422,1,1,1.05999994277954,2021,08,46,20.5,20.5,21.7299988269806,0,61.3870124816895,2021-08-01,86.2403869628906,61.3870124816895,86.2403869628906
35080010,Pluviométrica,Convencional,Boyacá,Zetaquirá,5.283,-73.1693,1720,6/15/1957,,Andes,Orinoco,Meta,Río Lengupá,1.57818186283112,1.9163635969162,2,2,0.829710125923157,0.960144937038422,1,1,1.05999994277954,2021,08,47,5.7,5.7,6.04199967384338,0,31.7187442779541,2021-08-01,34.7105865478516,31.7187442779541,34.7105865478516
35080010,Pluviométrica,Convencional,Boyacá,Zetaquirá,5.283,-73.1693,1720,6/15/1957,,Andes,Orinoco,Meta,Río Lengupá,1.57818186283112,1.9163635969162,2,2,0.829710125923157,0.960144937038422,1,1,1.05999994277954,2021,08,48,120.8,71.8,76.1079958915711,1,80.7305755615234,2021-08-01,81.2360382080078,80.7305755615234,81.2360382080078
35080010,Pluviométrica,Convencional,Boyacá,Zetaquirá,5.283,-73.1693,1720,6/15/1957,,Andes,Orinoco,Meta,Río Lengupá,1.57818186283112,1.9163635969162,2,2,0.829710125923157,0.960144937038422,1,1,1.05999994277954,2021,09,49,7.8,7.8,8.26799955368042,0,26.1142196655273,2021-09-01,44.3338356018066,26.1142196655273,44.3338356018066
35080010,Pluviométrica,Convencional,Boyacá,Zetaquirá,5.283,-73.1693,1720,6/15/1957,,Andes,Orinoco,Meta,Río Lengupá,1.57818186283112,1.9163635969162,2,2,0.829710125923157,0.960144937038422,1,1,1.05999994277954,2021,09,50,50.1,8.1,8.58599953651428,1,29.1525230407715,2021-09-01,45.4339904785156,29.1525230407715,45.4339904785156
35080010,Pluviométrica,Convencional,Boyacá,Zetaquirá,5.283,-73.1693,1720,6/15/1957,,Andes,Orinoco,Meta,Río Lengupá,1.57818186283112,1.9163635969162,2,2,0.829710125923157,0.960144937038422,1,1,1.05999994277954,2021,09,51,52.6,52.6,55.7559969902039,0,19.4083995819092,2021-09-01,19.9021530151367,19.4083995819092,19.9021530151367
35080010,Pluviométrica,Convencional,Boyacá,Zetaquirá,5.283,-73.1693,1720,6/15/1957,,Andes,Orinoco,Meta,Río Lengupá,1.57818186283112,1.9163635969162,2,2,0.829710125923157,0.960144937038422,1,1,1.05999994277954,2021,09,52,14.8,14.8,15.6879991531372,0,6.3789758682251,2021-09-01,0,6.3789758682251,0
35080010,Pluviométrica,Convencional,Boyacá,Zetaquirá,5.283,-73.1693,1720,6/15/1957,,Andes,Orinoco,Meta,Río Lengupá,1.57818186283112,1.9163635969162,2,2,0.829710125923157,0.960144937038422,1,1,1.05999994277954,2021,09,53,51,51,54.0599970817566,0,14.8429355621338,2021-09-01,15.4233045578003,14.8429355621338,15.4233045578003
35080010,Pluviométrica,Convencional,Boyacá,Zetaquirá,5.283,-73.1693,1720,6/15/1957,,Andes,Orinoco,Meta,Río Lengupá,1.57818186283112,1.9163635969162,2,2,0.829710125923157,0.960144937038422,1,1,1.05999994277954,2021,09,54,0.5,0.5,0.529999971389771,0,11.6923952102661,2021-09-01,9.27432727813721,11.6923952102661,9.27432727813721
35080010,Pluviométrica,Convencional,Boyacá,Zetaquirá,5.283,-73.1693,1720,6/15/1957,,Andes,Orinoco,Meta,Río Lengupá,1.57818186283112,1.9163635969162,2,2,0.829710125923157,0.960144937038422,1,1,1.04999995231628,2021,10,55,7.9,7.9,8.29499962329865,0,24.4634685516357,2021-10-01,28.6689853668213,21.4169254302979,26.1993141174316
35080010,Pluviométrica,Convencional,Boyacá,Zetaquirá,5.283,-73.1693,1720,6/15/1957,,Andes,Orinoco,Meta,Río Lengupá,1.57818186283112,1.9163635969162,2,2,0.829710125923157,0.960144937038422,1,1,1.04999995231628,2021,10,56,6,6,6.29999971389771,0,17.7175216674805,2021-10-01,14.9244365692139,15.4576778411865,16.8919677734375
35080010,Pluviométrica,Convencional,Boyacá,Zetaquirá,5.283,-73.1693,1720,6/15/1957,,Andes,Orinoco,Meta,Río Lengupá,1.57818186283112,1.9163635969162,2,2,0.829710125923157,0.960144937038422,1,1,1.04999995231628,2021,10,57,4.1,4.1,4.30499980449677,0,21.2070465087891,2021-10-01,25.1697635650635,14.8586902618408,19.8807697296143
35080010,Pluviométrica,Convencional,Boyacá,Zetaquirá,5.283,-73.1693,1720,6/15/1957,,Andes,Orinoco,Meta,Río Lengupá,1.57818186283112,1.9163635969162,2,2,0.829710125923157,0.960144937038422,1,1,1.04999995231628,2021,10,58,46.5,46.5,48.8249977827072,0,28.9587059020996,2021-10-01,46.2535133361816,30.2739410400391,47.528003692627
35080010,Pluviométrica,Convencional,Boyacá,Zetaquirá,5.283,-73.1693,1720,6/15/1957,,Andes,Orinoco,Meta,Río Lengupá,1.57818186283112,1.9163635969162,2,2,0.829710125923157,0.960144937038422,1,1,1.04999995231628,2021,10,59,47.9,47.9,50.29499771595,0,7.75786256790161,2021-10-01,0,15.4545917510986,0
35080010,Pluviométrica,Convencional,Boyacá,Zetaquirá,5.283,-73.1693,1720,6/15/1957,,Andes,Orinoco,Meta,Río Lengupá,1.57818186283112,1.9163635969162,2,2,0.829710125923157,0.960144937038422,1,1,1.04999995231628,2021,10,60,107.9,107.9,113.294994854927,0,24.8296222686768,2021-10-01,22.7427310943604,53.1790008544922,75.2247314453125
35080010,Pluviométrica,Convencional,Boyacá,Zetaquirá,5.283,-73.1693,1720,6/15/1957,,Andes,Orinoco,Meta,Río Lengupá,1.57818186283112,1.9163635969162,2,2,0.829710125923157,0.960144937038422,1,1,1.04999995231628,2021,11,61,124.9,20.4,21.4199990272522,1,6.60471343994141,2021-11-01,3.75576186180115,12.8364295959473,17.7837162017822
35080010,Pluviométrica,Convencional,Boyacá,Zetaquirá,5.283,-73.1693,1720,6/15/1957,,Andes,Orinoco,Meta,Río Lengupá,1.57818186283112,1.9163635969162,2,2,0.829710125923157,0.960144937038422,1,1,1.04999995231628,2021,11,62,8.4,8.4,8.81999959945679,0,11.7291097640991,2021-11-01,15.7466773986816,14.9015550613403,31.3329601287842
35080010,Pluviométrica,Convencional,Boyacá,Zetaquirá,5.283,-73.1693,1720,6/15/1957,,Andes,Orinoco,Meta,Río Lengupá,1.57818186283112,1.9163635969162,2,2,0.829710125923157,0.960144937038422,1,1,1.04999995231628,2021,11,63,1.9,1.9,1.99499990940094,0,4.86111974716187,2021-11-01,0,3.3894157409668,0
35080010,Pluviométrica,Convencional,Boyacá,Zetaquirá,5.283,-73.1693,1720,6/15/1957,,Andes,Orinoco,Meta,Río Lengupá,1.57818186283112,1.9163635969162,2,2,0.829710125923157,0.960144937038422,1,1,1.04999995231628,2021,11,64,10.3,10.3,10.8149995088577,0,5.83695602416992,2021-11-01,1.69389009475708,6.0250415802002,5.08291816711426
35080010,Pluviométrica,Convencional,Boyacá,Zetaquirá,5.283,-73.1693,1720,6/15/1957,,Andes,Orinoco,Meta,Río Lengupá,1.57818186283112,1.9163635969162,2,2,0.829710125923157,0.960144937038422,1,1,1.04999995231628,2021,11,65,107.1,107.1,112.454994893074,0,27.8015804290772,2021-11-01,58.4375114440918,42.1072616577148,72.7937469482422
35080010,Pluviométrica,Convencional,Boyacá,Zetaquirá,5.283,-73.1693,1720,6/15/1957,,Andes,Orinoco,Meta,Río Lengupá,1.57818186283112,1.9163635969162,2,2,0.829710125923157,0.960144937038422,1,1,1.04999995231628,2021,11,66,35.2,35.2,36.9599983215332,0,13.8818330764771,2021-11-01,32.9118309020996,14.6878614425659,27.588586807251
35080010,Pluviométrica,Convencional,Boyacá,Zetaquirá,5.283,-73.1693,1720,6/15/1957,,Andes,Orinoco,Meta,Río Lengupá,1.57818186283112,1.9163635969162,2,2,0.829710125923157,0.960144937038422,1,1,1.07000005245209,2021,12,67,1.9,1.9,2.03300009965897,0,3.53580260276794,2021-12-01,2.16043901443481,3.53580260276794,2.16043901443481
35080010,Pluviométrica,Convencional,Boyacá,Zetaquirá,5.283,-73.1693,1720,6/15/1957,,Andes,Orinoco,Meta,Río Lengupá,1.57818186283112,1.9163635969162,2,2,0.829710125923157,0.960144937038422,1,1,1.07000005245209,2021,12,68,1.7,1.7,1.81900008916855,0,3.0952570438385,2021-12-01,1.77139663696289,3.0952570438385,1.77139663696289
35080010,Pluviométrica,Convencional,Boyacá,Zetaquirá,5.283,-73.1693,1720,6/15/1957,,Andes,Orinoco,Meta,Río Lengupá,1.57818186283112,1.9163635969162,2,2,0.829710125923157,0.960144937038422,1,1,1.07000005245209,2021,12,69,0,0,0,0,4.48774814605713,2021-12-01,11.7754821777344,4.48774814605713,11.7754821777344
35080010,Pluviométrica,Convencional,Boyacá,Zetaquirá,5.283,-73.1693,1720,6/15/1957,,Andes,Orinoco,Meta,Río Lengupá,1.57818186283112,1.9163635969162,2,2,0.829710125923157,0.960144937038422,1,1,1.07000005245209,2021,12,70,36.4,36.4,38.948001909256,0,2.94227266311646,2021-12-01,2.25644111633301,2.94227266311646,2.25644111633301
35080010,Pluviométrica,Convencional,Boyacá,Zetaquirá,5.283,-73.1693,1720,6/15/1957,,Andes,Orinoco,Meta,Río Lengupá,1.57818186283112,1.9163635969162,2,2,0.829710125923157,0.960144937038422,1,1,1.07000005245209,2021,12,71,7.5,7.5,8.02500039339066,0,3.4160213470459,2021-12-01,2.37028241157532,3.4160213470459,2.37028241157532
35080010,Pluviométrica,Convencional,Boyacá,Zetaquirá,5.283,-73.1693,1720,6/15/1957,,Andes,Orinoco,Meta,Río Lengupá,1.57818186283112,1.9163635969162,2,2,0.829710125923157,0.960144937038422,1,1,1.07000005245209,2021,12,72,0.9,0.9,0.963000047206879,0,5.89884471893311,2021-12-01,3.41814112663269,5.89884471893311,3.41814112663269
35080010,Pluviométrica,Convencional,Boyacá,Zetaquirá,5.283,-73.1693,1720,6/15/1957,,Andes,Orinoco,Meta,Río Lengupá,1.57818186283112,1.9163635969162,2,2,0.829710125923157,0.960144937038422,1,1,1.07000005245209,2022,01,1,0,0,0,0,4.64242315292358,2022-01-01,4.45475959777832,2.65317869186401,3.31981587409973
35080010,Pluviométrica,Convencional,Boyacá,Zetaquirá,5.283,-73.1693,1720,6/15/1957,,Andes,Orinoco,Meta,Río Lengupá,1.57818186283112,1.9163635969162,2,2,0.829710125923157,0.960144937038422,1,1,1.07000005245209,2022,01,2,1.5,1.5,1.60500007867813,0,5.92672634124756,2022-01-01,2.34820914268494,3.46798086166382,2.01398515701294
35080010,Pluviométrica,Convencional,Boyacá,Zetaquirá,5.283,-73.1693,1720,6/15/1957,,Andes,Orinoco,Meta,Río Lengupá,1.57818186283112,1.9163635969162,2,2,0.829710125923157,0.960144937038422,1,1,1.07000005245209,2022,01,3,6.7,6.7,7.16900035142899,0,6.60328197479248,2022-01-01,2.33185815811157,9.26680946350098,6.73963594436646
35080010,Pluviométrica,Convencional,Boyacá,Zetaquirá,5.283,-73.1693,1720,6/15/1957,,Andes,Orinoco,Meta,Río Lengupá,1.57818186283112,1.9163635969162,2,2,0.829710125923157,0.960144937038422,1,1,1.07000005245209,2022,01,4,14.7,14.7,15.7290007710457,0,6.68221473693848,2022-01-01,2.45718812942505,5.31241846084595,3.22423768043518
35080010,Pluviométrica,Convencional,Boyacá,Zetaquirá,5.283,-73.1693,1720,6/15/1957,,Andes,Orinoco,Meta,Río Lengupá,1.57818186283112,1.9163635969162,2,2,0.829710125923157,0.960144937038422,1,1,1.07000005245209,2022,01,5,4.2,4.2,4.49400022029877,0,6.24303674697876,2022-01-01,1.64468801021576,7.52074241638184,3.79369521141052
35080010,Pluviométrica,Convencional,Boyacá,Zetaquirá,5.283,-73.1693,1720,6/15/1957,,Andes,Orinoco,Meta,Río Lengupá,1.57818186283112,1.9163635969162,2,2,0.829710125923157,0.960144937038422,1,1,1.07000005245209,2022,01,6,0,0,0,0,9.53344058990479,2022-01-01,0.691168010234833,4.0401782989502,0.530427098274231
35080010,Pluviométrica,Convencional,Boyacá,Zetaquirá,5.283,-73.1693,1720,6/15/1957,,Andes,Orinoco,Meta,Río Lengupá,1.57818186283112,1.9163635969162,2,2,0.829710125923157,0.960144937038422,1,1,1.08000004291534,2022,02,7,16.7,16.7,18.0360007166863,0,5.69211721420288,2022-02-01,0.972969055175781,10.689022064209,4.76398181915283
35080010,Pluviométrica,Convencional,Boyacá,Zetaquirá,5.283,-73.1693,1720,6/15/1957,,Andes,Orinoco,Meta,Río Lengupá,1.57818186283112,1.9163635969162,2,2,0.829710125923157,0.960144937038422,1,1,1.08000004291534,2022,02,8,31,31,33.4800013303757,0,16.5236377716064,2022-02-01,36.0086174011231,23.685152053833,38.130184173584
35080010,Pluviométrica,Convencional,Boyacá,Zetaquirá,5.283,-73.1693,1720,6/15/1957,,Andes,Orinoco,Meta,Río Lengupá,1.57818186283112,1.9163635969162,2,2,0.829710125923157,0.960144937038422,1,1,1.08000004291534,2022,02,9,5,5,5.40000021457672,0,5.26832866668701,2022-02-01,1.00317966938019,6.56963586807251,2.17821502685547
35080010,Pluviométrica,Convencional,Boyacá,Zetaquirá,5.283,-73.1693,1720,6/15/1957,,Andes,Orinoco,Meta,Río Lengupá,1.57818186283112,1.9163635969162,2,2,0.829710125923157,0.960144937038422,1,1,1.08000004291534,2022,02,10,32.6,32.6,35.2080013990402,0,6.01718330383301,2022-02-01,2.22012615203857,12.3816118240356,8.18475914001465
35080010,Pluviométrica,Convencional,Boyacá,Zetaquirá,5.283,-73.1693,1720,6/15/1957,,Andes,Orinoco,Meta,Río Lengupá,1.57818186283112,1.9163635969162,2,2,0.829710125923157,0.960144937038422,1,1,1.08000004291534,2022,02,11,0.5,0.5,0.540000021457672,0,5.21465301513672,2022-02-01,1.12841987609863,5.63518810272217,2.65631437301636
35080010,Pluviométrica,Convencional,Boyacá,Zetaquirá,5.283,-73.1693,1720,6/15/1957,,Andes,Orinoco,Meta,Río Lengupá,1.57818186283112,1.9163635969162,2,2,0.829710125923157,0.960144937038422,1,1,1.08000004291534,2022,02,12,14.2,14.2,15.3360006093979,0,2.11413717269897,2022-02-01,1.40506875514984,4.70147752761841,6.63766717910767
35080010,Pluviométrica,Convencional,Boyacá,Zetaquirá,5.283,-73.1693,1720,6/15/1957,,Andes,Orinoco,Meta,Río Lengupá,1.57818186283112,1.9163635969162,2,2,0.829710125923157,0.960144937038422,1,1,1.08000004291534,2022,03,13,25.3,25.3,27.3240010857582,0,8.37361335754395,2022-03-01,9.457350730896,19.3367652893066,23.0198612213135
35080010,Pluviométrica,Convencional,Boyacá,Zetaquirá,5.283,-73.1693,1720,6/15/1957,,Andes,Orinoco,Meta,Río Lengupá,1.57818186283112,1.9163635969162,2,2,0.829710125923157,0.960144937038422,1,1,1.08000004291534,2022,03,14,32.6,32.6,35.2080013990402,0,8.44356060028076,2022-03-01,11.1020040512085,15.3234262466431,20.9138069152832
35080010,Pluviométrica,Convencional,Boyacá,Zetaquirá,5.283,-73.1693,1720,6/15/1957,,Andes,Orinoco,Meta,Río Lengupá,1.57818186283112,1.9163635969162,2,2,0.829710125923157,0.960144937038422,1,1,1.08000004291534,2022,03,15,31.8,31.8,34.3440013647079,0,8.8287239074707,2022-03-01,12.1553010940552,18.5585403442383,25.0667877197266
35080010,Pluviométrica,Convencional,Boyacá,Zetaquirá,5.283,-73.1693,1720,6/15/1957,,Andes,Orinoco,Meta,Río Lengupá,1.57818186283112,1.9163635969162,2,2,0.829710125923157,0.960144937038422,1,1,1.08000004291534,2022,03,16,4.5,4.5,4.86000019311905,0,2.52002429962158,2022-03-01,0,3.50452041625977,0
35080010,Pluviométrica,Convencional,Boyacá,Zetaquirá,5.283,-73.1693,1720,6/15/1957,,Andes,Orinoco,Meta,Río Lengupá,1.57818186283112,1.9163635969162,2,2,0.829710125923157,0.960144937038422,1,1,1.08000004291534,2022,03,17,0,0,0,0,3.77513313293457,2022-03-01,0.866328120231628,3.56455898284912,1.64135134220123
35080010,Pluviométrica,Convencional,Boyacá,Zetaquirá,5.283,-73.1693,1720,6/15/1957,,Andes,Orinoco,Meta,Río Lengupá,1.57818186283112,1.9163635969162,2,2,0.829710125923157,0.960144937038422,1,1,1.08000004291534,2022,03,18,35.4,35.4,38.2320015192032,0,28.3233070373535,2022-03-01,38.3227462768555,30.6380996704102,35.6000480651856
35080010,Pluviométrica,Convencional,Boyacá,Zetaquirá,5.283,-73.1693,1720,6/15/1957,,Andes,Orinoco,Meta,Río Lengupá,1.57818186283112,1.9163635969162,2,2,0.829710125923157,0.960144937038422,1,1,1.05999994277954,2022,04,19,52.4,9.4,9.96399946212769,1,29.9932365417481,2022-04-01,32.1325798034668,29.868782043457,32.1632423400879
35080010,Pluviométrica,Convencional,Boyacá,Zetaquirá,5.283,-73.1693,1720,6/15/1957,,Andes,Orinoco,Meta,Río Lengupá,1.57818186283112,1.9163635969162,2,2,0.829710125923157,0.960144937038422,1,1,1.05999994277954,2022,04,20,14.7,14.7,15.5819991588593,0,15.2468223571777,2022-04-01,19.4292545318604,14.9059276580811,18.2561817169189
35080010,Pluviométrica,Convencional,Boyacá,Zetaquirá,5.283,-73.1693,1720,6/15/1957,,Andes,Orinoco,Meta,Río Lengupá,1.57818186283112,1.9163635969162,2,2,0.829710125923157,0.960144937038422,1,1,1.05999994277954,2022,04,21,8.6,8.6,9.11599950790405,0,19.3518772125244,2022-04-01,21.2049007415771,10.6617670059204,12.2617149353027
35080010,Pluviométrica,Convencional,Boyacá,Zetaquirá,5.283,-73.1693,1720,6/15/1957,,Andes,Orinoco,Meta,Río Lengupá,1.57818186283112,1.9163635969162,2,2,0.829710125923157,0.960144937038422,1,1,1.05999994277954,2022,04,22,71,71,75.2599959373474,0,24.1546936035156,2022-04-01,25.459228515625,53.2281265258789,54.5401954650879
35080010,Pluviométrica,Convencional,Boyacá,Zetaquirá,5.283,-73.1693,1720,6/15/1957,,Andes,Orinoco,Meta,Río Lengupá,1.57818186283112,1.9163635969162,2,2,0.829710125923157,0.960144937038422,1,1,1.05999994277954,2022,04,23,74.8,36.4,38.5839979171753,1,45.0387001037598,2022-04-01,59.77099609375,54.9147186279297,60.0280380249023
35080010,Pluviométrica,Convencional,Boyacá,Zetaquirá,5.283,-73.1693,1720,6/15/1957,,Andes,Orinoco,Meta,Río Lengupá,1.57818186283112,1.9163635969162,2,2,0.829710125923157,0.960144937038422,1,1,1.05999994277954,2022,04,24,82.4,82.4,87.3439952850342,0,18.3486766815186,2022-04-01,22.0694847106934,34.6129150390625,45.6209907531738
35080010,Pluviométrica,Convencional,Boyacá,Zetaquirá,5.283,-73.1693,1720,6/15/1957,,Andes,Orinoco,Meta,Río Lengupá,1.57818186283112,1.9163635969162,2,2,0.829710125923157,0.960144937038422,1,1,1.04999995231628,2022,05,25,40.6,40.6,42.6299980640411,0,22.1220588684082,2022-05-01,25.0485591888428,29.8345432281494,30.5590858459473
35080010,Pluviométrica,Convencional,Boyacá,Zetaquirá,5.283,-73.1693,1720,6/15/1957,,Andes,Orinoco,Meta,Río Lengupá,1.57818186283112,1.9163635969162,2,2,0.829710125923157,0.960144937038422,1,1,1.04999995231628,2022,05,26,58.9,58.9,61.8449971914291,0,35.4544830322266,2022-05-01,54.1171455383301,43.1385688781738,47.7272338867188
35080010,Pluviométrica,Convencional,Boyacá,Zetaquirá,5.283,-73.1693,1720,6/15/1957,,Andes,Orinoco,Meta,Río Lengupá,1.57818186283112,1.9163635969162,2,2,0.829710125923157,0.960144937038422,1,1,1.04999995231628,2022,05,27,56.6,56.6,59.4299973011017,0,17.0592918395996,2022-05-01,18.7605113983154,27.4065036773682,32.6054763793945
35080010,Pluviométrica,Convencional,Boyacá,Zetaquirá,5.283,-73.1693,1720,6/15/1957,,Andes,Orinoco,Meta,Río Lengupá,1.57818186283112,1.9163635969162,2,2,0.829710125923157,0.960144937038422,1,1,1.04999995231628,2022,05,28,98.7,98.7,103.634995293617,0,32.9945297241211,2022-05-01,58.5513763427734,54.4973449707031,62.5993766784668
35080010,Pluviométrica,Convencional,Boyacá,Zetaquirá,5.283,-73.1693,1720,6/15/1957,,Andes,Orinoco,Meta,Río Lengupá,1.57818186283112,1.9163635969162,2,2,0.829710125923157,0.960144937038422,1,1,1.04999995231628,2022,05,29,15.5,15.5,16.2749992609024,0,26.622013092041,2022-05-01,52.3693199157715,18.6956024169922,25.3130512237549
35080010,Pluviométrica,Convencional,Boyacá,Zetaquirá,5.283,-73.1693,1720,6/15/1957,,Andes,Orinoco,Meta,Río Lengupá,1.57818186283112,1.9163635969162,2,2,0.829710125923157,0.960144937038422,1,1,1.04999995231628,2022,05,30,58.8,58.8,61.7399971961975,0,33.5896492004395,2022-05-01,46.0787391662598,45.9150085449219,48.102165222168
35080010,Pluviométrica,Convencional,Boyacá,Zetaquirá,5.283,-73.1693,1720,6/15/1957,,Andes,Orinoco,Meta,Río Lengupá,1.57818186283112,1.9163635969162,2,2,0.829710125923157,0.960144937038422,1,1,1.04999995231628,2022,06,31,76.5,32.9,34.5449984312058,1,23.976318359375,2022-06-01,15.7144031524658,48.7500038146973,47.7312660217285
35080010,Pluviométrica,Convencional,Boyacá,Zetaquirá,5.283,-73.1693,1720,6/15/1957,,Andes,Orinoco,Meta,Río Lengupá,1.57818186283112,1.9163635969162,2,2,0.829710125923157,0.960144937038422,1,1,1.04999995231628,2022,06,32,49.8,49.8,52.289997625351,0,22.930793762207,2022-06-01,19.2206840515137,43.7666397094727,40.8098640441895
35080010,Pluviométrica,Convencional,Boyacá,Zetaquirá,5.283,-73.1693,1720,6/15/1957,,Andes,Orinoco,Meta,Río Lengupá,1.57818186283112,1.9163635969162,2,2,0.829710125923157,0.960144937038422,1,1,1.04999995231628,2022,06,33,17,17,17.8499991893768,0,41.2063713073731,2022-06-01,52.1808013916016,37.6838531494141,43.2354507446289
35080010,Pluviométrica,Convencional,Boyacá,Zetaquirá,5.283,-73.1693,1720,6/15/1957,,Andes,Orinoco,Meta,Río Lengupá,1.57818186283112,1.9163635969162,2,2,0.829710125923157,0.960144937038422,1,1,1.04999995231628,2022,06,34,37.4,37.4,39.269998216629,0,73.9610748291016,2022-06-01,120.024948120117,56.6207504272461,69.8539428710938
35080010,Pluviométrica,Convencional,Boyacá,Zetaquirá,5.283,-73.1693,1720,6/15/1957,,Andes,Orinoco,Meta,Río Lengupá,1.57818186283112,1.9163635969162,2,2,0.829710125923157,0.960144937038422,1,1,1.04999995231628,2022,06,35,35.4,35.4,37.1699983119965,0,26.4238147735596,2022-06-01,25.1725158691406,36.1016578674316,34.3134422302246
35080010,Pluviométrica,Convencional,Boyacá,Zetaquirá,5.283,-73.1693,1720,6/15/1957,,Andes,Orinoco,Meta,Río Lengupá,1.57818186283112,1.9163635969162,2,2,0.829710125923157,0.960144937038422,1,1,1.04999995231628,2022,06,36,67,67,70.349996805191,0,30.0639533996582,2022-06-01,37.1524658203125,52.9405097961426,86.7823638916016
35080010,Pluviométrica,Convencional,Boyacá,Zetaquirá,5.283,-73.1693,1720,6/15/1957,,Andes,Orinoco,Meta,Río Lengupá,1.57818186283112,1.9163635969162,2,2,0.829710125923157,0.960144937038422,1,1,1.03999996185303,2022,07,37,91.5,47.3,49.1919981956482,1,35.0370750427246,2022-07-01,40.2398452758789,80.1400909423828,99.6599273681641
35080010,Pluviométrica,Convencional,Boyacá,Zetaquirá,5.283,-73.1693,1720,6/15/1957,,Andes,Orinoco,Meta,Río Lengupá,1.57818186283112,1.9163635969162,2,2,0.829710125923157,0.960144937038422,1,1,1.03999996185303,2022,07,38,80.3,80.3,83.5119969367981,0,43.3919830322266,2022-07-01,52.2955780029297,61.0527534484863,57.3230476379395
35080010,Pluviométrica,Convencional,Boyacá,Zetaquirá,5.283,-73.1693,1720,6/15/1957,,Andes,Orinoco,Meta,Río Lengupá,1.57818186283112,1.9163635969162,2,2,0.829710125923157,0.960144937038422,1,1,1.03999996185303,2022,07,39,25.5,25.5,26.5199990272522,0,17.0738067626953,2022-07-01,9.40220165252686,25.6659870147705,15.0550365447998
35080010,Pluviométrica,Convencional,Boyacá,Zetaquirá,5.283,-73.1693,1720,6/15/1957,,Andes,Orinoco,Meta,Río Lengupá,1.57818186283112,1.9163635969162,2,2,0.829710125923157,0.960144937038422,1,1,1.03999996185303,2022,07,40,59,59,61.3599977493286,0,51.409107208252,2022-07-01,65.6682739257813,80.9558029174805,68.2116928100586
35080010,Pluviométrica,Convencional,Boyacá,Zetaquirá,5.283,-73.1693,1720,6/15/1957,,Andes,Orinoco,Meta,Río Lengupá,1.57818186283112,1.9163635969162,2,2,0.829710125923157,0.960144937038422,1,1,1.03999996185303,2022,07,41,49.8,49.8,51.7919981002808,0,65.4118881225586,2022-07-01,88.306770324707,60.7777557373047,52.8397369384766
35080010,Pluviométrica,Convencional,Boyacá,Zetaquirá,5.283,-73.1693,1720,6/15/1957,,Andes,Orinoco,Meta,Río Lengupá,1.57818186283112,1.9163635969162,2,2,0.829710125923157,0.960144937038422,1,1,1.03999996185303,2022,07,42,35.3,35.3,36.7119986534119,0,60.4626731872559,2022-07-01,59.3108558654785,58.3631706237793,45.4850997924805
35080010,Pluviométrica,Convencional,Boyacá,Zetaquirá,5.283,-73.1693,1720,6/15/1957,,Andes,Orinoco,Meta,Río Lengupá,1.57818186283112,1.9163635969162,2,2,0.829710125923157,0.960144937038422,1,1,1.05999994277954,2022,08,43,69.2,26.7,28.3019984722137,1,32.9101448059082,2022-08-01,40.6333045959473,66.5753173828125,66.1574096679688
35080010,Pluviométrica,Convencional,Boyacá,Zetaquirá,5.283,-73.1693,1720,6/15/1957,,Andes,Orinoco,Meta,Río Lengupá,1.57818186283112,1.9163635969162,2,2,0.829710125923157,0.960144937038422,1,1,1.05999994277954,2022,08,44,75.1,32.4,34.3439981460571,1,76.9347610473633,2022-08-01,115.383590698242,62.1861572265625,67.6919403076172
35080010,Pluviométrica,Convencional,Boyacá,Zetaquirá,5.283,-73.1693,1720,6/15/1957,,Andes,Orinoco,Meta,Río Lengupá,1.57818186283112,1.9163635969162,2,2,0.829710125923157,0.960144937038422,1,1,1.05999994277954,2022,08,45,12.1,12.1,12.8259993076324,0,31.6853542327881,2022-08-01,35.4849433898926,28.7490787506104,31.576789855957
35080010,Pluviométrica,Convencional,Boyacá,Zetaquirá,5.283,-73.1693,1720,6/15/1957,,Andes,Orinoco,Meta,Río Lengupá,1.57818186283112,1.9163635969162,2,2,0.829710125923157,0.960144937038422,1,1,1.05999994277954,2022,08,46,41.6,41.6,44.0959976196289,0,26.3358097076416,2022-08-01,21.1245727539063,30.2111778259277,27.6665878295898
35080010,Pluviométrica,Convencional,Boyacá,Zetaquirá,5.283,-73.1693,1720,6/15/1957,,Andes,Orinoco,Meta,Río Lengupá,1.57818186283112,1.9163635969162,2,2,0.829710125923157,0.960144937038422,1,1,1.05999994277954,2022,08,47,2.8,2.8,2.96799983978272,0,15.3236303329468,2022-08-01,4.12798261642456,7.58901023864746,4.47296285629272
35080010,Pluviométrica,Convencional,Boyacá,Zetaquirá,5.283,-73.1693,1720,6/15/1957,,Andes,Orinoco,Meta,Río Lengupá,1.57818186283112,1.9163635969162,2,2,0.829710125923157,0.960144937038422,1,1,1.05999994277954,2022,08,48,35,35,37.0999979972839,0,52.7931213378906,2022-08-01,45.1655693054199,44.8816680908203,48.2910385131836
35080010,Pluviométrica,Convencional,Boyacá,Zetaquirá,5.283,-73.1693,1720,6/15/1957,,Andes,Orinoco,Meta,Río Lengupá,1.57818186283112,1.9163635969162,2,2,0.829710125923157,0.960144937038422,1,1,1.05999994277954,2022,09,49,70.7,70.7,74.9419959545136,0,20.0154781341553,2022-09-01,27.2640266418457,35.1013832092285,38.6484909057617
35080010,Pluviométrica,Convencional,Boyacá,Zetaquirá,5.283,-73.1693,1720,6/15/1957,,Andes,Orinoco,Meta,Río Lengupá,1.57818186283112,1.9163635969162,2,2,0.829710125923157,0.960144937038422,1,1,1.05999994277954,2022,09,50,24.8,24.8,26.2879985809326,0,16.2741050720215,2022-09-01,20.5417537689209,18.444242477417,23.7970943450928
35080010,Pluviométrica,Convencional,Boyacá,Zetaquirá,5.283,-73.1693,1720,6/15/1957,,Andes,Orinoco,Meta,Río Lengupá,1.57818186283112,1.9163635969162,2,2,0.829710125923157,0.960144937038422,1,1,1.05999994277954,2022,09,51,16.8,16.8,17.8079990386963,0,10.8552083969116,2022-09-01,4.4083080291748,16.0575542449951,10.1653337478638
35080010,Pluviométrica,Convencional,Boyacá,Zetaquirá,5.283,-73.1693,1720,6/15/1957,,Andes,Orinoco,Meta,Río Lengupá,1.57818186283112,1.9163635969162,2,2,0.829710125923157,0.960144937038422,1,1,1.05999994277954,2022,09,52,46.5,46.5,49.2899973392487,0,31.2598648071289,2022-09-01,44.5137062072754,38.8013191223145,41.6898193359375
35080010,Pluviométrica,Convencional,Boyacá,Zetaquirá,5.283,-73.1693,1720,6/15/1957,,Andes,Orinoco,Meta,Río Lengupá,1.57818186283112,1.9163635969162,2,2,0.829710125923157,0.960144937038422,1,1,1.05999994277954,2022,09,53,40.9,40.9,43.3539976596832,0,20.4016647338867,2022-09-01,21.3273105621338,18.6232814788818,17.1861667633057
35080010,Pluviométrica,Convencional,Boyacá,Zetaquirá,5.283,-73.1693,1720,6/15/1957,,Andes,Orinoco,Meta,Río Lengupá,1.57818186283112,1.9163635969162,2,2,0.829710125923157,0.960144937038422,1,1,1.05999994277954,2022,09,54,52,52,55.1199970245361,0,28.405574798584,2022-09-01,42.4730644226074,37.1200675964356,43.1235580444336
35080010,Pluviométrica,Convencional,Boyacá,Zetaquirá,5.283,-73.1693,1720,6/15/1957,,Andes,Orinoco,Meta,Río Lengupá,1.57818186283112,1.9163635969162,2,2,0.829710125923157,0.960144937038422,1,1,1.04999995231628,2022,10,55,17.7,17.7,18.5849991559982,0,20.6046028137207,2022-10-01,22.5840358734131,24.2787990570068,26.969783782959
35080010,Pluviométrica,Convencional,Boyacá,Zetaquirá,5.283,-73.1693,1720,6/15/1957,,Andes,Orinoco,Meta,Río Lengupá,1.57818186283112,1.9163635969162,2,2,0.829710125923157,0.960144937038422,1,1,1.04999995231628,2022,10,56,26.8,26.8,28.1399987220764,0,21.4557514190674,2022-10-01,23.8576068878174,29.8900547027588,28.1437225341797
35080010,Pluviométrica,Convencional,Boyacá,Zetaquirá,5.283,-73.1693,1720,6/15/1957,,Andes,Orinoco,Meta,Río Lengupá,1.57818186283112,1.9163635969162,2,2,0.829710125923157,0.960144937038422,1,1,1.04999995231628,2022,10,57,20.3,20.3,21.3149990320206,0,26.205717086792,2022-10-01,34.0241775512695,21.8966007232666,21.7117748260498
35080010,Pluviométrica,Convencional,Boyacá,Zetaquirá,5.283,-73.1693,1720,6/15/1957,,Andes,Orinoco,Meta,Río Lengupá,1.57818186283112,1.9163635969162,2,2,0.829710125923157,0.960144937038422,1,1,1.04999995231628,2022,10,58,45,45,47.2499978542328,0,21.498218536377,2022-10-01,26.8861236572266,48.3621368408203,48.7662353515625
35080010,Pluviométrica,Convencional,Boyacá,Zetaquirá,5.283,-73.1693,1720,6/15/1957,,Andes,Orinoco,Meta,Río Lengupá,1.57818186283112,1.9163635969162,2,2,0.829710125923157,0.960144937038422,1,1,1.04999995231628,2022,10,59,83.1,37.9,39.7949981927872,1,24.3377170562744,2022-10-01,31.1690559387207,40.0389785766602,44.6060295104981
35080010,Pluviométrica,Convencional,Boyacá,Zetaquirá,5.283,-73.1693,1720,6/15/1957,,Andes,Orinoco,Meta,Río Lengupá,1.57818186283112,1.9163635969162,2,2,0.829710125923157,0.960144937038422,1,1,1.04999995231628,2022,10,60,30.5,30.5,32.0249985456467,0,42.2604217529297,2022-10-01,54.4894866943359,133.015625,177.234146118164
35080010,Pluviométrica,Convencional,Boyacá,Zetaquirá,5.283,-73.1693,1720,6/15/1957,,Andes,Orinoco,Meta,Río Lengupá,1.57818186283112,1.9163635969162,2,2,0.829710125923157,0.960144937038422,1,1,1.04999995231628,2022,11,61,42.9,1.9,1.99499990940094,1,31.7496109008789,2022-11-01,67.440315246582,38.9341201782227,58.956226348877
35080010,Pluviométrica,Convencional,Boyacá,Zetaquirá,5.283,-73.1693,1720,6/15/1957,,Andes,Orinoco,Meta,Río Lengupá,1.57818186283112,1.9163635969162,2,2,0.829710125923157,0.960144937038422,1,1,1.04999995231628,2022,11,62,7.4,7.4,7.7699996471405,0,25.1960506439209,2022-11-01,51.0007781982422,21.7154026031494,35.5494422912598
35080010,Pluviométrica,Convencional,Boyacá,Zetaquirá,5.283,-73.1693,1720,6/15/1957,,Andes,Orinoco,Meta,Río Lengupá,1.57818186283112,1.9163635969162,2,2,0.829710125923157,0.960144937038422,1,1,1.04999995231628,2022,11,63,35.5,35.5,37.2749983072281,0,10.9133262634277,2022-11-01,11.9892864227295,16.9242706298828,23.0362663269043
35080010,Pluviométrica,Convencional,Boyacá,Zetaquirá,5.283,-73.1693,1720,6/15/1957,,Andes,Orinoco,Meta,Río Lengupá,1.57818186283112,1.9163635969162,2,2,0.829710125923157,0.960144937038422,1,1,1.04999995231628,2022,11,64,43.8,43.8,45.9899979114532,0,8.42197322845459,2022-11-01,8.37886428833008,16.8308448791504,20.7223892211914
35080010,Pluviométrica,Convencional,Boyacá,Zetaquirá,5.283,-73.1693,1720,6/15/1957,,Andes,Orinoco,Meta,Río Lengupá,1.57818186283112,1.9163635969162,2,2,0.829710125923157,0.960144937038422,1,1,1.04999995231628,2022,11,65,30.7,30.7,32.2349985361099,0,6.27256774902344,2022-11-01,5.01897096633911,9.84993457794189,13.1395463943481
35080010,Pluviométrica,Convencional,Boyacá,Zetaquirá,5.283,-73.1693,1720,6/15/1957,,Andes,Orinoco,Meta,Río Lengupá,1.57818186283112,1.9163635969162,2,2,0.829710125923157,0.960144937038422,1,1,1.04999995231628,2022,11,66,66.7,66.7,70.0349968194962,0,37.4432754516602,2022-11-01,93.4135437011719,37.716064453125,65.2866287231445
35080010,Pluviométrica,Convencional,Boyacá,Zetaquirá,5.283,-73.1693,1720,6/15/1957,,Andes,Orinoco,Meta,Río Lengupá,1.57818186283112,1.9163635969162,2,2,0.829710125923157,0.960144937038422,1,1,1.07000005245209,2022,12,67,43.5,43.5,46.5450022816658,0,6.86223936080933,2022-12-01,12.380163192749,10.037938117981,12.9180021286011
35080010,Pluviométrica,Convencional,Boyacá,Zetaquirá,5.283,-73.1693,1720,6/15/1957,,Andes,Orinoco,Meta,Río Lengupá,1.57818186283112,1.9163635969162,2,2,0.829710125923157,0.960144937038422,1,1,1.07000005245209,2022,12,68,1,1,1.07000005245209,0,3.67765307426453,2022-12-01,3.80068874359131,6.23701524734497,10.2515840530396
35080010,Pluviométrica,Convencional,Boyacá,Zetaquirá,5.283,-73.1693,1720,6/15/1957,,Andes,Orinoco,Meta,Río Lengupá,1.57818186283112,1.9163635969162,2,2,0.829710125923157,0.960144937038422,1,1,1.07000005245209,2022,12,69,34.5,34.5,36.915001809597,0,2.86853790283203,2022-12-01,2.95125102996826,6.33888959884644,11.9967393875122
35080010,Pluviométrica,Convencional,Boyacá,Zetaquirá,5.283,-73.1693,1720,6/15/1957,,Andes,Orinoco,Meta,Río Lengupá,1.57818186283112,1.9163635969162,2,2,0.829710125923157,0.960144937038422,1,1,1.07000005245209,2022,12,70,0,0,0,0,2.94227266311646,2022-12-01,2.25644111633301,2.42655158042908,2.25589227676392
35080010,Pluviométrica,Convencional,Boyacá,Zetaquirá,5.283,-73.1693,1720,6/15/1957,,Andes,Orinoco,Meta,Río Lengupá,1.57818186283112,1.9163635969162,2,2,0.829710125923157,0.960144937038422,1,1,1.07000005245209,2022,12,71,0,0,0,0,3.4160213470459,2022-12-01,2.37028241157532,2.49519824981689,1.9931812286377
35080010,Pluviométrica,Convencional,Boyacá,Zetaquirá,5.283,-73.1693,1720,6/15/1957,,Andes,Orinoco,Meta,Río Lengupá,1.57818186283112,1.9163635969162,2,2,0.829710125923157,0.960144937038422,1,1,1.07000005245209,2022,12,72,7.2,7.2,7.70400037765503,0,5.89884471893311,2022-12-01,3.41814112663269,5.99766445159912,4.86960887908936
35080010,Pluviométrica,Convencional,Boyacá,Zetaquirá,5.283,-73.1693,1720,6/15/1957,,Andes,Orinoco,Meta,Río Lengupá,1.57818186283112,1.9163635969162,2,2,0.829710125923157,0.960144937038422,1,1,1.07000005245209,2023,01,1,37.6,37.6,40.2320019721985,0,5.95161199569702,2023-01-01,9.31355667114258,11.1314973831177,22.6262226104736
35080010,Pluviométrica,Convencional,Boyacá,Zetaquirá,5.283,-73.1693,1720,6/15/1957,,Andes,Orinoco,Meta,Río Lengupá,1.57818186283112,1.9163635969162,2,2,0.829710125923157,0.960144937038422,1,1,1.07000005245209,2023,01,2,82.8,82.8,88.5960043430328,0,7.59809541702271,2023-01-01,4.54368162155151,24.998477935791,24.9753036499023
35080010,Pluviométrica,Convencional,Boyacá,Zetaquirá,5.283,-73.1693,1720,6/15/1957,,Andes,Orinoco,Meta,Río Lengupá,1.57818186283112,1.9163635969162,2,2,0.829710125923157,0.960144937038422,1,1,1.07000005245209,2023,01,3,89.7,48.7,52.1090025544167,1,32.2448692321777,2023-01-01,56.4584007263184,59.4343490600586,72.8271026611328
35080010,Pluviométrica,Convencional,Boyacá,Zetaquirá,5.283,-73.1693,1720,6/15/1957,,Andes,Orinoco,Meta,Río Lengupá,1.57818186283112,1.9163635969162,2,2,0.829710125923157,0.960144937038422,1,1,1.07000005245209,2023,01,4,8.5,8.5,9.09500044584274,0,21.7575836181641,2023-01-01,19.4034729003906,25.6803112030029,23.1727905273438
35080010,Pluviométrica,Convencional,Boyacá,Zetaquirá,5.283,-73.1693,1720,6/15/1957,,Andes,Orinoco,Meta,Río Lengupá,1.57818186283112,1.9163635969162,2,2,0.829710125923157,0.960144937038422,1,1,1.07000005245209,2023,01,5,0,0,0,0,9.73483467102051,2023-01-01,7.59651136398315,5.80980396270752,4.67300128936768
35080010,Pluviométrica,Convencional,Boyacá,Zetaquirá,5.283,-73.1693,1720,6/15/1957,,Andes,Orinoco,Meta,Río Lengupá,1.57818186283112,1.9163635969162,2,2,0.829710125923157,0.960144937038422,1,1,1.07000005245209,2023,01,6,0,0,0,0,7.65738105773926,2023-01-01,0.691168010234833,4.48108959197998,0.763414323329926
35080010,Pluviométrica,Convencional,Boyacá,Zetaquirá,5.283,-73.1693,1720,6/15/1957,,Andes,Orinoco,Meta,Río Lengupá,1.57818186283112,1.9163635969162,2,2,0.829710125923157,0.960144937038422,1,1,1.08000004291534,2023,02,7,0,0,0,0,5.69211721420288,2023-02-01,0.972969055175781,2.42608308792114,0.701778709888458
35080010,Pluviométrica,Convencional,Boyacá,Zetaquirá,5.283,-73.1693,1720,6/15/1957,,Andes,Orinoco,Meta,Río Lengupá,1.57818186283112,1.9163635969162,2,2,0.829710125923157,0.960144937038422,1,1,1.08000004291534,2023,02,8,5.2,5.2,5.61600022315979,0,13.559910774231,2023-02-01,24.5477466583252,5.90808296203613,8.30163383483887
35080010,Pluviométrica,Convencional,Boyacá,Zetaquirá,5.283,-73.1693,1720,6/15/1957,,Andes,Orinoco,Meta,Río Lengupá,1.57818186283112,1.9163635969162,2,2,0.829710125923157,0.960144937038422,1,1,1.08000004291534,2023,02,9,0,0,0,0,6.71147632598877,2023-02-01,4.60749673843384,5.83819580078125,4.74952840805054
35080010,Pluviométrica,Convencional,Boyacá,Zetaquirá,5.283,-73.1693,1720,6/15/1957,,Andes,Orinoco,Meta,Río Lengupá,1.57818186283112,1.9163635969162,2,2,0.829710125923157,0.960144937038422,1,1,1.08000004291534,2023,02,10,21.3,21.3,23.0040009140968,0,7.4669041633606,2023-02-01,10.8863830566406,8.25166034698486,10.2853946685791
35080010,Pluviométrica,Convencional,Boyacá,Zetaquirá,5.283,-73.1693,1720,6/15/1957,,Andes,Orinoco,Meta,Río Lengupá,1.57818186283112,1.9163635969162,2,2,0.829710125923157,0.960144937038422,1,1,1.08000004291534,2023,02,11,0,0,0,0,9.49998664855957,2023-02-01,13.3357238769531,3.61277174949646,5.0774130821228
35080010,Pluviométrica,Convencional,Boyacá,Zetaquirá,5.283,-73.1693,1720,6/15/1957,,Andes,Orinoco,Meta,Río Lengupá,1.57818186283112,1.9163635969162,2,2,0.829710125923157,0.960144937038422,1,1,1.08000004291534,2023,02,12,0,0,0,0,2.9433274269104,2023-02-01,4.85278511047363,1.57399463653564,2.10016202926636
35080010,Pluviométrica,Convencional,Boyacá,Zetaquirá,5.283,-73.1693,1720,6/15/1957,,Andes,Orinoco,Meta,Río Lengupá,1.57818186283112,1.9163635969162,2,2,0.829710125923157,0.960144937038422,1,1,1.08000004291534,2023,03,13,8.8,8.8,9.50400037765503,0,17.2186908721924,2023-03-01,28.0586643218994,17.2299785614014,20.319507598877
35080010,Pluviométrica,Convencional,Boyacá,Zetaquirá,5.283,-73.1693,1720,6/15/1957,,Andes,Orinoco,Meta,Río Lengupá,1.57818186283112,1.9163635969162,2,2,0.829710125923157,0.960144937038422,1,1,1.08000004291534,2023,03,14,59.8,18.8,20.3040008068085,1,13.4994459152222,2023-03-01,19.4753665924072,28.6121425628662,36.0249671936035
35080010,Pluviométrica,Convencional,Boyacá,Zetaquirá,5.283,-73.1693,1720,6/15/1957,,Andes,Orinoco,Meta,Río Lengupá,1.57818186283112,1.9163635969162,2,2,0.829710125923157,0.960144937038422,1,1,1.08000004291534,2023,03,15,76,76,82.0800032615662,0,29.8747138977051,2023-03-01,61.1736869812012,48.377082824707,62.2480545043945
35080010,Pluviométrica,Convencional,Boyacá,Zetaquirá,5.283,-73.1693,1720,6/15/1957,,Andes,Orinoco,Meta,Río Lengupá,1.57818186283112,1.9163635969162,2,2,0.829710125923157,0.960144937038422,1,1,1.08000004291534,2023,03,16,0,0,0,0,2.99014544487,2023-03-01,0,3.6067214012146,0
35080010,Pluviométrica,Convencional,Boyacá,Zetaquirá,5.283,-73.1693,1720,6/15/1957,,Andes,Orinoco,Meta,Río Lengupá,1.57818186283112,1.9163635969162,2,2,0.829710125923157,0.960144937038422,1,1,1.08000004291534,2023,03,17,0,0,0,0,2.42048025131226,2023-03-01,0,2.20092749595642,0
35080010,Pluviométrica,Convencional,Boyacá,Zetaquirá,5.283,-73.1693,1720,6/15/1957,,Andes,Orinoco,Meta,Río Lengupá,1.57818186283112,1.9163635969162,2,2,0.829710125923157,0.960144937038422,1,1,1.08000004291534,2023,03,18,6.5,6.5,7.02000027894974,0,7.45400381088257,2023-03-01,3.67937326431274,7.74982118606567,6.40356159210205
35080010,Pluviométrica,Convencional,Boyacá,Zetaquirá,5.283,-73.1693,1720,6/15/1957,,Andes,Orinoco,Meta,Río Lengupá,1.57818186283112,1.9163635969162,2,2,0.829710125923157,0.960144937038422,1,1,1.05999994277954,2023,04,19,41.8,41.8,44.3079976081848,0,13.0941476821899,2023-04-01,11.7218828201294,15.7054767608643,18.1240844726563
35080010,Pluviométrica,Convencional,Boyacá,Zetaquirá,5.283,-73.1693,1720,6/15/1957,,Andes,Orinoco,Meta,Río Lengupá,1.57818186283112,1.9163635969162,2,2,0.829710125923157,0.960144937038422,1,1,1.05999994277954,2023,04,20,45.3,45.3,48.0179974079132,0,5.64078617095947,2023-04-01,0.189631149172783,12.2647476196289,0.90011727809906
35080010,Pluviométrica,Convencional,Boyacá,Zetaquirá,5.283,-73.1693,1720,6/15/1957,,Andes,Orinoco,Meta,Río Lengupá,1.57818186283112,1.9163635969162,2,2,0.829710125923157,0.960144937038422,1,1,1.05999994277954,2023,04,21,55.3,55.3,58.6179968357086,0,4.86606740951538,2023-04-01,0,8.16880321502686,0
35080010,Pluviométrica,Convencional,Boyacá,Zetaquirá,5.283,-73.1693,1720,6/15/1957,,Andes,Orinoco,Meta,Río Lengupá,1.57818186283112,1.9163635969162,2,2,0.829710125923157,0.960144937038422,1,1,1.05999994277954,2023,04,22,51.5,51.5,54.5899970531464,0,41.2710304260254,2023-04-01,54.0252380371094,40.0429153442383,49.4720649719238
35080010,Pluviométrica,Convencional,Boyacá,Zetaquirá,5.283,-73.1693,1720,6/15/1957,,Andes,Orinoco,Meta,Río Lengupá,1.57818186283112,1.9163635969162,2,2,0.829710125923157,0.960144937038422,1,1,1.05999994277954,2023,04,23,70.5,28,29.6799983978272,1,80.6164093017578,2023-04-01,145.800308227539,64.9406051635742,89.4659042358398
35080010,Pluviométrica,Convencional,Boyacá,Zetaquirá,5.283,-73.1693,1720,6/15/1957,,Andes,Orinoco,Meta,Río Lengupá,1.57818186283112,1.9163635969162,2,2,0.829710125923157,0.960144937038422,1,1,1.05999994277954,2023,04,24,34.8,34.8,36.887998008728,0,47.8064765930176,2023-04-01,69.6938247680664,66.0110778808594,84.1196899414063
35080010,Pluviométrica,Convencional,Boyacá,Zetaquirá,5.283,-73.1693,1720,6/15/1957,,Andes,Orinoco,Meta,Río Lengupá,1.57818186283112,1.9163635969162,2,2,0.829710125923157,0.960144937038422,1,1,1.04999995231628,2023,05,25,1,1,1.04999995231628,0,8.75043106079102,2023-05-01,0,3.90144467353821,0
35080010,Pluviométrica,Convencional,Boyacá,Zetaquirá,5.283,-73.1693,1720,6/15/1957,,Andes,Orinoco,Meta,Río Lengupá,1.57818186283112,1.9163635969162,2,2,0.829710125923157,0.960144937038422,1,1,1.04999995231628,2023,05,26,17.5,17.5,18.374999165535,0,22.5700054168701,2023-05-01,33.9139099121094,19.148265838623,21.5183143615723
35080010,Pluviométrica,Convencional,Boyacá,Zetaquirá,5.283,-73.1693,1720,6/15/1957,,Andes,Orinoco,Meta,Río Lengupá,1.57818186283112,1.9163635969162,2,2,0.829710125923157,0.960144937038422,1,1,1.04999995231628,2023,05,27,36.7,36.7,38.5349982500076,0,37.2794799804688,2023-05-01,55.1164665222168,32.0355987548828,33.7667770385742
35080010,Pluviométrica,Convencional,Boyacá,Zetaquirá,5.283,-73.1693,1720,6/15/1957,,Andes,Orinoco,Meta,Río Lengupá,1.57818186283112,1.9163635969162,2,2,0.829710125923157,0.960144937038422,1,1,1.04999995231628,2023,05,28,24.5,24.5,25.724998831749,0,27.2286815643311,2023-05-01,46.804069519043,26.3178176879883,31.2116661071777
35080010,Pluviométrica,Convencional,Boyacá,Zetaquirá,5.283,-73.1693,1720,6/15/1957,,Andes,Orinoco,Meta,Río Lengupá,1.57818186283112,1.9163635969162,2,2,0.829710125923157,0.960144937038422,1,1,1.04999995231628,2023,05,29,148.7,54,56.6999974250794,2,35.3079986572266,2023-05-01,70.4747009277344,71.242301940918,87.7085723876953
35080010,Pluviométrica,Convencional,Boyacá,Zetaquirá,5.283,-73.1693,1720,6/15/1957,,Andes,Orinoco,Meta,Río Lengupá,1.57818186283112,1.9163635969162,2,2,0.829710125923157,0.960144937038422,1,1,1.04999995231628,2023,05,30,28.2,28.2,29.6099986553192,0,31.7067241668701,2023-05-01,42.1100921630859,38.8279113769531,44.755298614502
35080010,Pluviométrica,Convencional,Boyacá,Zetaquirá,5.283,-73.1693,1720,6/15/1957,,Andes,Orinoco,Meta,Río Lengupá,1.57818186283112,1.9163635969162,2,2,0.829710125923157,0.960144937038422,1,1,1.04999995231628,2023,06,31,48.4,48.4,50.8199976921082,0,44.3017234802246,2023-06-01,58.8532943725586,53.8949089050293,60.5757904052734
35080010,Pluviométrica,Convencional,Boyacá,Zetaquirá,5.283,-73.1693,1720,6/15/1957,,Andes,Orinoco,Meta,Río Lengupá,1.57818186283112,1.9163635969162,2,2,0.829710125923157,0.960144937038422,1,1,1.04999995231628,2023,06,32,48,8,8.39999961853027,1,25.4460716247559,2023-06-01,24.0442390441895,36.8989906311035,56.7495193481445
35080010,Pluviométrica,Convencional,Boyacá,Zetaquirá,5.283,-73.1693,1720,6/15/1957,,Andes,Orinoco,Meta,Río Lengupá,1.57818186283112,1.9163635969162,2,2,0.829710125923157,0.960144937038422,1,1,1.04999995231628,2023,06,33,42.7,42.7,44.8349979639053,0,41.2063713073731,2023-06-01,54.8281593322754,44.4693603515625,48.3158798217774
35080010,Pluviométrica,Convencional,Boyacá,Zetaquirá,5.283,-73.1693,1720,6/15/1957,,Andes,Orinoco,Meta,Río Lengupá,1.57818186283112,1.9163635969162,2,2,0.829710125923157,0.960144937038422,1,1,1.04999995231628,2023,06,34,44.3,44.3,46.5149978876114,0,14.7010984420776,2023-06-01,6.91733884811401,28.7496585845947,24.8072547912598
35080010,Pluviométrica,Convencional,Boyacá,Zetaquirá,5.283,-73.1693,1720,6/15/1957,,Andes,Orinoco,Meta,Río Lengupá,1.57818186283112,1.9163635969162,2,2,0.829710125923157,0.960144937038422,1,1,1.04999995231628,2023,06,35,59.4,59.4,62.3699971675873,0,43.2901878356934,2023-06-01,64.6878280639649,47.703540802002,54.0690078735352
35080010,Pluviométrica,Convencional,Boyacá,Zetaquirá,5.283,-73.1693,1720,6/15/1957,,Andes,Orinoco,Meta,Río Lengupá,1.57818186283112,1.9163635969162,2,2,0.829710125923157,0.960144937038422,1,1,1.04999995231628,2023,06,36,56.5,56.5,59.3249973058701,0,28.4150943756104,2023-06-01,30.7266025543213,45.0554504394531,59.8563690185547
35080010,Pluviométrica,Convencional,Boyacá,Zetaquirá,5.283,-73.1693,1720,6/15/1957,,Andes,Orinoco,Meta,Río Lengupá,1.57818186283112,1.9163635969162,2,2,0.829710125923157,0.960144937038422,1,1,1.03999996185303,2023,07,37,39.5,39.5,41.0799984931946,0,58.1737632751465,2023-07-01,72.5954895019531,64.7658386230469,59.9391937255859
35080010,Pluviométrica,Convencional,Boyacá,Zetaquirá,5.283,-73.1693,1720,6/15/1957,,Andes,Orinoco,Meta,Río Lengupá,1.57818186283112,1.9163635969162,2,2,0.829710125923157,0.960144937038422,1,1,1.03999996185303,2023,07,38,31,31,32.2399988174439,0,52.2214279174805,2023-07-01,62.4936943054199,56.8771629333496,53.3527488708496
35080010,Pluviométrica,Convencional,Boyacá,Zetaquirá,5.283,-73.1693,1720,6/15/1957,,Andes,Orinoco,Meta,Río Lengupá,1.57818186283112,1.9163635969162,2,2,0.829710125923157,0.960144937038422,1,1,1.03999996185303,2023,07,39,45.6,45.6,47.423998260498,0,19.3033847808838,2023-07-01,16.4470138549805,31.8125038146973,26.254280090332
35080010,Pluviométrica,Convencional,Boyacá,Zetaquirá,5.283,-73.1693,1720,6/15/1957,,Andes,Orinoco,Meta,Río Lengupá,1.57818186283112,1.9163635969162,2,2,0.829710125923157,0.960144937038422,1,1,1.03999996185303,2023,07,40,74.5,74.5,77.4799971580505,0,30.988733291626,2023-07-01,37.2548522949219,60.8959045410156,58.1976013183594
35080010,Pluviométrica,Convencional,Boyacá,Zetaquirá,5.283,-73.1693,1720,6/15/1957,,Andes,Orinoco,Meta,Río Lengupá,1.57818186283112,1.9163635969162,2,2,0.829710125923157,0.960144937038422,1,1,1.03999996185303,2023,07,41,50.7,50.7,52.7279980659485,0,28.8917083740234,2023-07-01,30.9649085998535,35.7085952758789,32.1813507080078
35080010,Pluviométrica,Convencional,Boyacá,Zetaquirá,5.283,-73.1693,1720,6/15/1957,,Andes,Orinoco,Meta,Río Lengupá,1.57818186283112,1.9163635969162,2,2,0.829710125923157,0.960144937038422,1,1,1.03999996185303,2023,07,42,47.5,47.5,49.3999981880188,0,49.8613014221191,2023-07-01,48.7063941955567,45.0356941223145,41.5606498718262
35080010,Pluviométrica,Convencional,Boyacá,Zetaquirá,5.283,-73.1693,1720,6/15/1957,,Andes,Orinoco,Meta,Río Lengupá,1.57818186283112,1.9163635969162,2,2,0.829710125923157,0.960144937038422,1,1,1.05999994277954,2023,08,43,78.1,78.1,82.7859955310822,0,44.858154296875,2023-08-01,61.0792198181152,71.2567520141602,86.0723114013672
35080010,Pluviométrica,Convencional,Boyacá,Zetaquirá,5.283,-73.1693,1720,6/15/1957,,Andes,Orinoco,Meta,Río Lengupá,1.57818186283112,1.9163635969162,2,2,0.829710125923157,0.960144937038422,1,1,1.05999994277954,2023,08,44,62.6,62.6,66.3559964179993,0,34.6281394958496,2023-08-01,46.4609985351563,58.4617538452149,66.8432769775391
35080010,Pluviométrica,Convencional,Boyacá,Zetaquirá,5.283,-73.1693,1720,6/15/1957,,Andes,Orinoco,Meta,Río Lengupá,1.57818186283112,1.9163635969162,2,2,0.829710125923157,0.960144937038422,1,1,1.05999994277954,2023,08,45,18.8,18.8,19.9279989242554,0,20.7491912841797,2023-08-01,14.8268947601318,19.7783393859863,12.3639936447144
35080010,Pluviométrica,Convencional,Boyacá,Zetaquirá,5.283,-73.1693,1720,6/15/1957,,Andes,Orinoco,Meta,Río Lengupá,1.57818186283112,1.9163635969162,2,2,0.829710125923157,0.960144937038422,1,1,1.05999994277954,2023,08,46,15.7,15.7,16.6419991016388,0,50.7192535400391,2023-08-01,69.9614334106445,33.4806976318359,34.447151184082
35080010,Pluviométrica,Convencional,Boyacá,Zetaquirá,5.283,-73.1693,1720,6/15/1957,,Andes,Orinoco,Meta,Río Lengupá,1.57818186283112,1.9163635969162,2,2,0.829710125923157,0.960144937038422,1,1,1.05999994277954,2023,08,47,28.7,28.7,30.4219983577728,0,39.1710662841797,2023-08-01,44.9047927856445,34.1494255065918,33.7491607666016
35080010,Pluviométrica,Convencional,Boyacá,Zetaquirá,5.283,-73.1693,1720,6/15/1957,,Andes,Orinoco,Meta,Río Lengupá,1.57818186283112,1.9163635969162,2,2,0.829710125923157,0.960144937038422,1,1,1.05999994277954,2023,08,48,25.3,25.3,26.8179985523224,0,39.6460838317871,2023-08-01,27.1303329467773,28.5482292175293,23.7085914611816
35080010,Pluviométrica,Convencional,Boyacá,Zetaquirá,5.283,-73.1693,1720,6/15/1957,,Andes,Orinoco,Meta,Río Lengupá,1.57818186283112,1.9163635969162,2,2,0.829710125923157,0.960144937038422,1,1,1.05999994277954,2023,09,49,20.2,20.2,21.4119988441467,0,18.9990215301514,2023-09-01,29.3977527618408,20.2515335083008,25.7271060943604
35080010,Pluviométrica,Convencional,Boyacá,Zetaquirá,5.283,-73.1693,1720,6/15/1957,,Andes,Orinoco,Meta,Río Lengupá,1.57818186283112,1.9163635969162,2,2,0.829710125923157,0.960144937038422,1,1,1.05999994277954,2023,09,50,42.2,42.2,44.7319975852966,0,14.4343309402466,2023-09-01,15.2077026367188,35.8699913024902,52.2561073303223
35080010,Pluviométrica,Convencional,Boyacá,Zetaquirá,5.283,-73.1693,1720,6/15/1957,,Andes,Orinoco,Meta,Río Lengupá,1.57818186283112,1.9163635969162,2,2,0.829710125923157,0.960144937038422,1,1,1.05999994277954,2023,09,51,18.8,18.8,19.9279989242554,0,15.1318054199219,2023-09-01,12.1552305221558,13.8153915405273,11.920524597168
35080010,Pluviométrica,Convencional,Boyacá,Zetaquirá,5.283,-73.1693,1720,6/15/1957,,Andes,Orinoco,Meta,Río Lengupá,1.57818186283112,1.9163635969162,2,2,0.829710125923157,0.960144937038422,1,1,1.05999994277954,2023,09,52,24,24,25.439998626709,0,10.5257911682129,2023-09-01,8.4058837890625,14.8335456848145,16.6957530975342
35080010,Pluviométrica,Convencional,Boyacá,Zetaquirá,5.283,-73.1693,1720,6/15/1957,,Andes,Orinoco,Meta,Río Lengupá,1.57818186283112,1.9163635969162,2,2,0.829710125923157,0.960144937038422,1,1,1.05999994277954,2023,09,53,10.3,10.3,10.9179994106293,0,15.637038230896,2023-09-01,15.4233045578003,20.9046192169189,23.8175678253174
35080010,Pluviométrica,Convencional,Boyacá,Zetaquirá,5.283,-73.1693,1720,6/15/1957,,Andes,Orinoco,Meta,Río Lengupá,1.57818186283112,1.9163635969162,2,2,0.829710125923157,0.960144937038422,1,1,1.05999994277954,2023,09,54,12.9,12.9,13.6739992618561,0,6.12133502960205,2023-09-01,0.220125988125801,13.4175643920898,0.976786613464355
35080010,Pluviométrica,Convencional,Boyacá,Zetaquirá,5.283,-73.1693,1720,6/15/1957,,Andes,Orinoco,Meta,Río Lengupá,1.57818186283112,1.9163635969162,2,2,0.829710125923157,0.960144937038422,1,1,1.04999995231628,2023,10,55,2.5,2.5,2.62499988079071,0,23.6916942596436,2023-10-01,28.6689853668213,11.601414680481,13.2360391616821
35080010,Pluviométrica,Convencional,Boyacá,Zetaquirá,5.283,-73.1693,1720,6/15/1957,,Andes,Orinoco,Meta,Río Lengupá,1.57818186283112,1.9163635969162,2,2,0.829710125923157,0.960144937038422,1,1,1.04999995231628,2023,10,56,5.6,5.6,5.87999973297119,0,21.4557514190674,2023-10-01,22.368745803833,14.7054691314697,14.6500883102417
35080010,Pluviométrica,Convencional,Boyacá,Zetaquirá,5.283,-73.1693,1720,6/15/1957,,Andes,Orinoco,Meta,Río Lengupá,1.57818186283112,1.9163635969162,2,2,0.829710125923157,0.960144937038422,1,1,1.04999995231628,2023,10,57,0,0,0,0,16.9224643707275,2023-10-01,14.8396100997925,5.99948596954346,5.31337785720825
35080010,Pluviométrica,Convencional,Boyacá,Zetaquirá,5.283,-73.1693,1720,6/15/1957,,Andes,Orinoco,Meta,Río Lengupá,1.57818186283112,1.9163635969162,2,2,0.829710125923157,0.960144937038422,1,1,1.04999995231628,2023,10,58,13.4,13.4,14.0699993610382,0,15.3941869735718,2023-10-01,19.4371242523193,17.1614570617676,23.0506458282471
35080010,Pluviométrica,Convencional,Boyacá,Zetaquirá,5.283,-73.1693,1720,6/15/1957,,Andes,Orinoco,Meta,Río Lengupá,1.57818186283112,1.9163635969162,2,2,0.829710125923157,0.960144937038422,1,1,1.04999995231628,2023,10,59,1,1,1.04999995231628,0,11.7370281219482,2023-10-01,11.6255474090576,5.95602464675903,8.81872940063477
35080010,Pluviométrica,Convencional,Boyacá,Zetaquirá,5.283,-73.1693,1720,6/15/1957,,Andes,Orinoco,Meta,Río Lengupá,1.57818186283112,1.9163635969162,2,2,0.829710125923157,0.960144937038422,1,1,1.04999995231628,2023,10,60,49.4,9.4,9.86999955177307,1,39.2289810180664,2023-10-01,50.3486022949219,21.7275371551514,25.8442859649658
35080010,Pluviométrica,Convencional,Boyacá,Zetaquirá,5.283,-73.1693,1720,6/15/1957,,Andes,Orinoco,Meta,Río Lengupá,1.57818186283112,1.9163635969162,2,2,0.829710125923157,0.960144937038422,1,1,1.04999995231628,2023,11,61,49.8,11.8,12.3899994373322,1,7.80209016799927,2023-11-01,8.19887065887451,18.8124561309814,22.316614151001
35080010,Pluviométrica,Convencional,Boyacá,Zetaquirá,5.283,-73.1693,1720,6/15/1957,,Andes,Orinoco,Meta,Río Lengupá,1.57818186283112,1.9163635969162,2,2,0.829710125923157,0.960144937038422,1,1,1.04999995231628,2023,11,62,27.3,27.3,28.6649986982346,0,9.38703155517578,2023-11-01,11.3399152755737,22.5411281585693,37.782096862793
35080010,Pluviométrica,Convencional,Boyacá,Zetaquirá,5.283,-73.1693,1720,6/15/1957,,Andes,Orinoco,Meta,Río Lengupá,1.57818186283112,1.9163635969162,2,2,0.829710125923157,0.960144937038422,1,1,1.04999995231628,2023,11,63,42,42,44.0999979972839,0,4.86111974716187,2023-11-01,0,6.91505432128906,0
35080010,Pluviométrica,Convencional,Boyacá,Zetaquirá,5.283,-73.1693,1720,6/15/1957,,Andes,Orinoco,Meta,Río Lengupá,1.57818186283112,1.9163635969162,2,2,0.829710125923157,0.960144937038422,1,1,1.04999995231628,2023,11,64,34.5,34.5,36.2249983549118,0,18.7620391845703,2023-11-01,33.4475135803223,21.059211730957,32.7172241210938
35080010,Pluviométrica,Convencional,Boyacá,Zetaquirá,5.283,-73.1693,1720,6/15/1957,,Andes,Orinoco,Meta,Río Lengupá,1.57818186283112,1.9163635969162,2,2,0.829710125923157,0.960144937038422,1,1,1.04999995231628,2023,11,65,20.5,20.5,21.5249990224838,0,14.6063785552979,2023-11-01,27.1231937408447,10.2739267349243,16.6580123901367
35080010,Pluviométrica,Convencional,Boyacá,Zetaquirá,5.283,-73.1693,1720,6/15/1957,,Andes,Orinoco,Meta,Río Lengupá,1.57818186283112,1.9163635969162,2,2,0.829710125923157,0.960144937038422,1,1,1.04999995231628,2023,11,66,6.3,6.3,6.61499969959259,0,9.72393131256104,2023-11-01,13.395149230957,6.76511907577515,9.66133880615234
35080010,Pluviométrica,Convencional,Boyacá,Zetaquirá,5.283,-73.1693,1720,6/15/1957,,Andes,Orinoco,Meta,Río Lengupá,1.57818186283112,1.9163635969162,2,2,0.829710125923157,0.960144937038422,1,1,1.07000005245209,2023,12,67,0,0,0,0,3.53580260276794,2023-12-01,2.16043901443481,2.20519185066223,1.67395150661469
35080010,Pluviométrica,Convencional,Boyacá,Zetaquirá,5.283,-73.1693,1720,6/15/1957,,Andes,Orinoco,Meta,Río Lengupá,1.57818186283112,1.9163635969162,2,2,0.829710125923157,0.960144937038422,1,1,1.07000005245209,2023,12,68,41.8,41.8,44.7260021924973,0,3.0952570438385,2023-12-01,1.77139663696289,5.10424423217773,6.37539434432983
35080010,Pluviométrica,Convencional,Boyacá,Zetaquirá,5.283,-73.1693,1720,6/15/1957,,Andes,Orinoco,Meta,Río Lengupá,1.57818186283112,1.9163635969162,2,2,0.829710125923157,0.960144937038422,1,1,1.07000005245209,2023,12,69,7,7,7.49000036716461,0,4.48774814605713,2023-12-01,11.7754821777344,4.53086042404175,9.36015605926514
35080010,Pluviométrica,Convencional,Boyacá,Zetaquirá,5.283,-73.1693,1720,6/15/1957,,Andes,Orinoco,Meta,Río Lengupá,1.57818186283112,1.9163635969162,2,2,0.829710125923157,0.960144937038422,1,1,1.07000005245209,2023,12,70,53,53,56.7100027799606,0,12.9072580337524,2023-12-01,41.5556526184082,21.3412780761719,33.8513412475586
35080010,Pluviométrica,Convencional,Boyacá,Zetaquirá,5.283,-73.1693,1720,6/15/1957,,Andes,Orinoco,Meta,Río Lengupá,1.57818186283112,1.9163635969162,2,2,0.829710125923157,0.960144937038422,1,1,1.07000005245209,2023,12,71,40.2,40.2,43.0140021085739,0,4.05877113342285,2023-12-01,4.62127590179443,7.43260765075684,18.9428367614746
35080010,Pluviométrica,Convencional,Boyacá,Zetaquirá,5.283,-73.1693,1720,6/15/1957,,Andes,Orinoco,Meta,Río Lengupá,1.57818186283112,1.9163635969162,2,2,0.829710125923157,0.960144937038422,1,1,1.07000005245209,2023,12,72,47.5,47.5,50.8250024914742,0,26.0063667297363,2023-12-01,47.5452880859375,30.763521194458,34.8064460754395
