gauge_code,category,tecnology,state,municipality,latitude,longitude,elevation,instalation_date,suspention_date,nat_region,hidrographic_area,hidrographic_zone,hidrographic_subzone,mean_gauges_v2,mean_gauges_v3,max_gauges_v2,max_gauges_v3,mean_gauges_v2_005,mean_gauges_v3_005,max_gauges_v2_005,max_gauges_v3_005,factor,year,month,pentad_id,pcp_ideam,pcp_ideam_flag,pcp_ideam_flag_scale,na_count_ideam,chirpv2,date,chirpv3,chirpsv2,chirpsv3
21220050,Pluviométrica,Convencional,Tolima,Ibagué,4.3534,-75.0531,680,1/15/1969,,Andes,Magdalena Cauca,Alto Magdalena,Río Coello,5.81818199157715,7.9236364364624,9,9,0.518115937709808,0.822463750839233,1,1,1.08000004291534,2001,01,1,0,0,0,0,6.84540557861328,2001-01-01,3.40108180046082,4.43267822265625,3.82110500335693
21220050,Pluviométrica,Convencional,Tolima,Ibagué,4.3534,-75.0531,680,1/15/1969,,Andes,Magdalena Cauca,Alto Magdalena,Río Coello,5.81818199157715,7.9236364364624,9,9,0.518115937709808,0.822463750839233,1,1,1.08000004291534,2001,01,2,0,0,0,0,5.62424612045288,2001-01-01,1.00298309326172,6.19405269622803,2.51186084747314
21220050,Pluviométrica,Convencional,Tolima,Ibagué,4.3534,-75.0531,680,1/15/1969,,Andes,Magdalena Cauca,Alto Magdalena,Río Coello,5.81818199157715,7.9236364364624,9,9,0.518115937709808,0.822463750839233,1,1,1.08000004291534,2001,01,3,5.3,5.3,5.72400022745133,0,12.6164903640747,2001-01-01,9.37728977203369,8.23327541351318,7.01076889038086
21220050,Pluviométrica,Convencional,Tolima,Ibagué,4.3534,-75.0531,680,1/15/1969,,Andes,Magdalena Cauca,Alto Magdalena,Río Coello,5.81818199157715,7.9236364364624,9,9,0.518115937709808,0.822463750839233,1,1,1.08000004291534,2001,01,4,5,5,5.40000021457672,0,17.2501468658447,2001-01-01,19.5217933654785,18.2386798858643,21.6855201721191
21220050,Pluviométrica,Convencional,Tolima,Ibagué,4.3534,-75.0531,680,1/15/1969,,Andes,Magdalena Cauca,Alto Magdalena,Río Coello,5.81818199157715,7.9236364364624,9,9,0.518115937709808,0.822463750839233,1,1,1.08000004291534,2001,01,5,11.5,11.5,12.4200004935265,0,19.0862941741943,2001-01-01,20.0132007598877,12.6201620101929,13.7933168411255
21220050,Pluviométrica,Convencional,Tolima,Ibagué,4.3534,-75.0531,680,1/15/1969,,Andes,Magdalena Cauca,Alto Magdalena,Río Coello,5.81818199157715,7.9236364364624,9,9,0.518115937709808,0.822463750839233,1,1,1.08000004291534,2001,01,6,13.5,13.5,14.5800005793571,0,7.5661358833313,2001-01-01,0,5.8292179107666,0
21220050,Pluviométrica,Convencional,Tolima,Ibagué,4.3534,-75.0531,680,1/15/1969,,Andes,Magdalena Cauca,Alto Magdalena,Río Coello,5.81818199157715,7.9236364364624,9,9,0.518115937709808,0.822463750839233,1,1,1.08000004291534,2001,02,7,0,0,0,0,14.6601028442383,2001-02-01,11.4670839309692,13.5587120056152,15.7091550827026
21220050,Pluviométrica,Convencional,Tolima,Ibagué,4.3534,-75.0531,680,1/15/1969,,Andes,Magdalena Cauca,Alto Magdalena,Río Coello,5.81818199157715,7.9236364364624,9,9,0.518115937709808,0.822463750839233,1,1,1.08000004291534,2001,02,8,0,0,0,0,18.6020679473877,2001-02-01,20.7908573150635,7.58015012741089,7.90416955947876
21220050,Pluviométrica,Convencional,Tolima,Ibagué,4.3534,-75.0531,680,1/15/1969,,Andes,Magdalena Cauca,Alto Magdalena,Río Coello,5.81818199157715,7.9236364364624,9,9,0.518115937709808,0.822463750839233,1,1,1.08000004291534,2001,02,9,0,0,0,0,8.11075687408447,2001-02-01,0.309277236461639,5.09868049621582,0.538792490959168
21220050,Pluviométrica,Convencional,Tolima,Ibagué,4.3534,-75.0531,680,1/15/1969,,Andes,Magdalena Cauca,Alto Magdalena,Río Coello,5.81818199157715,7.9236364364624,9,9,0.518115937709808,0.822463750839233,1,1,1.08000004291534,2001,02,10,19.8,19.8,21.3840008497238,0,12.6441030502319,2001-02-01,6.1995415687561,22.4234828948975,22.5632095336914
21220050,Pluviométrica,Convencional,Tolima,Ibagué,4.3534,-75.0531,680,1/15/1969,,Andes,Magdalena Cauca,Alto Magdalena,Río Coello,5.81818199157715,7.9236364364624,9,9,0.518115937709808,0.822463750839233,1,1,1.08000004291534,2001,02,11,9.9,9.9,10.6920004248619,0,12.7091979980469,2001-02-01,7.02644395828247,27.5827808380127,23.6159744262695
21220050,Pluviométrica,Convencional,Tolima,Ibagué,4.3534,-75.0531,680,1/15/1969,,Andes,Magdalena Cauca,Alto Magdalena,Río Coello,5.81818199157715,7.9236364364624,9,9,0.518115937709808,0.822463750839233,1,1,1.08000004291534,2001,02,12,0,0,0,0,3.96835279464722,2001-02-01,0.170474469661713,5.65246629714966,0.763881504535675
21220050,Pluviométrica,Convencional,Tolima,Ibagué,4.3534,-75.0531,680,1/15/1969,,Andes,Magdalena Cauca,Alto Magdalena,Río Coello,5.81818199157715,7.9236364364624,9,9,0.518115937709808,0.822463750839233,1,1,1.07000005245209,2001,03,13,20,20,21.4000010490417,0,11.2953701019287,2001-03-01,3.67764186859131,18.4755325317383,11.7428598403931
21220050,Pluviométrica,Convencional,Tolima,Ibagué,4.3534,-75.0531,680,1/15/1969,,Andes,Magdalena Cauca,Alto Magdalena,Río Coello,5.81818199157715,7.9236364364624,9,9,0.518115937709808,0.822463750839233,1,1,1.07000005245209,2001,03,14,50,50,53.5000026226044,0,29.7922897338867,2001-03-01,23.9448108673096,38.4381523132324,38.6228446960449
21220050,Pluviométrica,Convencional,Tolima,Ibagué,4.3534,-75.0531,680,1/15/1969,,Andes,Magdalena Cauca,Alto Magdalena,Río Coello,5.81818199157715,7.9236364364624,9,9,0.518115937709808,0.822463750839233,1,1,1.07000005245209,2001,03,15,0,0,0,0,14.5988216400146,2001-03-01,5.72322082519531,14.6365156173706,12.9881591796875
21220050,Pluviométrica,Convencional,Tolima,Ibagué,4.3534,-75.0531,680,1/15/1969,,Andes,Magdalena Cauca,Alto Magdalena,Río Coello,5.81818199157715,7.9236364364624,9,9,0.518115937709808,0.822463750839233,1,1,1.07000005245209,2001,03,16,9.5,9.5,10.1650004982948,0,22.7808990478516,2001-03-01,11.9474115371704,30.0801887512207,23.4881057739258
21220050,Pluviométrica,Convencional,Tolima,Ibagué,4.3534,-75.0531,680,1/15/1969,,Andes,Magdalena Cauca,Alto Magdalena,Río Coello,5.81818199157715,7.9236364364624,9,9,0.518115937709808,0.822463750839233,1,1,1.07000005245209,2001,03,17,14,14,14.9800007343292,0,29.0197448730469,2001-03-01,27.841667175293,24.5109615325928,24.3186664581299
21220050,Pluviométrica,Convencional,Tolima,Ibagué,4.3534,-75.0531,680,1/15/1969,,Andes,Magdalena Cauca,Alto Magdalena,Río Coello,5.81818199157715,7.9236364364624,9,9,0.518115937709808,0.822463750839233,1,1,1.07000005245209,2001,03,18,22,22,23.5400011539459,0,23.4259834289551,2001-03-01,16.5732612609863,21.9407920837402,22.3541831970215
21220050,Pluviométrica,Convencional,Tolima,Ibagué,4.3534,-75.0531,680,1/15/1969,,Andes,Magdalena Cauca,Alto Magdalena,Río Coello,5.81818199157715,7.9236364364624,9,9,0.518115937709808,0.822463750839233,1,1,1.05999994277954,2001,04,19,8,8,8.47999954223633,0,8.6200761795044,2001-04-01,5.75385904312134,11.2265396118164,10.6030969619751
21220050,Pluviométrica,Convencional,Tolima,Ibagué,4.3534,-75.0531,680,1/15/1969,,Andes,Magdalena Cauca,Alto Magdalena,Río Coello,5.81818199157715,7.9236364364624,9,9,0.518115937709808,0.822463750839233,1,1,1.05999994277954,2001,04,20,33.5,33.5,35.5099980831146,0,31.1340923309326,2001-04-01,31.6683406829834,31.4920635223389,30.105504989624
21220050,Pluviométrica,Convencional,Tolima,Ibagué,4.3534,-75.0531,680,1/15/1969,,Andes,Magdalena Cauca,Alto Magdalena,Río Coello,5.81818199157715,7.9236364364624,9,9,0.518115937709808,0.822463750839233,1,1,1.05999994277954,2001,04,21,33.3,33.3,35.2979980945587,0,24.8262023925781,2001-04-01,25.56955909729,47.4845237731934,46.7188186645508
21220050,Pluviométrica,Convencional,Tolima,Ibagué,4.3534,-75.0531,680,1/15/1969,,Andes,Magdalena Cauca,Alto Magdalena,Río Coello,5.81818199157715,7.9236364364624,9,9,0.518115937709808,0.822463750839233,1,1,1.05999994277954,2001,04,22,0,0,0,0,54.5898780822754,2001-04-01,58.7087173461914,26.9132690429688,28.1149406433106
21220050,Pluviométrica,Convencional,Tolima,Ibagué,4.3534,-75.0531,680,1/15/1969,,Andes,Magdalena Cauca,Alto Magdalena,Río Coello,5.81818199157715,7.9236364364624,9,9,0.518115937709808,0.822463750839233,1,1,1.05999994277954,2001,04,23,5.8,5.8,6.14799966812134,0,22.3807125091553,2001-04-01,20.4416599273682,23.0653495788574,25.1069507598877
21220050,Pluviométrica,Convencional,Tolima,Ibagué,4.3534,-75.0531,680,1/15/1969,,Andes,Magdalena Cauca,Alto Magdalena,Río Coello,5.81818199157715,7.9236364364624,9,9,0.518115937709808,0.822463750839233,1,1,1.05999994277954,2001,04,24,42.4,42.4,44.9439975738525,0,20.6056632995605,2001-04-01,19.4749393463135,19.7974033355713,19.1117649078369
21220050,Pluviométrica,Convencional,Tolima,Ibagué,4.3534,-75.0531,680,1/15/1969,,Andes,Magdalena Cauca,Alto Magdalena,Río Coello,5.81818199157715,7.9236364364624,9,9,0.518115937709808,0.822463750839233,1,1,1.05999994277954,2001,05,25,46.5,46.5,49.2899973392487,0,24.4821338653565,2001-05-01,30.1895294189453,25.7571525573731,28.0267353057861
21220050,Pluviométrica,Convencional,Tolima,Ibagué,4.3534,-75.0531,680,1/15/1969,,Andes,Magdalena Cauca,Alto Magdalena,Río Coello,5.81818199157715,7.9236364364624,9,9,0.518115937709808,0.822463750839233,1,1,1.05999994277954,2001,05,26,68,68,72.0799961090088,0,74.8541717529297,2001-05-01,80.474235534668,68.2226181030273,69.4412384033203
21220050,Pluviométrica,Convencional,Tolima,Ibagué,4.3534,-75.0531,680,1/15/1969,,Andes,Magdalena Cauca,Alto Magdalena,Río Coello,5.81818199157715,7.9236364364624,9,9,0.518115937709808,0.822463750839233,1,1,1.05999994277954,2001,05,27,21,21,22.2599987983704,0,1.70519483089447,2001-05-01,1.57679784297943,1.80927860736847,3.04994630813599
21220050,Pluviométrica,Convencional,Tolima,Ibagué,4.3534,-75.0531,680,1/15/1969,,Andes,Magdalena Cauca,Alto Magdalena,Río Coello,5.81818199157715,7.9236364364624,9,9,0.518115937709808,0.822463750839233,1,1,1.05999994277954,2001,05,28,11,11,11.659999370575,0,47.1744918823242,2001-05-01,47.331470489502,23.0641136169434,21.8575630187988
21220050,Pluviométrica,Convencional,Tolima,Ibagué,4.3534,-75.0531,680,1/15/1969,,Andes,Magdalena Cauca,Alto Magdalena,Río Coello,5.81818199157715,7.9236364364624,9,9,0.518115937709808,0.822463750839233,1,1,1.05999994277954,2001,05,29,13.3,13.3,14.0979992389679,0,16.0513229370117,2001-05-01,11.8339500427246,11.5543184280396,8.98825645446777
21220050,Pluviométrica,Convencional,Tolima,Ibagué,4.3534,-75.0531,680,1/15/1969,,Andes,Magdalena Cauca,Alto Magdalena,Río Coello,5.81818199157715,7.9236364364624,9,9,0.518115937709808,0.822463750839233,1,1,1.05999994277954,2001,05,30,0,0,0,0,53.1261253356934,2001-05-01,44.1444892883301,36.1728858947754,31.9128742218018
21220050,Pluviométrica,Convencional,Tolima,Ibagué,4.3534,-75.0531,680,1/15/1969,,Andes,Magdalena Cauca,Alto Magdalena,Río Coello,5.81818199157715,7.9236364364624,9,9,0.518115937709808,0.822463750839233,1,1,1.08000004291534,2001,06,31,0,0,0,0,6.91037511825562,2001-06-01,0.247304320335388,6.11828851699829,0.705885529518127
21220050,Pluviométrica,Convencional,Tolima,Ibagué,4.3534,-75.0531,680,1/15/1969,,Andes,Magdalena Cauca,Alto Magdalena,Río Coello,5.81818199157715,7.9236364364624,9,9,0.518115937709808,0.822463750839233,1,1,1.08000004291534,2001,06,32,0,0,0,0,7.64475297927856,2001-06-01,3.80731725692749,5.03763246536255,5.59942722320557
21220050,Pluviométrica,Convencional,Tolima,Ibagué,4.3534,-75.0531,680,1/15/1969,,Andes,Magdalena Cauca,Alto Magdalena,Río Coello,5.81818199157715,7.9236364364624,9,9,0.518115937709808,0.822463750839233,1,1,1.08000004291534,2001,06,33,0,0,0,0,19.6182250976563,2001-06-01,19.9080410003662,16.0726737976074,20.1927051544189
21220050,Pluviométrica,Convencional,Tolima,Ibagué,4.3534,-75.0531,680,1/15/1969,,Andes,Magdalena Cauca,Alto Magdalena,Río Coello,5.81818199157715,7.9236364364624,9,9,0.518115937709808,0.822463750839233,1,1,1.08000004291534,2001,06,34,0,0,0,0,9.31507682800293,2001-06-01,5.30906057357788,6.60516738891602,6.74522066116333
21220050,Pluviométrica,Convencional,Tolima,Ibagué,4.3534,-75.0531,680,1/15/1969,,Andes,Magdalena Cauca,Alto Magdalena,Río Coello,5.81818199157715,7.9236364364624,9,9,0.518115937709808,0.822463750839233,1,1,1.08000004291534,2001,06,35,0,0,0,0,6.1700029373169,2001-06-01,0.655797123908997,2.56792163848877,0.659003078937531
21220050,Pluviométrica,Convencional,Tolima,Ibagué,4.3534,-75.0531,680,1/15/1969,,Andes,Magdalena Cauca,Alto Magdalena,Río Coello,5.81818199157715,7.9236364364624,9,9,0.518115937709808,0.822463750839233,1,1,1.08000004291534,2001,06,36,0,0,0,0,10.7148065567017,2001-06-01,8.88689613342285,3.77947854995728,4.24003982543945
21220050,Pluviométrica,Convencional,Tolima,Ibagué,4.3534,-75.0531,680,1/15/1969,,Andes,Magdalena Cauca,Alto Magdalena,Río Coello,5.81818199157715,7.9236364364624,9,9,0.518115937709808,0.822463750839233,1,1,1.0900000333786,2001,07,37,0,0,0,0,3.13197827339172,2001-07-01,0.366463214159012,1.98909521102905,0.403314828872681
21220050,Pluviométrica,Convencional,Tolima,Ibagué,4.3534,-75.0531,680,1/15/1969,,Andes,Magdalena Cauca,Alto Magdalena,Río Coello,5.81818199157715,7.9236364364624,9,9,0.518115937709808,0.822463750839233,1,1,1.0900000333786,2001,07,38,0,0,0,0,5.9752721786499,2001-07-01,6.8871660232544,4.71853113174439,6.39743614196777
21220050,Pluviométrica,Convencional,Tolima,Ibagué,4.3534,-75.0531,680,1/15/1969,,Andes,Magdalena Cauca,Alto Magdalena,Río Coello,5.81818199157715,7.9236364364624,9,9,0.518115937709808,0.822463750839233,1,1,1.0900000333786,2001,07,39,45.6,45.6,49.7040015220642,0,21.466495513916,2001-07-01,27.8127822875977,36.5155029296875,41.2142181396484
21220050,Pluviométrica,Convencional,Tolima,Ibagué,4.3534,-75.0531,680,1/15/1969,,Andes,Magdalena Cauca,Alto Magdalena,Río Coello,5.81818199157715,7.9236364364624,9,9,0.518115937709808,0.822463750839233,1,1,1.0900000333786,2001,07,40,72.5,72.5,79.0250024199486,0,24.9776916503906,2001-07-01,32.3942031860352,32.9714775085449,34.0769081115723
21220050,Pluviométrica,Convencional,Tolima,Ibagué,4.3534,-75.0531,680,1/15/1969,,Andes,Magdalena Cauca,Alto Magdalena,Río Coello,5.81818199157715,7.9236364364624,9,9,0.518115937709808,0.822463750839233,1,1,1.0900000333786,2001,07,41,0,0,0,0,2.87772870063782,2001-07-01,0,2.14117217063904,0
21220050,Pluviométrica,Convencional,Tolima,Ibagué,4.3534,-75.0531,680,1/15/1969,,Andes,Magdalena Cauca,Alto Magdalena,Río Coello,5.81818199157715,7.9236364364624,9,9,0.518115937709808,0.822463750839233,1,1,1.0900000333786,2001,07,42,9.5,9.5,10.3550003170967,0,18.0765151977539,2001-07-01,16.83203125,13.4897050857544,12.1414957046509
21220050,Pluviométrica,Convencional,Tolima,Ibagué,4.3534,-75.0531,680,1/15/1969,,Andes,Magdalena Cauca,Alto Magdalena,Río Coello,5.81818199157715,7.9236364364624,9,9,0.518115937709808,0.822463750839233,1,1,1.08000004291534,2001,08,43,0,0,0,0,1.33251869678497,2001-08-01,0.561066567897797,0.857235789299011,0.547397613525391
21220050,Pluviométrica,Convencional,Tolima,Ibagué,4.3534,-75.0531,680,1/15/1969,,Andes,Magdalena Cauca,Alto Magdalena,Río Coello,5.81818199157715,7.9236364364624,9,9,0.518115937709808,0.822463750839233,1,1,1.08000004291534,2001,08,44,0,0,0,0,1.33744728565216,2001-08-01,0,0.843432128429413,0
21220050,Pluviométrica,Convencional,Tolima,Ibagué,4.3534,-75.0531,680,1/15/1969,,Andes,Magdalena Cauca,Alto Magdalena,Río Coello,5.81818199157715,7.9236364364624,9,9,0.518115937709808,0.822463750839233,1,1,1.08000004291534,2001,08,45,0,0,0,0,1.28916478157043,2001-08-01,0,0.836615562438965,0
21220050,Pluviométrica,Convencional,Tolima,Ibagué,4.3534,-75.0531,680,1/15/1969,,Andes,Magdalena Cauca,Alto Magdalena,Río Coello,5.81818199157715,7.9236364364624,9,9,0.518115937709808,0.822463750839233,1,1,1.08000004291534,2001,08,46,0,0,0,0,1.22539520263672,2001-08-01,0,0.786222159862518,0
21220050,Pluviométrica,Convencional,Tolima,Ibagué,4.3534,-75.0531,680,1/15/1969,,Andes,Magdalena Cauca,Alto Magdalena,Río Coello,5.81818199157715,7.9236364364624,9,9,0.518115937709808,0.822463750839233,1,1,1.08000004291534,2001,08,47,0,0,0,0,12.2315721511841,2001-08-01,11.2115259170532,3.8027868270874,4.35026121139526
21220050,Pluviométrica,Convencional,Tolima,Ibagué,4.3534,-75.0531,680,1/15/1969,,Andes,Magdalena Cauca,Alto Magdalena,Río Coello,5.81818199157715,7.9236364364624,9,9,0.518115937709808,0.822463750839233,1,1,1.08000004291534,2001,08,48,8.7,8.7,9.39600037336349,0,16.3095092773438,2001-08-01,15.6246290206909,13.100040435791,13.7946901321411
21220050,Pluviométrica,Convencional,Tolima,Ibagué,4.3534,-75.0531,680,1/15/1969,,Andes,Magdalena Cauca,Alto Magdalena,Río Coello,5.81818199157715,7.9236364364624,9,9,0.518115937709808,0.822463750839233,1,1,1.08000004291534,2001,09,49,16.6,16.6,17.9280007123947,0,11.3519878387451,2001-09-01,9.50106143951416,8.00482177734375,6.91513013839722
21220050,Pluviométrica,Convencional,Tolima,Ibagué,4.3534,-75.0531,680,1/15/1969,,Andes,Magdalena Cauca,Alto Magdalena,Río Coello,5.81818199157715,7.9236364364624,9,9,0.518115937709808,0.822463750839233,1,1,1.08000004291534,2001,09,50,43.3,43.3,46.7640018582344,0,8.18257904052734,2001-09-01,6.58096265792847,7.43032312393189,8.55288791656494
21220050,Pluviométrica,Convencional,Tolima,Ibagué,4.3534,-75.0531,680,1/15/1969,,Andes,Magdalena Cauca,Alto Magdalena,Río Coello,5.81818199157715,7.9236364364624,9,9,0.518115937709808,0.822463750839233,1,1,1.08000004291534,2001,09,51,98.2,98.2,106.056004214287,0,44.6650810241699,2001-09-01,60.8048286437988,66.7705001831055,72.5978546142578
21220050,Pluviométrica,Convencional,Tolima,Ibagué,4.3534,-75.0531,680,1/15/1969,,Andes,Magdalena Cauca,Alto Magdalena,Río Coello,5.81818199157715,7.9236364364624,9,9,0.518115937709808,0.822463750839233,1,1,1.08000004291534,2001,09,52,11,11,11.8800004720688,0,12.6589384078979,2001-09-01,17.1150798797607,10.9933567047119,11.430477142334
21220050,Pluviométrica,Convencional,Tolima,Ibagué,4.3534,-75.0531,680,1/15/1969,,Andes,Magdalena Cauca,Alto Magdalena,Río Coello,5.81818199157715,7.9236364364624,9,9,0.518115937709808,0.822463750839233,1,1,1.08000004291534,2001,09,53,0,0,0,0,17.3181896209717,2001-09-01,23.8283805847168,10.5528717041016,13.9288682937622
21220050,Pluviométrica,Convencional,Tolima,Ibagué,4.3534,-75.0531,680,1/15/1969,,Andes,Magdalena Cauca,Alto Magdalena,Río Coello,5.81818199157715,7.9236364364624,9,9,0.518115937709808,0.822463750839233,1,1,1.08000004291534,2001,09,54,89.2,89.2,96.3360038280487,0,39.705493927002,2001-09-01,52.2755546569824,52.2693214416504,56.4304237365723
21220050,Pluviométrica,Convencional,Tolima,Ibagué,4.3534,-75.0531,680,1/15/1969,,Andes,Magdalena Cauca,Alto Magdalena,Río Coello,5.81818199157715,7.9236364364624,9,9,0.518115937709808,0.822463750839233,1,1,1.07000005245209,2001,10,55,0,0,0,0,10.6479015350342,2001-10-01,0,4.8350510597229,0
21220050,Pluviométrica,Convencional,Tolima,Ibagué,4.3534,-75.0531,680,1/15/1969,,Andes,Magdalena Cauca,Alto Magdalena,Río Coello,5.81818199157715,7.9236364364624,9,9,0.518115937709808,0.822463750839233,1,1,1.07000005245209,2001,10,56,0,0,0,0,26.0399436950684,2001-10-01,17.2036952972412,8.06975650787354,5.8312087059021
21220050,Pluviométrica,Convencional,Tolima,Ibagué,4.3534,-75.0531,680,1/15/1969,,Andes,Magdalena Cauca,Alto Magdalena,Río Coello,5.81818199157715,7.9236364364624,9,9,0.518115937709808,0.822463750839233,1,1,1.07000005245209,2001,10,57,27.2,27.2,29.1040014266968,0,19.6355285644531,2001-10-01,9.4855785369873,22.8391227722168,18.0505218505859
21220050,Pluviométrica,Convencional,Tolima,Ibagué,4.3534,-75.0531,680,1/15/1969,,Andes,Magdalena Cauca,Alto Magdalena,Río Coello,5.81818199157715,7.9236364364624,9,9,0.518115937709808,0.822463750839233,1,1,1.07000005245209,2001,10,58,13,13,13.9100006818771,0,20.066162109375,2001-10-01,14.3024291992188,25.8657169342041,21.1162490844727
21220050,Pluviométrica,Convencional,Tolima,Ibagué,4.3534,-75.0531,680,1/15/1969,,Andes,Magdalena Cauca,Alto Magdalena,Río Coello,5.81818199157715,7.9236364364624,9,9,0.518115937709808,0.822463750839233,1,1,1.07000005245209,2001,10,59,71,71,75.9700037240982,0,28.3573246002197,2001-10-01,25.2254962921143,40.8476028442383,43.7520256042481
21220050,Pluviométrica,Convencional,Tolima,Ibagué,4.3534,-75.0531,680,1/15/1969,,Andes,Magdalena Cauca,Alto Magdalena,Río Coello,5.81818199157715,7.9236364364624,9,9,0.518115937709808,0.822463750839233,1,1,1.07000005245209,2001,10,60,14,14,14.9800007343292,0,46.8263053894043,2001-10-01,33.9657020568848,28.5225372314453,24.2906379699707
21220050,Pluviométrica,Convencional,Tolima,Ibagué,4.3534,-75.0531,680,1/15/1969,,Andes,Magdalena Cauca,Alto Magdalena,Río Coello,5.81818199157715,7.9236364364624,9,9,0.518115937709808,0.822463750839233,1,1,1.05999994277954,2001,11,61,8,8,8.47999954223633,0,9.78372383117676,2001-11-01,0,15.6190452575684,0
21220050,Pluviométrica,Convencional,Tolima,Ibagué,4.3534,-75.0531,680,1/15/1969,,Andes,Magdalena Cauca,Alto Magdalena,Río Coello,5.81818199157715,7.9236364364624,9,9,0.518115937709808,0.822463750839233,1,1,1.05999994277954,2001,11,62,28.3,28.3,29.997998380661,0,27.3691730499268,2001-11-01,16.2033538818359,24.8180046081543,25.0421409606934
21220050,Pluviométrica,Convencional,Tolima,Ibagué,4.3534,-75.0531,680,1/15/1969,,Andes,Magdalena Cauca,Alto Magdalena,Río Coello,5.81818199157715,7.9236364364624,9,9,0.518115937709808,0.822463750839233,1,1,1.05999994277954,2001,11,63,30,30,31.7999982833862,0,44.3118591308594,2001-11-01,33.2633895874023,43.7370910644531,42.040771484375
21220050,Pluviométrica,Convencional,Tolima,Ibagué,4.3534,-75.0531,680,1/15/1969,,Andes,Magdalena Cauca,Alto Magdalena,Río Coello,5.81818199157715,7.9236364364624,9,9,0.518115937709808,0.822463750839233,1,1,1.05999994277954,2001,11,64,46.6,46.6,49.3959973335266,0,41.4002990722656,2001-11-01,32.8407325744629,41.2304763793945,40.3386001586914
21220050,Pluviométrica,Convencional,Tolima,Ibagué,4.3534,-75.0531,680,1/15/1969,,Andes,Magdalena Cauca,Alto Magdalena,Río Coello,5.81818199157715,7.9236364364624,9,9,0.518115937709808,0.822463750839233,1,1,1.05999994277954,2001,11,65,0,0,0,0,27.6796684265137,2001-11-01,14.8337678909302,24.0169181823731,17.7719249725342
21220050,Pluviométrica,Convencional,Tolima,Ibagué,4.3534,-75.0531,680,1/15/1969,,Andes,Magdalena Cauca,Alto Magdalena,Río Coello,5.81818199157715,7.9236364364624,9,9,0.518115937709808,0.822463750839233,1,1,1.05999994277954,2001,11,66,40,40,42.3999977111816,0,32.9120941162109,2001-11-01,25.4519004821777,29.1386013031006,28.7837772369385
21220050,Pluviométrica,Convencional,Tolima,Ibagué,4.3534,-75.0531,680,1/15/1969,,Andes,Magdalena Cauca,Alto Magdalena,Río Coello,5.81818199157715,7.9236364364624,9,9,0.518115937709808,0.822463750839233,1,1,1.08000004291534,2001,12,67,0,0,0,1,13.3220920562744,2001-12-01,5.79359674453735,11.6522779464722,9.31766700744629
21220050,Pluviométrica,Convencional,Tolima,Ibagué,4.3534,-75.0531,680,1/15/1969,,Andes,Magdalena Cauca,Alto Magdalena,Río Coello,5.81818199157715,7.9236364364624,9,9,0.518115937709808,0.822463750839233,1,1,1.08000004291534,2001,12,68,6.8,6.8,7.34400029182434,0,22.4166030883789,2001-12-01,23.8364372253418,15.2572908401489,16.1851139068604
21220050,Pluviométrica,Convencional,Tolima,Ibagué,4.3534,-75.0531,680,1/15/1969,,Andes,Magdalena Cauca,Alto Magdalena,Río Coello,5.81818199157715,7.9236364364624,9,9,0.518115937709808,0.822463750839233,1,1,1.08000004291534,2001,12,69,26.5,26.5,28.6200011372566,0,21.9578609466553,2001-12-01,21.3107719421387,27.319185256958,29.1003398895264
21220050,Pluviométrica,Convencional,Tolima,Ibagué,4.3534,-75.0531,680,1/15/1969,,Andes,Magdalena Cauca,Alto Magdalena,Río Coello,5.81818199157715,7.9236364364624,9,9,0.518115937709808,0.822463750839233,1,1,1.08000004291534,2001,12,70,74,74,79.9200031757355,0,31.1873550415039,2001-12-01,38.697883605957,35.5480880737305,40.3740882873535
21220050,Pluviométrica,Convencional,Tolima,Ibagué,4.3534,-75.0531,680,1/15/1969,,Andes,Magdalena Cauca,Alto Magdalena,Río Coello,5.81818199157715,7.9236364364624,9,9,0.518115937709808,0.822463750839233,1,1,1.08000004291534,2001,12,71,13.5,13.5,14.5800005793571,0,35.6656494140625,2001-12-01,50.7686386108399,18.6625862121582,23.136739730835
21220050,Pluviométrica,Convencional,Tolima,Ibagué,4.3534,-75.0531,680,1/15/1969,,Andes,Magdalena Cauca,Alto Magdalena,Río Coello,5.81818199157715,7.9236364364624,9,9,0.518115937709808,0.822463750839233,1,1,1.08000004291534,2001,12,72,30,30,32.4000012874603,0,23.019344329834,2001-12-01,14.5072364807129,24.2331981658936,23.2546195983887
21220050,Pluviométrica,Convencional,Tolima,Ibagué,4.3534,-75.0531,680,1/15/1969,,Andes,Magdalena Cauca,Alto Magdalena,Río Coello,5.81818199157715,7.9236364364624,9,9,0.518115937709808,0.822463750839233,1,1,1.08000004291534,2002,01,1,0,0,0,0,5.65598297119141,2002-01-01,1.55356311798096,2.91029477119446,0.992044031620026
21220050,Pluviométrica,Convencional,Tolima,Ibagué,4.3534,-75.0531,680,1/15/1969,,Andes,Magdalena Cauca,Alto Magdalena,Río Coello,5.81818199157715,7.9236364364624,9,9,0.518115937709808,0.822463750839233,1,1,1.08000004291534,2002,01,2,0,0,0,0,5.62424612045288,2002-01-01,1.00298309326172,3.47684741020203,0.833737909793854
21220050,Pluviométrica,Convencional,Tolima,Ibagué,4.3534,-75.0531,680,1/15/1969,,Andes,Magdalena Cauca,Alto Magdalena,Río Coello,5.81818199157715,7.9236364364624,9,9,0.518115937709808,0.822463750839233,1,1,1.08000004291534,2002,01,3,0,0,0,0,11.4680795669556,2002-01-01,9.41422271728516,12.8290433883667,15.2290802001953
21220050,Pluviométrica,Convencional,Tolima,Ibagué,4.3534,-75.0531,680,1/15/1969,,Andes,Magdalena Cauca,Alto Magdalena,Río Coello,5.81818199157715,7.9236364364624,9,9,0.518115937709808,0.822463750839233,1,1,1.08000004291534,2002,01,4,10,10,10.8000004291534,0,6.76232528686523,2002-01-01,1.39812970161438,5.49723100662231,2.08086514472961
21220050,Pluviométrica,Convencional,Tolima,Ibagué,4.3534,-75.0531,680,1/15/1969,,Andes,Magdalena Cauca,Alto Magdalena,Río Coello,5.81818199157715,7.9236364364624,9,9,0.518115937709808,0.822463750839233,1,1,1.08000004291534,2002,01,5,17,17,18.3600007295609,0,8.84633731842041,2002-01-01,5.99600791931152,6.76251649856567,5.05221891403198
21220050,Pluviométrica,Convencional,Tolima,Ibagué,4.3534,-75.0531,680,1/15/1969,,Andes,Magdalena Cauca,Alto Magdalena,Río Coello,5.81818199157715,7.9236364364624,9,9,0.518115937709808,0.822463750839233,1,1,1.08000004291534,2002,01,6,0,0,0,0,20.1009559631348,2002-01-01,13.0741844177246,12.4426183700562,7.99558687210083
21220050,Pluviométrica,Convencional,Tolima,Ibagué,4.3534,-75.0531,680,1/15/1969,,Andes,Magdalena Cauca,Alto Magdalena,Río Coello,5.81818199157715,7.9236364364624,9,9,0.518115937709808,0.822463750839233,1,1,1.08000004291534,2002,02,7,0,0,0,0,18.8904285430908,2002-02-01,21.8735752105713,12.7584447860718,13.97935962677
21220050,Pluviométrica,Convencional,Tolima,Ibagué,4.3534,-75.0531,680,1/15/1969,,Andes,Magdalena Cauca,Alto Magdalena,Río Coello,5.81818199157715,7.9236364364624,9,9,0.518115937709808,0.822463750839233,1,1,1.08000004291534,2002,02,8,29.5,29.5,31.8600012660027,0,8.12928199768066,2002-02-01,0.55823028087616,10.8697023391724,2.04752707481384
21220050,Pluviométrica,Convencional,Tolima,Ibagué,4.3534,-75.0531,680,1/15/1969,,Andes,Magdalena Cauca,Alto Magdalena,Río Coello,5.81818199157715,7.9236364364624,9,9,0.518115937709808,0.822463750839233,1,1,1.08000004291534,2002,02,9,0,0,0,0,12.1295728683472,2002-02-01,9.99344635009766,10.8821039199829,11.4154720306396
21220050,Pluviométrica,Convencional,Tolima,Ibagué,4.3534,-75.0531,680,1/15/1969,,Andes,Magdalena Cauca,Alto Magdalena,Río Coello,5.81818199157715,7.9236364364624,9,9,0.518115937709808,0.822463750839233,1,1,1.08000004291534,2002,02,10,18,18,19.4400007724762,0,11.8062438964844,2002-02-01,4.74980783462524,11.9474973678589,12.5340099334717
21220050,Pluviométrica,Convencional,Tolima,Ibagué,4.3534,-75.0531,680,1/15/1969,,Andes,Magdalena Cauca,Alto Magdalena,Río Coello,5.81818199157715,7.9236364364624,9,9,0.518115937709808,0.822463750839233,1,1,1.08000004291534,2002,02,11,7,7,7.56000030040741,0,9.0906457901001,2002-02-01,0.95016223192215,7.07841300964356,2.12826561927795
21220050,Pluviométrica,Convencional,Tolima,Ibagué,4.3534,-75.0531,680,1/15/1969,,Andes,Magdalena Cauca,Alto Magdalena,Río Coello,5.81818199157715,7.9236364364624,9,9,0.518115937709808,0.822463750839233,1,1,1.08000004291534,2002,02,12,0,0,0,0,9.91529178619385,2002-02-01,11.3404874801636,8.45359802246094,10.7814950942993
21220050,Pluviométrica,Convencional,Tolima,Ibagué,4.3534,-75.0531,680,1/15/1969,,Andes,Magdalena Cauca,Alto Magdalena,Río Coello,5.81818199157715,7.9236364364624,9,9,0.518115937709808,0.822463750839233,1,1,1.07000005245209,2002,03,13,0,0,0,0,7.97532844543457,2002-03-01,0.129305586218834,3.80373358726501,0.122455559670925
21220050,Pluviométrica,Convencional,Tolima,Ibagué,4.3534,-75.0531,680,1/15/1969,,Andes,Magdalena Cauca,Alto Magdalena,Río Coello,5.81818199157715,7.9236364364624,9,9,0.518115937709808,0.822463750839233,1,1,1.07000005245209,2002,03,14,0,0,0,0,15.4770059585571,2002-03-01,6.39741039276123,10.9211692810059,8.24802398681641
21220050,Pluviométrica,Convencional,Tolima,Ibagué,4.3534,-75.0531,680,1/15/1969,,Andes,Magdalena Cauca,Alto Magdalena,Río Coello,5.81818199157715,7.9236364364624,9,9,0.518115937709808,0.822463750839233,1,1,1.07000005245209,2002,03,15,52.3,52.3,55.9610027432442,0,34.0529747009277,2002-03-01,29.2025833129883,40.8185195922852,38.1309280395508
21220050,Pluviométrica,Convencional,Tolima,Ibagué,4.3534,-75.0531,680,1/15/1969,,Andes,Magdalena Cauca,Alto Magdalena,Río Coello,5.81818199157715,7.9236364364624,9,9,0.518115937709808,0.822463750839233,1,1,1.07000005245209,2002,03,16,185.4,185.4,198.378009724617,0,57.0008277893066,2002-03-01,53.2097549438477,107.249580383301,108.517547607422
21220050,Pluviométrica,Convencional,Tolima,Ibagué,4.3534,-75.0531,680,1/15/1969,,Andes,Magdalena Cauca,Alto Magdalena,Río Coello,5.81818199157715,7.9236364364624,9,9,0.518115937709808,0.822463750839233,1,1,1.07000005245209,2002,03,17,42.5,42.5,45.4750022292137,0,45.9392814636231,2002-03-01,50.5754280090332,48.1941146850586,49.2221260070801
21220050,Pluviométrica,Convencional,Tolima,Ibagué,4.3534,-75.0531,680,1/15/1969,,Andes,Magdalena Cauca,Alto Magdalena,Río Coello,5.81818199157715,7.9236364364624,9,9,0.518115937709808,0.822463750839233,1,1,1.07000005245209,2002,03,18,26.3,26.3,28.1410013794899,0,47.4022979736328,2002-03-01,46.2637100219727,44.9078636169434,44.7716827392578
21220050,Pluviométrica,Convencional,Tolima,Ibagué,4.3534,-75.0531,680,1/15/1969,,Andes,Magdalena Cauca,Alto Magdalena,Río Coello,5.81818199157715,7.9236364364624,9,9,0.518115937709808,0.822463750839233,1,1,1.05999994277954,2002,04,19,0,0,0,0,36.176025390625,2002-04-01,44.4352149963379,21.8927669525146,26.184741973877
21220050,Pluviométrica,Convencional,Tolima,Ibagué,4.3534,-75.0531,680,1/15/1969,,Andes,Magdalena Cauca,Alto Magdalena,Río Coello,5.81818199157715,7.9236364364624,9,9,0.518115937709808,0.822463750839233,1,1,1.05999994277954,2002,04,20,41.9,41.9,44.4139976024628,0,64.3992385864258,2002-04-01,69.8913192749023,68.8987045288086,70.410041809082
21220050,Pluviométrica,Convencional,Tolima,Ibagué,4.3534,-75.0531,680,1/15/1969,,Andes,Magdalena Cauca,Alto Magdalena,Río Coello,5.81818199157715,7.9236364364624,9,9,0.518115937709808,0.822463750839233,1,1,1.05999994277954,2002,04,21,0,0,0,0,7.48955345153809,2002-04-01,7.36773014068604,8.65987300872803,9.68145370483398
21220050,Pluviométrica,Convencional,Tolima,Ibagué,4.3534,-75.0531,680,1/15/1969,,Andes,Magdalena Cauca,Alto Magdalena,Río Coello,5.81818199157715,7.9236364364624,9,9,0.518115937709808,0.822463750839233,1,1,1.05999994277954,2002,04,22,85.4,85.4,90.5239951133728,0,68.2990188598633,2002-04-01,73.9053955078125,112.295188903809,114.09041595459
21220050,Pluviométrica,Convencional,Tolima,Ibagué,4.3534,-75.0531,680,1/15/1969,,Andes,Magdalena Cauca,Alto Magdalena,Río Coello,5.81818199157715,7.9236364364624,9,9,0.518115937709808,0.822463750839233,1,1,1.05999994277954,2002,04,23,38.2,38.2,40.4919978141785,0,46.4234428405762,2002-04-01,42.9545021057129,42.5340805053711,38.9901733398438
21220050,Pluviométrica,Convencional,Tolima,Ibagué,4.3534,-75.0531,680,1/15/1969,,Andes,Magdalena Cauca,Alto Magdalena,Río Coello,5.81818199157715,7.9236364364624,9,9,0.518115937709808,0.822463750839233,1,1,1.05999994277954,2002,04,24,0,0,0,0,29.364860534668,2002-04-01,27.0869293212891,46.6189956665039,52.7516136169434
21220050,Pluviométrica,Convencional,Tolima,Ibagué,4.3534,-75.0531,680,1/15/1969,,Andes,Magdalena Cauca,Alto Magdalena,Río Coello,5.81818199157715,7.9236364364624,9,9,0.518115937709808,0.822463750839233,1,1,1.05999994277954,2002,05,25,0,0,0,0,6.92465400695801,2002-05-01,7.17924880981445,3.00601029396057,3.0733916759491
21220050,Pluviométrica,Convencional,Tolima,Ibagué,4.3534,-75.0531,680,1/15/1969,,Andes,Magdalena Cauca,Alto Magdalena,Río Coello,5.81818199157715,7.9236364364624,9,9,0.518115937709808,0.822463750839233,1,1,1.05999994277954,2002,05,26,0,0,0,0,10.0213441848755,2002-05-01,9.60285758972168,4.83169078826904,4.98270320892334
21220050,Pluviométrica,Convencional,Tolima,Ibagué,4.3534,-75.0531,680,1/15/1969,,Andes,Magdalena Cauca,Alto Magdalena,Río Coello,5.81818199157715,7.9236364364624,9,9,0.518115937709808,0.822463750839233,1,1,1.05999994277954,2002,05,27,0,0,0,0,27.0286445617676,2002-05-01,26.9820785522461,7.87649774551392,8.08519840240479
21220050,Pluviométrica,Convencional,Tolima,Ibagué,4.3534,-75.0531,680,1/15/1969,,Andes,Magdalena Cauca,Alto Magdalena,Río Coello,5.81818199157715,7.9236364364624,9,9,0.518115937709808,0.822463750839233,1,1,1.05999994277954,2002,05,28,0,0,0,0,15.9208831787109,2002-05-01,17.7519149780273,9.34384346008301,10.3356504440308
21220050,Pluviométrica,Convencional,Tolima,Ibagué,4.3534,-75.0531,680,1/15/1969,,Andes,Magdalena Cauca,Alto Magdalena,Río Coello,5.81818199157715,7.9236364364624,9,9,0.518115937709808,0.822463750839233,1,1,1.05999994277954,2002,05,29,57,57,60.4199967384338,0,52.8917465209961,2002-05-01,53.7493171691895,42.436164855957,44.3434791564941
21220050,Pluviométrica,Convencional,Tolima,Ibagué,4.3534,-75.0531,680,1/15/1969,,Andes,Magdalena Cauca,Alto Magdalena,Río Coello,5.81818199157715,7.9236364364624,9,9,0.518115937709808,0.822463750839233,1,1,1.05999994277954,2002,05,30,65,65,68.8999962806702,0,103.800354003906,2002-05-01,88.7199325561524,94.4658889770508,92.0973663330078
21220050,Pluviométrica,Convencional,Tolima,Ibagué,4.3534,-75.0531,680,1/15/1969,,Andes,Magdalena Cauca,Alto Magdalena,Río Coello,5.81818199157715,7.9236364364624,9,9,0.518115937709808,0.822463750839233,1,1,1.08000004291534,2002,06,31,20,20,21.6000008583069,0,23.1191654205322,2002-06-01,21.612325668335,31.1290817260742,31.1631526947022
21220050,Pluviométrica,Convencional,Tolima,Ibagué,4.3534,-75.0531,680,1/15/1969,,Andes,Magdalena Cauca,Alto Magdalena,Río Coello,5.81818199157715,7.9236364364624,9,9,0.518115937709808,0.822463750839233,1,1,1.08000004291534,2002,06,32,91.9,91.9,99.2520039439201,0,31.9244022369385,2002-06-01,35.9764099121094,58.3657684326172,66.2855072021484
21220050,Pluviométrica,Convencional,Tolima,Ibagué,4.3534,-75.0531,680,1/15/1969,,Andes,Magdalena Cauca,Alto Magdalena,Río Coello,5.81818199157715,7.9236364364624,9,9,0.518115937709808,0.822463750839233,1,1,1.08000004291534,2002,06,33,0,0,0,0,24.4736423492432,2002-06-01,27.1125259399414,22.030252456665,28.2116718292236
21220050,Pluviométrica,Convencional,Tolima,Ibagué,4.3534,-75.0531,680,1/15/1969,,Andes,Magdalena Cauca,Alto Magdalena,Río Coello,5.81818199157715,7.9236364364624,9,9,0.518115937709808,0.822463750839233,1,1,1.08000004291534,2002,06,34,0,0,0,0,6.16898441314697,2002-06-01,0.539234220981598,3.5489661693573,0.686797440052033
21220050,Pluviométrica,Convencional,Tolima,Ibagué,4.3534,-75.0531,680,1/15/1969,,Andes,Magdalena Cauca,Alto Magdalena,Río Coello,5.81818199157715,7.9236364364624,9,9,0.518115937709808,0.822463750839233,1,1,1.08000004291534,2002,06,35,0,0,0,0,6.1700029373169,2002-06-01,0.655797123908997,3.02600049972534,0.689470887184143
21220050,Pluviométrica,Convencional,Tolima,Ibagué,4.3534,-75.0531,680,1/15/1969,,Andes,Magdalena Cauca,Alto Magdalena,Río Coello,5.81818199157715,7.9236364364624,9,9,0.518115937709808,0.822463750839233,1,1,1.08000004291534,2002,06,36,0,0,0,0,5.7918643951416,2002-06-01,0.766077995300293,2.44852304458618,0.629400372505188
21220050,Pluviométrica,Convencional,Tolima,Ibagué,4.3534,-75.0531,680,1/15/1969,,Andes,Magdalena Cauca,Alto Magdalena,Río Coello,5.81818199157715,7.9236364364624,9,9,0.518115937709808,0.822463750839233,1,1,1.0900000333786,2002,07,37,73,73,79.5700024366379,0,11.7064504623413,2002-07-01,14.6493816375732,33.1944580078125,41.3315467834473
21220050,Pluviométrica,Convencional,Tolima,Ibagué,4.3534,-75.0531,680,1/15/1969,,Andes,Magdalena Cauca,Alto Magdalena,Río Coello,5.81818199157715,7.9236364364624,9,9,0.518115937709808,0.822463750839233,1,1,1.0900000333786,2002,07,38,0,0,0,0,14.9094047546387,2002-07-01,21.7276344299316,6.13527917861939,7.04710483551025
21220050,Pluviométrica,Convencional,Tolima,Ibagué,4.3534,-75.0531,680,1/15/1969,,Andes,Magdalena Cauca,Alto Magdalena,Río Coello,5.81818199157715,7.9236364364624,9,9,0.518115937709808,0.822463750839233,1,1,1.0900000333786,2002,07,39,0,0,0,0,3.39120173454285,2002-07-01,0,2.17291188240051,0
21220050,Pluviométrica,Convencional,Tolima,Ibagué,4.3534,-75.0531,680,1/15/1969,,Andes,Magdalena Cauca,Alto Magdalena,Río Coello,5.81818199157715,7.9236364364624,9,9,0.518115937709808,0.822463750839233,1,1,1.0900000333786,2002,07,40,0,0,0,0,14.8144025802612,2002-07-01,16.5880908966064,12.2461709976196,10.3807773590088
21220050,Pluviométrica,Convencional,Tolima,Ibagué,4.3534,-75.0531,680,1/15/1969,,Andes,Magdalena Cauca,Alto Magdalena,Río Coello,5.81818199157715,7.9236364364624,9,9,0.518115937709808,0.822463750839233,1,1,1.0900000333786,2002,07,41,0,0,0,0,11.5220928192139,2002-07-01,11.2307252883911,9.23291206359863,8.00368404388428
21220050,Pluviométrica,Convencional,Tolima,Ibagué,4.3534,-75.0531,680,1/15/1969,,Andes,Magdalena Cauca,Alto Magdalena,Río Coello,5.81818199157715,7.9236364364624,9,9,0.518115937709808,0.822463750839233,1,1,1.0900000333786,2002,07,42,0,0,0,0,5.43415641784668,2002-07-01,1.61280858516693,3.26303029060364,1.44985842704773
21220050,Pluviométrica,Convencional,Tolima,Ibagué,4.3534,-75.0531,680,1/15/1969,,Andes,Magdalena Cauca,Alto Magdalena,Río Coello,5.81818199157715,7.9236364364624,9,9,0.518115937709808,0.822463750839233,1,1,1.08000004291534,2002,08,43,0,0,0,0,1.33251869678497,2002-08-01,0.561066567897797,0.907458782196045,0.490678548812866
21220050,Pluviométrica,Convencional,Tolima,Ibagué,4.3534,-75.0531,680,1/15/1969,,Andes,Magdalena Cauca,Alto Magdalena,Río Coello,5.81818199157715,7.9236364364624,9,9,0.518115937709808,0.822463750839233,1,1,1.08000004291534,2002,08,44,0,0,0,0,9.9948844909668,2002-08-01,8.75264263153076,4.81500101089478,4.60034799575806
21220050,Pluviométrica,Convencional,Tolima,Ibagué,4.3534,-75.0531,680,1/15/1969,,Andes,Magdalena Cauca,Alto Magdalena,Río Coello,5.81818199157715,7.9236364364624,9,9,0.518115937709808,0.822463750839233,1,1,1.08000004291534,2002,08,45,0,0,0,0,1.28916478157043,2002-08-01,0,0.966189086437225,0
21220050,Pluviométrica,Convencional,Tolima,Ibagué,4.3534,-75.0531,680,1/15/1969,,Andes,Magdalena Cauca,Alto Magdalena,Río Coello,5.81818199157715,7.9236364364624,9,9,0.518115937709808,0.822463750839233,1,1,1.08000004291534,2002,08,46,0,0,0,0,1.22539520263672,2002-08-01,0,0.879866182804108,0
21220050,Pluviométrica,Convencional,Tolima,Ibagué,4.3534,-75.0531,680,1/15/1969,,Andes,Magdalena Cauca,Alto Magdalena,Río Coello,5.81818199157715,7.9236364364624,9,9,0.518115937709808,0.822463750839233,1,1,1.08000004291534,2002,08,47,14.3,14.3,15.4440006136894,0,3.95912408828735,2002-08-01,1.75175261497498,3.20352697372437,3.07281875610352
21220050,Pluviométrica,Convencional,Tolima,Ibagué,4.3534,-75.0531,680,1/15/1969,,Andes,Magdalena Cauca,Alto Magdalena,Río Coello,5.81818199157715,7.9236364364624,9,9,0.518115937709808,0.822463750839233,1,1,1.08000004291534,2002,08,48,27.6,27.6,29.8080011844635,0,48.5139617919922,2002-08-01,53.7068557739258,39.0376510620117,41.9348945617676
21220050,Pluviométrica,Convencional,Tolima,Ibagué,4.3534,-75.0531,680,1/15/1969,,Andes,Magdalena Cauca,Alto Magdalena,Río Coello,5.81818199157715,7.9236364364624,9,9,0.518115937709808,0.822463750839233,1,1,1.08000004291534,2002,09,49,12.4,12.4,13.3920005321503,0,11.6368455886841,2002-09-01,11.5539951324463,9.38204383850098,10.1201639175415
21220050,Pluviométrica,Convencional,Tolima,Ibagué,4.3534,-75.0531,680,1/15/1969,,Andes,Magdalena Cauca,Alto Magdalena,Río Coello,5.81818199157715,7.9236364364624,9,9,0.518115937709808,0.822463750839233,1,1,1.08000004291534,2002,09,50,0,0,0,0,5.61906290054321,2002-09-01,4.79145336151123,2.63008379936218,2.31863808631897
21220050,Pluviométrica,Convencional,Tolima,Ibagué,4.3534,-75.0531,680,1/15/1969,,Andes,Magdalena Cauca,Alto Magdalena,Río Coello,5.81818199157715,7.9236364364624,9,9,0.518115937709808,0.822463750839233,1,1,1.08000004291534,2002,09,51,0,0,0,0,15.8917369842529,2002-09-01,19.6103935241699,7.88044548034668,9.29900646209717
21220050,Pluviométrica,Convencional,Tolima,Ibagué,4.3534,-75.0531,680,1/15/1969,,Andes,Magdalena Cauca,Alto Magdalena,Río Coello,5.81818199157715,7.9236364364624,9,9,0.518115937709808,0.822463750839233,1,1,1.08000004291534,2002,09,52,23.5,23.5,25.3800010085106,0,18.6794242858887,2002-09-01,29.6369304656982,26.1982574462891,34.8263244628906
21220050,Pluviométrica,Convencional,Tolima,Ibagué,4.3534,-75.0531,680,1/15/1969,,Andes,Magdalena Cauca,Alto Magdalena,Río Coello,5.81818199157715,7.9236364364624,9,9,0.518115937709808,0.822463750839233,1,1,1.08000004291534,2002,09,53,109.8,109.8,118.584004712105,0,34.107494354248,2002-09-01,41.389591217041,58.816707611084,58.8514175415039
21220050,Pluviométrica,Convencional,Tolima,Ibagué,4.3534,-75.0531,680,1/15/1969,,Andes,Magdalena Cauca,Alto Magdalena,Río Coello,5.81818199157715,7.9236364364624,9,9,0.518115937709808,0.822463750839233,1,1,1.08000004291534,2002,09,54,18.6,18.6,20.0880007982254,0,45.1531028747559,2002-09-01,61.5461158752441,38.0255699157715,41.2094688415527
21220050,Pluviométrica,Convencional,Tolima,Ibagué,4.3534,-75.0531,680,1/15/1969,,Andes,Magdalena Cauca,Alto Magdalena,Río Coello,5.81818199157715,7.9236364364624,9,9,0.518115937709808,0.822463750839233,1,1,1.07000005245209,2002,10,55,3.5,3.5,3.74500018358231,0,10.6479015350342,2002-10-01,0,10.7145919799805,0
21220050,Pluviométrica,Convencional,Tolima,Ibagué,4.3534,-75.0531,680,1/15/1969,,Andes,Magdalena Cauca,Alto Magdalena,Río Coello,5.81818199157715,7.9236364364624,9,9,0.518115937709808,0.822463750839233,1,1,1.07000005245209,2002,10,56,22.6,22.6,24.1820011854172,0,22.3839225769043,2002-10-01,12.6996593475342,18.6313037872314,16.1600589752197
21220050,Pluviométrica,Convencional,Tolima,Ibagué,4.3534,-75.0531,680,1/15/1969,,Andes,Magdalena Cauca,Alto Magdalena,Río Coello,5.81818199157715,7.9236364364624,9,9,0.518115937709808,0.822463750839233,1,1,1.07000005245209,2002,10,57,0,0,0,0,33.4004364013672,2002-10-01,26.4053897857666,18.0250434875488,16.6782093048096
21220050,Pluviométrica,Convencional,Tolima,Ibagué,4.3534,-75.0531,680,1/15/1969,,Andes,Magdalena Cauca,Alto Magdalena,Río Coello,5.81818199157715,7.9236364364624,9,9,0.518115937709808,0.822463750839233,1,1,1.07000005245209,2002,10,58,10.6,10.6,11.3420005559921,0,46.5501861572266,2002-10-01,47.3235397338867,38.4280891418457,42.6367225646973
21220050,Pluviométrica,Convencional,Tolima,Ibagué,4.3534,-75.0531,680,1/15/1969,,Andes,Magdalena Cauca,Alto Magdalena,Río Coello,5.81818199157715,7.9236364364624,9,9,0.518115937709808,0.822463750839233,1,1,1.07000005245209,2002,10,59,106.4,106.4,113.848005580902,0,48.5861320495606,2002-10-01,49.627613067627,69.9243087768555,74.2501220703125
21220050,Pluviométrica,Convencional,Tolima,Ibagué,4.3534,-75.0531,680,1/15/1969,,Andes,Magdalena Cauca,Alto Magdalena,Río Coello,5.81818199157715,7.9236364364624,9,9,0.518115937709808,0.822463750839233,1,1,1.07000005245209,2002,10,60,62.4,62.4,66.7680032730103,0,40.2116394042969,2002-10-01,29.5000228881836,57.8065338134766,56.7665176391602
21220050,Pluviométrica,Convencional,Tolima,Ibagué,4.3534,-75.0531,680,1/15/1969,,Andes,Magdalena Cauca,Alto Magdalena,Río Coello,5.81818199157715,7.9236364364624,9,9,0.518115937709808,0.822463750839233,1,1,1.05999994277954,2002,11,61,11.3,11.3,11.9779993534088,0,44.6989555358887,2002-11-01,34.2339172363281,34.3986778259277,32.8323440551758
21220050,Pluviométrica,Convencional,Tolima,Ibagué,4.3534,-75.0531,680,1/15/1969,,Andes,Magdalena Cauca,Alto Magdalena,Río Coello,5.81818199157715,7.9236364364624,9,9,0.518115937709808,0.822463750839233,1,1,1.05999994277954,2002,11,62,18.2,18.2,19.2919989585876,0,38.9132308959961,2002-11-01,26.7120246887207,29.9184703826904,25.5951595306397
21220050,Pluviométrica,Convencional,Tolima,Ibagué,4.3534,-75.0531,680,1/15/1969,,Andes,Magdalena Cauca,Alto Magdalena,Río Coello,5.81818199157715,7.9236364364624,9,9,0.518115937709808,0.822463750839233,1,1,1.05999994277954,2002,11,63,0,0,0,0,22.5525951385498,2002-11-01,12.1495246887207,19.6350135803223,20.0454750061035
21220050,Pluviométrica,Convencional,Tolima,Ibagué,4.3534,-75.0531,680,1/15/1969,,Andes,Magdalena Cauca,Alto Magdalena,Río Coello,5.81818199157715,7.9236364364624,9,9,0.518115937709808,0.822463750839233,1,1,1.05999994277954,2002,11,64,1.4,1.4,1.48399991989136,0,9.89146614074707,2002-11-01,0,7.24741744995117,0
21220050,Pluviométrica,Convencional,Tolima,Ibagué,4.3534,-75.0531,680,1/15/1969,,Andes,Magdalena Cauca,Alto Magdalena,Río Coello,5.81818199157715,7.9236364364624,9,9,0.518115937709808,0.822463750839233,1,1,1.05999994277954,2002,11,65,0,0,0,0,10.1828413009644,2002-11-01,0,5.90933418273926,0
21220050,Pluviométrica,Convencional,Tolima,Ibagué,4.3534,-75.0531,680,1/15/1969,,Andes,Magdalena Cauca,Alto Magdalena,Río Coello,5.81818199157715,7.9236364364624,9,9,0.518115937709808,0.822463750839233,1,1,1.05999994277954,2002,11,66,0,0,0,0,12.8269929885864,2002-11-01,4.37697076797485,6.19580221176148,5.81736660003662
21220050,Pluviométrica,Convencional,Tolima,Ibagué,4.3534,-75.0531,680,1/15/1969,,Andes,Magdalena Cauca,Alto Magdalena,Río Coello,5.81818199157715,7.9236364364624,9,9,0.518115937709808,0.822463750839233,1,1,1.08000004291534,2002,12,67,0,0,0,0,17.011905670166,2002-12-01,13.7110900878906,8.67963123321533,7.18005561828613
21220050,Pluviométrica,Convencional,Tolima,Ibagué,4.3534,-75.0531,680,1/15/1969,,Andes,Magdalena Cauca,Alto Magdalena,Río Coello,5.81818199157715,7.9236364364624,9,9,0.518115937709808,0.822463750839233,1,1,1.08000004291534,2002,12,68,67.5,67.5,72.9000028967857,0,26.0330257415772,2002-12-01,30.2415428161621,35.533863067627,35.5489196777344
21220050,Pluviométrica,Convencional,Tolima,Ibagué,4.3534,-75.0531,680,1/15/1969,,Andes,Magdalena Cauca,Alto Magdalena,Río Coello,5.81818199157715,7.9236364364624,9,9,0.518115937709808,0.822463750839233,1,1,1.08000004291534,2002,12,69,101.7,101.7,109.836004364491,0,24.562894821167,2002-12-01,27.5677719116211,26.616117477417,32.7765655517578
21220050,Pluviométrica,Convencional,Tolima,Ibagué,4.3534,-75.0531,680,1/15/1969,,Andes,Magdalena Cauca,Alto Magdalena,Río Coello,5.81818199157715,7.9236364364624,9,9,0.518115937709808,0.822463750839233,1,1,1.08000004291534,2002,12,70,43.8,43.8,47.3040018796921,0,53.3196487426758,2002-12-01,79.5637283325195,42.634822845459,47.8855285644531
21220050,Pluviométrica,Convencional,Tolima,Ibagué,4.3534,-75.0531,680,1/15/1969,,Andes,Magdalena Cauca,Alto Magdalena,Río Coello,5.81818199157715,7.9236364364624,9,9,0.518115937709808,0.822463750839233,1,1,1.08000004291534,2002,12,71,0,0,0,0,20.1764602661133,2002-12-01,22.0265464782715,9.95748805999756,10.2825708389282
21220050,Pluviométrica,Convencional,Tolima,Ibagué,4.3534,-75.0531,680,1/15/1969,,Andes,Magdalena Cauca,Alto Magdalena,Río Coello,5.81818199157715,7.9236364364624,9,9,0.518115937709808,0.822463750839233,1,1,1.08000004291534,2002,12,72,0,0,0,0,20.8245658874512,2002-12-01,9.40428733825684,13.2006969451904,10.5809106826782
21220050,Pluviométrica,Convencional,Tolima,Ibagué,4.3534,-75.0531,680,1/15/1969,,Andes,Magdalena Cauca,Alto Magdalena,Río Coello,5.81818199157715,7.9236364364624,9,9,0.518115937709808,0.822463750839233,1,1,1.08000004291534,2003,01,1,0,0,0,0,5.65598297119141,2003-01-01,1.55356311798096,2.64453363418579,1.35954308509827
21220050,Pluviométrica,Convencional,Tolima,Ibagué,4.3534,-75.0531,680,1/15/1969,,Andes,Magdalena Cauca,Alto Magdalena,Río Coello,5.81818199157715,7.9236364364624,9,9,0.518115937709808,0.822463750839233,1,1,1.08000004291534,2003,01,2,0,0,0,0,5.62424612045288,2003-01-01,1.00298309326172,2.36640453338623,0.884351372718811
21220050,Pluviométrica,Convencional,Tolima,Ibagué,4.3534,-75.0531,680,1/15/1969,,Andes,Magdalena Cauca,Alto Magdalena,Río Coello,5.81818199157715,7.9236364364624,9,9,0.518115937709808,0.822463750839233,1,1,1.08000004291534,2003,01,3,0,0,0,0,5.57815647125244,2003-01-01,0.587421715259552,3.59804940223694,0.872696340084076
21220050,Pluviométrica,Convencional,Tolima,Ibagué,4.3534,-75.0531,680,1/15/1969,,Andes,Magdalena Cauca,Alto Magdalena,Río Coello,5.81818199157715,7.9236364364624,9,9,0.518115937709808,0.822463750839233,1,1,1.08000004291534,2003,01,4,5.9,5.9,6.37200025320053,0,5.57502508163452,2003-01-01,0,4.98363065719605,0
21220050,Pluviométrica,Convencional,Tolima,Ibagué,4.3534,-75.0531,680,1/15/1969,,Andes,Magdalena Cauca,Alto Magdalena,Río Coello,5.81818199157715,7.9236364364624,9,9,0.518115937709808,0.822463750839233,1,1,1.08000004291534,2003,01,5,6,6,6.48000025749207,0,5.43301773071289,2003-01-01,0.739561557769775,5.2205286026001,1.76951420307159
21220050,Pluviométrica,Convencional,Tolima,Ibagué,4.3534,-75.0531,680,1/15/1969,,Andes,Magdalena Cauca,Alto Magdalena,Río Coello,5.81818199157715,7.9236364364624,9,9,0.518115937709808,0.822463750839233,1,1,1.08000004291534,2003,01,6,1.4,1.4,1.51200006008148,0,8.95398902893066,2003-01-01,1.27916622161865,6.87190246582031,2.6023440361023
21220050,Pluviométrica,Convencional,Tolima,Ibagué,4.3534,-75.0531,680,1/15/1969,,Andes,Magdalena Cauca,Alto Magdalena,Río Coello,5.81818199157715,7.9236364364624,9,9,0.518115937709808,0.822463750839233,1,1,1.08000004291534,2003,02,7,0,0,0,0,8.17726802825928,2003-02-01,0,6.27320528030396,0
21220050,Pluviométrica,Convencional,Tolima,Ibagué,4.3534,-75.0531,680,1/15/1969,,Andes,Magdalena Cauca,Alto Magdalena,Río Coello,5.81818199157715,7.9236364364624,9,9,0.518115937709808,0.822463750839233,1,1,1.08000004291534,2003,02,8,21.4,21.4,23.1120009183884,0,8.93488025665283,2003-02-01,3.9303343296051,15.4890842437744,16.3127899169922
21220050,Pluviométrica,Convencional,Tolima,Ibagué,4.3534,-75.0531,680,1/15/1969,,Andes,Magdalena Cauca,Alto Magdalena,Río Coello,5.81818199157715,7.9236364364624,9,9,0.518115937709808,0.822463750839233,1,1,1.08000004291534,2003,02,9,0,0,0,0,26.6746616363525,2003-02-01,39.2080307006836,27.4293594360352,39.7494163513184
21220050,Pluviométrica,Convencional,Tolima,Ibagué,4.3534,-75.0531,680,1/15/1969,,Andes,Magdalena Cauca,Alto Magdalena,Río Coello,5.81818199157715,7.9236364364624,9,9,0.518115937709808,0.822463750839233,1,1,1.08000004291534,2003,02,10,18.3,18.3,19.7640007853508,0,8.45481109619141,2003-02-01,0,10.5481090545654,0
21220050,Pluviométrica,Convencional,Tolima,Ibagué,4.3534,-75.0531,680,1/15/1969,,Andes,Magdalena Cauca,Alto Magdalena,Río Coello,5.81818199157715,7.9236364364624,9,9,0.518115937709808,0.822463750839233,1,1,1.08000004291534,2003,02,11,0,0,0,0,9.0906457901001,2003-02-01,0.95016223192215,8.20353031158447,2.5764148235321
21220050,Pluviométrica,Convencional,Tolima,Ibagué,4.3534,-75.0531,680,1/15/1969,,Andes,Magdalena Cauca,Alto Magdalena,Río Coello,5.81818199157715,7.9236364364624,9,9,0.518115937709808,0.822463750839233,1,1,1.08000004291534,2003,02,12,0,0,0,0,11.308572769165,2003-02-01,17.5543994903564,6.03159809112549,8.74959564208984
21220050,Pluviométrica,Convencional,Tolima,Ibagué,4.3534,-75.0531,680,1/15/1969,,Andes,Magdalena Cauca,Alto Magdalena,Río Coello,5.81818199157715,7.9236364364624,9,9,0.518115937709808,0.822463750839233,1,1,1.07000005245209,2003,03,13,2.9,2.9,3.10300015211105,0,7.97532844543457,2003-03-01,0.129305586218834,11.0255832672119,0.387862920761108
21220050,Pluviométrica,Convencional,Tolima,Ibagué,4.3534,-75.0531,680,1/15/1969,,Andes,Magdalena Cauca,Alto Magdalena,Río Coello,5.81818199157715,7.9236364364624,9,9,0.518115937709808,0.822463750839233,1,1,1.07000005245209,2003,03,14,0,0,0,0,23.6116695404053,2003-03-01,15.6594438552856,7.86028385162354,6.12141752243042
21220050,Pluviométrica,Convencional,Tolima,Ibagué,4.3534,-75.0531,680,1/15/1969,,Andes,Magdalena Cauca,Alto Magdalena,Río Coello,5.81818199157715,7.9236364364624,9,9,0.518115937709808,0.822463750839233,1,1,1.07000005245209,2003,03,15,33.4,33.4,35.7380017518997,0,35.7914619445801,2003-03-01,28.8442478179932,46.8433036804199,45.759033203125
21220050,Pluviométrica,Convencional,Tolima,Ibagué,4.3534,-75.0531,680,1/15/1969,,Andes,Magdalena Cauca,Alto Magdalena,Río Coello,5.81818199157715,7.9236364364624,9,9,0.518115937709808,0.822463750839233,1,1,1.07000005245209,2003,03,16,0.6,0.6,0.642000031471252,0,39.5348892211914,2003-03-01,32.169563293457,27.4020233154297,26.9414615631104
21220050,Pluviométrica,Convencional,Tolima,Ibagué,4.3534,-75.0531,680,1/15/1969,,Andes,Magdalena Cauca,Alto Magdalena,Río Coello,5.81818199157715,7.9236364364624,9,9,0.518115937709808,0.822463750839233,1,1,1.07000005245209,2003,03,17,4.6,4.6,4.9220002412796,0,20.6467151641846,2003-03-01,15.3880729675293,17.3340644836426,15.5387372970581
21220050,Pluviométrica,Convencional,Tolima,Ibagué,4.3534,-75.0531,680,1/15/1969,,Andes,Magdalena Cauca,Alto Magdalena,Río Coello,5.81818199157715,7.9236364364624,9,9,0.518115937709808,0.822463750839233,1,1,1.07000005245209,2003,03,18,2.5,2.5,2.67500013113022,0,17.4512939453125,2003-03-01,9.56078052520752,19.2928657531738,16.4211044311523
21220050,Pluviométrica,Convencional,Tolima,Ibagué,4.3534,-75.0531,680,1/15/1969,,Andes,Magdalena Cauca,Alto Magdalena,Río Coello,5.81818199157715,7.9236364364624,9,9,0.518115937709808,0.822463750839233,1,1,1.05999994277954,2003,04,19,0,0,0,0,17.9043884277344,2003-04-01,16.9722080230713,11.4636964797974,12.6684999465942
21220050,Pluviométrica,Convencional,Tolima,Ibagué,4.3534,-75.0531,680,1/15/1969,,Andes,Magdalena Cauca,Alto Magdalena,Río Coello,5.81818199157715,7.9236364364624,9,9,0.518115937709808,0.822463750839233,1,1,1.05999994277954,2003,04,20,19,19,20.1399989128113,0,29.7066402435303,2003-04-01,27.1593341827393,26.5751285552979,25.2134857177734
21220050,Pluviométrica,Convencional,Tolima,Ibagué,4.3534,-75.0531,680,1/15/1969,,Andes,Magdalena Cauca,Alto Magdalena,Río Coello,5.81818199157715,7.9236364364624,9,9,0.518115937709808,0.822463750839233,1,1,1.05999994277954,2003,04,21,43.5,43.5,46.10999751091,0,39.1643142700195,2003-04-01,41.7648849487305,78.5309829711914,78.5877838134766
21220050,Pluviométrica,Convencional,Tolima,Ibagué,4.3534,-75.0531,680,1/15/1969,,Andes,Magdalena Cauca,Alto Magdalena,Río Coello,5.81818199157715,7.9236364364624,9,9,0.518115937709808,0.822463750839233,1,1,1.05999994277954,2003,04,22,90,90,95.3999948501587,0,45.1536903381348,2003-04-01,46.8145980834961,56.3983917236328,57.5072555541992
21220050,Pluviométrica,Convencional,Tolima,Ibagué,4.3534,-75.0531,680,1/15/1969,,Andes,Magdalena Cauca,Alto Magdalena,Río Coello,5.81818199157715,7.9236364364624,9,9,0.518115937709808,0.822463750839233,1,1,1.05999994277954,2003,04,23,85,85,90.099995136261,0,71.6581954956055,2003-04-01,71.115234375,82.8660202026367,82.0604782104492
21220050,Pluviométrica,Convencional,Tolima,Ibagué,4.3534,-75.0531,680,1/15/1969,,Andes,Magdalena Cauca,Alto Magdalena,Río Coello,5.81818199157715,7.9236364364624,9,9,0.518115937709808,0.822463750839233,1,1,1.05999994277954,2003,04,24,4,4,4.23999977111816,0,9.73415470123291,2003-04-01,8.28927135467529,10.9439706802368,13.3514776229858
21220050,Pluviométrica,Convencional,Tolima,Ibagué,4.3534,-75.0531,680,1/15/1969,,Andes,Magdalena Cauca,Alto Magdalena,Río Coello,5.81818199157715,7.9236364364624,9,9,0.518115937709808,0.822463750839233,1,1,1.05999994277954,2003,05,25,2,2,2.11999988555908,0,23.3199367523193,2003-05-01,28.8948211669922,16.003438949585,18.7198944091797
21220050,Pluviométrica,Convencional,Tolima,Ibagué,4.3534,-75.0531,680,1/15/1969,,Andes,Magdalena Cauca,Alto Magdalena,Río Coello,5.81818199157715,7.9236364364624,9,9,0.518115937709808,0.822463750839233,1,1,1.05999994277954,2003,05,26,0,0,0,0,23.9166069030762,2003-05-01,23.2733783721924,20.0831642150879,19.1290149688721
21220050,Pluviométrica,Convencional,Tolima,Ibagué,4.3534,-75.0531,680,1/15/1969,,Andes,Magdalena Cauca,Alto Magdalena,Río Coello,5.81818199157715,7.9236364364624,9,9,0.518115937709808,0.822463750839233,1,1,1.05999994277954,2003,05,27,33,33,34.9799981117249,0,8.76891708374023,2003-05-01,7.58099842071533,14.0239191055298,16.9117069244385
21220050,Pluviométrica,Convencional,Tolima,Ibagué,4.3534,-75.0531,680,1/15/1969,,Andes,Magdalena Cauca,Alto Magdalena,Río Coello,5.81818199157715,7.9236364364624,9,9,0.518115937709808,0.822463750839233,1,1,1.05999994277954,2003,05,28,3,3,3.17999982833862,0,7.37349605560303,2003-05-01,5.89544343948364,7.8938307762146,6.84385490417481
21220050,Pluviométrica,Convencional,Tolima,Ibagué,4.3534,-75.0531,680,1/15/1969,,Andes,Magdalena Cauca,Alto Magdalena,Río Coello,5.81818199157715,7.9236364364624,9,9,0.518115937709808,0.822463750839233,1,1,1.05999994277954,2003,05,29,80,80,84.7999954223633,0,42.769100189209,2003-05-01,41.9844207763672,55.942440032959,54.7896499633789
21220050,Pluviométrica,Convencional,Tolima,Ibagué,4.3534,-75.0531,680,1/15/1969,,Andes,Magdalena Cauca,Alto Magdalena,Río Coello,5.81818199157715,7.9236364364624,9,9,0.518115937709808,0.822463750839233,1,1,1.05999994277954,2003,05,30,0,0,0,0,56.727222442627,2003-05-01,47.312183380127,29.3195705413818,26.7768173217773
21220050,Pluviométrica,Convencional,Tolima,Ibagué,4.3534,-75.0531,680,1/15/1969,,Andes,Magdalena Cauca,Alto Magdalena,Río Coello,5.81818199157715,7.9236364364624,9,9,0.518115937709808,0.822463750839233,1,1,1.08000004291534,2003,06,31,36,36,38.8800015449524,0,28.9031829833984,2003-06-01,32.5735893249512,24.9148101806641,27.2948246002197
21220050,Pluviométrica,Convencional,Tolima,Ibagué,4.3534,-75.0531,680,1/15/1969,,Andes,Magdalena Cauca,Alto Magdalena,Río Coello,5.81818199157715,7.9236364364624,9,9,0.518115937709808,0.822463750839233,1,1,1.08000004291534,2003,06,32,10,10,10.8000004291534,0,20.2133750915527,2003-06-01,19.1173343658447,17.6012115478516,18.3980121612549
21220050,Pluviométrica,Convencional,Tolima,Ibagué,4.3534,-75.0531,680,1/15/1969,,Andes,Magdalena Cauca,Alto Magdalena,Río Coello,5.81818199157715,7.9236364364624,9,9,0.518115937709808,0.822463750839233,1,1,1.08000004291534,2003,06,33,156,156,168.480006694794,0,43.4567337036133,2003-06-01,49.3987655639648,80.0040664672852,87.4266967773438
21220050,Pluviométrica,Convencional,Tolima,Ibagué,4.3534,-75.0531,680,1/15/1969,,Andes,Magdalena Cauca,Alto Magdalena,Río Coello,5.81818199157715,7.9236364364624,9,9,0.518115937709808,0.822463750839233,1,1,1.08000004291534,2003,06,34,49,49,52.9200021028519,0,49.1655693054199,2003-06-01,67.3168029785156,49.3914527893066,58.6344795227051
21220050,Pluviométrica,Convencional,Tolima,Ibagué,4.3534,-75.0531,680,1/15/1969,,Andes,Magdalena Cauca,Alto Magdalena,Río Coello,5.81818199157715,7.9236364364624,9,9,0.518115937709808,0.822463750839233,1,1,1.08000004291534,2003,06,35,0,0,0,0,20.7930011749268,2003-06-01,23.4464302062988,7.08464288711548,8.05280303955078
21220050,Pluviométrica,Convencional,Tolima,Ibagué,4.3534,-75.0531,680,1/15/1969,,Andes,Magdalena Cauca,Alto Magdalena,Río Coello,5.81818199157715,7.9236364364624,9,9,0.518115937709808,0.822463750839233,1,1,1.08000004291534,2003,06,36,0,0,0,0,7.76104068756104,2003-06-01,7.26273488998413,3.37963128089905,4.93396806716919
21220050,Pluviométrica,Convencional,Tolima,Ibagué,4.3534,-75.0531,680,1/15/1969,,Andes,Magdalena Cauca,Alto Magdalena,Río Coello,5.81818199157715,7.9236364364624,9,9,0.518115937709808,0.822463750839233,1,1,1.0900000333786,2003,07,37,0,0,0,0,4.07278823852539,2003-07-01,0.366463214159012,3.14112281799316,0.358706116676331
21220050,Pluviométrica,Convencional,Tolima,Ibagué,4.3534,-75.0531,680,1/15/1969,,Andes,Magdalena Cauca,Alto Magdalena,Río Coello,5.81818199157715,7.9236364364624,9,9,0.518115937709808,0.822463750839233,1,1,1.0900000333786,2003,07,38,20,20,21.800000667572,0,14.1916694641113,2003-07-01,21.9150924682617,23.3460464477539,27.7927474975586
21220050,Pluviométrica,Convencional,Tolima,Ibagué,4.3534,-75.0531,680,1/15/1969,,Andes,Magdalena Cauca,Alto Magdalena,Río Coello,5.81818199157715,7.9236364364624,9,9,0.518115937709808,0.822463750839233,1,1,1.0900000333786,2003,07,39,0,0,0,0,8.22404193878174,2003-07-01,7.94257020950317,4.52786922454834,3.88776087760925
21220050,Pluviométrica,Convencional,Tolima,Ibagué,4.3534,-75.0531,680,1/15/1969,,Andes,Magdalena Cauca,Alto Magdalena,Río Coello,5.81818199157715,7.9236364364624,9,9,0.518115937709808,0.822463750839233,1,1,1.0900000333786,2003,07,40,0,0,0,0,7.56045722961426,2003-07-01,5.30664253234863,4.51456069946289,3.36668395996094
21220050,Pluviométrica,Convencional,Tolima,Ibagué,4.3534,-75.0531,680,1/15/1969,,Andes,Magdalena Cauca,Alto Magdalena,Río Coello,5.81818199157715,7.9236364364624,9,9,0.518115937709808,0.822463750839233,1,1,1.0900000333786,2003,07,41,0,0,0,0,7.19991111755371,2003-07-01,3.57335424423218,3.3847439289093,1.61463820934296
21220050,Pluviométrica,Convencional,Tolima,Ibagué,4.3534,-75.0531,680,1/15/1969,,Andes,Magdalena Cauca,Alto Magdalena,Río Coello,5.81818199157715,7.9236364364624,9,9,0.518115937709808,0.822463750839233,1,1,1.0900000333786,2003,07,42,0,0,0,0,11.1806831359863,2003-07-01,8.53063774108887,4.5225076675415,2.96775698661804
21220050,Pluviométrica,Convencional,Tolima,Ibagué,4.3534,-75.0531,680,1/15/1969,,Andes,Magdalena Cauca,Alto Magdalena,Río Coello,5.81818199157715,7.9236364364624,9,9,0.518115937709808,0.822463750839233,1,1,1.08000004291534,2003,08,43,0,0,0,0,23.5546627044678,2003-08-01,24.66579246521,12.7540111541748,12.8882713317871
21220050,Pluviométrica,Convencional,Tolima,Ibagué,4.3534,-75.0531,680,1/15/1969,,Andes,Magdalena Cauca,Alto Magdalena,Río Coello,5.81818199157715,7.9236364364624,9,9,0.518115937709808,0.822463750839233,1,1,1.08000004291534,2003,08,44,18,18,19.4400007724762,0,14.5659103393555,2003-08-01,14.2226762771606,8.54913234710693,8.44534492492676
21220050,Pluviométrica,Convencional,Tolima,Ibagué,4.3534,-75.0531,680,1/15/1969,,Andes,Magdalena Cauca,Alto Magdalena,Río Coello,5.81818199157715,7.9236364364624,9,9,0.518115937709808,0.822463750839233,1,1,1.08000004291534,2003,08,45,0,0,0,0,5.31952810287476,2003-08-01,2.93583369255066,2.55760884284973,2.30633902549744
21220050,Pluviométrica,Convencional,Tolima,Ibagué,4.3534,-75.0531,680,1/15/1969,,Andes,Magdalena Cauca,Alto Magdalena,Río Coello,5.81818199157715,7.9236364364624,9,9,0.518115937709808,0.822463750839233,1,1,1.08000004291534,2003,08,46,0,0,0,0,18.0432834625244,2003-08-01,19.5774326324463,6.96831607818604,7.39851760864258
21220050,Pluviométrica,Convencional,Tolima,Ibagué,4.3534,-75.0531,680,1/15/1969,,Andes,Magdalena Cauca,Alto Magdalena,Río Coello,5.81818199157715,7.9236364364624,9,9,0.518115937709808,0.822463750839233,1,1,1.08000004291534,2003,08,47,0,0,0,0,32.0135650634766,2003-08-01,38.4916076660156,18.5608501434326,20.560375213623
21220050,Pluviométrica,Convencional,Tolima,Ibagué,4.3534,-75.0531,680,1/15/1969,,Andes,Magdalena Cauca,Alto Magdalena,Río Coello,5.81818199157715,7.9236364364624,9,9,0.518115937709808,0.822463750839233,1,1,1.08000004291534,2003,08,48,0,0,0,0,15.4359064102173,2003-08-01,14.6355638504028,5.04123830795288,5.1459846496582
21220050,Pluviométrica,Convencional,Tolima,Ibagué,4.3534,-75.0531,680,1/15/1969,,Andes,Magdalena Cauca,Alto Magdalena,Río Coello,5.81818199157715,7.9236364364624,9,9,0.518115937709808,0.822463750839233,1,1,1.08000004291534,2003,09,49,0,0,0,0,4.0723295211792,2003-09-01,1.18813800811768,2.16716289520264,1.02218580245972
21220050,Pluviométrica,Convencional,Tolima,Ibagué,4.3534,-75.0531,680,1/15/1969,,Andes,Magdalena Cauca,Alto Magdalena,Río Coello,5.81818199157715,7.9236364364624,9,9,0.518115937709808,0.822463750839233,1,1,1.08000004291534,2003,09,50,57,57,61.5600024461746,0,44.1470413208008,2003-09-01,58.6948127746582,61.2012634277344,68.0687103271484
21220050,Pluviométrica,Convencional,Tolima,Ibagué,4.3534,-75.0531,680,1/15/1969,,Andes,Magdalena Cauca,Alto Magdalena,Río Coello,5.81818199157715,7.9236364364624,9,9,0.518115937709808,0.822463750839233,1,1,1.08000004291534,2003,09,51,0,0,0,0,18.2925682067871,2003-09-01,24.870059967041,10.1542644500732,12.7199277877808
21220050,Pluviométrica,Convencional,Tolima,Ibagué,4.3534,-75.0531,680,1/15/1969,,Andes,Magdalena Cauca,Alto Magdalena,Río Coello,5.81818199157715,7.9236364364624,9,9,0.518115937709808,0.822463750839233,1,1,1.08000004291534,2003,09,52,12,12,12.9600005149841,0,13.846266746521,2003-09-01,17.0533256530762,8.11706256866455,8.6958179473877
21220050,Pluviométrica,Convencional,Tolima,Ibagué,4.3534,-75.0531,680,1/15/1969,,Andes,Magdalena Cauca,Alto Magdalena,Río Coello,5.81818199157715,7.9236364364624,9,9,0.518115937709808,0.822463750839233,1,1,1.08000004291534,2003,09,53,15,15,16.2000006437302,0,19.7743816375732,2003-09-01,24.1358184814453,24.8611831665039,27.616828918457
21220050,Pluviométrica,Convencional,Tolima,Ibagué,4.3534,-75.0531,680,1/15/1969,,Andes,Magdalena Cauca,Alto Magdalena,Río Coello,5.81818199157715,7.9236364364624,9,9,0.518115937709808,0.822463750839233,1,1,1.08000004291534,2003,09,54,40,40,43.2000017166138,0,33.4488334655762,2003-09-01,41.8486976623535,52.2264823913574,54.6255531311035
21220050,Pluviométrica,Convencional,Tolima,Ibagué,4.3534,-75.0531,680,1/15/1969,,Andes,Magdalena Cauca,Alto Magdalena,Río Coello,5.81818199157715,7.9236364364624,9,9,0.518115937709808,0.822463750839233,1,1,1.07000005245209,2003,10,55,5,5,5.35000026226044,0,48.1739082336426,2003-10-01,48.9485549926758,46.1943969726563,45.8100509643555
21220050,Pluviométrica,Convencional,Tolima,Ibagué,4.3534,-75.0531,680,1/15/1969,,Andes,Magdalena Cauca,Alto Magdalena,Río Coello,5.81818199157715,7.9236364364624,9,9,0.518115937709808,0.822463750839233,1,1,1.07000005245209,2003,10,56,0,0,0,0,55.1112213134766,2003-10-01,54.4601135253906,38.4662284851074,38.587947845459
21220050,Pluviométrica,Convencional,Tolima,Ibagué,4.3534,-75.0531,680,1/15/1969,,Andes,Magdalena Cauca,Alto Magdalena,Río Coello,5.81818199157715,7.9236364364624,9,9,0.518115937709808,0.822463750839233,1,1,1.07000005245209,2003,10,57,29,29,31.0300015211105,0,32.6227607727051,2003-10-01,28.3172340393066,31.248125076294,30.1804904937744
21220050,Pluviométrica,Convencional,Tolima,Ibagué,4.3534,-75.0531,680,1/15/1969,,Andes,Magdalena Cauca,Alto Magdalena,Río Coello,5.81818199157715,7.9236364364624,9,9,0.518115937709808,0.822463750839233,1,1,1.07000005245209,2003,10,58,12,12,12.840000629425,0,25.5507183074951,2003-10-01,19.9955177307129,41.2111968994141,41.7441520690918
21220050,Pluviométrica,Convencional,Tolima,Ibagué,4.3534,-75.0531,680,1/15/1969,,Andes,Magdalena Cauca,Alto Magdalena,Río Coello,5.81818199157715,7.9236364364624,9,9,0.518115937709808,0.822463750839233,1,1,1.07000005245209,2003,10,59,32,32,34.2400016784668,0,44.2786445617676,2003-10-01,42.7574501037598,25.4228420257568,24.6487617492676
21220050,Pluviométrica,Convencional,Tolima,Ibagué,4.3534,-75.0531,680,1/15/1969,,Andes,Magdalena Cauca,Alto Magdalena,Río Coello,5.81818199157715,7.9236364364624,9,9,0.518115937709808,0.822463750839233,1,1,1.07000005245209,2003,10,60,60,60,64.2000031471252,0,49.563835144043,2003-10-01,35.7086563110352,45.2352828979492,40.8395690917969
21220050,Pluviométrica,Convencional,Tolima,Ibagué,4.3534,-75.0531,680,1/15/1969,,Andes,Magdalena Cauca,Alto Magdalena,Río Coello,5.81818199157715,7.9236364364624,9,9,0.518115937709808,0.822463750839233,1,1,1.05999994277954,2003,11,61,0,0,0,0,39.5263252258301,2003-11-01,30.1840190887451,18.0076007843018,16.028413772583
21220050,Pluviométrica,Convencional,Tolima,Ibagué,4.3534,-75.0531,680,1/15/1969,,Andes,Magdalena Cauca,Alto Magdalena,Río Coello,5.81818199157715,7.9236364364624,9,9,0.518115937709808,0.822463750839233,1,1,1.05999994277954,2003,11,62,19,19,20.1399989128113,0,46.8715858459473,2003-11-01,32.2144508361816,41.6236686706543,34.4849319458008
21220050,Pluviométrica,Convencional,Tolima,Ibagué,4.3534,-75.0531,680,1/15/1969,,Andes,Magdalena Cauca,Alto Magdalena,Río Coello,5.81818199157715,7.9236364364624,9,9,0.518115937709808,0.822463750839233,1,1,1.05999994277954,2003,11,63,0,0,0,0,27.6311988830566,2003-11-01,16.0586795806885,28.3842067718506,21.1214237213135
21220050,Pluviométrica,Convencional,Tolima,Ibagué,4.3534,-75.0531,680,1/15/1969,,Andes,Magdalena Cauca,Alto Magdalena,Río Coello,5.81818199157715,7.9236364364624,9,9,0.518115937709808,0.822463750839233,1,1,1.05999994277954,2003,11,64,0,0,0,0,37.5775375366211,2003-11-01,30.1412906646729,23.1335983276367,20.2101650238037
21220050,Pluviométrica,Convencional,Tolima,Ibagué,4.3534,-75.0531,680,1/15/1969,,Andes,Magdalena Cauca,Alto Magdalena,Río Coello,5.81818199157715,7.9236364364624,9,9,0.518115937709808,0.822463750839233,1,1,1.05999994277954,2003,11,65,53,53,56.1799969673157,0,44.6933555603027,2003-11-01,37.4402198791504,46.5689430236817,44.4318313598633
21220050,Pluviométrica,Convencional,Tolima,Ibagué,4.3534,-75.0531,680,1/15/1969,,Andes,Magdalena Cauca,Alto Magdalena,Río Coello,5.81818199157715,7.9236364364624,9,9,0.518115937709808,0.822463750839233,1,1,1.05999994277954,2003,11,66,0,0,0,0,32.0284309387207,2003-11-01,27.5356369018555,20.445384979248,19.9962711334229
21220050,Pluviométrica,Convencional,Tolima,Ibagué,4.3534,-75.0531,680,1/15/1969,,Andes,Magdalena Cauca,Alto Magdalena,Río Coello,5.81818199157715,7.9236364364624,9,9,0.518115937709808,0.822463750839233,1,1,1.08000004291534,2003,12,67,18,18,19.4400007724762,0,36.1715240478516,2003-12-01,46.4897003173828,31.7944316864014,38.2841796875
21220050,Pluviométrica,Convencional,Tolima,Ibagué,4.3534,-75.0531,680,1/15/1969,,Andes,Magdalena Cauca,Alto Magdalena,Río Coello,5.81818199157715,7.9236364364624,9,9,0.518115937709808,0.822463750839233,1,1,1.08000004291534,2003,12,68,0,0,0,0,10.9223413467407,2003-12-01,3.47872519493103,7.92764043807983,6.30786466598511
21220050,Pluviométrica,Convencional,Tolima,Ibagué,4.3534,-75.0531,680,1/15/1969,,Andes,Magdalena Cauca,Alto Magdalena,Río Coello,5.81818199157715,7.9236364364624,9,9,0.518115937709808,0.822463750839233,1,1,1.08000004291534,2003,12,69,0,0,0,0,10.6693868637085,2003-12-01,2.53977251052856,14.7911863327026,6.07783079147339
21220050,Pluviométrica,Convencional,Tolima,Ibagué,4.3534,-75.0531,680,1/15/1969,,Andes,Magdalena Cauca,Alto Magdalena,Río Coello,5.81818199157715,7.9236364364624,9,9,0.518115937709808,0.822463750839233,1,1,1.08000004291534,2003,12,70,0,0,0,0,9.21974563598633,2003-12-01,0,5.30491971969605,0
21220050,Pluviométrica,Convencional,Tolima,Ibagué,4.3534,-75.0531,680,1/15/1969,,Andes,Magdalena Cauca,Alto Magdalena,Río Coello,5.81818199157715,7.9236364364624,9,9,0.518115937709808,0.822463750839233,1,1,1.08000004291534,2003,12,71,0,0,0,0,9.75035190582275,2003-12-01,2.71684312820435,8.25455093383789,6.17578125
21220050,Pluviométrica,Convencional,Tolima,Ibagué,4.3534,-75.0531,680,1/15/1969,,Andes,Magdalena Cauca,Alto Magdalena,Río Coello,5.81818199157715,7.9236364364624,9,9,0.518115937709808,0.822463750839233,1,1,1.08000004291534,2003,12,72,0,0,0,0,19.5819358825684,2003-12-01,9.28161907196045,11.493537902832,8.02785682678223
21220050,Pluviométrica,Convencional,Tolima,Ibagué,4.3534,-75.0531,680,1/15/1969,,Andes,Magdalena Cauca,Alto Magdalena,Río Coello,5.81818199157715,7.9236364364624,9,9,0.518115937709808,0.822463750839233,1,1,1.08000004291534,2004,01,1,0,0,0,0,5.65598297119141,2004-01-01,1.55356311798096,7.34134149551392,3.15326762199402
21220050,Pluviométrica,Convencional,Tolima,Ibagué,4.3534,-75.0531,680,1/15/1969,,Andes,Magdalena Cauca,Alto Magdalena,Río Coello,5.81818199157715,7.9236364364624,9,9,0.518115937709808,0.822463750839233,1,1,1.08000004291534,2004,01,2,0,0,0,0,7.97988653182983,2004-01-01,2.77837061882019,14.3409690856934,5.4444727897644
21220050,Pluviométrica,Convencional,Tolima,Ibagué,4.3534,-75.0531,680,1/15/1969,,Andes,Magdalena Cauca,Alto Magdalena,Río Coello,5.81818199157715,7.9236364364624,9,9,0.518115937709808,0.822463750839233,1,1,1.08000004291534,2004,01,3,0,0,0,0,5.57815647125244,2004-01-01,0.587421715259552,4.61206912994385,0.705929160118103
21220050,Pluviométrica,Convencional,Tolima,Ibagué,4.3534,-75.0531,680,1/15/1969,,Andes,Magdalena Cauca,Alto Magdalena,Río Coello,5.81818199157715,7.9236364364624,9,9,0.518115937709808,0.822463750839233,1,1,1.08000004291534,2004,01,4,0,0,0,0,7.91004991531372,2004-01-01,3.02030968666077,6.90326070785523,5.71636152267456
21220050,Pluviométrica,Convencional,Tolima,Ibagué,4.3534,-75.0531,680,1/15/1969,,Andes,Magdalena Cauca,Alto Magdalena,Río Coello,5.81818199157715,7.9236364364624,9,9,0.518115937709808,0.822463750839233,1,1,1.08000004291534,2004,01,5,0,0,0,0,7.70856428146362,2004-01-01,4.24385976791382,6.1899356842041,3.6758451461792
21220050,Pluviométrica,Convencional,Tolima,Ibagué,4.3534,-75.0531,680,1/15/1969,,Andes,Magdalena Cauca,Alto Magdalena,Río Coello,5.81818199157715,7.9236364364624,9,9,0.518115937709808,0.822463750839233,1,1,1.08000004291534,2004,01,6,0,0,0,0,7.5661358833313,2004-01-01,0,3.81062912940979,0
21220050,Pluviométrica,Convencional,Tolima,Ibagué,4.3534,-75.0531,680,1/15/1969,,Andes,Magdalena Cauca,Alto Magdalena,Río Coello,5.81818199157715,7.9236364364624,9,9,0.518115937709808,0.822463750839233,1,1,1.08000004291534,2004,02,7,0,0,0,0,8.17726802825928,2004-02-01,0,3.02708101272583,0
21220050,Pluviométrica,Convencional,Tolima,Ibagué,4.3534,-75.0531,680,1/15/1969,,Andes,Magdalena Cauca,Alto Magdalena,Río Coello,5.81818199157715,7.9236364364624,9,9,0.518115937709808,0.822463750839233,1,1,1.08000004291534,2004,02,8,0,0,0,0,8.12928199768066,2004-02-01,0.55823028087616,5.12611722946167,0.806206703186035
21220050,Pluviométrica,Convencional,Tolima,Ibagué,4.3534,-75.0531,680,1/15/1969,,Andes,Magdalena Cauca,Alto Magdalena,Río Coello,5.81818199157715,7.9236364364624,9,9,0.518115937709808,0.822463750839233,1,1,1.08000004291534,2004,02,9,14,14,15.1200006008148,0,8.11075687408447,2004-02-01,0.309277236461639,13.9293565750122,1.17265748977661
21220050,Pluviométrica,Convencional,Tolima,Ibagué,4.3534,-75.0531,680,1/15/1969,,Andes,Magdalena Cauca,Alto Magdalena,Río Coello,5.81818199157715,7.9236364364624,9,9,0.518115937709808,0.822463750839233,1,1,1.08000004291534,2004,02,10,2,2,2.16000008583069,0,21.0226860046387,2004-02-01,19.247142791748,17.866081237793,18.5183792114258
21220050,Pluviométrica,Convencional,Tolima,Ibagué,4.3534,-75.0531,680,1/15/1969,,Andes,Magdalena Cauca,Alto Magdalena,Río Coello,5.81818199157715,7.9236364364624,9,9,0.518115937709808,0.822463750839233,1,1,1.08000004291534,2004,02,11,3,3,3.24000012874603,0,30.8931827545166,2004-02-01,37.5610275268555,34.8260498046875,40.5965232849121
21220050,Pluviométrica,Convencional,Tolima,Ibagué,4.3534,-75.0531,680,1/15/1969,,Andes,Magdalena Cauca,Alto Magdalena,Río Coello,5.81818199157715,7.9236364364624,9,9,0.518115937709808,0.822463750839233,1,1,1.08000004291534,2004,02,12,18,18,19.4400007724762,0,10.2044095993042,2004-02-01,12.4524507522583,7.95828628540039,14.2746629714966
21220050,Pluviométrica,Convencional,Tolima,Ibagué,4.3534,-75.0531,680,1/15/1969,,Andes,Magdalena Cauca,Alto Magdalena,Río Coello,5.81818199157715,7.9236364364624,9,9,0.518115937709808,0.822463750839233,1,1,1.07000005245209,2004,03,13,31,31,33.1700016260147,0,11.6319637298584,2004-03-01,7.10535097122192,16.5786094665527,18.5408115386963
21220050,Pluviométrica,Convencional,Tolima,Ibagué,4.3534,-75.0531,680,1/15/1969,,Andes,Magdalena Cauca,Alto Magdalena,Río Coello,5.81818199157715,7.9236364364624,9,9,0.518115937709808,0.822463750839233,1,1,1.07000005245209,2004,03,14,28,28,29.9600014686585,0,9.06398677825928,2004-03-01,0,9.24873924255371,0
21220050,Pluviométrica,Convencional,Tolima,Ibagué,4.3534,-75.0531,680,1/15/1969,,Andes,Magdalena Cauca,Alto Magdalena,Río Coello,5.81818199157715,7.9236364364624,9,9,0.518115937709808,0.822463750839233,1,1,1.07000005245209,2004,03,15,4,4,4.28000020980835,0,10.7323932647705,2004-03-01,0.108646154403687,5.70588970184326,0.210214167833328
21220050,Pluviométrica,Convencional,Tolima,Ibagué,4.3534,-75.0531,680,1/15/1969,,Andes,Magdalena Cauca,Alto Magdalena,Río Coello,5.81818199157715,7.9236364364624,9,9,0.518115937709808,0.822463750839233,1,1,1.07000005245209,2004,03,16,0,0,0,0,6.72209787368774,2004-03-01,0,3.23855042457581,0
21220050,Pluviométrica,Convencional,Tolima,Ibagué,4.3534,-75.0531,680,1/15/1969,,Andes,Magdalena Cauca,Alto Magdalena,Río Coello,5.81818199157715,7.9236364364624,9,9,0.518115937709808,0.822463750839233,1,1,1.07000005245209,2004,03,17,59,59,63.1300030946732,0,25.8115215301514,2004-03-01,24.8405494689941,21.8761157989502,25.0172138214111
21220050,Pluviométrica,Convencional,Tolima,Ibagué,4.3534,-75.0531,680,1/15/1969,,Andes,Magdalena Cauca,Alto Magdalena,Río Coello,5.81818199157715,7.9236364364624,9,9,0.518115937709808,0.822463750839233,1,1,1.07000005245209,2004,03,18,0,0,0,0,21.4783592224121,2004-03-01,13.0374479293823,16.0129013061523,14.8686332702637
21220050,Pluviométrica,Convencional,Tolima,Ibagué,4.3534,-75.0531,680,1/15/1969,,Andes,Magdalena Cauca,Alto Magdalena,Río Coello,5.81818199157715,7.9236364364624,9,9,0.518115937709808,0.822463750839233,1,1,1.05999994277954,2004,04,19,28,28,29.6799983978272,0,41.7631759643555,2004-04-01,43.8326797485352,47.019889831543,46.7868003845215
21220050,Pluviométrica,Convencional,Tolima,Ibagué,4.3534,-75.0531,680,1/15/1969,,Andes,Magdalena Cauca,Alto Magdalena,Río Coello,5.81818199157715,7.9236364364624,9,9,0.518115937709808,0.822463750839233,1,1,1.05999994277954,2004,04,20,53.5,53.5,56.7099969387055,0,5.20840930938721,2004-04-01,5.83538341522217,10.4597272872925,17.2883319854736
21220050,Pluviométrica,Convencional,Tolima,Ibagué,4.3534,-75.0531,680,1/15/1969,,Andes,Magdalena Cauca,Alto Magdalena,Río Coello,5.81818199157715,7.9236364364624,9,9,0.518115937709808,0.822463750839233,1,1,1.05999994277954,2004,04,21,3,3,3.17999982833862,0,38.8675422668457,2004-04-01,39.8151969909668,27.9409866333008,26.9137058258057
21220050,Pluviométrica,Convencional,Tolima,Ibagué,4.3534,-75.0531,680,1/15/1969,,Andes,Magdalena Cauca,Alto Magdalena,Río Coello,5.81818199157715,7.9236364364624,9,9,0.518115937709808,0.822463750839233,1,1,1.05999994277954,2004,04,22,4,4,4.23999977111816,0,35.6894798278809,2004-04-01,37.7574768066406,44.2525329589844,50.0176124572754
21220050,Pluviométrica,Convencional,Tolima,Ibagué,4.3534,-75.0531,680,1/15/1969,,Andes,Magdalena Cauca,Alto Magdalena,Río Coello,5.81818199157715,7.9236364364624,9,9,0.518115937709808,0.822463750839233,1,1,1.05999994277954,2004,04,23,42,42,44.5199975967407,0,69.4192428588867,2004-04-01,74.4797058105469,58.0021514892578,60.0934524536133
21220050,Pluviométrica,Convencional,Tolima,Ibagué,4.3534,-75.0531,680,1/15/1969,,Andes,Magdalena Cauca,Alto Magdalena,Río Coello,5.81818199157715,7.9236364364624,9,9,0.518115937709808,0.822463750839233,1,1,1.05999994277954,2004,04,24,0,0,0,0,33.5791931152344,2004-04-01,35.7828674316406,16.9690761566162,17.5841312408447
21220050,Pluviométrica,Convencional,Tolima,Ibagué,4.3534,-75.0531,680,1/15/1969,,Andes,Magdalena Cauca,Alto Magdalena,Río Coello,5.81818199157715,7.9236364364624,9,9,0.518115937709808,0.822463750839233,1,1,1.05999994277954,2004,05,25,57,57,60.4199967384338,0,38.8106536865234,2004-05-01,43.4147033691406,59.0783843994141,60.613826751709
21220050,Pluviométrica,Convencional,Tolima,Ibagué,4.3534,-75.0531,680,1/15/1969,,Andes,Magdalena Cauca,Alto Magdalena,Río Coello,5.81818199157715,7.9236364364624,9,9,0.518115937709808,0.822463750839233,1,1,1.05999994277954,2004,05,26,0,0,0,0,5.9414587020874,2004-05-01,6.69423627853394,4.4848108291626,5.11743259429932
21220050,Pluviométrica,Convencional,Tolima,Ibagué,4.3534,-75.0531,680,1/15/1969,,Andes,Magdalena Cauca,Alto Magdalena,Río Coello,5.81818199157715,7.9236364364624,9,9,0.518115937709808,0.822463750839233,1,1,1.05999994277954,2004,05,27,0,0,0,0,59.3863792419434,2004-05-01,59.8675956726074,19.8079776763916,19.6013641357422
21220050,Pluviométrica,Convencional,Tolima,Ibagué,4.3534,-75.0531,680,1/15/1969,,Andes,Magdalena Cauca,Alto Magdalena,Río Coello,5.81818199157715,7.9236364364624,9,9,0.518115937709808,0.822463750839233,1,1,1.05999994277954,2004,05,28,90,90,95.3999948501587,0,65.9111404418945,2004-05-01,62.3822441101074,94.7520141601563,90.4936904907227
21220050,Pluviométrica,Convencional,Tolima,Ibagué,4.3534,-75.0531,680,1/15/1969,,Andes,Magdalena Cauca,Alto Magdalena,Río Coello,5.81818199157715,7.9236364364624,9,9,0.518115937709808,0.822463750839233,1,1,1.05999994277954,2004,05,29,39,39,41.3399977684021,0,40.5856704711914,2004-05-01,38.2921028137207,49.5080451965332,49.4857559204102
21220050,Pluviométrica,Convencional,Tolima,Ibagué,4.3534,-75.0531,680,1/15/1969,,Andes,Magdalena Cauca,Alto Magdalena,Río Coello,5.81818199157715,7.9236364364624,9,9,0.518115937709808,0.822463750839233,1,1,1.05999994277954,2004,05,30,29,29,30.7399983406067,0,39.135139465332,2004-05-01,30.4152984619141,45.3722229003906,39.9799346923828
21220050,Pluviométrica,Convencional,Tolima,Ibagué,4.3534,-75.0531,680,1/15/1969,,Andes,Magdalena Cauca,Alto Magdalena,Río Coello,5.81818199157715,7.9236364364624,9,9,0.518115937709808,0.822463750839233,1,1,1.08000004291534,2004,06,31,52,52,56.1600022315979,0,5.90632772445679,2004-06-01,0.253235220909119,9.06899452209473,1.2716863155365
21220050,Pluviométrica,Convencional,Tolima,Ibagué,4.3534,-75.0531,680,1/15/1969,,Andes,Magdalena Cauca,Alto Magdalena,Río Coello,5.81818199157715,7.9236364364624,9,9,0.518115937709808,0.822463750839233,1,1,1.08000004291534,2004,06,32,0,0,0,0,22.5684413909912,2004-06-01,21.0801582336426,20.4307918548584,26.8081741333008
21220050,Pluviométrica,Convencional,Tolima,Ibagué,4.3534,-75.0531,680,1/15/1969,,Andes,Magdalena Cauca,Alto Magdalena,Río Coello,5.81818199157715,7.9236364364624,9,9,0.518115937709808,0.822463750839233,1,1,1.08000004291534,2004,06,33,0,0,0,0,5.80432558059692,2004-06-01,0,4.14339637756348,0
21220050,Pluviométrica,Convencional,Tolima,Ibagué,4.3534,-75.0531,680,1/15/1969,,Andes,Magdalena Cauca,Alto Magdalena,Río Coello,5.81818199157715,7.9236364364624,9,9,0.518115937709808,0.822463750839233,1,1,1.08000004291534,2004,06,34,4.5,4.5,4.86000019311905,0,9.30196762084961,2004-06-01,5.28918600082398,4.65858316421509,5.42495584487915
21220050,Pluviométrica,Convencional,Tolima,Ibagué,4.3534,-75.0531,680,1/15/1969,,Andes,Magdalena Cauca,Alto Magdalena,Río Coello,5.81818199157715,7.9236364364624,9,9,0.518115937709808,0.822463750839233,1,1,1.08000004291534,2004,06,35,0,0,0,0,10.3654832839966,2004-06-01,8.82936477661133,4.85709428787231,6.34764623641968
21220050,Pluviométrica,Convencional,Tolima,Ibagué,4.3534,-75.0531,680,1/15/1969,,Andes,Magdalena Cauca,Alto Magdalena,Río Coello,5.81818199157715,7.9236364364624,9,9,0.518115937709808,0.822463750839233,1,1,1.08000004291534,2004,06,36,0,0,0,0,7.76104068756104,2004-06-01,5.63856935501099,3.50546097755432,4.78070020675659
21220050,Pluviométrica,Convencional,Tolima,Ibagué,4.3534,-75.0531,680,1/15/1969,,Andes,Magdalena Cauca,Alto Magdalena,Río Coello,5.81818199157715,7.9236364364624,9,9,0.518115937709808,0.822463750839233,1,1,1.0900000333786,2004,07,37,47,47,51.2300015687943,0,19.2601547241211,2004-07-01,25.65163230896,18.755220413208,20.4662799835205
21220050,Pluviométrica,Convencional,Tolima,Ibagué,4.3534,-75.0531,680,1/15/1969,,Andes,Magdalena Cauca,Alto Magdalena,Río Coello,5.81818199157715,7.9236364364624,9,9,0.518115937709808,0.822463750839233,1,1,1.0900000333786,2004,07,38,42,42,45.7800014019013,0,13.282543182373,2004-07-01,20.2404766082764,21.0719356536865,26.9442901611328
21220050,Pluviométrica,Convencional,Tolima,Ibagué,4.3534,-75.0531,680,1/15/1969,,Andes,Magdalena Cauca,Alto Magdalena,Río Coello,5.81818199157715,7.9236364364624,9,9,0.518115937709808,0.822463750839233,1,1,1.0900000333786,2004,07,39,10,10,10.900000333786,0,18.3229656219482,2004-07-01,25.1367359161377,13.8347997665405,15.0122566223145
21220050,Pluviométrica,Convencional,Tolima,Ibagué,4.3534,-75.0531,680,1/15/1969,,Andes,Magdalena Cauca,Alto Magdalena,Río Coello,5.81818199157715,7.9236364364624,9,9,0.518115937709808,0.822463750839233,1,1,1.0900000333786,2004,07,40,0,0,0,0,2.69067692756653,2004-07-01,0,2.2305223941803,0
21220050,Pluviométrica,Convencional,Tolima,Ibagué,4.3534,-75.0531,680,1/15/1969,,Andes,Magdalena Cauca,Alto Magdalena,Río Coello,5.81818199157715,7.9236364364624,9,9,0.518115937709808,0.822463750839233,1,1,1.0900000333786,2004,07,41,6,6,6.54000020027161,0,28.8108234405518,2004-07-01,39.3077583312988,15.4745645523071,17.6015758514404
21220050,Pluviométrica,Convencional,Tolima,Ibagué,4.3534,-75.0531,680,1/15/1969,,Andes,Magdalena Cauca,Alto Magdalena,Río Coello,5.81818199157715,7.9236364364624,9,9,0.518115937709808,0.822463750839233,1,1,1.0900000333786,2004,07,42,0,0,0,0,15.7379989624023,2004-07-01,15.3956203460693,10.1995754241943,11.4507493972778
21220050,Pluviométrica,Convencional,Tolima,Ibagué,4.3534,-75.0531,680,1/15/1969,,Andes,Magdalena Cauca,Alto Magdalena,Río Coello,5.81818199157715,7.9236364364624,9,9,0.518115937709808,0.822463750839233,1,1,1.08000004291534,2004,08,43,0,0,0,0,1.33251869678497,2004-08-01,0.561066567897797,1.09841632843018,0.805863380432129
21220050,Pluviométrica,Convencional,Tolima,Ibagué,4.3534,-75.0531,680,1/15/1969,,Andes,Magdalena Cauca,Alto Magdalena,Río Coello,5.81818199157715,7.9236364364624,9,9,0.518115937709808,0.822463750839233,1,1,1.08000004291534,2004,08,44,2,2,2.16000008583069,0,4.34609889984131,2004-08-01,6.04873943328857,2.66599750518799,5.10578203201294
21220050,Pluviométrica,Convencional,Tolima,Ibagué,4.3534,-75.0531,680,1/15/1969,,Andes,Magdalena Cauca,Alto Magdalena,Río Coello,5.81818199157715,7.9236364364624,9,9,0.518115937709808,0.822463750839233,1,1,1.08000004291534,2004,08,45,0,0,0,0,1.28916478157043,2004-08-01,0,1.25401079654694,0
21220050,Pluviométrica,Convencional,Tolima,Ibagué,4.3534,-75.0531,680,1/15/1969,,Andes,Magdalena Cauca,Alto Magdalena,Río Coello,5.81818199157715,7.9236364364624,9,9,0.518115937709808,0.822463750839233,1,1,1.08000004291534,2004,08,46,0,0,0,0,14.3330345153809,2004-08-01,14.8651990890503,6.39786815643311,7.31283235549927
21220050,Pluviométrica,Convencional,Tolima,Ibagué,4.3534,-75.0531,680,1/15/1969,,Andes,Magdalena Cauca,Alto Magdalena,Río Coello,5.81818199157715,7.9236364364624,9,9,0.518115937709808,0.822463750839233,1,1,1.08000004291534,2004,08,47,15.5,15.5,16.7400006651878,0,2.89790463447571,2004-08-01,0,4.68708848953247,0
21220050,Pluviométrica,Convencional,Tolima,Ibagué,4.3534,-75.0531,680,1/15/1969,,Andes,Magdalena Cauca,Alto Magdalena,Río Coello,5.81818199157715,7.9236364364624,9,9,0.518115937709808,0.822463750839233,1,1,1.08000004291534,2004,08,48,7,7,7.56000030040741,0,25.7646884918213,2004-08-01,27.8664035797119,18.9518699645996,24.0699062347412
21220050,Pluviométrica,Convencional,Tolima,Ibagué,4.3534,-75.0531,680,1/15/1969,,Andes,Magdalena Cauca,Alto Magdalena,Río Coello,5.81818199157715,7.9236364364624,9,9,0.518115937709808,0.822463750839233,1,1,1.08000004291534,2004,09,49,2,2,2.16000008583069,0,27.3191184997559,2004-09-01,33.043830871582,11.5197658538818,11.4449024200439
21220050,Pluviométrica,Convencional,Tolima,Ibagué,4.3534,-75.0531,680,1/15/1969,,Andes,Magdalena Cauca,Alto Magdalena,Río Coello,5.81818199157715,7.9236364364624,9,9,0.518115937709808,0.822463750839233,1,1,1.08000004291534,2004,09,50,69,69,74.5200029611588,0,8.26456451416016,2004-09-01,6.65743255615234,17.6454448699951,21.0240306854248
21220050,Pluviométrica,Convencional,Tolima,Ibagué,4.3534,-75.0531,680,1/15/1969,,Andes,Magdalena Cauca,Alto Magdalena,Río Coello,5.81818199157715,7.9236364364624,9,9,0.518115937709808,0.822463750839233,1,1,1.08000004291534,2004,09,51,17.5,17.5,18.9000007510185,0,16.0404720306397,2004-09-01,19.823335647583,19.0606479644775,22.3738994598389
21220050,Pluviométrica,Convencional,Tolima,Ibagué,4.3534,-75.0531,680,1/15/1969,,Andes,Magdalena Cauca,Alto Magdalena,Río Coello,5.81818199157715,7.9236364364624,9,9,0.518115937709808,0.822463750839233,1,1,1.08000004291534,2004,09,52,0,0,0,0,12.7327842712402,2004-09-01,13.5653486251831,14.6037931442261,12.0265483856201
21220050,Pluviométrica,Convencional,Tolima,Ibagué,4.3534,-75.0531,680,1/15/1969,,Andes,Magdalena Cauca,Alto Magdalena,Río Coello,5.81818199157715,7.9236364364624,9,9,0.518115937709808,0.822463750839233,1,1,1.08000004291534,2004,09,53,0,0,0,0,14.1518278121948,2004-09-01,16.1111335754395,14.2479038238525,13.9431266784668
21220050,Pluviométrica,Convencional,Tolima,Ibagué,4.3534,-75.0531,680,1/15/1969,,Andes,Magdalena Cauca,Alto Magdalena,Río Coello,5.81818199157715,7.9236364364624,9,9,0.518115937709808,0.822463750839233,1,1,1.08000004291534,2004,09,54,50,50,54.0000021457672,0,31.056230545044,2004-09-01,40.0783576965332,59.3129615783692,60.4206428527832
21220050,Pluviométrica,Convencional,Tolima,Ibagué,4.3534,-75.0531,680,1/15/1969,,Andes,Magdalena Cauca,Alto Magdalena,Río Coello,5.81818199157715,7.9236364364624,9,9,0.518115937709808,0.822463750839233,1,1,1.07000005245209,2004,10,55,19.5,19.5,20.8650010228157,0,38.196044921875,2004-10-01,36.1910667419434,31.8200397491455,34.5090637207031
21220050,Pluviométrica,Convencional,Tolima,Ibagué,4.3534,-75.0531,680,1/15/1969,,Andes,Magdalena Cauca,Alto Magdalena,Río Coello,5.81818199157715,7.9236364364624,9,9,0.518115937709808,0.822463750839233,1,1,1.07000005245209,2004,10,56,45,45,48.1500023603439,0,66.1006317138672,2004-10-01,65.0707855224609,59.2871818542481,56.7071762084961
21220050,Pluviométrica,Convencional,Tolima,Ibagué,4.3534,-75.0531,680,1/15/1969,,Andes,Magdalena Cauca,Alto Magdalena,Río Coello,5.81818199157715,7.9236364364624,9,9,0.518115937709808,0.822463750839233,1,1,1.07000005245209,2004,10,57,9,9,9.63000047206879,0,26.8596630096436,2004-10-01,18.365478515625,32.4303779602051,30.5588245391846
21220050,Pluviométrica,Convencional,Tolima,Ibagué,4.3534,-75.0531,680,1/15/1969,,Andes,Magdalena Cauca,Alto Magdalena,Río Coello,5.81818199157715,7.9236364364624,9,9,0.518115937709808,0.822463750839233,1,1,1.07000005245209,2004,10,58,23.5,23.5,25.1450012326241,0,20.0245456695557,2004-10-01,8.48897838592529,32.9286651611328,23.6633319854736
21220050,Pluviométrica,Convencional,Tolima,Ibagué,4.3534,-75.0531,680,1/15/1969,,Andes,Magdalena Cauca,Alto Magdalena,Río Coello,5.81818199157715,7.9236364364624,9,9,0.518115937709808,0.822463750839233,1,1,1.07000005245209,2004,10,59,7,7,7.49000036716461,0,56.2070541381836,2004-10-01,56.5682373046875,33.583927154541,34.3171272277832
21220050,Pluviométrica,Convencional,Tolima,Ibagué,4.3534,-75.0531,680,1/15/1969,,Andes,Magdalena Cauca,Alto Magdalena,Río Coello,5.81818199157715,7.9236364364624,9,9,0.518115937709808,0.822463750839233,1,1,1.07000005245209,2004,10,60,0,0,0,0,56.1207084655762,2004-10-01,44.0970458984375,26.865743637085,23.9438552856445
21220050,Pluviométrica,Convencional,Tolima,Ibagué,4.3534,-75.0531,680,1/15/1969,,Andes,Magdalena Cauca,Alto Magdalena,Río Coello,5.81818199157715,7.9236364364624,9,9,0.518115937709808,0.822463750839233,1,1,1.05999994277954,2004,11,61,0,0,0,0,34.9837036132813,2004-11-01,25.4418239593506,22.0655155181885,20.0725746154785
21220050,Pluviométrica,Convencional,Tolima,Ibagué,4.3534,-75.0531,680,1/15/1969,,Andes,Magdalena Cauca,Alto Magdalena,Río Coello,5.81818199157715,7.9236364364624,9,9,0.518115937709808,0.822463750839233,1,1,1.05999994277954,2004,11,62,15.5,15.5,16.4299991130829,0,10.8978433609009,2004-11-01,0,13.5637731552124,0
21220050,Pluviométrica,Convencional,Tolima,Ibagué,4.3534,-75.0531,680,1/15/1969,,Andes,Magdalena Cauca,Alto Magdalena,Río Coello,5.81818199157715,7.9236364364624,9,9,0.518115937709808,0.822463750839233,1,1,1.05999994277954,2004,11,63,0,0,0,0,26.5601100921631,2004-11-01,12.2734155654907,15.6086368560791,12.0927743911743
21220050,Pluviométrica,Convencional,Tolima,Ibagué,4.3534,-75.0531,680,1/15/1969,,Andes,Magdalena Cauca,Alto Magdalena,Río Coello,5.81818199157715,7.9236364364624,9,9,0.518115937709808,0.822463750839233,1,1,1.05999994277954,2004,11,64,30,30,31.7999982833862,0,52.0797538757324,2004-11-01,45.7730979919434,50.5099945068359,52.1208992004395
21220050,Pluviométrica,Convencional,Tolima,Ibagué,4.3534,-75.0531,680,1/15/1969,,Andes,Magdalena Cauca,Alto Magdalena,Río Coello,5.81818199157715,7.9236364364624,9,9,0.518115937709808,0.822463750839233,1,1,1.05999994277954,2004,11,65,0,0,0,0,24.9878520965576,2004-11-01,14.8337678909302,31.9997749328613,26.5925903320313
21220050,Pluviométrica,Convencional,Tolima,Ibagué,4.3534,-75.0531,680,1/15/1969,,Andes,Magdalena Cauca,Alto Magdalena,Río Coello,5.81818199157715,7.9236364364624,9,9,0.518115937709808,0.822463750839233,1,1,1.05999994277954,2004,11,66,0,0,0,0,27.6259536743164,2004-11-01,17.9940338134766,10.6454992294312,8.57577514648438
21220050,Pluviométrica,Convencional,Tolima,Ibagué,4.3534,-75.0531,680,1/15/1969,,Andes,Magdalena Cauca,Alto Magdalena,Río Coello,5.81818199157715,7.9236364364624,9,9,0.518115937709808,0.822463750839233,1,1,1.08000004291534,2004,12,67,17,17,18.3600007295609,0,14.240553855896,2004-12-01,8.96981430053711,21.2510986328125,22.8603668212891
21220050,Pluviométrica,Convencional,Tolima,Ibagué,4.3534,-75.0531,680,1/15/1969,,Andes,Magdalena Cauca,Alto Magdalena,Río Coello,5.81818199157715,7.9236364364624,9,9,0.518115937709808,0.822463750839233,1,1,1.08000004291534,2004,12,68,22,22,23.7600009441376,0,10.0776834487915,2004-12-01,1.98273408412933,12.9538869857788,7.36122798919678
21220050,Pluviométrica,Convencional,Tolima,Ibagué,4.3534,-75.0531,680,1/15/1969,,Andes,Magdalena Cauca,Alto Magdalena,Río Coello,5.81818199157715,7.9236364364624,9,9,0.518115937709808,0.822463750839233,1,1,1.08000004291534,2004,12,69,10,10,10.8000004291534,0,18.5647506713867,2004-12-01,16.7626171112061,26.9604320526123,27.4014339447022
21220050,Pluviométrica,Convencional,Tolima,Ibagué,4.3534,-75.0531,680,1/15/1969,,Andes,Magdalena Cauca,Alto Magdalena,Río Coello,5.81818199157715,7.9236364364624,9,9,0.518115937709808,0.822463750839233,1,1,1.08000004291534,2004,12,70,0,0,0,0,12.9769430160522,2004-12-01,6.38742351531982,7.90037870407105,5.66513633728027
21220050,Pluviométrica,Convencional,Tolima,Ibagué,4.3534,-75.0531,680,1/15/1969,,Andes,Magdalena Cauca,Alto Magdalena,Río Coello,5.81818199157715,7.9236364364624,9,9,0.518115937709808,0.822463750839233,1,1,1.08000004291534,2004,12,71,0,0,0,0,10.7021455764771,2004-12-01,2.70195150375366,7.53602123260498,3.32911515235901
21220050,Pluviométrica,Convencional,Tolima,Ibagué,4.3534,-75.0531,680,1/15/1969,,Andes,Magdalena Cauca,Alto Magdalena,Río Coello,5.81818199157715,7.9236364364624,9,9,0.518115937709808,0.822463750839233,1,1,1.08000004291534,2004,12,72,0,0,0,0,13.8529195785522,2004-12-01,0.572259545326233,11.4370889663696,1.53608989715576
21220050,Pluviométrica,Convencional,Tolima,Ibagué,4.3534,-75.0531,680,1/15/1969,,Andes,Magdalena Cauca,Alto Magdalena,Río Coello,5.81818199157715,7.9236364364624,9,9,0.518115937709808,0.822463750839233,1,1,1.08000004291534,2005,01,1,5,5,5.40000021457672,0,9.25436019897461,2005-01-01,7.14289045333862,10.2986669540405,12.5583772659302
21220050,Pluviométrica,Convencional,Tolima,Ibagué,4.3534,-75.0531,680,1/15/1969,,Andes,Magdalena Cauca,Alto Magdalena,Río Coello,5.81818199157715,7.9236364364624,9,9,0.518115937709808,0.822463750839233,1,1,1.08000004291534,2005,01,2,89,89,96.1200038194657,0,24.7887725830078,2005-01-01,24.4742012023926,47.7682151794434,43.5531349182129
21220050,Pluviométrica,Convencional,Tolima,Ibagué,4.3534,-75.0531,680,1/15/1969,,Andes,Magdalena Cauca,Alto Magdalena,Río Coello,5.81818199157715,7.9236364364624,9,9,0.518115937709808,0.822463750839233,1,1,1.08000004291534,2005,01,3,0,0,0,0,18.4280033111572,2005-01-01,21.5952072143555,21.4601535797119,24.253080368042
21220050,Pluviométrica,Convencional,Tolima,Ibagué,4.3534,-75.0531,680,1/15/1969,,Andes,Magdalena Cauca,Alto Magdalena,Río Coello,5.81818199157715,7.9236364364624,9,9,0.518115937709808,0.822463750839233,1,1,1.08000004291534,2005,01,4,0,0,0,0,5.57502508163452,2005-01-01,0,5.30569934844971,0
21220050,Pluviométrica,Convencional,Tolima,Ibagué,4.3534,-75.0531,680,1/15/1969,,Andes,Magdalena Cauca,Alto Magdalena,Río Coello,5.81818199157715,7.9236364364624,9,9,0.518115937709808,0.822463750839233,1,1,1.08000004291534,2005,01,5,0,0,0,0,5.43301773071289,2005-01-01,0.739561557769775,3.64471459388733,0.946564316749573
21220050,Pluviométrica,Convencional,Tolima,Ibagué,4.3534,-75.0531,680,1/15/1969,,Andes,Magdalena Cauca,Alto Magdalena,Río Coello,5.81818199157715,7.9236364364624,9,9,0.518115937709808,0.822463750839233,1,1,1.08000004291534,2005,01,6,0,0,0,0,35.0330657958984,2005-01-01,32.8145980834961,29.3426780700684,29.1452732086182
21220050,Pluviométrica,Convencional,Tolima,Ibagué,4.3534,-75.0531,680,1/15/1969,,Andes,Magdalena Cauca,Alto Magdalena,Río Coello,5.81818199157715,7.9236364364624,9,9,0.518115937709808,0.822463750839233,1,1,1.08000004291534,2005,02,7,0,0,0,0,8.17726802825928,2005-02-01,0,7.63008785247803,0
21220050,Pluviométrica,Convencional,Tolima,Ibagué,4.3534,-75.0531,680,1/15/1969,,Andes,Magdalena Cauca,Alto Magdalena,Río Coello,5.81818199157715,7.9236364364624,9,9,0.518115937709808,0.822463750839233,1,1,1.08000004291534,2005,02,8,14,14,15.1200006008148,0,16.3566741943359,2005-02-01,16.0555610656738,22.4053516387939,25.2069606781006
21220050,Pluviométrica,Convencional,Tolima,Ibagué,4.3534,-75.0531,680,1/15/1969,,Andes,Magdalena Cauca,Alto Magdalena,Río Coello,5.81818199157715,7.9236364364624,9,9,0.518115937709808,0.822463750839233,1,1,1.08000004291534,2005,02,9,7,7,7.56000030040741,0,31.4198932647705,2005-02-01,43.8880348205566,22.0653686523438,25.0064487457275
21220050,Pluviométrica,Convencional,Tolima,Ibagué,4.3534,-75.0531,680,1/15/1969,,Andes,Magdalena Cauca,Alto Magdalena,Río Coello,5.81818199157715,7.9236364364624,9,9,0.518115937709808,0.822463750839233,1,1,1.08000004291534,2005,02,10,0,0,0,0,16.9038028717041,2005-02-01,12.108118057251,15.1788902282715,11.7983665466309
21220050,Pluviométrica,Convencional,Tolima,Ibagué,4.3534,-75.0531,680,1/15/1969,,Andes,Magdalena Cauca,Alto Magdalena,Río Coello,5.81818199157715,7.9236364364624,9,9,0.518115937709808,0.822463750839233,1,1,1.08000004291534,2005,02,11,0,0,0,0,9.0906457901001,2005-02-01,0.95016223192215,5.46476268768311,1.12653613090515
21220050,Pluviométrica,Convencional,Tolima,Ibagué,4.3534,-75.0531,680,1/15/1969,,Andes,Magdalena Cauca,Alto Magdalena,Río Coello,5.81818199157715,7.9236364364624,9,9,0.518115937709808,0.822463750839233,1,1,1.08000004291534,2005,02,12,0,0,0,0,9.39597988128662,2005-02-01,12.9526968002319,11.8735837936401,14.4524660110474
21220050,Pluviométrica,Convencional,Tolima,Ibagué,4.3534,-75.0531,680,1/15/1969,,Andes,Magdalena Cauca,Alto Magdalena,Río Coello,5.81818199157715,7.9236364364624,9,9,0.518115937709808,0.822463750839233,1,1,1.07000005245209,2005,03,13,25,25,26.7500013113022,0,14.5877447128296,2005-03-01,6.3837628364563,18.4286613464355,11.0427646636963
21220050,Pluviométrica,Convencional,Tolima,Ibagué,4.3534,-75.0531,680,1/15/1969,,Andes,Magdalena Cauca,Alto Magdalena,Río Coello,5.81818199157715,7.9236364364624,9,9,0.518115937709808,0.822463750839233,1,1,1.07000005245209,2005,03,14,0,0,0,0,16.8254089355469,2005-03-01,7.93268585205078,13.0974140167236,8.68272495269775
21220050,Pluviométrica,Convencional,Tolima,Ibagué,4.3534,-75.0531,680,1/15/1969,,Andes,Magdalena Cauca,Alto Magdalena,Río Coello,5.81818199157715,7.9236364364624,9,9,0.518115937709808,0.822463750839233,1,1,1.07000005245209,2005,03,15,0,0,0,0,11.4750986099243,2005-03-01,2.13135981559753,7.47510814666748,3.36867070198059
21220050,Pluviométrica,Convencional,Tolima,Ibagué,4.3534,-75.0531,680,1/15/1969,,Andes,Magdalena Cauca,Alto Magdalena,Río Coello,5.81818199157715,7.9236364364624,9,9,0.518115937709808,0.822463750839233,1,1,1.07000005245209,2005,03,16,42,42,44.9400022029877,0,29.9443893432617,2005-03-01,21.2116146087646,35.2275238037109,30.7062358856201
21220050,Pluviométrica,Convencional,Tolima,Ibagué,4.3534,-75.0531,680,1/15/1969,,Andes,Magdalena Cauca,Alto Magdalena,Río Coello,5.81818199157715,7.9236364364624,9,9,0.518115937709808,0.822463750839233,1,1,1.07000005245209,2005,03,17,0,0,0,0,11.5572690963745,2005-03-01,3.20520710945129,9.21273517608643,4.94289588928223
21220050,Pluviométrica,Convencional,Tolima,Ibagué,4.3534,-75.0531,680,1/15/1969,,Andes,Magdalena Cauca,Alto Magdalena,Río Coello,5.81818199157715,7.9236364364624,9,9,0.518115937709808,0.822463750839233,1,1,1.07000005245209,2005,03,18,52,52,55.6400027275086,0,25.5178737640381,2005-03-01,14.1024503707886,39.9339332580566,33.1488800048828
21220050,Pluviométrica,Convencional,Tolima,Ibagué,4.3534,-75.0531,680,1/15/1969,,Andes,Magdalena Cauca,Alto Magdalena,Río Coello,5.81818199157715,7.9236364364624,9,9,0.518115937709808,0.822463750839233,1,1,1.05999994277954,2005,04,19,36,36,38.1599979400635,0,27.4182624816895,2005-04-01,27.1078472137451,27.7064533233643,29.1211051940918
21220050,Pluviométrica,Convencional,Tolima,Ibagué,4.3534,-75.0531,680,1/15/1969,,Andes,Magdalena Cauca,Alto Magdalena,Río Coello,5.81818199157715,7.9236364364624,9,9,0.518115937709808,0.822463750839233,1,1,1.05999994277954,2005,04,20,0,0,0,0,8.68301963806152,2005-04-01,6.79894256591797,7.69325399398804,6.46824502944946
21220050,Pluviométrica,Convencional,Tolima,Ibagué,4.3534,-75.0531,680,1/15/1969,,Andes,Magdalena Cauca,Alto Magdalena,Río Coello,5.81818199157715,7.9236364364624,9,9,0.518115937709808,0.822463750839233,1,1,1.05999994277954,2005,04,21,9,9,9.53999948501587,0,21.3409099578857,2005-04-01,23.0363330841064,15.6762228012085,15.2461957931519
21220050,Pluviométrica,Convencional,Tolima,Ibagué,4.3534,-75.0531,680,1/15/1969,,Andes,Magdalena Cauca,Alto Magdalena,Río Coello,5.81818199157715,7.9236364364624,9,9,0.518115937709808,0.822463750839233,1,1,1.05999994277954,2005,04,22,51,51,54.0599970817566,0,37.2375335693359,2005-04-01,42.3293952941895,47.2408218383789,52.6142082214356
21220050,Pluviométrica,Convencional,Tolima,Ibagué,4.3534,-75.0531,680,1/15/1969,,Andes,Magdalena Cauca,Alto Magdalena,Río Coello,5.81818199157715,7.9236364364624,9,9,0.518115937709808,0.822463750839233,1,1,1.05999994277954,2005,04,23,5,5,5.29999971389771,0,62.1199150085449,2005-04-01,61.0699043273926,34.2275466918945,33.4672088623047
21220050,Pluviométrica,Convencional,Tolima,Ibagué,4.3534,-75.0531,680,1/15/1969,,Andes,Magdalena Cauca,Alto Magdalena,Río Coello,5.81818199157715,7.9236364364624,9,9,0.518115937709808,0.822463750839233,1,1,1.05999994277954,2005,04,24,20,20,21.1999988555908,0,30.1524772644043,2005-04-01,26.4805183410645,21.6299018859863,19.6122913360596
21220050,Pluviométrica,Convencional,Tolima,Ibagué,4.3534,-75.0531,680,1/15/1969,,Andes,Magdalena Cauca,Alto Magdalena,Río Coello,5.81818199157715,7.9236364364624,9,9,0.518115937709808,0.822463750839233,1,1,1.05999994277954,2005,05,25,80,80,84.7999954223633,0,55.2002334594727,2005-05-01,62.0399284362793,87.4690551757813,89.9408950805664
21220050,Pluviométrica,Convencional,Tolima,Ibagué,4.3534,-75.0531,680,1/15/1969,,Andes,Magdalena Cauca,Alto Magdalena,Río Coello,5.81818199157715,7.9236364364624,9,9,0.518115937709808,0.822463750839233,1,1,1.05999994277954,2005,05,26,7,7,7.41999959945679,0,33.9118537902832,2005-05-01,35.7185363769531,25.1965999603272,25.2029685974121
21220050,Pluviométrica,Convencional,Tolima,Ibagué,4.3534,-75.0531,680,1/15/1969,,Andes,Magdalena Cauca,Alto Magdalena,Río Coello,5.81818199157715,7.9236364364624,9,9,0.518115937709808,0.822463750839233,1,1,1.05999994277954,2005,05,27,19,19,20.1399989128113,0,28.547342300415,2005-05-01,27.094654083252,35.0720901489258,33.9806098937988
21220050,Pluviométrica,Convencional,Tolima,Ibagué,4.3534,-75.0531,680,1/15/1969,,Andes,Magdalena Cauca,Alto Magdalena,Río Coello,5.81818199157715,7.9236364364624,9,9,0.518115937709808,0.822463750839233,1,1,1.05999994277954,2005,05,28,20,20,21.1999988555908,0,71.6174926757813,2005-05-01,71.2934036254883,49.0921363830567,47.1471366882324
21220050,Pluviométrica,Convencional,Tolima,Ibagué,4.3534,-75.0531,680,1/15/1969,,Andes,Magdalena Cauca,Alto Magdalena,Río Coello,5.81818199157715,7.9236364364624,9,9,0.518115937709808,0.822463750839233,1,1,1.05999994277954,2005,05,29,80,80,84.7999954223633,0,63.3584594726563,2005-05-01,67.3502655029297,56.3627128601074,59.6421699523926
21220050,Pluviométrica,Convencional,Tolima,Ibagué,4.3534,-75.0531,680,1/15/1969,,Andes,Magdalena Cauca,Alto Magdalena,Río Coello,5.81818199157715,7.9236364364624,9,9,0.518115937709808,0.822463750839233,1,1,1.05999994277954,2005,05,30,28,28,29.6799983978272,0,30.95094871521,2005-05-01,26.0552921295166,27.572811126709,27.6588535308838
21220050,Pluviométrica,Convencional,Tolima,Ibagué,4.3534,-75.0531,680,1/15/1969,,Andes,Magdalena Cauca,Alto Magdalena,Río Coello,5.81818199157715,7.9236364364624,9,9,0.518115937709808,0.822463750839233,1,1,1.08000004291534,2005,06,31,0,0,0,0,26.9034557342529,2005-06-01,28.3563499450684,10.9652681350708,10.2728929519653
21220050,Pluviométrica,Convencional,Tolima,Ibagué,4.3534,-75.0531,680,1/15/1969,,Andes,Magdalena Cauca,Alto Magdalena,Río Coello,5.81818199157715,7.9236364364624,9,9,0.518115937709808,0.822463750839233,1,1,1.08000004291534,2005,06,32,6,6,6.48000025749207,0,31.9244022369385,2005-06-01,40.1693458557129,23.1885929107666,26.3692398071289
21220050,Pluviométrica,Convencional,Tolima,Ibagué,4.3534,-75.0531,680,1/15/1969,,Andes,Magdalena Cauca,Alto Magdalena,Río Coello,5.81818199157715,7.9236364364624,9,9,0.518115937709808,0.822463750839233,1,1,1.08000004291534,2005,06,33,0,0,0,0,41.1777725219727,2005-06-01,54.8141098022461,21.8219337463379,26.3168716430664
21220050,Pluviométrica,Convencional,Tolima,Ibagué,4.3534,-75.0531,680,1/15/1969,,Andes,Magdalena Cauca,Alto Magdalena,Río Coello,5.81818199157715,7.9236364364624,9,9,0.518115937709808,0.822463750839233,1,1,1.08000004291534,2005,06,34,0,0,0,0,9.30196762084961,2005-06-01,5.28918600082398,4.82175540924072,4.24899625778198
21220050,Pluviométrica,Convencional,Tolima,Ibagué,4.3534,-75.0531,680,1/15/1969,,Andes,Magdalena Cauca,Alto Magdalena,Río Coello,5.81818199157715,7.9236364364624,9,9,0.518115937709808,0.822463750839233,1,1,1.08000004291534,2005,06,35,0,0,0,0,10.3480033874512,2005-06-01,7.16740655899048,4.05131196975708,3.88550758361816
21220050,Pluviométrica,Convencional,Tolima,Ibagué,4.3534,-75.0531,680,1/15/1969,,Andes,Magdalena Cauca,Alto Magdalena,Río Coello,5.81818199157715,7.9236364364624,9,9,0.518115937709808,0.822463750839233,1,1,1.08000004291534,2005,06,36,49,49,52.9200021028519,0,23.440616607666,2005-06-01,33.1140098571777,29.0279998779297,36.5669593811035
21220050,Pluviométrica,Convencional,Tolima,Ibagué,4.3534,-75.0531,680,1/15/1969,,Andes,Magdalena Cauca,Alto Magdalena,Río Coello,5.81818199157715,7.9236364364624,9,9,0.518115937709808,0.822463750839233,1,1,1.0900000333786,2005,07,37,0,0,0,0,3.13197827339172,2005-07-01,0.366463214159012,3.99419212341309,1.03931856155396
21220050,Pluviométrica,Convencional,Tolima,Ibagué,4.3534,-75.0531,680,1/15/1969,,Andes,Magdalena Cauca,Alto Magdalena,Río Coello,5.81818199157715,7.9236364364624,9,9,0.518115937709808,0.822463750839233,1,1,1.0900000333786,2005,07,38,0,0,0,0,16.5362682342529,2005-07-01,24.7019500732422,8.30236053466797,11.9396619796753
21220050,Pluviométrica,Convencional,Tolima,Ibagué,4.3534,-75.0531,680,1/15/1969,,Andes,Magdalena Cauca,Alto Magdalena,Río Coello,5.81818199157715,7.9236364364624,9,9,0.518115937709808,0.822463750839233,1,1,1.0900000333786,2005,07,39,30,30,32.700001001358,0,5.04461622238159,2005-07-01,3.91372394561768,12.8089628219605,17.460319519043
21220050,Pluviométrica,Convencional,Tolima,Ibagué,4.3534,-75.0531,680,1/15/1969,,Andes,Magdalena Cauca,Alto Magdalena,Río Coello,5.81818199157715,7.9236364364624,9,9,0.518115937709808,0.822463750839233,1,1,1.0900000333786,2005,07,40,0,0,0,0,23.7051315307617,2005-07-01,30.4151000976563,17.8075485229492,20.7289371490479
21220050,Pluviométrica,Convencional,Tolima,Ibagué,4.3534,-75.0531,680,1/15/1969,,Andes,Magdalena Cauca,Alto Magdalena,Río Coello,5.81818199157715,7.9236364364624,9,9,0.518115937709808,0.822463750839233,1,1,1.0900000333786,2005,07,41,0,0,0,0,3.74216508865356,2005-07-01,0,2.52244067192078,0
21220050,Pluviométrica,Convencional,Tolima,Ibagué,4.3534,-75.0531,680,1/15/1969,,Andes,Magdalena Cauca,Alto Magdalena,Río Coello,5.81818199157715,7.9236364364624,9,9,0.518115937709808,0.822463750839233,1,1,1.0900000333786,2005,07,42,0,0,0,0,4.28485059738159,2005-07-01,0.714197039604187,2.62912964820862,0.815307378768921
21220050,Pluviométrica,Convencional,Tolima,Ibagué,4.3534,-75.0531,680,1/15/1969,,Andes,Magdalena Cauca,Alto Magdalena,Río Coello,5.81818199157715,7.9236364364624,9,9,0.518115937709808,0.822463750839233,1,1,1.08000004291534,2005,08,43,0,0,0,0,1.33251869678497,2005-08-01,0.561066567897797,0.965139210224152,0.491950660943985
21220050,Pluviométrica,Convencional,Tolima,Ibagué,4.3534,-75.0531,680,1/15/1969,,Andes,Magdalena Cauca,Alto Magdalena,Río Coello,5.81818199157715,7.9236364364624,9,9,0.518115937709808,0.822463750839233,1,1,1.08000004291534,2005,08,44,0,0,0,0,1.33744728565216,2005-08-01,0,0.882907211780548,0
21220050,Pluviométrica,Convencional,Tolima,Ibagué,4.3534,-75.0531,680,1/15/1969,,Andes,Magdalena Cauca,Alto Magdalena,Río Coello,5.81818199157715,7.9236364364624,9,9,0.518115937709808,0.822463750839233,1,1,1.08000004291534,2005,08,45,0,0,0,0,7.5018744468689,2005-08-01,4.20115232467651,4.91310501098633,3.19222545623779
21220050,Pluviométrica,Convencional,Tolima,Ibagué,4.3534,-75.0531,680,1/15/1969,,Andes,Magdalena Cauca,Alto Magdalena,Río Coello,5.81818199157715,7.9236364364624,9,9,0.518115937709808,0.822463750839233,1,1,1.08000004291534,2005,08,46,20,20,21.6000008583069,0,26.2257347106934,2005-08-01,28.5067024230957,18.4962635040283,17.2961177825928
21220050,Pluviométrica,Convencional,Tolima,Ibagué,4.3534,-75.0531,680,1/15/1969,,Andes,Magdalena Cauca,Alto Magdalena,Río Coello,5.81818199157715,7.9236364364624,9,9,0.518115937709808,0.822463750839233,1,1,1.08000004291534,2005,08,47,0,0,0,0,16.6220664978027,2005-08-01,16.9537773132324,20.7082843780518,19.4590282440186
21220050,Pluviométrica,Convencional,Tolima,Ibagué,4.3534,-75.0531,680,1/15/1969,,Andes,Magdalena Cauca,Alto Magdalena,Río Coello,5.81818199157715,7.9236364364624,9,9,0.518115937709808,0.822463750839233,1,1,1.08000004291534,2005,08,48,0,0,0,0,5.59399461746216,2005-08-01,5.13833332061768,5.21525192260742,8.46846771240234
21220050,Pluviométrica,Convencional,Tolima,Ibagué,4.3534,-75.0531,680,1/15/1969,,Andes,Magdalena Cauca,Alto Magdalena,Río Coello,5.81818199157715,7.9236364364624,9,9,0.518115937709808,0.822463750839233,1,1,1.08000004291534,2005,09,49,74,74,79.9200031757355,0,37.819206237793,2005-09-01,45.7196083068848,35.8651924133301,37.9001312255859
21220050,Pluviométrica,Convencional,Tolima,Ibagué,4.3534,-75.0531,680,1/15/1969,,Andes,Magdalena Cauca,Alto Magdalena,Río Coello,5.81818199157715,7.9236364364624,9,9,0.518115937709808,0.822463750839233,1,1,1.08000004291534,2005,09,50,5,5,5.40000021457672,0,21.1673469543457,2005-09-01,26.5446014404297,13.5523090362549,15.3908052444458
21220050,Pluviométrica,Convencional,Tolima,Ibagué,4.3534,-75.0531,680,1/15/1969,,Andes,Magdalena Cauca,Alto Magdalena,Río Coello,5.81818199157715,7.9236364364624,9,9,0.518115937709808,0.822463750839233,1,1,1.08000004291534,2005,09,51,0,0,0,0,9.38210391998291,2005-09-01,10.2906312942505,4.51561689376831,4.78422021865845
21220050,Pluviométrica,Convencional,Tolima,Ibagué,4.3534,-75.0531,680,1/15/1969,,Andes,Magdalena Cauca,Alto Magdalena,Río Coello,5.81818199157715,7.9236364364624,9,9,0.518115937709808,0.822463750839233,1,1,1.08000004291534,2005,09,52,0,0,0,0,5.28501224517822,2005-09-01,4.362624168396,2.88204884529114,2.86800122261047
21220050,Pluviométrica,Convencional,Tolima,Ibagué,4.3534,-75.0531,680,1/15/1969,,Andes,Magdalena Cauca,Alto Magdalena,Río Coello,5.81818199157715,7.9236364364624,9,9,0.518115937709808,0.822463750839233,1,1,1.08000004291534,2005,09,53,117.5,117.5,126.900005042553,0,41.9688186645508,2005-09-01,52.629035949707,64.2508773803711,65.550910949707
21220050,Pluviométrica,Convencional,Tolima,Ibagué,4.3534,-75.0531,680,1/15/1969,,Andes,Magdalena Cauca,Alto Magdalena,Río Coello,5.81818199157715,7.9236364364624,9,9,0.518115937709808,0.822463750839233,1,1,1.08000004291534,2005,09,54,12,12,12.9600005149841,0,36.7529144287109,2005-09-01,48.0717086791992,33.070182800293,35.7442665100098
21220050,Pluviométrica,Convencional,Tolima,Ibagué,4.3534,-75.0531,680,1/15/1969,,Andes,Magdalena Cauca,Alto Magdalena,Río Coello,5.81818199157715,7.9236364364624,9,9,0.518115937709808,0.822463750839233,1,1,1.07000005245209,2005,10,55,0,0,0,0,41.2658958435059,2005-10-01,37.0812644958496,19.7187442779541,18.0767154693604
21220050,Pluviométrica,Convencional,Tolima,Ibagué,4.3534,-75.0531,680,1/15/1969,,Andes,Magdalena Cauca,Alto Magdalena,Río Coello,5.81818199157715,7.9236364364624,9,9,0.518115937709808,0.822463750839233,1,1,1.07000005245209,2005,10,56,52,52,55.6400027275086,0,28.1876792907715,2005-10-01,19.8495941162109,35.8998947143555,33.119571685791
21220050,Pluviométrica,Convencional,Tolima,Ibagué,4.3534,-75.0531,680,1/15/1969,,Andes,Magdalena Cauca,Alto Magdalena,Río Coello,5.81818199157715,7.9236364364624,9,9,0.518115937709808,0.822463750839233,1,1,1.07000005245209,2005,10,57,43,43,46.0100022554398,0,38.337215423584,2005-10-01,32.4736747741699,34.5629425048828,33.3010520935059
21220050,Pluviométrica,Convencional,Tolima,Ibagué,4.3534,-75.0531,680,1/15/1969,,Andes,Magdalena Cauca,Alto Magdalena,Río Coello,5.81818199157715,7.9236364364624,9,9,0.518115937709808,0.822463750839233,1,1,1.07000005245209,2005,10,58,18,18,19.2600009441376,0,32.3678855895996,2005-10-01,27.4167537689209,48.9915008544922,47.8753967285156
21220050,Pluviométrica,Convencional,Tolima,Ibagué,4.3534,-75.0531,680,1/15/1969,,Andes,Magdalena Cauca,Alto Magdalena,Río Coello,5.81818199157715,7.9236364364624,9,9,0.518115937709808,0.822463750839233,1,1,1.07000005245209,2005,10,59,35,35,37.4500018358231,0,59.3548278808594,2005-10-01,63.3679313659668,52.4062576293945,53.8070182800293
21220050,Pluviométrica,Convencional,Tolima,Ibagué,4.3534,-75.0531,680,1/15/1969,,Andes,Magdalena Cauca,Alto Magdalena,Río Coello,5.81818199157715,7.9236364364624,9,9,0.518115937709808,0.822463750839233,1,1,1.07000005245209,2005,10,60,10,10,10.7000005245209,0,28.3419704437256,2005-10-01,15.1361017227173,26.9060974121094,20.7245788574219
21220050,Pluviométrica,Convencional,Tolima,Ibagué,4.3534,-75.0531,680,1/15/1969,,Andes,Magdalena Cauca,Alto Magdalena,Río Coello,5.81818199157715,7.9236364364624,9,9,0.518115937709808,0.822463750839233,1,1,1.05999994277954,2005,11,61,41,41,43.4599976539612,0,40.9493408203125,2005-11-01,33.0251617431641,35.825439453125,34.6742210388184
21220050,Pluviométrica,Convencional,Tolima,Ibagué,4.3534,-75.0531,680,1/15/1969,,Andes,Magdalena Cauca,Alto Magdalena,Río Coello,5.81818199157715,7.9236364364624,9,9,0.518115937709808,0.822463750839233,1,1,1.05999994277954,2005,11,62,92,92,97.5199947357178,0,56.755012512207,2005-11-01,44.9690666198731,63.5654602050781,58.5397262573242
21220050,Pluviométrica,Convencional,Tolima,Ibagué,4.3534,-75.0531,680,1/15/1969,,Andes,Magdalena Cauca,Alto Magdalena,Río Coello,5.81818199157715,7.9236364364624,9,9,0.518115937709808,0.822463750839233,1,1,1.05999994277954,2005,11,63,24,24,25.439998626709,0,36.8404846191406,2005-11-01,22.8880710601807,40.4095344543457,32.4408416748047
21220050,Pluviométrica,Convencional,Tolima,Ibagué,4.3534,-75.0531,680,1/15/1969,,Andes,Magdalena Cauca,Alto Magdalena,Río Coello,5.81818199157715,7.9236364364624,9,9,0.518115937709808,0.822463750839233,1,1,1.05999994277954,2005,11,64,0,0,0,0,28.1950283050537,2005-11-01,17.197681427002,17.1494083404541,12.8159046173096
21220050,Pluviométrica,Convencional,Tolima,Ibagué,4.3534,-75.0531,680,1/15/1969,,Andes,Magdalena Cauca,Alto Magdalena,Río Coello,5.81818199157715,7.9236364364624,9,9,0.518115937709808,0.822463750839233,1,1,1.05999994277954,2005,11,65,30,30,31.7999982833862,0,35.755126953125,2005-11-01,26.3774871826172,32.5689010620117,27.4433174133301
21220050,Pluviométrica,Convencional,Tolima,Ibagué,4.3534,-75.0531,680,1/15/1969,,Andes,Magdalena Cauca,Alto Magdalena,Río Coello,5.81818199157715,7.9236364364624,9,9,0.518115937709808,0.822463750839233,1,1,1.05999994277954,2005,11,66,0,0,0,0,12.8157815933228,2005-11-01,2.85135507583618,5.63854551315308,2.93827724456787
21220050,Pluviométrica,Convencional,Tolima,Ibagué,4.3534,-75.0531,680,1/15/1969,,Andes,Magdalena Cauca,Alto Magdalena,Río Coello,5.81818199157715,7.9236364364624,9,9,0.518115937709808,0.822463750839233,1,1,1.08000004291534,2005,12,67,0,0,0,0,13.2908210754395,2005-12-01,7.34499645233154,10.1323957443237,9.46790027618408
21220050,Pluviométrica,Convencional,Tolima,Ibagué,4.3534,-75.0531,680,1/15/1969,,Andes,Magdalena Cauca,Alto Magdalena,Río Coello,5.81818199157715,7.9236364364624,9,9,0.518115937709808,0.822463750839233,1,1,1.08000004291534,2005,12,68,0,0,0,0,9.11931991577148,2005-12-01,0.285358220338821,10.1198663711548,1.06468296051025
21220050,Pluviométrica,Convencional,Tolima,Ibagué,4.3534,-75.0531,680,1/15/1969,,Andes,Magdalena Cauca,Alto Magdalena,Río Coello,5.81818199157715,7.9236364364624,9,9,0.518115937709808,0.822463750839233,1,1,1.08000004291534,2005,12,69,39,39,42.1200016736984,0,25.4312381744385,2005-12-01,32.2605209350586,33.6561050415039,41.3458595275879
21220050,Pluviométrica,Convencional,Tolima,Ibagué,4.3534,-75.0531,680,1/15/1969,,Andes,Magdalena Cauca,Alto Magdalena,Río Coello,5.81818199157715,7.9236364364624,9,9,0.518115937709808,0.822463750839233,1,1,1.08000004291534,2005,12,70,0,0,0,0,13.7009878158569,2005-12-01,6.08188343048096,10.354434967041,7.80495882034302
21220050,Pluviométrica,Convencional,Tolima,Ibagué,4.3534,-75.0531,680,1/15/1969,,Andes,Magdalena Cauca,Alto Magdalena,Río Coello,5.81818199157715,7.9236364364624,9,9,0.518115937709808,0.822463750839233,1,1,1.08000004291534,2005,12,71,56,56,60.4800024032593,0,22.0721187591553,2005-12-01,23.7839984893799,25.0233345031738,28.3909034729004
21220050,Pluviométrica,Convencional,Tolima,Ibagué,4.3534,-75.0531,680,1/15/1969,,Andes,Magdalena Cauca,Alto Magdalena,Río Coello,5.81818199157715,7.9236364364624,9,9,0.518115937709808,0.822463750839233,1,1,1.08000004291534,2005,12,72,0,0,0,0,21.8735408782959,2005-12-01,12.765362739563,7.9714503288269,6.53501510620117
21220050,Pluviométrica,Convencional,Tolima,Ibagué,4.3534,-75.0531,680,1/15/1969,,Andes,Magdalena Cauca,Alto Magdalena,Río Coello,5.81818199157715,7.9236364364624,9,9,0.518115937709808,0.822463750839233,1,1,1.08000004291534,2006,01,1,0,0,0,0,5.65598297119141,2006-01-01,1.55356311798096,6.13704633712769,2.90081787109375
21220050,Pluviométrica,Convencional,Tolima,Ibagué,4.3534,-75.0531,680,1/15/1969,,Andes,Magdalena Cauca,Alto Magdalena,Río Coello,5.81818199157715,7.9236364364624,9,9,0.518115937709808,0.822463750839233,1,1,1.08000004291534,2006,01,2,0,0,0,0,5.62424612045288,2006-01-01,1.00298309326172,5.19929027557373,1.8687207698822
21220050,Pluviométrica,Convencional,Tolima,Ibagué,4.3534,-75.0531,680,1/15/1969,,Andes,Magdalena Cauca,Alto Magdalena,Río Coello,5.81818199157715,7.9236364364624,9,9,0.518115937709808,0.822463750839233,1,1,1.08000004291534,2006,01,3,16,16,17.2800006866455,0,22.0009384155273,2006-01-01,25.1990547180176,20.9167976379395,25.3225059509277
21220050,Pluviométrica,Convencional,Tolima,Ibagué,4.3534,-75.0531,680,1/15/1969,,Andes,Magdalena Cauca,Alto Magdalena,Río Coello,5.81818199157715,7.9236364364624,9,9,0.518115937709808,0.822463750839233,1,1,1.08000004291534,2006,01,4,14,14,15.1200006008148,0,6.74742364883423,2006-01-01,1.37706577777863,6.38174295425415,3.20216298103333
21220050,Pluviométrica,Convencional,Tolima,Ibagué,4.3534,-75.0531,680,1/15/1969,,Andes,Magdalena Cauca,Alto Magdalena,Río Coello,5.81818199157715,7.9236364364624,9,9,0.518115937709808,0.822463750839233,1,1,1.08000004291534,2006,01,5,0,0,0,0,7.70856428146362,2006-01-01,2.49171113967896,6.51225185394287,4.12880563735962
21220050,Pluviométrica,Convencional,Tolima,Ibagué,4.3534,-75.0531,680,1/15/1969,,Andes,Magdalena Cauca,Alto Magdalena,Río Coello,5.81818199157715,7.9236364364624,9,9,0.518115937709808,0.822463750839233,1,1,1.08000004291534,2006,01,6,107,107,115.560004591942,0,28.1663303375244,2006-01-01,24.5111808776856,42.5088691711426,38.9955673217773
21220050,Pluviométrica,Convencional,Tolima,Ibagué,4.3534,-75.0531,680,1/15/1969,,Andes,Magdalena Cauca,Alto Magdalena,Río Coello,5.81818199157715,7.9236364364624,9,9,0.518115937709808,0.822463750839233,1,1,1.08000004291534,2006,02,7,0,0,0,0,35.8445930480957,2006-02-01,58.5554695129395,25.6030330657959,30.2865753173828
21220050,Pluviométrica,Convencional,Tolima,Ibagué,4.3534,-75.0531,680,1/15/1969,,Andes,Magdalena Cauca,Alto Magdalena,Río Coello,5.81818199157715,7.9236364364624,9,9,0.518115937709808,0.822463750839233,1,1,1.08000004291534,2006,02,8,0,0,0,0,13.7920694351196,2006-02-01,14.1030855178833,6.52119302749634,7.13756799697876
21220050,Pluviométrica,Convencional,Tolima,Ibagué,4.3534,-75.0531,680,1/15/1969,,Andes,Magdalena Cauca,Alto Magdalena,Río Coello,5.81818199157715,7.9236364364624,9,9,0.518115937709808,0.822463750839233,1,1,1.08000004291534,2006,02,9,0,0,0,0,8.11075687408447,2006-02-01,0.309277236461639,3.8674852848053,0.334861308336258
21220050,Pluviométrica,Convencional,Tolima,Ibagué,4.3534,-75.0531,680,1/15/1969,,Andes,Magdalena Cauca,Alto Magdalena,Río Coello,5.81818199157715,7.9236364364624,9,9,0.518115937709808,0.822463750839233,1,1,1.08000004291534,2006,02,10,0,0,0,0,12.6441030502319,2006-02-01,6.1995415687561,6.4254150390625,6.19273376464844
21220050,Pluviométrica,Convencional,Tolima,Ibagué,4.3534,-75.0531,680,1/15/1969,,Andes,Magdalena Cauca,Alto Magdalena,Río Coello,5.81818199157715,7.9236364364624,9,9,0.518115937709808,0.822463750839233,1,1,1.08000004291534,2006,02,11,18,18,19.4400007724762,0,11.8045597076416,2006-02-01,5.50737237930298,12.9966764450073,11.0474967956543
21220050,Pluviométrica,Convencional,Tolima,Ibagué,4.3534,-75.0531,680,1/15/1969,,Andes,Magdalena Cauca,Alto Magdalena,Río Coello,5.81818199157715,7.9236364364624,9,9,0.518115937709808,0.822463750839233,1,1,1.08000004291534,2006,02,12,10,10,10.8000004291534,0,8.82712745666504,2006-02-01,11.5840349197388,12.5752840042114,15.391773223877
21220050,Pluviométrica,Convencional,Tolima,Ibagué,4.3534,-75.0531,680,1/15/1969,,Andes,Magdalena Cauca,Alto Magdalena,Río Coello,5.81818199157715,7.9236364364624,9,9,0.518115937709808,0.822463750839233,1,1,1.07000005245209,2006,03,13,0,0,0,5,17.0179462432861,2006-03-01,9.35136699676514,8.57646179199219,5.38438701629639
21220050,Pluviométrica,Convencional,Tolima,Ibagué,4.3534,-75.0531,680,1/15/1969,,Andes,Magdalena Cauca,Alto Magdalena,Río Coello,5.81818199157715,7.9236364364624,9,9,0.518115937709808,0.822463750839233,1,1,1.07000005245209,2006,03,14,0,0,0,5,31.3825721740723,2006-03-01,24.5072975158691,44.671875,47.0063133239746
21220050,Pluviométrica,Convencional,Tolima,Ibagué,4.3534,-75.0531,680,1/15/1969,,Andes,Magdalena Cauca,Alto Magdalena,Río Coello,5.81818199157715,7.9236364364624,9,9,0.518115937709808,0.822463750839233,1,1,1.07000005245209,2006,03,15,0,0,0,5,18.8626251220703,2006-03-01,10.6276617050171,21.0096645355225,19.1898555755615
21220050,Pluviométrica,Convencional,Tolima,Ibagué,4.3534,-75.0531,680,1/15/1969,,Andes,Magdalena Cauca,Alto Magdalena,Río Coello,5.81818199157715,7.9236364364624,9,9,0.518115937709808,0.822463750839233,1,1,1.07000005245209,2006,03,16,0,0,0,5,44.0414428710938,2006-03-01,38.4407920837402,49.0463981628418,48.5967330932617
21220050,Pluviométrica,Convencional,Tolima,Ibagué,4.3534,-75.0531,680,1/15/1969,,Andes,Magdalena Cauca,Alto Magdalena,Río Coello,5.81818199157715,7.9236364364624,9,9,0.518115937709808,0.822463750839233,1,1,1.07000005245209,2006,03,17,0,0,0,5,37.0284004211426,2006-03-01,39.8160400390625,36.5166130065918,38.6603317260742
21220050,Pluviométrica,Convencional,Tolima,Ibagué,4.3534,-75.0531,680,1/15/1969,,Andes,Magdalena Cauca,Alto Magdalena,Río Coello,5.81818199157715,7.9236364364624,9,9,0.518115937709808,0.822463750839233,1,1,1.07000005245209,2006,03,18,0,0,0,6,8.78273105621338,2006-03-01,0,8.91915130615234,0
21220050,Pluviométrica,Convencional,Tolima,Ibagué,4.3534,-75.0531,680,1/15/1969,,Andes,Magdalena Cauca,Alto Magdalena,Río Coello,5.81818199157715,7.9236364364624,9,9,0.518115937709808,0.822463750839233,1,1,1.05999994277954,2006,04,19,0,0,0,5,39.3225975036621,2006-04-01,39.7901763916016,56.3945007324219,59.5397872924805
21220050,Pluviométrica,Convencional,Tolima,Ibagué,4.3534,-75.0531,680,1/15/1969,,Andes,Magdalena Cauca,Alto Magdalena,Río Coello,5.81818199157715,7.9236364364624,9,9,0.518115937709808,0.822463750839233,1,1,1.05999994277954,2006,04,20,0,0,0,5,21.5671005249023,2006-04-01,23.8692169189453,16.5772476196289,18.0881233215332
21220050,Pluviométrica,Convencional,Tolima,Ibagué,4.3534,-75.0531,680,1/15/1969,,Andes,Magdalena Cauca,Alto Magdalena,Río Coello,5.81818199157715,7.9236364364624,9,9,0.518115937709808,0.822463750839233,1,1,1.05999994277954,2006,04,21,0,0,0,5,44.9749946594238,2006-04-01,48.3131866455078,42.7905158996582,46.5746574401856
21220050,Pluviométrica,Convencional,Tolima,Ibagué,4.3534,-75.0531,680,1/15/1969,,Andes,Magdalena Cauca,Alto Magdalena,Río Coello,5.81818199157715,7.9236364364624,9,9,0.518115937709808,0.822463750839233,1,1,1.05999994277954,2006,04,22,0,0,0,5,31.1798286437988,2006-04-01,28.4192848205566,34.0050773620606,31.531063079834
21220050,Pluviométrica,Convencional,Tolima,Ibagué,4.3534,-75.0531,680,1/15/1969,,Andes,Magdalena Cauca,Alto Magdalena,Río Coello,5.81818199157715,7.9236364364624,9,9,0.518115937709808,0.822463750839233,1,1,1.05999994277954,2006,04,23,0,0,0,5,13.2169322967529,2006-04-01,12.1679592132568,18.1215171813965,19.4863147735596
21220050,Pluviométrica,Convencional,Tolima,Ibagué,4.3534,-75.0531,680,1/15/1969,,Andes,Magdalena Cauca,Alto Magdalena,Río Coello,5.81818199157715,7.9236364364624,9,9,0.518115937709808,0.822463750839233,1,1,1.05999994277954,2006,04,24,0,0,0,5,49.0317497253418,2006-04-01,51.7254257202148,41.1138076782227,42.2871208190918
21220050,Pluviométrica,Convencional,Tolima,Ibagué,4.3534,-75.0531,680,1/15/1969,,Andes,Magdalena Cauca,Alto Magdalena,Río Coello,5.81818199157715,7.9236364364624,9,9,0.518115937709808,0.822463750839233,1,1,1.05999994277954,2006,05,25,0,0,0,5,37.4820709228516,2006-05-01,41.9048919677734,49.5872955322266,55.1285781860352
21220050,Pluviométrica,Convencional,Tolima,Ibagué,4.3534,-75.0531,680,1/15/1969,,Andes,Magdalena Cauca,Alto Magdalena,Río Coello,5.81818199157715,7.9236364364624,9,9,0.518115937709808,0.822463750839233,1,1,1.05999994277954,2006,05,26,0,0,0,5,91.3611831665039,2006-05-01,100.050407409668,96.4349899291992,94.1703033447266
21220050,Pluviométrica,Convencional,Tolima,Ibagué,4.3534,-75.0531,680,1/15/1969,,Andes,Magdalena Cauca,Alto Magdalena,Río Coello,5.81818199157715,7.9236364364624,9,9,0.518115937709808,0.822463750839233,1,1,1.05999994277954,2006,05,27,0,0,0,5,21.4012088775635,2006-05-01,21.0028915405273,9.01163291931152,8.99258422851563
21220050,Pluviométrica,Convencional,Tolima,Ibagué,4.3534,-75.0531,680,1/15/1969,,Andes,Magdalena Cauca,Alto Magdalena,Río Coello,5.81818199157715,7.9236364364624,9,9,0.518115937709808,0.822463750839233,1,1,1.05999994277954,2006,05,28,0,0,0,5,35.66748046875,2006-05-01,36.8245658874512,20.0926570892334,19.8788681030273
21220050,Pluviométrica,Convencional,Tolima,Ibagué,4.3534,-75.0531,680,1/15/1969,,Andes,Magdalena Cauca,Alto Magdalena,Río Coello,5.81818199157715,7.9236364364624,9,9,0.518115937709808,0.822463750839233,1,1,1.05999994277954,2006,05,29,0,0,0,5,7.37834787368774,2006-05-01,7.35977458953857,4.86610412597656,5.42171812057495
21220050,Pluviométrica,Convencional,Tolima,Ibagué,4.3534,-75.0531,680,1/15/1969,,Andes,Magdalena Cauca,Alto Magdalena,Río Coello,5.81818199157715,7.9236364364624,9,9,0.518115937709808,0.822463750839233,1,1,1.05999994277954,2006,05,30,0,0,0,6,15.0223054885864,2006-05-01,12.0636644363403,14.0948343276978,16.0851364135742
21220050,Pluviométrica,Convencional,Tolima,Ibagué,4.3534,-75.0531,680,1/15/1969,,Andes,Magdalena Cauca,Alto Magdalena,Río Coello,5.81818199157715,7.9236364364624,9,9,0.518115937709808,0.822463750839233,1,1,1.08000004291534,2006,06,31,0,0,0,5,35.5193023681641,2006-06-01,44.7766647338867,35.4530906677246,40.8203659057617
21220050,Pluviométrica,Convencional,Tolima,Ibagué,4.3534,-75.0531,680,1/15/1969,,Andes,Magdalena Cauca,Alto Magdalena,Río Coello,5.81818199157715,7.9236364364624,9,9,0.518115937709808,0.822463750839233,1,1,1.08000004291534,2006,06,32,0,0,0,5,24.0806407928467,2006-06-01,23.2927970886231,24.9167728424072,29.2990684509277
21220050,Pluviométrica,Convencional,Tolima,Ibagué,4.3534,-75.0531,680,1/15/1969,,Andes,Magdalena Cauca,Alto Magdalena,Río Coello,5.81818199157715,7.9236364364624,9,9,0.518115937709808,0.822463750839233,1,1,1.08000004291534,2006,06,33,0,0,0,5,16.6128787994385,2006-06-01,13.9907245635986,18.438985824585,17.1675834655762
21220050,Pluviométrica,Convencional,Tolima,Ibagué,4.3534,-75.0531,680,1/15/1969,,Andes,Magdalena Cauca,Alto Magdalena,Río Coello,5.81818199157715,7.9236364364624,9,9,0.518115937709808,0.822463750839233,1,1,1.08000004291534,2006,06,34,0,0,0,5,10.3462953567505,2006-06-01,6.87250375747681,5.71107149124146,6.49858570098877
21220050,Pluviométrica,Convencional,Tolima,Ibagué,4.3534,-75.0531,680,1/15/1969,,Andes,Magdalena Cauca,Alto Magdalena,Río Coello,5.81818199157715,7.9236364364624,9,9,0.518115937709808,0.822463750839233,1,1,1.08000004291534,2006,06,35,0,0,0,5,7.21887350082398,2006-06-01,2.29051065444946,3.23866605758667,1.48780941963196
21220050,Pluviométrica,Convencional,Tolima,Ibagué,4.3534,-75.0531,680,1/15/1969,,Andes,Magdalena Cauca,Alto Magdalena,Río Coello,5.81818199157715,7.9236364364624,9,9,0.518115937709808,0.822463750839233,1,1,1.08000004291534,2006,06,36,0,0,0,5,5.7918643951416,2006-06-01,0.766077995300293,2.84154415130615,0.918870806694031
21220050,Pluviométrica,Convencional,Tolima,Ibagué,4.3534,-75.0531,680,1/15/1969,,Andes,Magdalena Cauca,Alto Magdalena,Río Coello,5.81818199157715,7.9236364364624,9,9,0.518115937709808,0.822463750839233,1,1,1.0900000333786,2006,07,37,0,0,0,5,3.13197827339172,2006-07-01,0.366463214159012,1.56844174861908,0.315113186836243
21220050,Pluviométrica,Convencional,Tolima,Ibagué,4.3534,-75.0531,680,1/15/1969,,Andes,Magdalena Cauca,Alto Magdalena,Río Coello,5.81818199157715,7.9236364364624,9,9,0.518115937709808,0.822463750839233,1,1,1.0900000333786,2006,07,38,0,0,0,5,2.70793151855469,2006-07-01,0,1.41778898239136,0
21220050,Pluviométrica,Convencional,Tolima,Ibagué,4.3534,-75.0531,680,1/15/1969,,Andes,Magdalena Cauca,Alto Magdalena,Río Coello,5.81818199157715,7.9236364364624,9,9,0.518115937709808,0.822463750839233,1,1,1.0900000333786,2006,07,39,0,0,0,5,8.08357429504395,2006-07-01,7.70341396331787,6.05765771865845,7.87205743789673
21220050,Pluviométrica,Convencional,Tolima,Ibagué,4.3534,-75.0531,680,1/15/1969,,Andes,Magdalena Cauca,Alto Magdalena,Río Coello,5.81818199157715,7.9236364364624,9,9,0.518115937709808,0.822463750839233,1,1,1.0900000333786,2006,07,40,0,0,0,5,5.12556743621826,2006-07-01,1.51986217498779,2.46205186843872,1.21859455108643
21220050,Pluviométrica,Convencional,Tolima,Ibagué,4.3534,-75.0531,680,1/15/1969,,Andes,Magdalena Cauca,Alto Magdalena,Río Coello,5.81818199157715,7.9236364364624,9,9,0.518115937709808,0.822463750839233,1,1,1.0900000333786,2006,07,41,0,0,0,5,17.573148727417,2006-07-01,17.6118698120117,8.74497509002686,9.83681964874268
21220050,Pluviométrica,Convencional,Tolima,Ibagué,4.3534,-75.0531,680,1/15/1969,,Andes,Magdalena Cauca,Alto Magdalena,Río Coello,5.81818199157715,7.9236364364624,9,9,0.518115937709808,0.822463750839233,1,1,1.0900000333786,2006,07,42,0,0,0,6,19.1739406585693,2006-07-01,22.2894268035889,11.3061628341675,11.2959289550781
21220050,Pluviométrica,Convencional,Tolima,Ibagué,4.3534,-75.0531,680,1/15/1969,,Andes,Magdalena Cauca,Alto Magdalena,Río Coello,5.81818199157715,7.9236364364624,9,9,0.518115937709808,0.822463750839233,1,1,1.08000004291534,2006,08,43,0,0,0,5,6.58127069473267,2006-08-01,5.47089147567749,3.03122472763062,2.85287404060364
21220050,Pluviométrica,Convencional,Tolima,Ibagué,4.3534,-75.0531,680,1/15/1969,,Andes,Magdalena Cauca,Alto Magdalena,Río Coello,5.81818199157715,7.9236364364624,9,9,0.518115937709808,0.822463750839233,1,1,1.08000004291534,2006,08,44,0,0,0,5,1.33744728565216,2006-08-01,0,0.991549909114838,0
21220050,Pluviométrica,Convencional,Tolima,Ibagué,4.3534,-75.0531,680,1/15/1969,,Andes,Magdalena Cauca,Alto Magdalena,Río Coello,5.81818199157715,7.9236364364624,9,9,0.518115937709808,0.822463750839233,1,1,1.08000004291534,2006,08,45,0,0,0,5,13.989953994751,2006-08-01,11.8054141998291,8.86948394775391,8.21691513061523
21220050,Pluviométrica,Convencional,Tolima,Ibagué,4.3534,-75.0531,680,1/15/1969,,Andes,Magdalena Cauca,Alto Magdalena,Río Coello,5.81818199157715,7.9236364364624,9,9,0.518115937709808,0.822463750839233,1,1,1.08000004291534,2006,08,46,0,0,0,5,3.98198008537293,2006-08-01,1.8601142168045,3.43274974822998,4.19451475143433
21220050,Pluviométrica,Convencional,Tolima,Ibagué,4.3534,-75.0531,680,1/15/1969,,Andes,Magdalena Cauca,Alto Magdalena,Río Coello,5.81818199157715,7.9236364364624,9,9,0.518115937709808,0.822463750839233,1,1,1.08000004291534,2006,08,47,0,0,0,5,1.20503211021423,2006-08-01,0,0.82257753610611,0
21220050,Pluviométrica,Convencional,Tolima,Ibagué,4.3534,-75.0531,680,1/15/1969,,Andes,Magdalena Cauca,Alto Magdalena,Río Coello,5.81818199157715,7.9236364364624,9,9,0.518115937709808,0.822463750839233,1,1,1.08000004291534,2006,08,48,0,0,0,6,20.3347015380859,2006-08-01,20.1818256378174,29.2012538909912,29.8340892791748
21220050,Pluviométrica,Convencional,Tolima,Ibagué,4.3534,-75.0531,680,1/15/1969,,Andes,Magdalena Cauca,Alto Magdalena,Río Coello,5.81818199157715,7.9236364364624,9,9,0.518115937709808,0.822463750839233,1,1,1.08000004291534,2006,09,49,0,0,0,5,27.0285339355469,2006-09-01,32.6456298828125,15.8425121307373,19.9765071868897
21220050,Pluviométrica,Convencional,Tolima,Ibagué,4.3534,-75.0531,680,1/15/1969,,Andes,Magdalena Cauca,Alto Magdalena,Río Coello,5.81818199157715,7.9236364364624,9,9,0.518115937709808,0.822463750839233,1,1,1.08000004291534,2006,09,50,0,0,0,5,17.1736946105957,2006-09-01,22.754228591919,11.5165634155273,14.6450176239014
21220050,Pluviométrica,Convencional,Tolima,Ibagué,4.3534,-75.0531,680,1/15/1969,,Andes,Magdalena Cauca,Alto Magdalena,Río Coello,5.81818199157715,7.9236364364624,9,9,0.518115937709808,0.822463750839233,1,1,1.08000004291534,2006,09,51,0,0,0,5,42.4781188964844,2006-09-01,57.6737823486328,46.5134201049805,48.2837333679199
21220050,Pluviométrica,Convencional,Tolima,Ibagué,4.3534,-75.0531,680,1/15/1969,,Andes,Magdalena Cauca,Alto Magdalena,Río Coello,5.81818199157715,7.9236364364624,9,9,0.518115937709808,0.822463750839233,1,1,1.08000004291534,2006,09,52,0,0,0,5,25.8075656890869,2006-09-01,29.4101886749268,29.3305149078369,27.4085006713867
21220050,Pluviométrica,Convencional,Tolima,Ibagué,4.3534,-75.0531,680,1/15/1969,,Andes,Magdalena Cauca,Alto Magdalena,Río Coello,5.81818199157715,7.9236364364624,9,9,0.518115937709808,0.822463750839233,1,1,1.08000004291534,2006,09,53,0,0,0,5,22.8770351409912,2006-09-01,26.9388771057129,47.5635108947754,54.308292388916
21220050,Pluviométrica,Convencional,Tolima,Ibagué,4.3534,-75.0531,680,1/15/1969,,Andes,Magdalena Cauca,Alto Magdalena,Río Coello,5.81818199157715,7.9236364364624,9,9,0.518115937709808,0.822463750839233,1,1,1.08000004291534,2006,09,54,0,0,0,5,9.26521778106689,2006-09-01,7.68750190734863,4.62826585769653,4.19495391845703
21220050,Pluviométrica,Convencional,Tolima,Ibagué,4.3534,-75.0531,680,1/15/1969,,Andes,Magdalena Cauca,Alto Magdalena,Río Coello,5.81818199157715,7.9236364364624,9,9,0.518115937709808,0.822463750839233,1,1,1.07000005245209,2006,10,55,0,0,0,0,28.312126159668,2006-10-01,20.4771499633789,13.3055458068848,11.405158996582
21220050,Pluviométrica,Convencional,Tolima,Ibagué,4.3534,-75.0531,680,1/15/1969,,Andes,Magdalena Cauca,Alto Magdalena,Río Coello,5.81818199157715,7.9236364364624,9,9,0.518115937709808,0.822463750839233,1,1,1.07000005245209,2006,10,56,17,17,18.1900008916855,0,13.0406608581543,2006-10-01,1.18924963474274,13.7727403640747,3.99604344367981
21220050,Pluviométrica,Convencional,Tolima,Ibagué,4.3534,-75.0531,680,1/15/1969,,Andes,Magdalena Cauca,Alto Magdalena,Río Coello,5.81818199157715,7.9236364364624,9,9,0.518115937709808,0.822463750839233,1,1,1.07000005245209,2006,10,57,44,44,47.0800023078918,0,54.9752197265625,2006-10-01,51.4851036071777,54.1352996826172,62.4456748962402
21220050,Pluviométrica,Convencional,Tolima,Ibagué,4.3534,-75.0531,680,1/15/1969,,Andes,Magdalena Cauca,Alto Magdalena,Río Coello,5.81818199157715,7.9236364364624,9,9,0.518115937709808,0.822463750839233,1,1,1.07000005245209,2006,10,58,0,0,0,0,10.0774269104004,2006-10-01,0.105805717408657,6.2357931137085,0.200921952724457
21220050,Pluviométrica,Convencional,Tolima,Ibagué,4.3534,-75.0531,680,1/15/1969,,Andes,Magdalena Cauca,Alto Magdalena,Río Coello,5.81818199157715,7.9236364364624,9,9,0.518115937709808,0.822463750839233,1,1,1.07000005245209,2006,10,59,0,0,0,0,20.5875015258789,2006-10-01,11.1547107696533,16.4696769714355,16.7053623199463
21220050,Pluviométrica,Convencional,Tolima,Ibagué,4.3534,-75.0531,680,1/15/1969,,Andes,Magdalena Cauca,Alto Magdalena,Río Coello,5.81818199157715,7.9236364364624,9,9,0.518115937709808,0.822463750839233,1,1,1.07000005245209,2006,10,60,0,0,0,0,21.9712181091309,2006-10-01,8.1785774230957,11.7663154602051,8.06054496765137
21220050,Pluviométrica,Convencional,Tolima,Ibagué,4.3534,-75.0531,680,1/15/1969,,Andes,Magdalena Cauca,Alto Magdalena,Río Coello,5.81818199157715,7.9236364364624,9,9,0.518115937709808,0.822463750839233,1,1,1.05999994277954,2006,11,61,24.7,24.7,26.1819985866547,0,34.353702545166,2006-11-01,23.4341773986816,29.2518348693848,28.864164352417
21220050,Pluviométrica,Convencional,Tolima,Ibagué,4.3534,-75.0531,680,1/15/1969,,Andes,Magdalena Cauca,Alto Magdalena,Río Coello,5.81818199157715,7.9236364364624,9,9,0.518115937709808,0.822463750839233,1,1,1.05999994277954,2006,11,62,17.5,17.5,18.549998998642,0,42.5984077453613,2006-11-01,36.9816131591797,31.4426822662354,31.9786071777344
21220050,Pluviométrica,Convencional,Tolima,Ibagué,4.3534,-75.0531,680,1/15/1969,,Andes,Magdalena Cauca,Alto Magdalena,Río Coello,5.81818199157715,7.9236364364624,9,9,0.518115937709808,0.822463750839233,1,1,1.05999994277954,2006,11,63,56.7,56.7,60.1019967556,0,54.5768890380859,2006-11-01,43.8509025573731,76.6174163818359,73.4677124023438
21220050,Pluviométrica,Convencional,Tolima,Ibagué,4.3534,-75.0531,680,1/15/1969,,Andes,Magdalena Cauca,Alto Magdalena,Río Coello,5.81818199157715,7.9236364364624,9,9,0.518115937709808,0.822463750839233,1,1,1.05999994277954,2006,11,64,17.7,17.7,18.7619989871979,0,37.3468170166016,2006-11-01,31.2899913787842,29.9727039337158,29.147798538208
21220050,Pluviométrica,Convencional,Tolima,Ibagué,4.3534,-75.0531,680,1/15/1969,,Andes,Magdalena Cauca,Alto Magdalena,Río Coello,5.81818199157715,7.9236364364624,9,9,0.518115937709808,0.822463750839233,1,1,1.05999994277954,2006,11,65,30.1,30.1,31.9059982776642,0,22.2960338592529,2006-11-01,11.9478359222412,28.9048366546631,19.6536540985107
21220050,Pluviométrica,Convencional,Tolima,Ibagué,4.3534,-75.0531,680,1/15/1969,,Andes,Magdalena Cauca,Alto Magdalena,Río Coello,5.81818199157715,7.9236364364624,9,9,0.518115937709808,0.822463750839233,1,1,1.05999994277954,2006,11,66,40,40,42.3999977111816,0,46.3096427917481,2006-11-01,39.0122299194336,47.8881721496582,46.4776077270508
21220050,Pluviométrica,Convencional,Tolima,Ibagué,4.3534,-75.0531,680,1/15/1969,,Andes,Magdalena Cauca,Alto Magdalena,Río Coello,5.81818199157715,7.9236364364624,9,9,0.518115937709808,0.822463750839233,1,1,1.08000004291534,2006,12,67,7.2,7.2,7.77600030899048,0,14.2210931777954,2006-12-01,8.93651962280273,12.7116851806641,10.1125116348267
21220050,Pluviométrica,Convencional,Tolima,Ibagué,4.3534,-75.0531,680,1/15/1969,,Andes,Magdalena Cauca,Alto Magdalena,Río Coello,5.81818199157715,7.9236364364624,9,9,0.518115937709808,0.822463750839233,1,1,1.08000004291534,2006,12,68,54.4,54.4,58.7520023345947,0,34.1495056152344,2006-12-01,44.6168022155762,43.0117645263672,44.0336418151855
21220050,Pluviométrica,Convencional,Tolima,Ibagué,4.3534,-75.0531,680,1/15/1969,,Andes,Magdalena Cauca,Alto Magdalena,Río Coello,5.81818199157715,7.9236364364624,9,9,0.518115937709808,0.822463750839233,1,1,1.08000004291534,2006,12,69,0,0,0,0,30.0367622375488,2006-12-01,35.8444366455078,22.4243431091309,22.432243347168
21220050,Pluviométrica,Convencional,Tolima,Ibagué,4.3534,-75.0531,680,1/15/1969,,Andes,Magdalena Cauca,Alto Magdalena,Río Coello,5.81818199157715,7.9236364364624,9,9,0.518115937709808,0.822463750839233,1,1,1.08000004291534,2006,12,70,36.1,36.1,38.9880015492439,0,16.4197292327881,2006-12-01,14.0927610397339,22.2410774230957,30.7899570465088
21220050,Pluviométrica,Convencional,Tolima,Ibagué,4.3534,-75.0531,680,1/15/1969,,Andes,Magdalena Cauca,Alto Magdalena,Río Coello,5.81818199157715,7.9236364364624,9,9,0.518115937709808,0.822463750839233,1,1,1.08000004291534,2006,12,71,0,0,0,0,22.0721187591553,2006-12-01,25.541446685791,17.3172492980957,20.2907733917236
21220050,Pluviométrica,Convencional,Tolima,Ibagué,4.3534,-75.0531,680,1/15/1969,,Andes,Magdalena Cauca,Alto Magdalena,Río Coello,5.81818199157715,7.9236364364624,9,9,0.518115937709808,0.822463750839233,1,1,1.08000004291534,2006,12,72,0,0,0,0,15.0027151107788,2006-12-01,2.32020092010498,7.14623594284058,2.56267809867859
21220050,Pluviométrica,Convencional,Tolima,Ibagué,4.3534,-75.0531,680,1/15/1969,,Andes,Magdalena Cauca,Alto Magdalena,Río Coello,5.81818199157715,7.9236364364624,9,9,0.518115937709808,0.822463750839233,1,1,1.08000004291534,2007,01,1,0,0,0,0,5.65598297119141,2007-01-01,1.55356311798096,3.53581285476685,1.22693288326263
21220050,Pluviométrica,Convencional,Tolima,Ibagué,4.3534,-75.0531,680,1/15/1969,,Andes,Magdalena Cauca,Alto Magdalena,Río Coello,5.81818199157715,7.9236364364624,9,9,0.518115937709808,0.822463750839233,1,1,1.08000004291534,2007,01,2,4,4,4.32000017166138,0,5.62424612045288,2007-01-01,1.00298309326172,11.6556348800659,4.46069288253784
21220050,Pluviométrica,Convencional,Tolima,Ibagué,4.3534,-75.0531,680,1/15/1969,,Andes,Magdalena Cauca,Alto Magdalena,Río Coello,5.81818199157715,7.9236364364624,9,9,0.518115937709808,0.822463750839233,1,1,1.08000004291534,2007,01,3,1,1,1.08000004291534,0,7.9144926071167,2007-01-01,4.08871936798096,12.3561344146729,10.3304166793823
21220050,Pluviométrica,Convencional,Tolima,Ibagué,4.3534,-75.0531,680,1/15/1969,,Andes,Magdalena Cauca,Alto Magdalena,Río Coello,5.81818199157715,7.9236364364624,9,9,0.518115937709808,0.822463750839233,1,1,1.08000004291534,2007,01,4,10,10,10.8000004291534,0,13.7476091384888,2007-01-01,11.2710514068604,32.7278060913086,29.1127986907959
21220050,Pluviométrica,Convencional,Tolima,Ibagué,4.3534,-75.0531,680,1/15/1969,,Andes,Magdalena Cauca,Alto Magdalena,Río Coello,5.81818199157715,7.9236364364624,9,9,0.518115937709808,0.822463750839233,1,1,1.08000004291534,2007,01,5,16.5,16.5,17.8200007081032,0,20.2240695953369,2007-01-01,21.7653503417969,23.8598861694336,27.3997459411621
21220050,Pluviométrica,Convencional,Tolima,Ibagué,4.3534,-75.0531,680,1/15/1969,,Andes,Magdalena Cauca,Alto Magdalena,Río Coello,5.81818199157715,7.9236364364624,9,9,0.518115937709808,0.822463750839233,1,1,1.08000004291534,2007,01,6,9,9,9.7200003862381,0,18.5147590637207,2007-01-01,14.495189666748,12.7567501068115,11.1647243499756
21220050,Pluviométrica,Convencional,Tolima,Ibagué,4.3534,-75.0531,680,1/15/1969,,Andes,Magdalena Cauca,Alto Magdalena,Río Coello,5.81818199157715,7.9236364364624,9,9,0.518115937709808,0.822463750839233,1,1,1.08000004291534,2007,02,7,15.5,15.5,16.7400006651878,0,8.17726802825928,2007-02-01,0,3.8051745891571,0
21220050,Pluviométrica,Convencional,Tolima,Ibagué,4.3534,-75.0531,680,1/15/1969,,Andes,Magdalena Cauca,Alto Magdalena,Río Coello,5.81818199157715,7.9236364364624,9,9,0.518115937709808,0.822463750839233,1,1,1.08000004291534,2007,02,8,36.5,36.5,39.4200015664101,0,8.12928199768066,2007-02-01,0.55823028087616,4.78061199188232,0.961594998836517
21220050,Pluviométrica,Convencional,Tolima,Ibagué,4.3534,-75.0531,680,1/15/1969,,Andes,Magdalena Cauca,Alto Magdalena,Río Coello,5.81818199157715,7.9236364364624,9,9,0.518115937709808,0.822463750839233,1,1,1.08000004291534,2007,02,9,0,0,0,0,12.9333372116089,2007-02-01,11.6074733734131,5.2679295539856,7.49111604690552
21220050,Pluviométrica,Convencional,Tolima,Ibagué,4.3534,-75.0531,680,1/15/1969,,Andes,Magdalena Cauca,Alto Magdalena,Río Coello,5.81818199157715,7.9236364364624,9,9,0.518115937709808,0.822463750839233,1,1,1.08000004291534,2007,02,10,0,0,0,0,8.45481109619141,2007-02-01,0,3.46716475486755,0
21220050,Pluviométrica,Convencional,Tolima,Ibagué,4.3534,-75.0531,680,1/15/1969,,Andes,Magdalena Cauca,Alto Magdalena,Río Coello,5.81818199157715,7.9236364364624,9,9,0.518115937709808,0.822463750839233,1,1,1.08000004291534,2007,02,11,0,0,0,0,9.0906457901001,2007-02-01,0.95016223192215,4.18361377716064,1.28430795669556
21220050,Pluviométrica,Convencional,Tolima,Ibagué,4.3534,-75.0531,680,1/15/1969,,Andes,Magdalena Cauca,Alto Magdalena,Río Coello,5.81818199157715,7.9236364364624,9,9,0.518115937709808,0.822463750839233,1,1,1.08000004291534,2007,02,12,0,0,0,0,6.9418215751648,2007-02-01,7.04798555374146,2.57665610313416,4.38852024078369
21220050,Pluviométrica,Convencional,Tolima,Ibagué,4.3534,-75.0531,680,1/15/1969,,Andes,Magdalena Cauca,Alto Magdalena,Río Coello,5.81818199157715,7.9236364364624,9,9,0.518115937709808,0.822463750839233,1,1,1.07000005245209,2007,03,13,0,0,0,0,10.1794672012329,2007-03-01,3.66055011749268,7.90850353240967,7.30113506317139
21220050,Pluviométrica,Convencional,Tolima,Ibagué,4.3534,-75.0531,680,1/15/1969,,Andes,Magdalena Cauca,Alto Magdalena,Río Coello,5.81818199157715,7.9236364364624,9,9,0.518115937709808,0.822463750839233,1,1,1.07000005245209,2007,03,14,0,0,0,0,37.2194328308106,2007-03-01,31.153076171875,41.1917572021484,38.9083671569824
21220050,Pluviométrica,Convencional,Tolima,Ibagué,4.3534,-75.0531,680,1/15/1969,,Andes,Magdalena Cauca,Alto Magdalena,Río Coello,5.81818199157715,7.9236364364624,9,9,0.518115937709808,0.822463750839233,1,1,1.07000005245209,2007,03,15,0,0,0,0,24.750919342041,2007-03-01,16.183895111084,17.7460269927979,14.0011196136475
21220050,Pluviométrica,Convencional,Tolima,Ibagué,4.3534,-75.0531,680,1/15/1969,,Andes,Magdalena Cauca,Alto Magdalena,Río Coello,5.81818199157715,7.9236364364624,9,9,0.518115937709808,0.822463750839233,1,1,1.07000005245209,2007,03,16,3,3,3.21000015735626,0,19.0023574829102,2007-03-01,8.70943641662598,15.060977935791,8.9688663482666
21220050,Pluviométrica,Convencional,Tolima,Ibagué,4.3534,-75.0531,680,1/15/1969,,Andes,Magdalena Cauca,Alto Magdalena,Río Coello,5.81818199157715,7.9236364364624,9,9,0.518115937709808,0.822463750839233,1,1,1.07000005245209,2007,03,17,108,108,115.560005664825,0,36.8778648376465,2007-03-01,37.2269859313965,64.402458190918,61.9898643493652
21220050,Pluviométrica,Convencional,Tolima,Ibagué,4.3534,-75.0531,680,1/15/1969,,Andes,Magdalena Cauca,Alto Magdalena,Río Coello,5.81818199157715,7.9236364364624,9,9,0.518115937709808,0.822463750839233,1,1,1.07000005245209,2007,03,18,1.8,1.8,1.92600009441376,0,35.1142425537109,2007-03-01,27.8992462158203,61.9060897827148,55.736026763916
21220050,Pluviométrica,Convencional,Tolima,Ibagué,4.3534,-75.0531,680,1/15/1969,,Andes,Magdalena Cauca,Alto Magdalena,Río Coello,5.81818199157715,7.9236364364624,9,9,0.518115937709808,0.822463750839233,1,1,1.05999994277954,2007,04,19,26,26,27.5599985122681,0,48.0928459167481,2007-04-01,47.8173789978027,44.3456115722656,44.8511657714844
21220050,Pluviométrica,Convencional,Tolima,Ibagué,4.3534,-75.0531,680,1/15/1969,,Andes,Magdalena Cauca,Alto Magdalena,Río Coello,5.81818199157715,7.9236364364624,9,9,0.518115937709808,0.822463750839233,1,1,1.05999994277954,2007,04,20,15.5,15.5,16.4299991130829,0,20.7074565887451,2007-04-01,21.5045280456543,21.9940338134766,27.2749423980713
21220050,Pluviométrica,Convencional,Tolima,Ibagué,4.3534,-75.0531,680,1/15/1969,,Andes,Magdalena Cauca,Alto Magdalena,Río Coello,5.81818199157715,7.9236364364624,9,9,0.518115937709808,0.822463750839233,1,1,1.05999994277954,2007,04,21,43,43,45.5799975395203,0,18.892463684082,2007-04-01,18.8334503173828,37.3697395324707,42.7328109741211
21220050,Pluviométrica,Convencional,Tolima,Ibagué,4.3534,-75.0531,680,1/15/1969,,Andes,Magdalena Cauca,Alto Magdalena,Río Coello,5.81818199157715,7.9236364364624,9,9,0.518115937709808,0.822463750839233,1,1,1.05999994277954,2007,04,22,64,64,67.8399963378906,0,67.3091506958008,2007-04-01,72.8081207275391,82.1670074462891,84.869270324707
21220050,Pluviométrica,Convencional,Tolima,Ibagué,4.3534,-75.0531,680,1/15/1969,,Andes,Magdalena Cauca,Alto Magdalena,Río Coello,5.81818199157715,7.9236364364624,9,9,0.518115937709808,0.822463750839233,1,1,1.05999994277954,2007,04,23,16,16,16.9599990844727,0,22.2019844055176,2007-04-01,18.8656101226807,36.6370811462402,35.8521995544434
21220050,Pluviométrica,Convencional,Tolima,Ibagué,4.3534,-75.0531,680,1/15/1969,,Andes,Magdalena Cauca,Alto Magdalena,Río Coello,5.81818199157715,7.9236364364624,9,9,0.518115937709808,0.822463750839233,1,1,1.05999994277954,2007,04,24,72.5,72.5,76.8499958515167,0,15.1980409622192,2007-04-01,11.0338335037231,35.9773063659668,31.4404525756836
21220050,Pluviométrica,Convencional,Tolima,Ibagué,4.3534,-75.0531,680,1/15/1969,,Andes,Magdalena Cauca,Alto Magdalena,Río Coello,5.81818199157715,7.9236364364624,9,9,0.518115937709808,0.822463750839233,1,1,1.05999994277954,2007,05,25,90,90,95.3999948501587,0,14.8961544036865,2007-05-01,16.2381134033203,32.4176559448242,37.4919052124023
21220050,Pluviométrica,Convencional,Tolima,Ibagué,4.3534,-75.0531,680,1/15/1969,,Andes,Magdalena Cauca,Alto Magdalena,Río Coello,5.81818199157715,7.9236364364624,9,9,0.518115937709808,0.822463750839233,1,1,1.05999994277954,2007,05,26,157,157,166.419991016388,0,75.3290710449219,2007-05-01,80.9933624267578,85.3229904174805,85.4583129882813
21220050,Pluviométrica,Convencional,Tolima,Ibagué,4.3534,-75.0531,680,1/15/1969,,Andes,Magdalena Cauca,Alto Magdalena,Río Coello,5.81818199157715,7.9236364364624,9,9,0.518115937709808,0.822463750839233,1,1,1.05999994277954,2007,05,27,17,17,18.0199990272522,0,10.5133495330811,2007-05-01,9.43447113037109,12.9978084564209,15.5153369903564
21220050,Pluviométrica,Convencional,Tolima,Ibagué,4.3534,-75.0531,680,1/15/1969,,Andes,Magdalena Cauca,Alto Magdalena,Río Coello,5.81818199157715,7.9236364364624,9,9,0.518115937709808,0.822463750839233,1,1,1.05999994277954,2007,05,28,90.5,90.5,95.9299948215485,0,32.9683074951172,2007-05-01,29.5837383270264,73.4592132568359,73.436408996582
21220050,Pluviométrica,Convencional,Tolima,Ibagué,4.3534,-75.0531,680,1/15/1969,,Andes,Magdalena Cauca,Alto Magdalena,Río Coello,5.81818199157715,7.9236364364624,9,9,0.518115937709808,0.822463750839233,1,1,1.05999994277954,2007,05,29,23.5,23.5,24.9099986553192,0,51.262882232666,2007-05-01,53.5259704589844,36.1266021728516,37.2889938354492
21220050,Pluviométrica,Convencional,Tolima,Ibagué,4.3534,-75.0531,680,1/15/1969,,Andes,Magdalena Cauca,Alto Magdalena,Río Coello,5.81818199157715,7.9236364364624,9,9,0.518115937709808,0.822463750839233,1,1,1.05999994277954,2007,05,30,15.5,15.5,16.4299991130829,0,35.7840003967285,2007-05-01,33.1409225463867,34.2983283996582,33.9674491882324
21220050,Pluviométrica,Convencional,Tolima,Ibagué,4.3534,-75.0531,680,1/15/1969,,Andes,Magdalena Cauca,Alto Magdalena,Río Coello,5.81818199157715,7.9236364364624,9,9,0.518115937709808,0.822463750839233,1,1,1.08000004291534,2007,06,31,63,63,68.0400027036667,0,14.9050989151001,2007-06-01,10.0816478729248,31.2415142059326,25.2108173370361
21220050,Pluviométrica,Convencional,Tolima,Ibagué,4.3534,-75.0531,680,1/15/1969,,Andes,Magdalena Cauca,Alto Magdalena,Río Coello,5.81818199157715,7.9236364364624,9,9,0.518115937709808,0.822463750839233,1,1,1.08000004291534,2007,06,32,0,0,0,0,14.4488801956177,2007-06-01,8.02354145050049,12.890513420105,8.13537502288818
21220050,Pluviométrica,Convencional,Tolima,Ibagué,4.3534,-75.0531,680,1/15/1969,,Andes,Magdalena Cauca,Alto Magdalena,Río Coello,5.81818199157715,7.9236364364624,9,9,0.518115937709808,0.822463750839233,1,1,1.08000004291534,2007,06,33,0,0,0,0,5.80432558059692,2007-06-01,0,3.46750593185425,0
21220050,Pluviométrica,Convencional,Tolima,Ibagué,4.3534,-75.0531,680,1/15/1969,,Andes,Magdalena Cauca,Alto Magdalena,Río Coello,5.81818199157715,7.9236364364624,9,9,0.518115937709808,0.822463750839233,1,1,1.08000004291534,2007,06,34,0,0,0,0,6.16898441314697,2007-06-01,0.539234220981598,3.71108675003052,0.730620205402374
21220050,Pluviométrica,Convencional,Tolima,Ibagué,4.3534,-75.0531,680,1/15/1969,,Andes,Magdalena Cauca,Alto Magdalena,Río Coello,5.81818199157715,7.9236364364624,9,9,0.518115937709808,0.822463750839233,1,1,1.08000004291534,2007,06,35,0,0,0,0,6.1700029373169,2007-06-01,0.655797123908997,5.48284721374512,1.25357472896576
21220050,Pluviométrica,Convencional,Tolima,Ibagué,4.3534,-75.0531,680,1/15/1969,,Andes,Magdalena Cauca,Alto Magdalena,Río Coello,5.81818199157715,7.9236364364624,9,9,0.518115937709808,0.822463750839233,1,1,1.08000004291534,2007,06,36,0,0,0,0,5.7918643951416,2007-06-01,0.766077995300293,3.50184941291809,0.919615149497986
21220050,Pluviométrica,Convencional,Tolima,Ibagué,4.3534,-75.0531,680,1/15/1969,,Andes,Magdalena Cauca,Alto Magdalena,Río Coello,5.81818199157715,7.9236364364624,9,9,0.518115937709808,0.822463750839233,1,1,1.0900000333786,2007,07,37,0,0,0,0,3.13197827339172,2007-07-01,0.366463214159012,2.04529690742493,0.421811819076538
21220050,Pluviométrica,Convencional,Tolima,Ibagué,4.3534,-75.0531,680,1/15/1969,,Andes,Magdalena Cauca,Alto Magdalena,Río Coello,5.81818199157715,7.9236364364624,9,9,0.518115937709808,0.822463750839233,1,1,1.0900000333786,2007,07,38,0,0,0,0,14.9604568481445,2007-07-01,20.3275928497314,10.7626848220825,12.3764686584473
21220050,Pluviométrica,Convencional,Tolima,Ibagué,4.3534,-75.0531,680,1/15/1969,,Andes,Magdalena Cauca,Alto Magdalena,Río Coello,5.81818199157715,7.9236364364624,9,9,0.518115937709808,0.822463750839233,1,1,1.0900000333786,2007,07,39,55,55,59.9500018358231,0,6.51835870742798,2007-07-01,5.03851795196533,11.24342918396,15.7673578262329
21220050,Pluviométrica,Convencional,Tolima,Ibagué,4.3534,-75.0531,680,1/15/1969,,Andes,Magdalena Cauca,Alto Magdalena,Río Coello,5.81818199157715,7.9236364364624,9,9,0.518115937709808,0.822463750839233,1,1,1.0900000333786,2007,07,40,16,16,17.4400005340576,0,14.0061531066895,2007-07-01,12.8170890808105,29.0328979492188,31.0689029693604
21220050,Pluviométrica,Convencional,Tolima,Ibagué,4.3534,-75.0531,680,1/15/1969,,Andes,Magdalena Cauca,Alto Magdalena,Río Coello,5.81818199157715,7.9236364364624,9,9,0.518115937709808,0.822463750839233,1,1,1.0900000333786,2007,07,41,11,11,11.9900003671646,0,15.844277381897,2007-07-01,16.3356418609619,26.2362213134766,26.5149879455566
21220050,Pluviométrica,Convencional,Tolima,Ibagué,4.3534,-75.0531,680,1/15/1969,,Andes,Magdalena Cauca,Alto Magdalena,Río Coello,5.81818199157715,7.9236364364624,9,9,0.518115937709808,0.822463750839233,1,1,1.0900000333786,2007,07,42,30,30,32.700001001358,0,18.0286273956299,2007-07-01,15.3956203460693,31.8193111419678,26.5426559448242
21220050,Pluviométrica,Convencional,Tolima,Ibagué,4.3534,-75.0531,680,1/15/1969,,Andes,Magdalena Cauca,Alto Magdalena,Río Coello,5.81818199157715,7.9236364364624,9,9,0.518115937709808,0.822463750839233,1,1,1.08000004291534,2007,08,43,0,0,0,0,1.33251869678497,2007-08-01,0.561066567897797,1.31926536560059,0.685995817184448
21220050,Pluviométrica,Convencional,Tolima,Ibagué,4.3534,-75.0531,680,1/15/1969,,Andes,Magdalena Cauca,Alto Magdalena,Río Coello,5.81818199157715,7.9236364364624,9,9,0.518115937709808,0.822463750839233,1,1,1.08000004291534,2007,08,44,0,0,0,0,1.33744728565216,2007-08-01,0,1.11567139625549,0
21220050,Pluviométrica,Convencional,Tolima,Ibagué,4.3534,-75.0531,680,1/15/1969,,Andes,Magdalena Cauca,Alto Magdalena,Río Coello,5.81818199157715,7.9236364364624,9,9,0.518115937709808,0.822463750839233,1,1,1.08000004291534,2007,08,45,0,0,0,0,11.9781227111816,2007-08-01,9.44747734069824,7.07074594497681,5.45819902420044
21220050,Pluviométrica,Convencional,Tolima,Ibagué,4.3534,-75.0531,680,1/15/1969,,Andes,Magdalena Cauca,Alto Magdalena,Río Coello,5.81818199157715,7.9236364364624,9,9,0.518115937709808,0.822463750839233,1,1,1.08000004291534,2007,08,46,0,0,0,0,6.1223669052124,2007-08-01,5.89389419555664,6.82891464233398,9.59839916229248
21220050,Pluviométrica,Convencional,Tolima,Ibagué,4.3534,-75.0531,680,1/15/1969,,Andes,Magdalena Cauca,Alto Magdalena,Río Coello,5.81818199157715,7.9236364364624,9,9,0.518115937709808,0.822463750839233,1,1,1.08000004291534,2007,08,47,17,17,18.3600007295609,0,22.3232727050781,2007-08-01,24.4102897644043,29.0929279327393,29.9532318115234
21220050,Pluviométrica,Convencional,Tolima,Ibagué,4.3534,-75.0531,680,1/15/1969,,Andes,Magdalena Cauca,Alto Magdalena,Río Coello,5.81818199157715,7.9236364364624,9,9,0.518115937709808,0.822463750839233,1,1,1.08000004291534,2007,08,48,0,0,0,0,17.6717338562012,2007-08-01,17.166898727417,12.8032722473145,12.1092233657837
21220050,Pluviométrica,Convencional,Tolima,Ibagué,4.3534,-75.0531,680,1/15/1969,,Andes,Magdalena Cauca,Alto Magdalena,Río Coello,5.81818199157715,7.9236364364624,9,9,0.518115937709808,0.822463750839233,1,1,1.08000004291534,2007,09,49,0,0,0,0,11.3216581344604,2007-09-01,11.1220846176147,4.32493686676025,5.68595027923584
21220050,Pluviométrica,Convencional,Tolima,Ibagué,4.3534,-75.0531,680,1/15/1969,,Andes,Magdalena Cauca,Alto Magdalena,Río Coello,5.81818199157715,7.9236364364624,9,9,0.518115937709808,0.822463750839233,1,1,1.08000004291534,2007,09,50,0,0,0,0,4.32924318313599,2007-09-01,2.98690462112427,5.05731201171875,4.70261526107788
21220050,Pluviométrica,Convencional,Tolima,Ibagué,4.3534,-75.0531,680,1/15/1969,,Andes,Magdalena Cauca,Alto Magdalena,Río Coello,5.81818199157715,7.9236364364624,9,9,0.518115937709808,0.822463750839233,1,1,1.08000004291534,2007,09,51,16,16,17.2800006866455,0,19.6294040679932,2007-09-01,23.1315097808838,25.0294399261475,24.9522705078125
21220050,Pluviométrica,Convencional,Tolima,Ibagué,4.3534,-75.0531,680,1/15/1969,,Andes,Magdalena Cauca,Alto Magdalena,Río Coello,5.81818199157715,7.9236364364624,9,9,0.518115937709808,0.822463750839233,1,1,1.08000004291534,2007,09,52,0,0,0,0,16.0898628234863,2007-09-01,22.1629257202148,13.6538057327271,15.2892541885376
21220050,Pluviométrica,Convencional,Tolima,Ibagué,4.3534,-75.0531,680,1/15/1969,,Andes,Magdalena Cauca,Alto Magdalena,Río Coello,5.81818199157715,7.9236364364624,9,9,0.518115937709808,0.822463750839233,1,1,1.08000004291534,2007,09,53,30,30,32.4000012874603,0,14.0639753341675,2007-09-01,14.3387241363525,15.8010263442993,15.0445699691772
21220050,Pluviométrica,Convencional,Tolima,Ibagué,4.3534,-75.0531,680,1/15/1969,,Andes,Magdalena Cauca,Alto Magdalena,Río Coello,5.81818199157715,7.9236364364624,9,9,0.518115937709808,0.822463750839233,1,1,1.08000004291534,2007,09,54,2,2,2.16000008583069,0,12.5230197906494,2007-09-01,12.2893934249878,7.37021350860596,7.72592258453369
21220050,Pluviométrica,Convencional,Tolima,Ibagué,4.3534,-75.0531,680,1/15/1969,,Andes,Magdalena Cauca,Alto Magdalena,Río Coello,5.81818199157715,7.9236364364624,9,9,0.518115937709808,0.822463750839233,1,1,1.07000005245209,2007,10,55,0,0,0,0,29.3327255249023,2007-10-01,26.2885913848877,15.1852931976318,16.2714328765869
21220050,Pluviométrica,Convencional,Tolima,Ibagué,4.3534,-75.0531,680,1/15/1969,,Andes,Magdalena Cauca,Alto Magdalena,Río Coello,5.81818199157715,7.9236364364624,9,9,0.518115937709808,0.822463750839233,1,1,1.07000005245209,2007,10,56,35,35,37.4500018358231,0,56.0915908813477,2007-10-01,51.3535766601563,43.7218055725098,47.7995491027832
21220050,Pluviométrica,Convencional,Tolima,Ibagué,4.3534,-75.0531,680,1/15/1969,,Andes,Magdalena Cauca,Alto Magdalena,Río Coello,5.81818199157715,7.9236364364624,9,9,0.518115937709808,0.822463750839233,1,1,1.07000005245209,2007,10,57,49,49,52.4300025701523,0,34.5475120544434,2007-10-01,26.4053897857666,31.1716709136963,32.2979469299316
21220050,Pluviométrica,Convencional,Tolima,Ibagué,4.3534,-75.0531,680,1/15/1969,,Andes,Magdalena Cauca,Alto Magdalena,Río Coello,5.81818199157715,7.9236364364624,9,9,0.518115937709808,0.822463750839233,1,1,1.07000005245209,2007,10,58,70,70,74.9000036716461,0,66.6802673339844,2007-10-01,72.0758438110352,80.6282577514648,90.8994750976563
21220050,Pluviométrica,Convencional,Tolima,Ibagué,4.3534,-75.0531,680,1/15/1969,,Andes,Magdalena Cauca,Alto Magdalena,Río Coello,5.81818199157715,7.9236364364624,9,9,0.518115937709808,0.822463750839233,1,1,1.07000005245209,2007,10,59,0,0,0,0,30.279333114624,2007-10-01,20.7729358673096,26.8959007263184,25.6155681610107
21220050,Pluviométrica,Convencional,Tolima,Ibagué,4.3534,-75.0531,680,1/15/1969,,Andes,Magdalena Cauca,Alto Magdalena,Río Coello,5.81818199157715,7.9236364364624,9,9,0.518115937709808,0.822463750839233,1,1,1.07000005245209,2007,10,60,69.5,69.5,74.3650036454201,0,19.485710144043,2007-10-01,4.10692644119263,38.9242897033691,11.2512998580933
21220050,Pluviométrica,Convencional,Tolima,Ibagué,4.3534,-75.0531,680,1/15/1969,,Andes,Magdalena Cauca,Alto Magdalena,Río Coello,5.81818199157715,7.9236364364624,9,9,0.518115937709808,0.822463750839233,1,1,1.05999994277954,2007,11,61,0,0,0,0,20.128978729248,2007-11-01,9.93450355529785,14.1517362594605,10.3301477432251
21220050,Pluviométrica,Convencional,Tolima,Ibagué,4.3534,-75.0531,680,1/15/1969,,Andes,Magdalena Cauca,Alto Magdalena,Río Coello,5.81818199157715,7.9236364364624,9,9,0.518115937709808,0.822463750839233,1,1,1.05999994277954,2007,11,62,58,58,61.4799966812134,0,34.9837875366211,2007-11-01,23.9952011108398,59.7498168945313,55.036548614502
21220050,Pluviométrica,Convencional,Tolima,Ibagué,4.3534,-75.0531,680,1/15/1969,,Andes,Magdalena Cauca,Alto Magdalena,Río Coello,5.81818199157715,7.9236364364624,9,9,0.518115937709808,0.822463750839233,1,1,1.05999994277954,2007,11,63,23,23,24.3799986839294,0,27.5563449859619,2007-11-01,10.7097768783569,25.6005535125732,15.1872644424438
21220050,Pluviométrica,Convencional,Tolima,Ibagué,4.3534,-75.0531,680,1/15/1969,,Andes,Magdalena Cauca,Alto Magdalena,Río Coello,5.81818199157715,7.9236364364624,9,9,0.518115937709808,0.822463750839233,1,1,1.05999994277954,2007,11,64,0,0,0,0,34.7320213317871,2007-11-01,22.8346042633057,16.1397666931152,12.0744686126709
21220050,Pluviométrica,Convencional,Tolima,Ibagué,4.3534,-75.0531,680,1/15/1969,,Andes,Magdalena Cauca,Alto Magdalena,Río Coello,5.81818199157715,7.9236364364624,9,9,0.518115937709808,0.822463750839233,1,1,1.05999994277954,2007,11,65,8.5,8.5,9.0099995136261,0,37.1010360717773,2007-11-01,27.8204536437988,25.485200881958,27.82177734375
21220050,Pluviométrica,Convencional,Tolima,Ibagué,4.3534,-75.0531,680,1/15/1969,,Andes,Magdalena Cauca,Alto Magdalena,Río Coello,5.81818199157715,7.9236364364624,9,9,0.518115937709808,0.822463750839233,1,1,1.05999994277954,2007,11,66,0,0,0,0,10.1362714767456,2007-11-01,0,7.75325679779053,0
21220050,Pluviométrica,Convencional,Tolima,Ibagué,4.3534,-75.0531,680,1/15/1969,,Andes,Magdalena Cauca,Alto Magdalena,Río Coello,5.81818199157715,7.9236364364624,9,9,0.518115937709808,0.822463750839233,1,1,1.08000004291534,2007,12,67,0,0,0,0,9.56973838806152,2007-12-01,0.978903591632843,6.93490695953369,1.32634687423706
21220050,Pluviométrica,Convencional,Tolima,Ibagué,4.3534,-75.0531,680,1/15/1969,,Andes,Magdalena Cauca,Alto Magdalena,Río Coello,5.81818199157715,7.9236364364624,9,9,0.518115937709808,0.822463750839233,1,1,1.08000004291534,2007,12,68,3.2,3.2,3.4560001373291,0,17.1859188079834,2007-12-01,12.7864065170288,14.8677997589111,12.3120603561401
21220050,Pluviométrica,Convencional,Tolima,Ibagué,4.3534,-75.0531,680,1/15/1969,,Andes,Magdalena Cauca,Alto Magdalena,Río Coello,5.81818199157715,7.9236364364624,9,9,0.518115937709808,0.822463750839233,1,1,1.08000004291534,2007,12,69,34.5,34.5,37.2600014805794,0,20.3001136779785,2007-12-01,19.8887252807617,32.49267578125,36.0625457763672
21220050,Pluviométrica,Convencional,Tolima,Ibagué,4.3534,-75.0531,680,1/15/1969,,Andes,Magdalena Cauca,Alto Magdalena,Río Coello,5.81818199157715,7.9236364364624,9,9,0.518115937709808,0.822463750839233,1,1,1.08000004291534,2007,12,70,0,0,0,0,19.331262588501,2007-12-01,19.2927703857422,20.1041507720947,22.8637599945068
21220050,Pluviométrica,Convencional,Tolima,Ibagué,4.3534,-75.0531,680,1/15/1969,,Andes,Magdalena Cauca,Alto Magdalena,Río Coello,5.81818199157715,7.9236364364624,9,9,0.518115937709808,0.822463750839233,1,1,1.08000004291534,2007,12,71,16.8,16.8,18.1440007209778,0,13.5416650772095,2007-12-01,11.4818468093872,10.9387741088867,11.782886505127
21220050,Pluviométrica,Convencional,Tolima,Ibagué,4.3534,-75.0531,680,1/15/1969,,Andes,Magdalena Cauca,Alto Magdalena,Río Coello,5.81818199157715,7.9236364364624,9,9,0.518115937709808,0.822463750839233,1,1,1.08000004291534,2007,12,72,38.2,38.2,41.2560016393662,0,26.4567527770996,2007-12-01,17.9909801483154,26.1671600341797,22.7628116607666
21220050,Pluviométrica,Convencional,Tolima,Ibagué,4.3534,-75.0531,680,1/15/1969,,Andes,Magdalena Cauca,Alto Magdalena,Río Coello,5.81818199157715,7.9236364364624,9,9,0.518115937709808,0.822463750839233,1,1,1.08000004291534,2008,01,1,2,2,2.16000008583069,0,6.84044885635376,2008-01-01,1.55356311798096,7.93957662582398,3.27326464653015
21220050,Pluviométrica,Convencional,Tolima,Ibagué,4.3534,-75.0531,680,1/15/1969,,Andes,Magdalena Cauca,Alto Magdalena,Río Coello,5.81818199157715,7.9236364364624,9,9,0.518115937709808,0.822463750839233,1,1,1.08000004291534,2008,01,2,24,24,25.9200010299683,0,11.5133457183838,2008-01-01,9.87991714477539,17.3968601226807,15.8277425765991
21220050,Pluviométrica,Convencional,Tolima,Ibagué,4.3534,-75.0531,680,1/15/1969,,Andes,Magdalena Cauca,Alto Magdalena,Río Coello,5.81818199157715,7.9236364364624,9,9,0.518115937709808,0.822463750839233,1,1,1.08000004291534,2008,01,3,5.4,5.4,5.83200023174286,0,5.57815647125244,2008-01-01,0.587421715259552,9.64638996124268,2.75803661346436
21220050,Pluviométrica,Convencional,Tolima,Ibagué,4.3534,-75.0531,680,1/15/1969,,Andes,Magdalena Cauca,Alto Magdalena,Río Coello,5.81818199157715,7.9236364364624,9,9,0.518115937709808,0.822463750839233,1,1,1.08000004291534,2008,01,4,4,4,4.32000017166138,0,27.757755279541,2008-01-01,26.1223869323731,32.2403831481934,31.6144752502441
21220050,Pluviométrica,Convencional,Tolima,Ibagué,4.3534,-75.0531,680,1/15/1969,,Andes,Magdalena Cauca,Alto Magdalena,Río Coello,5.81818199157715,7.9236364364624,9,9,0.518115937709808,0.822463750839233,1,1,1.08000004291534,2008,01,5,47.6,47.6,51.4080020427704,0,5.43301773071289,2008-01-01,0.739561557769775,10.3651418685913,3.70207929611206
21220050,Pluviométrica,Convencional,Tolima,Ibagué,4.3534,-75.0531,680,1/15/1969,,Andes,Magdalena Cauca,Alto Magdalena,Río Coello,5.81818199157715,7.9236364364624,9,9,0.518115937709808,0.822463750839233,1,1,1.08000004291534,2008,01,6,0,0,0,0,22.620491027832,2008-01-01,17.8050212860107,19.0069980621338,20.8116207122803
21220050,Pluviométrica,Convencional,Tolima,Ibagué,4.3534,-75.0531,680,1/15/1969,,Andes,Magdalena Cauca,Alto Magdalena,Río Coello,5.81818199157715,7.9236364364624,9,9,0.518115937709808,0.822463750839233,1,1,1.08000004291534,2008,02,7,0,0,0,0,8.17726802825928,2008-02-01,0,3.32121086120605,0
21220050,Pluviométrica,Convencional,Tolima,Ibagué,4.3534,-75.0531,680,1/15/1969,,Andes,Magdalena Cauca,Alto Magdalena,Río Coello,5.81818199157715,7.9236364364624,9,9,0.518115937709808,0.822463750839233,1,1,1.08000004291534,2008,02,8,39.6,39.6,42.7680016994476,0,8.12928199768066,2008-02-01,2.25133728981018,15.6742572784424,8.34951782226563
21220050,Pluviométrica,Convencional,Tolima,Ibagué,4.3534,-75.0531,680,1/15/1969,,Andes,Magdalena Cauca,Alto Magdalena,Río Coello,5.81818199157715,7.9236364364624,9,9,0.518115937709808,0.822463750839233,1,1,1.08000004291534,2008,02,9,43.7,43.7,47.1960018754005,0,13.737099647522,2008-02-01,11.6074733734131,24.99338722229,24.9391574859619
21220050,Pluviométrica,Convencional,Tolima,Ibagué,4.3534,-75.0531,680,1/15/1969,,Andes,Magdalena Cauca,Alto Magdalena,Río Coello,5.81818199157715,7.9236364364624,9,9,0.518115937709808,0.822463750839233,1,1,1.08000004291534,2008,02,10,6,6,6.48000025749207,0,26.8876934051514,2008-02-01,30.8450088500977,30.0444812774658,32.9207077026367
21220050,Pluviométrica,Convencional,Tolima,Ibagué,4.3534,-75.0531,680,1/15/1969,,Andes,Magdalena Cauca,Alto Magdalena,Río Coello,5.81818199157715,7.9236364364624,9,9,0.518115937709808,0.822463750839233,1,1,1.08000004291534,2008,02,11,0,0,0,0,17.2323875427246,2008-02-01,14.6217927932739,16.5795764923096,14.4121208190918
21220050,Pluviométrica,Convencional,Tolima,Ibagué,4.3534,-75.0531,680,1/15/1969,,Andes,Magdalena Cauca,Alto Magdalena,Río Coello,5.81818199157715,7.9236364364624,9,9,0.518115937709808,0.822463750839233,1,1,1.08000004291534,2008,02,12,0,0,0,0,6.78755855560303,2008-02-01,5.67739725112915,4.89719915390015,4.22182655334473
21220050,Pluviométrica,Convencional,Tolima,Ibagué,4.3534,-75.0531,680,1/15/1969,,Andes,Magdalena Cauca,Alto Magdalena,Río Coello,5.81818199157715,7.9236364364624,9,9,0.518115937709808,0.822463750839233,1,1,1.07000005245209,2008,03,13,0,0,0,0,16.8287696838379,2008-03-01,7.77955102920532,11.6398649215698,9.3909912109375
21220050,Pluviométrica,Convencional,Tolima,Ibagué,4.3534,-75.0531,680,1/15/1969,,Andes,Magdalena Cauca,Alto Magdalena,Río Coello,5.81818199157715,7.9236364364624,9,9,0.518115937709808,0.822463750839233,1,1,1.07000005245209,2008,03,14,0,0,0,0,18.7838554382324,2008-03-01,10.1625509262085,14.8046941757202,13.741774559021
21220050,Pluviométrica,Convencional,Tolima,Ibagué,4.3534,-75.0531,680,1/15/1969,,Andes,Magdalena Cauca,Alto Magdalena,Río Coello,5.81818199157715,7.9236364364624,9,9,0.518115937709808,0.822463750839233,1,1,1.07000005245209,2008,03,15,0,0,0,0,21.6872692108154,2008-03-01,10.3286733627319,20.1208419799805,16.9189186096191
21220050,Pluviométrica,Convencional,Tolima,Ibagué,4.3534,-75.0531,680,1/15/1969,,Andes,Magdalena Cauca,Alto Magdalena,Río Coello,5.81818199157715,7.9236364364624,9,9,0.518115937709808,0.822463750839233,1,1,1.07000005245209,2008,03,16,17,17,18.1900008916855,0,10.4532098770142,2008-03-01,0,19.023624420166,0
21220050,Pluviométrica,Convencional,Tolima,Ibagué,4.3534,-75.0531,680,1/15/1969,,Andes,Magdalena Cauca,Alto Magdalena,Río Coello,5.81818199157715,7.9236364364624,9,9,0.518115937709808,0.822463750839233,1,1,1.07000005245209,2008,03,17,0,0,0,0,15.049765586853,2008-03-01,7.89786672592163,10.1535634994507,8.09587383270264
21220050,Pluviométrica,Convencional,Tolima,Ibagué,4.3534,-75.0531,680,1/15/1969,,Andes,Magdalena Cauca,Alto Magdalena,Río Coello,5.81818199157715,7.9236364364624,9,9,0.518115937709808,0.822463750839233,1,1,1.07000005245209,2008,03,18,44,44,47.0800023078918,0,46.4368057250977,2008-03-01,43.7521705627441,34.0216484069824,42.2361793518066
21220050,Pluviométrica,Convencional,Tolima,Ibagué,4.3534,-75.0531,680,1/15/1969,,Andes,Magdalena Cauca,Alto Magdalena,Río Coello,5.81818199157715,7.9236364364624,9,9,0.518115937709808,0.822463750839233,1,1,1.05999994277954,2008,04,19,5.5,5.5,5.82999968528748,0,1.35684871673584,2008-04-01,0.433702707290649,1.38379049301147,0.852980554103851
21220050,Pluviométrica,Convencional,Tolima,Ibagué,4.3534,-75.0531,680,1/15/1969,,Andes,Magdalena Cauca,Alto Magdalena,Río Coello,5.81818199157715,7.9236364364624,9,9,0.518115937709808,0.822463750839233,1,1,1.05999994277954,2008,04,20,13.7,13.7,14.5219992160797,0,49.8374328613281,2008-04-01,53.7647361755371,43.8569679260254,44.0889472961426
21220050,Pluviométrica,Convencional,Tolima,Ibagué,4.3534,-75.0531,680,1/15/1969,,Andes,Magdalena Cauca,Alto Magdalena,Río Coello,5.81818199157715,7.9236364364624,9,9,0.518115937709808,0.822463750839233,1,1,1.05999994277954,2008,04,21,39.9,39.9,42.2939977169037,0,35.363338470459,2008-04-01,41.7648849487305,48.5205230712891,52.4323768615723
21220050,Pluviométrica,Convencional,Tolima,Ibagué,4.3534,-75.0531,680,1/15/1969,,Andes,Magdalena Cauca,Alto Magdalena,Río Coello,5.81818199157715,7.9236364364624,9,9,0.518115937709808,0.822463750839233,1,1,1.05999994277954,2008,04,22,31.9,31.9,33.8139981746674,0,6.27810001373291,2008-04-01,3.73885607719421,4.91956424713135,7.38182163238525
21220050,Pluviométrica,Convencional,Tolima,Ibagué,4.3534,-75.0531,680,1/15/1969,,Andes,Magdalena Cauca,Alto Magdalena,Río Coello,5.81818199157715,7.9236364364624,9,9,0.518115937709808,0.822463750839233,1,1,1.05999994277954,2008,04,23,10.5,10.5,11.1299993991852,0,41.7192726135254,2008-04-01,40.8794631958008,44.6960945129395,46.4649505615234
21220050,Pluviométrica,Convencional,Tolima,Ibagué,4.3534,-75.0531,680,1/15/1969,,Andes,Magdalena Cauca,Alto Magdalena,Río Coello,5.81818199157715,7.9236364364624,9,9,0.518115937709808,0.822463750839233,1,1,1.05999994277954,2008,04,24,11,11,11.659999370575,0,20.7695293426514,2008-04-01,18.2190380096436,24.8288726806641,25.2639312744141
21220050,Pluviométrica,Convencional,Tolima,Ibagué,4.3534,-75.0531,680,1/15/1969,,Andes,Magdalena Cauca,Alto Magdalena,Río Coello,5.81818199157715,7.9236364364624,9,9,0.518115937709808,0.822463750839233,1,1,1.05999994277954,2008,05,25,88.5,88.5,93.8099949359894,0,48.5014953613281,2008-05-01,55.9499320983887,76.2334442138672,81.0627822875977
21220050,Pluviométrica,Convencional,Tolima,Ibagué,4.3534,-75.0531,680,1/15/1969,,Andes,Magdalena Cauca,Alto Magdalena,Río Coello,5.81818199157715,7.9236364364624,9,9,0.518115937709808,0.822463750839233,1,1,1.05999994277954,2008,05,26,24.3,24.3,25.7579986095429,0,24.2934265136719,2008-05-01,22.1148624420166,14.854416847229,12.6612586975098
21220050,Pluviométrica,Convencional,Tolima,Ibagué,4.3534,-75.0531,680,1/15/1969,,Andes,Magdalena Cauca,Alto Magdalena,Río Coello,5.81818199157715,7.9236364364624,9,9,0.518115937709808,0.822463750839233,1,1,1.05999994277954,2008,05,27,4.5,4.5,4.76999974250794,0,7.33262825012207,2008-05-01,6.05493211746216,12.361307144165,14.2301225662231
21220050,Pluviométrica,Convencional,Tolima,Ibagué,4.3534,-75.0531,680,1/15/1969,,Andes,Magdalena Cauca,Alto Magdalena,Río Coello,5.81818199157715,7.9236364364624,9,9,0.518115937709808,0.822463750839233,1,1,1.05999994277954,2008,05,28,113.8,113.8,120.627993488312,0,71.6174926757813,2008-05-01,71.2934036254883,74.6229705810547,70.620491027832
21220050,Pluviométrica,Convencional,Tolima,Ibagué,4.3534,-75.0531,680,1/15/1969,,Andes,Magdalena Cauca,Alto Magdalena,Río Coello,5.81818199157715,7.9236364364624,9,9,0.518115937709808,0.822463750839233,1,1,1.05999994277954,2008,05,29,77.8,77.8,82.4679955482483,0,93.7317886352539,2008-05-01,98.2494735717773,88.8753890991211,90.2396621704102
21220050,Pluviométrica,Convencional,Tolima,Ibagué,4.3534,-75.0531,680,1/15/1969,,Andes,Magdalena Cauca,Alto Magdalena,Río Coello,5.81818199157715,7.9236364364624,9,9,0.518115937709808,0.822463750839233,1,1,1.05999994277954,2008,05,30,7,7,7.41999959945679,0,63.3845863342285,2008-05-01,53.1683235168457,49.7198143005371,48.4683418273926
21220050,Pluviométrica,Convencional,Tolima,Ibagué,4.3534,-75.0531,680,1/15/1969,,Andes,Magdalena Cauca,Alto Magdalena,Río Coello,5.81818199157715,7.9236364364624,9,9,0.518115937709808,0.822463750839233,1,1,1.08000004291534,2008,06,31,0,0,0,0,24.131685256958,2008-06-01,23.1384105682373,11.5896072387695,11.3196496963501
21220050,Pluviométrica,Convencional,Tolima,Ibagué,4.3534,-75.0531,680,1/15/1969,,Andes,Magdalena Cauca,Alto Magdalena,Río Coello,5.81818199157715,7.9236364364624,9,9,0.518115937709808,0.822463750839233,1,1,1.08000004291534,2008,06,32,0,0,0,0,25.0474586486816,2008-06-01,24.6846160888672,20.6017398834229,20.2451763153076
21220050,Pluviométrica,Convencional,Tolima,Ibagué,4.3534,-75.0531,680,1/15/1969,,Andes,Magdalena Cauca,Alto Magdalena,Río Coello,5.81818199157715,7.9236364364624,9,9,0.518115937709808,0.822463750839233,1,1,1.08000004291534,2008,06,33,7,7,7.56000030040741,0,18.5780715942383,2008-06-01,16.9066791534424,13.3213405609131,12.6120376586914
21220050,Pluviométrica,Convencional,Tolima,Ibagué,4.3534,-75.0531,680,1/15/1969,,Andes,Magdalena Cauca,Alto Magdalena,Río Coello,5.81818199157715,7.9236364364624,9,9,0.518115937709808,0.822463750839233,1,1,1.08000004291534,2008,06,34,25,25,27.0000010728836,0,20.789571762085,2008-06-01,21.1223602294922,29.5722618103027,33.1439781188965
21220050,Pluviométrica,Convencional,Tolima,Ibagué,4.3534,-75.0531,680,1/15/1969,,Andes,Magdalena Cauca,Alto Magdalena,Río Coello,5.81818199157715,7.9236364364624,9,9,0.518115937709808,0.822463750839233,1,1,1.08000004291534,2008,06,35,21.3,21.3,23.0040009140968,0,23.0935478210449,2008-06-01,25.488208770752,25.5392246246338,28.5611686706543
21220050,Pluviométrica,Convencional,Tolima,Ibagué,4.3534,-75.0531,680,1/15/1969,,Andes,Magdalena Cauca,Alto Magdalena,Río Coello,5.81818199157715,7.9236364364624,9,9,0.518115937709808,0.822463750839233,1,1,1.08000004291534,2008,06,36,16.8,16.8,18.1440007209778,0,18.5381851196289,2008-06-01,20.1748371124268,25.8686714172363,32.1156234741211
21220050,Pluviométrica,Convencional,Tolima,Ibagué,4.3534,-75.0531,680,1/15/1969,,Andes,Magdalena Cauca,Alto Magdalena,Río Coello,5.81818199157715,7.9236364364624,9,9,0.518115937709808,0.822463750839233,1,1,1.0900000333786,2008,07,37,0,0,0,0,13.4808902740479,2008-07-01,17.605152130127,6.6879243850708,7.88696670532227
21220050,Pluviométrica,Convencional,Tolima,Ibagué,4.3534,-75.0531,680,1/15/1969,,Andes,Magdalena Cauca,Alto Magdalena,Río Coello,5.81818199157715,7.9236364364624,9,9,0.518115937709808,0.822463750839233,1,1,1.0900000333786,2008,07,38,51.7,51.7,56.3530017256737,0,23.8571491241455,2008-07-01,36.5992126464844,37.6128616333008,45.6461906433106
21220050,Pluviométrica,Convencional,Tolima,Ibagué,4.3534,-75.0531,680,1/15/1969,,Andes,Magdalena Cauca,Alto Magdalena,Río Coello,5.81818199157715,7.9236364364624,9,9,0.518115937709808,0.822463750839233,1,1,1.0900000333786,2008,07,39,0,0,0,0,4.97287225723267,2008-07-01,3.75085735321045,5.15441370010376,4.62063980102539
21220050,Pluviométrica,Convencional,Tolima,Ibagué,4.3534,-75.0531,680,1/15/1969,,Andes,Magdalena Cauca,Alto Magdalena,Río Coello,5.81818199157715,7.9236364364624,9,9,0.518115937709808,0.822463750839233,1,1,1.0900000333786,2008,07,40,13,13,14.1700004339218,0,16.5463638305664,2008-07-01,19.281665802002,13.6002817153931,14.7682552337647
21220050,Pluviométrica,Convencional,Tolima,Ibagué,4.3534,-75.0531,680,1/15/1969,,Andes,Magdalena Cauca,Alto Magdalena,Río Coello,5.81818199157715,7.9236364364624,9,9,0.518115937709808,0.822463750839233,1,1,1.0900000333786,2008,07,41,0,0,0,0,2.87772870063782,2008-07-01,0,1.82639908790588,0
21220050,Pluviométrica,Convencional,Tolima,Ibagué,4.3534,-75.0531,680,1/15/1969,,Andes,Magdalena Cauca,Alto Magdalena,Río Coello,5.81818199157715,7.9236364364624,9,9,0.518115937709808,0.822463750839233,1,1,1.0900000333786,2008,07,42,42.7,42.7,46.5430014252663,0,35.3160972595215,2008-07-01,38.9690780639648,27.6537780761719,27.1588134765625
21220050,Pluviométrica,Convencional,Tolima,Ibagué,4.3534,-75.0531,680,1/15/1969,,Andes,Magdalena Cauca,Alto Magdalena,Río Coello,5.81818199157715,7.9236364364624,9,9,0.518115937709808,0.822463750839233,1,1,1.08000004291534,2008,08,43,142.8,142.8,154.224006128311,0,38.7083892822266,2008-08-01,48.5554542541504,83.7907485961914,92.7117919921875
21220050,Pluviométrica,Convencional,Tolima,Ibagué,4.3534,-75.0531,680,1/15/1969,,Andes,Magdalena Cauca,Alto Magdalena,Río Coello,5.81818199157715,7.9236364364624,9,9,0.518115937709808,0.822463750839233,1,1,1.08000004291534,2008,08,44,0,0,0,0,11.1624574661255,2008-08-01,7.43463134765625,11.5665616989136,11.2177581787109
21220050,Pluviométrica,Convencional,Tolima,Ibagué,4.3534,-75.0531,680,1/15/1969,,Andes,Magdalena Cauca,Alto Magdalena,Río Coello,5.81818199157715,7.9236364364624,9,9,0.518115937709808,0.822463750839233,1,1,1.08000004291534,2008,08,45,0,0,0,0,19.8815765380859,2008-08-01,18.7106075286865,14.9826917648315,14.0769062042236
21220050,Pluviométrica,Convencional,Tolima,Ibagué,4.3534,-75.0531,680,1/15/1969,,Andes,Magdalena Cauca,Alto Magdalena,Río Coello,5.81818199157715,7.9236364364624,9,9,0.518115937709808,0.822463750839233,1,1,1.08000004291534,2008,08,46,27.5,27.5,29.700001180172,0,15.4812202453613,2008-08-01,13.695837020874,33.1420440673828,32.2467727661133
21220050,Pluviométrica,Convencional,Tolima,Ibagué,4.3534,-75.0531,680,1/15/1969,,Andes,Magdalena Cauca,Alto Magdalena,Río Coello,5.81818199157715,7.9236364364624,9,9,0.518115937709808,0.822463750839233,1,1,1.08000004291534,2008,08,47,80.9,80.9,87.3720034718514,0,32.5449104309082,2008-08-01,39.1158714294434,72.8208999633789,74.2782897949219
21220050,Pluviométrica,Convencional,Tolima,Ibagué,4.3534,-75.0531,680,1/15/1969,,Andes,Magdalena Cauca,Alto Magdalena,Río Coello,5.81818199157715,7.9236364364624,9,9,0.518115937709808,0.822463750839233,1,1,1.08000004291534,2008,08,48,5.2,5.2,5.61600022315979,0,19.3237991333008,2008-08-01,20.6069297790527,18.8847713470459,18.4400749206543
21220050,Pluviométrica,Convencional,Tolima,Ibagué,4.3534,-75.0531,680,1/15/1969,,Andes,Magdalena Cauca,Alto Magdalena,Río Coello,5.81818199157715,7.9236364364624,9,9,0.518115937709808,0.822463750839233,1,1,1.08000004291534,2008,09,49,32.5,32.5,35.1000013947487,0,23.4847564697266,2008-09-01,26.1269149780273,34.3818016052246,33.301685333252
21220050,Pluviométrica,Convencional,Tolima,Ibagué,4.3534,-75.0531,680,1/15/1969,,Andes,Magdalena Cauca,Alto Magdalena,Río Coello,5.81818199157715,7.9236364364624,9,9,0.518115937709808,0.822463750839233,1,1,1.08000004291534,2008,09,50,0,0,0,0,20.1377983093262,2008-09-01,25.1041927337647,13.1217336654663,15.1349086761475
21220050,Pluviométrica,Convencional,Tolima,Ibagué,4.3534,-75.0531,680,1/15/1969,,Andes,Magdalena Cauca,Alto Magdalena,Río Coello,5.81818199157715,7.9236364364624,9,9,0.518115937709808,0.822463750839233,1,1,1.08000004291534,2008,09,51,0,0,0,0,34.1301040649414,2008-09-01,47.7563819885254,14.661750793457,18.7261009216309
21220050,Pluviométrica,Convencional,Tolima,Ibagué,4.3534,-75.0531,680,1/15/1969,,Andes,Magdalena Cauca,Alto Magdalena,Río Coello,5.81818199157715,7.9236364364624,9,9,0.518115937709808,0.822463750839233,1,1,1.08000004291534,2008,09,52,26,26,28.080001115799,0,9.8906135559082,2008-09-01,11.1896963119507,21.769115447998,25.3302822113037
21220050,Pluviométrica,Convencional,Tolima,Ibagué,4.3534,-75.0531,680,1/15/1969,,Andes,Magdalena Cauca,Alto Magdalena,Río Coello,5.81818199157715,7.9236364364624,9,9,0.518115937709808,0.822463750839233,1,1,1.08000004291534,2008,09,53,98.6,98.6,106.488004231453,0,38.7244682312012,2008-09-01,46.0280952453613,73.0583343505859,73.5862350463867
21220050,Pluviométrica,Convencional,Tolima,Ibagué,4.3534,-75.0531,680,1/15/1969,,Andes,Magdalena Cauca,Alto Magdalena,Río Coello,5.81818199157715,7.9236364364624,9,9,0.518115937709808,0.822463750839233,1,1,1.08000004291534,2008,09,54,41.5,41.5,44.8200017809868,0,3.71214818954468,2008-09-01,1.64714050292969,7.52314376831055,6.61078596115112
21220050,Pluviométrica,Convencional,Tolima,Ibagué,4.3534,-75.0531,680,1/15/1969,,Andes,Magdalena Cauca,Alto Magdalena,Río Coello,5.81818199157715,7.9236364364624,9,9,0.518115937709808,0.822463750839233,1,1,1.07000005245209,2008,10,55,10.5,10.5,11.2350005507469,0,21.9593448638916,2008-10-01,13.8436288833618,18.7231063842773,16.6057014465332
21220050,Pluviométrica,Convencional,Tolima,Ibagué,4.3534,-75.0531,680,1/15/1969,,Andes,Magdalena Cauca,Alto Magdalena,Río Coello,5.81818199157715,7.9236364364624,9,9,0.518115937709808,0.822463750839233,1,1,1.07000005245209,2008,10,56,23.5,23.5,25.1450012326241,0,34.6091957092285,2008-10-01,26.1193180084229,36.4660224914551,37.7664527893066
21220050,Pluviométrica,Convencional,Tolima,Ibagué,4.3534,-75.0531,680,1/15/1969,,Andes,Magdalena Cauca,Alto Magdalena,Río Coello,5.81818199157715,7.9236364364624,9,9,0.518115937709808,0.822463750839233,1,1,1.07000005245209,2008,10,57,13.5,13.5,14.4450007081032,0,56.9537200927734,2008-10-01,58.3650283813477,47.6548385620117,54.9486045837402
21220050,Pluviométrica,Convencional,Tolima,Ibagué,4.3534,-75.0531,680,1/15/1969,,Andes,Magdalena Cauca,Alto Magdalena,Río Coello,5.81818199157715,7.9236364364624,9,9,0.518115937709808,0.822463750839233,1,1,1.07000005245209,2008,10,58,42.5,42.5,45.4750022292137,0,44.1147575378418,2008-10-01,51.7912368774414,30.8861827850342,37.7821655273438
21220050,Pluviométrica,Convencional,Tolima,Ibagué,4.3534,-75.0531,680,1/15/1969,,Andes,Magdalena Cauca,Alto Magdalena,Río Coello,5.81818199157715,7.9236364364624,9,9,0.518115937709808,0.822463750839233,1,1,1.07000005245209,2008,10,59,0,0,0,0,10.9573383331299,2008-10-01,0.241142988204956,9.46090698242188,0.485405892133713
21220050,Pluviométrica,Convencional,Tolima,Ibagué,4.3534,-75.0531,680,1/15/1969,,Andes,Magdalena Cauca,Alto Magdalena,Río Coello,5.81818199157715,7.9236364364624,9,9,0.518115937709808,0.822463750839233,1,1,1.07000005245209,2008,10,60,147.5,147.5,157.825007736683,0,59.4968872070313,2008-10-01,47.7181625366211,81.3439331054688,78.9636154174805
21220050,Pluviométrica,Convencional,Tolima,Ibagué,4.3534,-75.0531,680,1/15/1969,,Andes,Magdalena Cauca,Alto Magdalena,Río Coello,5.81818199157715,7.9236364364624,9,9,0.518115937709808,0.822463750839233,1,1,1.05999994277954,2008,11,61,25.9,25.9,27.4539985179901,0,47.360652923584,2008-11-01,36.9096374511719,41.476692199707,44.3789749145508
21220050,Pluviométrica,Convencional,Tolima,Ibagué,4.3534,-75.0531,680,1/15/1969,,Andes,Magdalena Cauca,Alto Magdalena,Río Coello,5.81818199157715,7.9236364364624,9,9,0.518115937709808,0.822463750839233,1,1,1.05999994277954,2008,11,62,6.3,6.3,6.67799963951111,0,15.9472503662109,2008-11-01,3.21694111824036,25.4664993286133,14.6458740234375
21220050,Pluviométrica,Convencional,Tolima,Ibagué,4.3534,-75.0531,680,1/15/1969,,Andes,Magdalena Cauca,Alto Magdalena,Río Coello,5.81818199157715,7.9236364364624,9,9,0.518115937709808,0.822463750839233,1,1,1.05999994277954,2008,11,63,33,33,34.9799981117249,0,12.2229642868042,2008-11-01,0.166376352310181,25.6627864837647,0.827949821949005
21220050,Pluviométrica,Convencional,Tolima,Ibagué,4.3534,-75.0531,680,1/15/1969,,Andes,Magdalena Cauca,Alto Magdalena,Río Coello,5.81818199157715,7.9236364364624,9,9,0.518115937709808,0.822463750839233,1,1,1.05999994277954,2008,11,64,7.1,7.1,7.52599959373474,0,35.1530494689941,2008-11-01,28.9731216430664,29.5382213592529,32.0941123962402
21220050,Pluviométrica,Convencional,Tolima,Ibagué,4.3534,-75.0531,680,1/15/1969,,Andes,Magdalena Cauca,Alto Magdalena,Río Coello,5.81818199157715,7.9236364364624,9,9,0.518115937709808,0.822463750839233,1,1,1.05999994277954,2008,11,65,16.5,16.5,17.4899990558624,0,29.3449478149414,2008-11-01,20.972484588623,46.2654190063477,51.3125801086426
21220050,Pluviométrica,Convencional,Tolima,Ibagué,4.3534,-75.0531,680,1/15/1969,,Andes,Magdalena Cauca,Alto Magdalena,Río Coello,5.81818199157715,7.9236364364624,9,9,0.518115937709808,0.822463750839233,1,1,1.05999994277954,2008,11,66,0,0,0,0,31.6620311737061,2008-11-01,25.5590705871582,24.556941986084,29.1624984741211
21220050,Pluviométrica,Convencional,Tolima,Ibagué,4.3534,-75.0531,680,1/15/1969,,Andes,Magdalena Cauca,Alto Magdalena,Río Coello,5.81818199157715,7.9236364364624,9,9,0.518115937709808,0.822463750839233,1,1,1.08000004291534,2008,12,67,40,40,43.2000017166138,0,19.9761581420898,2008-12-01,17.1638870239258,34.9038009643555,39.2554740905762
21220050,Pluviométrica,Convencional,Tolima,Ibagué,4.3534,-75.0531,680,1/15/1969,,Andes,Magdalena Cauca,Alto Magdalena,Río Coello,5.81818199157715,7.9236364364624,9,9,0.518115937709808,0.822463750839233,1,1,1.08000004291534,2008,12,68,25,25,27.0000010728836,0,23.3624362945557,2008-12-01,25.5116176605225,24.6764659881592,29.1904010772705
21220050,Pluviométrica,Convencional,Tolima,Ibagué,4.3534,-75.0531,680,1/15/1969,,Andes,Magdalena Cauca,Alto Magdalena,Río Coello,5.81818199157715,7.9236364364624,9,9,0.518115937709808,0.822463750839233,1,1,1.08000004291534,2008,12,69,0,0,0,0,8.9326982498169,2008-12-01,0,7.192542552948,0
21220050,Pluviométrica,Convencional,Tolima,Ibagué,4.3534,-75.0531,680,1/15/1969,,Andes,Magdalena Cauca,Alto Magdalena,Río Coello,5.81818199157715,7.9236364364624,9,9,0.518115937709808,0.822463750839233,1,1,1.08000004291534,2008,12,70,0,0,0,0,9.21974563598633,2008-12-01,0,10.1384887695313,0
21220050,Pluviométrica,Convencional,Tolima,Ibagué,4.3534,-75.0531,680,1/15/1969,,Andes,Magdalena Cauca,Alto Magdalena,Río Coello,5.81818199157715,7.9236364364624,9,9,0.518115937709808,0.822463750839233,1,1,1.08000004291534,2008,12,71,0,0,0,0,9.75035190582275,2008-12-01,0.937147617340088,4.91462993621826,1.42928755283356
21220050,Pluviométrica,Convencional,Tolima,Ibagué,4.3534,-75.0531,680,1/15/1969,,Andes,Magdalena Cauca,Alto Magdalena,Río Coello,5.81818199157715,7.9236364364624,9,9,0.518115937709808,0.822463750839233,1,1,1.08000004291534,2008,12,72,1.5,1.5,1.62000006437302,0,13.8529195785522,2008-12-01,0.572259545326233,10.0349559783936,1.99518311023712
21220050,Pluviométrica,Convencional,Tolima,Ibagué,4.3534,-75.0531,680,1/15/1969,,Andes,Magdalena Cauca,Alto Magdalena,Río Coello,5.81818199157715,7.9236364364624,9,9,0.518115937709808,0.822463750839233,1,1,1.08000004291534,2009,01,1,24.5,24.5,26.4600010514259,0,16.6837711334229,2009-01-01,14.8763971328735,29.5262107849121,25.9608573913574
21220050,Pluviométrica,Convencional,Tolima,Ibagué,4.3534,-75.0531,680,1/15/1969,,Andes,Magdalena Cauca,Alto Magdalena,Río Coello,5.81818199157715,7.9236364364624,9,9,0.518115937709808,0.822463750839233,1,1,1.08000004291534,2009,01,2,59.1,59.1,63.8280025362969,0,37.5584411621094,2009-01-01,47.3561820983887,55.6182823181152,53.8660011291504
21220050,Pluviométrica,Convencional,Tolima,Ibagué,4.3534,-75.0531,680,1/15/1969,,Andes,Magdalena Cauca,Alto Magdalena,Río Coello,5.81818199157715,7.9236364364624,9,9,0.518115937709808,0.822463750839233,1,1,1.08000004291534,2009,01,3,14,14,15.1200006008148,0,10.3300256729126,2009-01-01,7.70870590209961,19.8468017578125,21.8951473236084
21220050,Pluviométrica,Convencional,Tolima,Ibagué,4.3534,-75.0531,680,1/15/1969,,Andes,Magdalena Cauca,Alto Magdalena,Río Coello,5.81818199157715,7.9236364364624,9,9,0.518115937709808,0.822463750839233,1,1,1.08000004291534,2009,01,4,21.2,21.2,22.8960009098053,0,20.9448070526123,2009-01-01,19.7724494934082,20.2541198730469,19.3016891479492
21220050,Pluviométrica,Convencional,Tolima,Ibagué,4.3534,-75.0531,680,1/15/1969,,Andes,Magdalena Cauca,Alto Magdalena,Río Coello,5.81818199157715,7.9236364364624,9,9,0.518115937709808,0.822463750839233,1,1,1.08000004291534,2009,01,5,0,0,0,0,18.0008888244629,2009-01-01,20.093843460083,18.7858448028564,17.0729541778564
21220050,Pluviométrica,Convencional,Tolima,Ibagué,4.3534,-75.0531,680,1/15/1969,,Andes,Magdalena Cauca,Alto Magdalena,Río Coello,5.81818199157715,7.9236364364624,9,9,0.518115937709808,0.822463750839233,1,1,1.08000004291534,2009,01,6,16,16,17.2800006866455,0,36.3062629699707,2009-01-01,31.0443515777588,41.1629333496094,33.7320785522461
21220050,Pluviométrica,Convencional,Tolima,Ibagué,4.3534,-75.0531,680,1/15/1969,,Andes,Magdalena Cauca,Alto Magdalena,Río Coello,5.81818199157715,7.9236364364624,9,9,0.518115937709808,0.822463750839233,1,1,1.08000004291534,2009,02,7,0,0,0,0,26.8154182434082,2009-02-01,39.90771484375,23.1099853515625,26.190767288208
21220050,Pluviométrica,Convencional,Tolima,Ibagué,4.3534,-75.0531,680,1/15/1969,,Andes,Magdalena Cauca,Alto Magdalena,Río Coello,5.81818199157715,7.9236364364624,9,9,0.518115937709808,0.822463750839233,1,1,1.08000004291534,2009,02,8,85,85,91.8000036478043,0,11.3516778945923,2009-02-01,5.61638689041138,11.5673942565918,9.6074161529541
21220050,Pluviométrica,Convencional,Tolima,Ibagué,4.3534,-75.0531,680,1/15/1969,,Andes,Magdalena Cauca,Alto Magdalena,Río Coello,5.81818199157715,7.9236364364624,9,9,0.518115937709808,0.822463750839233,1,1,1.08000004291534,2009,02,9,36,36,38.8800015449524,0,14.5408639907837,2009-02-01,13.2215023040771,19.5818710327148,19.3205966949463
21220050,Pluviométrica,Convencional,Tolima,Ibagué,4.3534,-75.0531,680,1/15/1969,,Andes,Magdalena Cauca,Alto Magdalena,Río Coello,5.81818199157715,7.9236364364624,9,9,0.518115937709808,0.822463750839233,1,1,1.08000004291534,2009,02,10,12,12,12.9600005149841,0,11.8344068527222,2009-02-01,3.33662295341492,13.8967704772949,5.94486904144287
21220050,Pluviométrica,Convencional,Tolima,Ibagué,4.3534,-75.0531,680,1/15/1969,,Andes,Magdalena Cauca,Alto Magdalena,Río Coello,5.81818199157715,7.9236364364624,9,9,0.518115937709808,0.822463750839233,1,1,1.08000004291534,2009,02,11,14.1,14.1,15.2280006051064,0,17.3709716796875,2009-02-01,11.7646474838257,19.6417579650879,15.7988653182983
21220050,Pluviométrica,Convencional,Tolima,Ibagué,4.3534,-75.0531,680,1/15/1969,,Andes,Magdalena Cauca,Alto Magdalena,Río Coello,5.81818199157715,7.9236364364624,9,9,0.518115937709808,0.822463750839233,1,1,1.08000004291534,2009,02,12,0,0,0,0,5.15774011611939,2009-02-01,2.75548124313355,3.13451623916626,3.73875212669373
21220050,Pluviométrica,Convencional,Tolima,Ibagué,4.3534,-75.0531,680,1/15/1969,,Andes,Magdalena Cauca,Alto Magdalena,Río Coello,5.81818199157715,7.9236364364624,9,9,0.518115937709808,0.822463750839233,1,1,1.07000005245209,2009,03,13,46,46,49.220002412796,0,27.0280494689941,2009-03-01,20.3459987640381,51.4092407226563,48.5299491882324
21220050,Pluviométrica,Convencional,Tolima,Ibagué,4.3534,-75.0531,680,1/15/1969,,Andes,Magdalena Cauca,Alto Magdalena,Río Coello,5.81818199157715,7.9236364364624,9,9,0.518115937709808,0.822463750839233,1,1,1.07000005245209,2009,03,14,0,0,0,0,18.7383708953857,2009-03-01,10.1107606887817,12.8581371307373,9.80093574523926
21220050,Pluviométrica,Convencional,Tolima,Ibagué,4.3534,-75.0531,680,1/15/1969,,Andes,Magdalena Cauca,Alto Magdalena,Río Coello,5.81818199157715,7.9236364364624,9,9,0.518115937709808,0.822463750839233,1,1,1.07000005245209,2009,03,15,11,11,11.770000576973,0,15.5599660873413,2009-03-01,6.81553936004639,15.9373731613159,13.125675201416
21220050,Pluviométrica,Convencional,Tolima,Ibagué,4.3534,-75.0531,680,1/15/1969,,Andes,Magdalena Cauca,Alto Magdalena,Río Coello,5.81818199157715,7.9236364364624,9,9,0.518115937709808,0.822463750839233,1,1,1.07000005245209,2009,03,16,85,85,90.9500044584274,0,23.6537914276123,2009-03-01,14.0240869522095,32.5679206848145,25.2568893432617
21220050,Pluviométrica,Convencional,Tolima,Ibagué,4.3534,-75.0531,680,1/15/1969,,Andes,Magdalena Cauca,Alto Magdalena,Río Coello,5.81818199157715,7.9236364364624,9,9,0.518115937709808,0.822463750839233,1,1,1.07000005245209,2009,03,17,52.8,52.8,56.4960027694702,0,42.9897346496582,2009-03-01,47.7854652404785,46.3237342834473,51.5535392761231
21220050,Pluviométrica,Convencional,Tolima,Ibagué,4.3534,-75.0531,680,1/15/1969,,Andes,Magdalena Cauca,Alto Magdalena,Río Coello,5.81818199157715,7.9236364364624,9,9,0.518115937709808,0.822463750839233,1,1,1.07000005245209,2009,03,18,15,15,16.0500007867813,0,64.8014144897461,2009-03-01,64.2078704833984,41.3181533813477,43.1473274230957
21220050,Pluviométrica,Convencional,Tolima,Ibagué,4.3534,-75.0531,680,1/15/1969,,Andes,Magdalena Cauca,Alto Magdalena,Río Coello,5.81818199157715,7.9236364364624,9,9,0.518115937709808,0.822463750839233,1,1,1.05999994277954,2009,04,19,0,0,0,0,30.7962532043457,2009-04-01,29.3903942108154,18.5319919586182,18.6771144866943
21220050,Pluviométrica,Convencional,Tolima,Ibagué,4.3534,-75.0531,680,1/15/1969,,Andes,Magdalena Cauca,Alto Magdalena,Río Coello,5.81818199157715,7.9236364364624,9,9,0.518115937709808,0.822463750839233,1,1,1.05999994277954,2009,04,20,40.5,40.5,42.9299976825714,0,28.7510185241699,2009-04-01,27.6343688964844,28.6690101623535,28.1425533294678
21220050,Pluviométrica,Convencional,Tolima,Ibagué,4.3534,-75.0531,680,1/15/1969,,Andes,Magdalena Cauca,Alto Magdalena,Río Coello,5.81818199157715,7.9236364364624,9,9,0.518115937709808,0.822463750839233,1,1,1.05999994277954,2009,04,21,11.2,11.2,11.8719993591309,0,44.0505104064941,2009-04-01,47.2981872558594,41.6382560729981,39.4352874755859
21220050,Pluviométrica,Convencional,Tolima,Ibagué,4.3534,-75.0531,680,1/15/1969,,Andes,Magdalena Cauca,Alto Magdalena,Río Coello,5.81818199157715,7.9236364364624,9,9,0.518115937709808,0.822463750839233,1,1,1.05999994277954,2009,04,22,0,0,0,0,6.21423482894898,2009-04-01,5.08395195007324,4.43513488769531,4.92051696777344
21220050,Pluviométrica,Convencional,Tolima,Ibagué,4.3534,-75.0531,680,1/15/1969,,Andes,Magdalena Cauca,Alto Magdalena,Río Coello,5.81818199157715,7.9236364364624,9,9,0.518115937709808,0.822463750839233,1,1,1.05999994277954,2009,04,23,81.2,81.2,86.0719953536987,0,36.4911308288574,2009-04-01,33.9728126525879,41.7030563354492,39.9591636657715
21220050,Pluviométrica,Convencional,Tolima,Ibagué,4.3534,-75.0531,680,1/15/1969,,Andes,Magdalena Cauca,Alto Magdalena,Río Coello,5.81818199157715,7.9236364364624,9,9,0.518115937709808,0.822463750839233,1,1,1.05999994277954,2009,04,24,48.1,48.1,50.9859972476959,0,19.300256729126,2009-04-01,16.7031745910645,22.6017093658447,21.807861328125
21220050,Pluviométrica,Convencional,Tolima,Ibagué,4.3534,-75.0531,680,1/15/1969,,Andes,Magdalena Cauca,Alto Magdalena,Río Coello,5.81818199157715,7.9236364364624,9,9,0.518115937709808,0.822463750839233,1,1,1.05999994277954,2009,05,25,54,54,57.2399969100952,0,38.8106536865234,2009-05-01,43.4147033691406,52.3211059570313,53.4351272583008
21220050,Pluviométrica,Convencional,Tolima,Ibagué,4.3534,-75.0531,680,1/15/1969,,Andes,Magdalena Cauca,Alto Magdalena,Río Coello,5.81818199157715,7.9236364364624,9,9,0.518115937709808,0.822463750839233,1,1,1.05999994277954,2009,05,26,1.3,1.3,1.3779999256134,0,28.3070449829102,2009-05-01,29.5916881561279,10.6114683151245,10.3615188598633
21220050,Pluviométrica,Convencional,Tolima,Ibagué,4.3534,-75.0531,680,1/15/1969,,Andes,Magdalena Cauca,Alto Magdalena,Río Coello,5.81818199157715,7.9236364364624,9,9,0.518115937709808,0.822463750839233,1,1,1.05999994277954,2009,05,27,20,20,21.1999988555908,0,32.6560745239258,2009-05-01,34.4560585021973,25.3303756713867,24.2568016052246
21220050,Pluviométrica,Convencional,Tolima,Ibagué,4.3534,-75.0531,680,1/15/1969,,Andes,Magdalena Cauca,Alto Magdalena,Río Coello,5.81818199157715,7.9236364364624,9,9,0.518115937709808,0.822463750839233,1,1,1.05999994277954,2009,05,28,18.6,18.6,19.7159989356995,0,27.1792888641357,2009-05-01,27.987678527832,16.6039276123047,17.8415050506592
21220050,Pluviométrica,Convencional,Tolima,Ibagué,4.3534,-75.0531,680,1/15/1969,,Andes,Magdalena Cauca,Alto Magdalena,Río Coello,5.81818199157715,7.9236364364624,9,9,0.518115937709808,0.822463750839233,1,1,1.05999994277954,2009,05,29,16.6,16.6,17.5959990501404,0,18.7033882141113,2009-05-01,18.9013233184814,13.1314601898193,12.7422847747803
21220050,Pluviométrica,Convencional,Tolima,Ibagué,4.3534,-75.0531,680,1/15/1969,,Andes,Magdalena Cauca,Alto Magdalena,Río Coello,5.81818199157715,7.9236364364624,9,9,0.518115937709808,0.822463750839233,1,1,1.05999994277954,2009,05,30,0,0,0,0,26.11789894104,2009-05-01,20.3867855072021,15.2275257110596,16.5931262969971
21220050,Pluviométrica,Convencional,Tolima,Ibagué,4.3534,-75.0531,680,1/15/1969,,Andes,Magdalena Cauca,Alto Magdalena,Río Coello,5.81818199157715,7.9236364364624,9,9,0.518115937709808,0.822463750839233,1,1,1.08000004291534,2009,06,31,0,0,0,0,7.91442155838013,2009-06-01,1.65893268585205,3.82600617408752,1.52482330799103
21220050,Pluviométrica,Convencional,Tolima,Ibagué,4.3534,-75.0531,680,1/15/1969,,Andes,Magdalena Cauca,Alto Magdalena,Río Coello,5.81818199157715,7.9236364364624,9,9,0.518115937709808,0.822463750839233,1,1,1.08000004291534,2009,06,32,2.3,2.3,2.48400009870529,0,23.113826751709,2009-06-01,23.2927970886231,28.9576625823975,32.2950325012207
21220050,Pluviométrica,Convencional,Tolima,Ibagué,4.3534,-75.0531,680,1/15/1969,,Andes,Magdalena Cauca,Alto Magdalena,Río Coello,5.81818199157715,7.9236364364624,9,9,0.518115937709808,0.822463750839233,1,1,1.08000004291534,2009,06,33,72.7,72.7,78.5160031199455,0,39.2125778198242,2009-06-01,48.9821968078613,37.9015426635742,41.8378105163574
21220050,Pluviométrica,Convencional,Tolima,Ibagué,4.3534,-75.0531,680,1/15/1969,,Andes,Magdalena Cauca,Alto Magdalena,Río Coello,5.81818199157715,7.9236364364624,9,9,0.518115937709808,0.822463750839233,1,1,1.08000004291534,2009,06,34,71.7,71.7,77.4360030770302,0,42.7204513549805,2009-06-01,49.6220664978027,23.5267944335938,24.9539165496826
21220050,Pluviométrica,Convencional,Tolima,Ibagué,4.3534,-75.0531,680,1/15/1969,,Andes,Magdalena Cauca,Alto Magdalena,Río Coello,5.81818199157715,7.9236364364624,9,9,0.518115937709808,0.822463750839233,1,1,1.08000004291534,2009,06,35,10.6,10.6,11.4480004549027,0,37.7683258056641,2009-06-01,48.2616844177246,31.4432506561279,36.7637405395508
21220050,Pluviométrica,Convencional,Tolima,Ibagué,4.3534,-75.0531,680,1/15/1969,,Andes,Magdalena Cauca,Alto Magdalena,Río Coello,5.81818199157715,7.9236364364624,9,9,0.518115937709808,0.822463750839233,1,1,1.08000004291534,2009,06,36,0,0,0,0,5.7918643951416,2009-06-01,0.766077995300293,3.37110066413879,0.9719398021698
21220050,Pluviométrica,Convencional,Tolima,Ibagué,4.3534,-75.0531,680,1/15/1969,,Andes,Magdalena Cauca,Alto Magdalena,Río Coello,5.81818199157715,7.9236364364624,9,9,0.518115937709808,0.822463750839233,1,1,1.0900000333786,2009,07,37,1.4,1.4,1.52600004673004,0,8.80045890808106,2009-07-01,9.8087272644043,7.4613938331604,10.0245637893677
21220050,Pluviométrica,Convencional,Tolima,Ibagué,4.3534,-75.0531,680,1/15/1969,,Andes,Magdalena Cauca,Alto Magdalena,Río Coello,5.81818199157715,7.9236364364624,9,9,0.518115937709808,0.822463750839233,1,1,1.0900000333786,2009,07,38,0,0,0,0,9.21538352966309,2009-07-01,14.291844367981,4.11330127716064,7.08518743515015
21220050,Pluviométrica,Convencional,Tolima,Ibagué,4.3534,-75.0531,680,1/15/1969,,Andes,Magdalena Cauca,Alto Magdalena,Río Coello,5.81818199157715,7.9236364364624,9,9,0.518115937709808,0.822463750839233,1,1,1.0900000333786,2009,07,39,0,0,0,0,2.6053192615509,2009-07-01,0,2.0403745174408,0
21220050,Pluviométrica,Convencional,Tolima,Ibagué,4.3534,-75.0531,680,1/15/1969,,Andes,Magdalena Cauca,Alto Magdalena,Río Coello,5.81818199157715,7.9236364364624,9,9,0.518115937709808,0.822463750839233,1,1,1.0900000333786,2009,07,40,0,0,0,0,2.69067692756653,2009-07-01,0,1.67383670806885,0
21220050,Pluviométrica,Convencional,Tolima,Ibagué,4.3534,-75.0531,680,1/15/1969,,Andes,Magdalena Cauca,Alto Magdalena,Río Coello,5.81818199157715,7.9236364364624,9,9,0.518115937709808,0.822463750839233,1,1,1.0900000333786,2009,07,41,2.3,2.3,2.50700007677078,0,5.47103786468506,2009-07-01,2.29712533950806,6.22070407867432,4.01294708251953
21220050,Pluviométrica,Convencional,Tolima,Ibagué,4.3534,-75.0531,680,1/15/1969,,Andes,Magdalena Cauca,Alto Magdalena,Río Coello,5.81818199157715,7.9236364364624,9,9,0.518115937709808,0.822463750839233,1,1,1.0900000333786,2009,07,42,0,0,0,0,4.28485059738159,2009-07-01,0.714197039604187,2.1054961681366,0.703744947910309
21220050,Pluviométrica,Convencional,Tolima,Ibagué,4.3534,-75.0531,680,1/15/1969,,Andes,Magdalena Cauca,Alto Magdalena,Río Coello,5.81818199157715,7.9236364364624,9,9,0.518115937709808,0.822463750839233,1,1,1.08000004291534,2009,08,43,0,0,0,0,1.33251869678497,2009-08-01,0.561066567897797,0.896612346172333,0.475963443517685
21220050,Pluviométrica,Convencional,Tolima,Ibagué,4.3534,-75.0531,680,1/15/1969,,Andes,Magdalena Cauca,Alto Magdalena,Río Coello,5.81818199157715,7.9236364364624,9,9,0.518115937709808,0.822463750839233,1,1,1.08000004291534,2009,08,44,0,0,0,0,31.4602756500244,2009-08-01,34.4397392272949,13.4529275894165,12.8900213241577
21220050,Pluviométrica,Convencional,Tolima,Ibagué,4.3534,-75.0531,680,1/15/1969,,Andes,Magdalena Cauca,Alto Magdalena,Río Coello,5.81818199157715,7.9236364364624,9,9,0.518115937709808,0.822463750839233,1,1,1.08000004291534,2009,08,45,0,0,0,0,14.141583442688,2009-08-01,14.5680723190308,5.15152549743652,5.5136456489563
21220050,Pluviométrica,Convencional,Tolima,Ibagué,4.3534,-75.0531,680,1/15/1969,,Andes,Magdalena Cauca,Alto Magdalena,Río Coello,5.81818199157715,7.9236364364624,9,9,0.518115937709808,0.822463750839233,1,1,1.08000004291534,2009,08,46,14,14,15.1200006008148,0,32.9649314880371,2009-08-01,38.274356842041,32.6387062072754,36.6076126098633
21220050,Pluviométrica,Convencional,Tolima,Ibagué,4.3534,-75.0531,680,1/15/1969,,Andes,Magdalena Cauca,Alto Magdalena,Río Coello,5.81818199157715,7.9236364364624,9,9,0.518115937709808,0.822463750839233,1,1,1.08000004291534,2009,08,47,47.4,47.4,51.1920020341873,0,25.2918071746826,2009-08-01,24.298885345459,41.0082778930664,40.0831871032715
21220050,Pluviométrica,Convencional,Tolima,Ibagué,4.3534,-75.0531,680,1/15/1969,,Andes,Magdalena Cauca,Alto Magdalena,Río Coello,5.81818199157715,7.9236364364624,9,9,0.518115937709808,0.822463750839233,1,1,1.08000004291534,2009,08,48,1,1,1.08000004291534,0,21.8922519683838,2009-08-01,23.4983253479004,8.37168979644775,8.07873725891113
21220050,Pluviométrica,Convencional,Tolima,Ibagué,4.3534,-75.0531,680,1/15/1969,,Andes,Magdalena Cauca,Alto Magdalena,Río Coello,5.81818199157715,7.9236364364624,9,9,0.518115937709808,0.822463750839233,1,1,1.08000004291534,2009,09,49,0,0,0,0,16.3593254089355,2009-09-01,18.025333404541,12.8579072952271,9.79910755157471
21220050,Pluviométrica,Convencional,Tolima,Ibagué,4.3534,-75.0531,680,1/15/1969,,Andes,Magdalena Cauca,Alto Magdalena,Río Coello,5.81818199157715,7.9236364364624,9,9,0.518115937709808,0.822463750839233,1,1,1.08000004291534,2009,09,50,6,6,6.48000025749207,0,18.4581413269043,2009-09-01,22.754228591919,13.1728343963623,12.7156972885132
21220050,Pluviométrica,Convencional,Tolima,Ibagué,4.3534,-75.0531,680,1/15/1969,,Andes,Magdalena Cauca,Alto Magdalena,Río Coello,5.81818199157715,7.9236364364624,9,9,0.518115937709808,0.822463750839233,1,1,1.08000004291534,2009,09,51,19,19,20.5200008153915,0,10.6550273895264,2009-09-01,13.935489654541,27.9304962158203,39.7333450317383
21220050,Pluviométrica,Convencional,Tolima,Ibagué,4.3534,-75.0531,680,1/15/1969,,Andes,Magdalena Cauca,Alto Magdalena,Río Coello,5.81818199157715,7.9236364364624,9,9,0.518115937709808,0.822463750839233,1,1,1.08000004291534,2009,09,52,63.3,63.3,68.3640027165413,0,20.9033985137939,2009-09-01,29.2982311248779,30.0678176879883,33.9299621582031
21220050,Pluviométrica,Convencional,Tolima,Ibagué,4.3534,-75.0531,680,1/15/1969,,Andes,Magdalena Cauca,Alto Magdalena,Río Coello,5.81818199157715,7.9236364364624,9,9,0.518115937709808,0.822463750839233,1,1,1.08000004291534,2009,09,53,3.2,3.2,3.4560001373291,0,11.6465692520142,2009-09-01,10.8825263977051,8.10744380950928,6.6703028678894
21220050,Pluviométrica,Convencional,Tolima,Ibagué,4.3534,-75.0531,680,1/15/1969,,Andes,Magdalena Cauca,Alto Magdalena,Río Coello,5.81818199157715,7.9236364364624,9,9,0.518115937709808,0.822463750839233,1,1,1.08000004291534,2009,09,54,0,0,0,0,3.71214818954468,2009-09-01,0,3.27302837371826,0
21220050,Pluviométrica,Convencional,Tolima,Ibagué,4.3534,-75.0531,680,1/15/1969,,Andes,Magdalena Cauca,Alto Magdalena,Río Coello,5.81818199157715,7.9236364364624,9,9,0.518115937709808,0.822463750839233,1,1,1.07000005245209,2009,10,55,0,0,0,0,46.8497505187988,2009-10-01,45.7481079101563,11.7891454696655,12.0726089477539
21220050,Pluviométrica,Convencional,Tolima,Ibagué,4.3534,-75.0531,680,1/15/1969,,Andes,Magdalena Cauca,Alto Magdalena,Río Coello,5.81818199157715,7.9236364364624,9,9,0.518115937709808,0.822463750839233,1,1,1.07000005245209,2009,10,56,1.8,1.8,1.92600009441376,0,20.0725822448731,2009-10-01,9.85221290588379,12.1491413116455,12.484130859375
21220050,Pluviométrica,Convencional,Tolima,Ibagué,4.3534,-75.0531,680,1/15/1969,,Andes,Magdalena Cauca,Alto Magdalena,Río Coello,5.81818199157715,7.9236364364624,9,9,0.518115937709808,0.822463750839233,1,1,1.07000005245209,2009,10,57,5,5,5.35000026226044,0,40.4076766967773,2009-10-01,35.0186805725098,26.0901317596436,28.3922100067139
21220050,Pluviométrica,Convencional,Tolima,Ibagué,4.3534,-75.0531,680,1/15/1969,,Andes,Magdalena Cauca,Alto Magdalena,Río Coello,5.81818199157715,7.9236364364624,9,9,0.518115937709808,0.822463750839233,1,1,1.07000005245209,2009,10,58,1.3,1.3,1.39100006818771,0,13.3931322097778,2009-10-01,7.05066156387329,13.9705810546875,11.8085737228394
21220050,Pluviométrica,Convencional,Tolima,Ibagué,4.3534,-75.0531,680,1/15/1969,,Andes,Magdalena Cauca,Alto Magdalena,Río Coello,5.81818199157715,7.9236364364624,9,9,0.518115937709808,0.822463750839233,1,1,1.07000005245209,2009,10,59,7.2,7.2,7.70400037765503,0,46.4323883056641,2009-10-01,44.1314811706543,28.646562576294,30.6540431976318
21220050,Pluviométrica,Convencional,Tolima,Ibagué,4.3534,-75.0531,680,1/15/1969,,Andes,Magdalena Cauca,Alto Magdalena,Río Coello,5.81818199157715,7.9236364364624,9,9,0.518115937709808,0.822463750839233,1,1,1.07000005245209,2009,10,60,17.6,17.6,18.8320009231567,1,28.1849899291992,2009-10-01,14.9646625518799,30.0046920776367,23.7802600860596
21220050,Pluviométrica,Convencional,Tolima,Ibagué,4.3534,-75.0531,680,1/15/1969,,Andes,Magdalena Cauca,Alto Magdalena,Río Coello,5.81818199157715,7.9236364364624,9,9,0.518115937709808,0.822463750839233,1,1,1.05999994277954,2009,11,61,6.5,6.5,6.88999962806702,0,31.8593673706055,2009-11-01,20.8246192932129,23.5585327148438,17.6882934570313
21220050,Pluviométrica,Convencional,Tolima,Ibagué,4.3534,-75.0531,680,1/15/1969,,Andes,Magdalena Cauca,Alto Magdalena,Río Coello,5.81818199157715,7.9236364364624,9,9,0.518115937709808,0.822463750839233,1,1,1.05999994277954,2009,11,62,5.9,5.9,6.25399966239929,0,37.8754196166992,2009-11-01,25.6390533447266,37.6378173828125,32.3627738952637
21220050,Pluviométrica,Convencional,Tolima,Ibagué,4.3534,-75.0531,680,1/15/1969,,Andes,Magdalena Cauca,Alto Magdalena,Río Coello,5.81818199157715,7.9236364364624,9,9,0.518115937709808,0.822463750839233,1,1,1.05999994277954,2009,11,63,33.6,33.6,35.6159980773926,0,30.1119117736816,2009-11-01,18.6173267364502,36.5653457641602,32.2224235534668
21220050,Pluviométrica,Convencional,Tolima,Ibagué,4.3534,-75.0531,680,1/15/1969,,Andes,Magdalena Cauca,Alto Magdalena,Río Coello,5.81818199157715,7.9236364364624,9,9,0.518115937709808,0.822463750839233,1,1,1.05999994277954,2009,11,64,4.3,4.3,4.55799975395203,1,28.2716178894043,2009-11-01,18.6894626617432,17.7994251251221,14.5189762115479
21220050,Pluviométrica,Convencional,Tolima,Ibagué,4.3534,-75.0531,680,1/15/1969,,Andes,Magdalena Cauca,Alto Magdalena,Río Coello,5.81818199157715,7.9236364364624,9,9,0.518115937709808,0.822463750839233,1,1,1.05999994277954,2009,11,65,0,0,0,0,12.874662399292,2009-11-01,1.84708082675934,6.84186315536499,2.08198595046997
21220050,Pluviométrica,Convencional,Tolima,Ibagué,4.3534,-75.0531,680,1/15/1969,,Andes,Magdalena Cauca,Alto Magdalena,Río Coello,5.81818199157715,7.9236364364624,9,9,0.518115937709808,0.822463750839233,1,1,1.05999994277954,2009,11,66,36.1,36.1,38.2659979343414,0,19.5145511627197,2009-11-01,10.3848686218262,22.7618217468262,16.8469371795654
21220050,Pluviométrica,Convencional,Tolima,Ibagué,4.3534,-75.0531,680,1/15/1969,,Andes,Magdalena Cauca,Alto Magdalena,Río Coello,5.81818199157715,7.9236364364624,9,9,0.518115937709808,0.822463750839233,1,1,1.08000004291534,2009,12,67,0,0,0,0,14.2210931777954,2009-12-01,10.5280427932739,6.46872425079346,7.61074304580689
21220050,Pluviométrica,Convencional,Tolima,Ibagué,4.3534,-75.0531,680,1/15/1969,,Andes,Magdalena Cauca,Alto Magdalena,Río Coello,5.81818199157715,7.9236364364624,9,9,0.518115937709808,0.822463750839233,1,1,1.08000004291534,2009,12,68,0,0,0,0,10.0095148086548,2009-12-01,1.86199975013733,7.25461864471436,2.24786639213562
21220050,Pluviométrica,Convencional,Tolima,Ibagué,4.3534,-75.0531,680,1/15/1969,,Andes,Magdalena Cauca,Alto Magdalena,Río Coello,5.81818199157715,7.9236364364624,9,9,0.518115937709808,0.822463750839233,1,1,1.08000004291534,2009,12,69,4.2,4.2,4.53600018024445,0,8.9326982498169,2009-12-01,0,6.00726222991943,0
21220050,Pluviométrica,Convencional,Tolima,Ibagué,4.3534,-75.0531,680,1/15/1969,,Andes,Magdalena Cauca,Alto Magdalena,Río Coello,5.81818199157715,7.9236364364624,9,9,0.518115937709808,0.822463750839233,1,1,1.08000004291534,2009,12,70,0,0,0,0,36.7966079711914,2009-12-01,48.6502990722656,33.4410438537598,39.3343505859375
21220050,Pluviométrica,Convencional,Tolima,Ibagué,4.3534,-75.0531,680,1/15/1969,,Andes,Magdalena Cauca,Alto Magdalena,Río Coello,5.81818199157715,7.9236364364624,9,9,0.518115937709808,0.822463750839233,1,1,1.08000004291534,2009,12,71,12.3,12.3,13.2840005278587,0,30.2527313232422,2009-12-01,35.3318710327148,30.227388381958,32.3019256591797
21220050,Pluviométrica,Convencional,Tolima,Ibagué,4.3534,-75.0531,680,1/15/1969,,Andes,Magdalena Cauca,Alto Magdalena,Río Coello,5.81818199157715,7.9236364364624,9,9,0.518115937709808,0.822463750839233,1,1,1.08000004291534,2009,12,72,28.1,28.1,30.3480012059212,0,25.3109493255615,2009-12-01,16.2491073608398,11.5724172592163,9.88059234619141
21220050,Pluviométrica,Convencional,Tolima,Ibagué,4.3534,-75.0531,680,1/15/1969,,Andes,Magdalena Cauca,Alto Magdalena,Río Coello,5.81818199157715,7.9236364364624,9,9,0.518115937709808,0.822463750839233,1,1,1.08000004291534,2010,01,1,0,0,0,0,5.65598297119141,2010-01-01,1.55356311798096,2.2628026008606,1.06506597995758
21220050,Pluviométrica,Convencional,Tolima,Ibagué,4.3534,-75.0531,680,1/15/1969,,Andes,Magdalena Cauca,Alto Magdalena,Río Coello,5.81818199157715,7.9236364364624,9,9,0.518115937709808,0.822463750839233,1,1,1.08000004291534,2010,01,2,1,1,1.08000004291534,0,5.62424612045288,2010-01-01,1.00298309326172,3.13862729072571,1.11899697780609
21220050,Pluviométrica,Convencional,Tolima,Ibagué,4.3534,-75.0531,680,1/15/1969,,Andes,Magdalena Cauca,Alto Magdalena,Río Coello,5.81818199157715,7.9236364364624,9,9,0.518115937709808,0.822463750839233,1,1,1.08000004291534,2010,01,3,0,0,0,0,5.57815647125244,2010-01-01,0.587421715259552,2.21027684211731,0.502357721328735
21220050,Pluviométrica,Convencional,Tolima,Ibagué,4.3534,-75.0531,680,1/15/1969,,Andes,Magdalena Cauca,Alto Magdalena,Río Coello,5.81818199157715,7.9236364364624,9,9,0.518115937709808,0.822463750839233,1,1,1.08000004291534,2010,01,4,18.2,18.2,19.6560007810593,0,5.57502508163452,2010-01-01,0,6.48095273971558,0
21220050,Pluviométrica,Convencional,Tolima,Ibagué,4.3534,-75.0531,680,1/15/1969,,Andes,Magdalena Cauca,Alto Magdalena,Río Coello,5.81818199157715,7.9236364364624,9,9,0.518115937709808,0.822463750839233,1,1,1.08000004291534,2010,01,5,0,0,0,0,19.1434211730957,2010-01-01,21.8533248901367,13.0622358322144,17.0846042633057
21220050,Pluviométrica,Convencional,Tolima,Ibagué,4.3534,-75.0531,680,1/15/1969,,Andes,Magdalena Cauca,Alto Magdalena,Río Coello,5.81818199157715,7.9236364364624,9,9,0.518115937709808,0.822463750839233,1,1,1.08000004291534,2010,01,6,0,0,0,0,14.4328680038452,2010-01-01,4.58298969268799,19.4194946289063,10.6604976654053
21220050,Pluviométrica,Convencional,Tolima,Ibagué,4.3534,-75.0531,680,1/15/1969,,Andes,Magdalena Cauca,Alto Magdalena,Río Coello,5.81818199157715,7.9236364364624,9,9,0.518115937709808,0.822463750839233,1,1,1.08000004291534,2010,02,7,0,0,0,0,15.4704561233521,2010-02-01,14.8130388259888,7.5511794090271,5.86943864822388
21220050,Pluviométrica,Convencional,Tolima,Ibagué,4.3534,-75.0531,680,1/15/1969,,Andes,Magdalena Cauca,Alto Magdalena,Río Coello,5.81818199157715,7.9236364364624,9,9,0.518115937709808,0.822463750839233,1,1,1.08000004291534,2010,02,8,0.3,0.3,0.324000012874603,0,25.1176433563232,2010-02-01,37.8065795898438,17.8645782470703,18.7301197052002
21220050,Pluviométrica,Convencional,Tolima,Ibagué,4.3534,-75.0531,680,1/15/1969,,Andes,Magdalena Cauca,Alto Magdalena,Río Coello,5.81818199157715,7.9236364364624,9,9,0.518115937709808,0.822463750839233,1,1,1.08000004291534,2010,02,9,8.3,8.3,8.96400035619736,0,20.1672058105469,2010-02-01,27.7477531433106,12.0321168899536,17.1728820800781
21220050,Pluviométrica,Convencional,Tolima,Ibagué,4.3534,-75.0531,680,1/15/1969,,Andes,Magdalena Cauca,Alto Magdalena,Río Coello,5.81818199157715,7.9236364364624,9,9,0.518115937709808,0.822463750839233,1,1,1.08000004291534,2010,02,10,0,0,0,0,8.45481109619141,2010-02-01,0,5.10381126403809,0
21220050,Pluviométrica,Convencional,Tolima,Ibagué,4.3534,-75.0531,680,1/15/1969,,Andes,Magdalena Cauca,Alto Magdalena,Río Coello,5.81818199157715,7.9236364364624,9,9,0.518115937709808,0.822463750839233,1,1,1.08000004291534,2010,02,11,42.5,42.5,45.9000018239021,0,46.4937973022461,2010-02-01,60.6938400268555,41.8336448669434,51.3069229125977
21220050,Pluviométrica,Convencional,Tolima,Ibagué,4.3534,-75.0531,680,1/15/1969,,Andes,Magdalena Cauca,Alto Magdalena,Río Coello,5.81818199157715,7.9236364364624,9,9,0.518115937709808,0.822463750839233,1,1,1.08000004291534,2010,02,12,0,0,0,0,17.6463088989258,2010-02-01,31.3721733093262,8.62154579162598,11.9163150787354
21220050,Pluviométrica,Convencional,Tolima,Ibagué,4.3534,-75.0531,680,1/15/1969,,Andes,Magdalena Cauca,Alto Magdalena,Río Coello,5.81818199157715,7.9236364364624,9,9,0.518115937709808,0.822463750839233,1,1,1.07000005245209,2010,03,13,10.8,10.8,11.5560005664825,0,24.506368637085,2010-03-01,19.9998264312744,19.5929660797119,20.2971153259277
21220050,Pluviométrica,Convencional,Tolima,Ibagué,4.3534,-75.0531,680,1/15/1969,,Andes,Magdalena Cauca,Alto Magdalena,Río Coello,5.81818199157715,7.9236364364624,9,9,0.518115937709808,0.822463750839233,1,1,1.07000005245209,2010,03,14,6.2,6.2,6.63400032520294,0,21.1337223052979,2010-03-01,11.5793170928955,25.8473987579346,20.7952251434326
21220050,Pluviométrica,Convencional,Tolima,Ibagué,4.3534,-75.0531,680,1/15/1969,,Andes,Magdalena Cauca,Alto Magdalena,Río Coello,5.81818199157715,7.9236364364624,9,9,0.518115937709808,0.822463750839233,1,1,1.07000005245209,2010,03,15,0,0,0,0,42.1116104125977,2010-03-01,34.9206123352051,15.1600542068481,14.1052198410034
21220050,Pluviométrica,Convencional,Tolima,Ibagué,4.3534,-75.0531,680,1/15/1969,,Andes,Magdalena Cauca,Alto Magdalena,Río Coello,5.81818199157715,7.9236364364624,9,9,0.518115937709808,0.822463750839233,1,1,1.07000005245209,2010,03,16,11.2,11.2,11.9840005874634,0,50.3800048828125,2010-03-01,42.4383316040039,26.6991844177246,22.0495700836182
21220050,Pluviométrica,Convencional,Tolima,Ibagué,4.3534,-75.0531,680,1/15/1969,,Andes,Magdalena Cauca,Alto Magdalena,Río Coello,5.81818199157715,7.9236364364624,9,9,0.518115937709808,0.822463750839233,1,1,1.07000005245209,2010,03,17,0,0,0,0,7.2064471244812,2010-03-01,0,5.44359064102173,0
21220050,Pluviométrica,Convencional,Tolima,Ibagué,4.3534,-75.0531,680,1/15/1969,,Andes,Magdalena Cauca,Alto Magdalena,Río Coello,5.81818199157715,7.9236364364624,9,9,0.518115937709808,0.822463750839233,1,1,1.07000005245209,2010,03,18,0,0,0,0,19.5795974731445,2010-03-01,12.0700101852417,10.1215000152588,8.9373722076416
21220050,Pluviométrica,Convencional,Tolima,Ibagué,4.3534,-75.0531,680,1/15/1969,,Andes,Magdalena Cauca,Alto Magdalena,Río Coello,5.81818199157715,7.9236364364624,9,9,0.518115937709808,0.822463750839233,1,1,1.05999994277954,2010,04,19,103.9,103.9,110.133994054794,0,50.3535003662109,2010-04-01,51.5419845581055,74.7074813842774,69.0971755981445
21220050,Pluviométrica,Convencional,Tolima,Ibagué,4.3534,-75.0531,680,1/15/1969,,Andes,Magdalena Cauca,Alto Magdalena,Río Coello,5.81818199157715,7.9236364364624,9,9,0.518115937709808,0.822463750839233,1,1,1.05999994277954,2010,04,20,72.9,72.9,77.2739958286285,0,76.4125137329102,2010-04-01,83.1955261230469,85.6537246704102,80.5044326782227
21220050,Pluviométrica,Convencional,Tolima,Ibagué,4.3534,-75.0531,680,1/15/1969,,Andes,Magdalena Cauca,Alto Magdalena,Río Coello,5.81818199157715,7.9236364364624,9,9,0.518115937709808,0.822463750839233,1,1,1.05999994277954,2010,04,21,45.6,45.6,48.3359973907471,0,54.5946388244629,2010-04-01,62.0921440124512,60.7554817199707,63.1902084350586
21220050,Pluviométrica,Convencional,Tolima,Ibagué,4.3534,-75.0531,680,1/15/1969,,Andes,Magdalena Cauca,Alto Magdalena,Río Coello,5.81818199157715,7.9236364364624,9,9,0.518115937709808,0.822463750839233,1,1,1.05999994277954,2010,04,22,42.5,42.5,45.0499975681305,0,55.2718467712402,2010-04-01,59.4646759033203,36.6289100646973,38.6998977661133
21220050,Pluviométrica,Convencional,Tolima,Ibagué,4.3534,-75.0531,680,1/15/1969,,Andes,Magdalena Cauca,Alto Magdalena,Río Coello,5.81818199157715,7.9236364364624,9,9,0.518115937709808,0.822463750839233,1,1,1.05999994277954,2010,04,23,0,0,0,0,6.47363328933716,2010-04-01,2.23734664916992,3.43475079536438,3.20676589012146
21220050,Pluviométrica,Convencional,Tolima,Ibagué,4.3534,-75.0531,680,1/15/1969,,Andes,Magdalena Cauca,Alto Magdalena,Río Coello,5.81818199157715,7.9236364364624,9,9,0.518115937709808,0.822463750839233,1,1,1.05999994277954,2010,04,24,119,119,126.139993190765,0,41.3231735229492,2010-04-01,37.9994812011719,72.6757965087891,71.9316864013672
21220050,Pluviométrica,Convencional,Tolima,Ibagué,4.3534,-75.0531,680,1/15/1969,,Andes,Magdalena Cauca,Alto Magdalena,Río Coello,5.81818199157715,7.9236364364624,9,9,0.518115937709808,0.822463750839233,1,1,1.05999994277954,2010,05,25,0,0,0,0,41.9723434448242,2010-05-01,45.4787483215332,38.644702911377,39.2033653259277
21220050,Pluviométrica,Convencional,Tolima,Ibagué,4.3534,-75.0531,680,1/15/1969,,Andes,Magdalena Cauca,Alto Magdalena,Río Coello,5.81818199157715,7.9236364364624,9,9,0.518115937709808,0.822463750839233,1,1,1.05999994277954,2010,05,26,0,0,0,0,24.0096282958984,2010-05-01,29.4699230194092,10.4795789718628,10.0308046340942
21220050,Pluviométrica,Convencional,Tolima,Ibagué,4.3534,-75.0531,680,1/15/1969,,Andes,Magdalena Cauca,Alto Magdalena,Río Coello,5.81818199157715,7.9236364364624,9,9,0.518115937709808,0.822463750839233,1,1,1.05999994277954,2010,05,27,15.3,15.3,16.217999124527,0,24.6938571929932,2010-05-01,24.5013484954834,20.0361328125,10.2319822311401
21220050,Pluviométrica,Convencional,Tolima,Ibagué,4.3534,-75.0531,680,1/15/1969,,Andes,Magdalena Cauca,Alto Magdalena,Río Coello,5.81818199157715,7.9236364364624,9,9,0.518115937709808,0.822463750839233,1,1,1.05999994277954,2010,05,28,44.9,44.9,47.5939974308014,0,31.673038482666,2010-05-01,29.7080249786377,39.6284027099609,50.7700805664063
21220050,Pluviométrica,Convencional,Tolima,Ibagué,4.3534,-75.0531,680,1/15/1969,,Andes,Magdalena Cauca,Alto Magdalena,Río Coello,5.81818199157715,7.9236364364624,9,9,0.518115937709808,0.822463750839233,1,1,1.05999994277954,2010,05,29,15.2,15.2,16.111999130249,0,41.8552131652832,2010-05-01,38.1311531066895,33.3868751525879,32.7743759155273
21220050,Pluviométrica,Convencional,Tolima,Ibagué,4.3534,-75.0531,680,1/15/1969,,Andes,Magdalena Cauca,Alto Magdalena,Río Coello,5.81818199157715,7.9236364364624,9,9,0.518115937709808,0.822463750839233,1,1,1.05999994277954,2010,05,30,92.6,92.6,98.1559947013855,0,74.7010040283203,2010-05-01,63.1227760314942,73.4499816894531,71.1960296630859
21220050,Pluviométrica,Convencional,Tolima,Ibagué,4.3534,-75.0531,680,1/15/1969,,Andes,Magdalena Cauca,Alto Magdalena,Río Coello,5.81818199157715,7.9236364364624,9,9,0.518115937709808,0.822463750839233,1,1,1.08000004291534,2010,06,31,12,12,12.9600005149841,0,12.9053716659546,2010-06-01,8.67590141296387,19.3335113525391,16.2615604400635
21220050,Pluviométrica,Convencional,Tolima,Ibagué,4.3534,-75.0531,680,1/15/1969,,Andes,Magdalena Cauca,Alto Magdalena,Río Coello,5.81818199157715,7.9236364364624,9,9,0.518115937709808,0.822463750839233,1,1,1.08000004291534,2010,06,32,45.1,45.1,48.708001935482,0,8.61157035827637,2010-06-01,2.41549706459045,11.1905155181885,7.5258150100708
21220050,Pluviométrica,Convencional,Tolima,Ibagué,4.3534,-75.0531,680,1/15/1969,,Andes,Magdalena Cauca,Alto Magdalena,Río Coello,5.81818199157715,7.9236364364624,9,9,0.518115937709808,0.822463750839233,1,1,1.08000004291534,2010,06,33,39.5,39.5,42.6600016951561,0,15.6713953018188,2010-06-01,12.587649345398,32.1737670898438,26.1736946105957
21220050,Pluviométrica,Convencional,Tolima,Ibagué,4.3534,-75.0531,680,1/15/1969,,Andes,Magdalena Cauca,Alto Magdalena,Río Coello,5.81818199157715,7.9236364364624,9,9,0.518115937709808,0.822463750839233,1,1,1.08000004291534,2010,06,34,79.8,79.8,86.1840034246445,0,38.0298271179199,2010-06-01,48.8438339233399,46.572696685791,48.2819633483887
21220050,Pluviométrica,Convencional,Tolima,Ibagué,4.3534,-75.0531,680,1/15/1969,,Andes,Magdalena Cauca,Alto Magdalena,Río Coello,5.81818199157715,7.9236364364624,9,9,0.518115937709808,0.822463750839233,1,1,1.08000004291534,2010,06,35,11.3,11.3,12.2040004849434,0,14.5260038375854,2010-06-01,13.6790161132813,24.1880264282227,28.0660190582275
21220050,Pluviométrica,Convencional,Tolima,Ibagué,4.3534,-75.0531,680,1/15/1969,,Andes,Magdalena Cauca,Alto Magdalena,Río Coello,5.81818199157715,7.9236364364624,9,9,0.518115937709808,0.822463750839233,1,1,1.08000004291534,2010,06,36,46.1,46.1,49.7880019783974,0,13.6685733795166,2010-06-01,15.3835515975952,27.6958770751953,26.724250793457
21220050,Pluviométrica,Convencional,Tolima,Ibagué,4.3534,-75.0531,680,1/15/1969,,Andes,Magdalena Cauca,Alto Magdalena,Río Coello,5.81818199157715,7.9236364364624,9,9,0.518115937709808,0.822463750839233,1,1,1.0900000333786,2010,07,37,81.6,81.6,88.9440027236939,0,19.1257514953613,2010-07-01,28.5752277374268,48.3935966491699,64.8563919067383
21220050,Pluviométrica,Convencional,Tolima,Ibagué,4.3534,-75.0531,680,1/15/1969,,Andes,Magdalena Cauca,Alto Magdalena,Río Coello,5.81818199157715,7.9236364364624,9,9,0.518115937709808,0.822463750839233,1,1,1.0900000333786,2010,07,38,75.6,75.6,82.4040025234223,0,35.3813323974609,2010-07-01,59.1554756164551,80.7251586914063,85.037109375
21220050,Pluviométrica,Convencional,Tolima,Ibagué,4.3534,-75.0531,680,1/15/1969,,Andes,Magdalena Cauca,Alto Magdalena,Río Coello,5.81818199157715,7.9236364364624,9,9,0.518115937709808,0.822463750839233,1,1,1.0900000333786,2010,07,39,19,19,20.7100006341934,0,37.3655738830566,2010-07-01,60.9729804992676,51.0934944152832,58.3193702697754
21220050,Pluviométrica,Convencional,Tolima,Ibagué,4.3534,-75.0531,680,1/15/1969,,Andes,Magdalena Cauca,Alto Magdalena,Río Coello,5.81818199157715,7.9236364364624,9,9,0.518115937709808,0.822463750839233,1,1,1.0900000333786,2010,07,40,39.1,39.1,42.6190013051033,0,12.5124282836914,2010-07-01,13.0080261230469,17.5584335327148,15.1800336837769
21220050,Pluviométrica,Convencional,Tolima,Ibagué,4.3534,-75.0531,680,1/15/1969,,Andes,Magdalena Cauca,Alto Magdalena,Río Coello,5.81818199157715,7.9236364364624,9,9,0.518115937709808,0.822463750839233,1,1,1.0900000333786,2010,07,41,68,68,74.1200022697449,0,5.5038652420044,2010-07-01,2.34559011459351,10.0788516998291,8.27809715270996
21220050,Pluviométrica,Convencional,Tolima,Ibagué,4.3534,-75.0531,680,1/15/1969,,Andes,Magdalena Cauca,Alto Magdalena,Río Coello,5.81818199157715,7.9236364364624,9,9,0.518115937709808,0.822463750839233,1,1,1.0900000333786,2010,07,42,0,0,0,0,26.0458316802979,2010-07-01,26.4257125854492,21.9171962738037,18.2572841644287
21220050,Pluviométrica,Convencional,Tolima,Ibagué,4.3534,-75.0531,680,1/15/1969,,Andes,Magdalena Cauca,Alto Magdalena,Río Coello,5.81818199157715,7.9236364364624,9,9,0.518115937709808,0.822463750839233,1,1,1.08000004291534,2010,08,43,46,46,49.6800019741058,0,7.73041296005249,2010-08-01,5.49371671676636,9.06969165802002,7.83343076705933
21220050,Pluviométrica,Convencional,Tolima,Ibagué,4.3534,-75.0531,680,1/15/1969,,Andes,Magdalena Cauca,Alto Magdalena,Río Coello,5.81818199157715,7.9236364364624,9,9,0.518115937709808,0.822463750839233,1,1,1.08000004291534,2010,08,44,0,0,0,0,1.33744728565216,2010-08-01,0,1.08394992351532,0
21220050,Pluviométrica,Convencional,Tolima,Ibagué,4.3534,-75.0531,680,1/15/1969,,Andes,Magdalena Cauca,Alto Magdalena,Río Coello,5.81818199157715,7.9236364364624,9,9,0.518115937709808,0.822463750839233,1,1,1.08000004291534,2010,08,45,0,0,0,0,1.28916478157043,2010-08-01,0,1.42697715759277,0
21220050,Pluviométrica,Convencional,Tolima,Ibagué,4.3534,-75.0531,680,1/15/1969,,Andes,Magdalena Cauca,Alto Magdalena,Río Coello,5.81818199157715,7.9236364364624,9,9,0.518115937709808,0.822463750839233,1,1,1.08000004291534,2010,08,46,0,0,0,0,12.2628240585327,2010-08-01,10.9636745452881,8.61882972717285,11.9075422286987
21220050,Pluviométrica,Convencional,Tolima,Ibagué,4.3534,-75.0531,680,1/15/1969,,Andes,Magdalena Cauca,Alto Magdalena,Río Coello,5.81818199157715,7.9236364364624,9,9,0.518115937709808,0.822463750839233,1,1,1.08000004291534,2010,08,47,0.3,0.3,0.324000012874603,0,6.96952390670776,2010-08-01,4.32937812805176,5.59348773956299,4.65972280502319
21220050,Pluviométrica,Convencional,Tolima,Ibagué,4.3534,-75.0531,680,1/15/1969,,Andes,Magdalena Cauca,Alto Magdalena,Río Coello,5.81818199157715,7.9236364364624,9,9,0.518115937709808,0.822463750839233,1,1,1.08000004291534,2010,08,48,17.4,17.4,18.792000746727,0,25.9260730743408,2010-08-01,23.4168739318848,41.5427360534668,35.2849006652832
21220050,Pluviométrica,Convencional,Tolima,Ibagué,4.3534,-75.0531,680,1/15/1969,,Andes,Magdalena Cauca,Alto Magdalena,Río Coello,5.81818199157715,7.9236364364624,9,9,0.518115937709808,0.822463750839233,1,1,1.08000004291534,2010,09,49,49,49,52.9200021028519,0,56.2432289123535,2010-09-01,77.6670379638672,61.8523979187012,61.8975448608398
21220050,Pluviométrica,Convencional,Tolima,Ibagué,4.3534,-75.0531,680,1/15/1969,,Andes,Magdalena Cauca,Alto Magdalena,Río Coello,5.81818199157715,7.9236364364624,9,9,0.518115937709808,0.822463750839233,1,1,1.08000004291534,2010,09,50,0,0,0,0,4.32924318313599,2010-09-01,2.98690462112427,4.44862222671509,4.01072883605957
21220050,Pluviométrica,Convencional,Tolima,Ibagué,4.3534,-75.0531,680,1/15/1969,,Andes,Magdalena Cauca,Alto Magdalena,Río Coello,5.81818199157715,7.9236364364624,9,9,0.518115937709808,0.822463750839233,1,1,1.08000004291534,2010,09,51,2.4,2.4,2.59200010299683,0,5.56333351135254,2010-09-01,4.82334518432617,4.97327089309692,4.58837890625
21220050,Pluviométrica,Convencional,Tolima,Ibagué,4.3534,-75.0531,680,1/15/1969,,Andes,Magdalena Cauca,Alto Magdalena,Río Coello,5.81818199157715,7.9236364364624,9,9,0.518115937709808,0.822463750839233,1,1,1.08000004291534,2010,09,52,0,0,0,0,32.4435424804688,2010-09-01,40.9617080688477,20.9661769866943,18.2706756591797
21220050,Pluviométrica,Convencional,Tolima,Ibagué,4.3534,-75.0531,680,1/15/1969,,Andes,Magdalena Cauca,Alto Magdalena,Río Coello,5.81818199157715,7.9236364364624,9,9,0.518115937709808,0.822463750839233,1,1,1.08000004291534,2010,09,53,3.7,3.7,3.99600015878677,0,15.1100835800171,2010-09-01,15.834361076355,27.6132049560547,20.4252624511719
21220050,Pluviométrica,Convencional,Tolima,Ibagué,4.3534,-75.0531,680,1/15/1969,,Andes,Magdalena Cauca,Alto Magdalena,Río Coello,5.81818199157715,7.9236364364624,9,9,0.518115937709808,0.822463750839233,1,1,1.08000004291534,2010,09,54,37.4,37.4,40.3920016050339,0,9.2189416885376,2010-09-01,13.8451452255249,20.8494453430176,29.5062408447266
21220050,Pluviométrica,Convencional,Tolima,Ibagué,4.3534,-75.0531,680,1/15/1969,,Andes,Magdalena Cauca,Alto Magdalena,Río Coello,5.81818199157715,7.9236364364624,9,9,0.518115937709808,0.822463750839233,1,1,1.07000005245209,2010,10,55,7.2,7.2,7.70400037765503,0,51.6919746398926,2010-10-01,53.4580116271973,36.4398345947266,37.926139831543
21220050,Pluviométrica,Convencional,Tolima,Ibagué,4.3534,-75.0531,680,1/15/1969,,Andes,Magdalena Cauca,Alto Magdalena,Río Coello,5.81818199157715,7.9236364364624,9,9,0.518115937709808,0.822463750839233,1,1,1.07000005245209,2010,10,56,0,0,0,0,11.8093109130859,2010-10-01,0,10.3459510803223,0
21220050,Pluviométrica,Convencional,Tolima,Ibagué,4.3534,-75.0531,680,1/15/1969,,Andes,Magdalena Cauca,Alto Magdalena,Río Coello,5.81818199157715,7.9236364364624,9,9,0.518115937709808,0.822463750839233,1,1,1.07000005245209,2010,10,57,19,19,20.3300009965897,0,19.7910652160645,2010-10-01,9.6767635345459,12.9605007171631,10.92955493927
21220050,Pluviométrica,Convencional,Tolima,Ibagué,4.3534,-75.0531,680,1/15/1969,,Andes,Magdalena Cauca,Alto Magdalena,Río Coello,5.81818199157715,7.9236364364624,9,9,0.518115937709808,0.822463750839233,1,1,1.07000005245209,2010,10,58,26.5,26.5,28.3550013899803,0,52.0763664245606,2010-10-01,54.5151252746582,27.8223209381104,33.3060035705566
21220050,Pluviométrica,Convencional,Tolima,Ibagué,4.3534,-75.0531,680,1/15/1969,,Andes,Magdalena Cauca,Alto Magdalena,Río Coello,5.81818199157715,7.9236364364624,9,9,0.518115937709808,0.822463750839233,1,1,1.07000005245209,2010,10,59,4.6,4.6,4.9220002412796,0,20.5875015258789,2010-10-01,13.902774810791,14.9097499847412,13.1832723617554
21220050,Pluviométrica,Convencional,Tolima,Ibagué,4.3534,-75.0531,680,1/15/1969,,Andes,Magdalena Cauca,Alto Magdalena,Río Coello,5.81818199157715,7.9236364364624,9,9,0.518115937709808,0.822463750839233,1,1,1.07000005245209,2010,10,60,0,0,0,0,76.6523971557617,2010-10-01,65.1817016601563,43.2238235473633,38.2587432861328
21220050,Pluviométrica,Convencional,Tolima,Ibagué,4.3534,-75.0531,680,1/15/1969,,Andes,Magdalena Cauca,Alto Magdalena,Río Coello,5.81818199157715,7.9236364364624,9,9,0.518115937709808,0.822463750839233,1,1,1.05999994277954,2010,11,61,0,0,0,0,42.2479095458984,2010-11-01,31.6695423126221,33.7805900573731,25.9058170318604
21220050,Pluviométrica,Convencional,Tolima,Ibagué,4.3534,-75.0531,680,1/15/1969,,Andes,Magdalena Cauca,Alto Magdalena,Río Coello,5.81818199157715,7.9236364364624,9,9,0.518115937709808,0.822463750839233,1,1,1.05999994277954,2010,11,62,12.1,12.1,12.8259993076324,0,46.5597076416016,2010-11-01,35.8405456542969,44.211124420166,36.2656326293945
21220050,Pluviométrica,Convencional,Tolima,Ibagué,4.3534,-75.0531,680,1/15/1969,,Andes,Magdalena Cauca,Alto Magdalena,Río Coello,5.81818199157715,7.9236364364624,9,9,0.518115937709808,0.822463750839233,1,1,1.05999994277954,2010,11,63,0,0,0,0,35.2230339050293,2010-11-01,22.5711002349854,27.9418983459473,22.5930309295654
21220050,Pluviométrica,Convencional,Tolima,Ibagué,4.3534,-75.0531,680,1/15/1969,,Andes,Magdalena Cauca,Alto Magdalena,Río Coello,5.81818199157715,7.9236364364624,9,9,0.518115937709808,0.822463750839233,1,1,1.05999994277954,2010,11,64,26.8,26.8,28.4079984664917,0,51.9032363891602,2010-11-01,42.7466239929199,32.858512878418,30.9986896514893
21220050,Pluviométrica,Convencional,Tolima,Ibagué,4.3534,-75.0531,680,1/15/1969,,Andes,Magdalena Cauca,Alto Magdalena,Río Coello,5.81818199157715,7.9236364364624,9,9,0.518115937709808,0.822463750839233,1,1,1.05999994277954,2010,11,65,0,0,0,0,12.8972826004028,2010-11-01,1.87133181095123,10.631443977356,3.42535996437073
21220050,Pluviométrica,Convencional,Tolima,Ibagué,4.3534,-75.0531,680,1/15/1969,,Andes,Magdalena Cauca,Alto Magdalena,Río Coello,5.81818199157715,7.9236364364624,9,9,0.518115937709808,0.822463750839233,1,1,1.05999994277954,2010,11,66,19,19,20.1399989128113,0,14.1723518371582,2010-11-01,4.37697076797485,16.9075260162354,10.2065362930298
21220050,Pluviométrica,Convencional,Tolima,Ibagué,4.3534,-75.0531,680,1/15/1969,,Andes,Magdalena Cauca,Alto Magdalena,Río Coello,5.81818199157715,7.9236364364624,9,9,0.518115937709808,0.822463750839233,1,1,1.08000004291534,2010,12,67,47.5,47.5,51.3000020384789,0,68.1767883300781,2010-12-01,99.6533432006836,47.8250389099121,54.0173492431641
21220050,Pluviométrica,Convencional,Tolima,Ibagué,4.3534,-75.0531,680,1/15/1969,,Andes,Magdalena Cauca,Alto Magdalena,Río Coello,5.81818199157715,7.9236364364624,9,9,0.518115937709808,0.822463750839233,1,1,1.08000004291534,2010,12,68,15.5,15.5,16.7400006651878,0,16.2112064361572,2010-12-01,12.8459329605103,15.9672241210938,24.577938079834
21220050,Pluviométrica,Convencional,Tolima,Ibagué,4.3534,-75.0531,680,1/15/1969,,Andes,Magdalena Cauca,Alto Magdalena,Río Coello,5.81818199157715,7.9236364364624,9,9,0.518115937709808,0.822463750839233,1,1,1.08000004291534,2010,12,69,4.9,4.9,5.29200021028519,0,25.4312381744385,2010-12-01,29.132022857666,17.529468536377,19.9857273101807
21220050,Pluviométrica,Convencional,Tolima,Ibagué,4.3534,-75.0531,680,1/15/1969,,Andes,Magdalena Cauca,Alto Magdalena,Río Coello,5.81818199157715,7.9236364364624,9,9,0.518115937709808,0.822463750839233,1,1,1.08000004291534,2010,12,70,0,0,0,0,29.8334503173828,2010-12-01,31.5250682830811,11.8451328277588,17.3071842193604
21220050,Pluviométrica,Convencional,Tolima,Ibagué,4.3534,-75.0531,680,1/15/1969,,Andes,Magdalena Cauca,Alto Magdalena,Río Coello,5.81818199157715,7.9236364364624,9,9,0.518115937709808,0.822463750839233,1,1,1.08000004291534,2010,12,71,56.8,56.8,61.3440024375916,0,17.3647041320801,2010-12-01,15.0555744171143,37.0142631530762,39.4473762512207
21220050,Pluviométrica,Convencional,Tolima,Ibagué,4.3534,-75.0531,680,1/15/1969,,Andes,Magdalena Cauca,Alto Magdalena,Río Coello,5.81818199157715,7.9236364364624,9,9,0.518115937709808,0.822463750839233,1,1,1.08000004291534,2010,12,72,5.3,5.3,5.72400022745133,0,17.2903270721436,2010-12-01,5.79787540435791,18.3722705841064,9.62969017028809
21220050,Pluviométrica,Convencional,Tolima,Ibagué,4.3534,-75.0531,680,1/15/1969,,Andes,Magdalena Cauca,Alto Magdalena,Río Coello,5.81818199157715,7.9236364364624,9,9,0.518115937709808,0.822463750839233,1,1,1.08000004291534,2011,01,1,0,0,0,0,8.02491569519043,2011-01-01,5.2332034111023,11.5081548690796,16.3853397369385
21220050,Pluviométrica,Convencional,Tolima,Ibagué,4.3534,-75.0531,680,1/15/1969,,Andes,Magdalena Cauca,Alto Magdalena,Río Coello,5.81818199157715,7.9236364364624,9,9,0.518115937709808,0.822463750839233,1,1,1.08000004291534,2011,01,2,7.1,7.1,7.66800030469894,0,16.2246265411377,2011-01-01,16.981466293335,14.3955497741699,16.5301380157471
21220050,Pluviométrica,Convencional,Tolima,Ibagué,4.3534,-75.0531,680,1/15/1969,,Andes,Magdalena Cauca,Alto Magdalena,Río Coello,5.81818199157715,7.9236364364624,9,9,0.518115937709808,0.822463750839233,1,1,1.08000004291534,2011,01,3,0,0,0,0,5.57815647125244,2011-01-01,0.587421715259552,5.7857346534729,1.32134819030762
21220050,Pluviométrica,Convencional,Tolima,Ibagué,4.3534,-75.0531,680,1/15/1969,,Andes,Magdalena Cauca,Alto Magdalena,Río Coello,5.81818199157715,7.9236364364624,9,9,0.518115937709808,0.822463750839233,1,1,1.08000004291534,2011,01,4,0,0,0,0,16.0826358795166,2011-01-01,14.5713481903076,11.5808353424072,12.5446653366089
21220050,Pluviométrica,Convencional,Tolima,Ibagué,4.3534,-75.0531,680,1/15/1969,,Andes,Magdalena Cauca,Alto Magdalena,Río Coello,5.81818199157715,7.9236364364624,9,9,0.518115937709808,0.822463750839233,1,1,1.08000004291534,2011,01,5,0,0,0,0,5.43301773071289,2011-01-01,0.739561557769775,3.13799548149109,0.700378358364105
21220050,Pluviométrica,Convencional,Tolima,Ibagué,4.3534,-75.0531,680,1/15/1969,,Andes,Magdalena Cauca,Alto Magdalena,Río Coello,5.81818199157715,7.9236364364624,9,9,0.518115937709808,0.822463750839233,1,1,1.08000004291534,2011,01,6,2.5,2.5,2.70000010728836,0,8.93948268890381,2011-01-01,0,10.1427879333496,0
21220050,Pluviométrica,Convencional,Tolima,Ibagué,4.3534,-75.0531,680,1/15/1969,,Andes,Magdalena Cauca,Alto Magdalena,Río Coello,5.81818199157715,7.9236364364624,9,9,0.518115937709808,0.822463750839233,1,1,1.08000004291534,2011,02,7,4,4,4.32000017166138,0,17.9015197753906,2011-02-01,19.831974029541,10.7815065383911,10.2140035629272
21220050,Pluviométrica,Convencional,Tolima,Ibagué,4.3534,-75.0531,680,1/15/1969,,Andes,Magdalena Cauca,Alto Magdalena,Río Coello,5.81818199157715,7.9236364364624,9,9,0.518115937709808,0.822463750839233,1,1,1.08000004291534,2011,02,8,21,21,22.6800009012222,0,11.3651599884033,2011-02-01,7.33065843582153,22.109676361084,19.2106246948242
21220050,Pluviométrica,Convencional,Tolima,Ibagué,4.3534,-75.0531,680,1/15/1969,,Andes,Magdalena Cauca,Alto Magdalena,Río Coello,5.81818199157715,7.9236364364624,9,9,0.518115937709808,0.822463750839233,1,1,1.08000004291534,2011,02,9,6.8,6.8,7.34400029182434,0,58.9597129821777,2011-02-01,92.6938171386719,37.9901123046875,45.0054206848145
21220050,Pluviométrica,Convencional,Tolima,Ibagué,4.3534,-75.0531,680,1/15/1969,,Andes,Magdalena Cauca,Alto Magdalena,Río Coello,5.81818199157715,7.9236364364624,9,9,0.518115937709808,0.822463750839233,1,1,1.08000004291534,2011,02,10,0,0,0,0,58.7263069152832,2011-02-01,85.9348831176758,19.7082977294922,24.7127857208252
21220050,Pluviométrica,Convencional,Tolima,Ibagué,4.3534,-75.0531,680,1/15/1969,,Andes,Magdalena Cauca,Alto Magdalena,Río Coello,5.81818199157715,7.9236364364624,9,9,0.518115937709808,0.822463750839233,1,1,1.08000004291534,2011,02,11,19.2,19.2,20.7360008239746,0,17.1984634399414,2011-02-01,14.5648279190063,19.1754989624023,15.8784112930298
21220050,Pluviométrica,Convencional,Tolima,Ibagué,4.3534,-75.0531,680,1/15/1969,,Andes,Magdalena Cauca,Alto Magdalena,Río Coello,5.81818199157715,7.9236364364624,9,9,0.518115937709808,0.822463750839233,1,1,1.08000004291534,2011,02,12,24.7,24.7,26.676001060009,0,9.91529178619385,2011-02-01,14.2021579742432,14.4031744003296,17.1046943664551
21220050,Pluviométrica,Convencional,Tolima,Ibagué,4.3534,-75.0531,680,1/15/1969,,Andes,Magdalena Cauca,Alto Magdalena,Río Coello,5.81818199157715,7.9236364364624,9,9,0.518115937709808,0.822463750839233,1,1,1.07000005245209,2011,03,13,0,0,0,0,12.4020490646362,2011-03-01,6.41224765777588,10.2302551269531,7.34785890579224
21220050,Pluviométrica,Convencional,Tolima,Ibagué,4.3534,-75.0531,680,1/15/1969,,Andes,Magdalena Cauca,Alto Magdalena,Río Coello,5.81818199157715,7.9236364364624,9,9,0.518115937709808,0.822463750839233,1,1,1.07000005245209,2011,03,14,24.5,24.5,26.2150012850761,0,70.0923461914063,2011-03-01,67.3388214111328,41.1250610351563,41.2681503295898
21220050,Pluviométrica,Convencional,Tolima,Ibagué,4.3534,-75.0531,680,1/15/1969,,Andes,Magdalena Cauca,Alto Magdalena,Río Coello,5.81818199157715,7.9236364364624,9,9,0.518115937709808,0.822463750839233,1,1,1.07000005245209,2011,03,15,0,0,0,0,7.39022874832153,2011-03-01,0,3.93732333183289,0
21220050,Pluviométrica,Convencional,Tolima,Ibagué,4.3534,-75.0531,680,1/15/1969,,Andes,Magdalena Cauca,Alto Magdalena,Río Coello,5.81818199157715,7.9236364364624,9,9,0.518115937709808,0.822463750839233,1,1,1.07000005245209,2011,03,16,11.3,11.3,12.0910005927086,0,17.8687973022461,2011-03-01,8.47558403015137,28.1807689666748,20.1703720092773
21220050,Pluviométrica,Convencional,Tolima,Ibagué,4.3534,-75.0531,680,1/15/1969,,Andes,Magdalena Cauca,Alto Magdalena,Río Coello,5.81818199157715,7.9236364364624,9,9,0.518115937709808,0.822463750839233,1,1,1.07000005245209,2011,03,17,54.2,54.2,57.9940028429031,0,40.5128402709961,2011-03-01,40.9280967712402,72.5069580078125,74.000617980957
21220050,Pluviométrica,Convencional,Tolima,Ibagué,4.3534,-75.0531,680,1/15/1969,,Andes,Magdalena Cauca,Alto Magdalena,Río Coello,5.81818199157715,7.9236364364624,9,9,0.518115937709808,0.822463750839233,1,1,1.07000005245209,2011,03,18,74,74,79.1800038814545,0,42.2530174255371,2011-03-01,37.5751457214356,37.5772514343262,39.2354240417481
21220050,Pluviométrica,Convencional,Tolima,Ibagué,4.3534,-75.0531,680,1/15/1969,,Andes,Magdalena Cauca,Alto Magdalena,Río Coello,5.81818199157715,7.9236364364624,9,9,0.518115937709808,0.822463750839233,1,1,1.05999994277954,2011,04,19,59.1,59.1,62.6459966182709,0,22.1479606628418,2011-04-01,22.8093280792236,47.6850738525391,51.3443565368652
21220050,Pluviométrica,Convencional,Tolima,Ibagué,4.3534,-75.0531,680,1/15/1969,,Andes,Magdalena Cauca,Alto Magdalena,Río Coello,5.81818199157715,7.9236364364624,9,9,0.518115937709808,0.822463750839233,1,1,1.05999994277954,2011,04,20,36.5,36.5,38.6899979114533,0,47.3714141845703,2011-04-01,48.2672348022461,49.2697868347168,48.4362640380859
21220050,Pluviométrica,Convencional,Tolima,Ibagué,4.3534,-75.0531,680,1/15/1969,,Andes,Magdalena Cauca,Alto Magdalena,Río Coello,5.81818199157715,7.9236364364624,9,9,0.518115937709808,0.822463750839233,1,1,1.05999994277954,2011,04,21,27.7,27.7,29.3619984149933,0,18.9679470062256,2011-04-01,21.7913608551025,27.4054908752441,33.7267990112305
21220050,Pluviométrica,Convencional,Tolima,Ibagué,4.3534,-75.0531,680,1/15/1969,,Andes,Magdalena Cauca,Alto Magdalena,Río Coello,5.81818199157715,7.9236364364624,9,9,0.518115937709808,0.822463750839233,1,1,1.05999994277954,2011,04,22,69.1,69.1,73.2459960460663,0,34.1006698608398,2011-04-01,38.8043556213379,75.4142227172852,85.5300216674805
21220050,Pluviométrica,Convencional,Tolima,Ibagué,4.3534,-75.0531,680,1/15/1969,,Andes,Magdalena Cauca,Alto Magdalena,Río Coello,5.81818199157715,7.9236364364624,9,9,0.518115937709808,0.822463750839233,1,1,1.05999994277954,2011,04,23,18.2,18.2,19.2919989585876,0,22.0262432098389,2011-04-01,18.6914939880371,25.63938331604,22.472146987915
21220050,Pluviométrica,Convencional,Tolima,Ibagué,4.3534,-75.0531,680,1/15/1969,,Andes,Magdalena Cauca,Alto Magdalena,Río Coello,5.81818199157715,7.9236364364624,9,9,0.518115937709808,0.822463750839233,1,1,1.05999994277954,2011,04,24,8,8,8.47999954223633,0,43.7287063598633,2011-04-01,41.9062576293945,36.6199722290039,35.5814170837402
21220050,Pluviométrica,Convencional,Tolima,Ibagué,4.3534,-75.0531,680,1/15/1969,,Andes,Magdalena Cauca,Alto Magdalena,Río Coello,5.81818199157715,7.9236364364624,9,9,0.518115937709808,0.822463750839233,1,1,1.05999994277954,2011,05,25,48.5,48.5,51.4099972248078,0,72.0252304077149,2011-05-01,81.1599655151367,74.5618438720703,78.2037658691406
21220050,Pluviométrica,Convencional,Tolima,Ibagué,4.3534,-75.0531,680,1/15/1969,,Andes,Magdalena Cauca,Alto Magdalena,Río Coello,5.81818199157715,7.9236364364624,9,9,0.518115937709808,0.822463750839233,1,1,1.05999994277954,2011,05,26,0,0,0,0,1.68418741226196,2011-05-01,0.489177227020264,1.37202978134155,1.33424282073975
21220050,Pluviométrica,Convencional,Tolima,Ibagué,4.3534,-75.0531,680,1/15/1969,,Andes,Magdalena Cauca,Alto Magdalena,Río Coello,5.81818199157715,7.9236364364624,9,9,0.518115937709808,0.822463750839233,1,1,1.05999994277954,2011,05,27,16.5,16.5,17.4899990558624,0,45.3177947998047,2011-05-01,46.4144287109375,37.3176574707031,37.3171234130859
21220050,Pluviométrica,Convencional,Tolima,Ibagué,4.3534,-75.0531,680,1/15/1969,,Andes,Magdalena Cauca,Alto Magdalena,Río Coello,5.81818199157715,7.9236364364624,9,9,0.518115937709808,0.822463750839233,1,1,1.05999994277954,2011,05,28,14.4,14.4,15.2639991760254,0,52.6438789367676,2011-05-01,51.5527191162109,31.344820022583,31.3733711242676
21220050,Pluviométrica,Convencional,Tolima,Ibagué,4.3534,-75.0531,680,1/15/1969,,Andes,Magdalena Cauca,Alto Magdalena,Río Coello,5.81818199157715,7.9236364364624,9,9,0.518115937709808,0.822463750839233,1,1,1.05999994277954,2011,05,29,51.4,51.4,54.4839970588684,0,41.3534736633301,2011-05-01,40.5417289733887,50.7009735107422,52.8080177307129
21220050,Pluviométrica,Convencional,Tolima,Ibagué,4.3534,-75.0531,680,1/15/1969,,Andes,Magdalena Cauca,Alto Magdalena,Río Coello,5.81818199157715,7.9236364364624,9,9,0.518115937709808,0.822463750839233,1,1,1.05999994277954,2011,05,30,4.9,4.9,5.19399971961975,0,3.56366395950317,2011-05-01,0,4.35570049285889,0
21220050,Pluviométrica,Convencional,Tolima,Ibagué,4.3534,-75.0531,680,1/15/1969,,Andes,Magdalena Cauca,Alto Magdalena,Río Coello,5.81818199157715,7.9236364364624,9,9,0.518115937709808,0.822463750839233,1,1,1.08000004291534,2011,06,31,16.3,16.3,17.6040006995201,0,42.9012794494629,2011-06-01,46.6310539245606,30.3767490386963,30.8314075469971
21220050,Pluviométrica,Convencional,Tolima,Ibagué,4.3534,-75.0531,680,1/15/1969,,Andes,Magdalena Cauca,Alto Magdalena,Río Coello,5.81818199157715,7.9236364364624,9,9,0.518115937709808,0.822463750839233,1,1,1.08000004291534,2011,06,32,9.2,9.2,9.93600039482117,0,9.57838821411133,2011-06-01,6.59095668792725,9.74976062774658,14.4575824737549
21220050,Pluviométrica,Convencional,Tolima,Ibagué,4.3534,-75.0531,680,1/15/1969,,Andes,Magdalena Cauca,Alto Magdalena,Río Coello,5.81818199157715,7.9236364364624,9,9,0.518115937709808,0.822463750839233,1,1,1.08000004291534,2011,06,33,0,0,0,0,5.80432558059692,2011-06-01,0,3.06916761398315,0
21220050,Pluviométrica,Convencional,Tolima,Ibagué,4.3534,-75.0531,680,1/15/1969,,Andes,Magdalena Cauca,Alto Magdalena,Río Coello,5.81818199157715,7.9236364364624,9,9,0.518115937709808,0.822463750839233,1,1,1.08000004291534,2011,06,34,0,0,0,0,12.4611692428589,2011-06-01,10.0788869857788,9.96486186981201,9.37324810028076
21220050,Pluviométrica,Convencional,Tolima,Ibagué,4.3534,-75.0531,680,1/15/1969,,Andes,Magdalena Cauca,Alto Magdalena,Río Coello,5.81818199157715,7.9236364364624,9,9,0.518115937709808,0.822463750839233,1,1,1.08000004291534,2011,06,35,26.5,26.5,28.6200011372566,0,24.9710063934326,2011-06-01,33.2138442993164,23.3305683135986,29.2191371917725
21220050,Pluviométrica,Convencional,Tolima,Ibagué,4.3534,-75.0531,680,1/15/1969,,Andes,Magdalena Cauca,Alto Magdalena,Río Coello,5.81818199157715,7.9236364364624,9,9,0.518115937709808,0.822463750839233,1,1,1.08000004291534,2011,06,36,19.9,19.9,21.4920008540153,0,19.5761051177979,2011-06-01,25.1285400390625,24.7932472229004,33.1546440124512
21220050,Pluviométrica,Convencional,Tolima,Ibagué,4.3534,-75.0531,680,1/15/1969,,Andes,Magdalena Cauca,Alto Magdalena,Río Coello,5.81818199157715,7.9236364364624,9,9,0.518115937709808,0.822463750839233,1,1,1.0900000333786,2011,07,37,0,0,0,0,5.95440912246704,2011-07-01,5.0679235458374,4.1271276473999,4.43691301345825
21220050,Pluviométrica,Convencional,Tolima,Ibagué,4.3534,-75.0531,680,1/15/1969,,Andes,Magdalena Cauca,Alto Magdalena,Río Coello,5.81818199157715,7.9236364364624,9,9,0.518115937709808,0.822463750839233,1,1,1.0900000333786,2011,07,38,0,0,0,0,5.14822626113892,2011-07-01,3.88173842430115,2.92463231086731,3.04338645935059
21220050,Pluviométrica,Convencional,Tolima,Ibagué,4.3534,-75.0531,680,1/15/1969,,Andes,Magdalena Cauca,Alto Magdalena,Río Coello,5.81818199157715,7.9236364364624,9,9,0.518115937709808,0.822463750839233,1,1,1.0900000333786,2011,07,39,5.4,5.4,5.88600018024445,0,30.9411220550537,2011-07-01,46.6200828552246,16.8280715942383,23.158130645752
21220050,Pluviométrica,Convencional,Tolima,Ibagué,4.3534,-75.0531,680,1/15/1969,,Andes,Magdalena Cauca,Alto Magdalena,Río Coello,5.81818199157715,7.9236364364624,9,9,0.518115937709808,0.822463750839233,1,1,1.0900000333786,2011,07,40,0,0,0,0,2.69067692756653,2011-07-01,0,3.62919211387634,0
21220050,Pluviométrica,Convencional,Tolima,Ibagué,4.3534,-75.0531,680,1/15/1969,,Andes,Magdalena Cauca,Alto Magdalena,Río Coello,5.81818199157715,7.9236364364624,9,9,0.518115937709808,0.822463750839233,1,1,1.0900000333786,2011,07,41,0,0,0,0,2.87772870063782,2011-07-01,0,1.57165861129761,0
21220050,Pluviométrica,Convencional,Tolima,Ibagué,4.3534,-75.0531,680,1/15/1969,,Andes,Magdalena Cauca,Alto Magdalena,Río Coello,5.81818199157715,7.9236364364624,9,9,0.518115937709808,0.822463750839233,1,1,1.0900000333786,2011,07,42,4.5,4.5,4.90500015020371,0,14.5926837921143,2011-07-01,14.0168590545654,15.2660531997681,17.255578994751
21220050,Pluviométrica,Convencional,Tolima,Ibagué,4.3534,-75.0531,680,1/15/1969,,Andes,Magdalena Cauca,Alto Magdalena,Río Coello,5.81818199157715,7.9236364364624,9,9,0.518115937709808,0.822463750839233,1,1,1.08000004291534,2011,08,43,11.5,11.5,12.4200004935265,0,15.5860214233398,2011-08-01,17.7444438934326,10.5651998519897,12.0689487457275
21220050,Pluviométrica,Convencional,Tolima,Ibagué,4.3534,-75.0531,680,1/15/1969,,Andes,Magdalena Cauca,Alto Magdalena,Río Coello,5.81818199157715,7.9236364364624,9,9,0.518115937709808,0.822463750839233,1,1,1.08000004291534,2011,08,44,0,0,0,0,1.33744728565216,2011-08-01,0,0.967688202857971,0
21220050,Pluviométrica,Convencional,Tolima,Ibagué,4.3534,-75.0531,680,1/15/1969,,Andes,Magdalena Cauca,Alto Magdalena,Río Coello,5.81818199157715,7.9236364364624,9,9,0.518115937709808,0.822463750839233,1,1,1.08000004291534,2011,08,45,7.4,7.4,7.99200031757355,0,4.20750427246094,2011-08-01,0.340031147003174,4.61429595947266,0.650543808937073
21220050,Pluviométrica,Convencional,Tolima,Ibagué,4.3534,-75.0531,680,1/15/1969,,Andes,Magdalena Cauca,Alto Magdalena,Río Coello,5.81818199157715,7.9236364364624,9,9,0.518115937709808,0.822463750839233,1,1,1.08000004291534,2011,08,46,9,9,9.7200003862381,0,14.3330345153809,2011-08-01,12.2641830444336,12.6349220275879,10.3108148574829
21220050,Pluviométrica,Convencional,Tolima,Ibagué,4.3534,-75.0531,680,1/15/1969,,Andes,Magdalena Cauca,Alto Magdalena,Río Coello,5.81818199157715,7.9236364364624,9,9,0.518115937709808,0.822463750839233,1,1,1.08000004291534,2011,08,47,0,0,0,0,19.1843795776367,2011-08-01,18.9736843109131,12.8563947677612,12.9283905029297
21220050,Pluviométrica,Convencional,Tolima,Ibagué,4.3534,-75.0531,680,1/15/1969,,Andes,Magdalena Cauca,Alto Magdalena,Río Coello,5.81818199157715,7.9236364364624,9,9,0.518115937709808,0.822463750839233,1,1,1.08000004291534,2011,08,48,7.9,7.9,8.53200033903122,0,20.9039745330811,2011-08-01,19.2398433685303,15.6031408309937,14.2081117630005
21220050,Pluviométrica,Convencional,Tolima,Ibagué,4.3534,-75.0531,680,1/15/1969,,Andes,Magdalena Cauca,Alto Magdalena,Río Coello,5.81818199157715,7.9236364364624,9,9,0.518115937709808,0.822463750839233,1,1,1.08000004291534,2011,09,49,0,0,0,0,4.0723295211792,2011-09-01,1.18813800811768,2.32643437385559,1.12007904052734
21220050,Pluviométrica,Convencional,Tolima,Ibagué,4.3534,-75.0531,680,1/15/1969,,Andes,Magdalena Cauca,Alto Magdalena,Río Coello,5.81818199157715,7.9236364364624,9,9,0.518115937709808,0.822463750839233,1,1,1.08000004291534,2011,09,50,28.3,28.3,30.5640012145042,0,12.1998853683472,2011-09-01,12.1632242202759,19.2870922088623,20.5561943054199
21220050,Pluviométrica,Convencional,Tolima,Ibagué,4.3534,-75.0531,680,1/15/1969,,Andes,Magdalena Cauca,Alto Magdalena,Río Coello,5.81818199157715,7.9236364364624,9,9,0.518115937709808,0.822463750839233,1,1,1.08000004291534,2011,09,51,0,0,0,0,21.2627239227295,2011-09-01,27.2999668121338,7.62638092041016,11.8427124023438
21220050,Pluviométrica,Convencional,Tolima,Ibagué,4.3534,-75.0531,680,1/15/1969,,Andes,Magdalena Cauca,Alto Magdalena,Río Coello,5.81818199157715,7.9236364364624,9,9,0.518115937709808,0.822463750839233,1,1,1.08000004291534,2011,09,52,11.7,11.7,12.6360005021095,0,24.1473026275635,2011-09-01,32.3229751586914,33.5013999938965,35.5968170166016
21220050,Pluviométrica,Convencional,Tolima,Ibagué,4.3534,-75.0531,680,1/15/1969,,Andes,Magdalena Cauca,Alto Magdalena,Río Coello,5.81818199157715,7.9236364364624,9,9,0.518115937709808,0.822463750839233,1,1,1.08000004291534,2011,09,53,27.5,27.5,29.700001180172,0,24.8789901733398,2011-09-01,28.1256484985352,23.3861865997314,21.8711242675781
21220050,Pluviométrica,Convencional,Tolima,Ibagué,4.3534,-75.0531,680,1/15/1969,,Andes,Magdalena Cauca,Alto Magdalena,Río Coello,5.81818199157715,7.9236364364624,9,9,0.518115937709808,0.822463750839233,1,1,1.08000004291534,2011,09,54,1.2,1.2,1.29600005149841,0,12.9061002731323,2011-09-01,14.4539184570313,7.68666172027588,8.19127464294434
21220050,Pluviométrica,Convencional,Tolima,Ibagué,4.3534,-75.0531,680,1/15/1969,,Andes,Magdalena Cauca,Alto Magdalena,Río Coello,5.81818199157715,7.9236364364624,9,9,0.518115937709808,0.822463750839233,1,1,1.07000005245209,2011,10,55,37.2,37.2,39.8040019512177,0,41.2453231811524,2011-10-01,36.9955749511719,47.3752555847168,50.5045547485352
21220050,Pluviométrica,Convencional,Tolima,Ibagué,4.3534,-75.0531,680,1/15/1969,,Andes,Magdalena Cauca,Alto Magdalena,Río Coello,5.81818199157715,7.9236364364624,9,9,0.518115937709808,0.822463750839233,1,1,1.07000005245209,2011,10,56,42.4,42.4,45.3680022239685,0,37.7431869506836,2011-10-01,31.6214942932129,34.324161529541,31.713508605957
21220050,Pluviométrica,Convencional,Tolima,Ibagué,4.3534,-75.0531,680,1/15/1969,,Andes,Magdalena Cauca,Alto Magdalena,Río Coello,5.81818199157715,7.9236364364624,9,9,0.518115937709808,0.822463750839233,1,1,1.07000005245209,2011,10,57,6,6,6.42000031471252,0,59.748104095459,2011-10-01,61.7473487854004,39.4015693664551,43.4134483337402
21220050,Pluviométrica,Convencional,Tolima,Ibagué,4.3534,-75.0531,680,1/15/1969,,Andes,Magdalena Cauca,Alto Magdalena,Río Coello,5.81818199157715,7.9236364364624,9,9,0.518115937709808,0.822463750839233,1,1,1.07000005245209,2011,10,58,18.5,18.5,19.7950009703636,0,77.2309646606445,2011-10-01,87.2504959106445,39.7958145141602,42.132080078125
21220050,Pluviométrica,Convencional,Tolima,Ibagué,4.3534,-75.0531,680,1/15/1969,,Andes,Magdalena Cauca,Alto Magdalena,Río Coello,5.81818199157715,7.9236364364624,9,9,0.518115937709808,0.822463750839233,1,1,1.07000005245209,2011,10,59,0,0,0,0,21.6643695831299,2011-10-01,13.902774810791,10.7631635665894,9.06469249725342
21220050,Pluviométrica,Convencional,Tolima,Ibagué,4.3534,-75.0531,680,1/15/1969,,Andes,Magdalena Cauca,Alto Magdalena,Río Coello,5.81818199157715,7.9236364364624,9,9,0.518115937709808,0.822463750839233,1,1,1.07000005245209,2011,10,60,41.8,41.8,44.7260021924973,0,48.0690536499024,2011-10-01,39.3945732116699,43.173698425293,42.2041473388672
21220050,Pluviométrica,Convencional,Tolima,Ibagué,4.3534,-75.0531,680,1/15/1969,,Andes,Magdalena Cauca,Alto Magdalena,Río Coello,5.81818199157715,7.9236364364624,9,9,0.518115937709808,0.822463750839233,1,1,1.05999994277954,2011,11,61,0,0,0,0,35.646858215332,2011-11-01,24.7841453552246,29.6019840240479,29.7580623626709
21220050,Pluviométrica,Convencional,Tolima,Ibagué,4.3534,-75.0531,680,1/15/1969,,Andes,Magdalena Cauca,Alto Magdalena,Río Coello,5.81818199157715,7.9236364364624,9,9,0.518115937709808,0.822463750839233,1,1,1.05999994277954,2011,11,62,35.1,35.1,37.2059979915619,0,41.3293075561523,2011-11-01,29.1897678375244,46.5246887207031,41.1464500427246
21220050,Pluviométrica,Convencional,Tolima,Ibagué,4.3534,-75.0531,680,1/15/1969,,Andes,Magdalena Cauca,Alto Magdalena,Río Coello,5.81818199157715,7.9236364364624,9,9,0.518115937709808,0.822463750839233,1,1,1.05999994277954,2011,11,63,18,18,19.0799989700317,0,22.445219039917,2011-11-01,9.39185047149658,34.9849548339844,21.5575733184814
21220050,Pluviométrica,Convencional,Tolima,Ibagué,4.3534,-75.0531,680,1/15/1969,,Andes,Magdalena Cauca,Alto Magdalena,Río Coello,5.81818199157715,7.9236364364624,9,9,0.518115937709808,0.822463750839233,1,1,1.05999994277954,2011,11,64,20.2,20.2,21.4119988441467,0,42.5764083862305,2011-11-01,34.1084518432617,30.0639877319336,26.3624248504639
21220050,Pluviométrica,Convencional,Tolima,Ibagué,4.3534,-75.0531,680,1/15/1969,,Andes,Magdalena Cauca,Alto Magdalena,Río Coello,5.81818199157715,7.9236364364624,9,9,0.518115937709808,0.822463750839233,1,1,1.05999994277954,2011,11,65,8.7,8.7,9.22199950218201,0,41.1387672424316,2011-11-01,29.2634162902832,37.9700241088867,36.7523918151856
21220050,Pluviométrica,Convencional,Tolima,Ibagué,4.3534,-75.0531,680,1/15/1969,,Andes,Magdalena Cauca,Alto Magdalena,Río Coello,5.81818199157715,7.9236364364624,9,9,0.518115937709808,0.822463750839233,1,1,1.05999994277954,2011,11,66,20.1,20.1,21.3059988498688,0,50.3289070129395,2011-11-01,40.5189323425293,40.4731140136719,35.6393585205078
21220050,Pluviométrica,Convencional,Tolima,Ibagué,4.3534,-75.0531,680,1/15/1969,,Andes,Magdalena Cauca,Alto Magdalena,Río Coello,5.81818199157715,7.9236364364624,9,9,0.518115937709808,0.822463750839233,1,1,1.08000004291534,2011,12,67,24.5,24.5,26.4600010514259,0,14.2210931777954,2011-12-01,12.1195659637451,21.2701721191406,20.72216796875
21220050,Pluviométrica,Convencional,Tolima,Ibagué,4.3534,-75.0531,680,1/15/1969,,Andes,Magdalena Cauca,Alto Magdalena,Río Coello,5.81818199157715,7.9236364364624,9,9,0.518115937709808,0.822463750839233,1,1,1.08000004291534,2011,12,68,5.3,5.3,5.72400022745133,0,11.7787771224976,2011-12-01,4.99557399749756,17.0602741241455,11.8883209228516
21220050,Pluviométrica,Convencional,Tolima,Ibagué,4.3534,-75.0531,680,1/15/1969,,Andes,Magdalena Cauca,Alto Magdalena,Río Coello,5.81818199157715,7.9236364364624,9,9,0.518115937709808,0.822463750839233,1,1,1.08000004291534,2011,12,69,1,1,1.08000004291534,0,14.142765045166,2011-12-01,5.66827249526978,14.2409954071045,10.0887861251831
21220050,Pluviométrica,Convencional,Tolima,Ibagué,4.3534,-75.0531,680,1/15/1969,,Andes,Magdalena Cauca,Alto Magdalena,Río Coello,5.81818199157715,7.9236364364624,9,9,0.518115937709808,0.822463750839233,1,1,1.08000004291534,2011,12,70,2.8,2.8,3.02400012016296,0,26.3197116851807,2011-12-01,28.4644336700439,28.1822814941406,29.1648082733154
21220050,Pluviométrica,Convencional,Tolima,Ibagué,4.3534,-75.0531,680,1/15/1969,,Andes,Magdalena Cauca,Alto Magdalena,Río Coello,5.81818199157715,7.9236364364624,9,9,0.518115937709808,0.822463750839233,1,1,1.08000004291534,2011,12,71,0,0,0,0,9.75035190582275,2011-12-01,0.937147617340088,8.14355278015137,2.14683079719543
21220050,Pluviométrica,Convencional,Tolima,Ibagué,4.3534,-75.0531,680,1/15/1969,,Andes,Magdalena Cauca,Alto Magdalena,Río Coello,5.81818199157715,7.9236364364624,9,9,0.518115937709808,0.822463750839233,1,1,1.08000004291534,2011,12,72,0,0,0,0,17.2903270721436,2011-12-01,5.79787540435791,12.8034448623657,9.23573398590088
21220050,Pluviométrica,Convencional,Tolima,Ibagué,4.3534,-75.0531,680,1/15/1969,,Andes,Magdalena Cauca,Alto Magdalena,Río Coello,5.81818199157715,7.9236364364624,9,9,0.518115937709808,0.822463750839233,1,1,1.08000004291534,2012,01,1,4.5,4.5,4.86000019311905,0,12.9139881134033,2012-01-01,9.0059986114502,10.5595054626465,7.77314519882202
21220050,Pluviométrica,Convencional,Tolima,Ibagué,4.3534,-75.0531,680,1/15/1969,,Andes,Magdalena Cauca,Alto Magdalena,Río Coello,5.81818199157715,7.9236364364624,9,9,0.518115937709808,0.822463750839233,1,1,1.08000004291534,2012,01,2,0,0,0,0,16.2246265411377,2012-01-01,16.981466293335,24.4642162322998,32.4968338012695
21220050,Pluviométrica,Convencional,Tolima,Ibagué,4.3534,-75.0531,680,1/15/1969,,Andes,Magdalena Cauca,Alto Magdalena,Río Coello,5.81818199157715,7.9236364364624,9,9,0.518115937709808,0.822463750839233,1,1,1.08000004291534,2012,01,3,34.5,34.5,37.2600014805794,0,11.4189958572388,2012-01-01,11.0913152694702,12.4397449493408,12.5664892196655
21220050,Pluviométrica,Convencional,Tolima,Ibagué,4.3534,-75.0531,680,1/15/1969,,Andes,Magdalena Cauca,Alto Magdalena,Río Coello,5.81818199157715,7.9236364364624,9,9,0.518115937709808,0.822463750839233,1,1,1.08000004291534,2012,01,4,0,0,0,0,17.2501468658447,2012-01-01,21.1719417572021,20.4771595001221,22.6085681915283
21220050,Pluviométrica,Convencional,Tolima,Ibagué,4.3534,-75.0531,680,1/15/1969,,Andes,Magdalena Cauca,Alto Magdalena,Río Coello,5.81818199157715,7.9236364364624,9,9,0.518115937709808,0.822463750839233,1,1,1.08000004291534,2012,01,5,26.3,26.3,28.4040011286736,0,5.43301773071289,2012-01-01,0.739561557769775,12.0973720550537,3.46198153495789
21220050,Pluviométrica,Convencional,Tolima,Ibagué,4.3534,-75.0531,680,1/15/1969,,Andes,Magdalena Cauca,Alto Magdalena,Río Coello,5.81818199157715,7.9236364364624,9,9,0.518115937709808,0.822463750839233,1,1,1.08000004291534,2012,01,6,20.3,20.3,21.9240008711815,0,13.0404453277588,2012-01-01,6.22060680389404,21.5156555175781,18.818058013916
21220050,Pluviométrica,Convencional,Tolima,Ibagué,4.3534,-75.0531,680,1/15/1969,,Andes,Magdalena Cauca,Alto Magdalena,Río Coello,5.81818199157715,7.9236364364624,9,9,0.518115937709808,0.822463750839233,1,1,1.08000004291534,2012,02,7,0,0,0,0,8.98762226104736,2012-02-01,1.42921245098114,11.4695701599121,3.78847193717957
21220050,Pluviométrica,Convencional,Tolima,Ibagué,4.3534,-75.0531,680,1/15/1969,,Andes,Magdalena Cauca,Alto Magdalena,Río Coello,5.81818199157715,7.9236364364624,9,9,0.518115937709808,0.822463750839233,1,1,1.08000004291534,2012,02,8,61.2,61.2,66.0960026264191,0,33.908447265625,2012-02-01,54.5119018554688,52.0372276306152,55.3168487548828
21220050,Pluviométrica,Convencional,Tolima,Ibagué,4.3534,-75.0531,680,1/15/1969,,Andes,Magdalena Cauca,Alto Magdalena,Río Coello,5.81818199157715,7.9236364364624,9,9,0.518115937709808,0.822463750839233,1,1,1.08000004291534,2012,02,9,0,0,0,0,8.91452026367188,2012-02-01,1.92330574989319,4.95508098602295,1.78932082653046
21220050,Pluviométrica,Convencional,Tolima,Ibagué,4.3534,-75.0531,680,1/15/1969,,Andes,Magdalena Cauca,Alto Magdalena,Río Coello,5.81818199157715,7.9236364364624,9,9,0.518115937709808,0.822463750839233,1,1,1.08000004291534,2012,02,10,0,0,0,0,8.45481109619141,2012-02-01,0,3.44373226165772,0
21220050,Pluviométrica,Convencional,Tolima,Ibagué,4.3534,-75.0531,680,1/15/1969,,Andes,Magdalena Cauca,Alto Magdalena,Río Coello,5.81818199157715,7.9236364364624,9,9,0.518115937709808,0.822463750839233,1,1,1.08000004291534,2012,02,11,59.5,59.5,64.260002553463,0,16.388822555542,2012-02-01,13.2052736282349,28.6472702026367,24.6559810638428
21220050,Pluviométrica,Convencional,Tolima,Ibagué,4.3534,-75.0531,680,1/15/1969,,Andes,Magdalena Cauca,Alto Magdalena,Río Coello,5.81818199157715,7.9236364364624,9,9,0.518115937709808,0.822463750839233,1,1,1.08000004291534,2012,02,12,2.2,2.2,2.37600009441376,0,10.9316339492798,2012-02-01,14.2021579742432,12.5193357467651,19.5454177856445
21220050,Pluviométrica,Convencional,Tolima,Ibagué,4.3534,-75.0531,680,1/15/1969,,Andes,Magdalena Cauca,Alto Magdalena,Río Coello,5.81818199157715,7.9236364364624,9,9,0.518115937709808,0.822463750839233,1,1,1.07000005245209,2012,03,13,13,13,13.9100006818771,0,9.0773983001709,2012-03-01,2.29894328117371,9.85664749145508,6.66335248947144
21220050,Pluviométrica,Convencional,Tolima,Ibagué,4.3534,-75.0531,680,1/15/1969,,Andes,Magdalena Cauca,Alto Magdalena,Río Coello,5.81818199157715,7.9236364364624,9,9,0.518115937709808,0.822463750839233,1,1,1.07000005245209,2012,03,14,0,0,0,0,32.287223815918,2012-03-01,24.0739326477051,26.5894756317139,21.8999328613281
21220050,Pluviométrica,Convencional,Tolima,Ibagué,4.3534,-75.0531,680,1/15/1969,,Andes,Magdalena Cauca,Alto Magdalena,Río Coello,5.81818199157715,7.9236364364624,9,9,0.518115937709808,0.822463750839233,1,1,1.07000005245209,2012,03,15,17.2,17.2,18.4040009021759,0,25.9266109466553,2012-03-01,17.5320739746094,13.6509847640991,11.3394222259522
21220050,Pluviométrica,Convencional,Tolima,Ibagué,4.3534,-75.0531,680,1/15/1969,,Andes,Magdalena Cauca,Alto Magdalena,Río Coello,5.81818199157715,7.9236364364624,9,9,0.518115937709808,0.822463750839233,1,1,1.07000005245209,2012,03,16,15.6,15.6,16.6920008182526,0,48.5222129821777,2012-03-01,42.4383316040039,31.0196018218994,28.6392250061035
21220050,Pluviométrica,Convencional,Tolima,Ibagué,4.3534,-75.0531,680,1/15/1969,,Andes,Magdalena Cauca,Alto Magdalena,Río Coello,5.81818199157715,7.9236364364624,9,9,0.518115937709808,0.822463750839233,1,1,1.07000005245209,2012,03,17,63.7,63.7,68.159003341198,0,29.8928699493408,2012-03-01,24.322172164917,51.5088310241699,44.0855560302734
21220050,Pluviométrica,Convencional,Tolima,Ibagué,4.3534,-75.0531,680,1/15/1969,,Andes,Magdalena Cauca,Alto Magdalena,Río Coello,5.81818199157715,7.9236364364624,9,9,0.518115937709808,0.822463750839233,1,1,1.07000005245209,2012,03,18,0,0,0,0,33.8854446411133,2012-03-01,28.9273109436035,18.1403636932373,21.4402542114258
21220050,Pluviométrica,Convencional,Tolima,Ibagué,4.3534,-75.0531,680,1/15/1969,,Andes,Magdalena Cauca,Alto Magdalena,Río Coello,5.81818199157715,7.9236364364624,9,9,0.518115937709808,0.822463750839233,1,1,1.05999994277954,2012,04,19,0,0,0,0,11.0287246704102,2012-04-01,13.5958337783813,7.88470983505249,9.63042068481445
21220050,Pluviométrica,Convencional,Tolima,Ibagué,4.3534,-75.0531,680,1/15/1969,,Andes,Magdalena Cauca,Alto Magdalena,Río Coello,5.81818199157715,7.9236364364624,9,9,0.518115937709808,0.822463750839233,1,1,1.05999994277954,2012,04,20,97.5,97.5,103.349994421005,0,31.1340923309326,2012-04-01,39.9677886962891,52.4783554077149,64.7578125
21220050,Pluviométrica,Convencional,Tolima,Ibagué,4.3534,-75.0531,680,1/15/1969,,Andes,Magdalena Cauca,Alto Magdalena,Río Coello,5.81818199157715,7.9236364364624,9,9,0.518115937709808,0.822463750839233,1,1,1.05999994277954,2012,04,21,10,10,10.5999994277954,0,73.4152908325195,2012-04-01,81.9426803588867,49.4772796630859,49.5944747924805
21220050,Pluviométrica,Convencional,Tolima,Ibagué,4.3534,-75.0531,680,1/15/1969,,Andes,Magdalena Cauca,Alto Magdalena,Río Coello,5.81818199157715,7.9236364364624,9,9,0.518115937709808,0.822463750839233,1,1,1.05999994277954,2012,04,22,34.5,34.5,36.5699980258942,0,15.1015853881836,2012-04-01,13.5316019058228,32.9665222167969,32.0867805480957
21220050,Pluviométrica,Convencional,Tolima,Ibagué,4.3534,-75.0531,680,1/15/1969,,Andes,Magdalena Cauca,Alto Magdalena,Río Coello,5.81818199157715,7.9236364364624,9,9,0.518115937709808,0.822463750839233,1,1,1.05999994277954,2012,04,23,16.8,16.8,17.8079990386963,3,34.9009056091309,2012-04-01,32.3037071228027,33.2072715759277,32.0597305297852
21220050,Pluviométrica,Convencional,Tolima,Ibagué,4.3534,-75.0531,680,1/15/1969,,Andes,Magdalena Cauca,Alto Magdalena,Río Coello,5.81818199157715,7.9236364364624,9,9,0.518115937709808,0.822463750839233,1,1,1.05999994277954,2012,04,24,65.5,0,0,5,45.0983657836914,2012-04-01,41.9062576293945,71.3788223266602,66.8370742797852
21220050,Pluviométrica,Convencional,Tolima,Ibagué,4.3534,-75.0531,680,1/15/1969,,Andes,Magdalena Cauca,Alto Magdalena,Río Coello,5.81818199157715,7.9236364364624,9,9,0.518115937709808,0.822463750839233,1,1,1.05999994277954,2012,05,25,0,0,0,0,24.1962375640869,2012-05-01,26.8067874908447,19.3682918548584,19.5537052154541
21220050,Pluviométrica,Convencional,Tolima,Ibagué,4.3534,-75.0531,680,1/15/1969,,Andes,Magdalena Cauca,Alto Magdalena,Río Coello,5.81818199157715,7.9236364364624,9,9,0.518115937709808,0.822463750839233,1,1,1.05999994277954,2012,05,26,13.5,13.5,14.3099992275238,0,33.6432876586914,2012-05-01,35.4249572753906,28.1970481872559,27.9178504943848
21220050,Pluviométrica,Convencional,Tolima,Ibagué,4.3534,-75.0531,680,1/15/1969,,Andes,Magdalena Cauca,Alto Magdalena,Río Coello,5.81818199157715,7.9236364364624,9,9,0.518115937709808,0.822463750839233,1,1,1.05999994277954,2012,05,27,17.2,17.2,18.2319990158081,0,31.2492141723633,2012-05-01,31.4664649963379,30.3578414916992,31.791072845459
21220050,Pluviométrica,Convencional,Tolima,Ibagué,4.3534,-75.0531,680,1/15/1969,,Andes,Magdalena Cauca,Alto Magdalena,Río Coello,5.81818199157715,7.9236364364624,9,9,0.518115937709808,0.822463750839233,1,1,1.05999994277954,2012,05,28,20.1,20.1,21.3059988498688,0,38.4968795776367,2012-05-01,38.2973823547363,34.5420989990234,30.5901374816895
21220050,Pluviométrica,Convencional,Tolima,Ibagué,4.3534,-75.0531,680,1/15/1969,,Andes,Magdalena Cauca,Alto Magdalena,Río Coello,5.81818199157715,7.9236364364624,9,9,0.518115937709808,0.822463750839233,1,1,1.05999994277954,2012,05,29,68.6,68.6,72.7159960746765,0,37.1065788269043,2012-05-01,37.6563415527344,33.1819953918457,31.6362915039063
21220050,Pluviométrica,Convencional,Tolima,Ibagué,4.3534,-75.0531,680,1/15/1969,,Andes,Magdalena Cauca,Alto Magdalena,Río Coello,5.81818199157715,7.9236364364624,9,9,0.518115937709808,0.822463750839233,1,1,1.05999994277954,2012,05,30,0,0,0,0,1.95264708995819,2012-05-01,0,1.1787052154541,0
21220050,Pluviométrica,Convencional,Tolima,Ibagué,4.3534,-75.0531,680,1/15/1969,,Andes,Magdalena Cauca,Alto Magdalena,Río Coello,5.81818199157715,7.9236364364624,9,9,0.518115937709808,0.822463750839233,1,1,1.08000004291534,2012,06,31,0,0,0,0,20.9670333862305,2012-06-01,20.0101013183594,6.36017465591431,7.93037509918213
21220050,Pluviométrica,Convencional,Tolima,Ibagué,4.3534,-75.0531,680,1/15/1969,,Andes,Magdalena Cauca,Alto Magdalena,Río Coello,5.81818199157715,7.9236364364624,9,9,0.518115937709808,0.822463750839233,1,1,1.08000004291534,2012,06,32,0,0,0,0,5.71111917495728,2012-06-01,0,2.64820408821106,0
21220050,Pluviométrica,Convencional,Tolima,Ibagué,4.3534,-75.0531,680,1/15/1969,,Andes,Magdalena Cauca,Alto Magdalena,Río Coello,5.81818199157715,7.9236364364624,9,9,0.518115937709808,0.822463750839233,1,1,1.08000004291534,2012,06,33,0,0,0,0,5.80432558059692,2012-06-01,0,3.0230815410614,0
21220050,Pluviométrica,Convencional,Tolima,Ibagué,4.3534,-75.0531,680,1/15/1969,,Andes,Magdalena Cauca,Alto Magdalena,Río Coello,5.81818199157715,7.9236364364624,9,9,0.518115937709808,0.822463750839233,1,1,1.08000004291534,2012,06,34,8.4,8.4,9.07200036048889,0,38.543140411377,2012-06-01,49.6220664978027,15.3441686630249,22.5909786224365
21220050,Pluviométrica,Convencional,Tolima,Ibagué,4.3534,-75.0531,680,1/15/1969,,Andes,Magdalena Cauca,Alto Magdalena,Río Coello,5.81818199157715,7.9236364364624,9,9,0.518115937709808,0.822463750839233,1,1,1.08000004291534,2012,06,35,0,0,0,0,23.9265041351318,2012-06-01,28.3301391601563,8.75527572631836,13.2183179855347
21220050,Pluviométrica,Convencional,Tolima,Ibagué,4.3534,-75.0531,680,1/15/1969,,Andes,Magdalena Cauca,Alto Magdalena,Río Coello,5.81818199157715,7.9236364364624,9,9,0.518115937709808,0.822463750839233,1,1,1.08000004291534,2012,06,36,0,0,0,0,5.7918643951416,2012-06-01,0.766077995300293,7.27037715911865,2.92888331413269
21220050,Pluviométrica,Convencional,Tolima,Ibagué,4.3534,-75.0531,680,1/15/1969,,Andes,Magdalena Cauca,Alto Magdalena,Río Coello,5.81818199157715,7.9236364364624,9,9,0.518115937709808,0.822463750839233,1,1,1.0900000333786,2012,07,37,0,0,0,0,14.4216995239258,2012-07-01,22.3066139221191,7.7207522392273,9.30934715270996
21220050,Pluviométrica,Convencional,Tolima,Ibagué,4.3534,-75.0531,680,1/15/1969,,Andes,Magdalena Cauca,Alto Magdalena,Río Coello,5.81818199157715,7.9236364364624,9,9,0.518115937709808,0.822463750839233,1,1,1.0900000333786,2012,07,38,0,0,0,0,7.58852100372315,2012-07-01,8.34321117401123,4.12097406387329,4.00144147872925
21220050,Pluviométrica,Convencional,Tolima,Ibagué,4.3534,-75.0531,680,1/15/1969,,Andes,Magdalena Cauca,Alto Magdalena,Río Coello,5.81818199157715,7.9236364364624,9,9,0.518115937709808,0.822463750839233,1,1,1.0900000333786,2012,07,39,14.6,14.6,15.9140004873276,0,9.64878940582275,2012-07-01,11.7007570266724,15.7584886550903,17.2077102661133
21220050,Pluviométrica,Convencional,Tolima,Ibagué,4.3534,-75.0531,680,1/15/1969,,Andes,Magdalena Cauca,Alto Magdalena,Río Coello,5.81818199157715,7.9236364364624,9,9,0.518115937709808,0.822463750839233,1,1,1.0900000333786,2012,07,40,0,0,0,0,6.73191785812378,2012-07-01,6.53208637237549,3.94151878356934,4.59108829498291
21220050,Pluviométrica,Convencional,Tolima,Ibagué,4.3534,-75.0531,680,1/15/1969,,Andes,Magdalena Cauca,Alto Magdalena,Río Coello,5.81818199157715,7.9236364364624,9,9,0.518115937709808,0.822463750839233,1,1,1.0900000333786,2012,07,41,0,0,0,0,2.87772870063782,2012-07-01,0,1.85022008419037,0
21220050,Pluviométrica,Convencional,Tolima,Ibagué,4.3534,-75.0531,680,1/15/1969,,Andes,Magdalena Cauca,Alto Magdalena,Río Coello,5.81818199157715,7.9236364364624,9,9,0.518115937709808,0.822463750839233,1,1,1.0900000333786,2012,07,42,0,0,0,0,18.1247367858887,2012-07-01,16.8900814056397,7.4259672164917,7.74359893798828
21220050,Pluviométrica,Convencional,Tolima,Ibagué,4.3534,-75.0531,680,1/15/1969,,Andes,Magdalena Cauca,Alto Magdalena,Río Coello,5.81818199157715,7.9236364364624,9,9,0.518115937709808,0.822463750839233,1,1,1.08000004291534,2012,08,43,53,53,57.2400022745133,0,23.4651794433594,2012-08-01,23.1993579864502,37.8128089904785,39.9084815979004
21220050,Pluviométrica,Convencional,Tolima,Ibagué,4.3534,-75.0531,680,1/15/1969,,Andes,Magdalena Cauca,Alto Magdalena,Río Coello,5.81818199157715,7.9236364364624,9,9,0.518115937709808,0.822463750839233,1,1,1.08000004291534,2012,08,44,0,0,0,0,6.80582475662231,2012-08-01,4.69678640365601,3.71196246147156,4.23506355285645
21220050,Pluviométrica,Convencional,Tolima,Ibagué,4.3534,-75.0531,680,1/15/1969,,Andes,Magdalena Cauca,Alto Magdalena,Río Coello,5.81818199157715,7.9236364364624,9,9,0.518115937709808,0.822463750839233,1,1,1.08000004291534,2012,08,45,0,0,0,0,22.1238613128662,2012-08-01,23.3990497589111,17.3355731964111,18.1542263031006
21220050,Pluviométrica,Convencional,Tolima,Ibagué,4.3534,-75.0531,680,1/15/1969,,Andes,Magdalena Cauca,Alto Magdalena,Río Coello,5.81818199157715,7.9236364364624,9,9,0.518115937709808,0.822463750839233,1,1,1.08000004291534,2012,08,46,45,45,48.6000019311905,0,2.31139826774597,2012-08-01,0,1.41477155685425,0
21220050,Pluviométrica,Convencional,Tolima,Ibagué,4.3534,-75.0531,680,1/15/1969,,Andes,Magdalena Cauca,Alto Magdalena,Río Coello,5.81818199157715,7.9236364364624,9,9,0.518115937709808,0.822463750839233,1,1,1.08000004291534,2012,08,47,0,0,0,0,2.27298855781555,2012-08-01,0,2.22788000106812,0
21220050,Pluviométrica,Convencional,Tolima,Ibagué,4.3534,-75.0531,680,1/15/1969,,Andes,Magdalena Cauca,Alto Magdalena,Río Coello,5.81818199157715,7.9236364364624,9,9,0.518115937709808,0.822463750839233,1,1,1.08000004291534,2012,08,48,0,0,0,0,3.31615138053894,2012-08-01,0.201918870210648,2.03283596038818,0.230879098176956
21220050,Pluviométrica,Convencional,Tolima,Ibagué,4.3534,-75.0531,680,1/15/1969,,Andes,Magdalena Cauca,Alto Magdalena,Río Coello,5.81818199157715,7.9236364364624,9,9,0.518115937709808,0.822463750839233,1,1,1.08000004291534,2012,09,49,0,0,0,0,4.0723295211792,2012-09-01,1.18813800811768,1.85541713237762,0.811490297317505
21220050,Pluviométrica,Convencional,Tolima,Ibagué,4.3534,-75.0531,680,1/15/1969,,Andes,Magdalena Cauca,Alto Magdalena,Río Coello,5.81818199157715,7.9236364364624,9,9,0.518115937709808,0.822463750839233,1,1,1.08000004291534,2012,09,50,0,0,0,0,5.30921268463135,2012-09-01,2.98690462112427,2.46984672546387,1.94943988323212
21220050,Pluviométrica,Convencional,Tolima,Ibagué,4.3534,-75.0531,680,1/15/1969,,Andes,Magdalena Cauca,Alto Magdalena,Río Coello,5.81818199157715,7.9236364364624,9,9,0.518115937709808,0.822463750839233,1,1,1.08000004291534,2012,09,51,0,0,0,0,5.26158857345581,2012-09-01,3.00091624259949,2.27502465248108,1.72446072101593
21220050,Pluviométrica,Convencional,Tolima,Ibagué,4.3534,-75.0531,680,1/15/1969,,Andes,Magdalena Cauca,Alto Magdalena,Río Coello,5.81818199157715,7.9236364364624,9,9,0.518115937709808,0.822463750839233,1,1,1.08000004291534,2012,09,52,1.5,1.5,1.62000006437302,0,7.4739408493042,2012-09-01,6.1234245300293,6.3113226890564,6.86573076248169
21220050,Pluviométrica,Convencional,Tolima,Ibagué,4.3534,-75.0531,680,1/15/1969,,Andes,Magdalena Cauca,Alto Magdalena,Río Coello,5.81818199157715,7.9236364364624,9,9,0.518115937709808,0.822463750839233,1,1,1.08000004291534,2012,09,53,74,74,79.9200031757355,0,38.0892066955566,2012-09-01,48.6879348754883,43.5148887634277,46.2143783569336
21220050,Pluviométrica,Convencional,Tolima,Ibagué,4.3534,-75.0531,680,1/15/1969,,Andes,Magdalena Cauca,Alto Magdalena,Río Coello,5.81818199157715,7.9236364364624,9,9,0.518115937709808,0.822463750839233,1,1,1.08000004291534,2012,09,54,0,0,0,0,27.9420413970947,2012-09-01,34.0699310302734,8.01752948760986,9.06044483184814
21220050,Pluviométrica,Convencional,Tolima,Ibagué,4.3534,-75.0531,680,1/15/1969,,Andes,Magdalena Cauca,Alto Magdalena,Río Coello,5.81818199157715,7.9236364364624,9,9,0.518115937709808,0.822463750839233,1,1,1.07000005245209,2012,10,55,0,0,0,0,51.026123046875,2012-10-01,52.6236343383789,22.6943321228027,27.0796661376953
21220050,Pluviométrica,Convencional,Tolima,Ibagué,4.3534,-75.0531,680,1/15/1969,,Andes,Magdalena Cauca,Alto Magdalena,Río Coello,5.81818199157715,7.9236364364624,9,9,0.518115937709808,0.822463750839233,1,1,1.07000005245209,2012,10,56,29.1,29.1,31.1370015263558,0,42.7727203369141,2012-10-01,40.7509078979492,30.7407779693604,36.9661636352539
21220050,Pluviométrica,Convencional,Tolima,Ibagué,4.3534,-75.0531,680,1/15/1969,,Andes,Magdalena Cauca,Alto Magdalena,Río Coello,5.81818199157715,7.9236364364624,9,9,0.518115937709808,0.822463750839233,1,1,1.07000005245209,2012,10,57,0,0,0,0,40.1246681213379,2012-10-01,33.2122077941895,47.8890342712402,51.5329551696777
21220050,Pluviométrica,Convencional,Tolima,Ibagué,4.3534,-75.0531,680,1/15/1969,,Andes,Magdalena Cauca,Alto Magdalena,Río Coello,5.81818199157715,7.9236364364624,9,9,0.518115937709808,0.822463750839233,1,1,1.07000005245209,2012,10,58,23.8,23.8,25.4660012483597,0,88.7551879882813,2012-10-01,102.247764587402,72.0548706054688,85.0095520019531
21220050,Pluviométrica,Convencional,Tolima,Ibagué,4.3534,-75.0531,680,1/15/1969,,Andes,Magdalena Cauca,Alto Magdalena,Río Coello,5.81818199157715,7.9236364364624,9,9,0.518115937709808,0.822463750839233,1,1,1.07000005245209,2012,10,59,11.3,11.3,12.0910005927086,0,22.84983253479,2012-10-01,16.8009433746338,19.1184749603272,20.0710144042969
21220050,Pluviométrica,Convencional,Tolima,Ibagué,4.3534,-75.0531,680,1/15/1969,,Andes,Magdalena Cauca,Alto Magdalena,Río Coello,5.81818199157715,7.9236364364624,9,9,0.518115937709808,0.822463750839233,1,1,1.07000005245209,2012,10,60,37.1,37.1,39.6970019459724,0,15.7574491500855,2012-10-01,1.39249157905579,31.6884441375732,6.45167827606201
21220050,Pluviométrica,Convencional,Tolima,Ibagué,4.3534,-75.0531,680,1/15/1969,,Andes,Magdalena Cauca,Alto Magdalena,Río Coello,5.81818199157715,7.9236364364624,9,9,0.518115937709808,0.822463750839233,1,1,1.05999994277954,2012,11,61,0,0,0,0,51.8753700256348,2012-11-01,43.6836891174316,26.6782493591309,28.8182716369629
21220050,Pluviométrica,Convencional,Tolima,Ibagué,4.3534,-75.0531,680,1/15/1969,,Andes,Magdalena Cauca,Alto Magdalena,Río Coello,5.81818199157715,7.9236364364624,9,9,0.518115937709808,0.822463750839233,1,1,1.05999994277954,2012,11,62,0,0,0,0,9.52429485321045,2012-11-01,0,6.61229848861694,0
21220050,Pluviométrica,Convencional,Tolima,Ibagué,4.3534,-75.0531,680,1/15/1969,,Andes,Magdalena Cauca,Alto Magdalena,Río Coello,5.81818199157715,7.9236364364624,9,9,0.518115937709808,0.822463750839233,1,1,1.05999994277954,2012,11,63,0,0,0,0,47.6869621276856,2012-11-01,38.3861999511719,24.7706832885742,25.6288509368897
21220050,Pluviométrica,Convencional,Tolima,Ibagué,4.3534,-75.0531,680,1/15/1969,,Andes,Magdalena Cauca,Alto Magdalena,Río Coello,5.81818199157715,7.9236364364624,9,9,0.518115937709808,0.822463750839233,1,1,1.05999994277954,2012,11,64,8.3,8.3,8.79799952507019,0,20.7749633789063,2012-11-01,11.5607557296753,19.4523620605469,20.2403659820557
21220050,Pluviométrica,Convencional,Tolima,Ibagué,4.3534,-75.0531,680,1/15/1969,,Andes,Magdalena Cauca,Alto Magdalena,Río Coello,5.81818199157715,7.9236364364624,9,9,0.518115937709808,0.822463750839233,1,1,1.05999994277954,2012,11,65,0,0,0,0,16.3708362579346,2012-11-01,6.17597675323486,8.4844388961792,6.88063049316406
21220050,Pluviométrica,Convencional,Tolima,Ibagué,4.3534,-75.0531,680,1/15/1969,,Andes,Magdalena Cauca,Alto Magdalena,Río Coello,5.81818199157715,7.9236364364624,9,9,0.518115937709808,0.822463750839233,1,1,1.05999994277954,2012,11,66,4.3,4.3,4.55799975395203,0,10.0545196533203,2012-11-01,0,12.1064023971558,0
21220050,Pluviométrica,Convencional,Tolima,Ibagué,4.3534,-75.0531,680,1/15/1969,,Andes,Magdalena Cauca,Alto Magdalena,Río Coello,5.81818199157715,7.9236364364624,9,9,0.518115937709808,0.822463750839233,1,1,1.08000004291534,2012,12,67,0,0,0,0,11.4504823684692,2012-12-01,5.75347375869751,7.77700424194336,4.89872074127197
21220050,Pluviométrica,Convencional,Tolima,Ibagué,4.3534,-75.0531,680,1/15/1969,,Andes,Magdalena Cauca,Alto Magdalena,Río Coello,5.81818199157715,7.9236364364624,9,9,0.518115937709808,0.822463750839233,1,1,1.08000004291534,2012,12,68,0,0,0,0,8.17995643615723,2012-12-01,0.285358220338821,4.34092473983765,0.459197252988815
21220050,Pluviométrica,Convencional,Tolima,Ibagué,4.3534,-75.0531,680,1/15/1969,,Andes,Magdalena Cauca,Alto Magdalena,Río Coello,5.81818199157715,7.9236364364624,9,9,0.518115937709808,0.822463750839233,1,1,1.08000004291534,2012,12,69,9.6,9.6,10.3680004119873,0,12.434871673584,2012-12-01,5.66827249526978,11.7369813919067,8.07292938232422
21220050,Pluviométrica,Convencional,Tolima,Ibagué,4.3534,-75.0531,680,1/15/1969,,Andes,Magdalena Cauca,Alto Magdalena,Río Coello,5.81818199157715,7.9236364364624,9,9,0.518115937709808,0.822463750839233,1,1,1.08000004291534,2012,12,70,0,0,0,0,13.7702608108521,2012-12-01,9.30220317840576,8.44159507751465,7.61120319366455
21220050,Pluviométrica,Convencional,Tolima,Ibagué,4.3534,-75.0531,680,1/15/1969,,Andes,Magdalena Cauca,Alto Magdalena,Río Coello,5.81818199157715,7.9236364364624,9,9,0.518115937709808,0.822463750839233,1,1,1.08000004291534,2012,12,71,37.3,37.3,40.2840016007423,0,31.9161148071289,2012-12-01,39.6010437011719,37.7342376708984,38.6153945922852
21220050,Pluviométrica,Convencional,Tolima,Ibagué,4.3534,-75.0531,680,1/15/1969,,Andes,Magdalena Cauca,Alto Magdalena,Río Coello,5.81818199157715,7.9236364364624,9,9,0.518115937709808,0.822463750839233,1,1,1.08000004291534,2012,12,72,0,0,0,0,25.2337265014648,2012-12-01,21.474723815918,9.52954292297363,9.42844390869141
21220050,Pluviométrica,Convencional,Tolima,Ibagué,4.3534,-75.0531,680,1/15/1969,,Andes,Magdalena Cauca,Alto Magdalena,Río Coello,5.81818199157715,7.9236364364624,9,9,0.518115937709808,0.822463750839233,1,1,1.08000004291534,2013,01,1,0,0,0,0,5.81927299499512,2013-01-01,1.55356311798096,3.77677464485168,1.95766043663025
21220050,Pluviométrica,Convencional,Tolima,Ibagué,4.3534,-75.0531,680,1/15/1969,,Andes,Magdalena Cauca,Alto Magdalena,Río Coello,5.81818199157715,7.9236364364624,9,9,0.518115937709808,0.822463750839233,1,1,1.08000004291534,2013,01,2,0,0,0,0,5.87962532043457,2013-01-01,1.00298309326172,2.8222029209137,0.970572352409363
21220050,Pluviométrica,Convencional,Tolima,Ibagué,4.3534,-75.0531,680,1/15/1969,,Andes,Magdalena Cauca,Alto Magdalena,Río Coello,5.81818199157715,7.9236364364624,9,9,0.518115937709808,0.822463750839233,1,1,1.08000004291534,2013,01,3,0,0,0,0,13.1672048568726,2013-01-01,12.8419647216797,11.0972051620483,13.0325698852539
21220050,Pluviométrica,Convencional,Tolima,Ibagué,4.3534,-75.0531,680,1/15/1969,,Andes,Magdalena Cauca,Alto Magdalena,Río Coello,5.81818199157715,7.9236364364624,9,9,0.518115937709808,0.822463750839233,1,1,1.08000004291534,2013,01,4,25,25,27.0000010728836,0,5.61490821838379,2013-01-01,0,8.50877285003662,0
21220050,Pluviométrica,Convencional,Tolima,Ibagué,4.3534,-75.0531,680,1/15/1969,,Andes,Magdalena Cauca,Alto Magdalena,Río Coello,5.81818199157715,7.9236364364624,9,9,0.518115937709808,0.822463750839233,1,1,1.08000004291534,2013,01,5,5.7,5.7,6.15600024461746,0,10.106086730957,2013-01-01,5.99600791931152,11.930739402771,13.6477870941162
21220050,Pluviométrica,Convencional,Tolima,Ibagué,4.3534,-75.0531,680,1/15/1969,,Andes,Magdalena Cauca,Alto Magdalena,Río Coello,5.81818199157715,7.9236364364624,9,9,0.518115937709808,0.822463750839233,1,1,1.08000004291534,2013,01,6,0,0,0,0,9.12894821166992,2013-01-01,1.25585746765137,8.32115840911865,3.06808948516846
21220050,Pluviométrica,Convencional,Tolima,Ibagué,4.3534,-75.0531,680,1/15/1969,,Andes,Magdalena Cauca,Alto Magdalena,Río Coello,5.81818199157715,7.9236364364624,9,9,0.518115937709808,0.822463750839233,1,1,1.08000004291534,2013,02,7,0,0,0,0,20.9157314300537,2013-02-01,24.8509082794189,16.259485244751,18.7116966247559
21220050,Pluviométrica,Convencional,Tolima,Ibagué,4.3534,-75.0531,680,1/15/1969,,Andes,Magdalena Cauca,Alto Magdalena,Río Coello,5.81818199157715,7.9236364364624,9,9,0.518115937709808,0.822463750839233,1,1,1.08000004291534,2013,02,8,70.5,70.5,76.1400030255318,0,41.9834785461426,2013-02-01,57.8840065002441,42.8288726806641,46.1179580688477
21220050,Pluviométrica,Convencional,Tolima,Ibagué,4.3534,-75.0531,680,1/15/1969,,Andes,Magdalena Cauca,Alto Magdalena,Río Coello,5.81818199157715,7.9236364364624,9,9,0.518115937709808,0.822463750839233,1,1,1.08000004291534,2013,02,9,65.2,65.2,70.4160027980805,0,26.1181583404541,2013-02-01,31.1041221618652,37.0817031860352,39.6950263977051
21220050,Pluviométrica,Convencional,Tolima,Ibagué,4.3534,-75.0531,680,1/15/1969,,Andes,Magdalena Cauca,Alto Magdalena,Río Coello,5.81818199157715,7.9236364364624,9,9,0.518115937709808,0.822463750839233,1,1,1.08000004291534,2013,02,10,0,0,0,0,10.4836273193359,2013-02-01,0.406673431396484,13.6874437332153,1.48516273498535
21220050,Pluviométrica,Convencional,Tolima,Ibagué,4.3534,-75.0531,680,1/15/1969,,Andes,Magdalena Cauca,Alto Magdalena,Río Coello,5.81818199157715,7.9236364364624,9,9,0.518115937709808,0.822463750839233,1,1,1.08000004291534,2013,02,11,60,60,64.8000025749207,0,27.7712326049805,2013-02-01,26.6667537689209,36.1935997009277,36.669921875
21220050,Pluviométrica,Convencional,Tolima,Ibagué,4.3534,-75.0531,680,1/15/1969,,Andes,Magdalena Cauca,Alto Magdalena,Río Coello,5.81818199157715,7.9236364364624,9,9,0.518115937709808,0.822463750839233,1,1,1.08000004291534,2013,02,12,24,24,25.9200010299683,0,6.79158878326416,2013-02-01,5.65717458724976,12.6916599273682,13.5313968658447
21220050,Pluviométrica,Convencional,Tolima,Ibagué,4.3534,-75.0531,680,1/15/1969,,Andes,Magdalena Cauca,Alto Magdalena,Río Coello,5.81818199157715,7.9236364364624,9,9,0.518115937709808,0.822463750839233,1,1,1.07000005245209,2013,03,13,50.3,50.3,53.82100263834,0,23.7365970611572,2013-03-01,14.6792631149292,22.2423038482666,18.6177673339844
21220050,Pluviométrica,Convencional,Tolima,Ibagué,4.3534,-75.0531,680,1/15/1969,,Andes,Magdalena Cauca,Alto Magdalena,Río Coello,5.81818199157715,7.9236364364624,9,9,0.518115937709808,0.822463750839233,1,1,1.07000005245209,2013,03,14,0,0,0,0,14.7070198059082,2013-03-01,7.54177522659302,10.6485996246338,9.3121337890625
21220050,Pluviométrica,Convencional,Tolima,Ibagué,4.3534,-75.0531,680,1/15/1969,,Andes,Magdalena Cauca,Alto Magdalena,Río Coello,5.81818199157715,7.9236364364624,9,9,0.518115937709808,0.822463750839233,1,1,1.07000005245209,2013,03,15,33.5,33.5,35.8450017571449,0,34.8864631652832,2013-03-01,32.7304153442383,59.7084121704102,60.4221534729004
21220050,Pluviométrica,Convencional,Tolima,Ibagué,4.3534,-75.0531,680,1/15/1969,,Andes,Magdalena Cauca,Alto Magdalena,Río Coello,5.81818199157715,7.9236364364624,9,9,0.518115937709808,0.822463750839233,1,1,1.07000005245209,2013,03,16,11.5,11.5,12.305000603199,0,21.2796611785889,2013-03-01,13.782262802124,25.4199409484863,18.7612609863281
21220050,Pluviométrica,Convencional,Tolima,Ibagué,4.3534,-75.0531,680,1/15/1969,,Andes,Magdalena Cauca,Alto Magdalena,Río Coello,5.81818199157715,7.9236364364624,9,9,0.518115937709808,0.822463750839233,1,1,1.07000005245209,2013,03,17,13.5,13.5,14.4450007081032,0,58.3611335754395,2013-03-01,71.2487640380859,25.317102432251,26.2057723999023
21220050,Pluviométrica,Convencional,Tolima,Ibagué,4.3534,-75.0531,680,1/15/1969,,Andes,Magdalena Cauca,Alto Magdalena,Río Coello,5.81818199157715,7.9236364364624,9,9,0.518115937709808,0.822463750839233,1,1,1.07000005245209,2013,03,18,0,0,0,0,9.72205638885498,2013-03-01,0,4.01848459243774,0
21220050,Pluviométrica,Convencional,Tolima,Ibagué,4.3534,-75.0531,680,1/15/1969,,Andes,Magdalena Cauca,Alto Magdalena,Río Coello,5.81818199157715,7.9236364364624,9,9,0.518115937709808,0.822463750839233,1,1,1.05999994277954,2013,04,19,0,0,0,0,8.32523250579834,2013-04-01,8.33098220825195,4.92160654067993,6.25694799423218
21220050,Pluviométrica,Convencional,Tolima,Ibagué,4.3534,-75.0531,680,1/15/1969,,Andes,Magdalena Cauca,Alto Magdalena,Río Coello,5.81818199157715,7.9236364364624,9,9,0.518115937709808,0.822463750839233,1,1,1.05999994277954,2013,04,20,0,0,0,0,7.28454494476318,2013-04-01,6.77000570297241,4.44569635391235,4.82977342605591
21220050,Pluviométrica,Convencional,Tolima,Ibagué,4.3534,-75.0531,680,1/15/1969,,Andes,Magdalena Cauca,Alto Magdalena,Río Coello,5.81818199157715,7.9236364364624,9,9,0.518115937709808,0.822463750839233,1,1,1.05999994277954,2013,04,21,0,0,0,0,19.5238513946533,2013-04-01,19.9322490692139,7.80841445922852,8.39838409423828
21220050,Pluviométrica,Convencional,Tolima,Ibagué,4.3534,-75.0531,680,1/15/1969,,Andes,Magdalena Cauca,Alto Magdalena,Río Coello,5.81818199157715,7.9236364364624,9,9,0.518115937709808,0.822463750839233,1,1,1.05999994277954,2013,04,22,31.3,31.3,33.1779982089996,0,52.4726943969727,2013-04-01,54.0206604003906,59.3055801391602,55.1212692260742
21220050,Pluviométrica,Convencional,Tolima,Ibagué,4.3534,-75.0531,680,1/15/1969,,Andes,Magdalena Cauca,Alto Magdalena,Río Coello,5.81818199157715,7.9236364364624,9,9,0.518115937709808,0.822463750839233,1,1,1.05999994277954,2013,04,23,61.3,61.3,64.9779964923859,0,31.2521820068359,2013-04-01,30.9338874816895,35.6837158203125,37.3705291748047
21220050,Pluviométrica,Convencional,Tolima,Ibagué,4.3534,-75.0531,680,1/15/1969,,Andes,Magdalena Cauca,Alto Magdalena,Río Coello,5.81818199157715,7.9236364364624,9,9,0.518115937709808,0.822463750839233,1,1,1.05999994277954,2013,04,24,0,0,0,0,13.4429502487183,2013-04-01,9.40518856048584,22.4389209747314,23.6870002746582
21220050,Pluviométrica,Convencional,Tolima,Ibagué,4.3534,-75.0531,680,1/15/1969,,Andes,Magdalena Cauca,Alto Magdalena,Río Coello,5.81818199157715,7.9236364364624,9,9,0.518115937709808,0.822463750839233,1,1,1.05999994277954,2013,05,25,116.2,116.2,123.171993350983,0,52.0820236206055,2013-05-01,58.512809753418,75.2971115112305,78.9180603027344
21220050,Pluviométrica,Convencional,Tolima,Ibagué,4.3534,-75.0531,680,1/15/1969,,Andes,Magdalena Cauca,Alto Magdalena,Río Coello,5.81818199157715,7.9236364364624,9,9,0.518115937709808,0.822463750839233,1,1,1.05999994277954,2013,05,26,0,0,0,0,16.8099365234375,2013-05-01,18.7165393829346,17.8060569763184,21.4282932281494
21220050,Pluviométrica,Convencional,Tolima,Ibagué,4.3534,-75.0531,680,1/15/1969,,Andes,Magdalena Cauca,Alto Magdalena,Río Coello,5.81818199157715,7.9236364364624,9,9,0.518115937709808,0.822463750839233,1,1,1.05999994277954,2013,05,27,72.7,72.7,77.0619958400727,0,26.7836093902588,2013-05-01,23.9924850463867,42.8199081420898,41.4054527282715
21220050,Pluviométrica,Convencional,Tolima,Ibagué,4.3534,-75.0531,680,1/15/1969,,Andes,Magdalena Cauca,Alto Magdalena,Río Coello,5.81818199157715,7.9236364364624,9,9,0.518115937709808,0.822463750839233,1,1,1.05999994277954,2013,05,28,12.5,12.5,13.2499992847443,0,31.7221584320068,2013-05-01,35.351749420166,36.2053375244141,40.6411056518555
21220050,Pluviométrica,Convencional,Tolima,Ibagué,4.3534,-75.0531,680,1/15/1969,,Andes,Magdalena Cauca,Alto Magdalena,Río Coello,5.81818199157715,7.9236364364624,9,9,0.518115937709808,0.822463750839233,1,1,1.05999994277954,2013,05,29,45.2,45.2,47.9119974136353,0,25.9631824493408,2013-05-01,25.850191116333,55.2966613769531,52.3849945068359
21220050,Pluviométrica,Convencional,Tolima,Ibagué,4.3534,-75.0531,680,1/15/1969,,Andes,Magdalena Cauca,Alto Magdalena,Río Coello,5.81818199157715,7.9236364364624,9,9,0.518115937709808,0.822463750839233,1,1,1.05999994277954,2013,05,30,60,60,63.5999965667725,0,92.1534271240234,2013-05-01,89.8259811401367,56.8076553344727,52.6543769836426
21220050,Pluviométrica,Convencional,Tolima,Ibagué,4.3534,-75.0531,680,1/15/1969,,Andes,Magdalena Cauca,Alto Magdalena,Río Coello,5.81818199157715,7.9236364364624,9,9,0.518115937709808,0.822463750839233,1,1,1.08000004291534,2013,06,31,0,0,0,0,14.0801563262939,2013-06-01,10.0816478729248,19.2577705383301,19.4403457641602
21220050,Pluviométrica,Convencional,Tolima,Ibagué,4.3534,-75.0531,680,1/15/1969,,Andes,Magdalena Cauca,Alto Magdalena,Río Coello,5.81818199157715,7.9236364364624,9,9,0.518115937709808,0.822463750839233,1,1,1.08000004291534,2013,06,32,0,0,0,0,6.3554105758667,2013-06-01,0,2.73429560661316,0
21220050,Pluviométrica,Convencional,Tolima,Ibagué,4.3534,-75.0531,680,1/15/1969,,Andes,Magdalena Cauca,Alto Magdalena,Río Coello,5.81818199157715,7.9236364364624,9,9,0.518115937709808,0.822463750839233,1,1,1.08000004291534,2013,06,33,4.2,4.2,4.53600018024445,0,16.3881015777588,2013-06-01,15.5158061981201,18.066162109375,22.0954132080078
21220050,Pluviométrica,Convencional,Tolima,Ibagué,4.3534,-75.0531,680,1/15/1969,,Andes,Magdalena Cauca,Alto Magdalena,Río Coello,5.81818199157715,7.9236364364624,9,9,0.518115937709808,0.822463750839233,1,1,1.08000004291534,2013,06,34,0,0,0,0,7.15267038345337,2013-06-01,0.539234220981598,5.67447519302368,1.02203524112701
21220050,Pluviométrica,Convencional,Tolima,Ibagué,4.3534,-75.0531,680,1/15/1969,,Andes,Magdalena Cauca,Alto Magdalena,Río Coello,5.81818199157715,7.9236364364624,9,9,0.518115937709808,0.822463750839233,1,1,1.08000004291534,2013,06,35,6,6,6.48000025749207,0,24.8500270843506,2013-06-01,25.074333190918,12.3494720458984,12.7274503707886
21220050,Pluviométrica,Convencional,Tolima,Ibagué,4.3534,-75.0531,680,1/15/1969,,Andes,Magdalena Cauca,Alto Magdalena,Río Coello,5.81818199157715,7.9236364364624,9,9,0.518115937709808,0.822463750839233,1,1,1.08000004291534,2013,06,36,11.7,11.7,12.6360005021095,0,26.9344844818115,2013-06-01,28.2618198394775,19.5431213378906,21.4066848754883
21220050,Pluviométrica,Convencional,Tolima,Ibagué,4.3534,-75.0531,680,1/15/1969,,Andes,Magdalena Cauca,Alto Magdalena,Río Coello,5.81818199157715,7.9236364364624,9,9,0.518115937709808,0.822463750839233,1,1,1.0900000333786,2013,07,37,16.1,16.1,17.5490005373955,0,12.2820453643799,2013-07-01,12.9036922454834,20.0170841217041,20.5765819549561
21220050,Pluviométrica,Convencional,Tolima,Ibagué,4.3534,-75.0531,680,1/15/1969,,Andes,Magdalena Cauca,Alto Magdalena,Río Coello,5.81818199157715,7.9236364364624,9,9,0.518115937709808,0.822463750839233,1,1,1.0900000333786,2013,07,38,0,0,0,0,6.01971292495728,2013-07-01,6.85605382919312,2.99635744094849,5.18554735183716
21220050,Pluviométrica,Convencional,Tolima,Ibagué,4.3534,-75.0531,680,1/15/1969,,Andes,Magdalena Cauca,Alto Magdalena,Río Coello,5.81818199157715,7.9236364364624,9,9,0.518115937709808,0.822463750839233,1,1,1.0900000333786,2013,07,39,0,0,0,0,2.53002142906189,2013-07-01,0,2.72697615623474,0
21220050,Pluviométrica,Convencional,Tolima,Ibagué,4.3534,-75.0531,680,1/15/1969,,Andes,Magdalena Cauca,Alto Magdalena,Río Coello,5.81818199157715,7.9236364364624,9,9,0.518115937709808,0.822463750839233,1,1,1.0900000333786,2013,07,40,0,0,0,0,10.2520904541016,2013-07-01,11.5600891113281,5.2421875,6.05398941040039
21220050,Pluviométrica,Convencional,Tolima,Ibagué,4.3534,-75.0531,680,1/15/1969,,Andes,Magdalena Cauca,Alto Magdalena,Río Coello,5.81818199157715,7.9236364364624,9,9,0.518115937709808,0.822463750839233,1,1,1.0900000333786,2013,07,41,9.5,9.5,10.3550003170967,0,8.04373264312744,2013-07-01,7.40203952789307,13.6056442260742,13.6058807373047
21220050,Pluviométrica,Convencional,Tolima,Ibagué,4.3534,-75.0531,680,1/15/1969,,Andes,Magdalena Cauca,Alto Magdalena,Río Coello,5.81818199157715,7.9236364364624,9,9,0.518115937709808,0.822463750839233,1,1,1.0900000333786,2013,07,42,0,0,0,0,5.24737739562988,2013-07-01,1.60800433158875,2.5922486782074,1.47100710868835
21220050,Pluviométrica,Convencional,Tolima,Ibagué,4.3534,-75.0531,680,1/15/1969,,Andes,Magdalena Cauca,Alto Magdalena,Río Coello,5.81818199157715,7.9236364364624,9,9,0.518115937709808,0.822463750839233,1,1,1.08000004291534,2013,08,43,15,15,16.2000006437302,0,4.55700302124023,2013-08-01,2.76635551452637,5.77938413619995,4.07111215591431
21220050,Pluviométrica,Convencional,Tolima,Ibagué,4.3534,-75.0531,680,1/15/1969,,Andes,Magdalena Cauca,Alto Magdalena,Río Coello,5.81818199157715,7.9236364364624,9,9,0.518115937709808,0.822463750839233,1,1,1.08000004291534,2013,08,44,16.8,16.8,18.1440007209778,0,37.3376998901367,2013-08-01,39.8475456237793,34.4722595214844,37.3823432922363
21220050,Pluviométrica,Convencional,Tolima,Ibagué,4.3534,-75.0531,680,1/15/1969,,Andes,Magdalena Cauca,Alto Magdalena,Río Coello,5.81818199157715,7.9236364364624,9,9,0.518115937709808,0.822463750839233,1,1,1.08000004291534,2013,08,45,16,16,17.2800006866455,0,25.7093181610107,2013-08-01,24.5685634613037,28.0618267059326,30.3797912597656
21220050,Pluviométrica,Convencional,Tolima,Ibagué,4.3534,-75.0531,680,1/15/1969,,Andes,Magdalena Cauca,Alto Magdalena,Río Coello,5.81818199157715,7.9236364364624,9,9,0.518115937709808,0.822463750839233,1,1,1.08000004291534,2013,08,46,0,0,0,0,6.24991035461426,2013-08-01,16.9904232025146,3.25501728057861,6.85724782943726
21220050,Pluviométrica,Convencional,Tolima,Ibagué,4.3534,-75.0531,680,1/15/1969,,Andes,Magdalena Cauca,Alto Magdalena,Río Coello,5.81818199157715,7.9236364364624,9,9,0.518115937709808,0.822463750839233,1,1,1.08000004291534,2013,08,47,5.6,5.6,6.04800024032593,0,8.97463703155518,2013-08-01,12.9919509887695,11.1798915863037,16.3876171112061
21220050,Pluviométrica,Convencional,Tolima,Ibagué,4.3534,-75.0531,680,1/15/1969,,Andes,Magdalena Cauca,Alto Magdalena,Río Coello,5.81818199157715,7.9236364364624,9,9,0.518115937709808,0.822463750839233,1,1,1.08000004291534,2013,08,48,0,0,0,0,9.58843517303467,2013-08-01,9.42341423034668,4.13357830047607,5.13220834732056
21220050,Pluviométrica,Convencional,Tolima,Ibagué,4.3534,-75.0531,680,1/15/1969,,Andes,Magdalena Cauca,Alto Magdalena,Río Coello,5.81818199157715,7.9236364364624,9,9,0.518115937709808,0.822463750839233,1,1,1.08000004291534,2013,09,49,0,0,0,0,13.0080013275147,2013-09-01,12.7777395248413,5.71699285507202,5.421959400177
21220050,Pluviométrica,Convencional,Tolima,Ibagué,4.3534,-75.0531,680,1/15/1969,,Andes,Magdalena Cauca,Alto Magdalena,Río Coello,5.81818199157715,7.9236364364624,9,9,0.518115937709808,0.822463750839233,1,1,1.08000004291534,2013,09,50,49,49,52.9200021028519,0,39.8042755126953,2013-09-01,46.2960624694824,29.055643081665,35.7646179199219
21220050,Pluviométrica,Convencional,Tolima,Ibagué,4.3534,-75.0531,680,1/15/1969,,Andes,Magdalena Cauca,Alto Magdalena,Río Coello,5.81818199157715,7.9236364364624,9,9,0.518115937709808,0.822463750839233,1,1,1.08000004291534,2013,09,51,0,0,0,0,17.739128112793,2013-09-01,19.402774810791,14.759952545166,12.3679656982422
21220050,Pluviométrica,Convencional,Tolima,Ibagué,4.3534,-75.0531,680,1/15/1969,,Andes,Magdalena Cauca,Alto Magdalena,Río Coello,5.81818199157715,7.9236364364624,9,9,0.518115937709808,0.822463750839233,1,1,1.08000004291534,2013,09,52,0,0,0,0,30.265157699585,2013-09-01,36.5753402709961,14.9721555709839,18.6824073791504
21220050,Pluviométrica,Convencional,Tolima,Ibagué,4.3534,-75.0531,680,1/15/1969,,Andes,Magdalena Cauca,Alto Magdalena,Río Coello,5.81818199157715,7.9236364364624,9,9,0.518115937709808,0.822463750839233,1,1,1.08000004291534,2013,09,53,0,0,0,0,3.54969048500061,2013-09-01,0,1.53840470314026,0
21220050,Pluviométrica,Convencional,Tolima,Ibagué,4.3534,-75.0531,680,1/15/1969,,Andes,Magdalena Cauca,Alto Magdalena,Río Coello,5.81818199157715,7.9236364364624,9,9,0.518115937709808,0.822463750839233,1,1,1.08000004291534,2013,09,54,16,16,17.2800006866455,0,44.6123580932617,2013-09-01,48.8891334533691,34.5601654052734,32.0097007751465
21220050,Pluviométrica,Convencional,Tolima,Ibagué,4.3534,-75.0531,680,1/15/1969,,Andes,Magdalena Cauca,Alto Magdalena,Río Coello,5.81818199157715,7.9236364364624,9,9,0.518115937709808,0.822463750839233,1,1,1.07000005245209,2013,10,55,10,10,10.7000005245209,0,42.024845123291,2013-10-01,27.4600639343262,11.3554258346558,9.94877052307129
21220050,Pluviométrica,Convencional,Tolima,Ibagué,4.3534,-75.0531,680,1/15/1969,,Andes,Magdalena Cauca,Alto Magdalena,Río Coello,5.81818199157715,7.9236364364624,9,9,0.518115937709808,0.822463750839233,1,1,1.07000005245209,2013,10,56,0,0,0,0,10.4877462387085,2013-10-01,0,3.32392716407776,0
21220050,Pluviométrica,Convencional,Tolima,Ibagué,4.3534,-75.0531,680,1/15/1969,,Andes,Magdalena Cauca,Alto Magdalena,Río Coello,5.81818199157715,7.9236364364624,9,9,0.518115937709808,0.822463750839233,1,1,1.07000005245209,2013,10,57,48.9,48.9,52.3230025649071,0,44.0383758544922,2013-10-01,40.5052299499512,27.6621227264404,37.690803527832
21220050,Pluviométrica,Convencional,Tolima,Ibagué,4.3534,-75.0531,680,1/15/1969,,Andes,Magdalena Cauca,Alto Magdalena,Río Coello,5.81818199157715,7.9236364364624,9,9,0.518115937709808,0.822463750839233,1,1,1.07000005245209,2013,10,58,4.1,4.1,4.38700021505356,0,22.1348552703857,2013-10-01,17.1188831329346,10.2159633636475,10.2950553894043
21220050,Pluviométrica,Convencional,Tolima,Ibagué,4.3534,-75.0531,680,1/15/1969,,Andes,Magdalena Cauca,Alto Magdalena,Río Coello,5.81818199157715,7.9236364364624,9,9,0.518115937709808,0.822463750839233,1,1,1.07000005245209,2013,10,59,16.1,16.1,17.2270008444786,0,36.800407409668,2013-10-01,41.3834190368652,16.4400615692139,22.811954498291
21220050,Pluviométrica,Convencional,Tolima,Ibagué,4.3534,-75.0531,680,1/15/1969,,Andes,Magdalena Cauca,Alto Magdalena,Río Coello,5.81818199157715,7.9236364364624,9,9,0.518115937709808,0.822463750839233,1,1,1.07000005245209,2013,10,60,1,1,1.07000005245209,0,19.7335624694824,2013-10-01,6.82136106491089,10.4046926498413,7.7740683555603
21220050,Pluviométrica,Convencional,Tolima,Ibagué,4.3534,-75.0531,680,1/15/1969,,Andes,Magdalena Cauca,Alto Magdalena,Río Coello,5.81818199157715,7.9236364364624,9,9,0.518115937709808,0.822463750839233,1,1,1.05999994277954,2013,11,61,22.1,22.1,23.4259987354279,0,36.0079231262207,2013-11-01,27.4840812683106,45.241382598877,26.1592292785645
21220050,Pluviométrica,Convencional,Tolima,Ibagué,4.3534,-75.0531,680,1/15/1969,,Andes,Magdalena Cauca,Alto Magdalena,Río Coello,5.81818199157715,7.9236364364624,9,9,0.518115937709808,0.822463750839233,1,1,1.05999994277954,2013,11,62,29.3,29.3,31.0579983234406,0,38.4425010681152,2013-11-01,26.5924835205078,50.4644279479981,42.3015556335449
21220050,Pluviométrica,Convencional,Tolima,Ibagué,4.3534,-75.0531,680,1/15/1969,,Andes,Magdalena Cauca,Alto Magdalena,Río Coello,5.81818199157715,7.9236364364624,9,9,0.518115937709808,0.822463750839233,1,1,1.05999994277954,2013,11,63,1.8,1.8,1.90799989700317,0,16.0625858306885,2013-11-01,2.80222630500793,14.2550106048584,4.87714719772339
21220050,Pluviométrica,Convencional,Tolima,Ibagué,4.3534,-75.0531,680,1/15/1969,,Andes,Magdalena Cauca,Alto Magdalena,Río Coello,5.81818199157715,7.9236364364624,9,9,0.518115937709808,0.822463750839233,1,1,1.05999994277954,2013,11,64,19.1,19.1,20.2459989070892,0,31.013298034668,2013-11-01,21.4253749847412,26.5376415252686,23.6902713775635
21220050,Pluviométrica,Convencional,Tolima,Ibagué,4.3534,-75.0531,680,1/15/1969,,Andes,Magdalena Cauca,Alto Magdalena,Río Coello,5.81818199157715,7.9236364364624,9,9,0.518115937709808,0.822463750839233,1,1,1.05999994277954,2013,11,65,15,15,15.8999991416931,0,37.1101799011231,2013-11-01,27.8204536437988,27.4066200256348,21.7183132171631
21220050,Pluviométrica,Convencional,Tolima,Ibagué,4.3534,-75.0531,680,1/15/1969,,Andes,Magdalena Cauca,Alto Magdalena,Río Coello,5.81818199157715,7.9236364364624,9,9,0.518115937709808,0.822463750839233,1,1,1.05999994277954,2013,11,66,8.7,8.7,9.22199950218201,0,13.7036075592041,2013-11-01,2.85135507583618,17.955150604248,9.25424003601074
21220050,Pluviométrica,Convencional,Tolima,Ibagué,4.3534,-75.0531,680,1/15/1969,,Andes,Magdalena Cauca,Alto Magdalena,Río Coello,5.81818199157715,7.9236364364624,9,9,0.518115937709808,0.822463750839233,1,1,1.08000004291534,2013,12,67,29.7,29.7,32.0760012745857,0,32.7607955932617,2013-12-01,37.5839424133301,55.4130020141602,54.2169151306152
21220050,Pluviométrica,Convencional,Tolima,Ibagué,4.3534,-75.0531,680,1/15/1969,,Andes,Magdalena Cauca,Alto Magdalena,Río Coello,5.81818199157715,7.9236364364624,9,9,0.518115937709808,0.822463750839233,1,1,1.08000004291534,2013,12,68,13.2,13.2,14.2560005664825,0,16.9930000305176,2013-12-01,9.78495407104492,36.1466598510742,30.0925483703613
21220050,Pluviométrica,Convencional,Tolima,Ibagué,4.3534,-75.0531,680,1/15/1969,,Andes,Magdalena Cauca,Alto Magdalena,Río Coello,5.81818199157715,7.9236364364624,9,9,0.518115937709808,0.822463750839233,1,1,1.08000004291534,2013,12,69,6.2,6.2,6.69600026607513,0,15.0312700271606,2013-12-01,16.6180229187012,9.83319759368896,15.7933292388916
21220050,Pluviométrica,Convencional,Tolima,Ibagué,4.3534,-75.0531,680,1/15/1969,,Andes,Magdalena Cauca,Alto Magdalena,Río Coello,5.81818199157715,7.9236364364624,9,9,0.518115937709808,0.822463750839233,1,1,1.08000004291534,2013,12,70,0,0,0,0,22.385534286499,2013-12-01,23.5740718841553,15.4316778182983,15.4675168991089
21220050,Pluviométrica,Convencional,Tolima,Ibagué,4.3534,-75.0531,680,1/15/1969,,Andes,Magdalena Cauca,Alto Magdalena,Río Coello,5.81818199157715,7.9236364364624,9,9,0.518115937709808,0.822463750839233,1,1,1.08000004291534,2013,12,71,14.7,14.7,15.8760006308556,0,16.0630989074707,2013-12-01,14.9967460632324,27.1320343017578,19.8647422790527
21220050,Pluviométrica,Convencional,Tolima,Ibagué,4.3534,-75.0531,680,1/15/1969,,Andes,Magdalena Cauca,Alto Magdalena,Río Coello,5.81818199157715,7.9236364364624,9,9,0.518115937709808,0.822463750839233,1,1,1.08000004291534,2013,12,72,0,0,0,0,12.5435495376587,2013-12-01,0.572259545326233,6.61149978637695,0.974725008010864
21220050,Pluviométrica,Convencional,Tolima,Ibagué,4.3534,-75.0531,680,1/15/1969,,Andes,Magdalena Cauca,Alto Magdalena,Río Coello,5.81818199157715,7.9236364364624,9,9,0.518115937709808,0.822463750839233,1,1,1.08000004291534,2014,01,1,5.6,5.6,6.04800024032593,0,5.81927299499512,2014-01-01,1.55356311798096,3.92898678779602,3.82978820800781
21220050,Pluviométrica,Convencional,Tolima,Ibagué,4.3534,-75.0531,680,1/15/1969,,Andes,Magdalena Cauca,Alto Magdalena,Río Coello,5.81818199157715,7.9236364364624,9,9,0.518115937709808,0.822463750839233,1,1,1.08000004291534,2014,01,2,46,46,49.6800019741058,0,40.8016319274902,2014-01-01,48.9384307861328,40.9383125305176,57.1630249023438
21220050,Pluviométrica,Convencional,Tolima,Ibagué,4.3534,-75.0531,680,1/15/1969,,Andes,Magdalena Cauca,Alto Magdalena,Río Coello,5.81818199157715,7.9236364364624,9,9,0.518115937709808,0.822463750839233,1,1,1.08000004291534,2014,01,3,0,0,0,0,7.05538702011108,2014-01-01,0.587421715259552,3.01040697097778,0.65086555480957
21220050,Pluviométrica,Convencional,Tolima,Ibagué,4.3534,-75.0531,680,1/15/1969,,Andes,Magdalena Cauca,Alto Magdalena,Río Coello,5.81818199157715,7.9236364364624,9,9,0.518115937709808,0.822463750839233,1,1,1.08000004291534,2014,01,4,9.5,9.5,10.2600004076958,0,9.18809223175049,2014-01-01,4.67045783996582,18.2017269134522,12.9920625686646
21220050,Pluviométrica,Convencional,Tolima,Ibagué,4.3534,-75.0531,680,1/15/1969,,Andes,Magdalena Cauca,Alto Magdalena,Río Coello,5.81818199157715,7.9236364364624,9,9,0.518115937709808,0.822463750839233,1,1,1.08000004291534,2014,01,5,0,0,0,0,6.61724472045898,2014-01-01,2.49171113967896,7.67898988723755,2.69794058799744
21220050,Pluviométrica,Convencional,Tolima,Ibagué,4.3534,-75.0531,680,1/15/1969,,Andes,Magdalena Cauca,Alto Magdalena,Río Coello,5.81818199157715,7.9236364364624,9,9,0.518115937709808,0.822463750839233,1,1,1.08000004291534,2014,01,6,1.5,1.5,1.62000006437302,0,7.72461080551148,2014-01-01,0,4.85998296737671,0
21220050,Pluviométrica,Convencional,Tolima,Ibagué,4.3534,-75.0531,680,1/15/1969,,Andes,Magdalena Cauca,Alto Magdalena,Río Coello,5.81818199157715,7.9236364364624,9,9,0.518115937709808,0.822463750839233,1,1,1.08000004291534,2014,02,7,3.5,3.5,3.78000015020371,0,17.4653759002686,2014-02-01,16.4860172271729,15.9280948638916,16.3410663604736
21220050,Pluviométrica,Convencional,Tolima,Ibagué,4.3534,-75.0531,680,1/15/1969,,Andes,Magdalena Cauca,Alto Magdalena,Río Coello,5.81818199157715,7.9236364364624,9,9,0.518115937709808,0.822463750839233,1,1,1.08000004291534,2014,02,8,7.3,7.3,7.88400031328201,0,10.8830423355103,2014-02-01,5.61638689041138,7.90080881118774,9.57197093963623
21220050,Pluviométrica,Convencional,Tolima,Ibagué,4.3534,-75.0531,680,1/15/1969,,Andes,Magdalena Cauca,Alto Magdalena,Río Coello,5.81818199157715,7.9236364364624,9,9,0.518115937709808,0.822463750839233,1,1,1.08000004291534,2014,02,9,20.3,20.3,21.9240008711815,0,12.7035598754883,2014-02-01,8.41318225860596,19.7245674133301,18.2278232574463
21220050,Pluviométrica,Convencional,Tolima,Ibagué,4.3534,-75.0531,680,1/15/1969,,Andes,Magdalena Cauca,Alto Magdalena,Río Coello,5.81818199157715,7.9236364364624,9,9,0.518115937709808,0.822463750839233,1,1,1.08000004291534,2014,02,10,0,0,0,0,9.54799938201904,2014-02-01,0,10.3701372146606,0
21220050,Pluviométrica,Convencional,Tolima,Ibagué,4.3534,-75.0531,680,1/15/1969,,Andes,Magdalena Cauca,Alto Magdalena,Río Coello,5.81818199157715,7.9236364364624,9,9,0.518115937709808,0.822463750839233,1,1,1.08000004291534,2014,02,11,4,4,4.32000017166138,0,17.9398803710938,2014-02-01,14.5648279190063,24.9968891143799,21.9276485443115
21220050,Pluviométrica,Convencional,Tolima,Ibagué,4.3534,-75.0531,680,1/15/1969,,Andes,Magdalena Cauca,Alto Magdalena,Río Coello,5.81818199157715,7.9236364364624,9,9,0.518115937709808,0.822463750839233,1,1,1.08000004291534,2014,02,12,43,43,46.4400018453598,0,20.6101493835449,2014-02-01,38.5263442993164,19.9886417388916,34.8718223571777
21220050,Pluviométrica,Convencional,Tolima,Ibagué,4.3534,-75.0531,680,1/15/1969,,Andes,Magdalena Cauca,Alto Magdalena,Río Coello,5.81818199157715,7.9236364364624,9,9,0.518115937709808,0.822463750839233,1,1,1.07000005245209,2014,03,13,0,0,0,0,12.5455560684204,2014-03-01,6.3837628364563,16.6920833587647,10.3882236480713
21220050,Pluviométrica,Convencional,Tolima,Ibagué,4.3534,-75.0531,680,1/15/1969,,Andes,Magdalena Cauca,Alto Magdalena,Río Coello,5.81818199157715,7.9236364364624,9,9,0.518115937709808,0.822463750839233,1,1,1.07000005245209,2014,03,14,0.4,0.4,0.428000020980835,0,46.658504486084,2014-03-01,42.4795722961426,28.2938041687012,20.3062877655029
21220050,Pluviométrica,Convencional,Tolima,Ibagué,4.3534,-75.0531,680,1/15/1969,,Andes,Magdalena Cauca,Alto Magdalena,Río Coello,5.81818199157715,7.9236364364624,9,9,0.518115937709808,0.822463750839233,1,1,1.07000005245209,2014,03,15,86.9,86.9,92.9830045580864,0,33.9514617919922,2014-03-01,30.3785247802734,26.0471820831299,38.282657623291
21220050,Pluviométrica,Convencional,Tolima,Ibagué,4.3534,-75.0531,680,1/15/1969,,Andes,Magdalena Cauca,Alto Magdalena,Río Coello,5.81818199157715,7.9236364364624,9,9,0.518115937709808,0.822463750839233,1,1,1.07000005245209,2014,03,16,22.4,22.4,23.9680011749268,0,20.4399681091309,2014-03-01,11.659592628479,18.1991596221924,20.28759765625
21220050,Pluviométrica,Convencional,Tolima,Ibagué,4.3534,-75.0531,680,1/15/1969,,Andes,Magdalena Cauca,Alto Magdalena,Río Coello,5.81818199157715,7.9236364364624,9,9,0.518115937709808,0.822463750839233,1,1,1.07000005245209,2014,03,17,22,22,23.5400011539459,0,25.28493309021,2014-03-01,26.6685028076172,40.6404190063477,25.6164226531982
21220050,Pluviométrica,Convencional,Tolima,Ibagué,4.3534,-75.0531,680,1/15/1969,,Andes,Magdalena Cauca,Alto Magdalena,Río Coello,5.81818199157715,7.9236364364624,9,9,0.518115937709808,0.822463750839233,1,1,1.07000005245209,2014,03,18,0,0,0,0,18.9158363342285,2014-03-01,11.6316404342651,13.4277219772339,10.9760284423828
21220050,Pluviométrica,Convencional,Tolima,Ibagué,4.3534,-75.0531,680,1/15/1969,,Andes,Magdalena Cauca,Alto Magdalena,Río Coello,5.81818199157715,7.9236364364624,9,9,0.518115937709808,0.822463750839233,1,1,1.05999994277954,2014,04,19,4,4,4.23999977111816,0,17.9076385498047,2014-04-01,16.2282619476318,18.5353412628174,12.3442859649658
21220050,Pluviométrica,Convencional,Tolima,Ibagué,4.3534,-75.0531,680,1/15/1969,,Andes,Magdalena Cauca,Alto Magdalena,Río Coello,5.81818199157715,7.9236364364624,9,9,0.518115937709808,0.822463750839233,1,1,1.05999994277954,2014,04,20,0,0,0,0,3.61193060874939,2014-04-01,2.62028336524963,2.59736156463623,1.9641672372818
21220050,Pluviométrica,Convencional,Tolima,Ibagué,4.3534,-75.0531,680,1/15/1969,,Andes,Magdalena Cauca,Alto Magdalena,Río Coello,5.81818199157715,7.9236364364624,9,9,0.518115937709808,0.822463750839233,1,1,1.05999994277954,2014,04,21,5.2,5.2,5.51199970245361,0,18.2998161315918,2014-04-01,18.5229206085205,20.0228328704834,13.9121618270874
21220050,Pluviométrica,Convencional,Tolima,Ibagué,4.3534,-75.0531,680,1/15/1969,,Andes,Magdalena Cauca,Alto Magdalena,Río Coello,5.81818199157715,7.9236364364624,9,9,0.518115937709808,0.822463750839233,1,1,1.05999994277954,2014,04,22,76.3,76.3,80.877995634079,0,45.3213844299317,2014-04-01,47.2286071777344,53.5177154541016,63.9531707763672
21220050,Pluviométrica,Convencional,Tolima,Ibagué,4.3534,-75.0531,680,1/15/1969,,Andes,Magdalena Cauca,Alto Magdalena,Río Coello,5.81818199157715,7.9236364364624,9,9,0.518115937709808,0.822463750839233,1,1,1.05999994277954,2014,04,23,101.8,101.8,107.907994174957,0,53.798454284668,2014-04-01,52.8509902954102,66.0880966186524,100.625770568848
21220050,Pluviométrica,Convencional,Tolima,Ibagué,4.3534,-75.0531,680,1/15/1969,,Andes,Magdalena Cauca,Alto Magdalena,Río Coello,5.81818199157715,7.9236364364624,9,9,0.518115937709808,0.822463750839233,1,1,1.05999994277954,2014,04,24,130.9,130.9,138.753992509842,0,56.6746864318848,2014-04-01,53.2109756469727,134.622528076172,114.201034545898
21220050,Pluviométrica,Convencional,Tolima,Ibagué,4.3534,-75.0531,680,1/15/1969,,Andes,Magdalena Cauca,Alto Magdalena,Río Coello,5.81818199157715,7.9236364364624,9,9,0.518115937709808,0.822463750839233,1,1,1.05999994277954,2014,05,25,34.6,34.6,36.6759980201721,0,45.4428787231445,2014-05-01,46.434326171875,56.1900062561035,48.6069145202637
21220050,Pluviométrica,Convencional,Tolima,Ibagué,4.3534,-75.0531,680,1/15/1969,,Andes,Magdalena Cauca,Alto Magdalena,Río Coello,5.81818199157715,7.9236364364624,9,9,0.518115937709808,0.822463750839233,1,1,1.05999994277954,2014,05,26,116,116,122.959993362427,0,66.3180465698242,2014-05-01,68.8417892456055,56.5300254821777,68.2080459594727
21220050,Pluviométrica,Convencional,Tolima,Ibagué,4.3534,-75.0531,680,1/15/1969,,Andes,Magdalena Cauca,Alto Magdalena,Río Coello,5.81818199157715,7.9236364364624,9,9,0.518115937709808,0.822463750839233,1,1,1.05999994277954,2014,05,27,26,26,27.5599985122681,0,21.2104835510254,2014-05-01,22.497688293457,22.9643955230713,20.8971481323242
21220050,Pluviométrica,Convencional,Tolima,Ibagué,4.3534,-75.0531,680,1/15/1969,,Andes,Magdalena Cauca,Alto Magdalena,Río Coello,5.81818199157715,7.9236364364624,9,9,0.518115937709808,0.822463750839233,1,1,1.05999994277954,2014,05,28,8,8,8.47999954223633,0,18.062593460083,2014-05-01,12.0888214111328,21.4436645507813,20.3186511993408
21220050,Pluviométrica,Convencional,Tolima,Ibagué,4.3534,-75.0531,680,1/15/1969,,Andes,Magdalena Cauca,Alto Magdalena,Río Coello,5.81818199157715,7.9236364364624,9,9,0.518115937709808,0.822463750839233,1,1,1.05999994277954,2014,05,29,10.5,10.5,11.1299993991852,0,38.7810096740723,2014-05-01,39.1380271911621,78.1695175170898,35.5237579345703
21220050,Pluviométrica,Convencional,Tolima,Ibagué,4.3534,-75.0531,680,1/15/1969,,Andes,Magdalena Cauca,Alto Magdalena,Río Coello,5.81818199157715,7.9236364364624,9,9,0.518115937709808,0.822463750839233,1,1,1.05999994277954,2014,05,30,41,41,43.4599976539612,0,36.8304061889648,2014-05-01,34.3643417358398,30.612756729126,50.9828834533692
21220050,Pluviométrica,Convencional,Tolima,Ibagué,4.3534,-75.0531,680,1/15/1969,,Andes,Magdalena Cauca,Alto Magdalena,Río Coello,5.81818199157715,7.9236364364624,9,9,0.518115937709808,0.822463750839233,1,1,1.08000004291534,2014,06,31,152.6,152.6,164.808006548882,0,32.3074722290039,2014-06-01,39.9079208374023,36.8041000366211,87.9113998413086
21220050,Pluviométrica,Convencional,Tolima,Ibagué,4.3534,-75.0531,680,1/15/1969,,Andes,Magdalena Cauca,Alto Magdalena,Río Coello,5.81818199157715,7.9236364364624,9,9,0.518115937709808,0.822463750839233,1,1,1.08000004291534,2014,06,32,5.3,5.3,5.72400022745133,0,15.7885932922363,2014-06-01,10.0643463134766,26.9214973449707,13.2675685882568
21220050,Pluviométrica,Convencional,Tolima,Ibagué,4.3534,-75.0531,680,1/15/1969,,Andes,Magdalena Cauca,Alto Magdalena,Río Coello,5.81818199157715,7.9236364364624,9,9,0.518115937709808,0.822463750839233,1,1,1.08000004291534,2014,06,33,0,0,0,0,12.901927947998,2014-06-01,8.91088962554932,6.20827150344849,5.12283325195313
21220050,Pluviométrica,Convencional,Tolima,Ibagué,4.3534,-75.0531,680,1/15/1969,,Andes,Magdalena Cauca,Alto Magdalena,Río Coello,5.81818199157715,7.9236364364624,9,9,0.518115937709808,0.822463750839233,1,1,1.08000004291534,2014,06,34,0,0,0,0,13.5630807876587,2014-06-01,10.2001533508301,6.40998983383179,4.20675897598267
21220050,Pluviométrica,Convencional,Tolima,Ibagué,4.3534,-75.0531,680,1/15/1969,,Andes,Magdalena Cauca,Alto Magdalena,Río Coello,5.81818199157715,7.9236364364624,9,9,0.518115937709808,0.822463750839233,1,1,1.08000004291534,2014,06,35,3.5,3.5,3.78000015020371,0,18.3129005432129,2014-06-01,16.9348220825195,7.90749168395996,13.8826608657837
21220050,Pluviométrica,Convencional,Tolima,Ibagué,4.3534,-75.0531,680,1/15/1969,,Andes,Magdalena Cauca,Alto Magdalena,Río Coello,5.81818199157715,7.9236364364624,9,9,0.518115937709808,0.822463750839233,1,1,1.08000004291534,2014,06,36,0,0,0,0,17.5417232513428,2014-06-01,13.7052526473999,17.3999786376953,13.3251476287842
21220050,Pluviométrica,Convencional,Tolima,Ibagué,4.3534,-75.0531,680,1/15/1969,,Andes,Magdalena Cauca,Alto Magdalena,Río Coello,5.81818199157715,7.9236364364624,9,9,0.518115937709808,0.822463750839233,1,1,1.0900000333786,2014,07,37,0,0,0,5,11.3042106628418,2014-07-01,12.9036922454834,12.5547647476196,17.6264801025391
21220050,Pluviométrica,Convencional,Tolima,Ibagué,4.3534,-75.0531,680,1/15/1969,,Andes,Magdalena Cauca,Alto Magdalena,Río Coello,5.81818199157715,7.9236364364624,9,9,0.518115937709808,0.822463750839233,1,1,1.0900000333786,2014,07,38,0,0,0,5,5.24357604980469,2014-07-01,3.91922998428345,1.92107284069061,3.90621161460876
21220050,Pluviométrica,Convencional,Tolima,Ibagué,4.3534,-75.0531,680,1/15/1969,,Andes,Magdalena Cauca,Alto Magdalena,Río Coello,5.81818199157715,7.9236364364624,9,9,0.518115937709808,0.822463750839233,1,1,1.0900000333786,2014,07,39,0,0,0,5,3.24060988426209,2014-07-01,0,1.39626038074493,0
21220050,Pluviométrica,Convencional,Tolima,Ibagué,4.3534,-75.0531,680,1/15/1969,,Andes,Magdalena Cauca,Alto Magdalena,Río Coello,5.81818199157715,7.9236364364624,9,9,0.518115937709808,0.822463750839233,1,1,1.0900000333786,2014,07,40,0,0,0,5,2.50693726539612,2014-07-01,0,1.0809201002121,0
21220050,Pluviométrica,Convencional,Tolima,Ibagué,4.3534,-75.0531,680,1/15/1969,,Andes,Magdalena Cauca,Alto Magdalena,Río Coello,5.81818199157715,7.9236364364624,9,9,0.518115937709808,0.822463750839233,1,1,1.0900000333786,2014,07,41,0,0,0,5,2.71194529533386,2014-07-01,0,1.14123904705048,0
21220050,Pluviométrica,Convencional,Tolima,Ibagué,4.3534,-75.0531,680,1/15/1969,,Andes,Magdalena Cauca,Alto Magdalena,Río Coello,5.81818199157715,7.9236364364624,9,9,0.518115937709808,0.822463750839233,1,1,1.0900000333786,2014,07,42,0,0,0,6,4.19709539413452,2014-07-01,0.714197039604187,1.50433099269867,0.55678117275238
21220050,Pluviométrica,Convencional,Tolima,Ibagué,4.3534,-75.0531,680,1/15/1969,,Andes,Magdalena Cauca,Alto Magdalena,Río Coello,5.81818199157715,7.9236364364624,9,9,0.518115937709808,0.822463750839233,1,1,1.08000004291534,2014,08,43,0,0,0,5,13.2214622497559,2014-08-01,15.0169906616211,1.87952256202698,5.99043321609497
21220050,Pluviométrica,Convencional,Tolima,Ibagué,4.3534,-75.0531,680,1/15/1969,,Andes,Magdalena Cauca,Alto Magdalena,Río Coello,5.81818199157715,7.9236364364624,9,9,0.518115937709808,0.822463750839233,1,1,1.08000004291534,2014,08,44,0,0,0,5,1.52713108062744,2014-08-01,0,0.336319833993912,0
21220050,Pluviométrica,Convencional,Tolima,Ibagué,4.3534,-75.0531,680,1/15/1969,,Andes,Magdalena Cauca,Alto Magdalena,Río Coello,5.81818199157715,7.9236364364624,9,9,0.518115937709808,0.822463750839233,1,1,1.08000004291534,2014,08,45,0,0,0,5,20.1641883850098,2014-08-01,20.7396183013916,3.59692907333374,12.9500522613525
21220050,Pluviométrica,Convencional,Tolima,Ibagué,4.3534,-75.0531,680,1/15/1969,,Andes,Magdalena Cauca,Alto Magdalena,Río Coello,5.81818199157715,7.9236364364624,9,9,0.518115937709808,0.822463750839233,1,1,1.08000004291534,2014,08,46,0,0,0,5,3.22539591789246,2014-08-01,0,0.692623019218445,0
21220050,Pluviométrica,Convencional,Tolima,Ibagué,4.3534,-75.0531,680,1/15/1969,,Andes,Magdalena Cauca,Alto Magdalena,Río Coello,5.81818199157715,7.9236364364624,9,9,0.518115937709808,0.822463750839233,1,1,1.08000004291534,2014,08,47,0,0,0,5,23.636058807373,2014-08-01,24.298885345459,9.35306739807129,26.0322341918945
21220050,Pluviométrica,Convencional,Tolima,Ibagué,4.3534,-75.0531,680,1/15/1969,,Andes,Magdalena Cauca,Alto Magdalena,Río Coello,5.81818199157715,7.9236364364624,9,9,0.518115937709808,0.822463750839233,1,1,1.08000004291534,2014,08,48,0,0,0,6,18.7685585021973,2014-08-01,17.166898727417,16.9232196807861,12.0844507217407
21220050,Pluviométrica,Convencional,Tolima,Ibagué,4.3534,-75.0531,680,1/15/1969,,Andes,Magdalena Cauca,Alto Magdalena,Río Coello,5.81818199157715,7.9236364364624,9,9,0.518115937709808,0.822463750839233,1,1,1.08000004291534,2014,09,49,0,0,0,5,20.8037929534912,2014-09-01,22.7116832733154,13.5349903106689,16.7035617828369
21220050,Pluviométrica,Convencional,Tolima,Ibagué,4.3534,-75.0531,680,1/15/1969,,Andes,Magdalena Cauca,Alto Magdalena,Río Coello,5.81818199157715,7.9236364364624,9,9,0.518115937709808,0.822463750839233,1,1,1.08000004291534,2014,09,50,0,0,0,5,4.18377685546875,2014-09-01,2.98690462112427,1.73661053180695,3.44734621047974
21220050,Pluviométrica,Convencional,Tolima,Ibagué,4.3534,-75.0531,680,1/15/1969,,Andes,Magdalena Cauca,Alto Magdalena,Río Coello,5.81818199157715,7.9236364364624,9,9,0.518115937709808,0.822463750839233,1,1,1.08000004291534,2014,09,51,0,0,0,5,32.4957504272461,2014-09-01,35.8046340942383,64.1583557128906,59.0635871887207
21220050,Pluviométrica,Convencional,Tolima,Ibagué,4.3534,-75.0531,680,1/15/1969,,Andes,Magdalena Cauca,Alto Magdalena,Río Coello,5.81818199157715,7.9236364364624,9,9,0.518115937709808,0.822463750839233,1,1,1.08000004291534,2014,09,52,0,0,0,5,35.6747589111328,2014-09-01,43.5688285827637,73.4979400634766,94.0288162231445
21220050,Pluviométrica,Convencional,Tolima,Ibagué,4.3534,-75.0531,680,1/15/1969,,Andes,Magdalena Cauca,Alto Magdalena,Río Coello,5.81818199157715,7.9236364364624,9,9,0.518115937709808,0.822463750839233,1,1,1.08000004291534,2014,09,53,0,0,0,5,28.4198093414307,2014-09-01,33.3614158630371,40.4743957519531,34.7623519897461
21220050,Pluviométrica,Convencional,Tolima,Ibagué,4.3534,-75.0531,680,1/15/1969,,Andes,Magdalena Cauca,Alto Magdalena,Río Coello,5.81818199157715,7.9236364364624,9,9,0.518115937709808,0.822463750839233,1,1,1.08000004291534,2014,09,54,0,0,0,5,9.25677871704102,2014-09-01,7.6221342086792,3.24194431304932,6.48554134368897
21220050,Pluviométrica,Convencional,Tolima,Ibagué,4.3534,-75.0531,680,1/15/1969,,Andes,Magdalena Cauca,Alto Magdalena,Río Coello,5.81818199157715,7.9236364364624,9,9,0.518115937709808,0.822463750839233,1,1,1.07000005245209,2014,10,55,0,0,0,5,10.7363424301147,2014-10-01,0,8.46944332122803,0
21220050,Pluviométrica,Convencional,Tolima,Ibagué,4.3534,-75.0531,680,1/15/1969,,Andes,Magdalena Cauca,Alto Magdalena,Río Coello,5.81818199157715,7.9236364364624,9,9,0.518115937709808,0.822463750839233,1,1,1.07000005245209,2014,10,56,0,0,0,5,35.6010513305664,2014-10-01,30.0776290893555,45.3010520935059,55.3014640808106
21220050,Pluviométrica,Convencional,Tolima,Ibagué,4.3534,-75.0531,680,1/15/1969,,Andes,Magdalena Cauca,Alto Magdalena,Río Coello,5.81818199157715,7.9236364364624,9,9,0.518115937709808,0.822463750839233,1,1,1.07000005245209,2014,10,57,0,0,0,5,19.9765491485596,2014-10-01,10.8955631256104,13.4062671661377,14.7965888977051
21220050,Pluviométrica,Convencional,Tolima,Ibagué,4.3534,-75.0531,680,1/15/1969,,Andes,Magdalena Cauca,Alto Magdalena,Río Coello,5.81818199157715,7.9236364364624,9,9,0.518115937709808,0.822463750839233,1,1,1.07000005245209,2014,10,58,0,0,0,5,29.4212741851807,2014-10-01,24.3104686737061,54.0975189208984,40.6321029663086
21220050,Pluviométrica,Convencional,Tolima,Ibagué,4.3534,-75.0531,680,1/15/1969,,Andes,Magdalena Cauca,Alto Magdalena,Río Coello,5.81818199157715,7.9236364364624,9,9,0.518115937709808,0.822463750839233,1,1,1.07000005245209,2014,10,59,0,0,0,5,17.5197811126709,2014-10-01,7.03261470794678,17.1961498260498,12.9905061721802
21220050,Pluviométrica,Convencional,Tolima,Ibagué,4.3534,-75.0531,680,1/15/1969,,Andes,Magdalena Cauca,Alto Magdalena,Río Coello,5.81818199157715,7.9236364364624,9,9,0.518115937709808,0.822463750839233,1,1,1.07000005245209,2014,10,60,0,0,0,6,32.6227951049805,2014-10-01,24.4651832580566,29.6651306152344,24.340913772583
21220050,Pluviométrica,Convencional,Tolima,Ibagué,4.3534,-75.0531,680,1/15/1969,,Andes,Magdalena Cauca,Alto Magdalena,Río Coello,5.81818199157715,7.9236364364624,9,9,0.518115937709808,0.822463750839233,1,1,1.05999994277954,2014,11,61,89,89,94.3399949073792,0,20.4328556060791,2014-11-01,11.2844715118408,29.9305839538574,19.0810966491699
21220050,Pluviométrica,Convencional,Tolima,Ibagué,4.3534,-75.0531,680,1/15/1969,,Andes,Magdalena Cauca,Alto Magdalena,Río Coello,5.81818199157715,7.9236364364624,9,9,0.518115937709808,0.822463750839233,1,1,1.05999994277954,2014,11,62,71,71,75.2599959373474,0,34.8446578979492,2014-11-01,22.6965579986572,53.9995269775391,46.2152976989746
21220050,Pluviométrica,Convencional,Tolima,Ibagué,4.3534,-75.0531,680,1/15/1969,,Andes,Magdalena Cauca,Alto Magdalena,Río Coello,5.81818199157715,7.9236364364624,9,9,0.518115937709808,0.822463750839233,1,1,1.05999994277954,2014,11,63,3,3,3.17999982833862,0,35.7491874694824,2014-11-01,19.9352512359619,17.7206039428711,14.087061882019
21220050,Pluviométrica,Convencional,Tolima,Ibagué,4.3534,-75.0531,680,1/15/1969,,Andes,Magdalena Cauca,Alto Magdalena,Río Coello,5.81818199157715,7.9236364364624,9,9,0.518115937709808,0.822463750839233,1,1,1.05999994277954,2014,11,64,0,0,0,0,14.2687654495239,2014-11-01,3.12306094169617,5.56758165359497,3.0831184387207
21220050,Pluviométrica,Convencional,Tolima,Ibagué,4.3534,-75.0531,680,1/15/1969,,Andes,Magdalena Cauca,Alto Magdalena,Río Coello,5.81818199157715,7.9236364364624,9,9,0.518115937709808,0.822463750839233,1,1,1.05999994277954,2014,11,65,0,0,0,0,20.650074005127,2014-11-01,9.0619068145752,10.7222929000854,6.8670973777771
21220050,Pluviométrica,Convencional,Tolima,Ibagué,4.3534,-75.0531,680,1/15/1969,,Andes,Magdalena Cauca,Alto Magdalena,Río Coello,5.81818199157715,7.9236364364624,9,9,0.518115937709808,0.822463750839233,1,1,1.05999994277954,2014,11,66,12,12,12.7199993133545,0,10.9777803421021,2014-11-01,1.34465157985687,3.59895348548889,2.06189608573914
21220050,Pluviométrica,Convencional,Tolima,Ibagué,4.3534,-75.0531,680,1/15/1969,,Andes,Magdalena Cauca,Alto Magdalena,Río Coello,5.81818199157715,7.9236364364624,9,9,0.518115937709808,0.822463750839233,1,1,1.08000004291534,2014,12,67,24,24,25.9200010299683,0,13.3621206283569,2014-12-01,8.96981430053711,12.3692941665649,22.4028434753418
21220050,Pluviométrica,Convencional,Tolima,Ibagué,4.3534,-75.0531,680,1/15/1969,,Andes,Magdalena Cauca,Alto Magdalena,Río Coello,5.81818199157715,7.9236364364624,9,9,0.518115937709808,0.822463750839233,1,1,1.08000004291534,2014,12,68,39,39,42.1200016736984,0,39.4109649658203,2014-12-01,52.0977325439453,81.28466796875,61.9854125976563
21220050,Pluviométrica,Convencional,Tolima,Ibagué,4.3534,-75.0531,680,1/15/1969,,Andes,Magdalena Cauca,Alto Magdalena,Río Coello,5.81818199157715,7.9236364364624,9,9,0.518115937709808,0.822463750839233,1,1,1.08000004291534,2014,12,69,5,5,5.40000021457672,0,22.961368560791,2014-12-01,29.132022857666,49.1348686218262,31.3246898651123
21220050,Pluviométrica,Convencional,Tolima,Ibagué,4.3534,-75.0531,680,1/15/1969,,Andes,Magdalena Cauca,Alto Magdalena,Río Coello,5.81818199157715,7.9236364364624,9,9,0.518115937709808,0.822463750839233,1,1,1.08000004291534,2014,12,70,0,0,0,0,8.09265995025635,2014-12-01,0,7.85089445114136,0
21220050,Pluviométrica,Convencional,Tolima,Ibagué,4.3534,-75.0531,680,1/15/1969,,Andes,Magdalena Cauca,Alto Magdalena,Río Coello,5.81818199157715,7.9236364364624,9,9,0.518115937709808,0.822463750839233,1,1,1.08000004291534,2014,12,71,35,35,37.8000015020371,0,12.296669960022,2014-12-01,7.96694660186768,15.5609407424927,19.7685565948486
21220050,Pluviométrica,Convencional,Tolima,Ibagué,4.3534,-75.0531,680,1/15/1969,,Andes,Magdalena Cauca,Alto Magdalena,Río Coello,5.81818199157715,7.9236364364624,9,9,0.518115937709808,0.822463750839233,1,1,1.08000004291534,2014,12,72,0,0,0,0,19.6293640136719,2014-12-01,9.28161907196045,10.6879768371582,6.42653799057007
21220050,Pluviométrica,Convencional,Tolima,Ibagué,4.3534,-75.0531,680,1/15/1969,,Andes,Magdalena Cauca,Alto Magdalena,Río Coello,5.81818199157715,7.9236364364624,9,9,0.518115937709808,0.822463750839233,1,1,1.08000004291534,2015,01,1,0,0,0,0,5.81927299499512,2015-01-01,1.55356311798096,1.92905521392822,0.906292200088501
21220050,Pluviométrica,Convencional,Tolima,Ibagué,4.3534,-75.0531,680,1/15/1969,,Andes,Magdalena Cauca,Alto Magdalena,Río Coello,5.81818199157715,7.9236364364624,9,9,0.518115937709808,0.822463750839233,1,1,1.08000004291534,2015,01,2,0,0,0,0,5.87962532043457,2015-01-01,1.00298309326172,1.9516339302063,0.714101791381836
21220050,Pluviométrica,Convencional,Tolima,Ibagué,4.3534,-75.0531,680,1/15/1969,,Andes,Magdalena Cauca,Alto Magdalena,Río Coello,5.81818199157715,7.9236364364624,9,9,0.518115937709808,0.822463750839233,1,1,1.08000004291534,2015,01,3,17,17,18.3600007295609,0,12.0202789306641,2015-01-01,14.6512117385864,10.1480922698975,11.1538248062134
21220050,Pluviométrica,Convencional,Tolima,Ibagué,4.3534,-75.0531,680,1/15/1969,,Andes,Magdalena Cauca,Alto Magdalena,Río Coello,5.81818199157715,7.9236364364624,9,9,0.518115937709808,0.822463750839233,1,1,1.08000004291534,2015,01,4,0,0,0,0,41.4047241210938,2015-01-01,92.1283187866211,38.9666709899902,49.4023780822754
21220050,Pluviométrica,Convencional,Tolima,Ibagué,4.3534,-75.0531,680,1/15/1969,,Andes,Magdalena Cauca,Alto Magdalena,Río Coello,5.81818199157715,7.9236364364624,9,9,0.518115937709808,0.822463750839233,1,1,1.08000004291534,2015,01,5,0,0,0,0,41.5703735351563,2015-01-01,51.7644920349121,31.9262104034424,24.2537078857422
21220050,Pluviométrica,Convencional,Tolima,Ibagué,4.3534,-75.0531,680,1/15/1969,,Andes,Magdalena Cauca,Alto Magdalena,Río Coello,5.81818199157715,7.9236364364624,9,9,0.518115937709808,0.822463750839233,1,1,1.08000004291534,2015,01,6,65,65,70.2000027894974,0,16.1506309509277,2015-01-01,12.8402729034424,7.54765796661377,38.9965629577637
21220050,Pluviométrica,Convencional,Tolima,Ibagué,4.3534,-75.0531,680,1/15/1969,,Andes,Magdalena Cauca,Alto Magdalena,Río Coello,5.81818199157715,7.9236364364624,9,9,0.518115937709808,0.822463750839233,1,1,1.08000004291534,2015,02,7,2,2,2.16000008583069,0,20.0531425476074,2015-02-01,21.5049514770508,30.6827354431152,7.77239322662354
21220050,Pluviométrica,Convencional,Tolima,Ibagué,4.3534,-75.0531,680,1/15/1969,,Andes,Magdalena Cauca,Alto Magdalena,Río Coello,5.81818199157715,7.9236364364624,9,9,0.518115937709808,0.822463750839233,1,1,1.08000004291534,2015,02,8,8,8,8.64000034332275,0,18.8802947998047,2015-02-01,17.4187526702881,26.1004638671875,20.2090435028076
21220050,Pluviométrica,Convencional,Tolima,Ibagué,4.3534,-75.0531,680,1/15/1969,,Andes,Magdalena Cauca,Alto Magdalena,Río Coello,5.81818199157715,7.9236364364624,9,9,0.518115937709808,0.822463750839233,1,1,1.08000004291534,2015,02,9,24,24,25.9200010299683,0,22.4850368499756,2015-02-01,26.1337280273438,26.5860385894775,28.6075401306152
21220050,Pluviométrica,Convencional,Tolima,Ibagué,4.3534,-75.0531,680,1/15/1969,,Andes,Magdalena Cauca,Alto Magdalena,Río Coello,5.81818199157715,7.9236364364624,9,9,0.518115937709808,0.822463750839233,1,1,1.08000004291534,2015,02,10,0,0,0,0,9.54799938201904,2015-02-01,0,7.96278810501099,0
21220050,Pluviométrica,Convencional,Tolima,Ibagué,4.3534,-75.0531,680,1/15/1969,,Andes,Magdalena Cauca,Alto Magdalena,Río Coello,5.81818199157715,7.9236364364624,9,9,0.518115937709808,0.822463750839233,1,1,1.08000004291534,2015,02,11,0,0,0,0,10.0747995376587,2015-02-01,0.95016223192215,4.66098928451538,0.999283134937286
21220050,Pluviométrica,Convencional,Tolima,Ibagué,4.3534,-75.0531,680,1/15/1969,,Andes,Magdalena Cauca,Alto Magdalena,Río Coello,5.81818199157715,7.9236364364624,9,9,0.518115937709808,0.822463750839233,1,1,1.08000004291534,2015,02,12,21,21,22.6800009012222,0,8.03182888031006,2015-02-01,7.04798555374146,21.6585292816162,15.3562812805176
21220050,Pluviométrica,Convencional,Tolima,Ibagué,4.3534,-75.0531,680,1/15/1969,,Andes,Magdalena Cauca,Alto Magdalena,Río Coello,5.81818199157715,7.9236364364624,9,9,0.518115937709808,0.822463750839233,1,1,1.07000005245209,2015,03,13,8,8,8.5600004196167,0,24.7819786071777,2015-03-01,20.0852851867676,14.914999961853,25.8601512908936
21220050,Pluviométrica,Convencional,Tolima,Ibagué,4.3534,-75.0531,680,1/15/1969,,Andes,Magdalena Cauca,Alto Magdalena,Río Coello,5.81818199157715,7.9236364364624,9,9,0.518115937709808,0.822463750839233,1,1,1.07000005245209,2015,03,14,0,0,0,0,18.8087558746338,2015-03-01,11.3485450744629,16.6631965637207,15.5603628158569
21220050,Pluviométrica,Convencional,Tolima,Ibagué,4.3534,-75.0531,680,1/15/1969,,Andes,Magdalena Cauca,Alto Magdalena,Río Coello,5.81818199157715,7.9236364364624,9,9,0.518115937709808,0.822463750839233,1,1,1.07000005245209,2015,03,15,83,83,88.8100043535233,0,9.62972545623779,2015-03-01,0,17.7428932189941,0
21220050,Pluviométrica,Convencional,Tolima,Ibagué,4.3534,-75.0531,680,1/15/1969,,Andes,Magdalena Cauca,Alto Magdalena,Río Coello,5.81818199157715,7.9236364364624,9,9,0.518115937709808,0.822463750839233,1,1,1.07000005245209,2015,03,16,34,34,36.380001783371,0,41.4322547912598,2015-03-01,39.2543258666992,43.1829872131348,45.8720779418945
21220050,Pluviométrica,Convencional,Tolima,Ibagué,4.3534,-75.0531,680,1/15/1969,,Andes,Magdalena Cauca,Alto Magdalena,Río Coello,5.81818199157715,7.9236364364624,9,9,0.518115937709808,0.822463750839233,1,1,1.07000005245209,2015,03,17,70,70,74.9000036716461,0,29.41650390625,2015-03-01,29.1473655700684,31.5939998626709,36.604061126709
21220050,Pluviométrica,Convencional,Tolima,Ibagué,4.3534,-75.0531,680,1/15/1969,,Andes,Magdalena Cauca,Alto Magdalena,Río Coello,5.81818199157715,7.9236364364624,9,9,0.518115937709808,0.822463750839233,1,1,1.07000005245209,2015,03,18,148,148,158.360007762909,0,57.7340126037598,2015-03-01,56.1062202453613,56.6696128845215,80.3014068603516
21220050,Pluviométrica,Convencional,Tolima,Ibagué,4.3534,-75.0531,680,1/15/1969,,Andes,Magdalena Cauca,Alto Magdalena,Río Coello,5.81818199157715,7.9236364364624,9,9,0.518115937709808,0.822463750839233,1,1,1.05999994277954,2015,04,19,0,0,0,0,8.32523250579834,2015-04-01,21.4931144714355,12.7673826217651,26.4516849517822
21220050,Pluviométrica,Convencional,Tolima,Ibagué,4.3534,-75.0531,680,1/15/1969,,Andes,Magdalena Cauca,Alto Magdalena,Río Coello,5.81818199157715,7.9236364364624,9,9,0.518115937709808,0.822463750839233,1,1,1.05999994277954,2015,04,20,0,0,0,0,7.28454494476318,2015-04-01,4.00352382659912,3.17891144752502,2.99411416053772
21220050,Pluviométrica,Convencional,Tolima,Ibagué,4.3534,-75.0531,680,1/15/1969,,Andes,Magdalena Cauca,Alto Magdalena,Río Coello,5.81818199157715,7.9236364364624,9,9,0.518115937709808,0.822463750839233,1,1,1.05999994277954,2015,04,21,74,74,78.439995765686,0,17.3247394561768,2015-04-01,31.770601272583,22.8104820251465,48.2126960754395
21220050,Pluviométrica,Convencional,Tolima,Ibagué,4.3534,-75.0531,680,1/15/1969,,Andes,Magdalena Cauca,Alto Magdalena,Río Coello,5.81818199157715,7.9236364364624,9,9,0.518115937709808,0.822463750839233,1,1,1.05999994277954,2015,04,22,121,121,128.259993076324,0,57.3595008850098,2015-04-01,61.0116157531738,48.1507720947266,106.467468261719
21220050,Pluviométrica,Convencional,Tolima,Ibagué,4.3534,-75.0531,680,1/15/1969,,Andes,Magdalena Cauca,Alto Magdalena,Río Coello,5.81818199157715,7.9236364364624,9,9,0.518115937709808,0.822463750839233,1,1,1.05999994277954,2015,04,23,0,0,0,0,23.8258533477783,2015-04-01,22.8181419372559,21.2901020050049,9.40565586090088
21220050,Pluviométrica,Convencional,Tolima,Ibagué,4.3534,-75.0531,680,1/15/1969,,Andes,Magdalena Cauca,Alto Magdalena,Río Coello,5.81818199157715,7.9236364364624,9,9,0.518115937709808,0.822463750839233,1,1,1.05999994277954,2015,04,24,0,0,0,0,6.68799018859863,2015-04-01,2.33973813056946,6.30815076828003,1.91849207878113
21220050,Pluviométrica,Convencional,Tolima,Ibagué,4.3534,-75.0531,680,1/15/1969,,Andes,Magdalena Cauca,Alto Magdalena,Río Coello,5.81818199157715,7.9236364364624,9,9,0.518115937709808,0.822463750839233,1,1,1.05999994277954,2015,05,25,0,0,0,0,12.2471179962158,2015-05-01,13.2184925079346,7.2207932472229,4.38542890548706
21220050,Pluviométrica,Convencional,Tolima,Ibagué,4.3534,-75.0531,680,1/15/1969,,Andes,Magdalena Cauca,Alto Magdalena,Río Coello,5.81818199157715,7.9236364364624,9,9,0.518115937709808,0.822463750839233,1,1,1.05999994277954,2015,05,26,0,0,0,0,8.55858612060547,2015-05-01,8.08391094207764,2.09470748901367,3.47603607177734
21220050,Pluviométrica,Convencional,Tolima,Ibagué,4.3534,-75.0531,680,1/15/1969,,Andes,Magdalena Cauca,Alto Magdalena,Río Coello,5.81818199157715,7.9236364364624,9,9,0.518115937709808,0.822463750839233,1,1,1.05999994277954,2015,05,27,20,20,21.1999988555908,0,40.7164192199707,2015-05-01,43.4248352050781,24.0060443878174,29.9037818908691
21220050,Pluviométrica,Convencional,Tolima,Ibagué,4.3534,-75.0531,680,1/15/1969,,Andes,Magdalena Cauca,Alto Magdalena,Río Coello,5.81818199157715,7.9236364364624,9,9,0.518115937709808,0.822463750839233,1,1,1.05999994277954,2015,05,28,40,40,42.3999977111816,0,34.4540710449219,2015-05-01,35.351749420166,8.77170753479004,26.4346675872803
21220050,Pluviométrica,Convencional,Tolima,Ibagué,4.3534,-75.0531,680,1/15/1969,,Andes,Magdalena Cauca,Alto Magdalena,Río Coello,5.81818199157715,7.9236364364624,9,9,0.518115937709808,0.822463750839233,1,1,1.05999994277954,2015,05,29,80,80,84.7999954223633,0,18.0316028594971,2015-05-01,18.9013233184814,6.68367290496826,29.7396030426025
21220050,Pluviométrica,Convencional,Tolima,Ibagué,4.3534,-75.0531,680,1/15/1969,,Andes,Magdalena Cauca,Alto Magdalena,Río Coello,5.81818199157715,7.9236364364624,9,9,0.518115937709808,0.822463750839233,1,1,1.05999994277954,2015,05,30,10,10,10.5999994277954,0,14.6893796920776,2015-05-01,10.4668998718262,9.81949806213379,19.7643489837647
21220050,Pluviométrica,Convencional,Tolima,Ibagué,4.3534,-75.0531,680,1/15/1969,,Andes,Magdalena Cauca,Alto Magdalena,Río Coello,5.81818199157715,7.9236364364624,9,9,0.518115937709808,0.822463750839233,1,1,1.08000004291534,2015,06,31,0,0,0,0,13.1293230056763,2015-06-01,11.4873933792114,3.51731133460999,8.74941444396973
21220050,Pluviométrica,Convencional,Tolima,Ibagué,4.3534,-75.0531,680,1/15/1969,,Andes,Magdalena Cauca,Alto Magdalena,Río Coello,5.81818199157715,7.9236364364624,9,9,0.518115937709808,0.822463750839233,1,1,1.08000004291534,2015,06,32,7,7,7.56000030040741,0,9.15588665008545,2015-06-01,2.41549706459045,17.7069568634033,8.88436031341553
21220050,Pluviométrica,Convencional,Tolima,Ibagué,4.3534,-75.0531,680,1/15/1969,,Andes,Magdalena Cauca,Alto Magdalena,Río Coello,5.81818199157715,7.9236364364624,9,9,0.518115937709808,0.822463750839233,1,1,1.08000004291534,2015,06,33,0,0,0,0,10.5118989944458,2015-06-01,5.24285459518433,4.08385133743286,7.00224304199219
21220050,Pluviométrica,Convencional,Tolima,Ibagué,4.3534,-75.0531,680,1/15/1969,,Andes,Magdalena Cauca,Alto Magdalena,Río Coello,5.81818199157715,7.9236364364624,9,9,0.518115937709808,0.822463750839233,1,1,1.08000004291534,2015,06,34,1,1,1.08000004291534,0,7.15267038345337,2015-06-01,0.539234220981598,2.35487127304077,0.74184376001358
21220050,Pluviométrica,Convencional,Tolima,Ibagué,4.3534,-75.0531,680,1/15/1969,,Andes,Magdalena Cauca,Alto Magdalena,Río Coello,5.81818199157715,7.9236364364624,9,9,0.518115937709808,0.822463750839233,1,1,1.08000004291534,2015,06,35,0,0,0,0,7.41768932342529,2015-06-01,0.655797123908997,5.9026951789856,0.882420241832733
21220050,Pluviométrica,Convencional,Tolima,Ibagué,4.3534,-75.0531,680,1/15/1969,,Andes,Magdalena Cauca,Alto Magdalena,Río Coello,5.81818199157715,7.9236364364624,9,9,0.518115937709808,0.822463750839233,1,1,1.08000004291534,2015,06,36,0,0,0,0,7.10532140731812,2015-06-01,0.766077995300293,5.65412569046021,0.705454766750336
21220050,Pluviométrica,Convencional,Tolima,Ibagué,4.3534,-75.0531,680,1/15/1969,,Andes,Magdalena Cauca,Alto Magdalena,Río Coello,5.81818199157715,7.9236364364624,9,9,0.518115937709808,0.822463750839233,1,1,1.0900000333786,2015,07,37,0,0,0,0,11.3042106628418,2015-07-01,9.76938438415527,6.99936437606812,4.8441743850708
21220050,Pluviométrica,Convencional,Tolima,Ibagué,4.3534,-75.0531,680,1/15/1969,,Andes,Magdalena Cauca,Alto Magdalena,Río Coello,5.81818199157715,7.9236364364624,9,9,0.518115937709808,0.822463750839233,1,1,1.0900000333786,2015,07,38,1,1,1.0900000333786,0,9.20455360412598,2015-07-01,11.3175277709961,2.94386053085327,9.61277389526367
21220050,Pluviométrica,Convencional,Tolima,Ibagué,4.3534,-75.0531,680,1/15/1969,,Andes,Magdalena Cauca,Alto Magdalena,Río Coello,5.81818199157715,7.9236364364624,9,9,0.518115937709808,0.822463750839233,1,1,1.0900000333786,2015,07,39,1,1,1.0900000333786,0,3.24060988426209,2015-07-01,1.04117393493652,1.43069088459015,2.47876477241516
21220050,Pluviométrica,Convencional,Tolima,Ibagué,4.3534,-75.0531,680,1/15/1969,,Andes,Magdalena Cauca,Alto Magdalena,Río Coello,5.81818199157715,7.9236364364624,9,9,0.518115937709808,0.822463750839233,1,1,1.0900000333786,2015,07,40,29,29,31.6100009679794,0,2.50693726539612,2015-07-01,0,0.82971853017807,0
21220050,Pluviométrica,Convencional,Tolima,Ibagué,4.3534,-75.0531,680,1/15/1969,,Andes,Magdalena Cauca,Alto Magdalena,Río Coello,5.81818199157715,7.9236364364624,9,9,0.518115937709808,0.822463750839233,1,1,1.0900000333786,2015,07,41,0,0,0,0,5.01619958877564,2015-07-01,2.32929944992065,4.40180921554565,3.83315753936768
21220050,Pluviométrica,Convencional,Tolima,Ibagué,4.3534,-75.0531,680,1/15/1969,,Andes,Magdalena Cauca,Alto Magdalena,Río Coello,5.81818199157715,7.9236364364624,9,9,0.518115937709808,0.822463750839233,1,1,1.0900000333786,2015,07,42,0,0,0,0,4.19709539413452,2015-07-01,0.714197039604187,1.0655312538147,1.0292432308197
21220050,Pluviométrica,Convencional,Tolima,Ibagué,4.3534,-75.0531,680,1/15/1969,,Andes,Magdalena Cauca,Alto Magdalena,Río Coello,5.81818199157715,7.9236364364624,9,9,0.518115937709808,0.822463750839233,1,1,1.08000004291534,2015,08,43,0,0,0,0,1.42858231067657,2015-08-01,0.561066567897797,0.636973679065704,0.467109650373459
21220050,Pluviométrica,Convencional,Tolima,Ibagué,4.3534,-75.0531,680,1/15/1969,,Andes,Magdalena Cauca,Alto Magdalena,Río Coello,5.81818199157715,7.9236364364624,9,9,0.518115937709808,0.822463750839233,1,1,1.08000004291534,2015,08,44,0,0,0,0,3.69165372848511,2015-08-01,0.640929639339447,1.77727901935577,0.561315596103668
21220050,Pluviométrica,Convencional,Tolima,Ibagué,4.3534,-75.0531,680,1/15/1969,,Andes,Magdalena Cauca,Alto Magdalena,Río Coello,5.81818199157715,7.9236364364624,9,9,0.518115937709808,0.822463750839233,1,1,1.08000004291534,2015,08,45,0,0,0,0,1.45976197719574,2015-08-01,0,0.705960750579834,0
21220050,Pluviométrica,Convencional,Tolima,Ibagué,4.3534,-75.0531,680,1/15/1969,,Andes,Magdalena Cauca,Alto Magdalena,Río Coello,5.81818199157715,7.9236364364624,9,9,0.518115937709808,0.822463750839233,1,1,1.08000004291534,2015,08,46,0,0,0,0,1.33073914051056,2015-08-01,0,0.683818459510803,0
21220050,Pluviométrica,Convencional,Tolima,Ibagué,4.3534,-75.0531,680,1/15/1969,,Andes,Magdalena Cauca,Alto Magdalena,Río Coello,5.81818199157715,7.9236364364624,9,9,0.518115937709808,0.822463750839233,1,1,1.08000004291534,2015,08,47,0,0,0,0,10.9294939041138,2015-08-01,12.3171815872192,4.20220470428467,5.26801109313965
21220050,Pluviométrica,Convencional,Tolima,Ibagué,4.3534,-75.0531,680,1/15/1969,,Andes,Magdalena Cauca,Alto Magdalena,Río Coello,5.81818199157715,7.9236364364624,9,9,0.518115937709808,0.822463750839233,1,1,1.08000004291534,2015,08,48,0,0,0,0,12.1957559585571,2015-08-01,10.9603300094604,7.99165439605713,6.05122709274292
21220050,Pluviométrica,Convencional,Tolima,Ibagué,4.3534,-75.0531,680,1/15/1969,,Andes,Magdalena Cauca,Alto Magdalena,Río Coello,5.81818199157715,7.9236364364624,9,9,0.518115937709808,0.822463750839233,1,1,1.08000004291534,2015,09,49,0,0,0,0,3.74567747116089,2015-09-01,1.18813800811768,2.22780990600586,0.986626386642456
21220050,Pluviométrica,Convencional,Tolima,Ibagué,4.3534,-75.0531,680,1/15/1969,,Andes,Magdalena Cauca,Alto Magdalena,Río Coello,5.81818199157715,7.9236364364624,9,9,0.518115937709808,0.822463750839233,1,1,1.08000004291534,2015,09,50,17,17,18.3600007295609,0,18.8401279449463,2015-09-01,20.9571990966797,24.5608711242676,18.4970245361328
21220050,Pluviométrica,Convencional,Tolima,Ibagué,4.3534,-75.0531,680,1/15/1969,,Andes,Magdalena Cauca,Alto Magdalena,Río Coello,5.81818199157715,7.9236364364624,9,9,0.518115937709808,0.822463750839233,1,1,1.08000004291534,2015,09,51,0,0,0,0,14.6528577804565,2015-09-01,15.7579174041748,19.1021499633789,9.8778657913208
21220050,Pluviométrica,Convencional,Tolima,Ibagué,4.3534,-75.0531,680,1/15/1969,,Andes,Magdalena Cauca,Alto Magdalena,Río Coello,5.81818199157715,7.9236364364624,9,9,0.518115937709808,0.822463750839233,1,1,1.08000004291534,2015,09,52,0,0,0,0,59.1317558288574,2015-09-01,73.8938674926758,51.774845123291,37.611011505127
21220050,Pluviométrica,Convencional,Tolima,Ibagué,4.3534,-75.0531,680,1/15/1969,,Andes,Magdalena Cauca,Alto Magdalena,Río Coello,5.81818199157715,7.9236364364624,9,9,0.518115937709808,0.822463750839233,1,1,1.08000004291534,2015,09,53,0,0,0,0,4.79319620132446,2015-09-01,1.24871754646301,3.1922025680542,1.03953802585602
21220050,Pluviométrica,Convencional,Tolima,Ibagué,4.3534,-75.0531,680,1/15/1969,,Andes,Magdalena Cauca,Alto Magdalena,Río Coello,5.81818199157715,7.9236364364624,9,9,0.518115937709808,0.822463750839233,1,1,1.08000004291534,2015,09,54,86,86,92.8800036907196,0,13.9708566665649,2015-09-01,15.4008989334106,14.2765855789185,21.9581069946289
21220050,Pluviométrica,Convencional,Tolima,Ibagué,4.3534,-75.0531,680,1/15/1969,,Andes,Magdalena Cauca,Alto Magdalena,Río Coello,5.81818199157715,7.9236364364624,9,9,0.518115937709808,0.822463750839233,1,1,1.07000005245209,2015,10,55,0,0,0,0,21.1658401489258,2015-10-01,12.8166170120239,16.310718536377,11.1956052780151
21220050,Pluviométrica,Convencional,Tolima,Ibagué,4.3534,-75.0531,680,1/15/1969,,Andes,Magdalena Cauca,Alto Magdalena,Río Coello,5.81818199157715,7.9236364364624,9,9,0.518115937709808,0.822463750839233,1,1,1.07000005245209,2015,10,56,132,132,141.240006923676,0,17.3081703186035,2015-10-01,6.87064647674561,17.7945327758789,28.207052230835
21220050,Pluviométrica,Convencional,Tolima,Ibagué,4.3534,-75.0531,680,1/15/1969,,Andes,Magdalena Cauca,Alto Magdalena,Río Coello,5.81818199157715,7.9236364364624,9,9,0.518115937709808,0.822463750839233,1,1,1.07000005245209,2015,10,57,76,76,81.3200039863587,0,58.6611289978027,2015-10-01,59.3445205688477,53.2574577331543,68.4806213378906
21220050,Pluviométrica,Convencional,Tolima,Ibagué,4.3534,-75.0531,680,1/15/1969,,Andes,Magdalena Cauca,Alto Magdalena,Río Coello,5.81818199157715,7.9236364364624,9,9,0.518115937709808,0.822463750839233,1,1,1.07000005245209,2015,10,58,3,3,3.21000015735626,0,11.7256956100464,2015-10-01,2.73570919036865,10.4950151443481,2.54429697990418
21220050,Pluviométrica,Convencional,Tolima,Ibagué,4.3534,-75.0531,680,1/15/1969,,Andes,Magdalena Cauca,Alto Magdalena,Río Coello,5.81818199157715,7.9236364364624,9,9,0.518115937709808,0.822463750839233,1,1,1.07000005245209,2015,10,59,40,40,42.8000020980835,0,27.6674785614014,2015-10-01,23.5209999084473,23.6365852355957,33.5094223022461
21220050,Pluviométrica,Convencional,Tolima,Ibagué,4.3534,-75.0531,680,1/15/1969,,Andes,Magdalena Cauca,Alto Magdalena,Río Coello,5.81818199157715,7.9236364364624,9,9,0.518115937709808,0.822463750839233,1,1,1.07000005245209,2015,10,60,10,10,10.7000005245209,0,23.2488098144531,2015-10-01,10.8930130004883,14.9525718688965,13.2763013839722
21220050,Pluviométrica,Convencional,Tolima,Ibagué,4.3534,-75.0531,680,1/15/1969,,Andes,Magdalena Cauca,Alto Magdalena,Río Coello,5.81818199157715,7.9236364364624,9,9,0.518115937709808,0.822463750839233,1,1,1.05999994277954,2015,11,61,0,0,0,0,40.8002548217773,2015-11-01,31.5339813232422,22.3624744415283,23.048038482666
21220050,Pluviométrica,Convencional,Tolima,Ibagué,4.3534,-75.0531,680,1/15/1969,,Andes,Magdalena Cauca,Alto Magdalena,Río Coello,5.81818199157715,7.9236364364624,9,9,0.518115937709808,0.822463750839233,1,1,1.05999994277954,2015,11,62,3,3,3.17999982833862,0,45.63818359375,2015-11-01,38.2802543640137,31.9492149353027,23.9163398742676
21220050,Pluviométrica,Convencional,Tolima,Ibagué,4.3534,-75.0531,680,1/15/1969,,Andes,Magdalena Cauca,Alto Magdalena,Río Coello,5.81818199157715,7.9236364364624,9,9,0.518115937709808,0.822463750839233,1,1,1.05999994277954,2015,11,63,0,0,0,0,17.2929992675781,2015-11-01,5.43807601928711,5.39866828918457,2.94038414955139
21220050,Pluviométrica,Convencional,Tolima,Ibagué,4.3534,-75.0531,680,1/15/1969,,Andes,Magdalena Cauca,Alto Magdalena,Río Coello,5.81818199157715,7.9236364364624,9,9,0.518115937709808,0.822463750839233,1,1,1.05999994277954,2015,11,64,35,35,37.0999979972839,0,50.3525695800781,2015-11-01,39.7453727722168,14.9853229522705,33.1305274963379
21220050,Pluviométrica,Convencional,Tolima,Ibagué,4.3534,-75.0531,680,1/15/1969,,Andes,Magdalena Cauca,Alto Magdalena,Río Coello,5.81818199157715,7.9236364364624,9,9,0.518115937709808,0.822463750839233,1,1,1.05999994277954,2015,11,65,69,69,73.1399960517883,0,28.880126953125,2015-11-01,17.7196960449219,20.4843902587891,39.69677734375
21220050,Pluviométrica,Convencional,Tolima,Ibagué,4.3534,-75.0531,680,1/15/1969,,Andes,Magdalena Cauca,Alto Magdalena,Río Coello,5.81818199157715,7.9236364364624,9,9,0.518115937709808,0.822463750839233,1,1,1.05999994277954,2015,11,66,47,47,49.8199973106384,0,19.1552658081055,2015-11-01,8.87816619873047,14.2480716705322,12.397047996521
21220050,Pluviométrica,Convencional,Tolima,Ibagué,4.3534,-75.0531,680,1/15/1969,,Andes,Magdalena Cauca,Alto Magdalena,Río Coello,5.81818199157715,7.9236364364624,9,9,0.518115937709808,0.822463750839233,1,1,1.08000004291534,2015,12,67,0,0,0,0,17.4667568206787,2015-12-01,13.7643632888794,7.96835517883301,4.16440200805664
21220050,Pluviométrica,Convencional,Tolima,Ibagué,4.3534,-75.0531,680,1/15/1969,,Andes,Magdalena Cauca,Alto Magdalena,Río Coello,5.81818199157715,7.9236364364624,9,9,0.518115937709808,0.822463750839233,1,1,1.08000004291534,2015,12,68,0,0,0,0,8.48882102966309,2015-12-01,0.285358220338821,13.7602787017822,0.21341210603714
21220050,Pluviométrica,Convencional,Tolima,Ibagué,4.3534,-75.0531,680,1/15/1969,,Andes,Magdalena Cauca,Alto Magdalena,Río Coello,5.81818199157715,7.9236364364624,9,9,0.518115937709808,0.822463750839233,1,1,1.08000004291534,2015,12,69,15,15,16.2000006437302,0,12.3879041671753,2015-12-01,5.66827249526978,9.03965473175049,4.83212995529175
21220050,Pluviométrica,Convencional,Tolima,Ibagué,4.3534,-75.0531,680,1/15/1969,,Andes,Magdalena Cauca,Alto Magdalena,Río Coello,5.81818199157715,7.9236364364624,9,9,0.518115937709808,0.822463750839233,1,1,1.08000004291534,2015,12,70,0,0,0,0,13.4524879455566,2015-12-01,7.67208337783814,7.94111251831055,4.63639640808106
21220050,Pluviométrica,Convencional,Tolima,Ibagué,4.3534,-75.0531,680,1/15/1969,,Andes,Magdalena Cauca,Alto Magdalena,Río Coello,5.81818199157715,7.9236364364624,9,9,0.518115937709808,0.822463750839233,1,1,1.08000004291534,2015,12,71,0,0,0,0,8.53024196624756,2015-12-01,0.937147617340088,13.8274211883545,0.631035923957825
21220050,Pluviométrica,Convencional,Tolima,Ibagué,4.3534,-75.0531,680,1/15/1969,,Andes,Magdalena Cauca,Alto Magdalena,Río Coello,5.81818199157715,7.9236364364624,9,9,0.518115937709808,0.822463750839233,1,1,1.08000004291534,2015,12,72,0,0,0,0,12.5435495376587,2015-12-01,0.572259545326233,20.3329448699951,0.374602764844894
21220050,Pluviométrica,Convencional,Tolima,Ibagué,4.3534,-75.0531,680,1/15/1969,,Andes,Magdalena Cauca,Alto Magdalena,Río Coello,5.81818199157715,7.9236364364624,9,9,0.518115937709808,0.822463750839233,1,1,1.08000004291534,2016,01,1,0,0,0,0,20.6322231292725,2016-01-01,25.4712257385254,27.0217723846436,10.4524660110474
21220050,Pluviométrica,Convencional,Tolima,Ibagué,4.3534,-75.0531,680,1/15/1969,,Andes,Magdalena Cauca,Alto Magdalena,Río Coello,5.81818199157715,7.9236364364624,9,9,0.518115937709808,0.822463750839233,1,1,1.08000004291534,2016,01,2,0,0,0,0,10.8684844970703,2016-01-01,9.87991714477539,6.11739587783814,11.3345966339111
21220050,Pluviométrica,Convencional,Tolima,Ibagué,4.3534,-75.0531,680,1/15/1969,,Andes,Magdalena Cauca,Alto Magdalena,Río Coello,5.81818199157715,7.9236364364624,9,9,0.518115937709808,0.822463750839233,1,1,1.08000004291534,2016,01,3,0,0,0,0,8.29009819030762,2016-01-01,2.33807063102722,5.74912643432617,1.74277901649475
21220050,Pluviométrica,Convencional,Tolima,Ibagué,4.3534,-75.0531,680,1/15/1969,,Andes,Magdalena Cauca,Alto Magdalena,Río Coello,5.81818199157715,7.9236364364624,9,9,0.518115937709808,0.822463750839233,1,1,1.08000004291534,2016,01,4,0,0,0,0,5.61490821838379,2016-01-01,0,7.35377788543701,0
21220050,Pluviométrica,Convencional,Tolima,Ibagué,4.3534,-75.0531,680,1/15/1969,,Andes,Magdalena Cauca,Alto Magdalena,Río Coello,5.81818199157715,7.9236364364624,9,9,0.518115937709808,0.822463750839233,1,1,1.08000004291534,2016,01,5,18,18,19.4400007724762,0,5.46718406677246,2016-01-01,0.739561557769775,5.47240018844605,1.4193879365921
21220050,Pluviométrica,Convencional,Tolima,Ibagué,4.3534,-75.0531,680,1/15/1969,,Andes,Magdalena Cauca,Alto Magdalena,Río Coello,5.81818199157715,7.9236364364624,9,9,0.518115937709808,0.822463750839233,1,1,1.08000004291534,2016,01,6,0,0,0,0,7.72461080551148,2016-01-01,0,6.88303232192993,0
21220050,Pluviométrica,Convencional,Tolima,Ibagué,4.3534,-75.0531,680,1/15/1969,,Andes,Magdalena Cauca,Alto Magdalena,Río Coello,5.81818199157715,7.9236364364624,9,9,0.518115937709808,0.822463750839233,1,1,1.08000004291534,2016,02,7,0,0,0,0,11.4272537231445,2016-02-01,4.77516937255859,13.483057975769,7.66010713577271
21220050,Pluviométrica,Convencional,Tolima,Ibagué,4.3534,-75.0531,680,1/15/1969,,Andes,Magdalena Cauca,Alto Magdalena,Río Coello,5.81818199157715,7.9236364364624,9,9,0.518115937709808,0.822463750839233,1,1,1.08000004291534,2016,02,8,40,40,43.2000017166138,0,11.7716255187988,2016-02-01,5.61638689041138,13.8893842697144,21.375337600708
21220050,Pluviométrica,Convencional,Tolima,Ibagué,4.3534,-75.0531,680,1/15/1969,,Andes,Magdalena Cauca,Alto Magdalena,Río Coello,5.81818199157715,7.9236364364624,9,9,0.518115937709808,0.822463750839233,1,1,1.08000004291534,2016,02,9,0,0,0,0,10.0169143676758,2016-02-01,1.92330574989319,11.8189935684204,1.78232049942017
21220050,Pluviométrica,Convencional,Tolima,Ibagué,4.3534,-75.0531,680,1/15/1969,,Andes,Magdalena Cauca,Alto Magdalena,Río Coello,5.81818199157715,7.9236364364624,9,9,0.518115937709808,0.822463750839233,1,1,1.08000004291534,2016,02,10,0,0,0,0,9.54799938201904,2016-02-01,0,11.2657203674316,0
21220050,Pluviométrica,Convencional,Tolima,Ibagué,4.3534,-75.0531,680,1/15/1969,,Andes,Magdalena Cauca,Alto Magdalena,Río Coello,5.81818199157715,7.9236364364624,9,9,0.518115937709808,0.822463750839233,1,1,1.08000004291534,2016,02,11,45,45,48.6000019311905,0,22.0217571258545,2016-02-01,17.8009452819824,25.9835510253906,37.7943305969238
21220050,Pluviométrica,Convencional,Tolima,Ibagué,4.3534,-75.0531,680,1/15/1969,,Andes,Magdalena Cauca,Alto Magdalena,Río Coello,5.81818199157715,7.9236364364624,9,9,0.518115937709808,0.822463750839233,1,1,1.08000004291534,2016,02,12,8,8,8.64000034332275,0,5.35161352157593,2016-02-01,0.170474469661713,6.31438827514648,0.476993352174759
21220050,Pluviométrica,Convencional,Tolima,Ibagué,4.3534,-75.0531,680,1/15/1969,,Andes,Magdalena Cauca,Alto Magdalena,Río Coello,5.81818199157715,7.9236364364624,9,9,0.518115937709808,0.822463750839233,1,1,1.07000005245209,2016,03,13,9,9,9.63000047206879,0,23.606466293335,2016-03-01,11.8301887512207,40.3682327270508,14.4830274581909
21220050,Pluviométrica,Convencional,Tolima,Ibagué,4.3534,-75.0531,680,1/15/1969,,Andes,Magdalena Cauca,Alto Magdalena,Río Coello,5.81818199157715,7.9236364364624,9,9,0.518115937709808,0.822463750839233,1,1,1.07000005245209,2016,03,14,0,0,0,0,29.0630912780762,2016-03-01,23.7263774871826,23.2588176727295,12.7120170593262
21220050,Pluviométrica,Convencional,Tolima,Ibagué,4.3534,-75.0531,680,1/15/1969,,Andes,Magdalena Cauca,Alto Magdalena,Río Coello,5.81818199157715,7.9236364364624,9,9,0.518115937709808,0.822463750839233,1,1,1.07000005245209,2016,03,15,0,0,0,0,24.5274200439453,2016-03-01,18.5259857177734,7.77128601074219,11.2381744384766
21220050,Pluviométrica,Convencional,Tolima,Ibagué,4.3534,-75.0531,680,1/15/1969,,Andes,Magdalena Cauca,Alto Magdalena,Río Coello,5.81818199157715,7.9236364364624,9,9,0.518115937709808,0.822463750839233,1,1,1.07000005245209,2016,03,16,29,29,31.0300015211105,0,22.1193523406982,2016-03-01,15.9049339294434,12.908145904541,20.906156539917
21220050,Pluviométrica,Convencional,Tolima,Ibagué,4.3534,-75.0531,680,1/15/1969,,Andes,Magdalena Cauca,Alto Magdalena,Río Coello,5.81818199157715,7.9236364364624,9,9,0.518115937709808,0.822463750839233,1,1,1.07000005245209,2016,03,17,0,0,0,0,14.8344898223877,2016-03-01,9.12011814117432,8.8956995010376,7.40350675582886
21220050,Pluviométrica,Convencional,Tolima,Ibagué,4.3534,-75.0531,680,1/15/1969,,Andes,Magdalena Cauca,Alto Magdalena,Río Coello,5.81818199157715,7.9236364364624,9,9,0.518115937709808,0.822463750839233,1,1,1.07000005245209,2016,03,18,45,45,48.1500023603439,0,27.3470630645752,2016-03-01,19.3398723602295,42.4778366088867,32.809326171875
21220050,Pluviométrica,Convencional,Tolima,Ibagué,4.3534,-75.0531,680,1/15/1969,,Andes,Magdalena Cauca,Alto Magdalena,Río Coello,5.81818199157715,7.9236364364624,9,9,0.518115937709808,0.822463750839233,1,1,1.05999994277954,2016,04,19,53,53,56.1799969673157,0,32.2812576293945,2016-04-01,33.3390350341797,24.2741394042969,56.6375885009766
21220050,Pluviométrica,Convencional,Tolima,Ibagué,4.3534,-75.0531,680,1/15/1969,,Andes,Magdalena Cauca,Alto Magdalena,Río Coello,5.81818199157715,7.9236364364624,9,9,0.518115937709808,0.822463750839233,1,1,1.05999994277954,2016,04,20,28,28,29.6799983978272,0,45.4141693115234,2016-04-01,49.858829498291,34.1495361328125,31.0827312469482
21220050,Pluviométrica,Convencional,Tolima,Ibagué,4.3534,-75.0531,680,1/15/1969,,Andes,Magdalena Cauca,Alto Magdalena,Río Coello,5.81818199157715,7.9236364364624,9,9,0.518115937709808,0.822463750839233,1,1,1.05999994277954,2016,04,21,0,0,0,0,41.5564384460449,2016-04-01,46.7094802856445,31.2486839294434,37.9743347167969
21220050,Pluviométrica,Convencional,Tolima,Ibagué,4.3534,-75.0531,680,1/15/1969,,Andes,Magdalena Cauca,Alto Magdalena,Río Coello,5.81818199157715,7.9236364364624,9,9,0.518115937709808,0.822463750839233,1,1,1.05999994277954,2016,04,22,58,58,61.4799966812134,0,26.8169174194336,2016-04-01,27.4550170898438,20.1651878356934,42.2795143127441
21220050,Pluviométrica,Convencional,Tolima,Ibagué,4.3534,-75.0531,680,1/15/1969,,Andes,Magdalena Cauca,Alto Magdalena,Río Coello,5.81818199157715,7.9236364364624,9,9,0.518115937709808,0.822463750839233,1,1,1.05999994277954,2016,04,23,23,23,24.3799986839294,0,27.4944686889648,2016-04-01,21.345157623291,20.6746768951416,14.7739963531494
21220050,Pluviométrica,Convencional,Tolima,Ibagué,4.3534,-75.0531,680,1/15/1969,,Andes,Magdalena Cauca,Alto Magdalena,Río Coello,5.81818199157715,7.9236364364624,9,9,0.518115937709808,0.822463750839233,1,1,1.05999994277954,2016,04,24,39,39,41.3399977684021,0,60.7276573181152,2016-04-01,61.6895179748535,45.6646270751953,51.3208656311035
21220050,Pluviométrica,Convencional,Tolima,Ibagué,4.3534,-75.0531,680,1/15/1969,,Andes,Magdalena Cauca,Alto Magdalena,Río Coello,5.81818199157715,7.9236364364624,9,9,0.518115937709808,0.822463750839233,1,1,1.05999994277954,2016,05,25,0,0,0,0,30.8367424011231,2016-05-01,34.3558387756348,17.7704067230225,14.8142147064209
21220050,Pluviométrica,Convencional,Tolima,Ibagué,4.3534,-75.0531,680,1/15/1969,,Andes,Magdalena Cauca,Alto Magdalena,Río Coello,5.81818199157715,7.9236364364624,9,9,0.518115937709808,0.822463750839233,1,1,1.05999994277954,2016,05,26,137,137,145.219992160797,0,53.9410171508789,2016-05-01,58.2091636657715,50.583927154541,66.1173858642578
21220050,Pluviométrica,Convencional,Tolima,Ibagué,4.3534,-75.0531,680,1/15/1969,,Andes,Magdalena Cauca,Alto Magdalena,Río Coello,5.81818199157715,7.9236364364624,9,9,0.518115937709808,0.822463750839233,1,1,1.05999994277954,2016,05,27,41,41,43.4599976539612,0,1.77047502994537,2016-05-01,0.0965623706579208,1.37629568576813,0.300791949033737
21220050,Pluviométrica,Convencional,Tolima,Ibagué,4.3534,-75.0531,680,1/15/1969,,Andes,Magdalena Cauca,Alto Magdalena,Río Coello,5.81818199157715,7.9236364364624,9,9,0.518115937709808,0.822463750839233,1,1,1.05999994277954,2016,05,28,0,0,0,0,4.40303182601929,2016-05-01,2.94981217384338,3.64163708686829,2.08898305892944
21220050,Pluviométrica,Convencional,Tolima,Ibagué,4.3534,-75.0531,680,1/15/1969,,Andes,Magdalena Cauca,Alto Magdalena,Río Coello,5.81818199157715,7.9236364364624,9,9,0.518115937709808,0.822463750839233,1,1,1.05999994277954,2016,05,29,0,0,0,0,1.73277473449707,2016-05-01,0.375532329082489,1.27597951889038,0.475500524044037
21220050,Pluviométrica,Convencional,Tolima,Ibagué,4.3534,-75.0531,680,1/15/1969,,Andes,Magdalena Cauca,Alto Magdalena,Río Coello,5.81818199157715,7.9236364364624,9,9,0.518115937709808,0.822463750839233,1,1,1.05999994277954,2016,05,30,46,46,48.7599973678589,0,67.2998123168945,2016-05-01,58.6491928100586,65.5107803344727,69.0030822753906
21220050,Pluviométrica,Convencional,Tolima,Ibagué,4.3534,-75.0531,680,1/15/1969,,Andes,Magdalena Cauca,Alto Magdalena,Río Coello,5.81818199157715,7.9236364364624,9,9,0.518115937709808,0.822463750839233,1,1,1.08000004291534,2016,06,31,12,12,12.9600005149841,0,6.47348022460938,2016-06-01,0,7.29849338531494,0
21220050,Pluviométrica,Convencional,Tolima,Ibagué,4.3534,-75.0531,680,1/15/1969,,Andes,Magdalena Cauca,Alto Magdalena,Río Coello,5.81818199157715,7.9236364364624,9,9,0.518115937709808,0.822463750839233,1,1,1.08000004291534,2016,06,32,11,11,11.8800004720688,0,11.9563627243042,2016-06-01,6.59095668792725,13.4801425933838,23.7380485534668
21220050,Pluviométrica,Convencional,Tolima,Ibagué,4.3534,-75.0531,680,1/15/1969,,Andes,Magdalena Cauca,Alto Magdalena,Río Coello,5.81818199157715,7.9236364364624,9,9,0.518115937709808,0.822463750839233,1,1,1.08000004291534,2016,06,33,0,0,0,0,11.4844856262207,2016-06-01,8.15881156921387,12.9481258392334,7.59456777572632
21220050,Pluviométrica,Convencional,Tolima,Ibagué,4.3534,-75.0531,680,1/15/1969,,Andes,Magdalena Cauca,Alto Magdalena,Río Coello,5.81818199157715,7.9236364364624,9,9,0.518115937709808,0.822463750839233,1,1,1.08000004291534,2016,06,34,0,0,0,0,7.15267038345337,2016-06-01,0.539234220981598,8.06424331665039,0.977105975151062
21220050,Pluviométrica,Convencional,Tolima,Ibagué,4.3534,-75.0531,680,1/15/1969,,Andes,Magdalena Cauca,Alto Magdalena,Río Coello,5.81818199157715,7.9236364364624,9,9,0.518115937709808,0.822463750839233,1,1,1.08000004291534,2016,06,35,0,0,0,0,7.41768932342529,2016-06-01,0.655797123908997,8.363037109375,2.67284679412842
21220050,Pluviométrica,Convencional,Tolima,Ibagué,4.3534,-75.0531,680,1/15/1969,,Andes,Magdalena Cauca,Alto Magdalena,Río Coello,5.81818199157715,7.9236364364624,9,9,0.518115937709808,0.822463750839233,1,1,1.08000004291534,2016,06,36,0,0,0,0,13.3671607971191,2016-06-01,10.4704570770264,15.0707397460938,14.7743988037109
21220050,Pluviométrica,Convencional,Tolima,Ibagué,4.3534,-75.0531,680,1/15/1969,,Andes,Magdalena Cauca,Alto Magdalena,Río Coello,5.81818199157715,7.9236364364624,9,9,0.518115937709808,0.822463750839233,1,1,1.0900000333786,2016,07,37,0,0,0,0,9.34854221343994,2016-07-01,9.76938438415527,9.30871868133545,8.94313621520996
21220050,Pluviométrica,Convencional,Tolima,Ibagué,4.3534,-75.0531,680,1/15/1969,,Andes,Magdalena Cauca,Alto Magdalena,Río Coello,5.81818199157715,7.9236364364624,9,9,0.518115937709808,0.822463750839233,1,1,1.0900000333786,2016,07,38,13,13,14.1700004339218,0,6.03303956985474,2016-07-01,6.8871660232544,2.77786064147949,4.50742149353027
21220050,Pluviométrica,Convencional,Tolima,Ibagué,4.3534,-75.0531,680,1/15/1969,,Andes,Magdalena Cauca,Alto Magdalena,Río Coello,5.81818199157715,7.9236364364624,9,9,0.518115937709808,0.822463750839233,1,1,1.0900000333786,2016,07,39,5,5,5.45000016689301,0,12.4782581329346,2016-07-01,18.3629951477051,10.9030017852783,15.1685466766357
21220050,Pluviométrica,Convencional,Tolima,Ibagué,4.3534,-75.0531,680,1/15/1969,,Andes,Magdalena Cauca,Alto Magdalena,Río Coello,5.81818199157715,7.9236364364624,9,9,0.518115937709808,0.822463750839233,1,1,1.0900000333786,2016,07,40,41,41,44.6900013685227,0,13.867283821106,2016-07-01,18.0141010284424,28.3942604064941,30.5584621429443
21220050,Pluviométrica,Convencional,Tolima,Ibagué,4.3534,-75.0531,680,1/15/1969,,Andes,Magdalena Cauca,Alto Magdalena,Río Coello,5.81818199157715,7.9236364364624,9,9,0.518115937709808,0.822463750839233,1,1,1.0900000333786,2016,07,41,63,63,68.6700021028519,0,9.56710052490234,2016-07-01,8.67826843261719,25.2387294769287,29.4183139801025
21220050,Pluviométrica,Convencional,Tolima,Ibagué,4.3534,-75.0531,680,1/15/1969,,Andes,Magdalena Cauca,Alto Magdalena,Río Coello,5.81818199157715,7.9236364364624,9,9,0.518115937709808,0.822463750839233,1,1,1.0900000333786,2016,07,42,0,0,0,0,4.19709539413452,2016-07-01,0.714197039604187,2.96377968788147,0.731038331985474
21220050,Pluviométrica,Convencional,Tolima,Ibagué,4.3534,-75.0531,680,1/15/1969,,Andes,Magdalena Cauca,Alto Magdalena,Río Coello,5.81818199157715,7.9236364364624,9,9,0.518115937709808,0.822463750839233,1,1,1.08000004291534,2016,08,43,0,0,0,0,8.88011360168457,2016-08-01,8.19834804534912,4.87546062469482,3.77830386161804
21220050,Pluviométrica,Convencional,Tolima,Ibagué,4.3534,-75.0531,680,1/15/1969,,Andes,Magdalena Cauca,Alto Magdalena,Río Coello,5.81818199157715,7.9236364364624,9,9,0.518115937709808,0.822463750839233,1,1,1.08000004291534,2016,08,44,0,0,0,0,1.52713108062744,2016-08-01,0,1.04863679409027,0
21220050,Pluviométrica,Convencional,Tolima,Ibagué,4.3534,-75.0531,680,1/15/1969,,Andes,Magdalena Cauca,Alto Magdalena,Río Coello,5.81818199157715,7.9236364364624,9,9,0.518115937709808,0.822463750839233,1,1,1.08000004291534,2016,08,45,0,0,0,0,16.8371086120605,2016-08-01,14.3580455780029,6.92789602279663,5.51541709899902
21220050,Pluviométrica,Convencional,Tolima,Ibagué,4.3534,-75.0531,680,1/15/1969,,Andes,Magdalena Cauca,Alto Magdalena,Río Coello,5.81818199157715,7.9236364364624,9,9,0.518115937709808,0.822463750839233,1,1,1.08000004291534,2016,08,46,0,0,0,0,5.23890686035156,2016-08-01,1.8601142168045,2.66129088401794,1.06228709220886
21220050,Pluviométrica,Convencional,Tolima,Ibagué,4.3534,-75.0531,680,1/15/1969,,Andes,Magdalena Cauca,Alto Magdalena,Río Coello,5.81818199157715,7.9236364364624,9,9,0.518115937709808,0.822463750839233,1,1,1.08000004291534,2016,08,47,0,0,0,0,1.28654563426971,2016-08-01,0,0.887435853481293,0
21220050,Pluviométrica,Convencional,Tolima,Ibagué,4.3534,-75.0531,680,1/15/1969,,Andes,Magdalena Cauca,Alto Magdalena,Río Coello,5.81818199157715,7.9236364364624,9,9,0.518115937709808,0.822463750839233,1,1,1.08000004291534,2016,08,48,34,34,36.7200014591217,0,21.4490013122559,2016-08-01,23.4168739318848,44.0886268615723,48.940975189209
21220050,Pluviométrica,Convencional,Tolima,Ibagué,4.3534,-75.0531,680,1/15/1969,,Andes,Magdalena Cauca,Alto Magdalena,Río Coello,5.81818199157715,7.9236364364624,9,9,0.518115937709808,0.822463750839233,1,1,1.08000004291534,2016,09,49,0,0,0,0,29.099328994751,2016-09-01,36.5462493896484,13.1035871505737,16.7811527252197
21220050,Pluviométrica,Convencional,Tolima,Ibagué,4.3534,-75.0531,680,1/15/1969,,Andes,Magdalena Cauca,Alto Magdalena,Río Coello,5.81818199157715,7.9236364364624,9,9,0.518115937709808,0.822463750839233,1,1,1.08000004291534,2016,09,50,9,9,9.7200003862381,0,18.8401279449463,2016-09-01,19.1601696014404,7.35012865066528,8.42484664916992
21220050,Pluviométrica,Convencional,Tolima,Ibagué,4.3534,-75.0531,680,1/15/1969,,Andes,Magdalena Cauca,Alto Magdalena,Río Coello,5.81818199157715,7.9236364364624,9,9,0.518115937709808,0.822463750839233,1,1,1.08000004291534,2016,09,51,0,0,0,0,35.4695701599121,2016-09-01,44.9167823791504,29.5969181060791,32.5563125610352
21220050,Pluviométrica,Convencional,Tolima,Ibagué,4.3534,-75.0531,680,1/15/1969,,Andes,Magdalena Cauca,Alto Magdalena,Río Coello,5.81818199157715,7.9236364364624,9,9,0.518115937709808,0.822463750839233,1,1,1.08000004291534,2016,09,52,45,45,48.6000019311905,0,3.93882083892822,2016-09-01,2.54084491729736,2.21310162544251,2.37710356712341
21220050,Pluviométrica,Convencional,Tolima,Ibagué,4.3534,-75.0531,680,1/15/1969,,Andes,Magdalena Cauca,Alto Magdalena,Río Coello,5.81818199157715,7.9236364364624,9,9,0.518115937709808,0.822463750839233,1,1,1.08000004291534,2016,09,53,2,2,2.16000008583069,0,23.4457855224609,2016-09-01,25.3332405090332,7.14850330352783,8.65288639068604
21220050,Pluviométrica,Convencional,Tolima,Ibagué,4.3534,-75.0531,680,1/15/1969,,Andes,Magdalena Cauca,Alto Magdalena,Río Coello,5.81818199157715,7.9236364364624,9,9,0.518115937709808,0.822463750839233,1,1,1.08000004291534,2016,09,54,0,0,0,0,28.1130886077881,2016-09-01,29.4026737213135,14.6336650848389,15.4922246932983
21220050,Pluviométrica,Convencional,Tolima,Ibagué,4.3534,-75.0531,680,1/15/1969,,Andes,Magdalena Cauca,Alto Magdalena,Río Coello,5.81818199157715,7.9236364364624,9,9,0.518115937709808,0.822463750839233,1,1,1.07000005245209,2016,10,55,29,29,31.0300015211105,0,67.3031158447266,2016-10-01,72.4129791259766,76.1880264282227,53.9322319030762
21220050,Pluviométrica,Convencional,Tolima,Ibagué,4.3534,-75.0531,680,1/15/1969,,Andes,Magdalena Cauca,Alto Magdalena,Río Coello,5.81818199157715,7.9236364364624,9,9,0.518115937709808,0.822463750839233,1,1,1.07000005245209,2016,10,56,38,38,40.6600019931793,0,41.1796531677246,2016-10-01,35.8702850341797,46.6159133911133,67.2417068481445
21220050,Pluviométrica,Convencional,Tolima,Ibagué,4.3534,-75.0531,680,1/15/1969,,Andes,Magdalena Cauca,Alto Magdalena,Río Coello,5.81818199157715,7.9236364364624,9,9,0.518115937709808,0.822463750839233,1,1,1.07000005245209,2016,10,57,43,43,46.0100022554398,0,39.663501739502,2016-10-01,37.6852607727051,44.8996124267578,55.647403717041
21220050,Pluviométrica,Convencional,Tolima,Ibagué,4.3534,-75.0531,680,1/15/1969,,Andes,Magdalena Cauca,Alto Magdalena,Río Coello,5.81818199157715,7.9236364364624,9,9,0.518115937709808,0.822463750839233,1,1,1.07000005245209,2016,10,58,27,27,28.8900014162064,0,33.6851081848145,2016-10-01,30.1901187896729,38.1319923400879,21.4753265380859
21220050,Pluviométrica,Convencional,Tolima,Ibagué,4.3534,-75.0531,680,1/15/1969,,Andes,Magdalena Cauca,Alto Magdalena,Río Coello,5.81818199157715,7.9236364364624,9,9,0.518115937709808,0.822463750839233,1,1,1.07000005245209,2016,10,59,15,15,16.0500007867813,0,19.5493221282959,2016-10-01,12.5287437438965,22.1300926208496,29.2935218811035
21220050,Pluviométrica,Convencional,Tolima,Ibagué,4.3534,-75.0531,680,1/15/1969,,Andes,Magdalena Cauca,Alto Magdalena,Río Coello,5.81818199157715,7.9236364364624,9,9,0.518115937709808,0.822463750839233,1,1,1.07000005245209,2016,10,60,0,0,0,0,33.794548034668,2016-10-01,23.1079654693604,38.2558784484863,24.2764301300049
21220050,Pluviométrica,Convencional,Tolima,Ibagué,4.3534,-75.0531,680,1/15/1969,,Andes,Magdalena Cauca,Alto Magdalena,Río Coello,5.81818199157715,7.9236364364624,9,9,0.518115937709808,0.822463750839233,1,1,1.05999994277954,2016,11,61,15,15,15.8999991416931,0,40.8002548217773,2016-11-01,35.5838851928711,16.9210662841797,20.2224025726318
21220050,Pluviométrica,Convencional,Tolima,Ibagué,4.3534,-75.0531,680,1/15/1969,,Andes,Magdalena Cauca,Alto Magdalena,Río Coello,5.81818199157715,7.9236364364624,9,9,0.518115937709808,0.822463750839233,1,1,1.05999994277954,2016,11,62,52,52,55.1199970245361,0,10.8590488433838,2016-11-01,0,23.5442085266113,0
21220050,Pluviométrica,Convencional,Tolima,Ibagué,4.3534,-75.0531,680,1/15/1969,,Andes,Magdalena Cauca,Alto Magdalena,Río Coello,5.81818199157715,7.9236364364624,9,9,0.518115937709808,0.822463750839233,1,1,1.05999994277954,2016,11,63,13,13,13.779999256134,0,70.2007293701172,2016-11-01,66.062629699707,38.6056709289551,32.6614418029785
21220050,Pluviométrica,Convencional,Tolima,Ibagué,4.3534,-75.0531,680,1/15/1969,,Andes,Magdalena Cauca,Alto Magdalena,Río Coello,5.81818199157715,7.9236364364624,9,9,0.518115937709808,0.822463750839233,1,1,1.05999994277954,2016,11,64,22,22,23.3199987411499,0,60.6668586730957,2016-11-01,55.2469139099121,41.5452003479004,41.2710876464844
21220050,Pluviométrica,Convencional,Tolima,Ibagué,4.3534,-75.0531,680,1/15/1969,,Andes,Magdalena Cauca,Alto Magdalena,Río Coello,5.81818199157715,7.9236364364624,9,9,0.518115937709808,0.822463750839233,1,1,1.05999994277954,2016,11,65,17,17,18.0199990272522,0,41.2252082824707,2016-11-01,27.8204536437988,30.8360500335693,20.1423721313477
21220050,Pluviométrica,Convencional,Tolima,Ibagué,4.3534,-75.0531,680,1/15/1969,,Andes,Magdalena Cauca,Alto Magdalena,Río Coello,5.81818199157715,7.9236364364624,9,9,0.518115937709808,0.822463750839233,1,1,1.05999994277954,2016,11,66,28,28,29.6799983978272,0,39.5989761352539,2016-11-01,29.9720096588135,31.2621364593506,27.268087387085
21220050,Pluviométrica,Convencional,Tolima,Ibagué,4.3534,-75.0531,680,1/15/1969,,Andes,Magdalena Cauca,Alto Magdalena,Río Coello,5.81818199157715,7.9236364364624,9,9,0.518115937709808,0.822463750839233,1,1,1.08000004291534,2016,12,67,51,51,55.0800021886826,0,36.9637794494629,2016-12-01,42.5316467285156,27.6144428253174,43.7217445373535
21220050,Pluviométrica,Convencional,Tolima,Ibagué,4.3534,-75.0531,680,1/15/1969,,Andes,Magdalena Cauca,Alto Magdalena,Río Coello,5.81818199157715,7.9236364364624,9,9,0.518115937709808,0.822463750839233,1,1,1.08000004291534,2016,12,68,0,0,0,0,26.2924785614014,2016-12-01,30.1167278289795,28.5305233001709,25.4746150970459
21220050,Pluviométrica,Convencional,Tolima,Ibagué,4.3534,-75.0531,680,1/15/1969,,Andes,Magdalena Cauca,Alto Magdalena,Río Coello,5.81818199157715,7.9236364364624,9,9,0.518115937709808,0.822463750839233,1,1,1.08000004291534,2016,12,69,20,20,21.6000008583069,0,17.8808555603027,2016-12-01,15.3865909576416,14.2560758590698,13.1887559890747
21220050,Pluviométrica,Convencional,Tolima,Ibagué,4.3534,-75.0531,680,1/15/1969,,Andes,Magdalena Cauca,Alto Magdalena,Río Coello,5.81818199157715,7.9236364364624,9,9,0.518115937709808,0.822463750839233,1,1,1.08000004291534,2016,12,70,28,28,30.2400012016296,0,19.7056198120117,2016-12-01,17.2132778167725,15.8941164016724,15.0091857910156
21220050,Pluviométrica,Convencional,Tolima,Ibagué,4.3534,-75.0531,680,1/15/1969,,Andes,Magdalena Cauca,Alto Magdalena,Río Coello,5.81818199157715,7.9236364364624,9,9,0.518115937709808,0.822463750839233,1,1,1.08000004291534,2016,12,71,33,33,35.6400014162064,0,13.2382774353027,2016-12-01,7.96694660186768,10.2886838912964,8.44104194641113
21220050,Pluviométrica,Convencional,Tolima,Ibagué,4.3534,-75.0531,680,1/15/1969,,Andes,Magdalena Cauca,Alto Magdalena,Río Coello,5.81818199157715,7.9236364364624,9,9,0.518115937709808,0.822463750839233,1,1,1.08000004291534,2016,12,72,0,0,0,0,27.8961448669434,2016-12-01,23.2165966033936,11.4206018447876,12.8270893096924
21220050,Pluviométrica,Convencional,Tolima,Ibagué,4.3534,-75.0531,680,1/15/1969,,Andes,Magdalena Cauca,Alto Magdalena,Río Coello,5.81818199157715,7.9236364364624,9,9,0.518115937709808,0.822463750839233,1,1,1.08000004291534,2017,01,1,0,0,0,0,22.9570350646973,2017-01-01,25.4712257385254,8.62240982055664,10.4789791107178
21220050,Pluviométrica,Convencional,Tolima,Ibagué,4.3534,-75.0531,680,1/15/1969,,Andes,Magdalena Cauca,Alto Magdalena,Río Coello,5.81818199157715,7.9236364364624,9,9,0.518115937709808,0.822463750839233,1,1,1.08000004291534,2017,01,2,30,30,32.4000012874603,0,15.8573417663574,2017-01-01,15.2060785293579,15.593997001648,16.9350852966309
21220050,Pluviométrica,Convencional,Tolima,Ibagué,4.3534,-75.0531,680,1/15/1969,,Andes,Magdalena Cauca,Alto Magdalena,Río Coello,5.81818199157715,7.9236364364624,9,9,0.518115937709808,0.822463750839233,1,1,1.08000004291534,2017,01,3,2.7,2.7,2.91600011587143,0,13.2917222976685,2017-01-01,11.1795835494995,19.1849327087402,18.4498405456543
21220050,Pluviométrica,Convencional,Tolima,Ibagué,4.3534,-75.0531,680,1/15/1969,,Andes,Magdalena Cauca,Alto Magdalena,Río Coello,5.81818199157715,7.9236364364624,9,9,0.518115937709808,0.822463750839233,1,1,1.08000004291534,2017,01,4,0,0,0,0,5.61490821838379,2017-01-01,0,5.64327907562256,0
21220050,Pluviométrica,Convencional,Tolima,Ibagué,4.3534,-75.0531,680,1/15/1969,,Andes,Magdalena Cauca,Alto Magdalena,Río Coello,5.81818199157715,7.9236364364624,9,9,0.518115937709808,0.822463750839233,1,1,1.08000004291534,2017,01,5,0,0,0,0,7.78663492202759,2017-01-01,4.24385976791382,3.05297350883484,3.41477560997009
21220050,Pluviométrica,Convencional,Tolima,Ibagué,4.3534,-75.0531,680,1/15/1969,,Andes,Magdalena Cauca,Alto Magdalena,Río Coello,5.81818199157715,7.9236364364624,9,9,0.518115937709808,0.822463750839233,1,1,1.08000004291534,2017,01,6,45,45,48.6000019311905,0,24.6353702545166,2017-01-01,21.1898155212402,20.9068374633789,20.8490524291992
21220050,Pluviométrica,Convencional,Tolima,Ibagué,4.3534,-75.0531,680,1/15/1969,,Andes,Magdalena Cauca,Alto Magdalena,Río Coello,5.81818199157715,7.9236364364624,9,9,0.518115937709808,0.822463750839233,1,1,1.08000004291534,2017,02,7,0,0,0,0,8.83948707580566,2017-02-01,0,4.44171667098999,0
21220050,Pluviométrica,Convencional,Tolima,Ibagué,4.3534,-75.0531,680,1/15/1969,,Andes,Magdalena Cauca,Alto Magdalena,Río Coello,5.81818199157715,7.9236364364624,9,9,0.518115937709808,0.822463750839233,1,1,1.08000004291534,2017,02,8,0,0,0,0,9.10587406158447,2017-02-01,0.55823028087616,4.21580123901367,0.516260325908661
21220050,Pluviométrica,Convencional,Tolima,Ibagué,4.3534,-75.0531,680,1/15/1969,,Andes,Magdalena Cauca,Alto Magdalena,Río Coello,5.81818199157715,7.9236364364624,9,9,0.518115937709808,0.822463750839233,1,1,1.08000004291534,2017,02,9,0,0,0,0,9.12633323669434,2017-02-01,0.309277236461639,3.83110284805298,0.326883971691132
21220050,Pluviométrica,Convencional,Tolima,Ibagué,4.3534,-75.0531,680,1/15/1969,,Andes,Magdalena Cauca,Alto Magdalena,Río Coello,5.81818199157715,7.9236364364624,9,9,0.518115937709808,0.822463750839233,1,1,1.08000004291534,2017,02,10,0,0,0,0,11.4114561080933,2017-02-01,0.400607585906982,9.87153053283691,0.841958820819855
21220050,Pluviométrica,Convencional,Tolima,Ibagué,4.3534,-75.0531,680,1/15/1969,,Andes,Magdalena Cauca,Alto Magdalena,Río Coello,5.81818199157715,7.9236364364624,9,9,0.518115937709808,0.822463750839233,1,1,1.08000004291534,2017,02,11,0,0,0,0,14.0739936828613,2017-02-01,8.64206314086914,16.1329593658447,11.7883358001709
21220050,Pluviométrica,Convencional,Tolima,Ibagué,4.3534,-75.0531,680,1/15/1969,,Andes,Magdalena Cauca,Alto Magdalena,Río Coello,5.81818199157715,7.9236364364624,9,9,0.518115937709808,0.822463750839233,1,1,1.08000004291534,2017,02,12,0,0,0,0,15.578821182251,2017-02-01,25.6488361358643,9.22757434844971,12.5527944564819
21220050,Pluviométrica,Convencional,Tolima,Ibagué,4.3534,-75.0531,680,1/15/1969,,Andes,Magdalena Cauca,Alto Magdalena,Río Coello,5.81818199157715,7.9236364364624,9,9,0.518115937709808,0.822463750839233,1,1,1.07000005245209,2017,03,13,0,0,0,0,15.8638286590576,2017-03-01,9.1468563079834,23.7997856140137,19.0788669586182
21220050,Pluviométrica,Convencional,Tolima,Ibagué,4.3534,-75.0531,680,1/15/1969,,Andes,Magdalena Cauca,Alto Magdalena,Río Coello,5.81818199157715,7.9236364364624,9,9,0.518115937709808,0.822463750839233,1,1,1.07000005245209,2017,03,14,79,79,84.5300041437149,0,61.8769683837891,2017-03-01,60.8598785400391,56.4516754150391,54.8562660217285
21220050,Pluviométrica,Convencional,Tolima,Ibagué,4.3534,-75.0531,680,1/15/1969,,Andes,Magdalena Cauca,Alto Magdalena,Río Coello,5.81818199157715,7.9236364364624,9,9,0.518115937709808,0.822463750839233,1,1,1.07000005245209,2017,03,15,94,94,100.580004930496,0,29.1829528808594,2017-03-01,24.3812122344971,60.4542617797852,52.1504936218262
21220050,Pluviométrica,Convencional,Tolima,Ibagué,4.3534,-75.0531,680,1/15/1969,,Andes,Magdalena Cauca,Alto Magdalena,Río Coello,5.81818199157715,7.9236364364624,9,9,0.518115937709808,0.822463750839233,1,1,1.07000005245209,2017,03,16,20,20,21.4000010490417,0,17.9208946228027,2017-03-01,9.53691864013672,31.5308570861816,26.0552158355713
21220050,Pluviométrica,Convencional,Tolima,Ibagué,4.3534,-75.0531,680,1/15/1969,,Andes,Magdalena Cauca,Alto Magdalena,Río Coello,5.81818199157715,7.9236364364624,9,9,0.518115937709808,0.822463750839233,1,1,1.07000005245209,2017,03,17,65,65,69.5500034093857,0,23.6714630126953,2017-03-01,21.9758434295654,54.4070701599121,52.347713470459
21220050,Pluviométrica,Convencional,Tolima,Ibagué,4.3534,-75.0531,680,1/15/1969,,Andes,Magdalena Cauca,Alto Magdalena,Río Coello,5.81818199157715,7.9236364364624,9,9,0.518115937709808,0.822463750839233,1,1,1.07000005245209,2017,03,18,62,62,66.3400032520294,0,81.2292175292969,2017-03-01,88.2267532348633,75.6820297241211,79.0377426147461
21220050,Pluviométrica,Convencional,Tolima,Ibagué,4.3534,-75.0531,680,1/15/1969,,Andes,Magdalena Cauca,Alto Magdalena,Río Coello,5.81818199157715,7.9236364364624,9,9,0.518115937709808,0.822463750839233,1,1,1.05999994277954,2017,04,19,0,0,0,0,7.14747762680054,2017-04-01,3.08265042304993,4.03841018676758,3.1813747882843
21220050,Pluviométrica,Convencional,Tolima,Ibagué,4.3534,-75.0531,680,1/15/1969,,Andes,Magdalena Cauca,Alto Magdalena,Río Coello,5.81818199157715,7.9236364364624,9,9,0.518115937709808,0.822463750839233,1,1,1.05999994277954,2017,04,20,35,35,37.0999979972839,0,20.9832439422607,2017-04-01,20.8650550842285,39.4329071044922,37.5481910705566
21220050,Pluviométrica,Convencional,Tolima,Ibagué,4.3534,-75.0531,680,1/15/1969,,Andes,Magdalena Cauca,Alto Magdalena,Río Coello,5.81818199157715,7.9236364364624,9,9,0.518115937709808,0.822463750839233,1,1,1.05999994277954,2017,04,21,20,20,21.1999988555908,0,46.4525718688965,2017-04-01,50.9374618530273,24.7444133758545,25.1553211212158
21220050,Pluviométrica,Convencional,Tolima,Ibagué,4.3534,-75.0531,680,1/15/1969,,Andes,Magdalena Cauca,Alto Magdalena,Río Coello,5.81818199157715,7.9236364364624,9,9,0.518115937709808,0.822463750839233,1,1,1.05999994277954,2017,04,22,15,15,15.8999991416931,0,34.4140701293945,2017-04-01,38.9695358276367,43.2398796081543,42.9127998352051
21220050,Pluviométrica,Convencional,Tolima,Ibagué,4.3534,-75.0531,680,1/15/1969,,Andes,Magdalena Cauca,Alto Magdalena,Río Coello,5.81818199157715,7.9236364364624,9,9,0.518115937709808,0.822463750839233,1,1,1.05999994277954,2017,04,23,0,0,0,0,35.0098915100098,2017-04-01,35.043342590332,42.9534568786621,42.5089530944824
21220050,Pluviométrica,Convencional,Tolima,Ibagué,4.3534,-75.0531,680,1/15/1969,,Andes,Magdalena Cauca,Alto Magdalena,Río Coello,5.81818199157715,7.9236364364624,9,9,0.518115937709808,0.822463750839233,1,1,1.05999994277954,2017,04,24,0,0,0,0,43.3343544006348,2017-04-01,40.6705474853516,19.7094459533691,14.5094699859619
21220050,Pluviométrica,Convencional,Tolima,Ibagué,4.3534,-75.0531,680,1/15/1969,,Andes,Magdalena Cauca,Alto Magdalena,Río Coello,5.81818199157715,7.9236364364624,9,9,0.518115937709808,0.822463750839233,1,1,1.05999994277954,2017,05,25,62.3,62.3,66.0379964351654,0,48.2929840087891,2017-05-01,55.7206077575684,71.2834625244141,73.7912292480469
21220050,Pluviométrica,Convencional,Tolima,Ibagué,4.3534,-75.0531,680,1/15/1969,,Andes,Magdalena Cauca,Alto Magdalena,Río Coello,5.81818199157715,7.9236364364624,9,9,0.518115937709808,0.822463750839233,1,1,1.05999994277954,2017,05,26,61,61,64.659996509552,0,66.3180465698242,2017-05-01,73.3986282348633,86.4032974243164,71.9329223632813
21220050,Pluviométrica,Convencional,Tolima,Ibagué,4.3534,-75.0531,680,1/15/1969,,Andes,Magdalena Cauca,Alto Magdalena,Río Coello,5.81818199157715,7.9236364364624,9,9,0.518115937709808,0.822463750839233,1,1,1.05999994277954,2017,05,27,2,2,2.11999988555908,0,50.4693832397461,2017-05-01,52.393611907959,32.0728569030762,35.1424560546875
21220050,Pluviométrica,Convencional,Tolima,Ibagué,4.3534,-75.0531,680,1/15/1969,,Andes,Magdalena Cauca,Alto Magdalena,Río Coello,5.81818199157715,7.9236364364624,9,9,0.518115937709808,0.822463750839233,1,1,1.05999994277954,2017,05,28,65,65,68.8999962806702,0,24.8923759460449,2017-05-01,25.0420436859131,20.4429740905762,22.6615123748779
21220050,Pluviométrica,Convencional,Tolima,Ibagué,4.3534,-75.0531,680,1/15/1969,,Andes,Magdalena Cauca,Alto Magdalena,Río Coello,5.81818199157715,7.9236364364624,9,9,0.518115937709808,0.822463750839233,1,1,1.05999994277954,2017,05,29,3.6,3.6,3.81599979400635,0,11.2534790039063,2017-05-01,8.83868598937988,23.5985240936279,15.4634027481079
21220050,Pluviométrica,Convencional,Tolima,Ibagué,4.3534,-75.0531,680,1/15/1969,,Andes,Magdalena Cauca,Alto Magdalena,Río Coello,5.81818199157715,7.9236364364624,9,9,0.518115937709808,0.822463750839233,1,1,1.05999994277954,2017,05,30,0,0,0,0,6.71810245513916,2017-05-01,1.97401738166809,5.79794692993164,2.87046504020691
21220050,Pluviométrica,Convencional,Tolima,Ibagué,4.3534,-75.0531,680,1/15/1969,,Andes,Magdalena Cauca,Alto Magdalena,Río Coello,5.81818199157715,7.9236364364624,9,9,0.518115937709808,0.822463750839233,1,1,1.08000004291534,2017,06,31,0,0,0,0,11.2276525497437,2017-06-01,5.86440849304199,3.59508848190308,2.86435413360596
21220050,Pluviométrica,Convencional,Tolima,Ibagué,4.3534,-75.0531,680,1/15/1969,,Andes,Magdalena Cauca,Alto Magdalena,Río Coello,5.81818199157715,7.9236364364624,9,9,0.518115937709808,0.822463750839233,1,1,1.08000004291534,2017,06,32,33,33,35.6400014162064,0,20.4754600524902,2017-06-01,19.2927761077881,28.6118125915527,29.6560211181641
21220050,Pluviométrica,Convencional,Tolima,Ibagué,4.3534,-75.0531,680,1/15/1969,,Andes,Magdalena Cauca,Alto Magdalena,Río Coello,5.81818199157715,7.9236364364624,9,9,0.518115937709808,0.822463750839233,1,1,1.08000004291534,2017,06,33,91,91,98.2800039052963,0,40.6620292663574,2017-06-01,47.5242195129395,53.0946083068848,61.6280555725098
21220050,Pluviométrica,Convencional,Tolima,Ibagué,4.3534,-75.0531,680,1/15/1969,,Andes,Magdalena Cauca,Alto Magdalena,Río Coello,5.81818199157715,7.9236364364624,9,9,0.518115937709808,0.822463750839233,1,1,1.08000004291534,2017,06,34,0,0,0,0,32.3669548034668,2017-06-01,36.9555320739746,33.6189079284668,38.894416809082
21220050,Pluviométrica,Convencional,Tolima,Ibagué,4.3534,-75.0531,680,1/15/1969,,Andes,Magdalena Cauca,Alto Magdalena,Río Coello,5.81818199157715,7.9236364364624,9,9,0.518115937709808,0.822463750839233,1,1,1.08000004291534,2017,06,35,0,0,0,0,16.1338577270508,2017-06-01,13.6790161132813,6.69935274124146,9.6840991973877
21220050,Pluviométrica,Convencional,Tolima,Ibagué,4.3534,-75.0531,680,1/15/1969,,Andes,Magdalena Cauca,Alto Magdalena,Río Coello,5.81818199157715,7.9236364364624,9,9,0.518115937709808,0.822463750839233,1,1,1.08000004291534,2017,06,36,49.2,49.2,53.1360021114349,0,10.2362413406372,2017-06-01,4.0008716583252,7.02554321289063,6.5985631942749
21220050,Pluviométrica,Convencional,Tolima,Ibagué,4.3534,-75.0531,680,1/15/1969,,Andes,Magdalena Cauca,Alto Magdalena,Río Coello,5.81818199157715,7.9236364364624,9,9,0.518115937709808,0.822463750839233,1,1,1.0900000333786,2017,07,37,0,0,0,0,3.48153924942017,2017-07-01,0.366463214159012,1.93705129623413,0.320283561944962
21220050,Pluviométrica,Convencional,Tolima,Ibagué,4.3534,-75.0531,680,1/15/1969,,Andes,Magdalena Cauca,Alto Magdalena,Río Coello,5.81818199157715,7.9236364364624,9,9,0.518115937709808,0.822463750839233,1,1,1.0900000333786,2017,07,38,0,0,0,0,2.83487391471863,2017-07-01,0,1.54437184333801,0
21220050,Pluviométrica,Convencional,Tolima,Ibagué,4.3534,-75.0531,680,1/15/1969,,Andes,Magdalena Cauca,Alto Magdalena,Río Coello,5.81818199157715,7.9236364364624,9,9,0.518115937709808,0.822463750839233,1,1,1.0900000333786,2017,07,39,0,0,0,0,8.21472835540772,2017-07-01,10.3683099746704,6.4383807182312,6.91726875305176
21220050,Pluviométrica,Convencional,Tolima,Ibagué,4.3534,-75.0531,680,1/15/1969,,Andes,Magdalena Cauca,Alto Magdalena,Río Coello,5.81818199157715,7.9236364364624,9,9,0.518115937709808,0.822463750839233,1,1,1.0900000333786,2017,07,40,24,24,26.1600008010864,0,17.2931385040283,2017-07-01,22.8730964660645,21.8628234863281,20.0210819244385
21220050,Pluviométrica,Convencional,Tolima,Ibagué,4.3534,-75.0531,680,1/15/1969,,Andes,Magdalena Cauca,Alto Magdalena,Río Coello,5.81818199157715,7.9236364364624,9,9,0.518115937709808,0.822463750839233,1,1,1.0900000333786,2017,07,41,0,0,0,0,2.71194529533386,2017-07-01,0,1.52003192901611,0
21220050,Pluviométrica,Convencional,Tolima,Ibagué,4.3534,-75.0531,680,1/15/1969,,Andes,Magdalena Cauca,Alto Magdalena,Río Coello,5.81818199157715,7.9236364364624,9,9,0.518115937709808,0.822463750839233,1,1,1.0900000333786,2017,07,42,0,0,0,0,4.19709539413452,2017-07-01,0.714197039604187,1.90180373191834,0.540249168872833
21220050,Pluviométrica,Convencional,Tolima,Ibagué,4.3534,-75.0531,680,1/15/1969,,Andes,Magdalena Cauca,Alto Magdalena,Río Coello,5.81818199157715,7.9236364364624,9,9,0.518115937709808,0.822463750839233,1,1,1.08000004291534,2017,08,43,0,0,0,0,7.79477453231812,2017-08-01,6.83461999893189,2.70482110977173,3.16356563568115
21220050,Pluviométrica,Convencional,Tolima,Ibagué,4.3534,-75.0531,680,1/15/1969,,Andes,Magdalena Cauca,Alto Magdalena,Río Coello,5.81818199157715,7.9236364364624,9,9,0.518115937709808,0.822463750839233,1,1,1.08000004291534,2017,08,44,19,19,20.5200008153915,0,18.7743644714355,2017-08-01,18.2163105010986,10.5783529281616,9.97153091430664
21220050,Pluviométrica,Convencional,Tolima,Ibagué,4.3534,-75.0531,680,1/15/1969,,Andes,Magdalena Cauca,Alto Magdalena,Río Coello,5.81818199157715,7.9236364364624,9,9,0.518115937709808,0.822463750839233,1,1,1.08000004291534,2017,08,45,50,50,54.0000021457672,0,23.4912662506104,2017-08-01,22.0159339904785,12.1908893585205,19.1690120697022
21220050,Pluviométrica,Convencional,Tolima,Ibagué,4.3534,-75.0531,680,1/15/1969,,Andes,Magdalena Cauca,Alto Magdalena,Río Coello,5.81818199157715,7.9236364364624,9,9,0.518115937709808,0.822463750839233,1,1,1.08000004291534,2017,08,46,22,22,23.7600009441376,0,40.118522644043,2017-08-01,39.5748634338379,47.5089340209961,58.0326232910156
21220050,Pluviométrica,Convencional,Tolima,Ibagué,4.3534,-75.0531,680,1/15/1969,,Andes,Magdalena Cauca,Alto Magdalena,Río Coello,5.81818199157715,7.9236364364624,9,9,0.518115937709808,0.822463750839233,1,1,1.08000004291534,2017,08,47,45,45,48.6000019311905,0,20.7037734985352,2017-08-01,24.298885345459,28.4303798675537,17.0749702453613
21220050,Pluviométrica,Convencional,Tolima,Ibagué,4.3534,-75.0531,680,1/15/1969,,Andes,Magdalena Cauca,Alto Magdalena,Río Coello,5.81818199157715,7.9236364364624,9,9,0.518115937709808,0.822463750839233,1,1,1.08000004291534,2017,08,48,0,0,0,0,8.28477573394775,2017-08-01,6.3495831489563,11.1536731719971,7.25592613220215
21220050,Pluviométrica,Convencional,Tolima,Ibagué,4.3534,-75.0531,680,1/15/1969,,Andes,Magdalena Cauca,Alto Magdalena,Río Coello,5.81818199157715,7.9236364364624,9,9,0.518115937709808,0.822463750839233,1,1,1.08000004291534,2017,09,49,0,0,0,0,5.07444953918457,2017-09-01,2.86475276947022,2.72947144508362,3.00154256820679
21220050,Pluviométrica,Convencional,Tolima,Ibagué,4.3534,-75.0531,680,1/15/1969,,Andes,Magdalena Cauca,Alto Magdalena,Río Coello,5.81818199157715,7.9236364364624,9,9,0.518115937709808,0.822463750839233,1,1,1.08000004291534,2017,09,50,0,0,0,0,40.9779586791992,2017-09-01,46.2960624694824,32.4462776184082,27.3390712738037
21220050,Pluviométrica,Convencional,Tolima,Ibagué,4.3534,-75.0531,680,1/15/1969,,Andes,Magdalena Cauca,Alto Magdalena,Río Coello,5.81818199157715,7.9236364364624,9,9,0.518115937709808,0.822463750839233,1,1,1.08000004291534,2017,09,51,0,0,0,0,44.3910179138184,2017-09-01,52.2064895629883,23.7848606109619,25.3219699859619
21220050,Pluviométrica,Convencional,Tolima,Ibagué,4.3534,-75.0531,680,1/15/1969,,Andes,Magdalena Cauca,Alto Magdalena,Río Coello,5.81818199157715,7.9236364364624,9,9,0.518115937709808,0.822463750839233,1,1,1.08000004291534,2017,09,52,0,0,0,0,9.45811462402344,2017-09-01,9.6761474609375,3.62523937225342,5.32962083816528
21220050,Pluviométrica,Convencional,Tolima,Ibagué,4.3534,-75.0531,680,1/15/1969,,Andes,Magdalena Cauca,Alto Magdalena,Río Coello,5.81818199157715,7.9236364364624,9,9,0.518115937709808,0.822463750839233,1,1,1.08000004291534,2017,09,53,40,40,43.2000017166138,0,22.202278137207,2017-09-01,23.7276058197022,16.9920120239258,18.3605518341064
21220050,Pluviométrica,Convencional,Tolima,Ibagué,4.3534,-75.0531,680,1/15/1969,,Andes,Magdalena Cauca,Alto Magdalena,Río Coello,5.81818199157715,7.9236364364624,9,9,0.518115937709808,0.822463750839233,1,1,1.08000004291534,2017,09,54,18,18,19.4400007724762,0,42.2553215026856,2017-09-01,48.0717086791992,27.3754463195801,28.6641960144043
21220050,Pluviométrica,Convencional,Tolima,Ibagué,4.3534,-75.0531,680,1/15/1969,,Andes,Magdalena Cauca,Alto Magdalena,Río Coello,5.81818199157715,7.9236364364624,9,9,0.518115937709808,0.822463750839233,1,1,1.07000005245209,2017,10,55,0,0,0,0,41.2473983764648,2017-10-01,38.7563247680664,24.67551612854,23.4000034332275
21220050,Pluviométrica,Convencional,Tolima,Ibagué,4.3534,-75.0531,680,1/15/1969,,Andes,Magdalena Cauca,Alto Magdalena,Río Coello,5.81818199157715,7.9236364364624,9,9,0.518115937709808,0.822463750839233,1,1,1.07000005245209,2017,10,56,35,35,37.4500018358231,0,49.4629631042481,2017-10-01,50.5719032287598,51.21630859375,49.6241226196289
21220050,Pluviométrica,Convencional,Tolima,Ibagué,4.3534,-75.0531,680,1/15/1969,,Andes,Magdalena Cauca,Alto Magdalena,Río Coello,5.81818199157715,7.9236364364624,9,9,0.518115937709808,0.822463750839233,1,1,1.07000005245209,2017,10,57,40,40,42.8000020980835,0,17.7891120910645,2017-10-01,6.66560888290405,6.09764385223389,5.18130207061768
21220050,Pluviométrica,Convencional,Tolima,Ibagué,4.3534,-75.0531,680,1/15/1969,,Andes,Magdalena Cauca,Alto Magdalena,Río Coello,5.81818199157715,7.9236364364624,9,9,0.518115937709808,0.822463750839233,1,1,1.07000005245209,2017,10,58,0,0,0,0,15.8893604278564,2017-10-01,8.48897838592529,6.2187442779541,5.44154453277588
21220050,Pluviométrica,Convencional,Tolima,Ibagué,4.3534,-75.0531,680,1/15/1969,,Andes,Magdalena Cauca,Alto Magdalena,Río Coello,5.81818199157715,7.9236364364624,9,9,0.518115937709808,0.822463750839233,1,1,1.07000005245209,2017,10,59,67,67,71.6900035142899,0,46.9481048583984,2017-10-01,49.627613067627,58.8996658325195,57.5967636108399
21220050,Pluviométrica,Convencional,Tolima,Ibagué,4.3534,-75.0531,680,1/15/1969,,Andes,Magdalena Cauca,Alto Magdalena,Río Coello,5.81818199157715,7.9236364364624,9,9,0.518115937709808,0.822463750839233,1,1,1.07000005245209,2017,10,60,25,25,26.7500013113022,0,73.6339950561523,2017-10-01,67.8961334228516,42.6386108398438,38.4951210021973
21220050,Pluviométrica,Convencional,Tolima,Ibagué,4.3534,-75.0531,680,1/15/1969,,Andes,Magdalena Cauca,Alto Magdalena,Río Coello,5.81818199157715,7.9236364364624,9,9,0.518115937709808,0.822463750839233,1,1,1.05999994277954,2017,11,61,62,62,65.7199964523316,0,57.5734024047852,2017-11-01,53.1334648132324,61.0657615661621,58.1701126098633
21220050,Pluviométrica,Convencional,Tolima,Ibagué,4.3534,-75.0531,680,1/15/1969,,Andes,Magdalena Cauca,Alto Magdalena,Río Coello,5.81818199157715,7.9236364364624,9,9,0.518115937709808,0.822463750839233,1,1,1.05999994277954,2017,11,62,81,81,85.8599953651428,0,14.4769630432129,2017-11-01,1.93460094928741,17.3760509490967,4.32249307632446
21220050,Pluviométrica,Convencional,Tolima,Ibagué,4.3534,-75.0531,680,1/15/1969,,Andes,Magdalena Cauca,Alto Magdalena,Río Coello,5.81818199157715,7.9236364364624,9,9,0.518115937709808,0.822463750839233,1,1,1.05999994277954,2017,11,63,24,24,25.439998626709,0,50.5141334533692,2017-11-01,37.0682754516602,64.8124923706055,45.0096664428711
21220050,Pluviométrica,Convencional,Tolima,Ibagué,4.3534,-75.0531,680,1/15/1969,,Andes,Magdalena Cauca,Alto Magdalena,Río Coello,5.81818199157715,7.9236364364624,9,9,0.518115937709808,0.822463750839233,1,1,1.05999994277954,2017,11,64,33,33,34.9799981117249,0,15.5634460449219,2017-11-01,4.53818845748901,32.4873237609863,17.2299556732178
21220050,Pluviométrica,Convencional,Tolima,Ibagué,4.3534,-75.0531,680,1/15/1969,,Andes,Magdalena Cauca,Alto Magdalena,Río Coello,5.81818199157715,7.9236364364624,9,9,0.518115937709808,0.822463750839233,1,1,1.05999994277954,2017,11,65,26,26,27.5599985122681,0,34.3668327331543,2017-11-01,23.4915580749512,39.5787620544434,38.8221168518066
21220050,Pluviométrica,Convencional,Tolima,Ibagué,4.3534,-75.0531,680,1/15/1969,,Andes,Magdalena Cauca,Alto Magdalena,Río Coello,5.81818199157715,7.9236364364624,9,9,0.518115937709808,0.822463750839233,1,1,1.05999994277954,2017,11,66,5,5,5.29999971389771,0,31.4214916229248,2017-11-01,19.4250869750977,18.0908107757568,15.0462369918823
21220050,Pluviométrica,Convencional,Tolima,Ibagué,4.3534,-75.0531,680,1/15/1969,,Andes,Magdalena Cauca,Alto Magdalena,Río Coello,5.81818199157715,7.9236364364624,9,9,0.518115937709808,0.822463750839233,1,1,1.08000004291534,2017,12,67,29,29,31.320001244545,0,15.4144372940063,2017-12-01,12.1661815643311,17.88600730896,25.3797492980957
21220050,Pluviométrica,Convencional,Tolima,Ibagué,4.3534,-75.0531,680,1/15/1969,,Andes,Magdalena Cauca,Alto Magdalena,Río Coello,5.81818199157715,7.9236364364624,9,9,0.518115937709808,0.822463750839233,1,1,1.08000004291534,2017,12,68,0,0,0,0,13.2133646011353,2017-12-01,8.20168781280518,5.22229957580566,6.43627977371216
21220050,Pluviométrica,Convencional,Tolima,Ibagué,4.3534,-75.0531,680,1/15/1969,,Andes,Magdalena Cauca,Alto Magdalena,Río Coello,5.81818199157715,7.9236364364624,9,9,0.518115937709808,0.822463750839233,1,1,1.08000004291534,2017,12,69,0,0,0,0,7.9822940826416,2017-12-01,0,5.00003337860107,0
21220050,Pluviométrica,Convencional,Tolima,Ibagué,4.3534,-75.0531,680,1/15/1969,,Andes,Magdalena Cauca,Alto Magdalena,Río Coello,5.81818199157715,7.9236364364624,9,9,0.518115937709808,0.822463750839233,1,1,1.08000004291534,2017,12,70,0,0,0,0,8.09265995025635,2017-12-01,0,3.70245385169983,0
21220050,Pluviométrica,Convencional,Tolima,Ibagué,4.3534,-75.0531,680,1/15/1969,,Andes,Magdalena Cauca,Alto Magdalena,Río Coello,5.81818199157715,7.9236364364624,9,9,0.518115937709808,0.822463750839233,1,1,1.08000004291534,2017,12,71,0,0,0,0,9.47184944152832,2017-12-01,2.69459772109985,6.52935171127319,7.06318378448486
21220050,Pluviométrica,Convencional,Tolima,Ibagué,4.3534,-75.0531,680,1/15/1969,,Andes,Magdalena Cauca,Alto Magdalena,Río Coello,5.81818199157715,7.9236364364624,9,9,0.518115937709808,0.822463750839233,1,1,1.08000004291534,2017,12,72,0,0,0,0,21.9912967681885,2017-12-01,14.5072364807129,27.8895740509033,26.4076995849609
21220050,Pluviométrica,Convencional,Tolima,Ibagué,4.3534,-75.0531,680,1/15/1969,,Andes,Magdalena Cauca,Alto Magdalena,Río Coello,5.81818199157715,7.9236364364624,9,9,0.518115937709808,0.822463750839233,1,1,1.08000004291534,2018,01,1,0,0,0,0,21.8666324615479,2018-01-01,21.7915840148926,19.5611534118652,15.8944292068481
21220050,Pluviométrica,Convencional,Tolima,Ibagué,4.3534,-75.0531,680,1/15/1969,,Andes,Magdalena Cauca,Alto Magdalena,Río Coello,5.81818199157715,7.9236364364624,9,9,0.518115937709808,0.822463750839233,1,1,1.08000004291534,2018,01,2,20,20,21.6000008583069,0,20.8462009429932,2018-01-01,22.3076267242432,34.6808242797852,33.3493347167969
21220050,Pluviométrica,Convencional,Tolima,Ibagué,4.3534,-75.0531,680,1/15/1969,,Andes,Magdalena Cauca,Alto Magdalena,Río Coello,5.81818199157715,7.9236364364624,9,9,0.518115937709808,0.822463750839233,1,1,1.08000004291534,2018,01,3,25,25,27.0000010728836,0,34.2190170288086,2018-01-01,32.0991020202637,37.0330810546875,29.933313369751
21220050,Pluviométrica,Convencional,Tolima,Ibagué,4.3534,-75.0531,680,1/15/1969,,Andes,Magdalena Cauca,Alto Magdalena,Río Coello,5.81818199157715,7.9236364364624,9,9,0.518115937709808,0.822463750839233,1,1,1.08000004291534,2018,01,4,16,16,17.2800006866455,0,9.18809223175049,2018-01-01,4.67045783996582,16.8186798095703,10.5551834106445
21220050,Pluviométrica,Convencional,Tolima,Ibagué,4.3534,-75.0531,680,1/15/1969,,Andes,Magdalena Cauca,Alto Magdalena,Río Coello,5.81818199157715,7.9236364364624,9,9,0.518115937709808,0.822463750839233,1,1,1.08000004291534,2018,01,5,0,0,0,0,18.2241668701172,2018-01-01,18.2610511779785,5.40721082687378,5.1620306968689
21220050,Pluviométrica,Convencional,Tolima,Ibagué,4.3534,-75.0531,680,1/15/1969,,Andes,Magdalena Cauca,Alto Magdalena,Río Coello,5.81818199157715,7.9236364364624,9,9,0.518115937709808,0.822463750839233,1,1,1.08000004291534,2018,01,6,15,15,16.2000006437302,0,20.3636417388916,2018-01-01,12.8402729034424,11.7636823654175,8.80900859832764
21220050,Pluviométrica,Convencional,Tolima,Ibagué,4.3534,-75.0531,680,1/15/1969,,Andes,Magdalena Cauca,Alto Magdalena,Río Coello,5.81818199157715,7.9236364364624,9,9,0.518115937709808,0.822463750839233,1,1,1.08000004291534,2018,02,7,0,0,0,0,8.83948707580566,2018-02-01,0,10.9670515060425,0
21220050,Pluviométrica,Convencional,Tolima,Ibagué,4.3534,-75.0531,680,1/15/1969,,Andes,Magdalena Cauca,Alto Magdalena,Río Coello,5.81818199157715,7.9236364364624,9,9,0.518115937709808,0.822463750839233,1,1,1.08000004291534,2018,02,8,0,0,0,0,9.10587406158447,2018-02-01,0.55823028087616,6.95817232131958,0.644384324550629
21220050,Pluviométrica,Convencional,Tolima,Ibagué,4.3534,-75.0531,680,1/15/1969,,Andes,Magdalena Cauca,Alto Magdalena,Río Coello,5.81818199157715,7.9236364364624,9,9,0.518115937709808,0.822463750839233,1,1,1.08000004291534,2018,02,9,16,16,17.2800006866455,0,9.12633323669434,2018-02-01,0.309277236461639,9.39652156829834,0.646227657794952
21220050,Pluviométrica,Convencional,Tolima,Ibagué,4.3534,-75.0531,680,1/15/1969,,Andes,Magdalena Cauca,Alto Magdalena,Río Coello,5.81818199157715,7.9236364364624,9,9,0.518115937709808,0.822463750839233,1,1,1.08000004291534,2018,02,10,2,2,2.16000008583069,0,13.5233726501465,2018-02-01,6.682785987854,34.2046318054199,14.1100444793701
21220050,Pluviométrica,Convencional,Tolima,Ibagué,4.3534,-75.0531,680,1/15/1969,,Andes,Magdalena Cauca,Alto Magdalena,Río Coello,5.81818199157715,7.9236364364624,9,9,0.518115937709808,0.822463750839233,1,1,1.08000004291534,2018,02,11,0,0,0,0,10.0747995376587,2018-02-01,0.95016223192215,17.9929256439209,2.22352433204651
21220050,Pluviométrica,Convencional,Tolima,Ibagué,4.3534,-75.0531,680,1/15/1969,,Andes,Magdalena Cauca,Alto Magdalena,Río Coello,5.81818199157715,7.9236364364624,9,9,0.518115937709808,0.822463750839233,1,1,1.08000004291534,2018,02,12,0,0,0,0,4.2583327293396,2018-02-01,0.170474469661713,3.2795102596283,0.16650390625
21220050,Pluviométrica,Convencional,Tolima,Ibagué,4.3534,-75.0531,680,1/15/1969,,Andes,Magdalena Cauca,Alto Magdalena,Río Coello,5.81818199157715,7.9236364364624,9,9,0.518115937709808,0.822463750839233,1,1,1.07000005245209,2018,03,13,42,42,44.9400022029877,0,12.5455560684204,2018-03-01,3.66055011749268,35.0971336364746,19.5778007507324
21220050,Pluviométrica,Convencional,Tolima,Ibagué,4.3534,-75.0531,680,1/15/1969,,Andes,Magdalena Cauca,Alto Magdalena,Río Coello,5.81818199157715,7.9236364364624,9,9,0.518115937709808,0.822463750839233,1,1,1.07000005245209,2018,03,14,9,9,9.63000047206879,0,7.5289831161499,2018-03-01,0,3.52895879745483,0
21220050,Pluviométrica,Convencional,Tolima,Ibagué,4.3534,-75.0531,680,1/15/1969,,Andes,Magdalena Cauca,Alto Magdalena,Río Coello,5.81818199157715,7.9236364364624,9,9,0.518115937709808,0.822463750839233,1,1,1.07000005245209,2018,03,15,20,20,21.4000010490417,0,12.4230432510376,2018-03-01,3.30240535736084,13.0700263977051,12.7941799163818
21220050,Pluviométrica,Convencional,Tolima,Ibagué,4.3534,-75.0531,680,1/15/1969,,Andes,Magdalena Cauca,Alto Magdalena,Río Coello,5.81818199157715,7.9236364364624,9,9,0.518115937709808,0.822463750839233,1,1,1.07000005245209,2018,03,16,30,30,32.1000015735626,0,18.7605876922607,2018-03-01,11.659592628479,27.5194892883301,30.1412582397461
21220050,Pluviométrica,Convencional,Tolima,Ibagué,4.3534,-75.0531,680,1/15/1969,,Andes,Magdalena Cauca,Alto Magdalena,Río Coello,5.81818199157715,7.9236364364624,9,9,0.518115937709808,0.822463750839233,1,1,1.07000005245209,2018,03,17,21,21,22.4700011014938,0,33.4670677185059,2018-03-01,39.7500228881836,34.581901550293,40.6583595275879
21220050,Pluviométrica,Convencional,Tolima,Ibagué,4.3534,-75.0531,680,1/15/1969,,Andes,Magdalena Cauca,Alto Magdalena,Río Coello,5.81818199157715,7.9236364364624,9,9,0.518115937709808,0.822463750839233,1,1,1.07000005245209,2018,03,18,64,64,68.4800033569336,0,36.7196617126465,2018-03-01,31.9275817871094,26.586217880249,41.3627090454102
21220050,Pluviométrica,Convencional,Tolima,Ibagué,4.3534,-75.0531,680,1/15/1969,,Andes,Magdalena Cauca,Alto Magdalena,Río Coello,5.81818199157715,7.9236364364624,9,9,0.518115937709808,0.822463750839233,1,1,1.05999994277954,2018,04,19,0,0,0,0,33.4790573120117,2018-04-01,30.7066059112549,44.6436080932617,32.724437713623
21220050,Pluviométrica,Convencional,Tolima,Ibagué,4.3534,-75.0531,680,1/15/1969,,Andes,Magdalena Cauca,Alto Magdalena,Río Coello,5.81818199157715,7.9236364364624,9,9,0.518115937709808,0.822463750839233,1,1,1.05999994277954,2018,04,20,43,43,45.5799975395203,0,30.5444393157959,2018-04-01,28.9018611907959,36.3909606933594,35.6740455627441
21220050,Pluviométrica,Convencional,Tolima,Ibagué,4.3534,-75.0531,680,1/15/1969,,Andes,Magdalena Cauca,Alto Magdalena,Río Coello,5.81818199157715,7.9236364364624,9,9,0.518115937709808,0.822463750839233,1,1,1.05999994277954,2018,04,21,12,12,12.7199993133545,0,31.764181137085,2018-04-01,34.0255241394043,52.1105041503906,43.4684181213379
21220050,Pluviométrica,Convencional,Tolima,Ibagué,4.3534,-75.0531,680,1/15/1969,,Andes,Magdalena Cauca,Alto Magdalena,Río Coello,5.81818199157715,7.9236364364624,9,9,0.518115937709808,0.822463750839233,1,1,1.05999994277954,2018,04,22,5,5,5.29999971389771,0,48.8075828552246,2018-04-01,52.6224594116211,34.6846923828125,39.528377532959
21220050,Pluviométrica,Convencional,Tolima,Ibagué,4.3534,-75.0531,680,1/15/1969,,Andes,Magdalena Cauca,Alto Magdalena,Río Coello,5.81818199157715,7.9236364364624,9,9,0.518115937709808,0.822463750839233,1,1,1.05999994277954,2018,04,23,33,33,34.9799981117249,0,8.70590591430664,2018-04-01,6.27715110778809,17.1659126281738,22.838960647583
21220050,Pluviométrica,Convencional,Tolima,Ibagué,4.3534,-75.0531,680,1/15/1969,,Andes,Magdalena Cauca,Alto Magdalena,Río Coello,5.81818199157715,7.9236364364624,9,9,0.518115937709808,0.822463750839233,1,1,1.05999994277954,2018,04,24,63,63,66.7799963951111,0,44.5157623291016,2018-04-01,44.7324371337891,40.0820846557617,50.6941566467285
21220050,Pluviométrica,Convencional,Tolima,Ibagué,4.3534,-75.0531,680,1/15/1969,,Andes,Magdalena Cauca,Alto Magdalena,Río Coello,5.81818199157715,7.9236364364624,9,9,0.518115937709808,0.822463750839233,1,1,1.05999994277954,2018,05,25,36,36,38.1599979400635,0,37.4758949279785,2018-05-01,38.8852729797363,38.3487052917481,38.1676330566406
21220050,Pluviométrica,Convencional,Tolima,Ibagué,4.3534,-75.0531,680,1/15/1969,,Andes,Magdalena Cauca,Alto Magdalena,Río Coello,5.81818199157715,7.9236364364624,9,9,0.518115937709808,0.822463750839233,1,1,1.05999994277954,2018,05,26,91,91,96.4599947929382,0,30.0132808685303,2018-05-01,31.7807884216309,68.5789184570313,70.4909744262695
21220050,Pluviométrica,Convencional,Tolima,Ibagué,4.3534,-75.0531,680,1/15/1969,,Andes,Magdalena Cauca,Alto Magdalena,Río Coello,5.81818199157715,7.9236364364624,9,9,0.518115937709808,0.822463750839233,1,1,1.05999994277954,2018,05,27,22,22,23.3199987411499,0,37.929859161377,2018-05-01,37.4456481933594,52.8430290222168,40.9928398132324
21220050,Pluviométrica,Convencional,Tolima,Ibagué,4.3534,-75.0531,680,1/15/1969,,Andes,Magdalena Cauca,Alto Magdalena,Río Coello,5.81818199157715,7.9236364364624,9,9,0.518115937709808,0.822463750839233,1,1,1.05999994277954,2018,05,28,54,54,57.2399969100952,0,48.1136283874512,2018-05-01,47.1342735290527,45.2409324645996,84.8097152709961
21220050,Pluviométrica,Convencional,Tolima,Ibagué,4.3534,-75.0531,680,1/15/1969,,Andes,Magdalena Cauca,Alto Magdalena,Río Coello,5.81818199157715,7.9236364364624,9,9,0.518115937709808,0.822463750839233,1,1,1.05999994277954,2018,05,29,54,54,57.2399969100952,0,39.8494110107422,2018-05-01,40.5417289733887,78.6278228759766,41.7205924987793
21220050,Pluviométrica,Convencional,Tolima,Ibagué,4.3534,-75.0531,680,1/15/1969,,Andes,Magdalena Cauca,Alto Magdalena,Río Coello,5.81818199157715,7.9236364364624,9,9,0.518115937709808,0.822463750839233,1,1,1.05999994277954,2018,05,30,36,36,38.1599979400635,0,40.1974716186523,2018-05-01,33.1409225463867,47.443603515625,53.61865234375
21220050,Pluviométrica,Convencional,Tolima,Ibagué,4.3534,-75.0531,680,1/15/1969,,Andes,Magdalena Cauca,Alto Magdalena,Río Coello,5.81818199157715,7.9236364364624,9,9,0.518115937709808,0.822463750839233,1,1,1.08000004291534,2018,06,31,13,13,14.0400005578995,0,29.2935066223145,2018-06-01,31.1678466796875,18.944652557373,20.3056526184082
21220050,Pluviométrica,Convencional,Tolima,Ibagué,4.3534,-75.0531,680,1/15/1969,,Andes,Magdalena Cauca,Alto Magdalena,Río Coello,5.81818199157715,7.9236364364624,9,9,0.518115937709808,0.822463750839233,1,1,1.08000004291534,2018,06,32,12,12,12.9600005149841,0,7.29280757904053,2018-06-01,0,4.18978643417358,0
21220050,Pluviométrica,Convencional,Tolima,Ibagué,4.3534,-75.0531,680,1/15/1969,,Andes,Magdalena Cauca,Alto Magdalena,Río Coello,5.81818199157715,7.9236364364624,9,9,0.518115937709808,0.822463750839233,1,1,1.08000004291534,2018,06,33,38,38,41.0400016307831,0,25.1006698608398,2018-06-01,24.196569442749,19.0426597595215,26.1798534393311
21220050,Pluviométrica,Convencional,Tolima,Ibagué,4.3534,-75.0531,680,1/15/1969,,Andes,Magdalena Cauca,Alto Magdalena,Río Coello,5.81818199157715,7.9236364364624,9,9,0.518115937709808,0.822463750839233,1,1,1.08000004291534,2018,06,34,0,0,0,0,7.15267038345337,2018-06-01,0.539234220981598,3.1701602935791,0.765733242034912
21220050,Pluviométrica,Convencional,Tolima,Ibagué,4.3534,-75.0531,680,1/15/1969,,Andes,Magdalena Cauca,Alto Magdalena,Río Coello,5.81818199157715,7.9236364364624,9,9,0.518115937709808,0.822463750839233,1,1,1.08000004291534,2018,06,35,30,30,32.4000012874603,0,12.8652944564819,2018-06-01,10.4232120513916,10.3741111755371,16.3810634613037
21220050,Pluviométrica,Convencional,Tolima,Ibagué,4.3534,-75.0531,680,1/15/1969,,Andes,Magdalena Cauca,Alto Magdalena,Río Coello,5.81818199157715,7.9236364364624,9,9,0.518115937709808,0.822463750839233,1,1,1.08000004291534,2018,06,36,0,0,0,0,16.498083114624,2018-06-01,16.9400444030762,21.6785564422607,22.5052757263184
21220050,Pluviométrica,Convencional,Tolima,Ibagué,4.3534,-75.0531,680,1/15/1969,,Andes,Magdalena Cauca,Alto Magdalena,Río Coello,5.81818199157715,7.9236364364624,9,9,0.518115937709808,0.822463750839233,1,1,1.0900000333786,2018,07,37,8,8,8.72000026702881,0,3.48153924942017,2018-07-01,0.366463214159012,7.800950050354,1.71210491657257
21220050,Pluviométrica,Convencional,Tolima,Ibagué,4.3534,-75.0531,680,1/15/1969,,Andes,Magdalena Cauca,Alto Magdalena,Río Coello,5.81818199157715,7.9236364364624,9,9,0.518115937709808,0.822463750839233,1,1,1.0900000333786,2018,07,38,0,0,0,0,6.8159236907959,2018-07-01,8.34321117401123,4.22857284545898,5.91504669189453
21220050,Pluviométrica,Convencional,Tolima,Ibagué,4.3534,-75.0531,680,1/15/1969,,Andes,Magdalena Cauca,Alto Magdalena,Río Coello,5.81818199157715,7.9236364364624,9,9,0.518115937709808,0.822463750839233,1,1,1.0900000333786,2018,07,39,0,0,0,0,3.24060988426209,2018-07-01,0,2.06635022163391,0
21220050,Pluviométrica,Convencional,Tolima,Ibagué,4.3534,-75.0531,680,1/15/1969,,Andes,Magdalena Cauca,Alto Magdalena,Río Coello,5.81818199157715,7.9236364364624,9,9,0.518115937709808,0.822463750839233,1,1,1.0900000333786,2018,07,40,0,0,0,0,6.02746152877808,2018-07-01,4.01808547973633,3.44480490684509,5.60864114761353
21220050,Pluviométrica,Convencional,Tolima,Ibagué,4.3534,-75.0531,680,1/15/1969,,Andes,Magdalena Cauca,Alto Magdalena,Río Coello,5.81818199157715,7.9236364364624,9,9,0.518115937709808,0.822463750839233,1,1,1.0900000333786,2018,07,41,17,17,18.5300005674362,0,9.59578323364258,2018-07-01,10.0025548934937,19.9852275848389,22.5992164611816
21220050,Pluviométrica,Convencional,Tolima,Ibagué,4.3534,-75.0531,680,1/15/1969,,Andes,Magdalena Cauca,Alto Magdalena,Río Coello,5.81818199157715,7.9236364364624,9,9,0.518115937709808,0.822463750839233,1,1,1.0900000333786,2018,07,42,63,63,68.6700021028519,0,20.1171627044678,2018-07-01,21.1283645629883,40.0423736572266,53.4781341552734
21220050,Pluviométrica,Convencional,Tolima,Ibagué,4.3534,-75.0531,680,1/15/1969,,Andes,Magdalena Cauca,Alto Magdalena,Río Coello,5.81818199157715,7.9236364364624,9,9,0.518115937709808,0.822463750839233,1,1,1.08000004291534,2018,08,43,0,0,0,0,15.3921394348145,2018-08-01,16.3807163238525,12.394326210022,15.0815668106079
21220050,Pluviométrica,Convencional,Tolima,Ibagué,4.3534,-75.0531,680,1/15/1969,,Andes,Magdalena Cauca,Alto Magdalena,Río Coello,5.81818199157715,7.9236364364624,9,9,0.518115937709808,0.822463750839233,1,1,1.08000004291534,2018,08,44,0,0,0,0,1.52713108062744,2018-08-01,0,0.839427828788757,0
21220050,Pluviométrica,Convencional,Tolima,Ibagué,4.3534,-75.0531,680,1/15/1969,,Andes,Magdalena Cauca,Alto Magdalena,Río Coello,5.81818199157715,7.9236364364624,9,9,0.518115937709808,0.822463750839233,1,1,1.08000004291534,2018,08,45,0,0,0,0,11.2919797897339,2018-08-01,10.5291004180908,8.84538650512695,7.96101331710815
21220050,Pluviométrica,Convencional,Tolima,Ibagué,4.3534,-75.0531,680,1/15/1969,,Andes,Magdalena Cauca,Alto Magdalena,Río Coello,5.81818199157715,7.9236364364624,9,9,0.518115937709808,0.822463750839233,1,1,1.08000004291534,2018,08,46,0,0,0,0,1.33073914051056,2018-08-01,0,0.712334394454956,0
21220050,Pluviométrica,Convencional,Tolima,Ibagué,4.3534,-75.0531,680,1/15/1969,,Andes,Magdalena Cauca,Alto Magdalena,Río Coello,5.81818199157715,7.9236364364624,9,9,0.518115937709808,0.822463750839233,1,1,1.08000004291534,2018,08,47,2,2,2.16000008583069,0,16.7940635681152,2018-08-01,17.6423835754395,16.1593475341797,20.6338710784912
21220050,Pluviométrica,Convencional,Tolima,Ibagué,4.3534,-75.0531,680,1/15/1969,,Andes,Magdalena Cauca,Alto Magdalena,Río Coello,5.81818199157715,7.9236364364624,9,9,0.518115937709808,0.822463750839233,1,1,1.08000004291534,2018,08,48,0,0,0,0,8.28477573394775,2018-08-01,7.88649845123291,2.87630319595337,3.01246762275696
21220050,Pluviométrica,Convencional,Tolima,Ibagué,4.3534,-75.0531,680,1/15/1969,,Andes,Magdalena Cauca,Alto Magdalena,Río Coello,5.81818199157715,7.9236364364624,9,9,0.518115937709808,0.822463750839233,1,1,1.08000004291534,2018,09,49,0,0,0,0,28.6767654418945,2018-09-01,34.3012847900391,17.522876739502,17.4650077819824
21220050,Pluviométrica,Convencional,Tolima,Ibagué,4.3534,-75.0531,680,1/15/1969,,Andes,Magdalena Cauca,Alto Magdalena,Río Coello,5.81818199157715,7.9236364364624,9,9,0.518115937709808,0.822463750839233,1,1,1.08000004291534,2018,09,50,0,0,0,0,4.18377685546875,2018-09-01,2.98690462112427,1.99000418186188,1.75054955482483
21220050,Pluviométrica,Convencional,Tolima,Ibagué,4.3534,-75.0531,680,1/15/1969,,Andes,Magdalena Cauca,Alto Magdalena,Río Coello,5.81818199157715,7.9236364364624,9,9,0.518115937709808,0.822463750839233,1,1,1.08000004291534,2018,09,51,64,64,69.120002746582,0,29.5219326019287,2018-09-01,37.6270637512207,50.6179237365723,61.3074417114258
21220050,Pluviométrica,Convencional,Tolima,Ibagué,4.3534,-75.0531,680,1/15/1969,,Andes,Magdalena Cauca,Alto Magdalena,Río Coello,5.81818199157715,7.9236364364624,9,9,0.518115937709808,0.822463750839233,1,1,1.08000004291534,2018,09,52,0,0,0,0,26.015998840332,2018-09-01,34.6497039794922,7.96533107757568,10.6471796035767
21220050,Pluviométrica,Convencional,Tolima,Ibagué,4.3534,-75.0531,680,1/15/1969,,Andes,Magdalena Cauca,Alto Magdalena,Río Coello,5.81818199157715,7.9236364364624,9,9,0.518115937709808,0.822463750839233,1,1,1.08000004291534,2018,09,53,0,0,0,0,3.54969048500061,2018-09-01,0,1.54614806175232,0
21220050,Pluviométrica,Convencional,Tolima,Ibagué,4.3534,-75.0531,680,1/15/1969,,Andes,Magdalena Cauca,Alto Magdalena,Río Coello,5.81818199157715,7.9236364364624,9,9,0.518115937709808,0.822463750839233,1,1,1.08000004291534,2018,09,54,63,63,68.0400027036667,0,35.1842041015625,2018-09-01,43.4044494628906,35.264892578125,42.5400466918945
21220050,Pluviométrica,Convencional,Tolima,Ibagué,4.3534,-75.0531,680,1/15/1969,,Andes,Magdalena Cauca,Alto Magdalena,Río Coello,5.81818199157715,7.9236364364624,9,9,0.518115937709808,0.822463750839233,1,1,1.07000005245209,2018,10,55,46,46,49.220002412796,0,61.7250099182129,2018-10-01,66.7045135498047,37.2842407226563,89.2806625366211
21220050,Pluviométrica,Convencional,Tolima,Ibagué,4.3534,-75.0531,680,1/15/1969,,Andes,Magdalena Cauca,Alto Magdalena,Río Coello,5.81818199157715,7.9236364364624,9,9,0.518115937709808,0.822463750839233,1,1,1.07000005245209,2018,10,56,37,37,39.5900019407272,0,41.0517730712891,2018-10-01,35.5565185546875,70.2245559692383,42.9463539123535
21220050,Pluviométrica,Convencional,Tolima,Ibagué,4.3534,-75.0531,680,1/15/1969,,Andes,Magdalena Cauca,Alto Magdalena,Río Coello,5.81818199157715,7.9236364364624,9,9,0.518115937709808,0.822463750839233,1,1,1.07000005245209,2018,10,57,0,0,0,0,22.1639938354492,2018-10-01,13.7155303955078,32.0352821350098,10.6010007858276
21220050,Pluviométrica,Convencional,Tolima,Ibagué,4.3534,-75.0531,680,1/15/1969,,Andes,Magdalena Cauca,Alto Magdalena,Río Coello,5.81818199157715,7.9236364364624,9,9,0.518115937709808,0.822463750839233,1,1,1.07000005245209,2018,10,58,15,15,16.0500007867813,0,19.0513076782227,2018-10-01,12.8580932617188,8.46172142028809,9.16771602630615
21220050,Pluviométrica,Convencional,Tolima,Ibagué,4.3534,-75.0531,680,1/15/1969,,Andes,Magdalena Cauca,Alto Magdalena,Río Coello,5.81818199157715,7.9236364364624,9,9,0.518115937709808,0.822463750839233,1,1,1.07000005245209,2018,10,59,0,0,0,0,15.4902420043945,2018-10-01,7.03261470794678,25.6699352264404,9.51829719543457
21220050,Pluviométrica,Convencional,Tolima,Ibagué,4.3534,-75.0531,680,1/15/1969,,Andes,Magdalena Cauca,Alto Magdalena,Río Coello,5.81818199157715,7.9236364364624,9,9,0.518115937709808,0.822463750839233,1,1,1.07000005245209,2018,10,60,29,29,31.0300015211105,0,46.8021812438965,2018-10-01,34.0886573791504,57.4960708618164,40.0080909729004
21220050,Pluviométrica,Convencional,Tolima,Ibagué,4.3534,-75.0531,680,1/15/1969,,Andes,Magdalena Cauca,Alto Magdalena,Río Coello,5.81818199157715,7.9236364364624,9,9,0.518115937709808,0.822463750839233,1,1,1.05999994277954,2018,11,61,0,0,0,0,33.611759185791,2018-11-01,24.7841453552246,18.3395805358887,16.7067031860352
21220050,Pluviométrica,Convencional,Tolima,Ibagué,4.3534,-75.0531,680,1/15/1969,,Andes,Magdalena Cauca,Alto Magdalena,Río Coello,5.81818199157715,7.9236364364624,9,9,0.518115937709808,0.822463750839233,1,1,1.05999994277954,2018,11,62,0,0,0,0,27.8001461029053,2018-11-01,17.6656894683838,26.5521430969238,24.3347415924072
21220050,Pluviométrica,Convencional,Tolima,Ibagué,4.3534,-75.0531,680,1/15/1969,,Andes,Magdalena Cauca,Alto Magdalena,Río Coello,5.81818199157715,7.9236364364624,9,9,0.518115937709808,0.822463750839233,1,1,1.05999994277954,2018,11,63,12,12,12.7199993133545,0,22.2146472930908,2018-11-01,9.39185047149658,11.0876569747925,7.72078037261963
21220050,Pluviométrica,Convencional,Tolima,Ibagué,4.3534,-75.0531,680,1/15/1969,,Andes,Magdalena Cauca,Alto Magdalena,Río Coello,5.81818199157715,7.9236364364624,9,9,0.518115937709808,0.822463750839233,1,1,1.05999994277954,2018,11,64,5,5,5.29999971389771,0,41.3275756835938,2018-11-01,32.69921875,47.0118370056152,34.5460166931152
21220050,Pluviométrica,Convencional,Tolima,Ibagué,4.3534,-75.0531,680,1/15/1969,,Andes,Magdalena Cauca,Alto Magdalena,Río Coello,5.81818199157715,7.9236364364624,9,9,0.518115937709808,0.822463750839233,1,1,1.05999994277954,2018,11,65,27,27,28.6199984550476,0,34.3668327331543,2018-11-01,22.0485897064209,20.0642204284668,17.1724338531494
21220050,Pluviométrica,Convencional,Tolima,Ibagué,4.3534,-75.0531,680,1/15/1969,,Andes,Magdalena Cauca,Alto Magdalena,Río Coello,5.81818199157715,7.9236364364624,9,9,0.518115937709808,0.822463750839233,1,1,1.05999994277954,2018,11,66,0,0,0,0,27.3327503204346,2018-11-01,17.918384552002,18.9711036682129,9.75584411621094
21220050,Pluviométrica,Convencional,Tolima,Ibagué,4.3534,-75.0531,680,1/15/1969,,Andes,Magdalena Cauca,Alto Magdalena,Río Coello,5.81818199157715,7.9236364364624,9,9,0.518115937709808,0.822463750839233,1,1,1.08000004291534,2018,12,67,0,0,0,0,10.2793684005737,2018-12-01,2.57042670249939,8.63695907592773,3.75721096992493
21220050,Pluviométrica,Convencional,Tolima,Ibagué,4.3534,-75.0531,680,1/15/1969,,Andes,Magdalena Cauca,Alto Magdalena,Río Coello,5.81818199157715,7.9236364364624,9,9,0.518115937709808,0.822463750839233,1,1,1.08000004291534,2018,12,68,0,0,0,0,10.3628911972046,2018-12-01,3.42550158500671,4.55833053588867,2.9091956615448
21220050,Pluviométrica,Convencional,Tolima,Ibagué,4.3534,-75.0531,680,1/15/1969,,Andes,Magdalena Cauca,Alto Magdalena,Río Coello,5.81818199157715,7.9236364364624,9,9,0.518115937709808,0.822463750839233,1,1,1.08000004291534,2018,12,69,0,0,0,0,7.9822940826416,2018-12-01,0,4.02960014343262,0
21220050,Pluviométrica,Convencional,Tolima,Ibagué,4.3534,-75.0531,680,1/15/1969,,Andes,Magdalena Cauca,Alto Magdalena,Río Coello,5.81818199157715,7.9236364364624,9,9,0.518115937709808,0.822463750839233,1,1,1.08000004291534,2018,12,70,0,0,0,0,8.09265995025635,2018-12-01,0,5.0261869430542,0
21220050,Pluviométrica,Convencional,Tolima,Ibagué,4.3534,-75.0531,680,1/15/1969,,Andes,Magdalena Cauca,Alto Magdalena,Río Coello,5.81818199157715,7.9236364364624,9,9,0.518115937709808,0.822463750839233,1,1,1.08000004291534,2018,12,71,0,0,0,0,12.296669960022,2018-12-01,7.96694660186768,10.7106018066406,13.2754926681519
21220050,Pluviométrica,Convencional,Tolima,Ibagué,4.3534,-75.0531,680,1/15/1969,,Andes,Magdalena Cauca,Alto Magdalena,Río Coello,5.81818199157715,7.9236364364624,9,9,0.518115937709808,0.822463750839233,1,1,1.08000004291534,2018,12,72,0,0,0,0,12.5435495376587,2018-12-01,0.572259545326233,3.71298360824585,0.378624796867371
21220050,Pluviométrica,Convencional,Tolima,Ibagué,4.3534,-75.0531,680,1/15/1969,,Andes,Magdalena Cauca,Alto Magdalena,Río Coello,5.81818199157715,7.9236364364624,9,9,0.518115937709808,0.822463750839233,1,1,1.08000004291534,2019,01,1,2,2,2.16000008583069,0,5.81927299499512,2019-01-01,1.55356311798096,2.57331848144531,1.6028528213501
21220050,Pluviométrica,Convencional,Tolima,Ibagué,4.3534,-75.0531,680,1/15/1969,,Andes,Magdalena Cauca,Alto Magdalena,Río Coello,5.81818199157715,7.9236364364624,9,9,0.518115937709808,0.822463750839233,1,1,1.08000004291534,2019,01,2,0,0,0,0,18.3517723083496,2019-01-01,15.2060785293579,21.12131690979,21.6153926849365
21220050,Pluviométrica,Convencional,Tolima,Ibagué,4.3534,-75.0531,680,1/15/1969,,Andes,Magdalena Cauca,Alto Magdalena,Río Coello,5.81818199157715,7.9236364364624,9,9,0.518115937709808,0.822463750839233,1,1,1.08000004291534,2019,01,3,12,12,12.9600005149841,0,7.05538702011108,2019-01-01,0.587421715259552,13.7408857345581,3.20891904830933
21220050,Pluviométrica,Convencional,Tolima,Ibagué,4.3534,-75.0531,680,1/15/1969,,Andes,Magdalena Cauca,Alto Magdalena,Río Coello,5.81818199157715,7.9236364364624,9,9,0.518115937709808,0.822463750839233,1,1,1.08000004291534,2019,01,4,0,0,0,0,6.80596923828125,2019-01-01,1.37016129493713,14.109203338623,6.56326818466187
21220050,Pluviométrica,Convencional,Tolima,Ibagué,4.3534,-75.0531,680,1/15/1969,,Andes,Magdalena Cauca,Alto Magdalena,Río Coello,5.81818199157715,7.9236364364624,9,9,0.518115937709808,0.822463750839233,1,1,1.08000004291534,2019,01,5,0,0,0,0,5.46718406677246,2019-01-01,0.739561557769775,2.83227968215942,1.31263792514801
21220050,Pluviométrica,Convencional,Tolima,Ibagué,4.3534,-75.0531,680,1/15/1969,,Andes,Magdalena Cauca,Alto Magdalena,Río Coello,5.81818199157715,7.9236364364624,9,9,0.518115937709808,0.822463750839233,1,1,1.08000004291534,2019,01,6,0,0,0,0,10.5332841873169,2019-01-01,2.91077423095703,10.5715761184692,4.24370861053467
21220050,Pluviométrica,Convencional,Tolima,Ibagué,4.3534,-75.0531,680,1/15/1969,,Andes,Magdalena Cauca,Alto Magdalena,Río Coello,5.81818199157715,7.9236364364624,9,9,0.518115937709808,0.822463750839233,1,1,1.08000004291534,2019,02,7,12,12,12.9600005149841,0,8.83948707580566,2019-02-01,0,16.6019840240479,0
21220050,Pluviométrica,Convencional,Tolima,Ibagué,4.3534,-75.0531,680,1/15/1969,,Andes,Magdalena Cauca,Alto Magdalena,Río Coello,5.81818199157715,7.9236364364624,9,9,0.518115937709808,0.822463750839233,1,1,1.08000004291534,2019,02,8,14.7,14.7,15.8760006308556,0,17.9917125701904,2019-02-01,17.4187526702881,32.6064109802246,34.0851020812988
21220050,Pluviométrica,Convencional,Tolima,Ibagué,4.3534,-75.0531,680,1/15/1969,,Andes,Magdalena Cauca,Alto Magdalena,Río Coello,5.81818199157715,7.9236364364624,9,9,0.518115937709808,0.822463750839233,1,1,1.08000004291534,2019,02,9,0,0,0,0,9.12633323669434,2019-02-01,0.309277236461639,10.5483751296997,1.12534296512604
21220050,Pluviométrica,Convencional,Tolima,Ibagué,4.3534,-75.0531,680,1/15/1969,,Andes,Magdalena Cauca,Alto Magdalena,Río Coello,5.81818199157715,7.9236364364624,9,9,0.518115937709808,0.822463750839233,1,1,1.08000004291534,2019,02,10,47,47,50.7600020170212,0,38.5524215698242,2019-02-01,44.0806503295898,62.5081748962402,75.2632446289063
21220050,Pluviométrica,Convencional,Tolima,Ibagué,4.3534,-75.0531,680,1/15/1969,,Andes,Magdalena Cauca,Alto Magdalena,Río Coello,5.81818199157715,7.9236364364624,9,9,0.518115937709808,0.822463750839233,1,1,1.08000004291534,2019,02,11,15,15,16.2000006437302,0,31.7037715911865,2019-02-01,32.717716217041,18.8423366546631,22.9476890563965
21220050,Pluviométrica,Convencional,Tolima,Ibagué,4.3534,-75.0531,680,1/15/1969,,Andes,Magdalena Cauca,Alto Magdalena,Río Coello,5.81818199157715,7.9236364364624,9,9,0.518115937709808,0.822463750839233,1,1,1.08000004291534,2019,02,12,0,0,0,0,4.88724851608276,2019-02-01,1.32464742660522,4.64931201934815,2.92036032676697
21220050,Pluviométrica,Convencional,Tolima,Ibagué,4.3534,-75.0531,680,1/15/1969,,Andes,Magdalena Cauca,Alto Magdalena,Río Coello,5.81818199157715,7.9236364364624,9,9,0.518115937709808,0.822463750839233,1,1,1.07000005245209,2019,03,13,47,47,50.2900024652481,0,36.879566192627,2019-03-01,33.6158905029297,27.025032043457,28.5605316162109
21220050,Pluviométrica,Convencional,Tolima,Ibagué,4.3534,-75.0531,680,1/15/1969,,Andes,Magdalena Cauca,Alto Magdalena,Río Coello,5.81818199157715,7.9236364364624,9,9,0.518115937709808,0.822463750839233,1,1,1.07000005245209,2019,03,14,45,45,48.1500023603439,0,50.5972023010254,2019-03-01,49.7198295593262,40.7216758728027,39.0345764160156
21220050,Pluviométrica,Convencional,Tolima,Ibagué,4.3534,-75.0531,680,1/15/1969,,Andes,Magdalena Cauca,Alto Magdalena,Río Coello,5.81818199157715,7.9236364364624,9,9,0.518115937709808,0.822463750839233,1,1,1.07000005245209,2019,03,15,12,12,12.840000629425,0,31.1464557647705,2019-03-01,25.674747467041,14.9132356643677,11.39026927948
21220050,Pluviométrica,Convencional,Tolima,Ibagué,4.3534,-75.0531,680,1/15/1969,,Andes,Magdalena Cauca,Alto Magdalena,Río Coello,5.81818199157715,7.9236364364624,9,9,0.518115937709808,0.822463750839233,1,1,1.07000005245209,2019,03,16,30,30,32.1000015735626,0,33.0353393554688,2019-03-01,29.702299118042,47.1554374694824,40.4127426147461
21220050,Pluviométrica,Convencional,Tolima,Ibagué,4.3534,-75.0531,680,1/15/1969,,Andes,Magdalena Cauca,Alto Magdalena,Río Coello,5.81818199157715,7.9236364364624,9,9,0.518115937709808,0.822463750839233,1,1,1.07000005245209,2019,03,17,49,49,52.4300025701523,0,34.2771759033203,2019-03-01,37.3938789367676,58.2730979919434,63.6667633056641
21220050,Pluviométrica,Convencional,Tolima,Ibagué,4.3534,-75.0531,680,1/15/1969,,Andes,Magdalena Cauca,Alto Magdalena,Río Coello,5.81818199157715,7.9236364364624,9,9,0.518115937709808,0.822463750839233,1,1,1.07000005245209,2019,03,18,12,12,12.840000629425,0,48.5402336120606,2019-03-01,43.7521705627441,32.6894340515137,31.8543205261231
21220050,Pluviométrica,Convencional,Tolima,Ibagué,4.3534,-75.0531,680,1/15/1969,,Andes,Magdalena Cauca,Alto Magdalena,Río Coello,5.81818199157715,7.9236364364624,9,9,0.518115937709808,0.822463750839233,1,1,1.05999994277954,2019,04,19,0,0,0,0,23.8966464996338,2019-04-01,22.8093280792236,30.5113506317139,30.9127807617188
21220050,Pluviométrica,Convencional,Tolima,Ibagué,4.3534,-75.0531,680,1/15/1969,,Andes,Magdalena Cauca,Alto Magdalena,Río Coello,5.81818199157715,7.9236364364624,9,9,0.518115937709808,0.822463750839233,1,1,1.05999994277954,2019,04,20,25,25,26.4999985694885,0,31.7686424255371,2019-04-01,33.051586151123,29.2178859710693,27.3737640380859
21220050,Pluviométrica,Convencional,Tolima,Ibagué,4.3534,-75.0531,680,1/15/1969,,Andes,Magdalena Cauca,Alto Magdalena,Río Coello,5.81818199157715,7.9236364364624,9,9,0.518115937709808,0.822463750839233,1,1,1.05999994277954,2019,04,21,45,45,47.6999974250794,0,32.9882125854492,2019-04-01,34.0255241394043,34.1440124511719,40.958309173584
21220050,Pluviométrica,Convencional,Tolima,Ibagué,4.3534,-75.0531,680,1/15/1969,,Andes,Magdalena Cauca,Alto Magdalena,Río Coello,5.81818199157715,7.9236364364624,9,9,0.518115937709808,0.822463750839233,1,1,1.05999994277954,2019,04,22,75,75,79.4999957084656,0,28.0386238098145,2019-04-01,28.8532066345215,50.837890625,53.7010955810547
21220050,Pluviométrica,Convencional,Tolima,Ibagué,4.3534,-75.0531,680,1/15/1969,,Andes,Magdalena Cauca,Alto Magdalena,Río Coello,5.81818199157715,7.9236364364624,9,9,0.518115937709808,0.822463750839233,1,1,1.05999994277954,2019,04,23,10,10,10.5999994277954,0,35.3230361938477,2019-04-01,37.7829818725586,39.0966529846191,32.1997261047363
21220050,Pluviométrica,Convencional,Tolima,Ibagué,4.3534,-75.0531,680,1/15/1969,,Andes,Magdalena Cauca,Alto Magdalena,Río Coello,5.81818199157715,7.9236364364624,9,9,0.518115937709808,0.822463750839233,1,1,1.05999994277954,2019,04,24,48,48,50.879997253418,0,12.0919580459595,2019-04-01,6.57900667190552,5.69937658309937,3.75262379646301
21220050,Pluviométrica,Convencional,Tolima,Ibagué,4.3534,-75.0531,680,1/15/1969,,Andes,Magdalena Cauca,Alto Magdalena,Río Coello,5.81818199157715,7.9236364364624,9,9,0.518115937709808,0.822463750839233,1,1,1.05999994277954,2019,05,25,22,22,23.3199987411499,0,2.95786166191101,2019-05-01,1.14000713825226,1.63603293895721,1.07531154155731
21220050,Pluviométrica,Convencional,Tolima,Ibagué,4.3534,-75.0531,680,1/15/1969,,Andes,Magdalena Cauca,Alto Magdalena,Río Coello,5.81818199157715,7.9236364364624,9,9,0.518115937709808,0.822463750839233,1,1,1.05999994277954,2019,05,26,31,31,32.8599982261658,0,18.1851615905762,2019-05-01,18.7165393829346,32.4191970825195,30.1788959503174
21220050,Pluviométrica,Convencional,Tolima,Ibagué,4.3534,-75.0531,680,1/15/1969,,Andes,Magdalena Cauca,Alto Magdalena,Río Coello,5.81818199157715,7.9236364364624,9,9,0.518115937709808,0.822463750839233,1,1,1.05999994277954,2019,05,27,0,0,0,0,29.5701694488525,2019-05-01,34.4560585021973,41.4393920898438,38.6587181091309
21220050,Pluviométrica,Convencional,Tolima,Ibagué,4.3534,-75.0531,680,1/15/1969,,Andes,Magdalena Cauca,Alto Magdalena,Río Coello,5.81818199157715,7.9236364364624,9,9,0.518115937709808,0.822463750839233,1,1,1.05999994277954,2019,05,28,89,89,94.3399949073792,0,39.917896270752,2019-05-01,39.7701950073242,55.8777198791504,63.816276550293
21220050,Pluviométrica,Convencional,Tolima,Ibagué,4.3534,-75.0531,680,1/15/1969,,Andes,Magdalena Cauca,Alto Magdalena,Río Coello,5.81818199157715,7.9236364364624,9,9,0.518115937709808,0.822463750839233,1,1,1.05999994277954,2019,05,29,44,44,46.6399974822998,0,39.8494110107422,2019-05-01,39.0990371704102,42.3853912353516,45.8221473693848
21220050,Pluviométrica,Convencional,Tolima,Ibagué,4.3534,-75.0531,680,1/15/1969,,Andes,Magdalena Cauca,Alto Magdalena,Río Coello,5.81818199157715,7.9236364364624,9,9,0.518115937709808,0.822463750839233,1,1,1.05999994277954,2019,05,30,14,14,14.8399991989136,0,72.0825805664063,2019-05-01,55.8149452209473,85.5339508056641,64.6316146850586
21220050,Pluviométrica,Convencional,Tolima,Ibagué,4.3534,-75.0531,680,1/15/1969,,Andes,Magdalena Cauca,Alto Magdalena,Río Coello,5.81818199157715,7.9236364364624,9,9,0.518115937709808,0.822463750839233,1,1,1.08000004291534,2019,06,31,0,0,0,0,18.8343296051025,2019-06-01,17.1103801727295,14.3565082550049,20.6938037872314
21220050,Pluviométrica,Convencional,Tolima,Ibagué,4.3534,-75.0531,680,1/15/1969,,Andes,Magdalena Cauca,Alto Magdalena,Río Coello,5.81818199157715,7.9236364364624,9,9,0.518115937709808,0.822463750839233,1,1,1.08000004291534,2019,06,32,40,40,43.2000017166138,0,6.3554105758667,2019-06-01,0,3.35535526275635,0
21220050,Pluviométrica,Convencional,Tolima,Ibagué,4.3534,-75.0531,680,1/15/1969,,Andes,Magdalena Cauca,Alto Magdalena,Río Coello,5.81818199157715,7.9236364364624,9,9,0.518115937709808,0.822463750839233,1,1,1.08000004291534,2019,06,33,5,5,5.40000021457672,0,6.62156009674072,2019-06-01,0,10.0851049423218,0
21220050,Pluviométrica,Convencional,Tolima,Ibagué,4.3534,-75.0531,680,1/15/1969,,Andes,Magdalena Cauca,Alto Magdalena,Río Coello,5.81818199157715,7.9236364364624,9,9,0.518115937709808,0.822463750839233,1,1,1.08000004291534,2019,06,34,0,0,0,0,29.2151641845703,2019-06-01,32.2055816650391,8.25345325469971,13.3989601135254
21220050,Pluviométrica,Convencional,Tolima,Ibagué,4.3534,-75.0531,680,1/15/1969,,Andes,Magdalena Cauca,Alto Magdalena,Río Coello,5.81818199157715,7.9236364364624,9,9,0.518115937709808,0.822463750839233,1,1,1.08000004291534,2019,06,35,0,0,0,0,8.50720977783203,2019-06-01,3.91160154342651,4.50573921203613,6.16526174545288
21220050,Pluviométrica,Convencional,Tolima,Ibagué,4.3534,-75.0531,680,1/15/1969,,Andes,Magdalena Cauca,Alto Magdalena,Río Coello,5.81818199157715,7.9236364364624,9,9,0.518115937709808,0.822463750839233,1,1,1.08000004291534,2019,06,36,0,0,0,0,8.14896106719971,2019-06-01,2.38347434997559,7.46781158447266,4.52516269683838
21220050,Pluviométrica,Convencional,Tolima,Ibagué,4.3534,-75.0531,680,1/15/1969,,Andes,Magdalena Cauca,Alto Magdalena,Río Coello,5.81818199157715,7.9236364364624,9,9,0.518115937709808,0.822463750839233,1,1,1.0900000333786,2019,07,37,0,0,0,0,4.45937299728394,2019-07-01,1.9336165189743,5.60363626480103,3.20473909378052
21220050,Pluviométrica,Convencional,Tolima,Ibagué,4.3534,-75.0531,680,1/15/1969,,Andes,Magdalena Cauca,Alto Magdalena,Río Coello,5.81818199157715,7.9236364364624,9,9,0.518115937709808,0.822463750839233,1,1,1.0900000333786,2019,07,38,0,0,0,0,4.42729377746582,2019-07-01,2.3945803642273,2.66404175758362,1.55541408061981
21220050,Pluviométrica,Convencional,Tolima,Ibagué,4.3534,-75.0531,680,1/15/1969,,Andes,Magdalena Cauca,Alto Magdalena,Río Coello,5.81818199157715,7.9236364364624,9,9,0.518115937709808,0.822463750839233,1,1,1.0900000333786,2019,07,39,0,0,0,0,9.63590431213379,2019-07-01,10.3683099746704,26.0542297363281,25.196044921875
21220050,Pluviométrica,Convencional,Tolima,Ibagué,4.3534,-75.0531,680,1/15/1969,,Andes,Magdalena Cauca,Alto Magdalena,Río Coello,5.81818199157715,7.9236364364624,9,9,0.518115937709808,0.822463750839233,1,1,1.0900000333786,2019,07,40,0,0,0,0,8.1397762298584,2019-07-01,7.78908681869507,5.03875923156738,4.00795698165894
21220050,Pluviométrica,Convencional,Tolima,Ibagué,4.3534,-75.0531,680,1/15/1969,,Andes,Magdalena Cauca,Alto Magdalena,Río Coello,5.81818199157715,7.9236364364624,9,9,0.518115937709808,0.822463750839233,1,1,1.0900000333786,2019,07,41,0,0,0,0,8.04373264312744,2019-07-01,7.40203952789307,8.89507293701172,10.9548177719116
21220050,Pluviométrica,Convencional,Tolima,Ibagué,4.3534,-75.0531,680,1/15/1969,,Andes,Magdalena Cauca,Alto Magdalena,Río Coello,5.81818199157715,7.9236364364624,9,9,0.518115937709808,0.822463750839233,1,1,1.0900000333786,2019,07,42,0,0,0,0,15.7502002716064,2019-07-01,15.3956203460693,7.79669332504273,5.96302461624146
21220050,Pluviométrica,Convencional,Tolima,Ibagué,4.3534,-75.0531,680,1/15/1969,,Andes,Magdalena Cauca,Alto Magdalena,Río Coello,5.81818199157715,7.9236364364624,9,9,0.518115937709808,0.822463750839233,1,1,1.08000004291534,2019,08,43,0,0,0,0,1.42858231067657,2019-08-01,0.561066567897797,0.673965990543366,0.495645523071289
21220050,Pluviométrica,Convencional,Tolima,Ibagué,4.3534,-75.0531,680,1/15/1969,,Andes,Magdalena Cauca,Alto Magdalena,Río Coello,5.81818199157715,7.9236364364624,9,9,0.518115937709808,0.822463750839233,1,1,1.08000004291534,2019,08,44,0,0,0,0,1.52713108062744,2019-08-01,0,0.729737520217896,0
21220050,Pluviométrica,Convencional,Tolima,Ibagué,4.3534,-75.0531,680,1/15/1969,,Andes,Magdalena Cauca,Alto Magdalena,Río Coello,5.81818199157715,7.9236364364624,9,9,0.518115937709808,0.822463750839233,1,1,1.08000004291534,2019,08,45,0,0,0,0,1.45976197719574,2019-08-01,0,0.797825634479523,0
21220050,Pluviométrica,Convencional,Tolima,Ibagué,4.3534,-75.0531,680,1/15/1969,,Andes,Magdalena Cauca,Alto Magdalena,Río Coello,5.81818199157715,7.9236364364624,9,9,0.518115937709808,0.822463750839233,1,1,1.08000004291534,2019,08,46,0,0,0,0,1.33073914051056,2019-08-01,0,0.666603147983551,0
21220050,Pluviométrica,Convencional,Tolima,Ibagué,4.3534,-75.0531,680,1/15/1969,,Andes,Magdalena Cauca,Alto Magdalena,Río Coello,5.81818199157715,7.9236364364624,9,9,0.518115937709808,0.822463750839233,1,1,1.08000004291534,2019,08,47,0,0,0,0,1.28654563426971,2019-08-01,0,0.644444525241852,0
21220050,Pluviométrica,Convencional,Tolima,Ibagué,4.3534,-75.0531,680,1/15/1969,,Andes,Magdalena Cauca,Alto Magdalena,Río Coello,5.81818199157715,7.9236364364624,9,9,0.518115937709808,0.822463750839233,1,1,1.08000004291534,2019,08,48,0,0,0,0,3.07013773918152,2019-08-01,0.201918870210648,1.36700558662415,0.184482797980309
21220050,Pluviométrica,Convencional,Tolima,Ibagué,4.3534,-75.0531,680,1/15/1969,,Andes,Magdalena Cauca,Alto Magdalena,Río Coello,5.81818199157715,7.9236364364624,9,9,0.518115937709808,0.822463750839233,1,1,1.08000004291534,2019,09,49,0,0,0,0,20.8037929534912,2019-09-01,22.7116832733154,6.73945236206055,7.26680326461792
21220050,Pluviométrica,Convencional,Tolima,Ibagué,4.3534,-75.0531,680,1/15/1969,,Andes,Magdalena Cauca,Alto Magdalena,Río Coello,5.81818199157715,7.9236364364624,9,9,0.518115937709808,0.822463750839233,1,1,1.08000004291534,2019,09,50,0,0,0,0,11.5119514465332,2019-09-01,11.9720506668091,4.16402149200439,4.37712383270264
21220050,Pluviométrica,Convencional,Tolima,Ibagué,4.3534,-75.0531,680,1/15/1969,,Andes,Magdalena Cauca,Alto Magdalena,Río Coello,5.81818199157715,7.9236364364624,9,9,0.518115937709808,0.822463750839233,1,1,1.08000004291534,2019,09,51,0,0,0,0,25.0612144470215,2019-09-01,30.3373489379883,18.918098449707,24.1055889129639
21220050,Pluviométrica,Convencional,Tolima,Ibagué,4.3534,-75.0531,680,1/15/1969,,Andes,Magdalena Cauca,Alto Magdalena,Río Coello,5.81818199157715,7.9236364364624,9,9,0.518115937709808,0.822463750839233,1,1,1.08000004291534,2019,09,52,0,0,0,0,60.5115814208984,2019-09-01,75.6776962280274,42.001895904541,39.515682220459
21220050,Pluviométrica,Convencional,Tolima,Ibagué,4.3534,-75.0531,680,1/15/1969,,Andes,Magdalena Cauca,Alto Magdalena,Río Coello,5.81818199157715,7.9236364364624,9,9,0.518115937709808,0.822463750839233,1,1,1.08000004291534,2019,09,53,0,0,0,0,17.2282543182373,2019-09-01,18.910701751709,16.0587558746338,17.5548343658447
21220050,Pluviométrica,Convencional,Tolima,Ibagué,4.3534,-75.0531,680,1/15/1969,,Andes,Magdalena Cauca,Alto Magdalena,Río Coello,5.81818199157715,7.9236364364624,9,9,0.518115937709808,0.822463750839233,1,1,1.08000004291534,2019,09,54,0,0,0,0,9.25677871704102,2019-09-01,7.6221342086792,16.9144134521484,17.5747528076172
21220050,Pluviométrica,Convencional,Tolima,Ibagué,4.3534,-75.0531,680,1/15/1969,,Andes,Magdalena Cauca,Alto Magdalena,Río Coello,5.81818199157715,7.9236364364624,9,9,0.518115937709808,0.822463750839233,1,1,1.07000005245209,2019,10,55,70,70,74.9000036716461,0,39.7071723937988,2019-10-01,32.2761344909668,21.1115798950195,22.0381679534912
21220050,Pluviométrica,Convencional,Tolima,Ibagué,4.3534,-75.0531,680,1/15/1969,,Andes,Magdalena Cauca,Alto Magdalena,Río Coello,5.81818199157715,7.9236364364624,9,9,0.518115937709808,0.822463750839233,1,1,1.07000005245209,2019,10,56,47,47,50.2900024652481,0,30.8637676239014,2019-10-01,25.5038471221924,26.8781108856201,29.9756393432617
21220050,Pluviométrica,Convencional,Tolima,Ibagué,4.3534,-75.0531,680,1/15/1969,,Andes,Magdalena Cauca,Alto Magdalena,Río Coello,5.81818199157715,7.9236364364624,9,9,0.518115937709808,0.822463750839233,1,1,1.07000005245209,2019,10,57,39,39,41.7300020456314,0,21.0702705383301,2019-10-01,13.7155303955078,12.5121603012085,14.4924354553223
21220050,Pluviométrica,Convencional,Tolima,Ibagué,4.3534,-75.0531,680,1/15/1969,,Andes,Magdalena Cauca,Alto Magdalena,Río Coello,5.81818199157715,7.9236364364624,9,9,0.518115937709808,0.822463750839233,1,1,1.07000005245209,2019,10,58,40,40,42.8000020980835,0,44.137825012207,2019-10-01,50.4108085632324,46.7934379577637,56.4816932678223
21220050,Pluviométrica,Convencional,Tolima,Ibagué,4.3534,-75.0531,680,1/15/1969,,Andes,Magdalena Cauca,Alto Magdalena,Río Coello,5.81818199157715,7.9236364364624,9,9,0.518115937709808,0.822463750839233,1,1,1.07000005245209,2019,10,59,15,15,16.0500007867813,0,17.5197811126709,2019-10-01,11.1547107696533,24.0119800567627,19.7611713409424
21220050,Pluviométrica,Convencional,Tolima,Ibagué,4.3534,-75.0531,680,1/15/1969,,Andes,Magdalena Cauca,Alto Magdalena,Río Coello,5.81818199157715,7.9236364364624,9,9,0.518115937709808,0.822463750839233,1,1,1.07000005245209,2019,10,60,20,20,21.4000010490417,0,36.1380424499512,2019-10-01,27.1796226501465,44.2698974609375,33.9525184631348
21220050,Pluviométrica,Convencional,Tolima,Ibagué,4.3534,-75.0531,680,1/15/1969,,Andes,Magdalena Cauca,Alto Magdalena,Río Coello,5.81818199157715,7.9236364364624,9,9,0.518115937709808,0.822463750839233,1,1,1.05999994277954,2019,11,61,14,14,14.8399991989136,0,14.4424438476563,2019-11-01,4.53463363647461,23.2692050933838,12.3810539245605
21220050,Pluviométrica,Convencional,Tolima,Ibagué,4.3534,-75.0531,680,1/15/1969,,Andes,Magdalena Cauca,Alto Magdalena,Río Coello,5.81818199157715,7.9236364364624,9,9,0.518115937709808,0.822463750839233,1,1,1.05999994277954,2019,11,62,42,42,44.5199975967407,0,62.428108215332,2019-11-01,52.5653114318848,33.3311309814453,31.6037769317627
21220050,Pluviométrica,Convencional,Tolima,Ibagué,4.3534,-75.0531,680,1/15/1969,,Andes,Magdalena Cauca,Alto Magdalena,Río Coello,5.81818199157715,7.9236364364624,9,9,0.518115937709808,0.822463750839233,1,1,1.05999994277954,2019,11,63,18,18,19.0799989700317,0,56.6661911010742,2019-11-01,44.975830078125,42.0603103637695,35.7594604492188
21220050,Pluviométrica,Convencional,Tolima,Ibagué,4.3534,-75.0531,680,1/15/1969,,Andes,Magdalena Cauca,Alto Magdalena,Río Coello,5.81818199157715,7.9236364364624,9,9,0.518115937709808,0.822463750839233,1,1,1.05999994277954,2019,11,64,0,0,0,0,23.2775783538818,2019-11-01,10.1515254974365,19.8267383575439,10.671802520752
21220050,Pluviométrica,Convencional,Tolima,Ibagué,4.3534,-75.0531,680,1/15/1969,,Andes,Magdalena Cauca,Alto Magdalena,Río Coello,5.81818199157715,7.9236364364624,9,9,0.518115937709808,0.822463750839233,1,1,1.05999994277954,2019,11,65,32,32,33.9199981689453,0,22.02174949646,2019-11-01,9.0619068145752,11.8728609085083,10.5038290023804
21220050,Pluviométrica,Convencional,Tolima,Ibagué,4.3534,-75.0531,680,1/15/1969,,Andes,Magdalena Cauca,Alto Magdalena,Río Coello,5.81818199157715,7.9236364364624,9,9,0.518115937709808,0.822463750839233,1,1,1.05999994277954,2019,11,66,0,0,0,0,19.1552658081055,2019-11-01,5.8647608757019,15.8767290115356,10.6579761505127
21220050,Pluviométrica,Convencional,Tolima,Ibagué,4.3534,-75.0531,680,1/15/1969,,Andes,Magdalena Cauca,Alto Magdalena,Río Coello,5.81818199157715,7.9236364364624,9,9,0.518115937709808,0.822463750839233,1,1,1.08000004291534,2019,12,67,25,25,27.0000010728836,0,14.3669013977051,2019-12-01,8.93651962280273,13.1869716644287,14.1550579071045
21220050,Pluviométrica,Convencional,Tolima,Ibagué,4.3534,-75.0531,680,1/15/1969,,Andes,Magdalena Cauca,Alto Magdalena,Río Coello,5.81818199157715,7.9236364364624,9,9,0.518115937709808,0.822463750839233,1,1,1.08000004291534,2019,12,68,0,0,0,0,9.42585563659668,2019-12-01,1.85543036460876,10.2514381408691,3.27047181129456
21220050,Pluviométrica,Convencional,Tolima,Ibagué,4.3534,-75.0531,680,1/15/1969,,Andes,Magdalena Cauca,Alto Magdalena,Río Coello,5.81818199157715,7.9236364364624,9,9,0.518115937709808,0.822463750839233,1,1,1.08000004291534,2019,12,69,45,45,48.6000019311905,0,20.318000793457,2019-12-01,19.7465209960938,17.3121929168701,18.1469974517822
21220050,Pluviométrica,Convencional,Tolima,Ibagué,4.3534,-75.0531,680,1/15/1969,,Andes,Magdalena Cauca,Alto Magdalena,Río Coello,5.81818199157715,7.9236364364624,9,9,0.518115937709808,0.822463750839233,1,1,1.08000004291534,2019,12,70,38,38,41.0400016307831,0,9.87926864624023,2019-12-01,2.90148425102234,20.6719951629639,13.0246305465698
21220050,Pluviométrica,Convencional,Tolima,Ibagué,4.3534,-75.0531,680,1/15/1969,,Andes,Magdalena Cauca,Alto Magdalena,Río Coello,5.81818199157715,7.9236364364624,9,9,0.518115937709808,0.822463750839233,1,1,1.08000004291534,2019,12,71,30,30,32.4000012874603,0,20.7711334228516,2019-12-01,23.7839984893799,15.09583568573,27.4671154022217
21220050,Pluviométrica,Convencional,Tolima,Ibagué,4.3534,-75.0531,680,1/15/1969,,Andes,Magdalena Cauca,Alto Magdalena,Río Coello,5.81818199157715,7.9236364364624,9,9,0.518115937709808,0.822463750839233,1,1,1.08000004291534,2019,12,72,15,15,16.2000006437302,0,55.0584297180176,2019-12-01,63.2796516418457,38.4987564086914,48.2286071777344
21220050,Pluviométrica,Convencional,Tolima,Ibagué,4.3534,-75.0531,680,1/15/1969,,Andes,Magdalena Cauca,Alto Magdalena,Río Coello,5.81818199157715,7.9236364364624,9,9,0.518115937709808,0.822463750839233,1,1,1.08000004291534,2020,01,1,0,0,0,0,5.81927299499512,2020-01-01,1.55356311798096,1.92790389060974,1.54465675354004
21220050,Pluviométrica,Convencional,Tolima,Ibagué,4.3534,-75.0531,680,1/15/1969,,Andes,Magdalena Cauca,Alto Magdalena,Río Coello,5.81818199157715,7.9236364364624,9,9,0.518115937709808,0.822463750839233,1,1,1.08000004291534,2020,01,2,0,0,0,0,5.87962532043457,2020-01-01,1.00298309326172,1.9827789068222,0.844735503196716
21220050,Pluviométrica,Convencional,Tolima,Ibagué,4.3534,-75.0531,680,1/15/1969,,Andes,Magdalena Cauca,Alto Magdalena,Río Coello,5.81818199157715,7.9236364364624,9,9,0.518115937709808,0.822463750839233,1,1,1.08000004291534,2020,01,3,0,0,0,0,5.82067775726318,2020-01-01,0.587421715259552,1.97480666637421,0.543056190013886
21220050,Pluviométrica,Convencional,Tolima,Ibagué,4.3534,-75.0531,680,1/15/1969,,Andes,Magdalena Cauca,Alto Magdalena,Río Coello,5.81818199157715,7.9236364364624,9,9,0.518115937709808,0.822463750839233,1,1,1.08000004291534,2020,01,4,0,0,0,0,18.7165870666504,2020-01-01,21.1719417572021,5.14623928070068,8.25925827026367
21220050,Pluviométrica,Convencional,Tolima,Ibagué,4.3534,-75.0531,680,1/15/1969,,Andes,Magdalena Cauca,Alto Magdalena,Río Coello,5.81818199157715,7.9236364364624,9,9,0.518115937709808,0.822463750839233,1,1,1.08000004291534,2020,01,5,0,0,0,0,18.1178588867188,2020-01-01,23.5175018310547,5.80765771865845,13.1597633361816
21220050,Pluviométrica,Convencional,Tolima,Ibagué,4.3534,-75.0531,680,1/15/1969,,Andes,Magdalena Cauca,Alto Magdalena,Río Coello,5.81818199157715,7.9236364364624,9,9,0.518115937709808,0.822463750839233,1,1,1.08000004291534,2020,01,6,0,0,0,0,7.72461080551148,2020-01-01,0,5.72043991088867,0
21220050,Pluviométrica,Convencional,Tolima,Ibagué,4.3534,-75.0531,680,1/15/1969,,Andes,Magdalena Cauca,Alto Magdalena,Río Coello,5.81818199157715,7.9236364364624,9,9,0.518115937709808,0.822463750839233,1,1,1.08000004291534,2020,02,7,0,0,0,0,8.83948707580566,2020-02-01,0,3.04296064376831,0
21220050,Pluviométrica,Convencional,Tolima,Ibagué,4.3534,-75.0531,680,1/15/1969,,Andes,Magdalena Cauca,Alto Magdalena,Río Coello,5.81818199157715,7.9236364364624,9,9,0.518115937709808,0.822463750839233,1,1,1.08000004291534,2020,02,8,0,0,0,0,9.99445819854736,2020-02-01,2.24428200721741,3.54135513305664,1.43493032455444
21220050,Pluviométrica,Convencional,Tolima,Ibagué,4.3534,-75.0531,680,1/15/1969,,Andes,Magdalena Cauca,Alto Magdalena,Río Coello,5.81818199157715,7.9236364364624,9,9,0.518115937709808,0.822463750839233,1,1,1.08000004291534,2020,02,9,0,0,0,0,9.12633323669434,2020-02-01,0.309277236461639,7.48826503753662,0.877279341220856
21220050,Pluviométrica,Convencional,Tolima,Ibagué,4.3534,-75.0531,680,1/15/1969,,Andes,Magdalena Cauca,Alto Magdalena,Río Coello,5.81818199157715,7.9236364364624,9,9,0.518115937709808,0.822463750839233,1,1,1.08000004291534,2020,02,10,0,0,0,0,15.1383686065674,2020-02-01,6.1995415687561,4.36708879470825,2.18683171272278
21220050,Pluviométrica,Convencional,Tolima,Ibagué,4.3534,-75.0531,680,1/15/1969,,Andes,Magdalena Cauca,Alto Magdalena,Río Coello,5.81818199157715,7.9236364364624,9,9,0.518115937709808,0.822463750839233,1,1,1.08000004291534,2020,02,11,21,21,22.6800009012222,0,25.8049640655518,2020-02-01,19.1030502319336,29.394416809082,28.5481719970703
21220050,Pluviométrica,Convencional,Tolima,Ibagué,4.3534,-75.0531,680,1/15/1969,,Andes,Magdalena Cauca,Alto Magdalena,Río Coello,5.81818199157715,7.9236364364624,9,9,0.518115937709808,0.822463750839233,1,1,1.08000004291534,2020,02,12,3,3,3.24000012874603,0,17.3010177612305,2020-02-01,28.5105018615723,21.0807666778564,19.3931274414063
21220050,Pluviométrica,Convencional,Tolima,Ibagué,4.3534,-75.0531,680,1/15/1969,,Andes,Magdalena Cauca,Alto Magdalena,Río Coello,5.81818199157715,7.9236364364624,9,9,0.518115937709808,0.822463750839233,1,1,1.07000005245209,2020,03,13,0,0,0,0,26.9247398376465,2020-03-01,21.3614330291748,28.5030155181885,26.4136085510254
21220050,Pluviométrica,Convencional,Tolima,Ibagué,4.3534,-75.0531,680,1/15/1969,,Andes,Magdalena Cauca,Alto Magdalena,Río Coello,5.81818199157715,7.9236364364624,9,9,0.518115937709808,0.822463750839233,1,1,1.07000005245209,2020,03,14,33,33,35.3100017309189,0,25.9867916107178,2020-03-01,20.0130271911621,36.3920364379883,39.5954856872559
21220050,Pluviométrica,Convencional,Tolima,Ibagué,4.3534,-75.0531,680,1/15/1969,,Andes,Magdalena Cauca,Alto Magdalena,Río Coello,5.81818199157715,7.9236364364624,9,9,0.518115937709808,0.822463750839233,1,1,1.07000005245209,2020,03,15,23,23,24.610001206398,0,10.5608320236206,2020-03-01,3.30240535736084,17.4311065673828,11.3417253494263
21220050,Pluviométrica,Convencional,Tolima,Ibagué,4.3534,-75.0531,680,1/15/1969,,Andes,Magdalena Cauca,Alto Magdalena,Río Coello,5.81818199157715,7.9236364364624,9,9,0.518115937709808,0.822463750839233,1,1,1.07000005245209,2020,03,16,0,0,0,0,6.16521835327148,2020-03-01,0,4.51761722564697,0
21220050,Pluviométrica,Convencional,Tolima,Ibagué,4.3534,-75.0531,680,1/15/1969,,Andes,Magdalena Cauca,Alto Magdalena,Río Coello,5.81818199157715,7.9236364364624,9,9,0.518115937709808,0.822463750839233,1,1,1.07000005245209,2020,03,17,0,0,0,0,9.15020275115967,2020-03-01,3.20520710945129,12.9870004653931,9.59033012390137
21220050,Pluviométrica,Convencional,Tolima,Ibagué,4.3534,-75.0531,680,1/15/1969,,Andes,Magdalena Cauca,Alto Magdalena,Río Coello,5.81818199157715,7.9236364364624,9,9,0.518115937709808,0.822463750839233,1,1,1.07000005245209,2020,03,18,0,0,0,0,12.7866497039795,2020-03-01,2.98380565643311,15.0559091567993,6.4896092414856
21220050,Pluviométrica,Convencional,Tolima,Ibagué,4.3534,-75.0531,680,1/15/1969,,Andes,Magdalena Cauca,Alto Magdalena,Río Coello,5.81818199157715,7.9236364364624,9,9,0.518115937709808,0.822463750839233,1,1,1.05999994277954,2020,04,19,0,0,0,0,8.32523250579834,2020-04-01,5.6985559463501,6.24739980697632,8.04593276977539
21220050,Pluviométrica,Convencional,Tolima,Ibagué,4.3534,-75.0531,680,1/15/1969,,Andes,Magdalena Cauca,Alto Magdalena,Río Coello,5.81818199157715,7.9236364364624,9,9,0.518115937709808,0.822463750839233,1,1,1.05999994277954,2020,04,20,0,0,0,0,17.0781841278076,2020-04-01,15.069450378418,8.28291511535645,7.18692541122437
21220050,Pluviométrica,Convencional,Tolima,Ibagué,4.3534,-75.0531,680,1/15/1969,,Andes,Magdalena Cauca,Alto Magdalena,Río Coello,5.81818199157715,7.9236364364624,9,9,0.518115937709808,0.822463750839233,1,1,1.05999994277954,2020,04,21,43,43,45.5799975395203,0,30.5401477813721,2020-04-01,32.6161994934082,21.2645874023438,21.7921199798584
21220050,Pluviométrica,Convencional,Tolima,Ibagué,4.3534,-75.0531,680,1/15/1969,,Andes,Magdalena Cauca,Alto Magdalena,Río Coello,5.81818199157715,7.9236364364624,9,9,0.518115937709808,0.822463750839233,1,1,1.05999994277954,2020,04,22,49,49,51.9399971961975,0,15.8215847015381,2020-04-01,16.2694835662842,34.0012626647949,38.4704475402832
21220050,Pluviométrica,Convencional,Tolima,Ibagué,4.3534,-75.0531,680,1/15/1969,,Andes,Magdalena Cauca,Alto Magdalena,Río Coello,5.81818199157715,7.9236364364624,9,9,0.518115937709808,0.822463750839233,1,1,1.05999994277954,2020,04,23,49,49,51.9399971961975,0,35.0098915100098,2020-04-01,32.3037071228027,36.3780403137207,34.6392478942871
21220050,Pluviométrica,Convencional,Tolima,Ibagué,4.3534,-75.0531,680,1/15/1969,,Andes,Magdalena Cauca,Alto Magdalena,Río Coello,5.81818199157715,7.9236364364624,9,9,0.518115937709808,0.822463750839233,1,1,1.05999994277954,2020,04,24,107,107,113.419993877411,0,32.3568344116211,2020-04-01,30.6015396118164,70.3829727172852,70.8842468261719
21220050,Pluviométrica,Convencional,Tolima,Ibagué,4.3534,-75.0531,680,1/15/1969,,Andes,Magdalena Cauca,Alto Magdalena,Río Coello,5.81818199157715,7.9236364364624,9,9,0.518115937709808,0.822463750839233,1,1,1.05999994277954,2020,05,25,11,11,11.659999370575,0,37.4758949279785,2020-05-01,40.3950805664063,14.3552751541138,15.0512752532959
21220050,Pluviométrica,Convencional,Tolima,Ibagué,4.3534,-75.0531,680,1/15/1969,,Andes,Magdalena Cauca,Alto Magdalena,Río Coello,5.81818199157715,7.9236364364624,9,9,0.518115937709808,0.822463750839233,1,1,1.05999994277954,2020,05,26,0,0,0,0,18.1851615905762,2020-05-01,18.7165393829346,5.72999572753906,5.9607253074646
21220050,Pluviométrica,Convencional,Tolima,Ibagué,4.3534,-75.0531,680,1/15/1969,,Andes,Magdalena Cauca,Alto Magdalena,Río Coello,5.81818199157715,7.9236364364624,9,9,0.518115937709808,0.822463750839233,1,1,1.05999994277954,2020,05,27,20,20,21.1999988555908,0,8.67095375061035,2020-05-01,4.56013584136963,8.85797309875488,4.52174425125122
21220050,Pluviométrica,Convencional,Tolima,Ibagué,4.3534,-75.0531,680,1/15/1969,,Andes,Magdalena Cauca,Alto Magdalena,Río Coello,5.81818199157715,7.9236364364624,9,9,0.518115937709808,0.822463750839233,1,1,1.05999994277954,2020,05,28,0,0,0,0,5.76898765563965,2020-05-01,5.89544343948364,3.43002986907959,4.33264303207397
21220050,Pluviométrica,Convencional,Tolima,Ibagué,4.3534,-75.0531,680,1/15/1969,,Andes,Magdalena Cauca,Alto Magdalena,Río Coello,5.81818199157715,7.9236364364624,9,9,0.518115937709808,0.822463750839233,1,1,1.05999994277954,2020,05,29,0,0,0,0,3.0318648815155,2020-05-01,1.58900046348572,2.00068259239197,1.46228110790253
21220050,Pluviométrica,Convencional,Tolima,Ibagué,4.3534,-75.0531,680,1/15/1969,,Andes,Magdalena Cauca,Alto Magdalena,Río Coello,5.81818199157715,7.9236364364624,9,9,0.518115937709808,0.822463750839233,1,1,1.05999994277954,2020,05,30,58,58,61.4799966812134,0,46.5744972229004,2020-05-01,40.2265548706055,62.6338615417481,59.4903335571289
21220050,Pluviométrica,Convencional,Tolima,Ibagué,4.3534,-75.0531,680,1/15/1969,,Andes,Magdalena Cauca,Alto Magdalena,Río Coello,5.81818199157715,7.9236364364624,9,9,0.518115937709808,0.822463750839233,1,1,1.08000004291534,2020,06,31,32,32,34.560001373291,0,32.1460075378418,2020-06-01,38.1965751647949,27.5718021392822,31.8558292388916
21220050,Pluviométrica,Convencional,Tolima,Ibagué,4.3534,-75.0531,680,1/15/1969,,Andes,Magdalena Cauca,Alto Magdalena,Río Coello,5.81818199157715,7.9236364364624,9,9,0.518115937709808,0.822463750839233,1,1,1.08000004291534,2020,06,32,32,32,34.560001373291,0,18.4908103942871,2020-06-01,17.7255153656006,25.0811996459961,23.4628467559815
21220050,Pluviométrica,Convencional,Tolima,Ibagué,4.3534,-75.0531,680,1/15/1969,,Andes,Magdalena Cauca,Alto Magdalena,Río Coello,5.81818199157715,7.9236364364624,9,9,0.518115937709808,0.822463750839233,1,1,1.08000004291534,2020,06,33,26,26,28.080001115799,0,18.7788696289063,2020-06-01,18.3646564483643,14.3953189849854,13.3379640579224
21220050,Pluviométrica,Convencional,Tolima,Ibagué,4.3534,-75.0531,680,1/15/1969,,Andes,Magdalena Cauca,Alto Magdalena,Río Coello,5.81818199157715,7.9236364364624,9,9,0.518115937709808,0.822463750839233,1,1,1.08000004291534,2020,06,34,52,52,56.1600022315979,0,18.7092151641846,2020-06-01,17.9557266235352,23.9991855621338,26.9781188964844
21220050,Pluviométrica,Convencional,Tolima,Ibagué,4.3534,-75.0531,680,1/15/1969,,Andes,Magdalena Cauca,Alto Magdalena,Río Coello,5.81818199157715,7.9236364364624,9,9,0.518115937709808,0.822463750839233,1,1,1.08000004291534,2020,06,35,17,17,18.3600007295609,0,11.7757740020752,2020-06-01,8.79530906677246,4.34566831588745,4.8933367729187
21220050,Pluviométrica,Convencional,Tolima,Ibagué,4.3534,-75.0531,680,1/15/1969,,Andes,Magdalena Cauca,Alto Magdalena,Río Coello,5.81818199157715,7.9236364364624,9,9,0.518115937709808,0.822463750839233,1,1,1.08000004291534,2020,06,36,31,31,33.4800013303757,0,31.1090450286865,2020-06-01,37.9661979675293,21.9146938323975,24.2611980438232
21220050,Pluviométrica,Convencional,Tolima,Ibagué,4.3534,-75.0531,680,1/15/1969,,Andes,Magdalena Cauca,Alto Magdalena,Río Coello,5.81818199157715,7.9236364364624,9,9,0.518115937709808,0.822463750839233,1,1,1.0900000333786,2020,07,37,12,12,13.0800004005432,0,29.8830547332764,2020-07-01,42.6796112060547,37.3932723999023,37.959846496582
21220050,Pluviométrica,Convencional,Tolima,Ibagué,4.3534,-75.0531,680,1/15/1969,,Andes,Magdalena Cauca,Alto Magdalena,Río Coello,5.81818199157715,7.9236364364624,9,9,0.518115937709808,0.822463750839233,1,1,1.0900000333786,2020,07,38,15,15,16.350000500679,0,7.61213350296021,2020-07-01,6.85605382919312,15.2881336212158,10.8657531738281
21220050,Pluviométrica,Convencional,Tolima,Ibagué,4.3534,-75.0531,680,1/15/1969,,Andes,Magdalena Cauca,Alto Magdalena,Río Coello,5.81818199157715,7.9236364364624,9,9,0.518115937709808,0.822463750839233,1,1,1.0900000333786,2020,07,39,4,4,4.3600001335144,0,6.79355096817017,2020-07-01,7.70341396331787,5.91778659820557,6.11499309539795
21220050,Pluviométrica,Convencional,Tolima,Ibagué,4.3534,-75.0531,680,1/15/1969,,Andes,Magdalena Cauca,Alto Magdalena,Río Coello,5.81818199157715,7.9236364364624,9,9,0.518115937709808,0.822463750839233,1,1,1.0900000333786,2020,07,40,0,0,0,0,6.02746152877808,2020-07-01,2.76108455657959,3.49533796310425,2.09754943847656
21220050,Pluviométrica,Convencional,Tolima,Ibagué,4.3534,-75.0531,680,1/15/1969,,Andes,Magdalena Cauca,Alto Magdalena,Río Coello,5.81818199157715,7.9236364364624,9,9,0.518115937709808,0.822463750839233,1,1,1.0900000333786,2020,07,41,70,70,76.3000023365021,0,13.3755207061768,2020-07-01,15.0594110488892,40.2572288513184,40.4728775024414
21220050,Pluviométrica,Convencional,Tolima,Ibagué,4.3534,-75.0531,680,1/15/1969,,Andes,Magdalena Cauca,Alto Magdalena,Río Coello,5.81818199157715,7.9236364364624,9,9,0.518115937709808,0.822463750839233,1,1,1.0900000333786,2020,07,42,0,0,0,0,9.44850730895996,2020-07-01,4.36552810668945,5.37656259536743,2.67442536354065
21220050,Pluviométrica,Convencional,Tolima,Ibagué,4.3534,-75.0531,680,1/15/1969,,Andes,Magdalena Cauca,Alto Magdalena,Río Coello,5.81818199157715,7.9236364364624,9,9,0.518115937709808,0.822463750839233,1,1,1.08000004291534,2020,08,43,0,0,0,0,1.42858231067657,2020-08-01,0.561066567897797,0.819535136222839,0.446831583976746
21220050,Pluviométrica,Convencional,Tolima,Ibagué,4.3534,-75.0531,680,1/15/1969,,Andes,Magdalena Cauca,Alto Magdalena,Río Coello,5.81818199157715,7.9236364364624,9,9,0.518115937709808,0.822463750839233,1,1,1.08000004291534,2020,08,44,0,0,0,0,1.52713108062744,2020-08-01,0,0.862256169319153,0
21220050,Pluviométrica,Convencional,Tolima,Ibagué,4.3534,-75.0531,680,1/15/1969,,Andes,Magdalena Cauca,Alto Magdalena,Río Coello,5.81818199157715,7.9236364364624,9,9,0.518115937709808,0.822463750839233,1,1,1.08000004291534,2020,08,45,17,17,18.3600007295609,0,26.8183422088623,2020-08-01,28.3975086212158,41.5889396667481,43.2327194213867
21220050,Pluviométrica,Convencional,Tolima,Ibagué,4.3534,-75.0531,680,1/15/1969,,Andes,Magdalena Cauca,Alto Magdalena,Río Coello,5.81818199157715,7.9236364364624,9,9,0.518115937709808,0.822463750839233,1,1,1.08000004291534,2020,08,46,0,0,0,0,19.3929538726807,2020-08-01,21.3677425384522,28.8512897491455,25.9877414703369
21220050,Pluviométrica,Convencional,Tolima,Ibagué,4.3534,-75.0531,680,1/15/1969,,Andes,Magdalena Cauca,Alto Magdalena,Río Coello,5.81818199157715,7.9236364364624,9,9,0.518115937709808,0.822463750839233,1,1,1.08000004291534,2020,08,47,0,0,0,0,29.0119171142578,2020-08-01,49.5935935974121,44.9010047912598,51.2089309692383
21220050,Pluviométrica,Convencional,Tolima,Ibagué,4.3534,-75.0531,680,1/15/1969,,Andes,Magdalena Cauca,Alto Magdalena,Río Coello,5.81818199157715,7.9236364364624,9,9,0.518115937709808,0.822463750839233,1,1,1.08000004291534,2020,08,48,49,49,52.9200021028519,0,17.4103908538818,2020-08-01,18.6449089050293,37.3145294189453,38.7333908081055
21220050,Pluviométrica,Convencional,Tolima,Ibagué,4.3534,-75.0531,680,1/15/1969,,Andes,Magdalena Cauca,Alto Magdalena,Río Coello,5.81818199157715,7.9236364364624,9,9,0.518115937709808,0.822463750839233,1,1,1.08000004291534,2020,09,49,6,6,6.48000025749207,0,20.8037929534912,2020-09-01,22.7116832733154,19.6569309234619,20.0812168121338
21220050,Pluviométrica,Convencional,Tolima,Ibagué,4.3534,-75.0531,680,1/15/1969,,Andes,Magdalena Cauca,Alto Magdalena,Río Coello,5.81818199157715,7.9236364364624,9,9,0.518115937709808,0.822463750839233,1,1,1.08000004291534,2020,09,50,41,41,44.2800017595291,0,34.9621124267578,2020-09-01,40.7245216369629,35.5305824279785,37.0881042480469
21220050,Pluviométrica,Convencional,Tolima,Ibagué,4.3534,-75.0531,680,1/15/1969,,Andes,Magdalena Cauca,Alto Magdalena,Río Coello,5.81818199157715,7.9236364364624,9,9,0.518115937709808,0.822463750839233,1,1,1.08000004291534,2020,09,51,0,0,0,0,4.24450206756592,2020-09-01,3.00091624259949,2.74740672111511,2.73975777626038
21220050,Pluviométrica,Convencional,Tolima,Ibagué,4.3534,-75.0531,680,1/15/1969,,Andes,Magdalena Cauca,Alto Magdalena,Río Coello,5.81818199157715,7.9236364364624,9,9,0.518115937709808,0.822463750839233,1,1,1.08000004291534,2020,09,52,11,11,11.8800004720688,0,10.8379364013672,2020-09-01,11.4599723815918,9.67258644104004,8.68656444549561
21220050,Pluviométrica,Convencional,Tolima,Ibagué,4.3534,-75.0531,680,1/15/1969,,Andes,Magdalena Cauca,Alto Magdalena,Río Coello,5.81818199157715,7.9236364364624,9,9,0.518115937709808,0.822463750839233,1,1,1.08000004291534,2020,09,53,31,31,33.4800013303757,0,14.7412433624268,2020-09-01,14.0937967300415,16.4258518218994,19.5669422149658
21220050,Pluviométrica,Convencional,Tolima,Ibagué,4.3534,-75.0531,680,1/15/1969,,Andes,Magdalena Cauca,Alto Magdalena,Río Coello,5.81818199157715,7.9236364364624,9,9,0.518115937709808,0.822463750839233,1,1,1.08000004291534,2020,09,54,20,20,21.6000008583069,0,21.0419731140137,2020-09-01,30.9584293365479,26.4192581176758,31.8169212341309
21220050,Pluviométrica,Convencional,Tolima,Ibagué,4.3534,-75.0531,680,1/15/1969,,Andes,Magdalena Cauca,Alto Magdalena,Río Coello,5.81818199157715,7.9236364364624,9,9,0.518115937709808,0.822463750839233,1,1,1.07000005245209,2020,10,55,7,7,7.49000036716461,0,11.8951749801636,2020-10-01,2.33841371536255,16.773063659668,8.57926368713379
21220050,Pluviométrica,Convencional,Tolima,Ibagué,4.3534,-75.0531,680,1/15/1969,,Andes,Magdalena Cauca,Alto Magdalena,Río Coello,5.81818199157715,7.9236364364624,9,9,0.518115937709808,0.822463750839233,1,1,1.07000005245209,2020,10,56,0,0,0,0,15.0157499313355,2020-10-01,3.9624011516571,4.55784940719605,2.43559765815735
21220050,Pluviométrica,Convencional,Tolima,Ibagué,4.3534,-75.0531,680,1/15/1969,,Andes,Magdalena Cauca,Alto Magdalena,Río Coello,5.81818199157715,7.9236364364624,9,9,0.518115937709808,0.822463750839233,1,1,1.07000005245209,2020,10,57,0,0,0,0,21.0702705383301,2020-10-01,12.3055458068848,13.4216890335083,16.8105792999268
21220050,Pluviométrica,Convencional,Tolima,Ibagué,4.3534,-75.0531,680,1/15/1969,,Andes,Magdalena Cauca,Alto Magdalena,Río Coello,5.81818199157715,7.9236364364624,9,9,0.518115937709808,0.822463750839233,1,1,1.07000005245209,2020,10,58,37,37,39.5900019407272,0,21.0939445495605,2020-10-01,17.1188831329346,34.3952865600586,32.9219856262207
21220050,Pluviométrica,Convencional,Tolima,Ibagué,4.3534,-75.0531,680,1/15/1969,,Andes,Magdalena Cauca,Alto Magdalena,Río Coello,5.81818199157715,7.9236364364624,9,9,0.518115937709808,0.822463750839233,1,1,1.07000005245209,2020,10,59,0,0,0,0,32.7413291931152,2020-10-01,30.3911628723145,22.0913410186768,24.9618492126465
21220050,Pluviométrica,Convencional,Tolima,Ibagué,4.3534,-75.0531,680,1/15/1969,,Andes,Magdalena Cauca,Alto Magdalena,Río Coello,5.81818199157715,7.9236364364624,9,9,0.518115937709808,0.822463750839233,1,1,1.07000005245209,2020,10,60,0,0,0,0,37.3097915649414,2020-10-01,23.1079654693604,19.2236061096191,15.9488143920898
21220050,Pluviométrica,Convencional,Tolima,Ibagué,4.3534,-75.0531,680,1/15/1969,,Andes,Magdalena Cauca,Alto Magdalena,Río Coello,5.81818199157715,7.9236364364624,9,9,0.518115937709808,0.822463750839233,1,1,1.05999994277954,2020,11,61,30,30,31.7999982833862,0,25.2251834869385,2020-11-01,16.6843414306641,18.8824691772461,12.9285612106323
21220050,Pluviométrica,Convencional,Tolima,Ibagué,4.3534,-75.0531,680,1/15/1969,,Andes,Magdalena Cauca,Alto Magdalena,Río Coello,5.81818199157715,7.9236364364624,9,9,0.518115937709808,0.822463750839233,1,1,1.05999994277954,2020,11,62,10,10,10.5999994277954,0,18.0547313690186,2020-11-01,8.41150569915772,14.410530090332,9.16140651702881
21220050,Pluviométrica,Convencional,Tolima,Ibagué,4.3534,-75.0531,680,1/15/1969,,Andes,Magdalena Cauca,Alto Magdalena,Río Coello,5.81818199157715,7.9236364364624,9,9,0.518115937709808,0.822463750839233,1,1,1.05999994277954,2020,11,63,17,17,18.0199990272522,0,27.1362972259522,2020-11-01,15.9814739227295,29.9216289520264,22.9991207122803
21220050,Pluviométrica,Convencional,Tolima,Ibagué,4.3534,-75.0531,680,1/15/1969,,Andes,Magdalena Cauca,Alto Magdalena,Río Coello,5.81818199157715,7.9236364364624,9,9,0.518115937709808,0.822463750839233,1,1,1.05999994277954,2020,11,64,0,0,0,0,28.4347229003906,2020-11-01,20.0161437988281,32.0127563476563,32.2372970581055
21220050,Pluviométrica,Convencional,Tolima,Ibagué,4.3534,-75.0531,680,1/15/1969,,Andes,Magdalena Cauca,Alto Magdalena,Río Coello,5.81818199157715,7.9236364364624,9,9,0.518115937709808,0.822463750839233,1,1,1.05999994277954,2020,11,65,68,68,72.0799961090088,0,46.7119064331055,2020-11-01,36.4782447814941,45.6681480407715,42.1042098999023
21220050,Pluviométrica,Convencional,Tolima,Ibagué,4.3534,-75.0531,680,1/15/1969,,Andes,Magdalena Cauca,Alto Magdalena,Río Coello,5.81818199157715,7.9236364364624,9,9,0.518115937709808,0.822463750839233,1,1,1.05999994277954,2020,11,66,0,0,0,0,31.4214916229248,2020-11-01,22.4384937286377,55.3275604248047,51.4870338439942
21220050,Pluviométrica,Convencional,Tolima,Ibagué,4.3534,-75.0531,680,1/15/1969,,Andes,Magdalena Cauca,Alto Magdalena,Río Coello,5.81818199157715,7.9236364364624,9,9,0.518115937709808,0.822463750839233,1,1,1.08000004291534,2020,12,67,57,57,61.5600024461746,0,31.7389125823975,2020-12-01,34.4008941650391,26.1841926574707,28.9111080169678
21220050,Pluviométrica,Convencional,Tolima,Ibagué,4.3534,-75.0531,680,1/15/1969,,Andes,Magdalena Cauca,Alto Magdalena,Río Coello,5.81818199157715,7.9236364364624,9,9,0.518115937709808,0.822463750839233,1,1,1.08000004291534,2020,12,68,15,15,16.2000006437302,0,20.6702709197998,2020-12-01,19.126220703125,25.8665103912354,37.8217430114746
21220050,Pluviométrica,Convencional,Tolima,Ibagué,4.3534,-75.0531,680,1/15/1969,,Andes,Magdalena Cauca,Alto Magdalena,Río Coello,5.81818199157715,7.9236364364624,9,9,0.518115937709808,0.822463750839233,1,1,1.08000004291534,2020,12,69,22,22,23.7600009441376,0,8.86341667175293,2020-12-01,0,6.81037712097168,0
21220050,Pluviométrica,Convencional,Tolima,Ibagué,4.3534,-75.0531,680,1/15/1969,,Andes,Magdalena Cauca,Alto Magdalena,Río Coello,5.81818199157715,7.9236364364624,9,9,0.518115937709808,0.822463750839233,1,1,1.08000004291534,2020,12,70,42,42,45.3600018024445,0,10.7725744247437,2020-12-01,2.90148425102234,18.9267024993897,8.75436115264893
21220050,Pluviométrica,Convencional,Tolima,Ibagué,4.3534,-75.0531,680,1/15/1969,,Andes,Magdalena Cauca,Alto Magdalena,Río Coello,5.81818199157715,7.9236364364624,9,9,0.518115937709808,0.822463750839233,1,1,1.08000004291534,2020,12,71,36,36,38.8800015449524,0,16.0630989074707,2020-12-01,11.4818468093872,21.6689033508301,18.6032772064209
21220050,Pluviométrica,Convencional,Tolima,Ibagué,4.3534,-75.0531,680,1/15/1969,,Andes,Magdalena Cauca,Alto Magdalena,Río Coello,5.81818199157715,7.9236364364624,9,9,0.518115937709808,0.822463750839233,1,1,1.08000004291534,2020,12,72,0,0,0,0,36.1629257202148,2020-12-01,33.6678237915039,21.6734504699707,23.3398151397705
21220050,Pluviométrica,Convencional,Tolima,Ibagué,4.3534,-75.0531,680,1/15/1969,,Andes,Magdalena Cauca,Alto Magdalena,Río Coello,5.81818199157715,7.9236364364624,9,9,0.518115937709808,0.822463750839233,1,1,1.08000004291534,2021,01,1,12,12,12.9600005149841,0,8.26752376556397,2021-01-01,7.0730242729187,13.9677381515503,11.9311990737915
21220050,Pluviométrica,Convencional,Tolima,Ibagué,4.3534,-75.0531,680,1/15/1969,,Andes,Magdalena Cauca,Alto Magdalena,Río Coello,5.81818199157715,7.9236364364624,9,9,0.518115937709808,0.822463750839233,1,1,1.08000004291534,2021,01,2,21,21,22.6800009012222,0,14.6101274490356,2021-01-01,9.87991714477539,21.6479740142822,14.5440196990967
21220050,Pluviométrica,Convencional,Tolima,Ibagué,4.3534,-75.0531,680,1/15/1969,,Andes,Magdalena Cauca,Alto Magdalena,Río Coello,5.81818199157715,7.9236364364624,9,9,0.518115937709808,0.822463750839233,1,1,1.08000004291534,2021,01,3,0,0,0,0,5.82067775726318,2021-01-01,0.587421715259552,4.11203289031982,0.619529962539673
21220050,Pluviométrica,Convencional,Tolima,Ibagué,4.3534,-75.0531,680,1/15/1969,,Andes,Magdalena Cauca,Alto Magdalena,Río Coello,5.81818199157715,7.9236364364624,9,9,0.518115937709808,0.822463750839233,1,1,1.08000004291534,2021,01,4,0,0,0,0,5.61490821838379,2021-01-01,0,3.35752654075623,0
21220050,Pluviométrica,Convencional,Tolima,Ibagué,4.3534,-75.0531,680,1/15/1969,,Andes,Magdalena Cauca,Alto Magdalena,Río Coello,5.81818199157715,7.9236364364624,9,9,0.518115937709808,0.822463750839233,1,1,1.08000004291534,2021,01,5,0,0,0,0,6.61724472045898,2021-01-01,2.49171113967896,6.7998538017273,4.51427841186523
21220050,Pluviométrica,Convencional,Tolima,Ibagué,4.3534,-75.0531,680,1/15/1969,,Andes,Magdalena Cauca,Alto Magdalena,Río Coello,5.81818199157715,7.9236364364624,9,9,0.518115937709808,0.822463750839233,1,1,1.08000004291534,2021,01,6,0,0,0,0,7.72461080551148,2021-01-01,0,5.98217964172363,0
21220050,Pluviométrica,Convencional,Tolima,Ibagué,4.3534,-75.0531,680,1/15/1969,,Andes,Magdalena Cauca,Alto Magdalena,Río Coello,5.81818199157715,7.9236364364624,9,9,0.518115937709808,0.822463750839233,1,1,1.08000004291534,2021,02,7,10,10,10.8000004291534,0,8.83948707580566,2021-02-01,0,10.2587385177612,0
21220050,Pluviométrica,Convencional,Tolima,Ibagué,4.3534,-75.0531,680,1/15/1969,,Andes,Magdalena Cauca,Alto Magdalena,Río Coello,5.81818199157715,7.9236364364624,9,9,0.518115937709808,0.822463750839233,1,1,1.08000004291534,2021,02,8,0,0,0,0,25.1003837585449,2021-02-01,32.5932235717773,15.702657699585,19.6958904266357
21220050,Pluviométrica,Convencional,Tolima,Ibagué,4.3534,-75.0531,680,1/15/1969,,Andes,Magdalena Cauca,Alto Magdalena,Río Coello,5.81818199157715,7.9236364364624,9,9,0.518115937709808,0.822463750839233,1,1,1.08000004291534,2021,02,9,25,25,27.0000010728836,0,9.12633323669434,2021-02-01,0.309277236461639,13.8126020431519,1.36198127269745
21220050,Pluviométrica,Convencional,Tolima,Ibagué,4.3534,-75.0531,680,1/15/1969,,Andes,Magdalena Cauca,Alto Magdalena,Río Coello,5.81818199157715,7.9236364364624,9,9,0.518115937709808,0.822463750839233,1,1,1.08000004291534,2021,02,10,0,0,0,0,17.0018253326416,2021-02-01,9.09900856018066,16.0979270935059,11.7768640518188
21220050,Pluviométrica,Convencional,Tolima,Ibagué,4.3534,-75.0531,680,1/15/1969,,Andes,Magdalena Cauca,Alto Magdalena,Río Coello,5.81818199157715,7.9236364364624,9,9,0.518115937709808,0.822463750839233,1,1,1.08000004291534,2021,02,11,0,0,0,0,10.0747995376587,2021-02-01,0.95016223192215,7.14468383789063,1.74435031414032
21220050,Pluviométrica,Convencional,Tolima,Ibagué,4.3534,-75.0531,680,1/15/1969,,Andes,Magdalena Cauca,Alto Magdalena,Río Coello,5.81818199157715,7.9236364364624,9,9,0.518115937709808,0.822463750839233,1,1,1.08000004291534,2021,02,12,41,41,44.2800017595291,0,14.3209896087647,2021-02-01,22.7871685028076,27.7429008483887,41.5427742004395
21220050,Pluviométrica,Convencional,Tolima,Ibagué,4.3534,-75.0531,680,1/15/1969,,Andes,Magdalena Cauca,Alto Magdalena,Río Coello,5.81818199157715,7.9236364364624,9,9,0.518115937709808,0.822463750839233,1,1,1.07000005245209,2021,03,13,8,8,8.5600004196167,0,29.1369228363037,2021-03-01,24.084644317627,29.9217319488525,28.940336227417
21220050,Pluviométrica,Convencional,Tolima,Ibagué,4.3534,-75.0531,680,1/15/1969,,Andes,Magdalena Cauca,Alto Magdalena,Río Coello,5.81818199157715,7.9236364364624,9,9,0.518115937709808,0.822463750839233,1,1,1.07000005245209,2021,03,14,40,40,42.8000020980835,0,46.4954643249512,2021-03-01,43.5309143066406,47.7478256225586,52.3071556091309
21220050,Pluviométrica,Convencional,Tolima,Ibagué,4.3534,-75.0531,680,1/15/1969,,Andes,Magdalena Cauca,Alto Magdalena,Río Coello,5.81818199157715,7.9236364364624,9,9,0.518115937709808,0.822463750839233,1,1,1.07000005245209,2021,03,15,32,32,34.2400016784668,0,15.2163600921631,2021-03-01,5.64449405670166,15.6262159347534,6.78247690200806
21220050,Pluviométrica,Convencional,Tolima,Ibagué,4.3534,-75.0531,680,1/15/1969,,Andes,Magdalena Cauca,Alto Magdalena,Río Coello,5.81818199157715,7.9236364364624,9,9,0.518115937709808,0.822463750839233,1,1,1.07000005245209,2021,03,16,35,35,37.4500018358231,0,22.9590435028076,2021-03-01,15.9049339294434,23.577449798584,19.1115169525147
21220050,Pluviométrica,Convencional,Tolima,Ibagué,4.3534,-75.0531,680,1/15/1969,,Andes,Magdalena Cauca,Alto Magdalena,Río Coello,5.81818199157715,7.9236364364624,9,9,0.518115937709808,0.822463750839233,1,1,1.07000005245209,2021,03,17,33,33,35.3100017309189,0,17.2175674438477,2021-03-01,13.763689994812,17.6813259124756,16.5385780334473
21220050,Pluviométrica,Convencional,Tolima,Ibagué,4.3534,-75.0531,680,1/15/1969,,Andes,Magdalena Cauca,Alto Magdalena,Río Coello,5.81818199157715,7.9236364364624,9,9,0.518115937709808,0.822463750839233,1,1,1.07000005245209,2021,03,18,25,25,26.7500013113022,0,29.1311473846436,2021-03-01,22.7502861022949,29.9158000946045,27.3369579315186
21220050,Pluviométrica,Convencional,Tolima,Ibagué,4.3534,-75.0531,680,1/15/1969,,Andes,Magdalena Cauca,Alto Magdalena,Río Coello,5.81818199157715,7.9236364364624,9,9,0.518115937709808,0.822463750839233,1,1,1.05999994277954,2021,04,19,0,0,0,0,41.8636665344238,2021-04-01,43.8687400817871,37.5920944213867,38.2880821228027
21220050,Pluviométrica,Convencional,Tolima,Ibagué,4.3534,-75.0531,680,1/15/1969,,Andes,Magdalena Cauca,Alto Magdalena,Río Coello,5.81818199157715,7.9236364364624,9,9,0.518115937709808,0.822463750839233,1,1,1.05999994277954,2021,04,20,16,16,16.9599990844727,0,19.5265941619873,2021-04-01,16.4526920318604,17.5341911315918,14.3597011566162
21220050,Pluviométrica,Convencional,Tolima,Ibagué,4.3534,-75.0531,680,1/15/1969,,Andes,Magdalena Cauca,Alto Magdalena,Río Coello,5.81818199157715,7.9236364364624,9,9,0.518115937709808,0.822463750839233,1,1,1.05999994277954,2021,04,21,0,0,0,0,45.2285385131836,2021-04-01,46.7094802856445,40.6136245727539,40.7674407958984
21220050,Pluviométrica,Convencional,Tolima,Ibagué,4.3534,-75.0531,680,1/15/1969,,Andes,Magdalena Cauca,Alto Magdalena,Río Coello,5.81818199157715,7.9236364364624,9,9,0.518115937709808,0.822463750839233,1,1,1.05999994277954,2021,04,22,32,32,33.9199981689453,0,40.2556533813477,2021-04-01,45.6315078735352,36.1481552124023,39.826602935791
21220050,Pluviométrica,Convencional,Tolima,Ibagué,4.3534,-75.0531,680,1/15/1969,,Andes,Magdalena Cauca,Alto Magdalena,Río Coello,5.81818199157715,7.9236364364624,9,9,0.518115937709808,0.822463750839233,1,1,1.05999994277954,2021,04,23,18,18,19.0799989700317,0,23.7367553710938,2021-04-01,21.345157623291,21.3147678375244,18.6297836303711
21220050,Pluviométrica,Convencional,Tolima,Ibagué,4.3534,-75.0531,680,1/15/1969,,Andes,Magdalena Cauca,Alto Magdalena,Río Coello,5.81818199157715,7.9236364364624,9,9,0.518115937709808,0.822463750839233,1,1,1.05999994277954,2021,04,24,0,0,0,0,89.0984954833984,2021-04-01,87.1251373291016,80.0073013305664,76.0417175292969
21220050,Pluviométrica,Convencional,Tolima,Ibagué,4.3534,-75.0531,680,1/15/1969,,Andes,Magdalena Cauca,Alto Magdalena,Río Coello,5.81818199157715,7.9236364364624,9,9,0.518115937709808,0.822463750839233,1,1,1.05999994277954,2021,05,25,76,76,80.5599956512451,0,26.85325050354,2021-05-01,29.8264083862305,26.85325050354,39.6762657165527
21220050,Pluviométrica,Convencional,Tolima,Ibagué,4.3534,-75.0531,680,1/15/1969,,Andes,Magdalena Cauca,Alto Magdalena,Río Coello,5.81818199157715,7.9236364364624,9,9,0.518115937709808,0.822463750839233,1,1,1.05999994277954,2021,05,26,0,0,0,0,23.6860637664795,2021-05-01,24.7923259735107,23.6860637664795,32.9797325134277
21220050,Pluviométrica,Convencional,Tolima,Ibagué,4.3534,-75.0531,680,1/15/1969,,Andes,Magdalena Cauca,Alto Magdalena,Río Coello,5.81818199157715,7.9236364364624,9,9,0.518115937709808,0.822463750839233,1,1,1.05999994277954,2021,05,27,33,33,34.9799981117249,0,8.67095375061035,2021-05-01,7.54972743988037,8.67095375061035,10.0429458618164
21220050,Pluviométrica,Convencional,Tolima,Ibagué,4.3534,-75.0531,680,1/15/1969,,Andes,Magdalena Cauca,Alto Magdalena,Río Coello,5.81818199157715,7.9236364364624,9,9,0.518115937709808,0.822463750839233,1,1,1.05999994277954,2021,05,28,22,22,23.3199987411499,0,18.062593460083,2021-05-01,14.7323350906372,18.062593460083,19.5975341796875
21220050,Pluviométrica,Convencional,Tolima,Ibagué,4.3534,-75.0531,680,1/15/1969,,Andes,Magdalena Cauca,Alto Magdalena,Río Coello,5.81818199157715,7.9236364364624,9,9,0.518115937709808,0.822463750839233,1,1,1.05999994277954,2021,05,29,80,80,84.7999954223633,0,22.1224403381348,2021-05-01,20.3440170288086,22.1224403381348,27.0624160766602
21220050,Pluviométrica,Convencional,Tolima,Ibagué,4.3534,-75.0531,680,1/15/1969,,Andes,Magdalena Cauca,Alto Magdalena,Río Coello,5.81818199157715,7.9236364364624,9,9,0.518115937709808,0.822463750839233,1,1,1.05999994277954,2021,05,30,39,39,41.3399977684021,0,29.1321144104004,2021-05-01,24.7270469665527,29.1321144104004,32.892894744873
21220050,Pluviométrica,Convencional,Tolima,Ibagué,4.3534,-75.0531,680,1/15/1969,,Andes,Magdalena Cauca,Alto Magdalena,Río Coello,5.81818199157715,7.9236364364624,9,9,0.518115937709808,0.822463750839233,1,1,1.08000004291534,2021,06,31,39,39,42.1200016736984,0,33.0968437194824,2021-06-01,41.0080680847168,51.0437622070313,57.875602722168
21220050,Pluviométrica,Convencional,Tolima,Ibagué,4.3534,-75.0531,680,1/15/1969,,Andes,Magdalena Cauca,Alto Magdalena,Río Coello,5.81818199157715,7.9236364364624,9,9,0.518115937709808,0.822463750839233,1,1,1.08000004291534,2021,06,32,152,152,164.160006523132,0,36.2271690368652,2021-06-01,39.9946327209473,55.8715209960938,56.4453201293945
21220050,Pluviométrica,Convencional,Tolima,Ibagué,4.3534,-75.0531,680,1/15/1969,,Andes,Magdalena Cauca,Alto Magdalena,Río Coello,5.81818199157715,7.9236364364624,9,9,0.518115937709808,0.822463750839233,1,1,1.08000004291534,2021,06,33,5,5,5.40000021457672,0,41.6346092224121,2021-06-01,47.5242195129395,64.2111740112305,67.0719909667969
21220050,Pluviométrica,Convencional,Tolima,Ibagué,4.3534,-75.0531,680,1/15/1969,,Andes,Magdalena Cauca,Alto Magdalena,Río Coello,5.81818199157715,7.9236364364624,9,9,0.518115937709808,0.822463750839233,1,1,1.08000004291534,2021,06,34,0,0,0,0,19.7598133087158,2021-06-01,19.5390434265137,30.4746646881104,27.5758857727051
21220050,Pluviométrica,Convencional,Tolima,Ibagué,4.3534,-75.0531,680,1/15/1969,,Andes,Magdalena Cauca,Alto Magdalena,Río Coello,5.81818199157715,7.9236364364624,9,9,0.518115937709808,0.822463750839233,1,1,1.08000004291534,2021,06,35,0,0,0,0,16.1338577270508,2021-06-01,15.3069190979004,24.8825168609619,21.6029949188232
21220050,Pluviométrica,Convencional,Tolima,Ibagué,4.3534,-75.0531,680,1/15/1969,,Andes,Magdalena Cauca,Alto Magdalena,Río Coello,5.81818199157715,7.9236364364624,9,9,0.518115937709808,0.822463750839233,1,1,1.08000004291534,2021,06,36,8,8,8.64000034332275,0,11.2798824310303,2021-06-01,8.85306072235107,17.3964519500732,12.4945211410522
21220050,Pluviométrica,Convencional,Tolima,Ibagué,4.3534,-75.0531,680,1/15/1969,,Andes,Magdalena Cauca,Alto Magdalena,Río Coello,5.81818199157715,7.9236364364624,9,9,0.518115937709808,0.822463750839233,1,1,1.0900000333786,2021,07,37,0,0,0,0,3.48153924942017,2021-07-01,0.366463214159012,1.73593485355377,0.215769216418266
21220050,Pluviométrica,Convencional,Tolima,Ibagué,4.3534,-75.0531,680,1/15/1969,,Andes,Magdalena Cauca,Alto Magdalena,Río Coello,5.81818199157715,7.9236364364624,9,9,0.518115937709808,0.822463750839233,1,1,1.0900000333786,2021,07,38,29,29,31.6100009679794,0,2.83487391471863,2021-07-01,0,3.22299814224243,0
21220050,Pluviométrica,Convencional,Tolima,Ibagué,4.3534,-75.0531,680,1/15/1969,,Andes,Magdalena Cauca,Alto Magdalena,Río Coello,5.81818199157715,7.9236364364624,9,9,0.518115937709808,0.822463750839233,1,1,1.0900000333786,2021,07,39,0,0,0,0,12.4782581329346,2021-07-01,17.1873073577881,14.1866636276245,19.7401180267334
21220050,Pluviométrica,Convencional,Tolima,Ibagué,4.3534,-75.0531,680,1/15/1969,,Andes,Magdalena Cauca,Alto Magdalena,Río Coello,5.81818199157715,7.9236364364624,9,9,0.518115937709808,0.822463750839233,1,1,1.0900000333786,2021,07,40,0,0,0,0,3.21104216575623,2021-07-01,0,3.65066766738892,0
21220050,Pluviométrica,Convencional,Tolima,Ibagué,4.3534,-75.0531,680,1/15/1969,,Andes,Magdalena Cauca,Alto Magdalena,Río Coello,5.81818199157715,7.9236364364624,9,9,0.518115937709808,0.822463750839233,1,1,1.0900000333786,2021,07,41,0,0,0,0,9.56710052490234,2021-07-01,8.67826843261719,10.8769378662109,9.96724128723145
21220050,Pluviométrica,Convencional,Tolima,Ibagué,4.3534,-75.0531,680,1/15/1969,,Andes,Magdalena Cauca,Alto Magdalena,Río Coello,5.81818199157715,7.9236364364624,9,9,0.518115937709808,0.822463750839233,1,1,1.0900000333786,2021,07,42,63,63,68.6700021028519,0,13.6496362686157,2021-07-01,11.2593355178833,15.5184154510498,12.9316720962524
21220050,Pluviométrica,Convencional,Tolima,Ibagué,4.3534,-75.0531,680,1/15/1969,,Andes,Magdalena Cauca,Alto Magdalena,Río Coello,5.81818199157715,7.9236364364624,9,9,0.518115937709808,0.822463750839233,1,1,1.08000004291534,2021,08,43,0,0,0,0,1.42858231067657,2021-08-01,0.561066567897797,1.42858231067657,0.567203283309937
21220050,Pluviométrica,Convencional,Tolima,Ibagué,4.3534,-75.0531,680,1/15/1969,,Andes,Magdalena Cauca,Alto Magdalena,Río Coello,5.81818199157715,7.9236364364624,9,9,0.518115937709808,0.822463750839233,1,1,1.08000004291534,2021,08,44,8,8,8.64000034332275,0,12.9733219146729,2021-08-01,12.8084993362427,12.9733219146729,12.9485940933228
21220050,Pluviométrica,Convencional,Tolima,Ibagué,4.3534,-75.0531,680,1/15/1969,,Andes,Magdalena Cauca,Alto Magdalena,Río Coello,5.81818199157715,7.9236364364624,9,9,0.518115937709808,0.822463750839233,1,1,1.08000004291534,2021,08,45,74,74,79.9200031757355,0,40.1266555786133,2021-08-01,38.608024597168,40.1266555786133,39.0303039550781
21220050,Pluviométrica,Convencional,Tolima,Ibagué,4.3534,-75.0531,680,1/15/1969,,Andes,Magdalena Cauca,Alto Magdalena,Río Coello,5.81818199157715,7.9236364364624,9,9,0.518115937709808,0.822463750839233,1,1,1.08000004291534,2021,08,46,62,62,66.9600026607514,0,33.5470008850098,2021-08-01,36.9738464355469,33.5470008850098,37.3782501220703
21220050,Pluviométrica,Convencional,Tolima,Ibagué,4.3534,-75.0531,680,1/15/1969,,Andes,Magdalena Cauca,Alto Magdalena,Río Coello,5.81818199157715,7.9236364364624,9,9,0.518115937709808,0.822463750839233,1,1,1.08000004291534,2021,08,47,72,72,77.7600030899048,0,26.5683479309082,2021-08-01,30.9553909301758,26.5683479309082,31.2939682006836
21220050,Pluviométrica,Convencional,Tolima,Ibagué,4.3534,-75.0531,680,1/15/1969,,Andes,Magdalena Cauca,Alto Magdalena,Río Coello,5.81818199157715,7.9236364364624,9,9,0.518115937709808,0.822463750839233,1,1,1.08000004291534,2021,08,48,22,22,23.7600009441376,0,39.5726051330566,2021-08-01,44.7724800109863,39.5726051330566,45.2621841430664
21220050,Pluviométrica,Convencional,Tolima,Ibagué,4.3534,-75.0531,680,1/15/1969,,Andes,Magdalena Cauca,Alto Magdalena,Río Coello,5.81818199157715,7.9236364364624,9,9,0.518115937709808,0.822463750839233,1,1,1.08000004291534,2021,09,49,0,0,0,0,14.2429790496826,2021-09-01,12.7777395248413,16.3614101409912,14.7515964508057
21220050,Pluviométrica,Convencional,Tolima,Ibagué,4.3534,-75.0531,680,1/15/1969,,Andes,Magdalena Cauca,Alto Magdalena,Río Coello,5.81818199157715,7.9236364364624,9,9,0.518115937709808,0.822463750839233,1,1,1.08000004291534,2021,09,50,21,21,22.6800009012222,0,15.9088573455811,2021-09-01,15.5661096572876,18.2750625610352,17.970703125
21220050,Pluviométrica,Convencional,Tolima,Ibagué,4.3534,-75.0531,680,1/15/1969,,Andes,Magdalena Cauca,Alto Magdalena,Río Coello,5.81818199157715,7.9236364364624,9,9,0.518115937709808,0.822463750839233,1,1,1.08000004291534,2021,09,51,0,0,0,0,11.6790399551392,2021-09-01,8.46820259094238,13.4161233901978,9.77633762359619
21220050,Pluviométrica,Convencional,Tolima,Ibagué,4.3534,-75.0531,680,1/15/1969,,Andes,Magdalena Cauca,Alto Magdalena,Río Coello,5.81818199157715,7.9236364364624,9,9,0.518115937709808,0.822463750839233,1,1,1.08000004291534,2021,09,52,0,0,0,0,3.93882083892822,2021-09-01,2.54084491729736,4.52466106414795,2.93334484100342
21220050,Pluviométrica,Convencional,Tolima,Ibagué,4.3534,-75.0531,680,1/15/1969,,Andes,Magdalena Cauca,Alto Magdalena,Río Coello,5.81818199157715,7.9236364364624,9,9,0.518115937709808,0.822463750839233,1,1,1.08000004291534,2021,09,53,34,34,36.7200014591217,0,40.854866027832,2021-09-01,46.2064971923828,46.9314155578613,53.3442993164063
21220050,Pluviométrica,Convencional,Tolima,Ibagué,4.3534,-75.0531,680,1/15/1969,,Andes,Magdalena Cauca,Alto Magdalena,Río Coello,5.81818199157715,7.9236364364624,9,9,0.518115937709808,0.822463750839233,1,1,1.08000004291534,2021,09,54,0,0,0,0,29.2916088104248,2021-09-01,34.0699310302734,33.6482963562012,39.3329238891602
21220050,Pluviométrica,Convencional,Tolima,Ibagué,4.3534,-75.0531,680,1/15/1969,,Andes,Magdalena Cauca,Alto Magdalena,Río Coello,5.81818199157715,7.9236364364624,9,9,0.518115937709808,0.822463750839233,1,1,1.07000005245209,2021,10,55,30,30,32.1000015735626,0,29.2776756286621,2021-10-01,24.7917041778564,33.6941871643066,37.9568862915039
21220050,Pluviométrica,Convencional,Tolima,Ibagué,4.3534,-75.0531,680,1/15/1969,,Andes,Magdalena Cauca,Alto Magdalena,Río Coello,5.81818199157715,7.9236364364624,9,9,0.518115937709808,0.822463750839233,1,1,1.07000005245209,2021,10,56,23,23,24.610001206398,0,26.3357582092285,2021-10-01,16.8872680664063,39.9824028015137,34.7575378417969
21220050,Pluviométrica,Convencional,Tolima,Ibagué,4.3534,-75.0531,680,1/15/1969,,Andes,Magdalena Cauca,Alto Magdalena,Río Coello,5.81818199157715,7.9236364364624,9,9,0.518115937709808,0.822463750839233,1,1,1.07000005245209,2021,10,57,18,18,19.2600009441376,0,26.5388679504395,2021-10-01,16.5354995727539,15.4526710510254,11.3301630020142
21220050,Pluviométrica,Convencional,Tolima,Ibagué,4.3534,-75.0531,680,1/15/1969,,Andes,Magdalena Cauca,Alto Magdalena,Río Coello,5.81818199157715,7.9236364364624,9,9,0.518115937709808,0.822463750839233,1,1,1.07000005245209,2021,10,58,35,35,37.4500018358231,0,25.2576065063477,2021-10-01,21.4338359832764,24.5390110015869,21.8232002258301
21220050,Pluviométrica,Convencional,Tolima,Ibagué,4.3534,-75.0531,680,1/15/1969,,Andes,Magdalena Cauca,Alto Magdalena,Río Coello,5.81818199157715,7.9236364364624,9,9,0.518115937709808,0.822463750839233,1,1,1.07000005245209,2021,10,59,18,18,19.2600009441376,0,32.7413291931152,2021-10-01,29.0171279907227,41.5367469787598,39.0360565185547
21220050,Pluviométrica,Convencional,Tolima,Ibagué,4.3534,-75.0531,680,1/15/1969,,Andes,Magdalena Cauca,Alto Magdalena,Río Coello,5.81818199157715,7.9236364364624,9,9,0.518115937709808,0.822463750839233,1,1,1.07000005245209,2021,10,60,27,27,28.8900014162064,0,49.0272750854492,2021-10-01,40.7517890930176,49.7915992736817,45.3837928771973
21220050,Pluviométrica,Convencional,Tolima,Ibagué,4.3534,-75.0531,680,1/15/1969,,Andes,Magdalena Cauca,Alto Magdalena,Río Coello,5.81818199157715,7.9236364364624,9,9,0.518115937709808,0.822463750839233,1,1,1.05999994277954,2021,11,61,0,0,0,0,14.4424438476563,2021-11-01,4.53463363647461,16.7679920196533,14.4085378646851
21220050,Pluviométrica,Convencional,Tolima,Ibagué,4.3534,-75.0531,680,1/15/1969,,Andes,Magdalena Cauca,Alto Magdalena,Río Coello,5.81818199157715,7.9236364364624,9,9,0.518115937709808,0.822463750839233,1,1,1.05999994277954,2021,11,62,38,38,40.2799978256226,0,20.4532928466797,2021-11-01,11.0087871551514,20.4594593048096,18.0388603210449
21220050,Pluviométrica,Convencional,Tolima,Ibagué,4.3534,-75.0531,680,1/15/1969,,Andes,Magdalena Cauca,Alto Magdalena,Río Coello,5.81818199157715,7.9236364364624,9,9,0.518115937709808,0.822463750839233,1,1,1.05999994277954,2021,11,63,30,30,31.7999982833862,0,33.2883605957031,2021-11-01,21.2531776428223,54.7059555053711,56.3057289123535
21220050,Pluviométrica,Convencional,Tolima,Ibagué,4.3534,-75.0531,680,1/15/1969,,Andes,Magdalena Cauca,Alto Magdalena,Río Coello,5.81818199157715,7.9236364364624,9,9,0.518115937709808,0.822463750839233,1,1,1.05999994277954,2021,11,64,0,0,0,0,10.3847255706787,2021-11-01,0,11.3091144561768,0
21220050,Pluviométrica,Convencional,Tolima,Ibagué,4.3534,-75.0531,680,1/15/1969,,Andes,Magdalena Cauca,Alto Magdalena,Río Coello,5.81818199157715,7.9236364364624,9,9,0.518115937709808,0.822463750839233,1,1,1.05999994277954,2021,11,65,23,23,24.3799986839294,0,59.0569839477539,2021-11-01,42.2501029968262,45.7463607788086,44.134952545166
21220050,Pluviométrica,Convencional,Tolima,Ibagué,4.3534,-75.0531,680,1/15/1969,,Andes,Magdalena Cauca,Alto Magdalena,Río Coello,5.81818199157715,7.9236364364624,9,9,0.518115937709808,0.822463750839233,1,1,1.05999994277954,2021,11,66,0,0,0,0,21.8810939788818,2021-11-01,10.3848686218262,34.0388450622559,22.8203468322754
21220050,Pluviométrica,Convencional,Tolima,Ibagué,4.3534,-75.0531,680,1/15/1969,,Andes,Magdalena Cauca,Alto Magdalena,Río Coello,5.81818199157715,7.9236364364624,9,9,0.518115937709808,0.822463750839233,1,1,1.08000004291534,2021,12,67,0,0,0,0,10.2793684005737,2021-12-01,0.978903591632843,4.46705627441406,0.906626641750336
21220050,Pluviométrica,Convencional,Tolima,Ibagué,4.3534,-75.0531,680,1/15/1969,,Andes,Magdalena Cauca,Alto Magdalena,Río Coello,5.81818199157715,7.9236364364624,9,9,0.518115937709808,0.822463750839233,1,1,1.08000004291534,2021,12,68,0,0,0,0,12.2369604110718,2021-12-01,6.56564664840698,5.85635614395142,3.57430911064148
21220050,Pluviométrica,Convencional,Tolima,Ibagué,4.3534,-75.0531,680,1/15/1969,,Andes,Magdalena Cauca,Alto Magdalena,Río Coello,5.81818199157715,7.9236364364624,9,9,0.518115937709808,0.822463750839233,1,1,1.08000004291534,2021,12,69,0,0,0,0,18.5557594299316,2021-12-01,18.1822719573975,22.0754909515381,13.8225250244141
21220050,Pluviométrica,Convencional,Tolima,Ibagué,4.3534,-75.0531,680,1/15/1969,,Andes,Magdalena Cauca,Alto Magdalena,Río Coello,5.81818199157715,7.9236364364624,9,9,0.518115937709808,0.822463750839233,1,1,1.08000004291534,2021,12,70,0,0,0,0,10.7725744247437,2021-12-01,4.49168395996094,8.78297805786133,16.9264984130859
21220050,Pluviométrica,Convencional,Tolima,Ibagué,4.3534,-75.0531,680,1/15/1969,,Andes,Magdalena Cauca,Alto Magdalena,Río Coello,5.81818199157715,7.9236364364624,9,9,0.518115937709808,0.822463750839233,1,1,1.08000004291534,2021,12,71,26,26,28.080001115799,0,8.53024196624756,2021-12-01,0.937147617340088,3.62950944900513,1.22908568382263
21220050,Pluviométrica,Convencional,Tolima,Ibagué,4.3534,-75.0531,680,1/15/1969,,Andes,Magdalena Cauca,Alto Magdalena,Río Coello,5.81818199157715,7.9236364364624,9,9,0.518115937709808,0.822463750839233,1,1,1.08000004291534,2021,12,72,0,0,0,0,57.4203643798828,2021-12-01,59.7958984375,47.7334671020508,55.9598274230957
21220050,Pluviométrica,Convencional,Tolima,Ibagué,4.3534,-75.0531,680,1/15/1969,,Andes,Magdalena Cauca,Alto Magdalena,Río Coello,5.81818199157715,7.9236364364624,9,9,0.518115937709808,0.822463750839233,1,1,1.08000004291534,2022,01,1,0,0,0,0,5.81927299499512,2022-01-01,1.55356311798096,11.9124221801758,6.45270872116089
21220050,Pluviométrica,Convencional,Tolima,Ibagué,4.3534,-75.0531,680,1/15/1969,,Andes,Magdalena Cauca,Alto Magdalena,Río Coello,5.81818199157715,7.9236364364624,9,9,0.518115937709808,0.822463750839233,1,1,1.08000004291534,2022,01,2,0,0,0,0,5.87962532043457,2022-01-01,1.00298309326172,5.12645483016968,1.62886345386505
21220050,Pluviométrica,Convencional,Tolima,Ibagué,4.3534,-75.0531,680,1/15/1969,,Andes,Magdalena Cauca,Alto Magdalena,Río Coello,5.81818199157715,7.9236364364624,9,9,0.518115937709808,0.822463750839233,1,1,1.08000004291534,2022,01,3,0,0,0,0,11.9942283630371,2022-01-01,7.59001684188843,11.7999382019043,12.1268243789673
21220050,Pluviométrica,Convencional,Tolima,Ibagué,4.3534,-75.0531,680,1/15/1969,,Andes,Magdalena Cauca,Alto Magdalena,Río Coello,5.81818199157715,7.9236364364624,9,9,0.518115937709808,0.822463750839233,1,1,1.08000004291534,2022,01,4,0,0,0,0,5.61490821838379,2022-01-01,0,3.00835824012756,0
21220050,Pluviométrica,Convencional,Tolima,Ibagué,4.3534,-75.0531,680,1/15/1969,,Andes,Magdalena Cauca,Alto Magdalena,Río Coello,5.81818199157715,7.9236364364624,9,9,0.518115937709808,0.822463750839233,1,1,1.08000004291534,2022,01,5,45,45,48.6000019311905,0,22.7181034088135,2022-01-01,25.2696495056152,17.6702270507813,17.0240592956543
21220050,Pluviométrica,Convencional,Tolima,Ibagué,4.3534,-75.0531,680,1/15/1969,,Andes,Magdalena Cauca,Alto Magdalena,Río Coello,5.81818199157715,7.9236364364624,9,9,0.518115937709808,0.822463750839233,1,1,1.08000004291534,2022,01,6,0,0,0,0,18.9593048095703,2022-01-01,12.8402729034424,12.2258367538452,10.8607816696167
21220050,Pluviométrica,Convencional,Tolima,Ibagué,4.3534,-75.0531,680,1/15/1969,,Andes,Magdalena Cauca,Alto Magdalena,Río Coello,5.81818199157715,7.9236364364624,9,9,0.518115937709808,0.822463750839233,1,1,1.08000004291534,2022,02,7,0,0,0,0,8.83948707580566,2022-02-01,0,5.92265462875366,0
21220050,Pluviométrica,Convencional,Tolima,Ibagué,4.3534,-75.0531,680,1/15/1969,,Andes,Magdalena Cauca,Alto Magdalena,Río Coello,5.81818199157715,7.9236364364624,9,9,0.518115937709808,0.822463750839233,1,1,1.08000004291534,2022,02,8,35,35,37.8000015020371,0,40.2063064575195,2022-02-01,59.5700569152832,36.5591201782227,40.6148490905762
21220050,Pluviométrica,Convencional,Tolima,Ibagué,4.3534,-75.0531,680,1/15/1969,,Andes,Magdalena Cauca,Alto Magdalena,Río Coello,5.81818199157715,7.9236364364624,9,9,0.518115937709808,0.822463750839233,1,1,1.08000004291534,2022,02,9,1,1,1.08000004291534,0,31.3908424377441,2022-02-01,39.0459518432617,30.2661647796631,31.0341053009033
21220050,Pluviométrica,Convencional,Tolima,Ibagué,4.3534,-75.0531,680,1/15/1969,,Andes,Magdalena Cauca,Alto Magdalena,Río Coello,5.81818199157715,7.9236364364624,9,9,0.518115937709808,0.822463750839233,1,1,1.08000004291534,2022,02,10,22,22,23.7600009441376,0,26.3191051483154,2022-02-01,25.0460739135742,20.8563899993896,19.6158638000488
21220050,Pluviométrica,Convencional,Tolima,Ibagué,4.3534,-75.0531,680,1/15/1969,,Andes,Magdalena Cauca,Alto Magdalena,Río Coello,5.81818199157715,7.9236364364624,9,9,0.518115937709808,0.822463750839233,1,1,1.08000004291534,2022,02,11,19,19,20.5200008153915,0,20.8892860412598,2022-02-01,16.0775680541992,35.1430168151856,31.4831409454346
21220050,Pluviométrica,Convencional,Tolima,Ibagué,4.3534,-75.0531,680,1/15/1969,,Andes,Magdalena Cauca,Alto Magdalena,Río Coello,5.81818199157715,7.9236364364624,9,9,0.518115937709808,0.822463750839233,1,1,1.08000004291534,2022,02,12,25,25,27.0000010728836,0,10.547492980957,2022-02-01,17.0638275146484,25.3462562561035,36.515754699707
21220050,Pluviométrica,Convencional,Tolima,Ibagué,4.3534,-75.0531,680,1/15/1969,,Andes,Magdalena Cauca,Alto Magdalena,Río Coello,5.81818199157715,7.9236364364624,9,9,0.518115937709808,0.822463750839233,1,1,1.07000005245209,2022,03,13,63,63,67.4100033044815,0,15.8638286590576,2022-03-01,9.10697555541992,24.7083911895752,13.6637010574341
21220050,Pluviométrica,Convencional,Tolima,Ibagué,4.3534,-75.0531,680,1/15/1969,,Andes,Magdalena Cauca,Alto Magdalena,Río Coello,5.81818199157715,7.9236364364624,9,9,0.518115937709808,0.822463750839233,1,1,1.07000005245209,2022,03,14,18,18,19.2600009441376,0,10.6052856445313,2022-03-01,2.68405961990356,13.7538776397705,4.37838125228882
21220050,Pluviométrica,Convencional,Tolima,Ibagué,4.3534,-75.0531,680,1/15/1969,,Andes,Magdalena Cauca,Alto Magdalena,Río Coello,5.81818199157715,7.9236364364624,9,9,0.518115937709808,0.822463750839233,1,1,1.07000005245209,2022,03,15,58,58,62.0600030422211,0,10.5608320236206,2022-03-01,0.960315406322479,5.18419551849365,0.947158575057983
21220050,Pluviométrica,Convencional,Tolima,Ibagué,4.3534,-75.0531,680,1/15/1969,,Andes,Magdalena Cauca,Alto Magdalena,Río Coello,5.81818199157715,7.9236364364624,9,9,0.518115937709808,0.822463750839233,1,1,1.07000005245209,2022,03,16,18,18,19.2600009441376,0,24.638427734375,2022-03-01,16.9662704467773,57.9005737304688,44.1341361999512
21220050,Pluviométrica,Convencional,Tolima,Ibagué,4.3534,-75.0531,680,1/15/1969,,Andes,Magdalena Cauca,Alto Magdalena,Río Coello,5.81818199157715,7.9236364364624,9,9,0.518115937709808,0.822463750839233,1,1,1.07000005245209,2022,03,17,50,50,53.5000026226044,0,22.0579853057861,2022-03-01,20.802677154541,33.930534362793,29.500955581665
21220050,Pluviométrica,Convencional,Tolima,Ibagué,4.3534,-75.0531,680,1/15/1969,,Andes,Magdalena Cauca,Alto Magdalena,Río Coello,5.81818199157715,7.9236364364624,9,9,0.518115937709808,0.822463750839233,1,1,1.07000005245209,2022,03,18,10,10,10.7000005245209,0,19.9373664855957,2022-03-01,10.3962354660034,33.0144577026367,14.604193687439
21220050,Pluviométrica,Convencional,Tolima,Ibagué,4.3534,-75.0531,680,1/15/1969,,Andes,Magdalena Cauca,Alto Magdalena,Río Coello,5.81818199157715,7.9236364364624,9,9,0.518115937709808,0.822463750839233,1,1,1.05999994277954,2022,04,19,25,25,26.4999985694885,0,29.8856544494629,2022-04-01,29.3903942108154,36.8682250976563,36.7645416259766
21220050,Pluviométrica,Convencional,Tolima,Ibagué,4.3534,-75.0531,680,1/15/1969,,Andes,Magdalena Cauca,Alto Magdalena,Río Coello,5.81818199157715,7.9236364364624,9,9,0.518115937709808,0.822463750839233,1,1,1.05999994277954,2022,04,20,41,41,43.4599976539612,0,44.010684967041,2022-04-01,45.5007514953613,62.4773864746094,59.4426879882813
21220050,Pluviométrica,Convencional,Tolima,Ibagué,4.3534,-75.0531,680,1/15/1969,,Andes,Magdalena Cauca,Alto Magdalena,Río Coello,5.81818199157715,7.9236364364624,9,9,0.518115937709808,0.822463750839233,1,1,1.05999994277954,2022,04,21,42,42,44.5199975967407,0,28.0920791625977,2022-04-01,36.844181060791,14.0968599319458,18.223575592041
21220050,Pluviométrica,Convencional,Tolima,Ibagué,4.3534,-75.0531,680,1/15/1969,,Andes,Magdalena Cauca,Alto Magdalena,Río Coello,5.81818199157715,7.9236364364624,9,9,0.518115937709808,0.822463750839233,1,1,1.05999994277954,2022,04,22,58,58,61.4799966812134,0,58.5812072753906,2022-04-01,68.0025787353516,72.0304107666016,76.2211990356445
21220050,Pluviométrica,Convencional,Tolima,Ibagué,4.3534,-75.0531,680,1/15/1969,,Andes,Magdalena Cauca,Alto Magdalena,Río Coello,5.81818199157715,7.9236364364624,9,9,0.518115937709808,0.822463750839233,1,1,1.05999994277954,2022,04,23,47,47,49.8199973106384,0,40.0201797485352,2022-04-01,43.2622566223145,50.0278739929199,55.889045715332
21220050,Pluviométrica,Convencional,Tolima,Ibagué,4.3534,-75.0531,680,1/15/1969,,Andes,Magdalena Cauca,Alto Magdalena,Río Coello,5.81818199157715,7.9236364364624,9,9,0.518115937709808,0.822463750839233,1,1,1.05999994277954,2022,04,24,8,8,8.47999954223633,0,40.4627838134766,2022-04-01,34.8408088684082,32.2292251586914,30.4290161132813
21220050,Pluviométrica,Convencional,Tolima,Ibagué,4.3534,-75.0531,680,1/15/1969,,Andes,Magdalena Cauca,Alto Magdalena,Río Coello,5.81818199157715,7.9236364364624,9,9,0.518115937709808,0.822463750839233,1,1,1.05999994277954,2022,05,25,17,17,18.0199990272522,0,32.1645736694336,2022-05-01,35.865650177002,26.8202362060547,25.8750762939453
21220050,Pluviométrica,Convencional,Tolima,Ibagué,4.3534,-75.0531,680,1/15/1969,,Andes,Magdalena Cauca,Alto Magdalena,Río Coello,5.81818199157715,7.9236364364624,9,9,0.518115937709808,0.822463750839233,1,1,1.05999994277954,2022,05,26,43,43,45.5799975395203,0,15.4347105026245,2022-05-01,15.6786460876465,23.0165977478027,21.9239959716797
21220050,Pluviométrica,Convencional,Tolima,Ibagué,4.3534,-75.0531,680,1/15/1969,,Andes,Magdalena Cauca,Alto Magdalena,Río Coello,5.81818199157715,7.9236364364624,9,9,0.518115937709808,0.822463750839233,1,1,1.05999994277954,2022,05,27,43,43,45.5799975395203,0,63.008903503418,2022-05-01,65.8467788696289,101.306457519531,100.452072143555
21220050,Pluviométrica,Convencional,Tolima,Ibagué,4.3534,-75.0531,680,1/15/1969,,Andes,Magdalena Cauca,Alto Magdalena,Río Coello,5.81818199157715,7.9236364364624,9,9,0.518115937709808,0.822463750839233,1,1,1.05999994277954,2022,05,28,42,42,44.5199975967407,0,80.8965682983398,2022-05-01,83.9546585083008,133.266250610352,126.859672546387
21220050,Pluviométrica,Convencional,Tolima,Ibagué,4.3534,-75.0531,680,1/15/1969,,Andes,Magdalena Cauca,Alto Magdalena,Río Coello,5.81818199157715,7.9236364364624,9,9,0.518115937709808,0.822463750839233,1,1,1.05999994277954,2022,05,29,0,0,0,0,15.3043785095215,2022-05-01,13.1305484771729,15.0182304382324,12.0341548919678
21220050,Pluviométrica,Convencional,Tolima,Ibagué,4.3534,-75.0531,680,1/15/1969,,Andes,Magdalena Cauca,Alto Magdalena,Río Coello,5.81818199157715,7.9236364364624,9,9,0.518115937709808,0.822463750839233,1,1,1.05999994277954,2022,05,30,27,27,28.6199984550476,0,40.1974716186523,2022-05-01,33.1409225463867,13.9393377304077,11.4520492553711
21220050,Pluviométrica,Convencional,Tolima,Ibagué,4.3534,-75.0531,680,1/15/1969,,Andes,Magdalena Cauca,Alto Magdalena,Río Coello,5.81818199157715,7.9236364364624,9,9,0.518115937709808,0.822463750839233,1,1,1.08000004291534,2022,06,31,15,15,16.2000006437302,0,34.9985160827637,2022-06-01,42.4138145446777,48.9759368896484,50.6062088012695
21220050,Pluviométrica,Convencional,Tolima,Ibagué,4.3534,-75.0531,680,1/15/1969,,Andes,Magdalena Cauca,Alto Magdalena,Río Coello,5.81818199157715,7.9236364364624,9,9,0.518115937709808,0.822463750839233,1,1,1.08000004291534,2022,06,32,21,21,22.6800009012222,0,25.0252571105957,2022-06-01,27.4682502746582,42.4722061157227,45.2987670898438
21220050,Pluviométrica,Convencional,Tolima,Ibagué,4.3534,-75.0531,680,1/15/1969,,Andes,Magdalena Cauca,Alto Magdalena,Río Coello,5.81818199157715,7.9236364364624,9,9,0.518115937709808,0.822463750839233,1,1,1.08000004291534,2022,06,33,23,23,24.8400009870529,0,28.9910068511963,2022-06-01,32.9444389343262,15.9340906143188,18.387565612793
21220050,Pluviométrica,Convencional,Tolima,Ibagué,4.3534,-75.0531,680,1/15/1969,,Andes,Magdalena Cauca,Alto Magdalena,Río Coello,5.81818199157715,7.9236364364624,9,9,0.518115937709808,0.822463750839233,1,1,1.08000004291534,2022,06,34,29,29,31.320001244545,0,36.0440330505371,2022-06-01,38.1430206298828,42.2900314331055,42.2196006774902
21220050,Pluviométrica,Convencional,Tolima,Ibagué,4.3534,-75.0531,680,1/15/1969,,Andes,Magdalena Cauca,Alto Magdalena,Río Coello,5.81818199157715,7.9236364364624,9,9,0.518115937709808,0.822463750839233,1,1,1.08000004291534,2022,06,35,45,45,48.6000019311905,0,17.2233791351318,2022-06-01,15.3069190979004,28.3721103668213,29.0075206756592
21220050,Pluviométrica,Convencional,Tolima,Ibagué,4.3534,-75.0531,680,1/15/1969,,Andes,Magdalena Cauca,Alto Magdalena,Río Coello,5.81818199157715,7.9236364364624,9,9,0.518115937709808,0.822463750839233,1,1,1.08000004291534,2022,06,36,0,0,0,0,12.323522567749,2022-06-01,10.4704570770264,19.7318344116211,21.1045913696289
21220050,Pluviométrica,Convencional,Tolima,Ibagué,4.3534,-75.0531,680,1/15/1969,,Andes,Magdalena Cauca,Alto Magdalena,Río Coello,5.81818199157715,7.9236364364624,9,9,0.518115937709808,0.822463750839233,1,1,1.0900000333786,2022,07,37,15,15,16.350000500679,0,4.45937299728394,2022-07-01,1.9336165189743,4.67511701583862,2.0225715637207
21220050,Pluviométrica,Convencional,Tolima,Ibagué,4.3534,-75.0531,680,1/15/1969,,Andes,Magdalena Cauca,Alto Magdalena,Río Coello,5.81818199157715,7.9236364364624,9,9,0.518115937709808,0.822463750839233,1,1,1.0900000333786,2022,07,38,19,19,20.7100006341934,0,3.63108396530151,2022-07-01,0.90742152929306,3.15152621269226,0.84235543012619
21220050,Pluviométrica,Convencional,Tolima,Ibagué,4.3534,-75.0531,680,1/15/1969,,Andes,Magdalena Cauca,Alto Magdalena,Río Coello,5.81818199157715,7.9236364364624,9,9,0.518115937709808,0.822463750839233,1,1,1.0900000333786,2022,07,39,28,28,30.5200009346008,0,9.63590431213379,2022-07-01,11.7007570266724,19.7449131011963,22.5663528442383
21220050,Pluviométrica,Convencional,Tolima,Ibagué,4.3534,-75.0531,680,1/15/1969,,Andes,Magdalena Cauca,Alto Magdalena,Río Coello,5.81818199157715,7.9236364364624,9,9,0.518115937709808,0.822463750839233,1,1,1.0900000333786,2022,07,40,10,10,10.900000333786,1,10.2520904541016,2022-07-01,7.78908681869507,9.67982864379883,6.67261695861816
21220050,Pluviométrica,Convencional,Tolima,Ibagué,4.3534,-75.0531,680,1/15/1969,,Andes,Magdalena Cauca,Alto Magdalena,Río Coello,5.81818199157715,7.9236364364624,9,9,0.518115937709808,0.822463750839233,1,1,1.0900000333786,2022,07,41,0,0,0,1,20.9923610687256,2022-07-01,32.9266128540039,26.7398815155029,38.1244201660156
21220050,Pluviométrica,Convencional,Tolima,Ibagué,4.3534,-75.0531,680,1/15/1969,,Andes,Magdalena Cauca,Alto Magdalena,Río Coello,5.81818199157715,7.9236364364624,9,9,0.518115937709808,0.822463750839233,1,1,1.0900000333786,2022,07,42,35,35,38.150001168251,0,32.5547180175781,2022-07-01,33.3195190429688,47.7426490783692,37.3619918823242
21220050,Pluviométrica,Convencional,Tolima,Ibagué,4.3534,-75.0531,680,1/15/1969,,Andes,Magdalena Cauca,Alto Magdalena,Río Coello,5.81818199157715,7.9236364364624,9,9,0.518115937709808,0.822463750839233,1,1,1.08000004291534,2022,08,43,0,0,0,0,40.3549118041992,2022-08-01,49.1101913452149,71.805549621582,76.4927749633789
21220050,Pluviométrica,Convencional,Tolima,Ibagué,4.3534,-75.0531,680,1/15/1969,,Andes,Magdalena Cauca,Alto Magdalena,Río Coello,5.81818199157715,7.9236364364624,9,9,0.518115937709808,0.822463750839233,1,1,1.08000004291534,2022,08,44,0,0,0,0,17.6141529083252,2022-08-01,15.5124034881592,6.09018516540527,5.47106218338013
21220050,Pluviométrica,Convencional,Tolima,Ibagué,4.3534,-75.0531,680,1/15/1969,,Andes,Magdalena Cauca,Alto Magdalena,Río Coello,5.81818199157715,7.9236364364624,9,9,0.518115937709808,0.822463750839233,1,1,1.08000004291534,2022,08,45,21,21,22.6800009012222,0,12.4010076522827,2022-08-01,9.25278472900391,33.2302436828613,24.641471862793
21220050,Pluviométrica,Convencional,Tolima,Ibagué,4.3534,-75.0531,680,1/15/1969,,Andes,Magdalena Cauca,Alto Magdalena,Río Coello,5.81818199157715,7.9236364364624,9,9,0.518115937709808,0.822463750839233,1,1,1.08000004291534,2022,08,46,38,38,41.0400016307831,0,17.3709468841553,2022-08-01,17.4662170410156,8.27219581604004,8.58170032501221
21220050,Pluviométrica,Convencional,Tolima,Ibagué,4.3534,-75.0531,680,1/15/1969,,Andes,Magdalena Cauca,Alto Magdalena,Río Coello,5.81818199157715,7.9236364364624,9,9,0.518115937709808,0.822463750839233,1,1,1.08000004291534,2022,08,47,0,0,0,0,8.97463703155518,2022-08-01,8.32327938079834,3.73459267616272,4.49786376953125
21220050,Pluviométrica,Convencional,Tolima,Ibagué,4.3534,-75.0531,680,1/15/1969,,Andes,Magdalena Cauca,Alto Magdalena,Río Coello,5.81818199157715,7.9236364364624,9,9,0.518115937709808,0.822463750839233,1,1,1.08000004291534,2022,08,48,0,0,0,0,3.07013773918152,2022-08-01,0.201918870210648,1.76654732227325,0.200484529137611
21220050,Pluviométrica,Convencional,Tolima,Ibagué,4.3534,-75.0531,680,1/15/1969,,Andes,Magdalena Cauca,Alto Magdalena,Río Coello,5.81818199157715,7.9236364364624,9,9,0.518115937709808,0.822463750839233,1,1,1.08000004291534,2022,09,49,26,26,28.080001115799,0,12.9308166503906,2022-09-01,12.7777395248413,8.11467933654785,8.07702159881592
21220050,Pluviométrica,Convencional,Tolima,Ibagué,4.3534,-75.0531,680,1/15/1969,,Andes,Magdalena Cauca,Alto Magdalena,Río Coello,5.81818199157715,7.9236364364624,9,9,0.518115937709808,0.822463750839233,1,1,1.08000004291534,2022,09,50,9,9,9.7200003862381,0,14.4432220458984,2022-09-01,13.7690801620483,6.39006233215332,6.86923694610596
21220050,Pluviométrica,Convencional,Tolima,Ibagué,4.3534,-75.0531,680,1/15/1969,,Andes,Magdalena Cauca,Alto Magdalena,Río Coello,5.81818199157715,7.9236364364624,9,9,0.518115937709808,0.822463750839233,1,1,1.08000004291534,2022,09,51,0,0,0,0,28.0350322723389,2022-09-01,32.1597785949707,37.2461891174316,39.2392425537109
21220050,Pluviométrica,Convencional,Tolima,Ibagué,4.3534,-75.0531,680,1/15/1969,,Andes,Magdalena Cauca,Alto Magdalena,Río Coello,5.81818199157715,7.9236364364624,9,9,0.518115937709808,0.822463750839233,1,1,1.08000004291534,2022,09,52,0,0,0,0,32.9151115417481,2022-09-01,38.2173538208008,35.7363929748535,37.7596244812012
21220050,Pluviométrica,Convencional,Tolima,Ibagué,4.3534,-75.0531,680,1/15/1969,,Andes,Magdalena Cauca,Alto Magdalena,Río Coello,5.81818199157715,7.9236364364624,9,9,0.518115937709808,0.822463750839233,1,1,1.08000004291534,2022,09,53,12,12,12.9600005149841,0,32.1503257751465,2022-09-01,36.5726852416992,35.6338996887207,38.0407485961914
21220050,Pluviométrica,Convencional,Tolima,Ibagué,4.3534,-75.0531,680,1/15/1969,,Andes,Magdalena Cauca,Alto Magdalena,Río Coello,5.81818199157715,7.9236364364624,9,9,0.518115937709808,0.822463750839233,1,1,1.08000004291534,2022,09,54,43,43,46.4400018453598,0,4.54270124435425,2022-09-01,0,8.59589672088623,0
21220050,Pluviométrica,Convencional,Tolima,Ibagué,4.3534,-75.0531,680,1/15/1969,,Andes,Magdalena Cauca,Alto Magdalena,Río Coello,5.81818199157715,7.9236364364624,9,9,0.518115937709808,0.822463750839233,1,1,1.07000005245209,2022,10,55,10,10,10.7000005245209,0,46.6601676940918,2022-10-01,44.251220703125,35.9581146240234,36.8626937866211
21220050,Pluviométrica,Convencional,Tolima,Ibagué,4.3534,-75.0531,680,1/15/1969,,Andes,Magdalena Cauca,Alto Magdalena,Río Coello,5.81818199157715,7.9236364364624,9,9,0.518115937709808,0.822463750839233,1,1,1.07000005245209,2022,10,56,44,44,47.0800023078918,0,25.2037582397461,2022-10-01,19.7594604492188,28.8222579956055,28.8532638549805
21220050,Pluviométrica,Convencional,Tolima,Ibagué,4.3534,-75.0531,680,1/15/1969,,Andes,Magdalena Cauca,Alto Magdalena,Río Coello,5.81818199157715,7.9236364364624,9,9,0.518115937709808,0.822463750839233,1,1,1.07000005245209,2022,10,57,11,11,11.770000576973,0,25.4451465606689,2022-10-01,19.3554668426514,33.3541603088379,31.2748432159424
21220050,Pluviométrica,Convencional,Tolima,Ibagué,4.3534,-75.0531,680,1/15/1969,,Andes,Magdalena Cauca,Alto Magdalena,Río Coello,5.81818199157715,7.9236364364624,9,9,0.518115937709808,0.822463750839233,1,1,1.07000005245209,2022,10,58,56,56,59.9200029373169,0,46.075927734375,2022-10-01,50.2001800537109,90.4641723632812,95.7997817993164
21220050,Pluviométrica,Convencional,Tolima,Ibagué,4.3534,-75.0531,680,1/15/1969,,Andes,Magdalena Cauca,Alto Magdalena,Río Coello,5.81818199157715,7.9236364364624,9,9,0.518115937709808,0.822463750839233,1,1,1.07000005245209,2022,10,59,18,18,19.2600009441376,0,38.829948425293,2022-10-01,38.6353530883789,49.5935935974121,53.5488624572754
21220050,Pluviométrica,Convencional,Tolima,Ibagué,4.3534,-75.0531,680,1/15/1969,,Andes,Magdalena Cauca,Alto Magdalena,Río Coello,5.81818199157715,7.9236364364624,9,9,0.518115937709808,0.822463750839233,1,1,1.07000005245209,2022,10,60,15,15,16.0500007867813,0,24.4205589294434,2022-10-01,13.6074457168579,71.5293121337891,57.846004486084
21220050,Pluviométrica,Convencional,Tolima,Ibagué,4.3534,-75.0531,680,1/15/1969,,Andes,Magdalena Cauca,Alto Magdalena,Río Coello,5.81818199157715,7.9236364364624,9,9,0.518115937709808,0.822463750839233,1,1,1.05999994277954,2022,11,61,0,0,0,0,40.8002548217773,2022-11-01,34.2339172363281,16.6550273895264,17.7460060119629
21220050,Pluviométrica,Convencional,Tolima,Ibagué,4.3534,-75.0531,680,1/15/1969,,Andes,Magdalena Cauca,Alto Magdalena,Río Coello,5.81818199157715,7.9236364364624,9,9,0.518115937709808,0.822463750839233,1,1,1.05999994277954,2022,11,62,0,0,0,0,34.8446578979492,2022-11-01,25.2938423156738,29.8231239318848,29.3725471496582
21220050,Pluviométrica,Convencional,Tolima,Ibagué,4.3534,-75.0531,680,1/15/1969,,Andes,Magdalena Cauca,Alto Magdalena,Río Coello,5.81818199157715,7.9236364364624,9,9,0.518115937709808,0.822463750839233,1,1,1.05999994277954,2022,11,63,0,0,0,0,9.91052436828613,2022-11-01,0,12.971866607666,0
21220050,Pluviométrica,Convencional,Tolima,Ibagué,4.3534,-75.0531,680,1/15/1969,,Andes,Magdalena Cauca,Alto Magdalena,Río Coello,5.81818199157715,7.9236364364624,9,9,0.518115937709808,0.822463750839233,1,1,1.05999994277954,2022,11,64,10,10,10.5999994277954,0,46.4847183227539,2022-11-01,38.3361434936523,49.9575347900391,56.3598327636719
21220050,Pluviométrica,Convencional,Tolima,Ibagué,4.3534,-75.0531,680,1/15/1969,,Andes,Magdalena Cauca,Alto Magdalena,Río Coello,5.81818199157715,7.9236364364624,9,9,0.518115937709808,0.822463750839233,1,1,1.05999994277954,2022,11,65,8,8,8.47999954223633,2,11.0483474731445,2022-11-01,0,17.3428192138672,0
21220050,Pluviométrica,Convencional,Tolima,Ibagué,4.3534,-75.0531,680,1/15/1969,,Andes,Magdalena Cauca,Alto Magdalena,Río Coello,5.81818199157715,7.9236364364624,9,9,0.518115937709808,0.822463750839233,1,1,1.05999994277954,2022,11,66,15,15,15.8999991416931,0,34.1473236083984,2022-11-01,23.9451961517334,33.9919319152832,32.3321723937988
21220050,Pluviométrica,Convencional,Tolima,Ibagué,4.3534,-75.0531,680,1/15/1969,,Andes,Magdalena Cauca,Alto Magdalena,Río Coello,5.81818199157715,7.9236364364624,9,9,0.518115937709808,0.822463750839233,1,1,1.08000004291534,2022,12,67,0,0,0,0,10.2793684005737,2022-12-01,0.978903591632843,10.2223434448242,2.66908192634583
21220050,Pluviométrica,Convencional,Tolima,Ibagué,4.3534,-75.0531,680,1/15/1969,,Andes,Magdalena Cauca,Alto Magdalena,Río Coello,5.81818199157715,7.9236364364624,9,9,0.518115937709808,0.822463750839233,1,1,1.08000004291534,2022,12,68,24,24,25.9200010299683,0,8.48882102966309,2022-12-01,0.285358220338821,14.867015838623,1.24416434764862
21220050,Pluviométrica,Convencional,Tolima,Ibagué,4.3534,-75.0531,680,1/15/1969,,Andes,Magdalena Cauca,Alto Magdalena,Río Coello,5.81818199157715,7.9236364364624,9,9,0.518115937709808,0.822463750839233,1,1,1.08000004291534,2022,12,69,16,16,17.2800006866455,1,13.2690267562866,2022-12-01,7.23252248764038,16.3275547027588,18.4871921539307
21220050,Pluviométrica,Convencional,Tolima,Ibagué,4.3534,-75.0531,680,1/15/1969,,Andes,Magdalena Cauca,Alto Magdalena,Río Coello,5.81818199157715,7.9236364364624,9,9,0.518115937709808,0.822463750839233,1,1,1.08000004291534,2022,12,70,28,28,30.2400012016296,1,10.7725744247437,2022-12-01,4.49168395996094,8.92024326324463,7.96892929077148
21220050,Pluviométrica,Convencional,Tolima,Ibagué,4.3534,-75.0531,680,1/15/1969,,Andes,Magdalena Cauca,Alto Magdalena,Río Coello,5.81818199157715,7.9236364364624,9,9,0.518115937709808,0.822463750839233,1,1,1.08000004291534,2022,12,71,31,31,33.4800013303757,1,19.8295269012451,2022-12-01,16.7541961669922,19.2191638946533,19.8309841156006
21220050,Pluviométrica,Convencional,Tolima,Ibagué,4.3534,-75.0531,680,1/15/1969,,Andes,Magdalena Cauca,Alto Magdalena,Río Coello,5.81818199157715,7.9236364364624,9,9,0.518115937709808,0.822463750839233,1,1,1.08000004291534,2022,12,72,0,0,0,0,12.5435495376587,2022-12-01,0.572259545326233,4.13659858703613,0.335752874612808
21220050,Pluviométrica,Convencional,Tolima,Ibagué,4.3534,-75.0531,680,1/15/1969,,Andes,Magdalena Cauca,Alto Magdalena,Río Coello,5.81818199157715,7.9236364364624,9,9,0.518115937709808,0.822463750839233,1,1,1.08000004291534,2023,01,1,0,0,0,0,5.81927299499512,2023-01-01,1.55356311798096,8.53779888153076,4.00586986541748
21220050,Pluviométrica,Convencional,Tolima,Ibagué,4.3534,-75.0531,680,1/15/1969,,Andes,Magdalena Cauca,Alto Magdalena,Río Coello,5.81818199157715,7.9236364364624,9,9,0.518115937709808,0.822463750839233,1,1,1.08000004291534,2023,01,2,23,23,24.8400009870529,1,14.6101274490356,2023-01-01,11.7448205947876,33.7367210388184,25.1576442718506
21220050,Pluviométrica,Convencional,Tolima,Ibagué,4.3534,-75.0531,680,1/15/1969,,Andes,Magdalena Cauca,Alto Magdalena,Río Coello,5.81818199157715,7.9236364364624,9,9,0.518115937709808,0.822463750839233,1,1,1.08000004291534,2023,01,3,19,19,20.5200008153915,1,37.9231491088867,2023-01-01,44.7214279174805,65.8499908447266,67.4565582275391
21220050,Pluviométrica,Convencional,Tolima,Ibagué,4.3534,-75.0531,680,1/15/1969,,Andes,Magdalena Cauca,Alto Magdalena,Río Coello,5.81818199157715,7.9236364364624,9,9,0.518115937709808,0.822463750839233,1,1,1.08000004291534,2023,01,4,0,0,0,0,41.4047241210938,2023-01-01,64.6166076660156,45.9921569824219,48.9986953735352
21220050,Pluviométrica,Convencional,Tolima,Ibagué,4.3534,-75.0531,680,1/15/1969,,Andes,Magdalena Cauca,Alto Magdalena,Río Coello,5.81818199157715,7.9236364364624,9,9,0.518115937709808,0.822463750839233,1,1,1.08000004291534,2023,01,5,0,0,0,0,20.4179801940918,2023-01-01,25.2696495056152,17.2550983428955,18.8329524993897
21220050,Pluviométrica,Convencional,Tolima,Ibagué,4.3534,-75.0531,680,1/15/1969,,Andes,Magdalena Cauca,Alto Magdalena,Río Coello,5.81818199157715,7.9236364364624,9,9,0.518115937709808,0.822463750839233,1,1,1.08000004291534,2023,01,6,0,0,0,0,7.72461080551148,2023-01-01,0,2.97679471969605,0
21220050,Pluviométrica,Convencional,Tolima,Ibagué,4.3534,-75.0531,680,1/15/1969,,Andes,Magdalena Cauca,Alto Magdalena,Río Coello,5.81818199157715,7.9236364364624,9,9,0.518115937709808,0.822463750839233,1,1,1.08000004291534,2023,02,7,27,27,29.1600011587143,1,8.83948707580566,2023-02-01,0,3.38637447357178,0
21220050,Pluviométrica,Convencional,Tolima,Ibagué,4.3534,-75.0531,680,1/15/1969,,Andes,Magdalena Cauca,Alto Magdalena,Río Coello,5.81818199157715,7.9236364364624,9,9,0.518115937709808,0.822463750839233,1,1,1.08000004291534,2023,02,8,18,18,19.4400007724762,1,11.7716255187988,2023-02-01,5.61638689041138,14.9475975036621,11.2746448516846
21220050,Pluviométrica,Convencional,Tolima,Ibagué,4.3534,-75.0531,680,1/15/1969,,Andes,Magdalena Cauca,Alto Magdalena,Río Coello,5.81818199157715,7.9236364364624,9,9,0.518115937709808,0.822463750839233,1,1,1.08000004291534,2023,02,9,7,7,7.56000030040741,1,18.9227180480957,2023-02-01,18.0635852813721,18.3607616424561,17.1197776794434
21220050,Pluviométrica,Convencional,Tolima,Ibagué,4.3534,-75.0531,680,1/15/1969,,Andes,Magdalena Cauca,Alto Magdalena,Río Coello,5.81818199157715,7.9236364364624,9,9,0.518115937709808,0.822463750839233,1,1,1.08000004291534,2023,02,10,0,0,0,0,26.3191051483154,2023-02-01,29.3952732086182,38.500415802002,43.9873886108398
21220050,Pluviométrica,Convencional,Tolima,Ibagué,4.3534,-75.0531,680,1/15/1969,,Andes,Magdalena Cauca,Alto Magdalena,Río Coello,5.81818199157715,7.9236364364624,9,9,0.518115937709808,0.822463750839233,1,1,1.08000004291534,2023,02,11,11,11,11.8800004720688,2,13.0242052078247,2023-02-01,3.97564315795898,24.0031757354736,12.7159214019775
21220050,Pluviométrica,Convencional,Tolima,Ibagué,4.3534,-75.0531,680,1/15/1969,,Andes,Magdalena Cauca,Alto Magdalena,Río Coello,5.81818199157715,7.9236364364624,9,9,0.518115937709808,0.822463750839233,1,1,1.08000004291534,2023,02,12,31,31,33.4800013303757,0,4.2583327293396,2023-02-01,0.170474469661713,2.48052835464478,0.191222250461578
21220050,Pluviométrica,Convencional,Tolima,Ibagué,4.3534,-75.0531,680,1/15/1969,,Andes,Magdalena Cauca,Alto Magdalena,Río Coello,5.81818199157715,7.9236364364624,9,9,0.518115937709808,0.822463750839233,1,1,1.07000005245209,2023,03,13,0,0,0,0,25.8186511993408,2023-03-01,21.3614330291748,36.9914016723633,36.0487098693848
21220050,Pluviométrica,Convencional,Tolima,Ibagué,4.3534,-75.0531,680,1/15/1969,,Andes,Magdalena Cauca,Alto Magdalena,Río Coello,5.81818199157715,7.9236364364624,9,9,0.518115937709808,0.822463750839233,1,1,1.07000005245209,2023,03,14,0,0,0,0,25.9867916107178,2023-03-01,20.0130271911621,27.1590480804443,26.7222919464111
21220050,Pluviométrica,Convencional,Tolima,Ibagué,4.3534,-75.0531,680,1/15/1969,,Andes,Magdalena Cauca,Alto Magdalena,Río Coello,5.81818199157715,7.9236364364624,9,9,0.518115937709808,0.822463750839233,1,1,1.07000005245209,2023,03,15,0,0,0,0,48.7361755371094,2023-03-01,47.8021049499512,37.713981628418,34.6083335876465
21220050,Pluviométrica,Convencional,Tolima,Ibagué,4.3534,-75.0531,680,1/15/1969,,Andes,Magdalena Cauca,Alto Magdalena,Río Coello,5.81818199157715,7.9236364364624,9,9,0.518115937709808,0.822463750839233,1,1,1.07000005245209,2023,03,16,19,19,20.3300009965897,2,17.9208946228027,2023-03-01,9.53691864013672,10.2995710372925,6.8387336730957
21220050,Pluviométrica,Convencional,Tolima,Ibagué,4.3534,-75.0531,680,1/15/1969,,Andes,Magdalena Cauca,Alto Magdalena,Río Coello,5.81818199157715,7.9236364364624,9,9,0.518115937709808,0.822463750839233,1,1,1.07000005245209,2023,03,17,21,21,22.4700011014938,1,14.7973585128784,2023-03-01,9.07103252410889,28.41477394104,24.5091018676758
21220050,Pluviométrica,Convencional,Tolima,Ibagué,4.3534,-75.0531,680,1/15/1969,,Andes,Magdalena Cauca,Alto Magdalena,Río Coello,5.81818199157715,7.9236364364624,9,9,0.518115937709808,0.822463750839233,1,1,1.07000005245209,2023,03,18,57,57,60.990002989769,2,37.3033905029297,2023-03-01,32.6335258483887,47.0520515441895,45.5660285949707
21220050,Pluviométrica,Convencional,Tolima,Ibagué,4.3534,-75.0531,680,1/15/1969,,Andes,Magdalena Cauca,Alto Magdalena,Río Coello,5.81818199157715,7.9236364364624,9,9,0.518115937709808,0.822463750839233,1,1,1.05999994277954,2023,04,19,23,23,24.3799986839294,0,37.0724563598633,2023-04-01,37.2876739501953,29.7917461395264,27.0263957977295
21220050,Pluviométrica,Convencional,Tolima,Ibagué,4.3534,-75.0531,680,1/15/1969,,Andes,Magdalena Cauca,Alto Magdalena,Río Coello,5.81818199157715,7.9236364364624,9,9,0.518115937709808,0.822463750839233,1,1,1.05999994277954,2023,04,20,14,14,14.8399991989136,1,30.5444393157959,2023-04-01,31.6683406829834,14.5426197052002,14.5557470321655
21220050,Pluviométrica,Convencional,Tolima,Ibagué,4.3534,-75.0531,680,1/15/1969,,Andes,Magdalena Cauca,Alto Magdalena,Río Coello,5.81818199157715,7.9236364364624,9,9,0.518115937709808,0.822463750839233,1,1,1.05999994277954,2023,04,21,10,10,10.5999994277954,1,26.868049621582,2023-04-01,25.56955909729,38.0787467956543,34.8378944396973
21220050,Pluviométrica,Convencional,Tolima,Ibagué,4.3534,-75.0531,680,1/15/1969,,Andes,Magdalena Cauca,Alto Magdalena,Río Coello,5.81818199157715,7.9236364364624,9,9,0.518115937709808,0.822463750839233,1,1,1.05999994277954,2023,04,22,22,22,23.3199987411499,1,85.4586944580078,2023-04-01,91.7718353271484,42.743839263916,43.217945098877
21220050,Pluviométrica,Convencional,Tolima,Ibagué,4.3534,-75.0531,680,1/15/1969,,Andes,Magdalena Cauca,Alto Magdalena,Río Coello,5.81818199157715,7.9236364364624,9,9,0.518115937709808,0.822463750839233,1,1,1.05999994277954,2023,04,23,19,19,20.1399989128113,1,62.5664520263672,2023-04-01,63.8095397949219,25.1353034973145,24.4094257354736
21220050,Pluviométrica,Convencional,Tolima,Ibagué,4.3534,-75.0531,680,1/15/1969,,Andes,Magdalena Cauca,Alto Magdalena,Río Coello,5.81818199157715,7.9236364364624,9,9,0.518115937709808,0.822463750839233,1,1,1.05999994277954,2023,04,24,0,0,0,0,49.9197235107422,2023-04-01,48.9717063903809,66.0961761474609,67.0142440795899
21220050,Pluviométrica,Convencional,Tolima,Ibagué,4.3534,-75.0531,680,1/15/1969,,Andes,Magdalena Cauca,Alto Magdalena,Río Coello,5.81818199157715,7.9236364364624,9,9,0.518115937709808,0.822463750839233,1,1,1.05999994277954,2023,05,25,0,0,0,0,8.26362800598145,2023-05-01,7.17924880981445,4.90401124954224,4.15133810043335
21220050,Pluviométrica,Convencional,Tolima,Ibagué,4.3534,-75.0531,680,1/15/1969,,Andes,Magdalena Cauca,Alto Magdalena,Río Coello,5.81818199157715,7.9236364364624,9,9,0.518115937709808,0.822463750839233,1,1,1.05999994277954,2023,05,26,0,0,0,1,14.0594882965088,2023-05-01,15.6786460876465,14.0122690200806,15.1667127609253
21220050,Pluviométrica,Convencional,Tolima,Ibagué,4.3534,-75.0531,680,1/15/1969,,Andes,Magdalena Cauca,Alto Magdalena,Río Coello,5.81818199157715,7.9236364364624,9,9,0.518115937709808,0.822463750839233,1,1,1.05999994277954,2023,05,27,41,41,43.4599976539612,1,107.593894958496,2023-05-01,113.680252075195,36.0457038879395,36.652271270752
21220050,Pluviométrica,Convencional,Tolima,Ibagué,4.3534,-75.0531,680,1/15/1969,,Andes,Magdalena Cauca,Alto Magdalena,Río Coello,5.81818199157715,7.9236364364624,9,9,0.518115937709808,0.822463750839233,1,1,1.05999994277954,2023,05,28,0,0,0,0,45.3817138671875,2023-05-01,51.5527191162109,25.6649208068848,28.3835525512695
21220050,Pluviométrica,Convencional,Tolima,Ibagué,4.3534,-75.0531,680,1/15/1969,,Andes,Magdalena Cauca,Alto Magdalena,Río Coello,5.81818199157715,7.9236364364624,9,9,0.518115937709808,0.822463750839233,1,1,1.05999994277954,2023,05,29,21,21,22.2599987983704,1,82.1213912963867,2023-05-01,86.7079238891602,58.979061126709,56.8462753295898
21220050,Pluviométrica,Convencional,Tolima,Ibagué,4.3534,-75.0531,680,1/15/1969,,Andes,Magdalena Cauca,Alto Magdalena,Río Coello,5.81818199157715,7.9236364364624,9,9,0.518115937709808,0.822463750839233,1,1,1.05999994277954,2023,05,30,39,39,41.3399977684021,1,40.1974716186523,2023-05-01,31.7237968444824,58.3430442810059,50.8083915710449
21220050,Pluviométrica,Convencional,Tolima,Ibagué,4.3534,-75.0531,680,1/15/1969,,Andes,Magdalena Cauca,Alto Magdalena,Río Coello,5.81818199157715,7.9236364364624,9,9,0.518115937709808,0.822463750839233,1,1,1.08000004291534,2023,06,31,0,0,0,0,19.7851638793945,2023-06-01,18.5161266326904,14.0111255645752,14.0655679702759
21220050,Pluviométrica,Convencional,Tolima,Ibagué,4.3534,-75.0531,680,1/15/1969,,Andes,Magdalena Cauca,Alto Magdalena,Río Coello,5.81818199157715,7.9236364364624,9,9,0.518115937709808,0.822463750839233,1,1,1.08000004291534,2023,06,32,0,0,0,0,11.9563627243042,2023-06-01,7.9827766418457,17.4272785186768,13.2783470153809
21220050,Pluviométrica,Convencional,Tolima,Ibagué,4.3534,-75.0531,680,1/15/1969,,Andes,Magdalena Cauca,Alto Magdalena,Río Coello,5.81818199157715,7.9236364364624,9,9,0.518115937709808,0.822463750839233,1,1,1.08000004291534,2023,06,33,0,0,0,0,16.3474082946777,2023-06-01,12.5327463150024,5.80489444732666,5.35846424102783
21220050,Pluviométrica,Convencional,Tolima,Ibagué,4.3534,-75.0531,680,1/15/1969,,Andes,Magdalena Cauca,Alto Magdalena,Río Coello,5.81818199157715,7.9236364364624,9,9,0.518115937709808,0.822463750839233,1,1,1.08000004291534,2023,06,34,0,0,0,0,7.15267038345337,2023-06-01,0.539234220981598,2.86582446098328,0.555418610572815
21220050,Pluviométrica,Convencional,Tolima,Ibagué,4.3534,-75.0531,680,1/15/1969,,Andes,Magdalena Cauca,Alto Magdalena,Río Coello,5.81818199157715,7.9236364364624,9,9,0.518115937709808,0.822463750839233,1,1,1.08000004291534,2023,06,35,0,0,0,0,32.476676940918,2023-06-01,38.0975532531738,12.820315361023,16.2164745330811
21220050,Pluviométrica,Convencional,Tolima,Ibagué,4.3534,-75.0531,680,1/15/1969,,Andes,Magdalena Cauca,Alto Magdalena,Río Coello,5.81818199157715,7.9236364364624,9,9,0.518115937709808,0.822463750839233,1,1,1.08000004291534,2023,06,36,0,0,0,0,18.5853633880615,2023-06-01,20.1748371124268,11.7355089187622,14.4410610198975
21220050,Pluviométrica,Convencional,Tolima,Ibagué,4.3534,-75.0531,680,1/15/1969,,Andes,Magdalena Cauca,Alto Magdalena,Río Coello,5.81818199157715,7.9236364364624,9,9,0.518115937709808,0.822463750839233,1,1,1.0900000333786,2023,07,37,0,0,0,0,11.3042106628418,2023-07-01,12.9036922454834,25.3103370666504,32.0238723754883
21220050,Pluviométrica,Convencional,Tolima,Ibagué,4.3534,-75.0531,680,1/15/1969,,Andes,Magdalena Cauca,Alto Magdalena,Río Coello,5.81818199157715,7.9236364364624,9,9,0.518115937709808,0.822463750839233,1,1,1.0900000333786,2023,07,38,47,47,51.2300015687943,1,3.63108396530151,2023-07-01,0.90742152929306,5.55138206481934,1.94628500938416
21220050,Pluviométrica,Convencional,Tolima,Ibagué,4.3534,-75.0531,680,1/15/1969,,Andes,Magdalena Cauca,Alto Magdalena,Río Coello,5.81818199157715,7.9236364364624,9,9,0.518115937709808,0.822463750839233,1,1,1.0900000333786,2023,07,39,22,22,23.9800007343292,1,2.53002142906189,2023-07-01,0,1.91960370540619,0
21220050,Pluviométrica,Convencional,Tolima,Ibagué,4.3534,-75.0531,680,1/15/1969,,Andes,Magdalena Cauca,Alto Magdalena,Río Coello,5.81818199157715,7.9236364364624,9,9,0.518115937709808,0.822463750839233,1,1,1.0900000333786,2023,07,40,13,13,14.1700004339218,1,7.43567085266113,2023-07-01,6.53208637237549,9.42693042755127,7.07836818695068
21220050,Pluviométrica,Convencional,Tolima,Ibagué,4.3534,-75.0531,680,1/15/1969,,Andes,Magdalena Cauca,Alto Magdalena,Río Coello,5.81818199157715,7.9236364364624,9,9,0.518115937709808,0.822463750839233,1,1,1.0900000333786,2023,07,41,0,0,0,0,8.04373264312744,2023-07-01,7.40203952789307,3.38552403450012,2.76112699508667
21220050,Pluviométrica,Convencional,Tolima,Ibagué,4.3534,-75.0531,680,1/15/1969,,Andes,Magdalena Cauca,Alto Magdalena,Río Coello,5.81818199157715,7.9236364364624,9,9,0.518115937709808,0.822463750839233,1,1,1.0900000333786,2023,07,42,0,0,0,0,10.4987888336182,2023-07-01,8.50181198120117,6.73119974136353,4.20442295074463
21220050,Pluviométrica,Convencional,Tolima,Ibagué,4.3534,-75.0531,680,1/15/1969,,Andes,Magdalena Cauca,Alto Magdalena,Río Coello,5.81818199157715,7.9236364364624,9,9,0.518115937709808,0.822463750839233,1,1,1.08000004291534,2023,08,43,0,0,0,0,1.42858231067657,2023-08-01,0.561066567897797,0.804393231868744,0.402804493904114
21220050,Pluviométrica,Convencional,Tolima,Ibagué,4.3534,-75.0531,680,1/15/1969,,Andes,Magdalena Cauca,Alto Magdalena,Río Coello,5.81818199157715,7.9236364364624,9,9,0.518115937709808,0.822463750839233,1,1,1.08000004291534,2023,08,44,0,0,0,1,7.172278881073,2023-08-01,3.34483408927918,2.85198140144348,1.52616024017334
21220050,Pluviométrica,Convencional,Tolima,Ibagué,4.3534,-75.0531,680,1/15/1969,,Andes,Magdalena Cauca,Alto Magdalena,Río Coello,5.81818199157715,7.9236364364624,9,9,0.518115937709808,0.822463750839233,1,1,1.08000004291534,2023,08,45,32,32,34.560001373291,1,17.9461364746094,2023-08-01,16.9106750488281,11.5966157913208,10.7822933197021
21220050,Pluviométrica,Convencional,Tolima,Ibagué,4.3534,-75.0531,680,1/15/1969,,Andes,Magdalena Cauca,Alto Magdalena,Río Coello,5.81818199157715,7.9236364364624,9,9,0.518115937709808,0.822463750839233,1,1,1.08000004291534,2023,08,46,4,4,4.32000017166138,1,8.27191734313965,2023-08-01,5.76163959503174,6.31610774993897,4.55671977996826
21220050,Pluviométrica,Convencional,Tolima,Ibagué,4.3534,-75.0531,680,1/15/1969,,Andes,Magdalena Cauca,Alto Magdalena,Río Coello,5.81818199157715,7.9236364364624,9,9,0.518115937709808,0.822463750839233,1,1,1.08000004291534,2023,08,47,31,31,33.4800013303757,1,21.6812038421631,2023-08-01,24.298885345459,39.7632293701172,39.1208343505859
21220050,Pluviométrica,Convencional,Tolima,Ibagué,4.3534,-75.0531,680,1/15/1969,,Andes,Magdalena Cauca,Alto Magdalena,Río Coello,5.81818199157715,7.9236364364624,9,9,0.518115937709808,0.822463750839233,1,1,1.08000004291534,2023,08,48,12,12,12.9600005149841,1,3.07013773918152,2023-08-01,0.201918870210648,1.40275382995605,0.128757447004318
21220050,Pluviométrica,Convencional,Tolima,Ibagué,4.3534,-75.0531,680,1/15/1969,,Andes,Magdalena Cauca,Alto Magdalena,Río Coello,5.81818199157715,7.9236364364624,9,9,0.518115937709808,0.822463750839233,1,1,1.08000004291534,2023,09,49,56,56,60.4800024032593,1,29.9889316558838,2023-09-01,34.3012847900391,37.7502899169922,38.5386543273926
21220050,Pluviométrica,Convencional,Tolima,Ibagué,4.3534,-75.0531,680,1/15/1969,,Andes,Magdalena Cauca,Alto Magdalena,Río Coello,5.81818199157715,7.9236364364624,9,9,0.518115937709808,0.822463750839233,1,1,1.08000004291534,2023,09,50,0,0,0,0,17.3744926452637,2023-09-01,19.1601696014404,22.9167861938477,22.1490268707275
21220050,Pluviométrica,Convencional,Tolima,Ibagué,4.3534,-75.0531,680,1/15/1969,,Andes,Magdalena Cauca,Alto Magdalena,Río Coello,5.81818199157715,7.9236364364624,9,9,0.518115937709808,0.822463750839233,1,1,1.08000004291534,2023,09,51,0,0,0,0,14.6528577804565,2023-09-01,13.935489654541,6.52155876159668,6.26536369323731
21220050,Pluviométrica,Convencional,Tolima,Ibagué,4.3534,-75.0531,680,1/15/1969,,Andes,Magdalena Cauca,Alto Magdalena,Río Coello,5.81818199157715,7.9236364364624,9,9,0.518115937709808,0.822463750839233,1,1,1.08000004291534,2023,09,52,0,0,0,0,3.93882083892822,2023-09-01,2.54084491729736,2.25377726554871,1.58992528915405
21220050,Pluviométrica,Convencional,Tolima,Ibagué,4.3534,-75.0531,680,1/15/1969,,Andes,Magdalena Cauca,Alto Magdalena,Río Coello,5.81818199157715,7.9236364364624,9,9,0.518115937709808,0.822463750839233,1,1,1.08000004291534,2023,09,53,0,0,0,0,24.6892852783203,2023-09-01,26.9388771057129,12.9838485717773,13.3231315612793
21220050,Pluviométrica,Convencional,Tolima,Ibagué,4.3534,-75.0531,680,1/15/1969,,Andes,Magdalena Cauca,Alto Magdalena,Río Coello,5.81818199157715,7.9236364364624,9,9,0.518115937709808,0.822463750839233,1,1,1.08000004291534,2023,09,54,1,1,1.08000004291534,1,6.89974021911621,2023-09-01,4.51062870025635,15.4549598693848,20.848991394043
21220050,Pluviométrica,Convencional,Tolima,Ibagué,4.3534,-75.0531,680,1/15/1969,,Andes,Magdalena Cauca,Alto Magdalena,Río Coello,5.81818199157715,7.9236364364624,9,9,0.518115937709808,0.822463750839233,1,1,1.07000005245209,2023,10,55,32,32,34.2400016784668,2,40.8660087585449,2023-10-01,38.2636795043945,30.7876091003418,30.2328491210938
21220050,Pluviométrica,Convencional,Tolima,Ibagué,4.3534,-75.0531,680,1/15/1969,,Andes,Magdalena Cauca,Alto Magdalena,Río Coello,5.81818199157715,7.9236364364624,9,9,0.518115937709808,0.822463750839233,1,1,1.07000005245209,2023,10,56,76,76,81.3200039863587,2,44.4477767944336,2023-10-01,41.3009033203125,51.5754318237305,52.0493965148926
21220050,Pluviométrica,Convencional,Tolima,Ibagué,4.3534,-75.0531,680,1/15/1969,,Andes,Magdalena Cauca,Alto Magdalena,Río Coello,5.81818199157715,7.9236364364624,9,9,0.518115937709808,0.822463750839233,1,1,1.07000005245209,2023,10,57,80,80,85.600004196167,1,25.4451465606689,2023-10-01,17.945484161377,18.4316139221191,16.6824016571045
21220050,Pluviométrica,Convencional,Tolima,Ibagué,4.3534,-75.0531,680,1/15/1969,,Andes,Magdalena Cauca,Alto Magdalena,Río Coello,5.81818199157715,7.9236364364624,9,9,0.518115937709808,0.822463750839233,1,1,1.07000005245209,2023,10,58,0,0,0,0,20.0530281066895,2023-10-01,17.1188831329346,13.1698169708252,14.4466724395752
21220050,Pluviométrica,Convencional,Tolima,Ibagué,4.3534,-75.0531,680,1/15/1969,,Andes,Magdalena Cauca,Alto Magdalena,Río Coello,5.81818199157715,7.9236364364624,9,9,0.518115937709808,0.822463750839233,1,1,1.07000005245209,2023,10,59,0,0,0,1,30.7117900848389,2023-10-01,31.765193939209,28.4359970092773,31.0982265472412
21220050,Pluviométrica,Convencional,Tolima,Ibagué,4.3534,-75.0531,680,1/15/1969,,Andes,Magdalena Cauca,Alto Magdalena,Río Coello,5.81818199157715,7.9236364364624,9,9,0.518115937709808,0.822463750839233,1,1,1.07000005245209,2023,10,60,15,15,16.0500007867813,0,54.8860168457031,2023-10-01,47.5378723144531,30.8078594207764,29.0110034942627
21220050,Pluviométrica,Convencional,Tolima,Ibagué,4.3534,-75.0531,680,1/15/1969,,Andes,Magdalena Cauca,Alto Magdalena,Río Coello,5.81818199157715,7.9236364364624,9,9,0.518115937709808,0.822463750839233,1,1,1.05999994277954,2023,11,61,0,0,0,1,48.1491470336914,2023-11-01,42.5144729614258,37.635929107666,33.9079475402832
21220050,Pluviométrica,Convencional,Tolima,Ibagué,4.3534,-75.0531,680,1/15/1969,,Andes,Magdalena Cauca,Alto Magdalena,Río Coello,5.81818199157715,7.9236364364624,9,9,0.518115937709808,0.822463750839233,1,1,1.05999994277954,2023,11,62,15,15,15.8999991416931,0,25.2504177093506,2023-11-01,13.6060705184937,19.7537670135498,15.8224020004272
21220050,Pluviométrica,Convencional,Tolima,Ibagué,4.3534,-75.0531,680,1/15/1969,,Andes,Magdalena Cauca,Alto Magdalena,Río Coello,5.81818199157715,7.9236364364624,9,9,0.518115937709808,0.822463750839233,1,1,1.05999994277954,2023,11,63,12,12,12.7199993133545,2,39.4404220581055,2023-11-01,29.1607284545898,43.9591751098633,38.3421478271484
21220050,Pluviométrica,Convencional,Tolima,Ibagué,4.3534,-75.0531,680,1/15/1969,,Andes,Magdalena Cauca,Alto Magdalena,Río Coello,5.81818199157715,7.9236364364624,9,9,0.518115937709808,0.822463750839233,1,1,1.05999994277954,2023,11,64,40,40,42.3999977111816,1,25.8561534881592,2023-11-01,17.197681427002,27.3202152252197,23.0727214813232
21220050,Pluviométrica,Convencional,Tolima,Ibagué,4.3534,-75.0531,680,1/15/1969,,Andes,Magdalena Cauca,Alto Magdalena,Río Coello,5.81818199157715,7.9236364364624,9,9,0.518115937709808,0.822463750839233,1,1,1.05999994277954,2023,11,65,0,0,0,0,19.2783985137939,2023-11-01,9.0619068145752,13.3171119689941,9.29268264770508
21220050,Pluviométrica,Convencional,Tolima,Ibagué,4.3534,-75.0531,680,1/15/1969,,Andes,Magdalena Cauca,Alto Magdalena,Río Coello,5.81818199157715,7.9236364364624,9,9,0.518115937709808,0.822463750839233,1,1,1.05999994277954,2023,11,66,0,0,0,0,10.9777803421021,2023-11-01,0,3.3089816570282,0
21220050,Pluviométrica,Convencional,Tolima,Ibagué,4.3534,-75.0531,680,1/15/1969,,Andes,Magdalena Cauca,Alto Magdalena,Río Coello,5.81818199157715,7.9236364364624,9,9,0.518115937709808,0.822463750839233,1,1,1.08000004291534,2023,12,67,10,10,10.8000004291534,2,11.301251411438,2023-12-01,2.57042670249939,10.5083703994751,5.62301731109619
21220050,Pluviométrica,Convencional,Tolima,Ibagué,4.3534,-75.0531,680,1/15/1969,,Andes,Magdalena Cauca,Alto Magdalena,Río Coello,5.81818199157715,7.9236364364624,9,9,0.518115937709808,0.822463750839233,1,1,1.08000004291534,2023,12,68,42,42,45.3600018024445,1,8.48882102966309,2023-12-01,0.285358220338821,8.66186618804932,0.568132817745209
21220050,Pluviométrica,Convencional,Tolima,Ibagué,4.3534,-75.0531,680,1/15/1969,,Andes,Magdalena Cauca,Alto Magdalena,Río Coello,5.81818199157715,7.9236364364624,9,9,0.518115937709808,0.822463750839233,1,1,1.08000004291534,2023,12,69,6,6,6.48000025749207,1,13.2690267562866,2023-12-01,8.79677295684815,8.64322662353516,8.14778327941895
21220050,Pluviométrica,Convencional,Tolima,Ibagué,4.3534,-75.0531,680,1/15/1969,,Andes,Magdalena Cauca,Alto Magdalena,Río Coello,5.81818199157715,7.9236364364624,9,9,0.518115937709808,0.822463750839233,1,1,1.08000004291534,2023,12,70,37,37,39.9600015878677,1,33.1051864624023,2023-12-01,46.2243919372559,38.5295066833496,49.0244903564453
21220050,Pluviométrica,Convencional,Tolima,Ibagué,4.3534,-75.0531,680,1/15/1969,,Andes,Magdalena Cauca,Alto Magdalena,Río Coello,5.81818199157715,7.9236364364624,9,9,0.518115937709808,0.822463750839233,1,1,1.08000004291534,2023,12,71,2,2,2.16000008583069,2,15.1214895248413,2023-12-01,13.3426761627197,18.0836486816406,19.9940509796143
21220050,Pluviométrica,Convencional,Tolima,Ibagué,4.3534,-75.0531,680,1/15/1969,,Andes,Magdalena Cauca,Alto Magdalena,Río Coello,5.81818199157715,7.9236364364624,9,9,0.518115937709808,0.822463750839233,1,1,1.08000004291534,2023,12,72,45,45,48.6000019311905,1,42.0677719116211,2023-12-01,42.3771858215332,35.8729476928711,37.2691307067871
