gauge_code,category,tecnology,state,municipality,latitude,longitude,elevation,instalation_date,suspention_date,nat_region,hidrographic_area,hidrographic_zone,hidrographic_subzone,mean_gauges_v2,mean_gauges_v3,max_gauges_v2,max_gauges_v3,mean_gauges_v2_005,mean_gauges_v3_005,max_gauges_v2_005,max_gauges_v3_005,factor,year,month,pentad_id,pcp_ideam,pcp_ideam_flag,pcp_ideam_flag_scale,na_count_ideam,chirpv2,date,chirpv3,chirpsv2,chirpsv3
24060050,Pluviométrica,Convencional,Santander,Los Santos,6.7592,-73.0928,1460,11/15/1973,,Andes,Magdalena Cauca,Sogamoso,Río Sogamoso,2.7309091091156,3.4872727394104,4,4,0.601449251174927,0.829710125923157,1,1,1.07000005245209,2001,01,1,0,0,0,0,4.34443759918213,2001-01-01,0,2.53411626815796,0
24060050,Pluviométrica,Convencional,Santander,Los Santos,6.7592,-73.0928,1460,11/15/1973,,Andes,Magdalena Cauca,Sogamoso,Río Sogamoso,2.7309091091156,3.4872727394104,4,4,0.601449251174927,0.829710125923157,1,1,1.07000005245209,2001,01,2,0,0,0,0,5.78805160522461,2001-01-01,0.168949604034424,4.48960256576538,0.254710674285889
24060050,Pluviométrica,Convencional,Santander,Los Santos,6.7592,-73.0928,1460,11/15/1973,,Andes,Magdalena Cauca,Sogamoso,Río Sogamoso,2.7309091091156,3.4872727394104,4,4,0.601449251174927,0.829710125923157,1,1,1.07000005245209,2001,01,3,0,0,0,0,4.27155447006226,2001-01-01,0,2.68516635894775,0
24060050,Pluviométrica,Convencional,Santander,Los Santos,6.7592,-73.0928,1460,11/15/1973,,Andes,Magdalena Cauca,Sogamoso,Río Sogamoso,2.7309091091156,3.4872727394104,4,4,0.601449251174927,0.829710125923157,1,1,1.07000005245209,2001,01,4,0,0,0,0,15.6323232650757,2001-01-01,10.9076509475708,14.9139547348022,10.910343170166
24060050,Pluviométrica,Convencional,Santander,Los Santos,6.7592,-73.0928,1460,11/15/1973,,Andes,Magdalena Cauca,Sogamoso,Río Sogamoso,2.7309091091156,3.4872727394104,4,4,0.601449251174927,0.829710125923157,1,1,1.07000005245209,2001,01,5,0,0,0,0,8.04760646820068,2001-01-01,5.95833873748779,8.49451541900635,7.31114721298218
24060050,Pluviométrica,Convencional,Santander,Los Santos,6.7592,-73.0928,1460,11/15/1973,,Andes,Magdalena Cauca,Sogamoso,Río Sogamoso,2.7309091091156,3.4872727394104,4,4,0.601449251174927,0.829710125923157,1,1,1.07000005245209,2001,01,6,0,0,0,0,4.27494049072266,2001-01-01,0,1.86644721031189,0
24060050,Pluviométrica,Convencional,Santander,Los Santos,6.7592,-73.0928,1460,11/15/1973,,Andes,Magdalena Cauca,Sogamoso,Río Sogamoso,2.7309091091156,3.4872727394104,4,4,0.601449251174927,0.829710125923157,1,1,1.05999994277954,2001,02,7,0,0,0,0,4.45445680618286,2001-02-01,0,2.80058169364929,0
24060050,Pluviométrica,Convencional,Santander,Los Santos,6.7592,-73.0928,1460,11/15/1973,,Andes,Magdalena Cauca,Sogamoso,Río Sogamoso,2.7309091091156,3.4872727394104,4,4,0.601449251174927,0.829710125923157,1,1,1.05999994277954,2001,02,8,5,5,5.29999971389771,0,8.04268932342529,2001-02-01,8.71982860565186,12.3064403533936,12.8940830230713
24060050,Pluviométrica,Convencional,Santander,Los Santos,6.7592,-73.0928,1460,11/15/1973,,Andes,Magdalena Cauca,Sogamoso,Río Sogamoso,2.7309091091156,3.4872727394104,4,4,0.601449251174927,0.829710125923157,1,1,1.05999994277954,2001,02,9,0,0,0,0,6.50807762145996,2001-02-01,5.92531538009644,3.84545207023621,4.78688764572144
24060050,Pluviométrica,Convencional,Santander,Los Santos,6.7592,-73.0928,1460,11/15/1973,,Andes,Magdalena Cauca,Sogamoso,Río Sogamoso,2.7309091091156,3.4872727394104,4,4,0.601449251174927,0.829710125923157,1,1,1.05999994277954,2001,02,10,60,60,63.5999965667725,0,9.97203540802002,2001-02-01,12.0514640808105,15.1179456710815,17.6991863250732
24060050,Pluviométrica,Convencional,Santander,Los Santos,6.7592,-73.0928,1460,11/15/1973,,Andes,Magdalena Cauca,Sogamoso,Río Sogamoso,2.7309091091156,3.4872727394104,4,4,0.601449251174927,0.829710125923157,1,1,1.05999994277954,2001,02,11,0,0,0,0,6.4219856262207,2001-02-01,2.787682056427,7.03953123092651,2.97379231452942
24060050,Pluviométrica,Convencional,Santander,Los Santos,6.7592,-73.0928,1460,11/15/1973,,Andes,Magdalena Cauca,Sogamoso,Río Sogamoso,2.7309091091156,3.4872727394104,4,4,0.601449251174927,0.829710125923157,1,1,1.05999994277954,2001,02,12,0,0,0,0,3.19260692596436,2001-02-01,0.792594134807587,3.52057075500488,1.26774942874908
24060050,Pluviométrica,Convencional,Santander,Los Santos,6.7592,-73.0928,1460,11/15/1973,,Andes,Magdalena Cauca,Sogamoso,Río Sogamoso,2.7309091091156,3.4872727394104,4,4,0.601449251174927,0.829710125923157,1,1,1.05999994277954,2001,03,13,0,0,0,0,20.0551242828369,2001-03-01,25.7303791046143,15.6018943786621,18.0146656036377
24060050,Pluviométrica,Convencional,Santander,Los Santos,6.7592,-73.0928,1460,11/15/1973,,Andes,Magdalena Cauca,Sogamoso,Río Sogamoso,2.7309091091156,3.4872727394104,4,4,0.601449251174927,0.829710125923157,1,1,1.05999994277954,2001,03,14,30,30,31.7999982833862,0,15.4450531005859,2001-03-01,12.4269247055054,19.6500778198242,19.6421985626221
24060050,Pluviométrica,Convencional,Santander,Los Santos,6.7592,-73.0928,1460,11/15/1973,,Andes,Magdalena Cauca,Sogamoso,Río Sogamoso,2.7309091091156,3.4872727394104,4,4,0.601449251174927,0.829710125923157,1,1,1.05999994277954,2001,03,15,0,0,0,0,5.46761322021484,2001-03-01,0,4.04892492294312,0
24060050,Pluviométrica,Convencional,Santander,Los Santos,6.7592,-73.0928,1460,11/15/1973,,Andes,Magdalena Cauca,Sogamoso,Río Sogamoso,2.7309091091156,3.4872727394104,4,4,0.601449251174927,0.829710125923157,1,1,1.05999994277954,2001,03,16,0,0,0,0,7.99139261245728,2001-03-01,0.0888547897338867,9.68397903442383,0.28194072842598
24060050,Pluviométrica,Convencional,Santander,Los Santos,6.7592,-73.0928,1460,11/15/1973,,Andes,Magdalena Cauca,Sogamoso,Río Sogamoso,2.7309091091156,3.4872727394104,4,4,0.601449251174927,0.829710125923157,1,1,1.05999994277954,2001,03,17,5,5,5.29999971389771,0,20.9535598754883,2001-03-01,21.0737018585205,19.0714530944824,17.8115043640137
24060050,Pluviométrica,Convencional,Santander,Los Santos,6.7592,-73.0928,1460,11/15/1973,,Andes,Magdalena Cauca,Sogamoso,Río Sogamoso,2.7309091091156,3.4872727394104,4,4,0.601449251174927,0.829710125923157,1,1,1.05999994277954,2001,03,18,0,0,0,0,12.8740606307983,2001-03-01,2.18013000488281,7.33386421203613,2.18017387390137
24060050,Pluviométrica,Convencional,Santander,Los Santos,6.7592,-73.0928,1460,11/15/1973,,Andes,Magdalena Cauca,Sogamoso,Río Sogamoso,2.7309091091156,3.4872727394104,4,4,0.601449251174927,0.829710125923157,1,1,1.04999995231628,2001,04,19,10,10,10.4999995231628,0,7.87302541732788,2001-04-01,0,5.34206056594849,0
24060050,Pluviométrica,Convencional,Santander,Los Santos,6.7592,-73.0928,1460,11/15/1973,,Andes,Magdalena Cauca,Sogamoso,Río Sogamoso,2.7309091091156,3.4872727394104,4,4,0.601449251174927,0.829710125923157,1,1,1.04999995231628,2001,04,20,41,41,43.0499980449677,0,20.125659942627,2001-04-01,12.5638008117676,22.3828506469727,20.0002422332764
24060050,Pluviométrica,Convencional,Santander,Los Santos,6.7592,-73.0928,1460,11/15/1973,,Andes,Magdalena Cauca,Sogamoso,Río Sogamoso,2.7309091091156,3.4872727394104,4,4,0.601449251174927,0.829710125923157,1,1,1.04999995231628,2001,04,21,0,0,0,0,32.0470504760742,2001-04-01,26.4010391235352,22.0536003112793,21.6473617553711
24060050,Pluviométrica,Convencional,Santander,Los Santos,6.7592,-73.0928,1460,11/15/1973,,Andes,Magdalena Cauca,Sogamoso,Río Sogamoso,2.7309091091156,3.4872727394104,4,4,0.601449251174927,0.829710125923157,1,1,1.04999995231628,2001,04,22,28,28,29.399998664856,0,33.5892066955566,2001-04-01,32.019401550293,20.199161529541,21.7099056243897
24060050,Pluviométrica,Convencional,Santander,Los Santos,6.7592,-73.0928,1460,11/15/1973,,Andes,Magdalena Cauca,Sogamoso,Río Sogamoso,2.7309091091156,3.4872727394104,4,4,0.601449251174927,0.829710125923157,1,1,1.04999995231628,2001,04,23,0,0,0,0,8.80673313140869,2001-04-01,1.48580181598663,5.64563989639282,1.65128743648529
24060050,Pluviométrica,Convencional,Santander,Los Santos,6.7592,-73.0928,1460,11/15/1973,,Andes,Magdalena Cauca,Sogamoso,Río Sogamoso,2.7309091091156,3.4872727394104,4,4,0.601449251174927,0.829710125923157,1,1,1.04999995231628,2001,04,24,7,7,7.34999966621399,0,24.8693065643311,2001-04-01,18.5728549957275,14.7180995941162,13.6127223968506
24060050,Pluviométrica,Convencional,Santander,Los Santos,6.7592,-73.0928,1460,11/15/1973,,Andes,Magdalena Cauca,Sogamoso,Río Sogamoso,2.7309091091156,3.4872727394104,4,4,0.601449251174927,0.829710125923157,1,1,1.03999996185303,2001,05,25,35,35,36.399998664856,0,30.2283725738525,2001-05-01,23.2138442993164,24.4753971099854,19.77219581604
24060050,Pluviométrica,Convencional,Santander,Los Santos,6.7592,-73.0928,1460,11/15/1973,,Andes,Magdalena Cauca,Sogamoso,Río Sogamoso,2.7309091091156,3.4872727394104,4,4,0.601449251174927,0.829710125923157,1,1,1.03999996185303,2001,05,26,75,75,77.9999971389771,0,45.4516563415527,2001-05-01,40.8122863769531,39.5806045532227,33.3817901611328
24060050,Pluviométrica,Convencional,Santander,Los Santos,6.7592,-73.0928,1460,11/15/1973,,Andes,Magdalena Cauca,Sogamoso,Río Sogamoso,2.7309091091156,3.4872727394104,4,4,0.601449251174927,0.829710125923157,1,1,1.03999996185303,2001,05,27,4,4,4.15999984741211,0,15.9401550292969,2001-05-01,4.03266668319702,6.12487316131592,2.77778625488281
24060050,Pluviométrica,Convencional,Santander,Los Santos,6.7592,-73.0928,1460,11/15/1973,,Andes,Magdalena Cauca,Sogamoso,Río Sogamoso,2.7309091091156,3.4872727394104,4,4,0.601449251174927,0.829710125923157,1,1,1.03999996185303,2001,05,28,23,23,23.9199991226196,0,46.637149810791,2001-05-01,42.0822410583496,22.6557674407959,18.8867588043213
24060050,Pluviométrica,Convencional,Santander,Los Santos,6.7592,-73.0928,1460,11/15/1973,,Andes,Magdalena Cauca,Sogamoso,Río Sogamoso,2.7309091091156,3.4872727394104,4,4,0.601449251174927,0.829710125923157,1,1,1.03999996185303,2001,05,29,9,9,9.35999965667725,0,28.5476417541504,2001-05-01,19.9097309112549,19.35546875,15.2118225097656
24060050,Pluviométrica,Convencional,Santander,Los Santos,6.7592,-73.0928,1460,11/15/1973,,Andes,Magdalena Cauca,Sogamoso,Río Sogamoso,2.7309091091156,3.4872727394104,4,4,0.601449251174927,0.829710125923157,1,1,1.03999996185303,2001,05,30,22,22,22.8799991607666,0,35.0346298217773,2001-05-01,19.658182144165,20.4412460327148,15.4324512481689
24060050,Pluviométrica,Convencional,Santander,Los Santos,6.7592,-73.0928,1460,11/15/1973,,Andes,Magdalena Cauca,Sogamoso,Río Sogamoso,2.7309091091156,3.4872727394104,4,4,0.601449251174927,0.829710125923157,1,1,1.04999995231628,2001,06,31,41,41,43.0499980449677,0,19.592809677124,2001-06-01,13.6779623031616,22.5988903045654,21.8043766021729
24060050,Pluviométrica,Convencional,Santander,Los Santos,6.7592,-73.0928,1460,11/15/1973,,Andes,Magdalena Cauca,Sogamoso,Río Sogamoso,2.7309091091156,3.4872727394104,4,4,0.601449251174927,0.829710125923157,1,1,1.04999995231628,2001,06,32,40,40,41.9999980926514,0,16.2179508209229,2001-06-01,7.75742244720459,17.5509586334229,11.9844160079956
24060050,Pluviométrica,Convencional,Santander,Los Santos,6.7592,-73.0928,1460,11/15/1973,,Andes,Magdalena Cauca,Sogamoso,Río Sogamoso,2.7309091091156,3.4872727394104,4,4,0.601449251174927,0.829710125923157,1,1,1.04999995231628,2001,06,33,5,5,5.24999976158142,0,26.5902080535889,2001-06-01,27.891321182251,14.8249378204346,17.6895084381104
24060050,Pluviométrica,Convencional,Santander,Los Santos,6.7592,-73.0928,1460,11/15/1973,,Andes,Magdalena Cauca,Sogamoso,Río Sogamoso,2.7309091091156,3.4872727394104,4,4,0.601449251174927,0.829710125923157,1,1,1.04999995231628,2001,06,34,0,0,0,0,22.9103603363037,2001-06-01,24.2889366149902,10.5719652175903,12.098316192627
24060050,Pluviométrica,Convencional,Santander,Los Santos,6.7592,-73.0928,1460,11/15/1973,,Andes,Magdalena Cauca,Sogamoso,Río Sogamoso,2.7309091091156,3.4872727394104,4,4,0.601449251174927,0.829710125923157,1,1,1.04999995231628,2001,06,35,17,17,17.8499991893768,0,13.6765203475952,2001-06-01,5.39426040649414,8.76680564880371,6.00780868530273
24060050,Pluviométrica,Convencional,Santander,Los Santos,6.7592,-73.0928,1460,11/15/1973,,Andes,Magdalena Cauca,Sogamoso,Río Sogamoso,2.7309091091156,3.4872727394104,4,4,0.601449251174927,0.829710125923157,1,1,1.04999995231628,2001,06,36,15,15,15.7499992847443,0,18.6723098754883,2001-06-01,17.0529346466064,16.2651138305664,18.625883102417
24060050,Pluviométrica,Convencional,Santander,Los Santos,6.7592,-73.0928,1460,11/15/1973,,Andes,Magdalena Cauca,Sogamoso,Río Sogamoso,2.7309091091156,3.4872727394104,4,4,0.601449251174927,0.829710125923157,1,1,1.04999995231628,2001,07,37,28,28,29.399998664856,0,15.6189794540405,2001-07-01,14.7361440658569,13.4016208648682,14.5489921569824
24060050,Pluviométrica,Convencional,Santander,Los Santos,6.7592,-73.0928,1460,11/15/1973,,Andes,Magdalena Cauca,Sogamoso,Río Sogamoso,2.7309091091156,3.4872727394104,4,4,0.601449251174927,0.829710125923157,1,1,1.04999995231628,2001,07,38,31,31,32.5499985218048,0,22.6030998229981,2001-07-01,30.6007614135742,20.5364246368408,25.842493057251
24060050,Pluviométrica,Convencional,Santander,Los Santos,6.7592,-73.0928,1460,11/15/1973,,Andes,Magdalena Cauca,Sogamoso,Río Sogamoso,2.7309091091156,3.4872727394104,4,4,0.601449251174927,0.829710125923157,1,1,1.04999995231628,2001,07,39,2,2,2.09999990463257,0,15.2552642822266,2001-07-01,13.9896993637085,15.3573570251465,15.7592144012451
24060050,Pluviométrica,Convencional,Santander,Los Santos,6.7592,-73.0928,1460,11/15/1973,,Andes,Magdalena Cauca,Sogamoso,Río Sogamoso,2.7309091091156,3.4872727394104,4,4,0.601449251174927,0.829710125923157,1,1,1.04999995231628,2001,07,40,0,0,0,0,19.1983432769775,2001-07-01,24.2551174163818,11.2387990951538,14.4006204605103
24060050,Pluviométrica,Convencional,Santander,Los Santos,6.7592,-73.0928,1460,11/15/1973,,Andes,Magdalena Cauca,Sogamoso,Río Sogamoso,2.7309091091156,3.4872727394104,4,4,0.601449251174927,0.829710125923157,1,1,1.04999995231628,2001,07,41,60,60,62.9999971389771,0,14.1731481552124,2001-07-01,11.7939205169678,26.8871059417725,27.7755908966065
24060050,Pluviométrica,Convencional,Santander,Los Santos,6.7592,-73.0928,1460,11/15/1973,,Andes,Magdalena Cauca,Sogamoso,Río Sogamoso,2.7309091091156,3.4872727394104,4,4,0.601449251174927,0.829710125923157,1,1,1.04999995231628,2001,07,42,20,20,20.9999990463257,0,19.4948616027832,2001-07-01,9.66194629669189,15.9113864898682,11.9173383712769
24060050,Pluviométrica,Convencional,Santander,Los Santos,6.7592,-73.0928,1460,11/15/1973,,Andes,Magdalena Cauca,Sogamoso,Río Sogamoso,2.7309091091156,3.4872727394104,4,4,0.601449251174927,0.829710125923157,1,1,1.04999995231628,2001,08,43,3,3,3.14999985694885,0,14.7071685791016,2001-08-01,0.362511068582535,9.58994674682617,0.457382768392563
24060050,Pluviométrica,Convencional,Santander,Los Santos,6.7592,-73.0928,1460,11/15/1973,,Andes,Magdalena Cauca,Sogamoso,Río Sogamoso,2.7309091091156,3.4872727394104,4,4,0.601449251174927,0.829710125923157,1,1,1.04999995231628,2001,08,44,15,15,15.7499992847443,0,18.4598045349121,2001-08-01,4.15408039093018,14.0183620452881,10.5514287948608
24060050,Pluviométrica,Convencional,Santander,Los Santos,6.7592,-73.0928,1460,11/15/1973,,Andes,Magdalena Cauca,Sogamoso,Río Sogamoso,2.7309091091156,3.4872727394104,4,4,0.601449251174927,0.829710125923157,1,1,1.04999995231628,2001,08,45,0,0,0,0,19.2165699005127,2001-08-01,4.4973258972168,8.94526958465576,4.74120998382568
24060050,Pluviométrica,Convencional,Santander,Los Santos,6.7592,-73.0928,1460,11/15/1973,,Andes,Magdalena Cauca,Sogamoso,Río Sogamoso,2.7309091091156,3.4872727394104,4,4,0.601449251174927,0.829710125923157,1,1,1.04999995231628,2001,08,46,3,3,3.14999985694885,0,17.1868705749512,2001-08-01,2.12061452865601,11.0024757385254,2.17851257324219
24060050,Pluviométrica,Convencional,Santander,Los Santos,6.7592,-73.0928,1460,11/15/1973,,Andes,Magdalena Cauca,Sogamoso,Río Sogamoso,2.7309091091156,3.4872727394104,4,4,0.601449251174927,0.829710125923157,1,1,1.04999995231628,2001,08,47,21,21,22.049998998642,0,26.2189502716064,2001-08-01,19.3672618865967,26.2644596099854,19.710033416748
24060050,Pluviométrica,Convencional,Santander,Los Santos,6.7592,-73.0928,1460,11/15/1973,,Andes,Magdalena Cauca,Sogamoso,Río Sogamoso,2.7309091091156,3.4872727394104,4,4,0.601449251174927,0.829710125923157,1,1,1.04999995231628,2001,08,48,12,12,12.5999994277954,0,23.5085906982422,2001-08-01,7.03186416625977,15.0549383163452,8.86214065551758
24060050,Pluviométrica,Convencional,Santander,Los Santos,6.7592,-73.0928,1460,11/15/1973,,Andes,Magdalena Cauca,Sogamoso,Río Sogamoso,2.7309091091156,3.4872727394104,4,4,0.601449251174927,0.829710125923157,1,1,1.04999995231628,2001,09,49,10,10,10.4999995231628,0,27.235200881958,2001-09-01,27.8510704040527,17.8053131103516,18.4143581390381
24060050,Pluviométrica,Convencional,Santander,Los Santos,6.7592,-73.0928,1460,11/15/1973,,Andes,Magdalena Cauca,Sogamoso,Río Sogamoso,2.7309091091156,3.4872727394104,4,4,0.601449251174927,0.829710125923157,1,1,1.04999995231628,2001,09,50,0,0,0,0,17.3577346801758,2001-09-01,14.7678365707397,10.4199323654175,10.0804824829102
24060050,Pluviométrica,Convencional,Santander,Los Santos,6.7592,-73.0928,1460,11/15/1973,,Andes,Magdalena Cauca,Sogamoso,Río Sogamoso,2.7309091091156,3.4872727394104,4,4,0.601449251174927,0.829710125923157,1,1,1.04999995231628,2001,09,51,28,28,29.399998664856,0,13.0913152694702,2001-09-01,6.50101518630981,25.3100357055664,18.3918972015381
24060050,Pluviométrica,Convencional,Santander,Los Santos,6.7592,-73.0928,1460,11/15/1973,,Andes,Magdalena Cauca,Sogamoso,Río Sogamoso,2.7309091091156,3.4872727394104,4,4,0.601449251174927,0.829710125923157,1,1,1.04999995231628,2001,09,52,16,16,16.7999992370605,0,10.4198894500732,2001-09-01,2.54147052764893,15.6921768188477,6.72569417953491
24060050,Pluviométrica,Convencional,Santander,Los Santos,6.7592,-73.0928,1460,11/15/1973,,Andes,Magdalena Cauca,Sogamoso,Río Sogamoso,2.7309091091156,3.4872727394104,4,4,0.601449251174927,0.829710125923157,1,1,1.04999995231628,2001,09,53,30,30,31.4999985694885,0,31.9291248321533,2001-09-01,38.1035957336426,32.6594734191895,35.8179130554199
24060050,Pluviométrica,Convencional,Santander,Los Santos,6.7592,-73.0928,1460,11/15/1973,,Andes,Magdalena Cauca,Sogamoso,Río Sogamoso,2.7309091091156,3.4872727394104,4,4,0.601449251174927,0.829710125923157,1,1,1.04999995231628,2001,09,54,8,8,8.39999961853027,0,22.7365798950195,2001-09-01,20.7528743743897,17.0692195892334,16.6553153991699
24060050,Pluviométrica,Convencional,Santander,Los Santos,6.7592,-73.0928,1460,11/15/1973,,Andes,Magdalena Cauca,Sogamoso,Río Sogamoso,2.7309091091156,3.4872727394104,4,4,0.601449251174927,0.829710125923157,1,1,1.03999996185303,2001,10,55,33,33,34.3199987411499,0,27.7138538360596,2001-10-01,16.5236587524414,27.7144565582275,20.4348201751709
24060050,Pluviométrica,Convencional,Santander,Los Santos,6.7592,-73.0928,1460,11/15/1973,,Andes,Magdalena Cauca,Sogamoso,Río Sogamoso,2.7309091091156,3.4872727394104,4,4,0.601449251174927,0.829710125923157,1,1,1.03999996185303,2001,10,56,4,4,4.15999984741211,0,44.6126556396484,2001-10-01,38.7470970153809,25.1686878204346,20.4142227172852
24060050,Pluviométrica,Convencional,Santander,Los Santos,6.7592,-73.0928,1460,11/15/1973,,Andes,Magdalena Cauca,Sogamoso,Río Sogamoso,2.7309091091156,3.4872727394104,4,4,0.601449251174927,0.829710125923157,1,1,1.03999996185303,2001,10,57,10,10,10.3999996185303,0,32.6060104370117,2001-10-01,23.6064586639404,17.9410247802734,13.5668983459473
24060050,Pluviométrica,Convencional,Santander,Los Santos,6.7592,-73.0928,1460,11/15/1973,,Andes,Magdalena Cauca,Sogamoso,Río Sogamoso,2.7309091091156,3.4872727394104,4,4,0.601449251174927,0.829710125923157,1,1,1.03999996185303,2001,10,58,22,22,22.8799991607666,0,26.6950988769531,2001-10-01,17.650032043457,30.2174034118652,23.3405914306641
24060050,Pluviométrica,Convencional,Santander,Los Santos,6.7592,-73.0928,1460,11/15/1973,,Andes,Magdalena Cauca,Sogamoso,Río Sogamoso,2.7309091091156,3.4872727394104,4,4,0.601449251174927,0.829710125923157,1,1,1.03999996185303,2001,10,59,3,3,3.11999988555908,0,27.2712955474854,2001-10-01,18.7087059020996,17.3041248321533,12.8056621551514
24060050,Pluviométrica,Convencional,Santander,Los Santos,6.7592,-73.0928,1460,11/15/1973,,Andes,Magdalena Cauca,Sogamoso,Río Sogamoso,2.7309091091156,3.4872727394104,4,4,0.601449251174927,0.829710125923157,1,1,1.03999996185303,2001,10,60,50,50,51.9999980926514,0,39.9012451171875,2001-10-01,23.9281826019287,45.4257278442383,32.9511337280273
24060050,Pluviométrica,Convencional,Santander,Los Santos,6.7592,-73.0928,1460,11/15/1973,,Andes,Magdalena Cauca,Sogamoso,Río Sogamoso,2.7309091091156,3.4872727394104,4,4,0.601449251174927,0.829710125923157,1,1,1.03999996185303,2001,11,61,5,5,5.19999980926514,0,14.4004440307617,2001-11-01,6.29096984863281,15.510368347168,11.2117433547974
24060050,Pluviométrica,Convencional,Santander,Los Santos,6.7592,-73.0928,1460,11/15/1973,,Andes,Magdalena Cauca,Sogamoso,Río Sogamoso,2.7309091091156,3.4872727394104,4,4,0.601449251174927,0.829710125923157,1,1,1.03999996185303,2001,11,62,6,6,6.23999977111816,0,11.8771495819092,2001-11-01,2.80338668823242,7.95419311523438,3.40127205848694
24060050,Pluviométrica,Convencional,Santander,Los Santos,6.7592,-73.0928,1460,11/15/1973,,Andes,Magdalena Cauca,Sogamoso,Río Sogamoso,2.7309091091156,3.4872727394104,4,4,0.601449251174927,0.829710125923157,1,1,1.03999996185303,2001,11,63,6,6,6.23999977111816,0,30.2221431732178,2001-11-01,20.8507289886475,19.9283027648926,13.8964586257935
24060050,Pluviométrica,Convencional,Santander,Los Santos,6.7592,-73.0928,1460,11/15/1973,,Andes,Magdalena Cauca,Sogamoso,Río Sogamoso,2.7309091091156,3.4872727394104,4,4,0.601449251174927,0.829710125923157,1,1,1.03999996185303,2001,11,64,20,20,20.7999992370605,0,25.4830703735352,2001-11-01,15.9994678497314,23.4785976409912,18.6177825927734
24060050,Pluviométrica,Convencional,Santander,Los Santos,6.7592,-73.0928,1460,11/15/1973,,Andes,Magdalena Cauca,Sogamoso,Río Sogamoso,2.7309091091156,3.4872727394104,4,4,0.601449251174927,0.829710125923157,1,1,1.03999996185303,2001,11,65,10,10,10.3999996185303,0,19.8189296722412,2001-11-01,10.9416017532349,14.916090965271,10.7786455154419
24060050,Pluviométrica,Convencional,Santander,Los Santos,6.7592,-73.0928,1460,11/15/1973,,Andes,Magdalena Cauca,Sogamoso,Río Sogamoso,2.7309091091156,3.4872727394104,4,4,0.601449251174927,0.829710125923157,1,1,1.03999996185303,2001,11,66,7,7,7.27999973297119,0,21.5702934265137,2001-11-01,13.1240081787109,20.1226615905762,12.8919515609741
24060050,Pluviométrica,Convencional,Santander,Los Santos,6.7592,-73.0928,1460,11/15/1973,,Andes,Magdalena Cauca,Sogamoso,Río Sogamoso,2.7309091091156,3.4872727394104,4,4,0.601449251174927,0.829710125923157,1,1,1.05999994277954,2001,12,67,0,0,0,0,4.592848777771,2001-12-01,0,2.93351745605469,0
24060050,Pluviométrica,Convencional,Santander,Los Santos,6.7592,-73.0928,1460,11/15/1973,,Andes,Magdalena Cauca,Sogamoso,Río Sogamoso,2.7309091091156,3.4872727394104,4,4,0.601449251174927,0.829710125923157,1,1,1.05999994277954,2001,12,68,0,0,0,0,17.8852195739746,2001-12-01,22.3468437194824,7.22076749801636,7.3233847618103
24060050,Pluviométrica,Convencional,Santander,Los Santos,6.7592,-73.0928,1460,11/15/1973,,Andes,Magdalena Cauca,Sogamoso,Río Sogamoso,2.7309091091156,3.4872727394104,4,4,0.601449251174927,0.829710125923157,1,1,1.05999994277954,2001,12,69,4,4,4.23999977111816,0,15.6707735061646,2001-12-01,16.7214603424072,7.36032438278198,7.03959226608276
24060050,Pluviométrica,Convencional,Santander,Los Santos,6.7592,-73.0928,1460,11/15/1973,,Andes,Magdalena Cauca,Sogamoso,Río Sogamoso,2.7309091091156,3.4872727394104,4,4,0.601449251174927,0.829710125923157,1,1,1.05999994277954,2001,12,70,12,12,12.7199993133545,0,21.9993991851807,2001-12-01,23.1938018798828,17.6636505126953,15.7657413482666
24060050,Pluviométrica,Convencional,Santander,Los Santos,6.7592,-73.0928,1460,11/15/1973,,Andes,Magdalena Cauca,Sogamoso,Río Sogamoso,2.7309091091156,3.4872727394104,4,4,0.601449251174927,0.829710125923157,1,1,1.05999994277954,2001,12,71,5,5,5.29999971389771,0,21.4035911560059,2001-12-01,24.3117027282715,14.2863903045654,14.8768262863159
24060050,Pluviométrica,Convencional,Santander,Los Santos,6.7592,-73.0928,1460,11/15/1973,,Andes,Magdalena Cauca,Sogamoso,Río Sogamoso,2.7309091091156,3.4872727394104,4,4,0.601449251174927,0.829710125923157,1,1,1.05999994277954,2001,12,72,4,4,4.23999977111816,0,35.7463150024414,2001-12-01,33.2939643859863,13.3815279006958,12.9784526824951
24060050,Pluviométrica,Convencional,Santander,Los Santos,6.7592,-73.0928,1460,11/15/1973,,Andes,Magdalena Cauca,Sogamoso,Río Sogamoso,2.7309091091156,3.4872727394104,4,4,0.601449251174927,0.829710125923157,1,1,1.07000005245209,2002,01,1,0,0,0,0,4.34443759918213,2002-01-01,0,1.96883285045624,0
24060050,Pluviométrica,Convencional,Santander,Los Santos,6.7592,-73.0928,1460,11/15/1973,,Andes,Magdalena Cauca,Sogamoso,Río Sogamoso,2.7309091091156,3.4872727394104,4,4,0.601449251174927,0.829710125923157,1,1,1.07000005245209,2002,01,2,3,3,3.21000015735626,0,4.35984802246094,2002-01-01,0,3.40401291847229,0
24060050,Pluviométrica,Convencional,Santander,Los Santos,6.7592,-73.0928,1460,11/15/1973,,Andes,Magdalena Cauca,Sogamoso,Río Sogamoso,2.7309091091156,3.4872727394104,4,4,0.601449251174927,0.829710125923157,1,1,1.07000005245209,2002,01,3,0,0,0,0,4.27155447006226,2002-01-01,0,3.10906028747559,0
24060050,Pluviométrica,Convencional,Santander,Los Santos,6.7592,-73.0928,1460,11/15/1973,,Andes,Magdalena Cauca,Sogamoso,Río Sogamoso,2.7309091091156,3.4872727394104,4,4,0.601449251174927,0.829710125923157,1,1,1.07000005245209,2002,01,4,0,0,0,0,3.98411822319031,2002-01-01,0,1.79578328132629,0
24060050,Pluviométrica,Convencional,Santander,Los Santos,6.7592,-73.0928,1460,11/15/1973,,Andes,Magdalena Cauca,Sogamoso,Río Sogamoso,2.7309091091156,3.4872727394104,4,4,0.601449251174927,0.829710125923157,1,1,1.07000005245209,2002,01,5,0,0,0,0,5.77373504638672,2002-01-01,2.86852216720581,2.84967470169067,2.5352931022644
24060050,Pluviométrica,Convencional,Santander,Los Santos,6.7592,-73.0928,1460,11/15/1973,,Andes,Magdalena Cauca,Sogamoso,Río Sogamoso,2.7309091091156,3.4872727394104,4,4,0.601449251174927,0.829710125923157,1,1,1.07000005245209,2002,01,6,27,27,28.8900014162064,0,23.6549091339111,2002-01-01,24.845085144043,16.6362113952637,22.6164035797119
24060050,Pluviométrica,Convencional,Santander,Los Santos,6.7592,-73.0928,1460,11/15/1973,,Andes,Magdalena Cauca,Sogamoso,Río Sogamoso,2.7309091091156,3.4872727394104,4,4,0.601449251174927,0.829710125923157,1,1,1.05999994277954,2002,02,7,0,0,0,0,21.3049411773682,2002-02-01,33.9547348022461,10.5084381103516,16.70676612854
24060050,Pluviométrica,Convencional,Santander,Los Santos,6.7592,-73.0928,1460,11/15/1973,,Andes,Magdalena Cauca,Sogamoso,Río Sogamoso,2.7309091091156,3.4872727394104,4,4,0.601449251174927,0.829710125923157,1,1,1.05999994277954,2002,02,8,9,9,9.53999948501587,0,4.23986196517944,2002-02-01,0.489398539066315,4.43038988113403,1.35698342323303
24060050,Pluviométrica,Convencional,Santander,Los Santos,6.7592,-73.0928,1460,11/15/1973,,Andes,Magdalena Cauca,Sogamoso,Río Sogamoso,2.7309091091156,3.4872727394104,4,4,0.601449251174927,0.829710125923157,1,1,1.05999994277954,2002,02,9,20,20,21.1999988555908,0,4.23109769821167,2002-02-01,1.0911922454834,3.49369263648987,1.93491792678833
24060050,Pluviométrica,Convencional,Santander,Los Santos,6.7592,-73.0928,1460,11/15/1973,,Andes,Magdalena Cauca,Sogamoso,Río Sogamoso,2.7309091091156,3.4872727394104,4,4,0.601449251174927,0.829710125923157,1,1,1.05999994277954,2002,02,10,0,0,0,0,4.42083263397217,2002-02-01,1.19419276714325,3.48444271087647,1.98250877857208
24060050,Pluviométrica,Convencional,Santander,Los Santos,6.7592,-73.0928,1460,11/15/1973,,Andes,Magdalena Cauca,Sogamoso,Río Sogamoso,2.7309091091156,3.4872727394104,4,4,0.601449251174927,0.829710125923157,1,1,1.05999994277954,2002,02,11,0,0,0,0,18.2916069030762,2002-02-01,22.7896461486816,6.01412343978882,9.06569004058838
24060050,Pluviométrica,Convencional,Santander,Los Santos,6.7592,-73.0928,1460,11/15/1973,,Andes,Magdalena Cauca,Sogamoso,Río Sogamoso,2.7309091091156,3.4872727394104,4,4,0.601449251174927,0.829710125923157,1,1,1.05999994277954,2002,02,12,0,0,0,0,2.07878923416138,2002-02-01,0,1.95857715606689,0
24060050,Pluviométrica,Convencional,Santander,Los Santos,6.7592,-73.0928,1460,11/15/1973,,Andes,Magdalena Cauca,Sogamoso,Río Sogamoso,2.7309091091156,3.4872727394104,4,4,0.601449251174927,0.829710125923157,1,1,1.05999994277954,2002,03,13,0,0,0,0,8.0891752243042,2002-03-01,2.17532539367676,4.29698085784912,2.41529631614685
24060050,Pluviométrica,Convencional,Santander,Los Santos,6.7592,-73.0928,1460,11/15/1973,,Andes,Magdalena Cauca,Sogamoso,Río Sogamoso,2.7309091091156,3.4872727394104,4,4,0.601449251174927,0.829710125923157,1,1,1.05999994277954,2002,03,14,4,4,4.23999977111816,0,11.4696884155273,2002-03-01,5.6916937828064,14.8969640731812,13.3295049667358
24060050,Pluviométrica,Convencional,Santander,Los Santos,6.7592,-73.0928,1460,11/15/1973,,Andes,Magdalena Cauca,Sogamoso,Río Sogamoso,2.7309091091156,3.4872727394104,4,4,0.601449251174927,0.829710125923157,1,1,1.05999994277954,2002,03,15,11,11,11.659999370575,0,32.8155021667481,2002-03-01,35.8375625610352,31.6618461608887,26.8463287353516
24060050,Pluviométrica,Convencional,Santander,Los Santos,6.7592,-73.0928,1460,11/15/1973,,Andes,Magdalena Cauca,Sogamoso,Río Sogamoso,2.7309091091156,3.4872727394104,4,4,0.601449251174927,0.829710125923157,1,1,1.05999994277954,2002,03,16,32,32,33.9199981689453,0,28.5146484375,2002-03-01,33.268928527832,40.4490509033203,34.6236801147461
24060050,Pluviométrica,Convencional,Santander,Los Santos,6.7592,-73.0928,1460,11/15/1973,,Andes,Magdalena Cauca,Sogamoso,Río Sogamoso,2.7309091091156,3.4872727394104,4,4,0.601449251174927,0.829710125923157,1,1,1.05999994277954,2002,03,17,20,20,21.1999988555908,0,19.6247997283936,2002-03-01,18.9835681915283,22.0738410949707,21.9129772186279
24060050,Pluviométrica,Convencional,Santander,Los Santos,6.7592,-73.0928,1460,11/15/1973,,Andes,Magdalena Cauca,Sogamoso,Río Sogamoso,2.7309091091156,3.4872727394104,4,4,0.601449251174927,0.829710125923157,1,1,1.05999994277954,2002,03,18,57,57,60.4199967384338,0,28.4283561706543,2002-03-01,20.3527641296387,33.2079925537109,25.2346305847168
24060050,Pluviométrica,Convencional,Santander,Los Santos,6.7592,-73.0928,1460,11/15/1973,,Andes,Magdalena Cauca,Sogamoso,Río Sogamoso,2.7309091091156,3.4872727394104,4,4,0.601449251174927,0.829710125923157,1,1,1.04999995231628,2002,04,19,4,4,4.19999980926514,0,27.5204067230225,2002-04-01,24.5153102874756,20.1888866424561,18.9926071166992
24060050,Pluviométrica,Convencional,Santander,Los Santos,6.7592,-73.0928,1460,11/15/1973,,Andes,Magdalena Cauca,Sogamoso,Río Sogamoso,2.7309091091156,3.4872727394104,4,4,0.601449251174927,0.829710125923157,1,1,1.04999995231628,2002,04,20,29,29,30.4499986171722,0,28.2599296569824,2002-04-01,23.3128452301025,28.4865570068359,26.3726615905762
24060050,Pluviométrica,Convencional,Santander,Los Santos,6.7592,-73.0928,1460,11/15/1973,,Andes,Magdalena Cauca,Sogamoso,Río Sogamoso,2.7309091091156,3.4872727394104,4,4,0.601449251174927,0.829710125923157,1,1,1.04999995231628,2002,04,21,25,25,26.2499988079071,0,8.86359405517578,2002-04-01,0.23297119140625,9.89573287963867,0.703340172767639
24060050,Pluviométrica,Convencional,Santander,Los Santos,6.7592,-73.0928,1460,11/15/1973,,Andes,Magdalena Cauca,Sogamoso,Río Sogamoso,2.7309091091156,3.4872727394104,4,4,0.601449251174927,0.829710125923157,1,1,1.04999995231628,2002,04,22,20,20,20.9999990463257,0,29.6133842468262,2002-04-01,27.1556758880615,28.1220283508301,29.0922222137451
24060050,Pluviométrica,Convencional,Santander,Los Santos,6.7592,-73.0928,1460,11/15/1973,,Andes,Magdalena Cauca,Sogamoso,Río Sogamoso,2.7309091091156,3.4872727394104,4,4,0.601449251174927,0.829710125923157,1,1,1.04999995231628,2002,04,23,48,48,50.3999977111817,0,40.0434837341309,2002-04-01,39.9501571655273,29.5809879302979,31.8063945770264
24060050,Pluviométrica,Convencional,Santander,Los Santos,6.7592,-73.0928,1460,11/15/1973,,Andes,Magdalena Cauca,Sogamoso,Río Sogamoso,2.7309091091156,3.4872727394104,4,4,0.601449251174927,0.829710125923157,1,1,1.04999995231628,2002,04,24,2,2,2.09999990463257,0,18.0417156219482,2002-04-01,10.6444845199585,22.6488265991211,17.6981601715088
24060050,Pluviométrica,Convencional,Santander,Los Santos,6.7592,-73.0928,1460,11/15/1973,,Andes,Magdalena Cauca,Sogamoso,Río Sogamoso,2.7309091091156,3.4872727394104,4,4,0.601449251174927,0.829710125923157,1,1,1.03999996185303,2002,05,25,0,0,0,0,30.7546253204346,2002-05-01,23.2138442993164,18.7104568481445,16.1325569152832
24060050,Pluviométrica,Convencional,Santander,Los Santos,6.7592,-73.0928,1460,11/15/1973,,Andes,Magdalena Cauca,Sogamoso,Río Sogamoso,2.7309091091156,3.4872727394104,4,4,0.601449251174927,0.829710125923157,1,1,1.03999996185303,2002,05,26,5,5,5.19999980926514,0,32.771125793457,2002-05-01,25.0502166748047,18.05442237854,14.8304347991943
24060050,Pluviométrica,Convencional,Santander,Los Santos,6.7592,-73.0928,1460,11/15/1973,,Andes,Magdalena Cauca,Sogamoso,Río Sogamoso,2.7309091091156,3.4872727394104,4,4,0.601449251174927,0.829710125923157,1,1,1.03999996185303,2002,05,27,10,10,10.3999996185303,0,31.0729751586914,2002-05-01,22.80784034729,17.640172958374,15.9738721847534
24060050,Pluviométrica,Convencional,Santander,Los Santos,6.7592,-73.0928,1460,11/15/1973,,Andes,Magdalena Cauca,Sogamoso,Río Sogamoso,2.7309091091156,3.4872727394104,4,4,0.601449251174927,0.829710125923157,1,1,1.03999996185303,2002,05,28,34,34,35.3599987030029,0,50.7675247192383,2002-05-01,47.1992263793945,28.4260311126709,27.9173469543457
24060050,Pluviométrica,Convencional,Santander,Los Santos,6.7592,-73.0928,1460,11/15/1973,,Andes,Magdalena Cauca,Sogamoso,Río Sogamoso,2.7309091091156,3.4872727394104,4,4,0.601449251174927,0.829710125923157,1,1,1.03999996185303,2002,05,29,28,28,29.1199989318848,0,39.3165321350098,2002-05-01,33.3085250854492,58.3125724792481,52.9342803955078
24060050,Pluviométrica,Convencional,Santander,Los Santos,6.7592,-73.0928,1460,11/15/1973,,Andes,Magdalena Cauca,Sogamoso,Río Sogamoso,2.7309091091156,3.4872727394104,4,4,0.601449251174927,0.829710125923157,1,1,1.03999996185303,2002,05,30,7,7,7.27999973297119,0,25.2619953155518,2002-05-01,9.25898551940918,30.0749359130859,15.7762994766235
24060050,Pluviométrica,Convencional,Santander,Los Santos,6.7592,-73.0928,1460,11/15/1973,,Andes,Magdalena Cauca,Sogamoso,Río Sogamoso,2.7309091091156,3.4872727394104,4,4,0.601449251174927,0.829710125923157,1,1,1.04999995231628,2002,06,31,25,25,26.2499988079071,0,14.9546298980713,2002-06-01,5.55683517456055,20.0436763763428,12.9724140167236
24060050,Pluviométrica,Convencional,Santander,Los Santos,6.7592,-73.0928,1460,11/15/1973,,Andes,Magdalena Cauca,Sogamoso,Río Sogamoso,2.7309091091156,3.4872727394104,4,4,0.601449251174927,0.829710125923157,1,1,1.04999995231628,2002,06,32,32,32,33.5999984741211,0,23.8637943267822,2002-06-01,21.4670467376709,24.1953868865967,24.7309856414795
24060050,Pluviométrica,Convencional,Santander,Los Santos,6.7592,-73.0928,1460,11/15/1973,,Andes,Magdalena Cauca,Sogamoso,Río Sogamoso,2.7309091091156,3.4872727394104,4,4,0.601449251174927,0.829710125923157,1,1,1.04999995231628,2002,06,33,0,0,0,0,19.3480567932129,2002-06-01,14.3335933685303,13.4128913879395,11.9520807266235
24060050,Pluviométrica,Convencional,Santander,Los Santos,6.7592,-73.0928,1460,11/15/1973,,Andes,Magdalena Cauca,Sogamoso,Río Sogamoso,2.7309091091156,3.4872727394104,4,4,0.601449251174927,0.829710125923157,1,1,1.04999995231628,2002,06,34,5,5,5.24999976158142,0,13.5528564453125,2002-06-01,5.15187501907349,10.6642684936523,5.91102743148804
24060050,Pluviométrica,Convencional,Santander,Los Santos,6.7592,-73.0928,1460,11/15/1973,,Andes,Magdalena Cauca,Sogamoso,Río Sogamoso,2.7309091091156,3.4872727394104,4,4,0.601449251174927,0.829710125923157,1,1,1.04999995231628,2002,06,35,10,10,10.4999995231628,0,14.4634284973145,2002-06-01,7.07092380523682,13.82239818573,12.3103065490723
24060050,Pluviométrica,Convencional,Santander,Los Santos,6.7592,-73.0928,1460,11/15/1973,,Andes,Magdalena Cauca,Sogamoso,Río Sogamoso,2.7309091091156,3.4872727394104,4,4,0.601449251174927,0.829710125923157,1,1,1.04999995231628,2002,06,36,0,0,0,0,11.2440738677979,2002-06-01,0.521098136901856,5.06762933731079,0.571747243404388
24060050,Pluviométrica,Convencional,Santander,Los Santos,6.7592,-73.0928,1460,11/15/1973,,Andes,Magdalena Cauca,Sogamoso,Río Sogamoso,2.7309091091156,3.4872727394104,4,4,0.601449251174927,0.829710125923157,1,1,1.04999995231628,2002,07,37,40,40,41.9999980926514,0,14.0263681411743,2002-07-01,11.1667442321777,15.3262252807617,14.8421754837036
24060050,Pluviométrica,Convencional,Santander,Los Santos,6.7592,-73.0928,1460,11/15/1973,,Andes,Magdalena Cauca,Sogamoso,Río Sogamoso,2.7309091091156,3.4872727394104,4,4,0.601449251174927,0.829710125923157,1,1,1.04999995231628,2002,07,38,15,15,15.7499992847443,0,17.6254081726074,2002-07-01,19.1975746154785,9.00313949584961,10.3145923614502
24060050,Pluviométrica,Convencional,Santander,Los Santos,6.7592,-73.0928,1460,11/15/1973,,Andes,Magdalena Cauca,Sogamoso,Río Sogamoso,2.7309091091156,3.4872727394104,4,4,0.601449251174927,0.829710125923157,1,1,1.04999995231628,2002,07,39,0,0,0,0,14.4453802108765,2002-07-01,12.0967569351196,7.73327779769898,7.2629508972168
24060050,Pluviométrica,Convencional,Santander,Los Santos,6.7592,-73.0928,1460,11/15/1973,,Andes,Magdalena Cauca,Sogamoso,Río Sogamoso,2.7309091091156,3.4872727394104,4,4,0.601449251174927,0.829710125923157,1,1,1.04999995231628,2002,07,40,10,10,10.4999995231628,0,23.2356929779053,2002-07-01,34.0131301879883,13.2968664169312,19.3383083343506
24060050,Pluviométrica,Convencional,Santander,Los Santos,6.7592,-73.0928,1460,11/15/1973,,Andes,Magdalena Cauca,Sogamoso,Río Sogamoso,2.7309091091156,3.4872727394104,4,4,0.601449251174927,0.829710125923157,1,1,1.04999995231628,2002,07,41,13,13,13.6499993801117,0,12.8229207992554,2002-07-01,8.51703071594238,7.45569324493408,6.3480715751648
24060050,Pluviométrica,Convencional,Santander,Los Santos,6.7592,-73.0928,1460,11/15/1973,,Andes,Magdalena Cauca,Sogamoso,Río Sogamoso,2.7309091091156,3.4872727394104,4,4,0.601449251174927,0.829710125923157,1,1,1.04999995231628,2002,07,42,11,11,11.5499994754791,0,20.7017841339111,2002-07-01,14.1381254196167,12.7278289794922,12.5547332763672
24060050,Pluviométrica,Convencional,Santander,Los Santos,6.7592,-73.0928,1460,11/15/1973,,Andes,Magdalena Cauca,Sogamoso,Río Sogamoso,2.7309091091156,3.4872727394104,4,4,0.601449251174927,0.829710125923157,1,1,1.04999995231628,2002,08,43,0,0,0,0,20.2135524749756,2002-08-01,12.3807802200317,12.2640752792358,10.4305362701416
24060050,Pluviométrica,Convencional,Santander,Los Santos,6.7592,-73.0928,1460,11/15/1973,,Andes,Magdalena Cauca,Sogamoso,Río Sogamoso,2.7309091091156,3.4872727394104,4,4,0.601449251174927,0.829710125923157,1,1,1.04999995231628,2002,08,44,19,19,19.9499990940094,0,30.5821380615234,2002-08-01,25.527795791626,16.2116279602051,15.6764812469482
24060050,Pluviométrica,Convencional,Santander,Los Santos,6.7592,-73.0928,1460,11/15/1973,,Andes,Magdalena Cauca,Sogamoso,Río Sogamoso,2.7309091091156,3.4872727394104,4,4,0.601449251174927,0.829710125923157,1,1,1.04999995231628,2002,08,45,0,0,0,0,18.6338710784912,2002-08-01,3.5229320526123,13.6239528656006,5.56082057952881
24060050,Pluviométrica,Convencional,Santander,Los Santos,6.7592,-73.0928,1460,11/15/1973,,Andes,Magdalena Cauca,Sogamoso,Río Sogamoso,2.7309091091156,3.4872727394104,4,4,0.601449251174927,0.829710125923157,1,1,1.04999995231628,2002,08,46,0,0,0,0,30.2645893096924,2002-08-01,24.2621631622314,11.8907232284546,10.1404504776001
24060050,Pluviométrica,Convencional,Santander,Los Santos,6.7592,-73.0928,1460,11/15/1973,,Andes,Magdalena Cauca,Sogamoso,Río Sogamoso,2.7309091091156,3.4872727394104,4,4,0.601449251174927,0.829710125923157,1,1,1.04999995231628,2002,08,47,22,22,23.0999989509583,0,27.0444755554199,2002-08-01,20.8069019317627,21.3117256164551,18.0895824432373
24060050,Pluviométrica,Convencional,Santander,Los Santos,6.7592,-73.0928,1460,11/15/1973,,Andes,Magdalena Cauca,Sogamoso,Río Sogamoso,2.7309091091156,3.4872727394104,4,4,0.601449251174927,0.829710125923157,1,1,1.04999995231628,2002,08,48,1,1,1.04999995231628,0,38.6187362670898,2002-08-01,31.4214000701904,20.4690761566162,17.9869594573975
24060050,Pluviométrica,Convencional,Santander,Los Santos,6.7592,-73.0928,1460,11/15/1973,,Andes,Magdalena Cauca,Sogamoso,Río Sogamoso,2.7309091091156,3.4872727394104,4,4,0.601449251174927,0.829710125923157,1,1,1.04999995231628,2002,09,49,18,18,18.8999991416931,0,15.6978425979614,2002-09-01,9.90816783905029,11.6609420776367,8.67947483062744
24060050,Pluviométrica,Convencional,Santander,Los Santos,6.7592,-73.0928,1460,11/15/1973,,Andes,Magdalena Cauca,Sogamoso,Río Sogamoso,2.7309091091156,3.4872727394104,4,4,0.601449251174927,0.829710125923157,1,1,1.04999995231628,2002,09,50,26,26,27.2999987602234,0,22.9071712493897,2002-09-01,24.0761699676514,18.6786499023438,18.2500839233398
24060050,Pluviométrica,Convencional,Santander,Los Santos,6.7592,-73.0928,1460,11/15/1973,,Andes,Magdalena Cauca,Sogamoso,Río Sogamoso,2.7309091091156,3.4872727394104,4,4,0.601449251174927,0.829710125923157,1,1,1.04999995231628,2002,09,51,0,0,0,0,18.995044708252,2002-09-01,16.2078475952148,11.625883102417,9.21122074127197
24060050,Pluviométrica,Convencional,Santander,Los Santos,6.7592,-73.0928,1460,11/15/1973,,Andes,Magdalena Cauca,Sogamoso,Río Sogamoso,2.7309091091156,3.4872727394104,4,4,0.601449251174927,0.829710125923157,1,1,1.04999995231628,2002,09,52,87,87,91.3499958515167,0,23.5991687774658,2002-09-01,24.5434627532959,40.9093780517578,40.0360527038574
24060050,Pluviométrica,Convencional,Santander,Los Santos,6.7592,-73.0928,1460,11/15/1973,,Andes,Magdalena Cauca,Sogamoso,Río Sogamoso,2.7309091091156,3.4872727394104,4,4,0.601449251174927,0.829710125923157,1,1,1.04999995231628,2002,09,53,20,20,20.9999990463257,0,19.7052440643311,2002-09-01,17.875244140625,14.5405244827271,12.6499700546265
24060050,Pluviométrica,Convencional,Santander,Los Santos,6.7592,-73.0928,1460,11/15/1973,,Andes,Magdalena Cauca,Sogamoso,Río Sogamoso,2.7309091091156,3.4872727394104,4,4,0.601449251174927,0.829710125923157,1,1,1.04999995231628,2002,09,54,9,9,9.44999957084656,0,24.6801013946533,2002-09-01,23.7842750549316,29.1765766143799,25.3335876464844
24060050,Pluviométrica,Convencional,Santander,Los Santos,6.7592,-73.0928,1460,11/15/1973,,Andes,Magdalena Cauca,Sogamoso,Río Sogamoso,2.7309091091156,3.4872727394104,4,4,0.601449251174927,0.829710125923157,1,1,1.03999996185303,2002,10,55,0,0,0,0,17.8010005950928,2002-10-01,2.85248875617981,9.81779956817627,3.52954292297363
24060050,Pluviométrica,Convencional,Santander,Los Santos,6.7592,-73.0928,1460,11/15/1973,,Andes,Magdalena Cauca,Sogamoso,Río Sogamoso,2.7309091091156,3.4872727394104,4,4,0.601449251174927,0.829710125923157,1,1,1.03999996185303,2002,10,56,29,29,30.1599988937378,0,30.3025016784668,2002-10-01,19.1245613098145,36.6971168518066,29.9740657806397
24060050,Pluviométrica,Convencional,Santander,Los Santos,6.7592,-73.0928,1460,11/15/1973,,Andes,Magdalena Cauca,Sogamoso,Río Sogamoso,2.7309091091156,3.4872727394104,4,4,0.601449251174927,0.829710125923157,1,1,1.03999996185303,2002,10,57,0,0,0,0,42.5585556030273,2002-10-01,38.9436492919922,13.6903581619263,12.4247188568115
24060050,Pluviométrica,Convencional,Santander,Los Santos,6.7592,-73.0928,1460,11/15/1973,,Andes,Magdalena Cauca,Sogamoso,Río Sogamoso,2.7309091091156,3.4872727394104,4,4,0.601449251174927,0.829710125923157,1,1,1.03999996185303,2002,10,58,0,0,0,0,25.9709873199463,2002-10-01,16.5343627929688,15.4620885848999,12.5631923675537
24060050,Pluviométrica,Convencional,Santander,Los Santos,6.7592,-73.0928,1460,11/15/1973,,Andes,Magdalena Cauca,Sogamoso,Río Sogamoso,2.7309091091156,3.4872727394104,4,4,0.601449251174927,0.829710125923157,1,1,1.03999996185303,2002,10,59,20,20,20.7999992370605,0,40.5866165161133,2002-10-01,39.9641990661621,34.1004753112793,30.2671337127686
24060050,Pluviométrica,Convencional,Santander,Los Santos,6.7592,-73.0928,1460,11/15/1973,,Andes,Magdalena Cauca,Sogamoso,Río Sogamoso,2.7309091091156,3.4872727394104,4,4,0.601449251174927,0.829710125923157,1,1,1.03999996185303,2002,10,60,19,19,19.7599992752075,0,35.990177154541,2002-10-01,18.5950965881348,27.7141609191895,21.4358959197998
24060050,Pluviométrica,Convencional,Santander,Los Santos,6.7592,-73.0928,1460,11/15/1973,,Andes,Magdalena Cauca,Sogamoso,Río Sogamoso,2.7309091091156,3.4872727394104,4,4,0.601449251174927,0.829710125923157,1,1,1.03999996185303,2002,11,61,18,18,18.7199993133545,0,15.5220766067505,2002-11-01,7.51234579086304,17.7005786895752,18.287633895874
24060050,Pluviométrica,Convencional,Santander,Los Santos,6.7592,-73.0928,1460,11/15/1973,,Andes,Magdalena Cauca,Sogamoso,Río Sogamoso,2.7309091091156,3.4872727394104,4,4,0.601449251174927,0.829710125923157,1,1,1.03999996185303,2002,11,62,24,24,24.9599990844727,0,8.49954223632813,2002-11-01,0.195481553673744,11.2953119277954,0.731561899185181
24060050,Pluviométrica,Convencional,Santander,Los Santos,6.7592,-73.0928,1460,11/15/1973,,Andes,Magdalena Cauca,Sogamoso,Río Sogamoso,2.7309091091156,3.4872727394104,4,4,0.601449251174927,0.829710125923157,1,1,1.03999996185303,2002,11,63,0,0,0,0,15.4237279891968,2002-11-01,5.07477426528931,12.9499225616455,9.88096332550049
24060050,Pluviométrica,Convencional,Santander,Los Santos,6.7592,-73.0928,1460,11/15/1973,,Andes,Magdalena Cauca,Sogamoso,Río Sogamoso,2.7309091091156,3.4872727394104,4,4,0.601449251174927,0.829710125923157,1,1,1.03999996185303,2002,11,64,7,7,7.27999973297119,0,20.7528839111328,2002-11-01,11.0365390777588,10.6318445205688,9.05568504333496
24060050,Pluviométrica,Convencional,Santander,Los Santos,6.7592,-73.0928,1460,11/15/1973,,Andes,Magdalena Cauca,Sogamoso,Río Sogamoso,2.7309091091156,3.4872727394104,4,4,0.601449251174927,0.829710125923157,1,1,1.03999996185303,2002,11,65,0,0,0,0,28.201904296875,2002-11-01,19.7630424499512,8.49074172973633,7.80487537384033
24060050,Pluviométrica,Convencional,Santander,Los Santos,6.7592,-73.0928,1460,11/15/1973,,Andes,Magdalena Cauca,Sogamoso,Río Sogamoso,2.7309091091156,3.4872727394104,4,4,0.601449251174927,0.829710125923157,1,1,1.03999996185303,2002,11,66,0,0,0,0,12.2674007415771,2002-11-01,3.16921710968018,6.15306949615479,3.12215280532837
24060050,Pluviométrica,Convencional,Santander,Los Santos,6.7592,-73.0928,1460,11/15/1973,,Andes,Magdalena Cauca,Sogamoso,Río Sogamoso,2.7309091091156,3.4872727394104,4,4,0.601449251174927,0.829710125923157,1,1,1.05999994277954,2002,12,67,0,0,0,0,15.5151138305664,2002-12-01,15.0421113967896,11.410569190979,10.9895086288452
24060050,Pluviométrica,Convencional,Santander,Los Santos,6.7592,-73.0928,1460,11/15/1973,,Andes,Magdalena Cauca,Sogamoso,Río Sogamoso,2.7309091091156,3.4872727394104,4,4,0.601449251174927,0.829710125923157,1,1,1.05999994277954,2002,12,68,0,0,0,0,4.2307596206665,2002-12-01,0.520382642745972,4.01742172241211,1.25803518295288
24060050,Pluviométrica,Convencional,Santander,Los Santos,6.7592,-73.0928,1460,11/15/1973,,Andes,Magdalena Cauca,Sogamoso,Río Sogamoso,2.7309091091156,3.4872727394104,4,4,0.601449251174927,0.829710125923157,1,1,1.05999994277954,2002,12,69,3,3,3.17999982833862,0,14.2388067245483,2002-12-01,14.3851251602173,15.8989486694336,19.4085884094238
24060050,Pluviométrica,Convencional,Santander,Los Santos,6.7592,-73.0928,1460,11/15/1973,,Andes,Magdalena Cauca,Sogamoso,Río Sogamoso,2.7309091091156,3.4872727394104,4,4,0.601449251174927,0.829710125923157,1,1,1.05999994277954,2002,12,70,11,11,11.659999370575,0,5.43632173538208,2002-12-01,0,9.09724235534668,0
24060050,Pluviométrica,Convencional,Santander,Los Santos,6.7592,-73.0928,1460,11/15/1973,,Andes,Magdalena Cauca,Sogamoso,Río Sogamoso,2.7309091091156,3.4872727394104,4,4,0.601449251174927,0.829710125923157,1,1,1.05999994277954,2002,12,71,0,0,0,0,10.1906576156616,2002-12-01,7.0366530418396,5.86744022369385,6.69024562835693
24060050,Pluviométrica,Convencional,Santander,Los Santos,6.7592,-73.0928,1460,11/15/1973,,Andes,Magdalena Cauca,Sogamoso,Río Sogamoso,2.7309091091156,3.4872727394104,4,4,0.601449251174927,0.829710125923157,1,1,1.05999994277954,2002,12,72,0,0,0,0,9.64634037017822,2002-12-01,1.47091960906982,5.01029825210571,1.68847787380219
24060050,Pluviométrica,Convencional,Santander,Los Santos,6.7592,-73.0928,1460,11/15/1973,,Andes,Magdalena Cauca,Sogamoso,Río Sogamoso,2.7309091091156,3.4872727394104,4,4,0.601449251174927,0.829710125923157,1,1,1.07000005245209,2003,01,1,0,0,0,0,4.34443759918213,2003-01-01,0,2.86557817459106,0
24060050,Pluviométrica,Convencional,Santander,Los Santos,6.7592,-73.0928,1460,11/15/1973,,Andes,Magdalena Cauca,Sogamoso,Río Sogamoso,2.7309091091156,3.4872727394104,4,4,0.601449251174927,0.829710125923157,1,1,1.07000005245209,2003,01,2,0,0,0,0,4.35984802246094,2003-01-01,0,2.47311520576477,0
24060050,Pluviométrica,Convencional,Santander,Los Santos,6.7592,-73.0928,1460,11/15/1973,,Andes,Magdalena Cauca,Sogamoso,Río Sogamoso,2.7309091091156,3.4872727394104,4,4,0.601449251174927,0.829710125923157,1,1,1.07000005245209,2003,01,3,0,0,0,0,4.27155447006226,2003-01-01,0,2.85152459144592,0
24060050,Pluviométrica,Convencional,Santander,Los Santos,6.7592,-73.0928,1460,11/15/1973,,Andes,Magdalena Cauca,Sogamoso,Río Sogamoso,2.7309091091156,3.4872727394104,4,4,0.601449251174927,0.829710125923157,1,1,1.07000005245209,2003,01,4,0,0,0,0,3.98411822319031,2003-01-01,0,4.05145168304443,0
24060050,Pluviométrica,Convencional,Santander,Los Santos,6.7592,-73.0928,1460,11/15/1973,,Andes,Magdalena Cauca,Sogamoso,Río Sogamoso,2.7309091091156,3.4872727394104,4,4,0.601449251174927,0.829710125923157,1,1,1.07000005245209,2003,01,5,0,0,0,0,3.49986529350281,2003-01-01,0,2.55207180976868,0
24060050,Pluviométrica,Convencional,Santander,Los Santos,6.7592,-73.0928,1460,11/15/1973,,Andes,Magdalena Cauca,Sogamoso,Río Sogamoso,2.7309091091156,3.4872727394104,4,4,0.601449251174927,0.829710125923157,1,1,1.07000005245209,2003,01,6,0,0,0,0,4.27494049072266,2003-01-01,0,2.7794394493103,0
24060050,Pluviométrica,Convencional,Santander,Los Santos,6.7592,-73.0928,1460,11/15/1973,,Andes,Magdalena Cauca,Sogamoso,Río Sogamoso,2.7309091091156,3.4872727394104,4,4,0.601449251174927,0.829710125923157,1,1,1.05999994277954,2003,02,7,0,0,0,0,6.85163831710815,2003-02-01,4.76392221450806,4.28829908370972,4.13281011581421
24060050,Pluviométrica,Convencional,Santander,Los Santos,6.7592,-73.0928,1460,11/15/1973,,Andes,Magdalena Cauca,Sogamoso,Río Sogamoso,2.7309091091156,3.4872727394104,4,4,0.601449251174927,0.829710125923157,1,1,1.05999994277954,2003,02,8,20,20,21.1999988555908,0,25.5357055664063,2003-02-01,46.5798110961914,29.4538764953613,35.2532348632813
24060050,Pluviométrica,Convencional,Santander,Los Santos,6.7592,-73.0928,1460,11/15/1973,,Andes,Magdalena Cauca,Sogamoso,Río Sogamoso,2.7309091091156,3.4872727394104,4,4,0.601449251174927,0.829710125923157,1,1,1.05999994277954,2003,02,9,6,6,6.35999965667725,0,12.5800247192383,2003-02-01,18.8163089752197,19.5574989318848,20.360803604126
24060050,Pluviométrica,Convencional,Santander,Los Santos,6.7592,-73.0928,1460,11/15/1973,,Andes,Magdalena Cauca,Sogamoso,Río Sogamoso,2.7309091091156,3.4872727394104,4,4,0.601449251174927,0.829710125923157,1,1,1.05999994277954,2003,02,10,0,0,0,0,5.2138614654541,2003-02-01,2.74523162841797,3.98373317718506,3.40196013450623
24060050,Pluviométrica,Convencional,Santander,Los Santos,6.7592,-73.0928,1460,11/15/1973,,Andes,Magdalena Cauca,Sogamoso,Río Sogamoso,2.7309091091156,3.4872727394104,4,4,0.601449251174927,0.829710125923157,1,1,1.05999994277954,2003,02,11,25,25,26.4999985694885,0,4.72632598876953,2003-02-01,0.215412616729736,4.97025918960571,0.509964287281036
24060050,Pluviométrica,Convencional,Santander,Los Santos,6.7592,-73.0928,1460,11/15/1973,,Andes,Magdalena Cauca,Sogamoso,Río Sogamoso,2.7309091091156,3.4872727394104,4,4,0.601449251174927,0.829710125923157,1,1,1.05999994277954,2003,02,12,2,2,2.11999988555908,0,3.74951672554016,2003-02-01,2.05675721168518,4.05677223205566,2.81808710098267
24060050,Pluviométrica,Convencional,Santander,Los Santos,6.7592,-73.0928,1460,11/15/1973,,Andes,Magdalena Cauca,Sogamoso,Río Sogamoso,2.7309091091156,3.4872727394104,4,4,0.601449251174927,0.829710125923157,1,1,1.05999994277954,2003,03,13,0,0,0,0,5.80994558334351,2003-03-01,0,3.31807160377502,0
24060050,Pluviométrica,Convencional,Santander,Los Santos,6.7592,-73.0928,1460,11/15/1973,,Andes,Magdalena Cauca,Sogamoso,Río Sogamoso,2.7309091091156,3.4872727394104,4,4,0.601449251174927,0.829710125923157,1,1,1.05999994277954,2003,03,14,0,0,0,0,5.79059457778931,2003-03-01,0,3.08697915077209,0
24060050,Pluviométrica,Convencional,Santander,Los Santos,6.7592,-73.0928,1460,11/15/1973,,Andes,Magdalena Cauca,Sogamoso,Río Sogamoso,2.7309091091156,3.4872727394104,4,4,0.601449251174927,0.829710125923157,1,1,1.05999994277954,2003,03,15,24,24,25.439998626709,0,22.6270732879639,2003-03-01,20.4178066253662,33.9281806945801,30.7897872924805
24060050,Pluviométrica,Convencional,Santander,Los Santos,6.7592,-73.0928,1460,11/15/1973,,Andes,Magdalena Cauca,Sogamoso,Río Sogamoso,2.7309091091156,3.4872727394104,4,4,0.601449251174927,0.829710125923157,1,1,1.05999994277954,2003,03,16,72,72,76.319995880127,0,16.9722385406494,2003-03-01,14.2631607055664,38.7453346252441,36.3318672180176
24060050,Pluviométrica,Convencional,Santander,Los Santos,6.7592,-73.0928,1460,11/15/1973,,Andes,Magdalena Cauca,Sogamoso,Río Sogamoso,2.7309091091156,3.4872727394104,4,4,0.601449251174927,0.829710125923157,1,1,1.05999994277954,2003,03,17,3,3,3.17999982833862,0,6.11797904968262,2003-03-01,0,10.3797454833984,0
24060050,Pluviométrica,Convencional,Santander,Los Santos,6.7592,-73.0928,1460,11/15/1973,,Andes,Magdalena Cauca,Sogamoso,Río Sogamoso,2.7309091091156,3.4872727394104,4,4,0.601449251174927,0.829710125923157,1,1,1.05999994277954,2003,03,18,0,0,0,0,9.53099918365479,2003-03-01,0,12.5256547927856,0
24060050,Pluviométrica,Convencional,Santander,Los Santos,6.7592,-73.0928,1460,11/15/1973,,Andes,Magdalena Cauca,Sogamoso,Río Sogamoso,2.7309091091156,3.4872727394104,4,4,0.601449251174927,0.829710125923157,1,1,1.04999995231628,2003,04,19,0,0,0,0,11.3873634338379,2003-04-01,3.09383344650269,7.01022243499756,4.51803684234619
24060050,Pluviométrica,Convencional,Santander,Los Santos,6.7592,-73.0928,1460,11/15/1973,,Andes,Magdalena Cauca,Sogamoso,Río Sogamoso,2.7309091091156,3.4872727394104,4,4,0.601449251174927,0.829710125923157,1,1,1.04999995231628,2003,04,20,41,41,43.0499980449677,0,32.4440574645996,2003-04-01,27.6279544830322,31.5667533874512,29.6657047271729
24060050,Pluviométrica,Convencional,Santander,Los Santos,6.7592,-73.0928,1460,11/15/1973,,Andes,Magdalena Cauca,Sogamoso,Río Sogamoso,2.7309091091156,3.4872727394104,4,4,0.601449251174927,0.829710125923157,1,1,1.04999995231628,2003,04,21,42,42,44.0999979972839,0,19.004508972168,2003-04-01,12.5177307128906,33.4108428955078,27.6906318664551
24060050,Pluviométrica,Convencional,Santander,Los Santos,6.7592,-73.0928,1460,11/15/1973,,Andes,Magdalena Cauca,Sogamoso,Río Sogamoso,2.7309091091156,3.4872727394104,4,4,0.601449251174927,0.829710125923157,1,1,1.04999995231628,2003,04,22,45,45,47.2499978542328,0,25.7269725799561,2003-04-01,20.5698051452637,31.0467891693115,29.1826419830322
24060050,Pluviométrica,Convencional,Santander,Los Santos,6.7592,-73.0928,1460,11/15/1973,,Andes,Magdalena Cauca,Sogamoso,Río Sogamoso,2.7309091091156,3.4872727394104,4,4,0.601449251174927,0.829710125923157,1,1,1.04999995231628,2003,04,23,65,65,68.2499969005585,0,37.4880447387695,2003-04-01,36.8034400939941,57.3410873413086,57.5113105773926
24060050,Pluviométrica,Convencional,Santander,Los Santos,6.7592,-73.0928,1460,11/15/1973,,Andes,Magdalena Cauca,Sogamoso,Río Sogamoso,2.7309091091156,3.4872727394104,4,4,0.601449251174927,0.829710125923157,1,1,1.04999995231628,2003,04,24,4,4,4.19999980926514,0,9.9221773147583,2003-04-01,1.21587109565735,8.02073478698731,2.09634470939636
24060050,Pluviométrica,Convencional,Santander,Los Santos,6.7592,-73.0928,1460,11/15/1973,,Andes,Magdalena Cauca,Sogamoso,Río Sogamoso,2.7309091091156,3.4872727394104,4,4,0.601449251174927,0.829710125923157,1,1,1.03999996185303,2003,05,25,5,5,5.19999980926514,0,19.1770000457764,2003-05-01,8.67464828491211,18.5302276611328,9.78652667999268
24060050,Pluviométrica,Convencional,Santander,Los Santos,6.7592,-73.0928,1460,11/15/1973,,Andes,Magdalena Cauca,Sogamoso,Río Sogamoso,2.7309091091156,3.4872727394104,4,4,0.601449251174927,0.829710125923157,1,1,1.03999996185303,2003,05,26,5,5,5.19999980926514,0,43.2463417053223,2003-05-01,38.0710563659668,25.2445182800293,22.228199005127
24060050,Pluviométrica,Convencional,Santander,Los Santos,6.7592,-73.0928,1460,11/15/1973,,Andes,Magdalena Cauca,Sogamoso,Río Sogamoso,2.7309091091156,3.4872727394104,4,4,0.601449251174927,0.829710125923157,1,1,1.03999996185303,2003,05,27,0,0,0,0,31.0729751586914,2003-05-01,22.80784034729,17.6652565002441,14.8590173721313
24060050,Pluviométrica,Convencional,Santander,Los Santos,6.7592,-73.0928,1460,11/15/1973,,Andes,Magdalena Cauca,Sogamoso,Río Sogamoso,2.7309091091156,3.4872727394104,4,4,0.601449251174927,0.829710125923157,1,1,1.03999996185303,2003,05,28,15,15,15.5999994277954,0,30.7973499298096,2003-05-01,22.4588203430176,22.8490562438965,20.1017799377441
24060050,Pluviométrica,Convencional,Santander,Los Santos,6.7592,-73.0928,1460,11/15/1973,,Andes,Magdalena Cauca,Sogamoso,Río Sogamoso,2.7309091091156,3.4872727394104,4,4,0.601449251174927,0.829710125923157,1,1,1.03999996185303,2003,05,29,5,5,5.19999980926514,0,56.6908226013184,2003-05-01,54.9258346557617,26.1896724700928,25.3666820526123
24060050,Pluviométrica,Convencional,Santander,Los Santos,6.7592,-73.0928,1460,11/15/1973,,Andes,Magdalena Cauca,Sogamoso,Río Sogamoso,2.7309091091156,3.4872727394104,4,4,0.601449251174927,0.829710125923157,1,1,1.03999996185303,2003,05,30,10,10,10.3999996185303,0,28.4921855926514,2003-05-01,12.6962757110596,14.651798248291,9.08036327362061
24060050,Pluviométrica,Convencional,Santander,Los Santos,6.7592,-73.0928,1460,11/15/1973,,Andes,Magdalena Cauca,Sogamoso,Río Sogamoso,2.7309091091156,3.4872727394104,4,4,0.601449251174927,0.829710125923157,1,1,1.04999995231628,2003,06,31,9,9,9.44999957084656,0,29.0426845550537,2003-06-01,30.2240238189697,23.2938785552979,23.0035133361816
24060050,Pluviométrica,Convencional,Santander,Los Santos,6.7592,-73.0928,1460,11/15/1973,,Andes,Magdalena Cauca,Sogamoso,Río Sogamoso,2.7309091091156,3.4872727394104,4,4,0.601449251174927,0.829710125923157,1,1,1.04999995231628,2003,06,32,0,0,0,0,23.0449390411377,2003-06-01,19.9987678527832,13.6354722976685,12.5741691589355
24060050,Pluviométrica,Convencional,Santander,Los Santos,6.7592,-73.0928,1460,11/15/1973,,Andes,Magdalena Cauca,Sogamoso,Río Sogamoso,2.7309091091156,3.4872727394104,4,4,0.601449251174927,0.829710125923157,1,1,1.04999995231628,2003,06,33,31,31,32.5499985218048,0,25.5136966705322,2003-06-01,25.8760242462158,26.0106945037842,28.3793354034424
24060050,Pluviométrica,Convencional,Santander,Los Santos,6.7592,-73.0928,1460,11/15/1973,,Andes,Magdalena Cauca,Sogamoso,Río Sogamoso,2.7309091091156,3.4872727394104,4,4,0.601449251174927,0.829710125923157,1,1,1.04999995231628,2003,06,34,6,6,6.29999971389771,0,28.0556831359863,2003-06-01,34.8116493225098,24.7536144256592,29.4999961853027
24060050,Pluviométrica,Convencional,Santander,Los Santos,6.7592,-73.0928,1460,11/15/1973,,Andes,Magdalena Cauca,Sogamoso,Río Sogamoso,2.7309091091156,3.4872727394104,4,4,0.601449251174927,0.829710125923157,1,1,1.04999995231628,2003,06,35,0,0,0,0,13.6765203475952,2003-06-01,5.39426040649414,9.50426959991455,5.73415660858154
24060050,Pluviométrica,Convencional,Santander,Los Santos,6.7592,-73.0928,1460,11/15/1973,,Andes,Magdalena Cauca,Sogamoso,Río Sogamoso,2.7309091091156,3.4872727394104,4,4,0.601449251174927,0.829710125923157,1,1,1.04999995231628,2003,06,36,7,7,7.34999966621399,0,11.6350326538086,2003-06-01,1.39119493961334,9.65381145477295,3.76121878623962
24060050,Pluviométrica,Convencional,Santander,Los Santos,6.7592,-73.0928,1460,11/15/1973,,Andes,Magdalena Cauca,Sogamoso,Río Sogamoso,2.7309091091156,3.4872727394104,4,4,0.601449251174927,0.829710125923157,1,1,1.04999995231628,2003,07,37,13,13,13.6499993801117,0,28.5339183807373,2003-07-01,43.6813774108887,22.7740497589111,31.390115737915
24060050,Pluviométrica,Convencional,Santander,Los Santos,6.7592,-73.0928,1460,11/15/1973,,Andes,Magdalena Cauca,Sogamoso,Río Sogamoso,2.7309091091156,3.4872727394104,4,4,0.601449251174927,0.829710125923157,1,1,1.04999995231628,2003,07,38,0,0,0,0,9.74406623840332,2003-07-01,1.14253175258636,8.03078937530518,2.26503753662109
24060050,Pluviométrica,Convencional,Santander,Los Santos,6.7592,-73.0928,1460,11/15/1973,,Andes,Magdalena Cauca,Sogamoso,Río Sogamoso,2.7309091091156,3.4872727394104,4,4,0.601449251174927,0.829710125923157,1,1,1.04999995231628,2003,07,39,7,7,7.34999966621399,0,16.6873416900635,2003-07-01,17.3369102478027,11.415075302124,14.8016710281372
24060050,Pluviométrica,Convencional,Santander,Los Santos,6.7592,-73.0928,1460,11/15/1973,,Andes,Magdalena Cauca,Sogamoso,Río Sogamoso,2.7309091091156,3.4872727394104,4,4,0.601449251174927,0.829710125923157,1,1,1.04999995231628,2003,07,40,17,17,17.8499991893768,0,11.7224407196045,2003-07-01,6.18634700775147,12.2509155273438,11.6489267349243
24060050,Pluviométrica,Convencional,Santander,Los Santos,6.7592,-73.0928,1460,11/15/1973,,Andes,Magdalena Cauca,Sogamoso,Río Sogamoso,2.7309091091156,3.4872727394104,4,4,0.601449251174927,0.829710125923157,1,1,1.04999995231628,2003,07,41,41,41,43.0499980449677,0,16.423526763916,2003-07-01,17.2554016113281,15.0411520004272,17.861701965332
24060050,Pluviométrica,Convencional,Santander,Los Santos,6.7592,-73.0928,1460,11/15/1973,,Andes,Magdalena Cauca,Sogamoso,Río Sogamoso,2.7309091091156,3.4872727394104,4,4,0.601449251174927,0.829710125923157,1,1,1.04999995231628,2003,07,42,0,0,0,0,23.0414924621582,2003-07-01,16.2953186035156,20.5497131347656,20.6014804840088
24060050,Pluviométrica,Convencional,Santander,Los Santos,6.7592,-73.0928,1460,11/15/1973,,Andes,Magdalena Cauca,Sogamoso,Río Sogamoso,2.7309091091156,3.4872727394104,4,4,0.601449251174927,0.829710125923157,1,1,1.04999995231628,2003,08,43,17,17,17.8499991893768,0,31.606538772583,2003-08-01,33.8991203308106,22.4536457061768,22.7423419952393
24060050,Pluviométrica,Convencional,Santander,Los Santos,6.7592,-73.0928,1460,11/15/1973,,Andes,Magdalena Cauca,Sogamoso,Río Sogamoso,2.7309091091156,3.4872727394104,4,4,0.601449251174927,0.829710125923157,1,1,1.04999995231628,2003,08,44,10,10,10.4999995231628,0,22.5005836486816,2003-08-01,11.2786512374878,12.9400987625122,8.50507164001465
24060050,Pluviométrica,Convencional,Santander,Los Santos,6.7592,-73.0928,1460,11/15/1973,,Andes,Magdalena Cauca,Sogamoso,Río Sogamoso,2.7309091091156,3.4872727394104,4,4,0.601449251174927,0.829710125923157,1,1,1.04999995231628,2003,08,45,9,9,9.44999957084656,0,40.1936683654785,2003-08-01,39.575496673584,29.7778205871582,28.3068981170654
24060050,Pluviométrica,Convencional,Santander,Los Santos,6.7592,-73.0928,1460,11/15/1973,,Andes,Magdalena Cauca,Sogamoso,Río Sogamoso,2.7309091091156,3.4872727394104,4,4,0.601449251174927,0.829710125923157,1,1,1.04999995231628,2003,08,46,25,25,26.2499988079071,0,34.4699325561523,2003-08-01,31.3821220397949,32.5262756347656,29.9885540008545
24060050,Pluviométrica,Convencional,Santander,Los Santos,6.7592,-73.0928,1460,11/15/1973,,Andes,Magdalena Cauca,Sogamoso,Río Sogamoso,2.7309091091156,3.4872727394104,4,4,0.601449251174927,0.829710125923157,1,1,1.04999995231628,2003,08,47,20,20,20.9999990463257,0,22.4302406311035,2003-08-01,12.7600450515747,27.5113792419434,22.5425071716309
24060050,Pluviométrica,Convencional,Santander,Los Santos,6.7592,-73.0928,1460,11/15/1973,,Andes,Magdalena Cauca,Sogamoso,Río Sogamoso,2.7309091091156,3.4872727394104,4,4,0.601449251174927,0.829710125923157,1,1,1.04999995231628,2003,08,48,21,21,22.049998998642,0,27.8147678375244,2003-08-01,13.9825382232666,22.7771110534668,16.2182750701904
24060050,Pluviométrica,Convencional,Santander,Los Santos,6.7592,-73.0928,1460,11/15/1973,,Andes,Magdalena Cauca,Sogamoso,Río Sogamoso,2.7309091091156,3.4872727394104,4,4,0.601449251174927,0.829710125923157,1,1,1.04999995231628,2003,09,49,64,64,67.1999969482422,0,14.0986070632935,2003-09-01,7.4210319519043,26.8858871459961,15.3962202072144
24060050,Pluviométrica,Convencional,Santander,Los Santos,6.7592,-73.0928,1460,11/15/1973,,Andes,Magdalena Cauca,Sogamoso,Río Sogamoso,2.7309091091156,3.4872727394104,4,4,0.601449251174927,0.829710125923157,1,1,1.04999995231628,2003,09,50,22,22,23.0999989509583,0,17.9675369262695,2003-09-01,15.7906847000122,30.6406135559082,31.0673675537109
24060050,Pluviométrica,Convencional,Santander,Los Santos,6.7592,-73.0928,1460,11/15/1973,,Andes,Magdalena Cauca,Sogamoso,Río Sogamoso,2.7309091091156,3.4872727394104,4,4,0.601449251174927,0.829710125923157,1,1,1.04999995231628,2003,09,51,5,5,5.24999976158142,0,16.5321712493897,2003-09-01,12.1584243774414,14.5524616241455,11.3673915863037
24060050,Pluviométrica,Convencional,Santander,Los Santos,6.7592,-73.0928,1460,11/15/1973,,Andes,Magdalena Cauca,Sogamoso,Río Sogamoso,2.7309091091156,3.4872727394104,4,4,0.601449251174927,0.829710125923157,1,1,1.04999995231628,2003,09,52,14,14,14.699999332428,0,25.9624919891357,2003-09-01,28.4888820648193,26.2863216400147,23.1695671081543
24060050,Pluviométrica,Convencional,Santander,Los Santos,6.7592,-73.0928,1460,11/15/1973,,Andes,Magdalena Cauca,Sogamoso,Río Sogamoso,2.7309091091156,3.4872727394104,4,4,0.601449251174927,0.829710125923157,1,1,1.04999995231628,2003,09,53,29,29,30.4499986171722,0,24.4328136444092,2003-09-01,25.6985359191895,36.4314880371094,38.6885147094727
24060050,Pluviométrica,Convencional,Santander,Los Santos,6.7592,-73.0928,1460,11/15/1973,,Andes,Magdalena Cauca,Sogamoso,Río Sogamoso,2.7309091091156,3.4872727394104,4,4,0.601449251174927,0.829710125923157,1,1,1.04999995231628,2003,09,54,10,10,10.4999995231628,0,10.6087017059326,2003-09-01,1.83646106719971,14.1757669448853,4.35661792755127
24060050,Pluviométrica,Convencional,Santander,Los Santos,6.7592,-73.0928,1460,11/15/1973,,Andes,Magdalena Cauca,Sogamoso,Río Sogamoso,2.7309091091156,3.4872727394104,4,4,0.601449251174927,0.829710125923157,1,1,1.03999996185303,2003,10,55,0,0,0,0,56.8403167724609,2003-10-01,55.7800445556641,25.4722347259522,23.4322757720947
24060050,Pluviométrica,Convencional,Santander,Los Santos,6.7592,-73.0928,1460,11/15/1973,,Andes,Magdalena Cauca,Sogamoso,Río Sogamoso,2.7309091091156,3.4872727394104,4,4,0.601449251174927,0.829710125923157,1,1,1.03999996185303,2003,10,56,2,2,2.07999992370605,0,49.4270210266113,2003-10-01,45.3487014770508,32.1387329101563,28.9202098846436
24060050,Pluviométrica,Convencional,Santander,Los Santos,6.7592,-73.0928,1460,11/15/1973,,Andes,Magdalena Cauca,Sogamoso,Río Sogamoso,2.7309091091156,3.4872727394104,4,4,0.601449251174927,0.829710125923157,1,1,1.03999996185303,2003,10,57,50,50,51.9999980926514,0,43.980354309082,2003-10-01,37.9211730957031,46.5546226501465,43.9013671875
24060050,Pluviométrica,Convencional,Santander,Los Santos,6.7592,-73.0928,1460,11/15/1973,,Andes,Magdalena Cauca,Sogamoso,Río Sogamoso,2.7309091091156,3.4872727394104,4,4,0.601449251174927,0.829710125923157,1,1,1.03999996185303,2003,10,58,2,2,2.07999992370605,0,38.2808723449707,2003-10-01,35.5007209777832,21.0118312835693,19.5102252960205
24060050,Pluviométrica,Convencional,Santander,Los Santos,6.7592,-73.0928,1460,11/15/1973,,Andes,Magdalena Cauca,Sogamoso,Río Sogamoso,2.7309091091156,3.4872727394104,4,4,0.601449251174927,0.829710125923157,1,1,1.03999996185303,2003,10,59,0,0,0,0,23.5725879669189,2003-10-01,11.6235418319702,10.7026014328003,6.26923084259033
24060050,Pluviométrica,Convencional,Santander,Los Santos,6.7592,-73.0928,1460,11/15/1973,,Andes,Magdalena Cauca,Sogamoso,Río Sogamoso,2.7309091091156,3.4872727394104,4,4,0.601449251174927,0.829710125923157,1,1,1.03999996185303,2003,10,60,28,28,29.1199989318848,0,36.4122352600098,2003-10-01,16.8539886474609,50.2102508544922,35.2770233154297
24060050,Pluviométrica,Convencional,Santander,Los Santos,6.7592,-73.0928,1460,11/15/1973,,Andes,Magdalena Cauca,Sogamoso,Río Sogamoso,2.7309091091156,3.4872727394104,4,4,0.601449251174927,0.829710125923157,1,1,1.03999996185303,2003,11,61,0,0,0,0,33.8516502380371,2003-11-01,27.4719276428223,14.5588750839233,11.0952053070068
24060050,Pluviométrica,Convencional,Santander,Los Santos,6.7592,-73.0928,1460,11/15/1973,,Andes,Magdalena Cauca,Sogamoso,Río Sogamoso,2.7309091091156,3.4872727394104,4,4,0.601449251174927,0.829710125923157,1,1,1.03999996185303,2003,11,62,24,24,24.9599990844727,0,54.6601524353027,2003-11-01,49.5320167541504,40.7099266052246,36.649471282959
24060050,Pluviométrica,Convencional,Santander,Los Santos,6.7592,-73.0928,1460,11/15/1973,,Andes,Magdalena Cauca,Sogamoso,Río Sogamoso,2.7309091091156,3.4872727394104,4,4,0.601449251174927,0.829710125923157,1,1,1.03999996185303,2003,11,63,4,4,4.15999984741211,0,35.9138412475586,2003-11-01,26.9184017181397,26.7585945129395,23.3001365661621
24060050,Pluviométrica,Convencional,Santander,Los Santos,6.7592,-73.0928,1460,11/15/1973,,Andes,Magdalena Cauca,Sogamoso,Río Sogamoso,2.7309091091156,3.4872727394104,4,4,0.601449251174927,0.829710125923157,1,1,1.03999996185303,2003,11,64,0,0,0,0,31.4898071289063,2003-11-01,22.2031288146973,13.3014764785767,11.0956897735596
24060050,Pluviométrica,Convencional,Santander,Los Santos,6.7592,-73.0928,1460,11/15/1973,,Andes,Magdalena Cauca,Sogamoso,Río Sogamoso,2.7309091091156,3.4872727394104,4,4,0.601449251174927,0.829710125923157,1,1,1.03999996185303,2003,11,65,0,0,0,0,27.079496383667,2003-11-01,18.5819301605225,9.18571758270264,7.03500843048096
24060050,Pluviométrica,Convencional,Santander,Los Santos,6.7592,-73.0928,1460,11/15/1973,,Andes,Magdalena Cauca,Sogamoso,Río Sogamoso,2.7309091091156,3.4872727394104,4,4,0.601449251174927,0.829710125923157,1,1,1.03999996185303,2003,11,66,15,15,15.5999994277954,0,27.4624538421631,2003-11-01,19.4290561676025,15.7992906570435,11.9839220046997
24060050,Pluviométrica,Convencional,Santander,Los Santos,6.7592,-73.0928,1460,11/15/1973,,Andes,Magdalena Cauca,Sogamoso,Río Sogamoso,2.7309091091156,3.4872727394104,4,4,0.601449251174927,0.829710125923157,1,1,1.05999994277954,2003,12,67,18,18,19.0799989700317,0,20.1960849761963,2003-12-01,22.0921726226807,22.3477325439453,20.8915882110596
24060050,Pluviométrica,Convencional,Santander,Los Santos,6.7592,-73.0928,1460,11/15/1973,,Andes,Magdalena Cauca,Sogamoso,Río Sogamoso,2.7309091091156,3.4872727394104,4,4,0.601449251174927,0.829710125923157,1,1,1.05999994277954,2003,12,68,11,11,11.659999370575,0,10.6986618041992,2003-12-01,10.2483825683594,6.30706644058228,7.26232957839966
24060050,Pluviométrica,Convencional,Santander,Los Santos,6.7592,-73.0928,1460,11/15/1973,,Andes,Magdalena Cauca,Sogamoso,Río Sogamoso,2.7309091091156,3.4872727394104,4,4,0.601449251174927,0.829710125923157,1,1,1.05999994277954,2003,12,69,0,0,0,0,12.8068408966064,2003-12-01,12.0487861633301,5.02085733413696,4.87436389923096
24060050,Pluviométrica,Convencional,Santander,Los Santos,6.7592,-73.0928,1460,11/15/1973,,Andes,Magdalena Cauca,Sogamoso,Río Sogamoso,2.7309091091156,3.4872727394104,4,4,0.601449251174927,0.829710125923157,1,1,1.05999994277954,2003,12,70,3,3,3.17999982833862,0,23.5771522521973,2003-12-01,25.5101051330566,9.68752479553223,9.8788537979126
24060050,Pluviométrica,Convencional,Santander,Los Santos,6.7592,-73.0928,1460,11/15/1973,,Andes,Magdalena Cauca,Sogamoso,Río Sogamoso,2.7309091091156,3.4872727394104,4,4,0.601449251174927,0.829710125923157,1,1,1.05999994277954,2003,12,71,6,6,6.35999965667725,0,12.7625312805176,2003-12-01,10.9989728927612,6.98714733123779,6.08724546432495
24060050,Pluviométrica,Convencional,Santander,Los Santos,6.7592,-73.0928,1460,11/15/1973,,Andes,Magdalena Cauca,Sogamoso,Río Sogamoso,2.7309091091156,3.4872727394104,4,4,0.601449251174927,0.829710125923157,1,1,1.05999994277954,2003,12,72,0,0,0,0,7.44651746749878,2003-12-01,0,4.48871040344238,0
24060050,Pluviométrica,Convencional,Santander,Los Santos,6.7592,-73.0928,1460,11/15/1973,,Andes,Magdalena Cauca,Sogamoso,Río Sogamoso,2.7309091091156,3.4872727394104,4,4,0.601449251174927,0.829710125923157,1,1,1.07000005245209,2004,01,1,0,0,0,0,5.76163768768311,2004-01-01,0,2.43969774246216,0
24060050,Pluviométrica,Convencional,Santander,Los Santos,6.7592,-73.0928,1460,11/15/1973,,Andes,Magdalena Cauca,Sogamoso,Río Sogamoso,2.7309091091156,3.4872727394104,4,4,0.601449251174927,0.829710125923157,1,1,1.07000005245209,2004,01,2,9,9,9.63000047206879,0,22.7717609405518,2004-01-01,16.4089050292969,21.2223453521729,22.8883266448975
24060050,Pluviométrica,Convencional,Santander,Los Santos,6.7592,-73.0928,1460,11/15/1973,,Andes,Magdalena Cauca,Sogamoso,Río Sogamoso,2.7309091091156,3.4872727394104,4,4,0.601449251174927,0.829710125923157,1,1,1.07000005245209,2004,01,3,0,0,0,0,16.760124206543,2004-01-01,12.295825958252,10.5701770782471,8.96820831298828
24060050,Pluviométrica,Convencional,Santander,Los Santos,6.7592,-73.0928,1460,11/15/1973,,Andes,Magdalena Cauca,Sogamoso,Río Sogamoso,2.7309091091156,3.4872727394104,4,4,0.601449251174927,0.829710125923157,1,1,1.07000005245209,2004,01,4,0,0,0,0,3.98411822319031,2004-01-01,0,3.83685064315796,0
24060050,Pluviométrica,Convencional,Santander,Los Santos,6.7592,-73.0928,1460,11/15/1973,,Andes,Magdalena Cauca,Sogamoso,Río Sogamoso,2.7309091091156,3.4872727394104,4,4,0.601449251174927,0.829710125923157,1,1,1.07000005245209,2004,01,5,4,4,4.28000020980835,0,3.49986529350281,2004-01-01,0,5.94058179855347,0
24060050,Pluviométrica,Convencional,Santander,Los Santos,6.7592,-73.0928,1460,11/15/1973,,Andes,Magdalena Cauca,Sogamoso,Río Sogamoso,2.7309091091156,3.4872727394104,4,4,0.601449251174927,0.829710125923157,1,1,1.07000005245209,2004,01,6,0,0,0,0,4.27494049072266,2004-01-01,0,2.11736536026001,0
24060050,Pluviométrica,Convencional,Santander,Los Santos,6.7592,-73.0928,1460,11/15/1973,,Andes,Magdalena Cauca,Sogamoso,Río Sogamoso,2.7309091091156,3.4872727394104,4,4,0.601449251174927,0.829710125923157,1,1,1.05999994277954,2004,02,7,0,0,0,0,4.45445680618286,2004-02-01,0,3.04422330856323,0
24060050,Pluviométrica,Convencional,Santander,Los Santos,6.7592,-73.0928,1460,11/15/1973,,Andes,Magdalena Cauca,Sogamoso,Río Sogamoso,2.7309091091156,3.4872727394104,4,4,0.601449251174927,0.829710125923157,1,1,1.05999994277954,2004,02,8,0,0,0,0,4.23986196517944,2004-02-01,0.489398539066315,3.32663130760193,0.66574364900589
24060050,Pluviométrica,Convencional,Santander,Los Santos,6.7592,-73.0928,1460,11/15/1973,,Andes,Magdalena Cauca,Sogamoso,Río Sogamoso,2.7309091091156,3.4872727394104,4,4,0.601449251174927,0.829710125923157,1,1,1.05999994277954,2004,02,9,3,3,3.17999982833862,0,4.23109769821167,2004-02-01,1.0911922454834,3.31597805023193,1.15020513534546
24060050,Pluviométrica,Convencional,Santander,Los Santos,6.7592,-73.0928,1460,11/15/1973,,Andes,Magdalena Cauca,Sogamoso,Río Sogamoso,2.7309091091156,3.4872727394104,4,4,0.601449251174927,0.829710125923157,1,1,1.05999994277954,2004,02,10,3,3,3.17999982833862,0,6.00689077377319,2004-02-01,4.2962703704834,5.99938058853149,10.0520000457764
24060050,Pluviométrica,Convencional,Santander,Los Santos,6.7592,-73.0928,1460,11/15/1973,,Andes,Magdalena Cauca,Sogamoso,Río Sogamoso,2.7309091091156,3.4872727394104,4,4,0.601449251174927,0.829710125923157,1,1,1.05999994277954,2004,02,11,18,18,19.0799989700317,0,4.72632598876953,2004-02-01,0.215412616729736,11.3213663101196,1.14945030212402
24060050,Pluviométrica,Convencional,Santander,Los Santos,6.7592,-73.0928,1460,11/15/1973,,Andes,Magdalena Cauca,Sogamoso,Río Sogamoso,2.7309091091156,3.4872727394104,4,4,0.601449251174927,0.829710125923157,1,1,1.05999994277954,2004,02,12,3,3,3.17999982833862,0,3.16347122192383,2004-02-01,0,7.07774877548218,0
24060050,Pluviométrica,Convencional,Santander,Los Santos,6.7592,-73.0928,1460,11/15/1973,,Andes,Magdalena Cauca,Sogamoso,Río Sogamoso,2.7309091091156,3.4872727394104,4,4,0.601449251174927,0.829710125923157,1,1,1.05999994277954,2004,03,13,8,8,8.47999954223633,0,26.3230056762695,2004-03-01,39.3640632629395,15.6082725524902,19.753978729248
24060050,Pluviométrica,Convencional,Santander,Los Santos,6.7592,-73.0928,1460,11/15/1973,,Andes,Magdalena Cauca,Sogamoso,Río Sogamoso,2.7309091091156,3.4872727394104,4,4,0.601449251174927,0.829710125923157,1,1,1.05999994277954,2004,03,14,0,0,0,0,9.19804954528809,2004-03-01,1.84299039840698,8.20645427703857,2.74113988876343
24060050,Pluviométrica,Convencional,Santander,Los Santos,6.7592,-73.0928,1460,11/15/1973,,Andes,Magdalena Cauca,Sogamoso,Río Sogamoso,2.7309091091156,3.4872727394104,4,4,0.601449251174927,0.829710125923157,1,1,1.05999994277954,2004,03,15,0,0,0,0,5.46761322021484,2004-03-01,0,4.91519927978516,0
24060050,Pluviométrica,Convencional,Santander,Los Santos,6.7592,-73.0928,1460,11/15/1973,,Andes,Magdalena Cauca,Sogamoso,Río Sogamoso,2.7309091091156,3.4872727394104,4,4,0.601449251174927,0.829710125923157,1,1,1.05999994277954,2004,03,16,1,1,1.05999994277954,0,7.00457859039307,2004-03-01,0,3.07081627845764,0
24060050,Pluviométrica,Convencional,Santander,Los Santos,6.7592,-73.0928,1460,11/15/1973,,Andes,Magdalena Cauca,Sogamoso,Río Sogamoso,2.7309091091156,3.4872727394104,4,4,0.601449251174927,0.829710125923157,1,1,1.05999994277954,2004,03,17,4,4,4.23999977111816,0,14.6280088424683,2004-03-01,11.1236543655396,12.1019659042358,10.5128374099731
24060050,Pluviométrica,Convencional,Santander,Los Santos,6.7592,-73.0928,1460,11/15/1973,,Andes,Magdalena Cauca,Sogamoso,Río Sogamoso,2.7309091091156,3.4872727394104,4,4,0.601449251174927,0.829710125923157,1,1,1.05999994277954,2004,03,18,54,54,57.2399969100952,0,23.105993270874,2004-03-01,14.1344594955444,35.2173690795898,30.6984062194824
24060050,Pluviométrica,Convencional,Santander,Los Santos,6.7592,-73.0928,1460,11/15/1973,,Andes,Magdalena Cauca,Sogamoso,Río Sogamoso,2.7309091091156,3.4872727394104,4,4,0.601449251174927,0.829710125923157,1,1,1.04999995231628,2004,04,19,8,8,8.39999961853027,0,26.0079288482666,2004-04-01,22.6251792907715,13.7868690490723,12.4402141571045
24060050,Pluviométrica,Convencional,Santander,Los Santos,6.7592,-73.0928,1460,11/15/1973,,Andes,Magdalena Cauca,Sogamoso,Río Sogamoso,2.7309091091156,3.4872727394104,4,4,0.601449251174927,0.829710125923157,1,1,1.04999995231628,2004,04,20,0,0,0,0,15.0864124298096,2004-04-01,7.83891868591309,10.0433416366577,8.76419353485107
24060050,Pluviométrica,Convencional,Santander,Los Santos,6.7592,-73.0928,1460,11/15/1973,,Andes,Magdalena Cauca,Sogamoso,Río Sogamoso,2.7309091091156,3.4872727394104,4,4,0.601449251174927,0.829710125923157,1,1,1.04999995231628,2004,04,21,11,11,11.5499994754791,0,30.5350856781006,2004-04-01,25.2380123138428,30.3445663452148,28.805419921875
24060050,Pluviométrica,Convencional,Santander,Los Santos,6.7592,-73.0928,1460,11/15/1973,,Andes,Magdalena Cauca,Sogamoso,Río Sogamoso,2.7309091091156,3.4872727394104,4,4,0.601449251174927,0.829710125923157,1,1,1.04999995231628,2004,04,22,30,30,31.4999985694885,0,16.6919536590576,2004-04-01,11.3485717773438,27.1975002288818,23.1346302032471
24060050,Pluviométrica,Convencional,Santander,Los Santos,6.7592,-73.0928,1460,11/15/1973,,Andes,Magdalena Cauca,Sogamoso,Río Sogamoso,2.7309091091156,3.4872727394104,4,4,0.601449251174927,0.829710125923157,1,1,1.04999995231628,2004,04,23,35,35,36.7499983310699,0,24.8308925628662,2004-04-01,20.6010341644287,21.6622753143311,19.3245525360107
24060050,Pluviométrica,Convencional,Santander,Los Santos,6.7592,-73.0928,1460,11/15/1973,,Andes,Magdalena Cauca,Sogamoso,Río Sogamoso,2.7309091091156,3.4872727394104,4,4,0.601449251174927,0.829710125923157,1,1,1.04999995231628,2004,04,24,34,34,35.6999983787537,0,14.7266120910645,2004-04-01,6.79490089416504,14.7543563842773,10.5481805801392
24060050,Pluviométrica,Convencional,Santander,Los Santos,6.7592,-73.0928,1460,11/15/1973,,Andes,Magdalena Cauca,Sogamoso,Río Sogamoso,2.7309091091156,3.4872727394104,4,4,0.601449251174927,0.829710125923157,1,1,1.03999996185303,2004,05,25,76,76,79.0399971008301,0,40.2272338867188,2004-05-01,35.1095504760742,40.4235992431641,37.642276763916
24060050,Pluviométrica,Convencional,Santander,Los Santos,6.7592,-73.0928,1460,11/15/1973,,Andes,Magdalena Cauca,Sogamoso,Río Sogamoso,2.7309091091156,3.4872727394104,4,4,0.601449251174927,0.829710125923157,1,1,1.03999996185303,2004,05,26,0,0,0,0,24.501220703125,2004-05-01,14.7706050872803,12.665186882019,8.76389598846436
24060050,Pluviométrica,Convencional,Santander,Los Santos,6.7592,-73.0928,1460,11/15/1973,,Andes,Magdalena Cauca,Sogamoso,Río Sogamoso,2.7309091091156,3.4872727394104,4,4,0.601449251174927,0.829710125923157,1,1,1.03999996185303,2004,05,27,0,0,0,0,44.5243682861328,2004-05-01,39.496883392334,24.0938129425049,18.9459285736084
24060050,Pluviométrica,Convencional,Santander,Los Santos,6.7592,-73.0928,1460,11/15/1973,,Andes,Magdalena Cauca,Sogamoso,Río Sogamoso,2.7309091091156,3.4872727394104,4,4,0.601449251174927,0.829710125923157,1,1,1.03999996185303,2004,05,28,61,61,63.4399976730347,0,36.4544181823731,2004-05-01,29.4671878814697,65.2495269775391,58.399829864502
24060050,Pluviométrica,Convencional,Santander,Los Santos,6.7592,-73.0928,1460,11/15/1973,,Andes,Magdalena Cauca,Sogamoso,Río Sogamoso,2.7309091091156,3.4872727394104,4,4,0.601449251174927,0.829710125923157,1,1,1.03999996185303,2004,05,29,10,10,10.3999996185303,0,21.6966400146484,2004-05-01,11.385630607605,29.3378963470459,20.6799068450928
24060050,Pluviométrica,Convencional,Santander,Los Santos,6.7592,-73.0928,1460,11/15/1973,,Andes,Magdalena Cauca,Sogamoso,Río Sogamoso,2.7309091091156,3.4872727394104,4,4,0.601449251174927,0.829710125923157,1,1,1.03999996185303,2004,05,30,0,0,0,0,18.6785106658936,2004-05-01,2.253413438797,15.4011697769165,4.58291530609131
24060050,Pluviométrica,Convencional,Santander,Los Santos,6.7592,-73.0928,1460,11/15/1973,,Andes,Magdalena Cauca,Sogamoso,Río Sogamoso,2.7309091091156,3.4872727394104,4,4,0.601449251174927,0.829710125923157,1,1,1.04999995231628,2004,06,31,0,0,0,0,30.6176643371582,2004-06-01,32.9817047119141,12.1945199966431,12.8638982772827
24060050,Pluviométrica,Convencional,Santander,Los Santos,6.7592,-73.0928,1460,11/15/1973,,Andes,Magdalena Cauca,Sogamoso,Río Sogamoso,2.7309091091156,3.4872727394104,4,4,0.601449251174927,0.829710125923157,1,1,1.04999995231628,2004,06,32,8,8,8.39999961853027,0,25.0719966888428,2004-06-01,23.6334552764893,11.5321168899536,11.9274415969849
24060050,Pluviométrica,Convencional,Santander,Los Santos,6.7592,-73.0928,1460,11/15/1973,,Andes,Magdalena Cauca,Sogamoso,Río Sogamoso,2.7309091091156,3.4872727394104,4,4,0.601449251174927,0.829710125923157,1,1,1.04999995231628,2004,06,33,20,20,20.9999990463257,0,16.2987270355225,2004-06-01,8.62507629394531,10.4839601516724,7.81721258163452
24060050,Pluviométrica,Convencional,Santander,Los Santos,6.7592,-73.0928,1460,11/15/1973,,Andes,Magdalena Cauca,Sogamoso,Río Sogamoso,2.7309091091156,3.4872727394104,4,4,0.601449251174927,0.829710125923157,1,1,1.04999995231628,2004,06,34,9,9,9.44999957084656,0,23.6901550292969,2004-06-01,25.8836898803711,17.6844863891602,19.0424270629883
24060050,Pluviométrica,Convencional,Santander,Los Santos,6.7592,-73.0928,1460,11/15/1973,,Andes,Magdalena Cauca,Sogamoso,Río Sogamoso,2.7309091091156,3.4872727394104,4,4,0.601449251174927,0.829710125923157,1,1,1.04999995231628,2004,06,35,0,0,0,0,17.2176036834717,2004-06-01,12.9392461776733,5.29741430282593,4.6533374786377
24060050,Pluviométrica,Convencional,Santander,Los Santos,6.7592,-73.0928,1460,11/15/1973,,Andes,Magdalena Cauca,Sogamoso,Río Sogamoso,2.7309091091156,3.4872727394104,4,4,0.601449251174927,0.829710125923157,1,1,1.04999995231628,2004,06,36,10,10,10.4999995231628,0,19.8877220153809,2004-06-01,19.7578792572022,8.09936332702637,8.82062530517578
24060050,Pluviométrica,Convencional,Santander,Los Santos,6.7592,-73.0928,1460,11/15/1973,,Andes,Magdalena Cauca,Sogamoso,Río Sogamoso,2.7309091091156,3.4872727394104,4,4,0.601449251174927,0.829710125923157,1,1,1.04999995231628,2004,07,37,0,0,0,0,16.4522037506104,2004-07-01,16.6035804748535,10.4986839294434,11.1931200027466
24060050,Pluviométrica,Convencional,Santander,Los Santos,6.7592,-73.0928,1460,11/15/1973,,Andes,Magdalena Cauca,Sogamoso,Río Sogamoso,2.7309091091156,3.4872727394104,4,4,0.601449251174927,0.829710125923157,1,1,1.04999995231628,2004,07,38,5,5,5.24999976158142,0,14.7217540740967,2004-07-01,12.5457162857056,8.69529151916504,9.12716770172119
24060050,Pluviométrica,Convencional,Santander,Los Santos,6.7592,-73.0928,1460,11/15/1973,,Andes,Magdalena Cauca,Sogamoso,Río Sogamoso,2.7309091091156,3.4872727394104,4,4,0.601449251174927,0.829710125923157,1,1,1.04999995231628,2004,07,39,0,0,0,0,12.3288412094116,2004-07-01,6.17261505126953,7.36172437667847,6.94436931610107
24060050,Pluviométrica,Convencional,Santander,Los Santos,6.7592,-73.0928,1460,11/15/1973,,Andes,Magdalena Cauca,Sogamoso,Río Sogamoso,2.7309091091156,3.4872727394104,4,4,0.601449251174927,0.829710125923157,1,1,1.04999995231628,2004,07,40,27,27,28.3499987125397,0,11.7224407196045,2004-07-01,6.18634700775147,15.0042572021484,12.4341850280762
24060050,Pluviométrica,Convencional,Santander,Los Santos,6.7592,-73.0928,1460,11/15/1973,,Andes,Magdalena Cauca,Sogamoso,Río Sogamoso,2.7309091091156,3.4872727394104,4,4,0.601449251174927,0.829710125923157,1,1,1.04999995231628,2004,07,41,5,5,5.24999976158142,0,12.8229207992554,2004-07-01,8.51703071594238,8.10901641845703,9.04258632659912
24060050,Pluviométrica,Convencional,Santander,Los Santos,6.7592,-73.0928,1460,11/15/1973,,Andes,Magdalena Cauca,Sogamoso,Río Sogamoso,2.7309091091156,3.4872727394104,4,4,0.601449251174927,0.829710125923157,1,1,1.04999995231628,2004,07,42,7,7,7.34999966621399,0,18.3126487731934,2004-07-01,7.45082139968872,9.45357990264893,5.85537910461426
24060050,Pluviométrica,Convencional,Santander,Los Santos,6.7592,-73.0928,1460,11/15/1973,,Andes,Magdalena Cauca,Sogamoso,Río Sogamoso,2.7309091091156,3.4872727394104,4,4,0.601449251174927,0.829710125923157,1,1,1.04999995231628,2004,08,43,0,0,0,0,20.7037200927734,2004-08-01,12.2625970840454,8.66810989379883,7.35668134689331
24060050,Pluviométrica,Convencional,Santander,Los Santos,6.7592,-73.0928,1460,11/15/1973,,Andes,Magdalena Cauca,Sogamoso,Río Sogamoso,2.7309091091156,3.4872727394104,4,4,0.601449251174927,0.829710125923157,1,1,1.04999995231628,2004,08,44,4,4,4.19999980926514,0,14.9962825775146,2004-08-01,0,10.413049697876,0
24060050,Pluviométrica,Convencional,Santander,Los Santos,6.7592,-73.0928,1460,11/15/1973,,Andes,Magdalena Cauca,Sogamoso,Río Sogamoso,2.7309091091156,3.4872727394104,4,4,0.601449251174927,0.829710125923157,1,1,1.04999995231628,2004,08,45,6,6,6.29999971389771,0,19.2165699005127,2004-08-01,4.4973258972168,13.1065788269043,9.98283863067627
24060050,Pluviométrica,Convencional,Santander,Los Santos,6.7592,-73.0928,1460,11/15/1973,,Andes,Magdalena Cauca,Sogamoso,Río Sogamoso,2.7309091091156,3.4872727394104,4,4,0.601449251174927,0.829710125923157,1,1,1.04999995231628,2004,08,46,3,3,3.14999985694885,0,21.7732982635498,2004-08-01,9.88577842712402,11.6763572692871,6.9373927116394
24060050,Pluviométrica,Convencional,Santander,Los Santos,6.7592,-73.0928,1460,11/15/1973,,Andes,Magdalena Cauca,Sogamoso,Río Sogamoso,2.7309091091156,3.4872727394104,4,4,0.601449251174927,0.829710125923157,1,1,1.04999995231628,2004,08,47,0,0,0,0,21.8471851348877,2004-08-01,11.7432432174683,10.4253635406494,7.03328943252564
24060050,Pluviométrica,Convencional,Santander,Los Santos,6.7592,-73.0928,1460,11/15/1973,,Andes,Magdalena Cauca,Sogamoso,Río Sogamoso,2.7309091091156,3.4872727394104,4,4,0.601449251174927,0.829710125923157,1,1,1.04999995231628,2004,08,48,0,0,0,0,19.2364368438721,2004-08-01,0.225465789437294,9.94357299804688,0.223204642534256
24060050,Pluviométrica,Convencional,Santander,Los Santos,6.7592,-73.0928,1460,11/15/1973,,Andes,Magdalena Cauca,Sogamoso,Río Sogamoso,2.7309091091156,3.4872727394104,4,4,0.601449251174927,0.829710125923157,1,1,1.04999995231628,2004,09,49,26,26,27.2999987602234,0,32.4898376464844,2004-09-01,36.0230865478516,32.4154853820801,32.4322814941406
24060050,Pluviométrica,Convencional,Santander,Los Santos,6.7592,-73.0928,1460,11/15/1973,,Andes,Magdalena Cauca,Sogamoso,Río Sogamoso,2.7309091091156,3.4872727394104,4,4,0.601449251174927,0.829710125923157,1,1,1.04999995231628,2004,09,50,11,11,11.5499994754791,0,17.9675369262695,2004-09-01,15.7906847000122,23.4405479431152,20.6857242584229
24060050,Pluviométrica,Convencional,Santander,Los Santos,6.7592,-73.0928,1460,11/15/1973,,Andes,Magdalena Cauca,Sogamoso,Río Sogamoso,2.7309091091156,3.4872727394104,4,4,0.601449251174927,0.829710125923157,1,1,1.04999995231628,2004,09,51,44,44,46.1999979019165,0,12.4665927886963,2004-09-01,5.47385454177856,23.4927940368652,15.0777730941772
24060050,Pluviométrica,Convencional,Santander,Los Santos,6.7592,-73.0928,1460,11/15/1973,,Andes,Magdalena Cauca,Sogamoso,Río Sogamoso,2.7309091091156,3.4872727394104,4,4,0.601449251174927,0.829710125923157,1,1,1.04999995231628,2004,09,52,18,18,18.8999991416931,0,9.8555736541748,2004-09-01,1.59937965869904,15.0550851821899,5.90082883834839
24060050,Pluviométrica,Convencional,Santander,Los Santos,6.7592,-73.0928,1460,11/15/1973,,Andes,Magdalena Cauca,Sogamoso,Río Sogamoso,2.7309091091156,3.4872727394104,4,4,0.601449251174927,0.829710125923157,1,1,1.04999995231628,2004,09,53,25,25,26.2499988079071,0,28.5953388214111,2004-09-01,32.5867729187012,25.2720413208008,27.8665180206299
24060050,Pluviométrica,Convencional,Santander,Los Santos,6.7592,-73.0928,1460,11/15/1973,,Andes,Magdalena Cauca,Sogamoso,Río Sogamoso,2.7309091091156,3.4872727394104,4,4,0.601449251174927,0.829710125923157,1,1,1.04999995231628,2004,09,54,30,30,31.4999985694885,0,16.4265384674072,2004-09-01,10.910813331604,23.1201000213623,18.7604999542236
24060050,Pluviométrica,Convencional,Santander,Los Santos,6.7592,-73.0928,1460,11/15/1973,,Andes,Magdalena Cauca,Sogamoso,Río Sogamoso,2.7309091091156,3.4872727394104,4,4,0.601449251174927,0.829710125923157,1,1,1.03999996185303,2004,10,55,16,16,16.6399993896484,0,34.3335075378418,2004-10-01,25.6530532836914,19.4938049316406,15.4894723892212
24060050,Pluviométrica,Convencional,Santander,Los Santos,6.7592,-73.0928,1460,11/15/1973,,Andes,Magdalena Cauca,Sogamoso,Río Sogamoso,2.7309091091156,3.4872727394104,4,4,0.601449251174927,0.829710125923157,1,1,1.03999996185303,2004,10,56,13,13,13.5199995040894,0,49.4270210266113,2004-10-01,45.3487014770508,27.9570598602295,24.9526710510254
24060050,Pluviométrica,Convencional,Santander,Los Santos,6.7592,-73.0928,1460,11/15/1973,,Andes,Magdalena Cauca,Sogamoso,Río Sogamoso,2.7309091091156,3.4872727394104,4,4,0.601449251174927,0.829710125923157,1,1,1.03999996185303,2004,10,57,0,0,0,0,15.5444936752319,2004-10-01,0,7.00379276275635,0
24060050,Pluviométrica,Convencional,Santander,Los Santos,6.7592,-73.0928,1460,11/15/1973,,Andes,Magdalena Cauca,Sogamoso,Río Sogamoso,2.7309091091156,3.4872727394104,4,4,0.601449251174927,0.829710125923157,1,1,1.03999996185303,2004,10,58,40,40,41.5999984741211,0,30.3156452178955,2004-10-01,23.2283687591553,38.8369979858398,39.2414360046387
24060050,Pluviométrica,Convencional,Santander,Los Santos,6.7592,-73.0928,1460,11/15/1973,,Andes,Magdalena Cauca,Sogamoso,Río Sogamoso,2.7309091091156,3.4872727394104,4,4,0.601449251174927,0.829710125923157,1,1,1.03999996185303,2004,10,59,35,35,36.399998664856,0,25.7918090820313,2004-10-01,16.3469848632813,35.2890739440918,23.2661972045898
24060050,Pluviométrica,Convencional,Santander,Los Santos,6.7592,-73.0928,1460,11/15/1973,,Andes,Magdalena Cauca,Sogamoso,Río Sogamoso,2.7309091091156,3.4872727394104,4,4,0.601449251174927,0.829710125923157,1,1,1.03999996185303,2004,10,60,28,28,29.1199989318848,0,34.6677284240723,2004-10-01,16.7918243408203,49.231258392334,37.7850570678711
24060050,Pluviométrica,Convencional,Santander,Los Santos,6.7592,-73.0928,1460,11/15/1973,,Andes,Magdalena Cauca,Sogamoso,Río Sogamoso,2.7309091091156,3.4872727394104,4,4,0.601449251174927,0.829710125923157,1,1,1.03999996185303,2004,11,61,77,77,80.0799970626831,0,32.7060508728027,2004-11-01,26.2244529724121,36.3796195983887,35.8909683227539
24060050,Pluviométrica,Convencional,Santander,Los Santos,6.7592,-73.0928,1460,11/15/1973,,Andes,Magdalena Cauca,Sogamoso,Río Sogamoso,2.7309091091156,3.4872727394104,4,4,0.601449251174927,0.829710125923157,1,1,1.03999996185303,2004,11,62,23,23,23.9199991226196,0,32.3414688110352,2004-11-01,25.1550102233887,31.668306350708,28.1139831542969
24060050,Pluviométrica,Convencional,Santander,Los Santos,6.7592,-73.0928,1460,11/15/1973,,Andes,Magdalena Cauca,Sogamoso,Río Sogamoso,2.7309091091156,3.4872727394104,4,4,0.601449251174927,0.829710125923157,1,1,1.03999996185303,2004,11,63,2,2,2.07999992370605,0,10.8991861343384,2004-11-01,0.241030216217041,13.0677280426025,0.896113157272339
24060050,Pluviométrica,Convencional,Santander,Los Santos,6.7592,-73.0928,1460,11/15/1973,,Andes,Magdalena Cauca,Sogamoso,Río Sogamoso,2.7309091091156,3.4872727394104,4,4,0.601449251174927,0.829710125923157,1,1,1.03999996185303,2004,11,64,14,14,14.5599994659424,0,26.8146743774414,2004-11-01,17.3965950012207,22.6878604888916,18.4446105957031
24060050,Pluviométrica,Convencional,Santander,Los Santos,6.7592,-73.0928,1460,11/15/1973,,Andes,Magdalena Cauca,Sogamoso,Río Sogamoso,2.7309091091156,3.4872727394104,4,4,0.601449251174927,0.829710125923157,1,1,1.03999996185303,2004,11,65,0,0,0,0,9.04082107543945,2004-11-01,0.558928608894348,5.1081018447876,0.982920229434967
24060050,Pluviométrica,Convencional,Santander,Los Santos,6.7592,-73.0928,1460,11/15/1973,,Andes,Magdalena Cauca,Sogamoso,Río Sogamoso,2.7309091091156,3.4872727394104,4,4,0.601449251174927,0.829710125923157,1,1,1.03999996185303,2004,11,66,0,0,0,0,8.77881526947022,2004-11-01,0.458773493766785,4.02090358734131,0.430240839719772
24060050,Pluviométrica,Convencional,Santander,Los Santos,6.7592,-73.0928,1460,11/15/1973,,Andes,Magdalena Cauca,Sogamoso,Río Sogamoso,2.7309091091156,3.4872727394104,4,4,0.601449251174927,0.829710125923157,1,1,1.05999994277954,2004,12,67,5,5,5.29999971389771,0,7.71349716186523,2004-12-01,3.29201340675354,7.67622327804565,6.12989616394043
24060050,Pluviométrica,Convencional,Santander,Los Santos,6.7592,-73.0928,1460,11/15/1973,,Andes,Magdalena Cauca,Sogamoso,Río Sogamoso,2.7309091091156,3.4872727394104,4,4,0.601449251174927,0.829710125923157,1,1,1.05999994277954,2004,12,68,0,0,0,0,25.7904300689697,2004-12-01,35.6551513671875,8.86678409576416,13.9441976547241
24060050,Pluviométrica,Convencional,Santander,Los Santos,6.7592,-73.0928,1460,11/15/1973,,Andes,Magdalena Cauca,Sogamoso,Río Sogamoso,2.7309091091156,3.4872727394104,4,4,0.601449251174927,0.829710125923157,1,1,1.05999994277954,2004,12,69,0,0,0,0,14.2388067245483,2004-12-01,14.3851251602173,11.5701894760132,12.4739456176758
24060050,Pluviométrica,Convencional,Santander,Los Santos,6.7592,-73.0928,1460,11/15/1973,,Andes,Magdalena Cauca,Sogamoso,Río Sogamoso,2.7309091091156,3.4872727394104,4,4,0.601449251174927,0.829710125923157,1,1,1.05999994277954,2004,12,70,0,0,0,0,4.64414548873901,2004-12-01,0,2.97860074043274,0
24060050,Pluviométrica,Convencional,Santander,Los Santos,6.7592,-73.0928,1460,11/15/1973,,Andes,Magdalena Cauca,Sogamoso,Río Sogamoso,2.7309091091156,3.4872727394104,4,4,0.601449251174927,0.829710125923157,1,1,1.05999994277954,2004,12,71,0,0,0,0,5.04691171646118,2004-12-01,0,3.25719118118286,0
24060050,Pluviométrica,Convencional,Santander,Los Santos,6.7592,-73.0928,1460,11/15/1973,,Andes,Magdalena Cauca,Sogamoso,Río Sogamoso,2.7309091091156,3.4872727394104,4,4,0.601449251174927,0.829710125923157,1,1,1.05999994277954,2004,12,72,0,0,0,0,7.44651746749878,2004-12-01,0,3.61513757705689,0
24060050,Pluviométrica,Convencional,Santander,Los Santos,6.7592,-73.0928,1460,11/15/1973,,Andes,Magdalena Cauca,Sogamoso,Río Sogamoso,2.7309091091156,3.4872727394104,4,4,0.601449251174927,0.829710125923157,1,1,1.07000005245209,2005,01,1,1,1,1.07000005245209,0,4.34443759918213,2005-01-01,0,2.87599563598633,0
24060050,Pluviométrica,Convencional,Santander,Los Santos,6.7592,-73.0928,1460,11/15/1973,,Andes,Magdalena Cauca,Sogamoso,Río Sogamoso,2.7309091091156,3.4872727394104,4,4,0.601449251174927,0.829710125923157,1,1,1.07000005245209,2005,01,2,2,2,2.14000010490417,0,32.2381820678711,2005-01-01,32.6602401733398,15.6477632522583,17.9648265838623
24060050,Pluviométrica,Convencional,Santander,Los Santos,6.7592,-73.0928,1460,11/15/1973,,Andes,Magdalena Cauca,Sogamoso,Río Sogamoso,2.7309091091156,3.4872727394104,4,4,0.601449251174927,0.829710125923157,1,1,1.07000005245209,2005,01,3,28,28,29.9600014686585,0,31.4975566864014,2005-01-01,46.7984123229981,33.1554794311523,42.4276084899902
24060050,Pluviométrica,Convencional,Santander,Los Santos,6.7592,-73.0928,1460,11/15/1973,,Andes,Magdalena Cauca,Sogamoso,Río Sogamoso,2.7309091091156,3.4872727394104,4,4,0.601449251174927,0.829710125923157,1,1,1.07000005245209,2005,01,4,15,15,16.0500007867813,0,6.57260894775391,2005-01-01,1.17814159393311,16.3641872406006,6.72445678710938
24060050,Pluviométrica,Convencional,Santander,Los Santos,6.7592,-73.0928,1460,11/15/1973,,Andes,Magdalena Cauca,Sogamoso,Río Sogamoso,2.7309091091156,3.4872727394104,4,4,0.601449251174927,0.829710125923157,1,1,1.07000005245209,2005,01,5,0,0,0,0,4.63680028915405,2005-01-01,1.32361316680908,3.48264122009277,3.14289236068726
24060050,Pluviométrica,Convencional,Santander,Los Santos,6.7592,-73.0928,1460,11/15/1973,,Andes,Magdalena Cauca,Sogamoso,Río Sogamoso,2.7309091091156,3.4872727394104,4,4,0.601449251174927,0.829710125923157,1,1,1.07000005245209,2005,01,6,0,0,0,0,4.27494049072266,2005-01-01,0,5.19837379455566,0
24060050,Pluviométrica,Convencional,Santander,Los Santos,6.7592,-73.0928,1460,11/15/1973,,Andes,Magdalena Cauca,Sogamoso,Río Sogamoso,2.7309091091156,3.4872727394104,4,4,0.601449251174927,0.829710125923157,1,1,1.05999994277954,2005,02,7,0,0,0,0,4.45445680618286,2005-02-01,0,2.75554752349854,0
24060050,Pluviométrica,Convencional,Santander,Los Santos,6.7592,-73.0928,1460,11/15/1973,,Andes,Magdalena Cauca,Sogamoso,Río Sogamoso,2.7309091091156,3.4872727394104,4,4,0.601449251174927,0.829710125923157,1,1,1.05999994277954,2005,02,8,41,41,43.4599976539612,0,7.32063293457031,2005-02-01,7.15708827972412,11.3402261734009,11.9676513671875
24060050,Pluviométrica,Convencional,Santander,Los Santos,6.7592,-73.0928,1460,11/15/1973,,Andes,Magdalena Cauca,Sogamoso,Río Sogamoso,2.7309091091156,3.4872727394104,4,4,0.601449251174927,0.829710125923157,1,1,1.05999994277954,2005,02,9,68,68,72.0799961090088,0,26.2419090270996,2005-02-01,47.821044921875,49.3133277893066,64.2150573730469
24060050,Pluviométrica,Convencional,Santander,Los Santos,6.7592,-73.0928,1460,11/15/1973,,Andes,Magdalena Cauca,Sogamoso,Río Sogamoso,2.7309091091156,3.4872727394104,4,4,0.601449251174927,0.829710125923157,1,1,1.05999994277954,2005,02,10,0,0,0,0,4.42083263397217,2005-02-01,1.19419276714325,2.31630063056946,1.00090265274048
24060050,Pluviométrica,Convencional,Santander,Los Santos,6.7592,-73.0928,1460,11/15/1973,,Andes,Magdalena Cauca,Sogamoso,Río Sogamoso,2.7309091091156,3.4872727394104,4,4,0.601449251174927,0.829710125923157,1,1,1.05999994277954,2005,02,11,0,0,0,0,4.72632598876953,2005-02-01,0.215412616729736,2.16999006271362,0.200459852814674
24060050,Pluviométrica,Convencional,Santander,Los Santos,6.7592,-73.0928,1460,11/15/1973,,Andes,Magdalena Cauca,Sogamoso,Río Sogamoso,2.7309091091156,3.4872727394104,4,4,0.601449251174927,0.829710125923157,1,1,1.05999994277954,2005,02,12,3,3,3.17999982833862,0,2.07878923416138,2005-02-01,0,2.06765365600586,0
24060050,Pluviométrica,Convencional,Santander,Los Santos,6.7592,-73.0928,1460,11/15/1973,,Andes,Magdalena Cauca,Sogamoso,Río Sogamoso,2.7309091091156,3.4872727394104,4,4,0.601449251174927,0.829710125923157,1,1,1.05999994277954,2005,03,13,0,0,0,0,5.80994558334351,2005-03-01,0,3.84669780731201,0
24060050,Pluviométrica,Convencional,Santander,Los Santos,6.7592,-73.0928,1460,11/15/1973,,Andes,Magdalena Cauca,Sogamoso,Río Sogamoso,2.7309091091156,3.4872727394104,4,4,0.601449251174927,0.829710125923157,1,1,1.05999994277954,2005,03,14,0,0,0,0,5.79059457778931,2005-03-01,0,2.67711520195007,0
24060050,Pluviométrica,Convencional,Santander,Los Santos,6.7592,-73.0928,1460,11/15/1973,,Andes,Magdalena Cauca,Sogamoso,Río Sogamoso,2.7309091091156,3.4872727394104,4,4,0.601449251174927,0.829710125923157,1,1,1.05999994277954,2005,03,15,0,0,0,0,5.46761322021484,2005-03-01,0,2.18181324005127,0
24060050,Pluviométrica,Convencional,Santander,Los Santos,6.7592,-73.0928,1460,11/15/1973,,Andes,Magdalena Cauca,Sogamoso,Río Sogamoso,2.7309091091156,3.4872727394104,4,4,0.601449251174927,0.829710125923157,1,1,1.05999994277954,2005,03,16,0,0,0,0,6.01776361465454,2005-03-01,0,2.36452150344849,0
24060050,Pluviométrica,Convencional,Santander,Los Santos,6.7592,-73.0928,1460,11/15/1973,,Andes,Magdalena Cauca,Sogamoso,Río Sogamoso,2.7309091091156,3.4872727394104,4,4,0.601449251174927,0.829710125923157,1,1,1.05999994277954,2005,03,17,2,2,2.11999988555908,0,6.11797904968262,2005-03-01,0,3.35226559638977,0
24060050,Pluviométrica,Convencional,Santander,Los Santos,6.7592,-73.0928,1460,11/15/1973,,Andes,Magdalena Cauca,Sogamoso,Río Sogamoso,2.7309091091156,3.4872727394104,4,4,0.601449251174927,0.829710125923157,1,1,1.05999994277954,2005,03,18,0,0,0,0,6.6908769607544,2005-03-01,0,3.36414957046509,0
24060050,Pluviométrica,Convencional,Santander,Los Santos,6.7592,-73.0928,1460,11/15/1973,,Andes,Magdalena Cauca,Sogamoso,Río Sogamoso,2.7309091091156,3.4872727394104,4,4,0.601449251174927,0.829710125923157,1,1,1.04999995231628,2005,04,19,23,23,24.1499989032745,0,23.4871444702148,2005-04-01,19.4749622344971,17.6535758972168,15.3388824462891
24060050,Pluviométrica,Convencional,Santander,Los Santos,6.7592,-73.0928,1460,11/15/1973,,Andes,Magdalena Cauca,Sogamoso,Río Sogamoso,2.7309091091156,3.4872727394104,4,4,0.601449251174927,0.829710125923157,1,1,1.04999995231628,2005,04,20,14,14,14.699999332428,0,35.3774147033691,2005-04-01,31.6732120513916,19.4671230316162,18.9179534912109
24060050,Pluviométrica,Convencional,Santander,Los Santos,6.7592,-73.0928,1460,11/15/1973,,Andes,Magdalena Cauca,Sogamoso,Río Sogamoso,2.7309091091156,3.4872727394104,4,4,0.601449251174927,0.829710125923157,1,1,1.04999995231628,2005,04,21,51,51,53.5499975681305,0,41.6228218078613,2005-04-01,38.0312881469727,34.8822135925293,35.6579818725586
24060050,Pluviométrica,Convencional,Santander,Los Santos,6.7592,-73.0928,1460,11/15/1973,,Andes,Magdalena Cauca,Sogamoso,Río Sogamoso,2.7309091091156,3.4872727394104,4,4,0.601449251174927,0.829710125923157,1,1,1.04999995231628,2005,04,22,4,4,4.19999980926514,0,37.0680503845215,2005-04-01,36.2751617431641,16.5973129272461,16.0291938781738
24060050,Pluviométrica,Convencional,Santander,Los Santos,6.7592,-73.0928,1460,11/15/1973,,Andes,Magdalena Cauca,Sogamoso,Río Sogamoso,2.7309091091156,3.4872727394104,4,4,0.601449251174927,0.829710125923157,1,1,1.04999995231628,2005,04,23,0,0,0,0,23.8293800354004,2005-04-01,19.9844131469727,11.6032400131226,10.0429525375366
24060050,Pluviométrica,Convencional,Santander,Los Santos,6.7592,-73.0928,1460,11/15/1973,,Andes,Magdalena Cauca,Sogamoso,Río Sogamoso,2.7309091091156,3.4872727394104,4,4,0.601449251174927,0.829710125923157,1,1,1.04999995231628,2005,04,24,0,0,0,0,6.71922063827515,2005-04-01,0,7.17476034164429,0
24060050,Pluviométrica,Convencional,Santander,Los Santos,6.7592,-73.0928,1460,11/15/1973,,Andes,Magdalena Cauca,Sogamoso,Río Sogamoso,2.7309091091156,3.4872727394104,4,4,0.601449251174927,0.829710125923157,1,1,1.03999996185303,2005,05,25,114,114,118.559995651245,0,25.4920692443848,2005-05-01,16.6051197052002,40.5427398681641,27.7456684112549
24060050,Pluviométrica,Convencional,Santander,Los Santos,6.7592,-73.0928,1460,11/15/1973,,Andes,Magdalena Cauca,Sogamoso,Río Sogamoso,2.7309091091156,3.4872727394104,4,4,0.601449251174927,0.829710125923157,1,1,1.03999996185303,2005,05,26,10,10,10.3999996185303,0,43.7976684570313,2005-05-01,38.7563629150391,28.6759185791016,25.2242469787598
24060050,Pluviométrica,Convencional,Santander,Los Santos,6.7592,-73.0928,1460,11/15/1973,,Andes,Magdalena Cauca,Sogamoso,Río Sogamoso,2.7309091091156,3.4872727394104,4,4,0.601449251174927,0.829710125923157,1,1,1.03999996185303,2005,05,27,30,30,31.1999988555908,0,37.2381973266602,2005-05-01,30.4569835662842,33.8413887023926,28.3242797851563
24060050,Pluviométrica,Convencional,Santander,Los Santos,6.7592,-73.0928,1460,11/15/1973,,Andes,Magdalena Cauca,Sogamoso,Río Sogamoso,2.7309091091156,3.4872727394104,4,4,0.601449251174927,0.829710125923157,1,1,1.03999996185303,2005,05,28,29,29,30.1599988937378,0,33.0601806640625,2005-05-01,25.2621669769287,45.7928695678711,41.6384048461914
24060050,Pluviométrica,Convencional,Santander,Los Santos,6.7592,-73.0928,1460,11/15/1973,,Andes,Magdalena Cauca,Sogamoso,Río Sogamoso,2.7309091091156,3.4872727394104,4,4,0.601449251174927,0.829710125923157,1,1,1.03999996185303,2005,05,29,2,2,2.07999992370605,0,21.1322212219238,2005-05-01,10.6833686828613,17.8719310760498,12.8235464096069
24060050,Pluviométrica,Convencional,Santander,Los Santos,6.7592,-73.0928,1460,11/15/1973,,Andes,Magdalena Cauca,Sogamoso,Río Sogamoso,2.7309091091156,3.4872727394104,4,4,0.601449251174927,0.829710125923157,1,1,1.03999996185303,2005,05,30,21,21,21.8399991989136,0,26.5294513702393,2005-05-01,10.6077013015747,20.8157539367676,15.8863916397095
24060050,Pluviométrica,Convencional,Santander,Los Santos,6.7592,-73.0928,1460,11/15/1973,,Andes,Magdalena Cauca,Sogamoso,Río Sogamoso,2.7309091091156,3.4872727394104,4,4,0.601449251174927,0.829710125923157,1,1,1.04999995231628,2005,06,31,23,23,24.1499989032745,0,27.4677047729492,2005-06-01,27.4663505554199,24.8743305206299,27.6437454223633
24060050,Pluviométrica,Convencional,Santander,Los Santos,6.7592,-73.0928,1460,11/15/1973,,Andes,Magdalena Cauca,Sogamoso,Río Sogamoso,2.7309091091156,3.4872727394104,4,4,0.601449251174927,0.829710125923157,1,1,1.04999995231628,2005,06,32,36,36,37.7999982833862,0,21.5786113739014,2005-06-01,17.3695259094238,35.2471923828125,34.3823165893555
24060050,Pluviométrica,Convencional,Santander,Los Santos,6.7592,-73.0928,1460,11/15/1973,,Andes,Magdalena Cauca,Sogamoso,Río Sogamoso,2.7309091091156,3.4872727394104,4,4,0.601449251174927,0.829710125923157,1,1,1.04999995231628,2005,06,33,0,0,0,0,22.3973846435547,2005-06-01,20.0421104431152,9.41453838348389,9.65500736236572
24060050,Pluviométrica,Convencional,Santander,Los Santos,6.7592,-73.0928,1460,11/15/1973,,Andes,Magdalena Cauca,Sogamoso,Río Sogamoso,2.7309091091156,3.4872727394104,4,4,0.601449251174927,0.829710125923157,1,1,1.04999995231628,2005,06,34,0,0,0,0,14.3326463699341,2005-06-01,6.74663019180298,7.13703346252441,4.87420749664307
24060050,Pluviométrica,Convencional,Santander,Los Santos,6.7592,-73.0928,1460,11/15/1973,,Andes,Magdalena Cauca,Sogamoso,Río Sogamoso,2.7309091091156,3.4872727394104,4,4,0.601449251174927,0.829710125923157,1,1,1.04999995231628,2005,06,35,0,0,0,0,10.5288906097412,2005-06-01,0,9.860032081604,0
24060050,Pluviométrica,Convencional,Santander,Los Santos,6.7592,-73.0928,1460,11/15/1973,,Andes,Magdalena Cauca,Sogamoso,Río Sogamoso,2.7309091091156,3.4872727394104,4,4,0.601449251174927,0.829710125923157,1,1,1.04999995231628,2005,06,36,17,17,17.8499991893768,0,21.409029006958,2005-06-01,23.143611907959,18.3180694580078,21.5003833770752
24060050,Pluviométrica,Convencional,Santander,Los Santos,6.7592,-73.0928,1460,11/15/1973,,Andes,Magdalena Cauca,Sogamoso,Río Sogamoso,2.7309091091156,3.4872727394104,4,4,0.601449251174927,0.829710125923157,1,1,1.04999995231628,2005,07,37,5,5,5.24999976158142,0,10.2117557525635,2005-07-01,2.61735677719116,10.7991981506348,8.22199630737305
24060050,Pluviométrica,Convencional,Santander,Los Santos,6.7592,-73.0928,1460,11/15/1973,,Andes,Magdalena Cauca,Sogamoso,Río Sogamoso,2.7309091091156,3.4872727394104,4,4,0.601449251174927,0.829710125923157,1,1,1.04999995231628,2005,07,38,28,28,29.399998664856,0,12.6477184295654,2005-07-01,7.79438877105713,14.8396186828613,17.576639175415
24060050,Pluviométrica,Convencional,Santander,Los Santos,6.7592,-73.0928,1460,11/15/1973,,Andes,Magdalena Cauca,Sogamoso,Río Sogamoso,2.7309091091156,3.4872727394104,4,4,0.601449251174927,0.829710125923157,1,1,1.04999995231628,2005,07,39,7,7,7.34999966621399,0,8.57701778411865,2005-07-01,0,9.64975833892822,0
24060050,Pluviométrica,Convencional,Santander,Los Santos,6.7592,-73.0928,1460,11/15/1973,,Andes,Magdalena Cauca,Sogamoso,Río Sogamoso,2.7309091091156,3.4872727394104,4,4,0.601449251174927,0.829710125923157,1,1,1.04999995231628,2005,07,40,19,19,19.9499990940094,0,16.4130249023438,2005-07-01,17.5231857299805,15.1076068878174,22.1762371063232
24060050,Pluviométrica,Convencional,Santander,Los Santos,6.7592,-73.0928,1460,11/15/1973,,Andes,Magdalena Cauca,Sogamoso,Río Sogamoso,2.7309091091156,3.4872727394104,4,4,0.601449251174927,0.829710125923157,1,1,1.04999995231628,2005,07,41,2,2,2.09999990463257,0,9.22231292724609,2005-07-01,0.317178159952164,10.066065788269,0.906842708587646
24060050,Pluviométrica,Convencional,Santander,Los Santos,6.7592,-73.0928,1460,11/15/1973,,Andes,Magdalena Cauca,Sogamoso,Río Sogamoso,2.7309091091156,3.4872727394104,4,4,0.601449251174927,0.829710125923157,1,1,1.04999995231628,2005,07,42,0,0,0,0,20.6770706176758,2005-07-01,11.8730716705322,8.10124969482422,7.59363031387329
24060050,Pluviométrica,Convencional,Santander,Los Santos,6.7592,-73.0928,1460,11/15/1973,,Andes,Magdalena Cauca,Sogamoso,Río Sogamoso,2.7309091091156,3.4872727394104,4,4,0.601449251174927,0.829710125923157,1,1,1.04999995231628,2005,08,43,29,29,30.4499986171722,0,27.2454109191895,2005-08-01,25.2445125579834,18.1884155273438,18.4471645355225
24060050,Pluviométrica,Convencional,Santander,Los Santos,6.7592,-73.0928,1460,11/15/1973,,Andes,Magdalena Cauca,Sogamoso,Río Sogamoso,2.7309091091156,3.4872727394104,4,4,0.601449251174927,0.829710125923157,1,1,1.04999995231628,2005,08,44,0,0,0,0,30.0048847198486,2005-08-01,24.5100002288818,16.2191162109375,15.0154647827148
24060050,Pluviométrica,Convencional,Santander,Los Santos,6.7592,-73.0928,1460,11/15/1973,,Andes,Magdalena Cauca,Sogamoso,Río Sogamoso,2.7309091091156,3.4872727394104,4,4,0.601449251174927,0.829710125923157,1,1,1.04999995231628,2005,08,45,23,23,24.1499989032745,0,21.5473556518555,2005-08-01,8.39490032196045,19.4415340423584,12.8430309295654
24060050,Pluviométrica,Convencional,Santander,Los Santos,6.7592,-73.0928,1460,11/15/1973,,Andes,Magdalena Cauca,Sogamoso,Río Sogamoso,2.7309091091156,3.4872727394104,4,4,0.601449251174927,0.829710125923157,1,1,1.04999995231628,2005,08,46,20,20,20.9999990463257,0,28.0796394348145,2005-08-01,20.5628795623779,20.8555107116699,16.7649917602539
24060050,Pluviométrica,Convencional,Santander,Los Santos,6.7592,-73.0928,1460,11/15/1973,,Andes,Magdalena Cauca,Sogamoso,Río Sogamoso,2.7309091091156,3.4872727394104,4,4,0.601449251174927,0.829710125923157,1,1,1.04999995231628,2005,08,47,15,15,15.7499992847443,0,22.9401264190674,2005-08-01,13.6492471694946,22.5411968231201,17.4360313415527
24060050,Pluviométrica,Convencional,Santander,Los Santos,6.7592,-73.0928,1460,11/15/1973,,Andes,Magdalena Cauca,Sogamoso,Río Sogamoso,2.7309091091156,3.4872727394104,4,4,0.601449251174927,0.829710125923157,1,1,1.04999995231628,2005,08,48,0,0,0,0,22.9670486450195,2005-08-01,6.15775489807129,15.2733774185181,7.88837337493897
24060050,Pluviométrica,Convencional,Santander,Los Santos,6.7592,-73.0928,1460,11/15/1973,,Andes,Magdalena Cauca,Sogamoso,Río Sogamoso,2.7309091091156,3.4872727394104,4,4,0.601449251174927,0.829710125923157,1,1,1.04999995231628,2005,09,49,37,37,38.8499982357025,0,12.784948348999,2005-09-01,5.37802886962891,18.1801204681397,14.4146003723145
24060050,Pluviométrica,Convencional,Santander,Los Santos,6.7592,-73.0928,1460,11/15/1973,,Andes,Magdalena Cauca,Sogamoso,Río Sogamoso,2.7309091091156,3.4872727394104,4,4,0.601449251174927,0.829710125923157,1,1,1.04999995231628,2005,09,50,6,6,6.29999971389771,0,25.8949356079102,2005-09-01,29.0876922607422,19.5715866088867,21.6472759246826
24060050,Pluviométrica,Convencional,Santander,Los Santos,6.7592,-73.0928,1460,11/15/1973,,Andes,Magdalena Cauca,Sogamoso,Río Sogamoso,2.7309091091156,3.4872727394104,4,4,0.601449251174927,0.829710125923157,1,1,1.04999995231628,2005,09,51,6,6,6.29999971389771,0,20.597749710083,2005-09-01,18.8429946899414,12.5534992218018,12.907299041748
24060050,Pluviométrica,Convencional,Santander,Los Santos,6.7592,-73.0928,1460,11/15/1973,,Andes,Magdalena Cauca,Sogamoso,Río Sogamoso,2.7309091091156,3.4872727394104,4,4,0.601449251174927,0.829710125923157,1,1,1.04999995231628,2005,09,52,3,3,3.14999985694885,0,8.72694110870361,2005-09-01,0.0626534968614578,8.33898639678955,0.127366930246353
24060050,Pluviométrica,Convencional,Santander,Los Santos,6.7592,-73.0928,1460,11/15/1973,,Andes,Magdalena Cauca,Sogamoso,Río Sogamoso,2.7309091091156,3.4872727394104,4,4,0.601449251174927,0.829710125923157,1,1,1.04999995231628,2005,09,53,23,23,24.1499989032745,0,11.3707818984985,2005-09-01,4.08318758010864,21.7550621032715,13.5205783843994
24060050,Pluviométrica,Convencional,Santander,Los Santos,6.7592,-73.0928,1460,11/15/1973,,Andes,Magdalena Cauca,Sogamoso,Río Sogamoso,2.7309091091156,3.4872727394104,4,4,0.601449251174927,0.829710125923157,1,1,1.04999995231628,2005,09,54,25,25,26.2499988079071,0,22.6740741729736,2005-09-01,20.6553859710693,33.5556221008301,33.8318367004395
24060050,Pluviométrica,Convencional,Santander,Los Santos,6.7592,-73.0928,1460,11/15/1973,,Andes,Magdalena Cauca,Sogamoso,Río Sogamoso,2.7309091091156,3.4872727394104,4,4,0.601449251174927,0.829710125923157,1,1,1.03999996185303,2005,10,55,30,30,31.1999988555908,0,19.1083106994629,2005-10-01,4.6554479598999,17.6124744415283,9.32164859771729
24060050,Pluviométrica,Convencional,Santander,Los Santos,6.7592,-73.0928,1460,11/15/1973,,Andes,Magdalena Cauca,Sogamoso,Río Sogamoso,2.7309091091156,3.4872727394104,4,4,0.601449251174927,0.829710125923157,1,1,1.03999996185303,2005,10,56,24,24,24.9599990844727,0,25.3552131652832,2005-10-01,12.3406791687012,39.6430282592773,25.2131958007813
24060050,Pluviométrica,Convencional,Santander,Los Santos,6.7592,-73.0928,1460,11/15/1973,,Andes,Magdalena Cauca,Sogamoso,Río Sogamoso,2.7309091091156,3.4872727394104,4,4,0.601449251174927,0.829710125923157,1,1,1.03999996185303,2005,10,57,4,4,4.15999984741211,0,22.6534557342529,2005-10-01,9.29174423217773,20.3815650939941,18.879602432251
24060050,Pluviométrica,Convencional,Santander,Los Santos,6.7592,-73.0928,1460,11/15/1973,,Andes,Magdalena Cauca,Sogamoso,Río Sogamoso,2.7309091091156,3.4872727394104,4,4,0.601449251174927,0.829710125923157,1,1,1.03999996185303,2005,10,58,10,10,10.3999996185303,0,18.0178871154785,2005-10-01,4.28068685531616,17.7331886291504,9.83517837524414
24060050,Pluviométrica,Convencional,Santander,Los Santos,6.7592,-73.0928,1460,11/15/1973,,Andes,Magdalena Cauca,Sogamoso,Río Sogamoso,2.7309091091156,3.4872727394104,4,4,0.601449251174927,0.829710125923157,1,1,1.03999996185303,2005,10,59,9,9,9.35999965667725,0,25.7918090820313,2005-10-01,16.3469848632813,23.4440326690674,14.2288904190063
24060050,Pluviométrica,Convencional,Santander,Los Santos,6.7592,-73.0928,1460,11/15/1973,,Andes,Magdalena Cauca,Sogamoso,Río Sogamoso,2.7309091091156,3.4872727394104,4,4,0.601449251174927,0.829710125923157,1,1,1.03999996185303,2005,10,60,26,26,27.0399990081787,0,24.2006893157959,2005-10-01,2.51910901069641,33.8668098449707,7.90246820449829
24060050,Pluviométrica,Convencional,Santander,Los Santos,6.7592,-73.0928,1460,11/15/1973,,Andes,Magdalena Cauca,Sogamoso,Río Sogamoso,2.7309091091156,3.4872727394104,4,4,0.601449251174927,0.829710125923157,1,1,1.03999996185303,2005,11,61,27,27,28.0799989700317,0,34.997241973877,2005-11-01,28.7194004058838,33.2870216369629,38.9299659729004
24060050,Pluviométrica,Convencional,Santander,Los Santos,6.7592,-73.0928,1460,11/15/1973,,Andes,Magdalena Cauca,Sogamoso,Río Sogamoso,2.7309091091156,3.4872727394104,4,4,0.601449251174927,0.829710125923157,1,1,1.03999996185303,2005,11,62,5,5,5.19999980926514,0,27.6393089294434,2005-11-01,20.0191993713379,24.1136741638184,21.1969814300537
24060050,Pluviométrica,Convencional,Santander,Los Santos,6.7592,-73.0928,1460,11/15/1973,,Andes,Magdalena Cauca,Sogamoso,Río Sogamoso,2.7309091091156,3.4872727394104,4,4,0.601449251174927,0.829710125923157,1,1,1.03999996185303,2005,11,63,38,38,39.519998550415,0,18.8387470245361,2005-11-01,8.71537971496582,36.534797668457,25.9773502349854
24060050,Pluviométrica,Convencional,Santander,Los Santos,6.7592,-73.0928,1460,11/15/1973,,Andes,Magdalena Cauca,Sogamoso,Río Sogamoso,2.7309091091156,3.4872727394104,4,4,0.601449251174927,0.829710125923157,1,1,1.03999996185303,2005,11,64,6,6,6.23999977111816,0,8.92741966247559,2005-11-01,0,12.2514982223511,0
24060050,Pluviométrica,Convencional,Santander,Los Santos,6.7592,-73.0928,1460,11/15/1973,,Andes,Magdalena Cauca,Sogamoso,Río Sogamoso,2.7309091091156,3.4872727394104,4,4,0.601449251174927,0.829710125923157,1,1,1.03999996185303,2005,11,65,41,41,42.6399984359741,0,25.8067684173584,2005-11-01,17.2426300048828,39.3171043395996,35.7776260375977
24060050,Pluviométrica,Convencional,Santander,Los Santos,6.7592,-73.0928,1460,11/15/1973,,Andes,Magdalena Cauca,Sogamoso,Río Sogamoso,2.7309091091156,3.4872727394104,4,4,0.601449251174927,0.829710125923157,1,1,1.03999996185303,2005,11,66,0,0,0,0,8.77881526947022,2005-11-01,0.458773493766785,4.18775367736816,0.468149453401566
24060050,Pluviométrica,Convencional,Santander,Los Santos,6.7592,-73.0928,1460,11/15/1973,,Andes,Magdalena Cauca,Sogamoso,Río Sogamoso,2.7309091091156,3.4872727394104,4,4,0.601449251174927,0.829710125923157,1,1,1.05999994277954,2005,12,67,2,2,2.11999988555908,0,4.592848777771,2005-12-01,0,6.67667007446289,0
24060050,Pluviométrica,Convencional,Santander,Los Santos,6.7592,-73.0928,1460,11/15/1973,,Andes,Magdalena Cauca,Sogamoso,Río Sogamoso,2.7309091091156,3.4872727394104,4,4,0.601449251174927,0.829710125923157,1,1,1.05999994277954,2005,12,68,0,0,0,0,4.2307596206665,2005-12-01,0.520382642745972,4.22088193893433,2.04707741737366
24060050,Pluviométrica,Convencional,Santander,Los Santos,6.7592,-73.0928,1460,11/15/1973,,Andes,Magdalena Cauca,Sogamoso,Río Sogamoso,2.7309091091156,3.4872727394104,4,4,0.601449251174927,0.829710125923157,1,1,1.05999994277954,2005,12,69,0,0,0,0,4.21503114700317,2005-12-01,0,3.94200277328491,0
24060050,Pluviométrica,Convencional,Santander,Los Santos,6.7592,-73.0928,1460,11/15/1973,,Andes,Magdalena Cauca,Sogamoso,Río Sogamoso,2.7309091091156,3.4872727394104,4,4,0.601449251174927,0.829710125923157,1,1,1.05999994277954,2005,12,70,0,0,0,0,4.64414548873901,2005-12-01,0,4.46669149398804,0
24060050,Pluviométrica,Convencional,Santander,Los Santos,6.7592,-73.0928,1460,11/15/1973,,Andes,Magdalena Cauca,Sogamoso,Río Sogamoso,2.7309091091156,3.4872727394104,4,4,0.601449251174927,0.829710125923157,1,1,1.05999994277954,2005,12,71,10,10,10.5999994277954,0,17.9062747955322,2005-12-01,18.9236087799072,12.513934135437,22.3836116790772
24060050,Pluviométrica,Convencional,Santander,Los Santos,6.7592,-73.0928,1460,11/15/1973,,Andes,Magdalena Cauca,Sogamoso,Río Sogamoso,2.7309091091156,3.4872727394104,4,4,0.601449251174927,0.829710125923157,1,1,1.05999994277954,2005,12,72,0,0,0,0,7.44651746749878,2005-12-01,0,3.17407393455505,0
24060050,Pluviométrica,Convencional,Santander,Los Santos,6.7592,-73.0928,1460,11/15/1973,,Andes,Magdalena Cauca,Sogamoso,Río Sogamoso,2.7309091091156,3.4872727394104,4,4,0.601449251174927,0.829710125923157,1,1,1.07000005245209,2006,01,1,20,20,21.4000010490417,0,4.34443759918213,2006-01-01,0,10.7683334350586,0
24060050,Pluviométrica,Convencional,Santander,Los Santos,6.7592,-73.0928,1460,11/15/1973,,Andes,Magdalena Cauca,Sogamoso,Río Sogamoso,2.7309091091156,3.4872727394104,4,4,0.601449251174927,0.829710125923157,1,1,1.07000005245209,2006,01,2,2,2,2.14000010490417,0,4.35984802246094,2006-01-01,0,6.05157375335693,0
24060050,Pluviométrica,Convencional,Santander,Los Santos,6.7592,-73.0928,1460,11/15/1973,,Andes,Magdalena Cauca,Sogamoso,Río Sogamoso,2.7309091091156,3.4872727394104,4,4,0.601449251174927,0.829710125923157,1,1,1.07000005245209,2006,01,3,0,0,0,0,4.27155447006226,2006-01-01,0,3.73703384399414,0
24060050,Pluviométrica,Convencional,Santander,Los Santos,6.7592,-73.0928,1460,11/15/1973,,Andes,Magdalena Cauca,Sogamoso,Río Sogamoso,2.7309091091156,3.4872727394104,4,4,0.601449251174927,0.829710125923157,1,1,1.07000005245209,2006,01,4,0,0,0,0,3.98411822319031,2006-01-01,0,3.06429147720337,0
24060050,Pluviométrica,Convencional,Santander,Los Santos,6.7592,-73.0928,1460,11/15/1973,,Andes,Magdalena Cauca,Sogamoso,Río Sogamoso,2.7309091091156,3.4872727394104,4,4,0.601449251174927,0.829710125923157,1,1,1.07000005245209,2006,01,5,0,0,0,0,5.77373504638672,2006-01-01,2.86852216720581,3.4303617477417,6.16272068023682
24060050,Pluviométrica,Convencional,Santander,Los Santos,6.7592,-73.0928,1460,11/15/1973,,Andes,Magdalena Cauca,Sogamoso,Río Sogamoso,2.7309091091156,3.4872727394104,4,4,0.601449251174927,0.829710125923157,1,1,1.07000005245209,2006,01,6,0,0,0,0,39.0345001220703,2006-01-01,48.3962326049805,20.9893054962158,36.7586135864258
24060050,Pluviométrica,Convencional,Santander,Los Santos,6.7592,-73.0928,1460,11/15/1973,,Andes,Magdalena Cauca,Sogamoso,Río Sogamoso,2.7309091091156,3.4872727394104,4,4,0.601449251174927,0.829710125923157,1,1,1.05999994277954,2006,02,7,5,5,5.29999971389771,0,21.2347316741943,2006-02-01,33.8129348754883,12.7938947677612,13.9344091415405
24060050,Pluviométrica,Convencional,Santander,Los Santos,6.7592,-73.0928,1460,11/15/1973,,Andes,Magdalena Cauca,Sogamoso,Río Sogamoso,2.7309091091156,3.4872727394104,4,4,0.601449251174927,0.829710125923157,1,1,1.05999994277954,2006,02,8,0,0,0,0,5.00042772293091,2006-02-01,2.13548469543457,2.69850182533264,2.03826665878296
24060050,Pluviométrica,Convencional,Santander,Los Santos,6.7592,-73.0928,1460,11/15/1973,,Andes,Magdalena Cauca,Sogamoso,Río Sogamoso,2.7309091091156,3.4872727394104,4,4,0.601449251174927,0.829710125923157,1,1,1.05999994277954,2006,02,9,2,2,2.11999988555908,0,4.23109769821167,2006-02-01,1.0911922454834,4.05505037307739,1.72477114200592
24060050,Pluviométrica,Convencional,Santander,Los Santos,6.7592,-73.0928,1460,11/15/1973,,Andes,Magdalena Cauca,Sogamoso,Río Sogamoso,2.7309091091156,3.4872727394104,4,4,0.601449251174927,0.829710125923157,1,1,1.05999994277954,2006,02,10,0,0,0,0,4.42083263397217,2006-02-01,1.19419276714325,2.52042984962463,0.985607445240021
24060050,Pluviométrica,Convencional,Santander,Los Santos,6.7592,-73.0928,1460,11/15/1973,,Andes,Magdalena Cauca,Sogamoso,Río Sogamoso,2.7309091091156,3.4872727394104,4,4,0.601449251174927,0.829710125923157,1,1,1.05999994277954,2006,02,11,0,0,0,0,4.72632598876953,2006-02-01,0.215412616729736,2.35600423812866,0.176559001207352
24060050,Pluviométrica,Convencional,Santander,Los Santos,6.7592,-73.0928,1460,11/15/1973,,Andes,Magdalena Cauca,Sogamoso,Río Sogamoso,2.7309091091156,3.4872727394104,4,4,0.601449251174927,0.829710125923157,1,1,1.05999994277954,2006,02,12,24,24,25.439998626709,0,5.97715282440186,2006-02-01,7.17529201507568,11.4249057769775,13.3256320953369
24060050,Pluviométrica,Convencional,Santander,Los Santos,6.7592,-73.0928,1460,11/15/1973,,Andes,Magdalena Cauca,Sogamoso,Río Sogamoso,2.7309091091156,3.4872727394104,4,4,0.601449251174927,0.829710125923157,1,1,1.05999994277954,2006,03,13,1,1,1.05999994277954,0,6.95432901382446,2006-03-01,0,4.43306827545166,0
24060050,Pluviométrica,Convencional,Santander,Los Santos,6.7592,-73.0928,1460,11/15/1973,,Andes,Magdalena Cauca,Sogamoso,Río Sogamoso,2.7309091091156,3.4872727394104,4,4,0.601449251174927,0.829710125923157,1,1,1.05999994277954,2006,03,14,27.6,27.6,29.2559984207153,0,34.7539710998535,2006-03-01,45.1408920288086,51.3542251586914,51.672248840332
24060050,Pluviométrica,Convencional,Santander,Los Santos,6.7592,-73.0928,1460,11/15/1973,,Andes,Magdalena Cauca,Sogamoso,Río Sogamoso,2.7309091091156,3.4872727394104,4,4,0.601449251174927,0.829710125923157,1,1,1.05999994277954,2006,03,15,9.8,9.8,10.3879994392395,0,11.3661794662476,2006-03-01,3.37491679191589,11.4332704544067,8.06965637207031
24060050,Pluviométrica,Convencional,Santander,Los Santos,6.7592,-73.0928,1460,11/15/1973,,Andes,Magdalena Cauca,Sogamoso,Río Sogamoso,2.7309091091156,3.4872727394104,4,4,0.601449251174927,0.829710125923157,1,1,1.05999994277954,2006,03,16,7.4,7.4,7.84399957656861,0,21.8068027496338,2006-03-01,21.8934650421143,19.6181411743164,16.4732799530029
24060050,Pluviométrica,Convencional,Santander,Los Santos,6.7592,-73.0928,1460,11/15/1973,,Andes,Magdalena Cauca,Sogamoso,Río Sogamoso,2.7309091091156,3.4872727394104,4,4,0.601449251174927,0.829710125923157,1,1,1.05999994277954,2006,03,17,91.5,91.5,96.989994764328,0,33.4710807800293,2006-03-01,40.7636680603027,42.7294731140137,39.1361846923828
24060050,Pluviométrica,Convencional,Santander,Los Santos,6.7592,-73.0928,1460,11/15/1973,,Andes,Magdalena Cauca,Sogamoso,Río Sogamoso,2.7309091091156,3.4872727394104,4,4,0.601449251174927,0.829710125923157,1,1,1.05999994277954,2006,03,18,3.8,3.8,4.02799978256226,0,21.9206638336182,2006-03-01,13.4086179733276,14.5229225158691,10.7604846954346
24060050,Pluviométrica,Convencional,Santander,Los Santos,6.7592,-73.0928,1460,11/15/1973,,Andes,Magdalena Cauca,Sogamoso,Río Sogamoso,2.7309091091156,3.4872727394104,4,4,0.601449251174927,0.829710125923157,1,1,1.04999995231628,2006,04,19,37.5,37.5,39.3749982118607,0,23.9913005828857,2006-04-01,20.1050052642822,28.7424640655518,27.1260223388672
24060050,Pluviométrica,Convencional,Santander,Los Santos,6.7592,-73.0928,1460,11/15/1973,,Andes,Magdalena Cauca,Sogamoso,Río Sogamoso,2.7309091091156,3.4872727394104,4,4,0.601449251174927,0.829710125923157,1,1,1.04999995231628,2006,04,20,1.1,1.1,1.15499994754791,0,13.0081739425659,2006-04-01,5.39777183532715,10.6138582229614,6.58305549621582
24060050,Pluviométrica,Convencional,Santander,Los Santos,6.7592,-73.0928,1460,11/15/1973,,Andes,Magdalena Cauca,Sogamoso,Río Sogamoso,2.7309091091156,3.4872727394104,4,4,0.601449251174927,0.829710125923157,1,1,1.04999995231628,2006,04,21,2.2,2.2,2.30999989509583,0,12.9313488006592,2006-04-01,4.9264349937439,14.892879486084,8.71319103240967
24060050,Pluviométrica,Convencional,Santander,Los Santos,6.7592,-73.0928,1460,11/15/1973,,Andes,Magdalena Cauca,Sogamoso,Río Sogamoso,2.7309091091156,3.4872727394104,4,4,0.601449251174927,0.829710125923157,1,1,1.04999995231628,2006,04,22,11,11,11.5499994754791,0,12.2191534042358,2006-04-01,5.87688064575195,12.3259973526001,9.94287204742432
24060050,Pluviométrica,Convencional,Santander,Los Santos,6.7592,-73.0928,1460,11/15/1973,,Andes,Magdalena Cauca,Sogamoso,Río Sogamoso,2.7309091091156,3.4872727394104,4,4,0.601449251174927,0.829710125923157,1,1,1.04999995231628,2006,04,23,9.4,9.4,9.86999955177307,0,24.3301391601563,2006-04-01,20.6010341644287,15.7234859466553,14.6977481842041
24060050,Pluviométrica,Convencional,Santander,Los Santos,6.7592,-73.0928,1460,11/15/1973,,Andes,Magdalena Cauca,Sogamoso,Río Sogamoso,2.7309091091156,3.4872727394104,4,4,0.601449251174927,0.829710125923157,1,1,1.04999995231628,2006,04,24,4.1,4.1,4.30499980449677,0,37.6992301940918,2006-04-01,33.4712867736816,27.7126045227051,27.594820022583
24060050,Pluviométrica,Convencional,Santander,Los Santos,6.7592,-73.0928,1460,11/15/1973,,Andes,Magdalena Cauca,Sogamoso,Río Sogamoso,2.7309091091156,3.4872727394104,4,4,0.601449251174927,0.829710125923157,1,1,1.03999996185303,2006,05,25,22.7,22.7,23.6079991340637,0,28.649600982666,2006-05-01,20.5703544616699,42.4630889892578,36.7816886901856
24060050,Pluviométrica,Convencional,Santander,Los Santos,6.7592,-73.0928,1460,11/15/1973,,Andes,Magdalena Cauca,Sogamoso,Río Sogamoso,2.7309091091156,3.4872727394104,4,4,0.601449251174927,0.829710125923157,1,1,1.03999996185303,2006,05,26,43.8,43.8,45.5519983291626,0,38.4043502807617,2006-05-01,32.0523948669434,51.5132102966309,42.4327926635742
24060050,Pluviométrica,Convencional,Santander,Los Santos,6.7592,-73.0928,1460,11/15/1973,,Andes,Magdalena Cauca,Sogamoso,Río Sogamoso,2.7309091091156,3.4872727394104,4,4,0.601449251174927,0.829710125923157,1,1,1.03999996185303,2006,05,27,61.3,61.3,63.7519976615906,0,34.4358215332031,2006-05-01,26.9800968170166,43.6475410461426,37.0764694213867
24060050,Pluviométrica,Convencional,Santander,Los Santos,6.7592,-73.0928,1460,11/15/1973,,Andes,Magdalena Cauca,Sogamoso,Río Sogamoso,2.7309091091156,3.4872727394104,4,4,0.601449251174927,0.829710125923157,1,1,1.03999996185303,2006,05,28,12,12,12.4799995422363,0,33.6258888244629,2006-05-01,25.963005065918,29.2489185333252,24.9354801177979
24060050,Pluviométrica,Convencional,Santander,Los Santos,6.7592,-73.0928,1460,11/15/1973,,Andes,Magdalena Cauca,Sogamoso,Río Sogamoso,2.7309091091156,3.4872727394104,4,4,0.601449251174927,0.829710125923157,1,1,1.03999996185303,2006,05,29,0,0,0,0,10.4082002639771,2006-05-01,0,5.2665548324585,0
24060050,Pluviométrica,Convencional,Santander,Los Santos,6.7592,-73.0928,1460,11/15/1973,,Andes,Magdalena Cauca,Sogamoso,Río Sogamoso,2.7309091091156,3.4872727394104,4,4,0.601449251174927,0.829710125923157,1,1,1.03999996185303,2006,05,30,22.8,22.8,23.711999130249,0,39.6143493652344,2006-05-01,23.8353271484375,31.0386638641357,22.1670207977295
24060050,Pluviométrica,Convencional,Santander,Los Santos,6.7592,-73.0928,1460,11/15/1973,,Andes,Magdalena Cauca,Sogamoso,Río Sogamoso,2.7309091091156,3.4872727394104,4,4,0.601449251174927,0.829710125923157,1,1,1.04999995231628,2006,06,31,9.2,9.2,9.65999956130981,0,27.4677047729492,2006-06-01,27.4663505554199,32.3798522949219,36.0379028320313
24060050,Pluviométrica,Convencional,Santander,Los Santos,6.7592,-73.0928,1460,11/15/1973,,Andes,Magdalena Cauca,Sogamoso,Río Sogamoso,2.7309091091156,3.4872727394104,4,4,0.601449251174927,0.829710125923157,1,1,1.04999995231628,2006,06,32,64.9,64.9,68.1449969053269,0,17.3557834625244,2006-06-01,9.79764747619629,32.3676872253418,25.9281330108643
24060050,Pluviométrica,Convencional,Santander,Los Santos,6.7592,-73.0928,1460,11/15/1973,,Andes,Magdalena Cauca,Sogamoso,Río Sogamoso,2.7309091091156,3.4872727394104,4,4,0.601449251174927,0.829710125923157,1,1,1.04999995231628,2006,06,33,19.2,19.2,20.1599990844727,0,10.9624032974243,2006-06-01,0,14.8604888916016,0
24060050,Pluviométrica,Convencional,Santander,Los Santos,6.7592,-73.0928,1460,11/15/1973,,Andes,Magdalena Cauca,Sogamoso,Río Sogamoso,2.7309091091156,3.4872727394104,4,4,0.601449251174927,0.829710125923157,1,1,1.04999995231628,2006,06,34,13.7,13.7,14.3849993467331,0,13.5528564453125,2006-06-01,5.15187501907349,14.1387538909912,14.538384437561
24060050,Pluviométrica,Convencional,Santander,Los Santos,6.7592,-73.0928,1460,11/15/1973,,Andes,Magdalena Cauca,Sogamoso,Río Sogamoso,2.7309091091156,3.4872727394104,4,4,0.601449251174927,0.829710125923157,1,1,1.04999995231628,2006,06,35,1.3,1.3,1.36499993801117,0,17.6110591888428,2006-06-01,13.7775764465332,7.30565309524536,7.85683107376099
24060050,Pluviométrica,Convencional,Santander,Los Santos,6.7592,-73.0928,1460,11/15/1973,,Andes,Magdalena Cauca,Sogamoso,Río Sogamoso,2.7309091091156,3.4872727394104,4,4,0.601449251174927,0.829710125923157,1,1,1.04999995231628,2006,06,36,8.4,8.4,8.81999959945679,0,15.5446310043335,2006-06-01,10.0921611785889,8.94891548156738,9.48719215393066
24060050,Pluviométrica,Convencional,Santander,Los Santos,6.7592,-73.0928,1460,11/15/1973,,Andes,Magdalena Cauca,Sogamoso,Río Sogamoso,2.7309091091156,3.4872727394104,4,4,0.601449251174927,0.829710125923157,1,1,1.04999995231628,2006,07,37,0,0,0,0,19.7850914001465,2006-07-01,24.0733165740967,8.4718599319458,9.44771480560303
24060050,Pluviométrica,Convencional,Santander,Los Santos,6.7592,-73.0928,1460,11/15/1973,,Andes,Magdalena Cauca,Sogamoso,Río Sogamoso,2.7309091091156,3.4872727394104,4,4,0.601449251174927,0.829710125923157,1,1,1.04999995231628,2006,07,38,2.3,2.3,2.41499989032745,0,14.3069496154785,2006-07-01,11.5954504013062,5.32476663589478,4.85604000091553
24060050,Pluviométrica,Convencional,Santander,Los Santos,6.7592,-73.0928,1460,11/15/1973,,Andes,Magdalena Cauca,Sogamoso,Río Sogamoso,2.7309091091156,3.4872727394104,4,4,0.601449251174927,0.829710125923157,1,1,1.04999995231628,2006,07,39,9.7,9.7,10.184999537468,0,18.1816864013672,2006-07-01,20.8296508789063,16.0437889099121,19.359676361084
24060050,Pluviométrica,Convencional,Santander,Los Santos,6.7592,-73.0928,1460,11/15/1973,,Andes,Magdalena Cauca,Sogamoso,Río Sogamoso,2.7309091091156,3.4872727394104,4,4,0.601449251174927,0.829710125923157,1,1,1.04999995231628,2006,07,40,2,2,2.09999990463257,0,15.1337747573853,2006-07-01,14.4313192367554,11.5615911483765,14.8992681503296
24060050,Pluviométrica,Convencional,Santander,Los Santos,6.7592,-73.0928,1460,11/15/1973,,Andes,Magdalena Cauca,Sogamoso,Río Sogamoso,2.7309091091156,3.4872727394104,4,4,0.601449251174927,0.829710125923157,1,1,1.04999995231628,2006,07,41,0,0,0,0,15.5233764648438,2006-07-01,15.0708093643188,5.17214679718018,5.13066625595093
24060050,Pluviométrica,Convencional,Santander,Los Santos,6.7592,-73.0928,1460,11/15/1973,,Andes,Magdalena Cauca,Sogamoso,Río Sogamoso,2.7309091091156,3.4872727394104,4,4,0.601449251174927,0.829710125923157,1,1,1.04999995231628,2006,07,42,18,18,18.8999991416931,0,32.4991836547852,2006-07-01,33.984317779541,20.1199131011963,21.3355960845947
24060050,Pluviométrica,Convencional,Santander,Los Santos,6.7592,-73.0928,1460,11/15/1973,,Andes,Magdalena Cauca,Sogamoso,Río Sogamoso,2.7309091091156,3.4872727394104,4,4,0.601449251174927,0.829710125923157,1,1,1.04999995231628,2006,08,43,16.3,16.3,17.1149992227554,0,21.2488594055176,2006-08-01,13.3444242477417,19.7480392456055,18.2153015136719
24060050,Pluviométrica,Convencional,Santander,Los Santos,6.7592,-73.0928,1460,11/15/1973,,Andes,Magdalena Cauca,Sogamoso,Río Sogamoso,2.7309091091156,3.4872727394104,4,4,0.601449251174927,0.829710125923157,1,1,1.04999995231628,2006,08,44,0,0,0,0,18.4598045349121,2006-08-01,4.15408039093018,6.98315477371216,2.85199952125549
24060050,Pluviométrica,Convencional,Santander,Los Santos,6.7592,-73.0928,1460,11/15/1973,,Andes,Magdalena Cauca,Sogamoso,Río Sogamoso,2.7309091091156,3.4872727394104,4,4,0.601449251174927,0.829710125923157,1,1,1.04999995231628,2006,08,45,2.3,2.3,2.41499989032745,0,25.6262397766113,2006-08-01,15.2156562805176,9.58524227142334,6.60282182693481
24060050,Pluviométrica,Convencional,Santander,Los Santos,6.7592,-73.0928,1460,11/15/1973,,Andes,Magdalena Cauca,Sogamoso,Río Sogamoso,2.7309091091156,3.4872727394104,4,4,0.601449251174927,0.829710125923157,1,1,1.04999995231628,2006,08,46,29,29,30.4499986171722,0,31.5194606781006,2006-08-01,26.3867530822754,33.9976272583008,28.9294757843018
24060050,Pluviométrica,Convencional,Santander,Los Santos,6.7592,-73.0928,1460,11/15/1973,,Andes,Magdalena Cauca,Sogamoso,Río Sogamoso,2.7309091091156,3.4872727394104,4,4,0.601449251174927,0.829710125923157,1,1,1.04999995231628,2006,08,47,14.8,14.8,15.539999294281,0,20.7542400360107,2006-08-01,9.83723926544189,28.164342880249,20.4037532806397
24060050,Pluviométrica,Convencional,Santander,Los Santos,6.7592,-73.0928,1460,11/15/1973,,Andes,Magdalena Cauca,Sogamoso,Río Sogamoso,2.7309091091156,3.4872727394104,4,4,0.601449251174927,0.829710125923157,1,1,1.04999995231628,2006,08,48,8.3,8.3,8.71499960422516,0,34.4941253662109,2006-08-01,24.763801574707,18.8543548583984,14.0411062240601
24060050,Pluviométrica,Convencional,Santander,Los Santos,6.7592,-73.0928,1460,11/15/1973,,Andes,Magdalena Cauca,Sogamoso,Río Sogamoso,2.7309091091156,3.4872727394104,4,4,0.601449251174927,0.829710125923157,1,1,1.04999995231628,2006,09,49,14.5,14.5,15.2249993085861,0,10.1576299667358,2006-09-01,1.29202079772949,19.1659984588623,5.69805955886841
24060050,Pluviométrica,Convencional,Santander,Los Santos,6.7592,-73.0928,1460,11/15/1973,,Andes,Magdalena Cauca,Sogamoso,Río Sogamoso,2.7309091091156,3.4872727394104,4,4,0.601449251174927,0.829710125923157,1,1,1.04999995231628,2006,09,50,2,2,2.09999990463257,0,22.2361373901367,2006-09-01,22.9506130218506,18.0903549194336,19.4207363128662
24060050,Pluviométrica,Convencional,Santander,Los Santos,6.7592,-73.0928,1460,11/15/1973,,Andes,Magdalena Cauca,Sogamoso,Río Sogamoso,2.7309091091156,3.4872727394104,4,4,0.601449251174927,0.829710125923157,1,1,1.04999995231628,2006,09,51,10.8,10.8,11.3399994850159,0,20.0169525146484,2006-09-01,17.8880558013916,12.8393030166626,12.2573518753052
24060050,Pluviométrica,Convencional,Santander,Los Santos,6.7592,-73.0928,1460,11/15/1973,,Andes,Magdalena Cauca,Sogamoso,Río Sogamoso,2.7309091091156,3.4872727394104,4,4,0.601449251174927,0.829710125923157,1,1,1.04999995231628,2006,09,52,10,10,10.4999995231628,0,15.4987335205078,2006-09-01,11.0202875137329,23.795446395874,21.485387802124
24060050,Pluviométrica,Convencional,Santander,Los Santos,6.7592,-73.0928,1460,11/15/1973,,Andes,Magdalena Cauca,Sogamoso,Río Sogamoso,2.7309091091156,3.4872727394104,4,4,0.601449251174927,0.829710125923157,1,1,1.04999995231628,2006,09,53,3.2,3.2,3.35999984741211,0,9.70388984680176,2006-09-01,1.32477629184723,9.17166423797607,3.56514120101929
24060050,Pluviométrica,Convencional,Santander,Los Santos,6.7592,-73.0928,1460,11/15/1973,,Andes,Magdalena Cauca,Sogamoso,Río Sogamoso,2.7309091091156,3.4872727394104,4,4,0.601449251174927,0.829710125923157,1,1,1.04999995231628,2006,09,54,0,0,0,0,18.1646480560303,2006-09-01,12.7181539535522,8.07877731323242,7.5550012588501
24060050,Pluviométrica,Convencional,Santander,Los Santos,6.7592,-73.0928,1460,11/15/1973,,Andes,Magdalena Cauca,Sogamoso,Río Sogamoso,2.7309091091156,3.4872727394104,4,4,0.601449251174927,0.829710125923157,1,1,1.03999996185303,2006,10,55,9.2,9.2,9.56799964904785,0,37.1760635375977,2006-10-01,29.5733222961426,26.4705009460449,20.5854663848877
24060050,Pluviométrica,Convencional,Santander,Los Santos,6.7592,-73.0928,1460,11/15/1973,,Andes,Magdalena Cauca,Sogamoso,Río Sogamoso,2.7309091091156,3.4872727394104,4,4,0.601449251174927,0.829710125923157,1,1,1.03999996185303,2006,10,56,20.6,20.6,21.4239992141724,0,32.8494911193848,2006-10-01,22.6170654296875,22.1875839233398,19.1453113555908
24060050,Pluviométrica,Convencional,Santander,Los Santos,6.7592,-73.0928,1460,11/15/1973,,Andes,Magdalena Cauca,Sogamoso,Río Sogamoso,2.7309091091156,3.4872727394104,4,4,0.601449251174927,0.829710125923157,1,1,1.03999996185303,2006,10,57,35.4,35.4,36.8159986495972,0,36.1604881286621,2006-10-01,28.7188568115234,54.0843391418457,45.8080635070801
24060050,Pluviométrica,Convencional,Santander,Los Santos,6.7592,-73.0928,1460,11/15/1973,,Andes,Magdalena Cauca,Sogamoso,Río Sogamoso,2.7309091091156,3.4872727394104,4,4,0.601449251174927,0.829710125923157,1,1,1.03999996185303,2006,10,58,10.8,10.8,11.2319995880127,0,23.7986507415772,2006-10-01,13.1873588562012,30.3043174743652,22.5680732727051
24060050,Pluviométrica,Convencional,Santander,Los Santos,6.7592,-73.0928,1460,11/15/1973,,Andes,Magdalena Cauca,Sogamoso,Río Sogamoso,2.7309091091156,3.4872727394104,4,4,0.601449251174927,0.829710125923157,1,1,1.03999996185303,2006,10,59,3,3,3.11999988555908,0,23.5725879669189,2006-10-01,12.8044023513794,20.7982997894287,14.1234455108643
24060050,Pluviométrica,Convencional,Santander,Los Santos,6.7592,-73.0928,1460,11/15/1973,,Andes,Magdalena Cauca,Sogamoso,Río Sogamoso,2.7309091091156,3.4872727394104,4,4,0.601449251174927,0.829710125923157,1,1,1.03999996185303,2006,10,60,4.2,4.2,4.36799983978272,0,25.0729446411133,2006-10-01,3.7085018157959,17.1930980682373,6.36864328384399
24060050,Pluviométrica,Convencional,Santander,Los Santos,6.7592,-73.0928,1460,11/15/1973,,Andes,Magdalena Cauca,Sogamoso,Río Sogamoso,2.7309091091156,3.4872727394104,4,4,0.601449251174927,0.829710125923157,1,1,1.03999996185303,2006,11,61,0,0,0,0,8.64848709106445,2006-11-01,1.0376091003418,5.8965311050415,2.30502223968506
24060050,Pluviométrica,Convencional,Santander,Los Santos,6.7592,-73.0928,1460,11/15/1973,,Andes,Magdalena Cauca,Sogamoso,Río Sogamoso,2.7309091091156,3.4872727394104,4,4,0.601449251174927,0.829710125923157,1,1,1.03999996185303,2006,11,62,5,5,5.19999980926514,0,17.5064907073975,2006-11-01,8.95189094543457,14.365288734436,10.275689125061
24060050,Pluviométrica,Convencional,Santander,Los Santos,6.7592,-73.0928,1460,11/15/1973,,Andes,Magdalena Cauca,Sogamoso,Río Sogamoso,2.7309091091156,3.4872727394104,4,4,0.601449251174927,0.829710125923157,1,1,1.03999996185303,2006,11,63,23.8,23.8,24.7519990921021,0,9.73679256439209,2006-11-01,0,17.3135433197022,0
24060050,Pluviométrica,Convencional,Santander,Los Santos,6.7592,-73.0928,1460,11/15/1973,,Andes,Magdalena Cauca,Sogamoso,Río Sogamoso,2.7309091091156,3.4872727394104,4,4,0.601449251174927,0.829710125923157,1,1,1.03999996185303,2006,11,64,20.2,20.2,21.0079992294312,0,11.2925128936768,2006-11-01,1.11068177223206,17.9199447631836,3.36920523643494
24060050,Pluviométrica,Convencional,Santander,Los Santos,6.7592,-73.0928,1460,11/15/1973,,Andes,Magdalena Cauca,Sogamoso,Río Sogamoso,2.7309091091156,3.4872727394104,4,4,0.601449251174927,0.829710125923157,1,1,1.03999996185303,2006,11,65,6.3,6.3,6.55199975967407,0,28.201904296875,2006-11-01,19.7630424499512,34.3232192993164,42.0425453186035
24060050,Pluviométrica,Convencional,Santander,Los Santos,6.7592,-73.0928,1460,11/15/1973,,Andes,Magdalena Cauca,Sogamoso,Río Sogamoso,2.7309091091156,3.4872727394104,4,4,0.601449251174927,0.829710125923157,1,1,1.03999996185303,2006,11,66,0,0,0,0,22.7331562042236,2006-11-01,14.3683576583862,10.3471279144287,9.53930377960205
24060050,Pluviométrica,Convencional,Santander,Los Santos,6.7592,-73.0928,1460,11/15/1973,,Andes,Magdalena Cauca,Sogamoso,Río Sogamoso,2.7309091091156,3.4872727394104,4,4,0.601449251174927,0.829710125923157,1,1,1.05999994277954,2006,12,67,4.4,4.4,4.66399974822998,0,6.15317296981812,2006-12-01,0.941994071006775,6.33873844146729,2.16915583610535
24060050,Pluviométrica,Convencional,Santander,Los Santos,6.7592,-73.0928,1460,11/15/1973,,Andes,Magdalena Cauca,Sogamoso,Río Sogamoso,2.7309091091156,3.4872727394104,4,4,0.601449251174927,0.829710125923157,1,1,1.05999994277954,2006,12,68,22.2,22.2,23.5319987297058,0,14.2919406890869,2006-12-01,16.2976131439209,17.6970043182373,22.5462093353272
24060050,Pluviométrica,Convencional,Santander,Los Santos,6.7592,-73.0928,1460,11/15/1973,,Andes,Magdalena Cauca,Sogamoso,Río Sogamoso,2.7309091091156,3.4872727394104,4,4,0.601449251174927,0.829710125923157,1,1,1.05999994277954,2006,12,69,0,0,0,0,4.21503114700317,2006-12-01,0,3.84650897979736,0
24060050,Pluviométrica,Convencional,Santander,Los Santos,6.7592,-73.0928,1460,11/15/1973,,Andes,Magdalena Cauca,Sogamoso,Río Sogamoso,2.7309091091156,3.4872727394104,4,4,0.601449251174927,0.829710125923157,1,1,1.05999994277954,2006,12,70,0,0,0,0,4.64414548873901,2006-12-01,0,3.73927211761475,0
24060050,Pluviométrica,Convencional,Santander,Los Santos,6.7592,-73.0928,1460,11/15/1973,,Andes,Magdalena Cauca,Sogamoso,Río Sogamoso,2.7309091091156,3.4872727394104,4,4,0.601449251174927,0.829710125923157,1,1,1.05999994277954,2006,12,71,0,0,0,0,9.33336639404297,2006-12-01,5.71587944030762,4.41708183288574,3.41881513595581
24060050,Pluviométrica,Convencional,Santander,Los Santos,6.7592,-73.0928,1460,11/15/1973,,Andes,Magdalena Cauca,Sogamoso,Río Sogamoso,2.7309091091156,3.4872727394104,4,4,0.601449251174927,0.829710125923157,1,1,1.05999994277954,2006,12,72,0,0,0,0,19.4195079803467,2006-12-01,13.3870992660522,9.40996265411377,9.69633197784424
24060050,Pluviométrica,Convencional,Santander,Los Santos,6.7592,-73.0928,1460,11/15/1973,,Andes,Magdalena Cauca,Sogamoso,Río Sogamoso,2.7309091091156,3.4872727394104,4,4,0.601449251174927,0.829710125923157,1,1,1.07000005245209,2007,01,1,0,0,0,0,4.34443759918213,2007-01-01,0,3.17006540298462,0
24060050,Pluviométrica,Convencional,Santander,Los Santos,6.7592,-73.0928,1460,11/15/1973,,Andes,Magdalena Cauca,Sogamoso,Río Sogamoso,2.7309091091156,3.4872727394104,4,4,0.601449251174927,0.829710125923157,1,1,1.07000005245209,2007,01,2,0,0,0,0,4.35984802246094,2007-01-01,0,2.51968479156494,0
24060050,Pluviométrica,Convencional,Santander,Los Santos,6.7592,-73.0928,1460,11/15/1973,,Andes,Magdalena Cauca,Sogamoso,Río Sogamoso,2.7309091091156,3.4872727394104,4,4,0.601449251174927,0.829710125923157,1,1,1.07000005245209,2007,01,3,0,0,0,0,4.27155447006226,2007-01-01,0,8.03564929962158,0
24060050,Pluviométrica,Convencional,Santander,Los Santos,6.7592,-73.0928,1460,11/15/1973,,Andes,Magdalena Cauca,Sogamoso,Río Sogamoso,2.7309091091156,3.4872727394104,4,4,0.601449251174927,0.829710125923157,1,1,1.07000005245209,2007,01,4,0,0,0,0,6.57260894775391,2007-01-01,1.17814159393311,5.64991283416748,3.13377666473389
24060050,Pluviométrica,Convencional,Santander,Los Santos,6.7592,-73.0928,1460,11/15/1973,,Andes,Magdalena Cauca,Sogamoso,Río Sogamoso,2.7309091091156,3.4872727394104,4,4,0.601449251174927,0.829710125923157,1,1,1.07000005245209,2007,01,5,0,0,0,0,3.49986529350281,2007-01-01,0,5.22375869750977,0
24060050,Pluviométrica,Convencional,Santander,Los Santos,6.7592,-73.0928,1460,11/15/1973,,Andes,Magdalena Cauca,Sogamoso,Río Sogamoso,2.7309091091156,3.4872727394104,4,4,0.601449251174927,0.829710125923157,1,1,1.07000005245209,2007,01,6,2,2,2.14000010490417,0,7.90868473052979,2007-01-01,4.4340934753418,7.84103155136108,7.16443490982056
24060050,Pluviométrica,Convencional,Santander,Los Santos,6.7592,-73.0928,1460,11/15/1973,,Andes,Magdalena Cauca,Sogamoso,Río Sogamoso,2.7309091091156,3.4872727394104,4,4,0.601449251174927,0.829710125923157,1,1,1.05999994277954,2007,02,7,0,0,0,0,4.45445680618286,2007-02-01,0,2.66192841529846,0
24060050,Pluviométrica,Convencional,Santander,Los Santos,6.7592,-73.0928,1460,11/15/1973,,Andes,Magdalena Cauca,Sogamoso,Río Sogamoso,2.7309091091156,3.4872727394104,4,4,0.601449251174927,0.829710125923157,1,1,1.05999994277954,2007,02,8,16.6,16.6,17.5959990501404,0,4.23986196517944,2007-02-01,0.489398539066315,4.94312572479248,0.890729308128357
24060050,Pluviométrica,Convencional,Santander,Los Santos,6.7592,-73.0928,1460,11/15/1973,,Andes,Magdalena Cauca,Sogamoso,Río Sogamoso,2.7309091091156,3.4872727394104,4,4,0.601449251174927,0.829710125923157,1,1,1.05999994277954,2007,02,9,0,0,0,0,4.23109769821167,2007-02-01,1.0911922454834,3.67888379096985,1.57032668590546
24060050,Pluviométrica,Convencional,Santander,Los Santos,6.7592,-73.0928,1460,11/15/1973,,Andes,Magdalena Cauca,Sogamoso,Río Sogamoso,2.7309091091156,3.4872727394104,4,4,0.601449251174927,0.829710125923157,1,1,1.05999994277954,2007,02,10,20.4,20.4,21.6239988327026,0,5.2138614654541,2007-02-01,2.74523162841797,7.93982458114624,6.03759813308716
24060050,Pluviométrica,Convencional,Santander,Los Santos,6.7592,-73.0928,1460,11/15/1973,,Andes,Magdalena Cauca,Sogamoso,Río Sogamoso,2.7309091091156,3.4872727394104,4,4,0.601449251174927,0.829710125923157,1,1,1.05999994277954,2007,02,11,1,1,1.05999994277954,0,4.72632598876953,2007-02-01,0.215412616729736,3.94074654579163,0.292232602834702
24060050,Pluviométrica,Convencional,Santander,Los Santos,6.7592,-73.0928,1460,11/15/1973,,Andes,Magdalena Cauca,Sogamoso,Río Sogamoso,2.7309091091156,3.4872727394104,4,4,0.601449251174927,0.829710125923157,1,1,1.05999994277954,2007,02,12,0,0,0,0,2.07878923416138,2007-02-01,0,1.55405938625336,0
24060050,Pluviométrica,Convencional,Santander,Los Santos,6.7592,-73.0928,1460,11/15/1973,,Andes,Magdalena Cauca,Sogamoso,Río Sogamoso,2.7309091091156,3.4872727394104,4,4,0.601449251174927,0.829710125923157,1,1,1.05999994277954,2007,03,13,0,0,0,0,12.6476316452026,2007-03-01,11.1486797332764,9.96441650390625,7.74752378463745
24060050,Pluviométrica,Convencional,Santander,Los Santos,6.7592,-73.0928,1460,11/15/1973,,Andes,Magdalena Cauca,Sogamoso,Río Sogamoso,2.7309091091156,3.4872727394104,4,4,0.601449251174927,0.829710125923157,1,1,1.05999994277954,2007,03,14,11.8,11.8,12.5079993247986,0,36.4576988220215,2007-03-01,48.0274200439453,29.9026947021484,27.9978942871094
24060050,Pluviométrica,Convencional,Santander,Los Santos,6.7592,-73.0928,1460,11/15/1973,,Andes,Magdalena Cauca,Sogamoso,Río Sogamoso,2.7309091091156,3.4872727394104,4,4,0.601449251174927,0.829710125923157,1,1,1.05999994277954,2007,03,15,0,0,0,0,8.14877891540527,2007-03-01,0,9.30906391143799,0
24060050,Pluviométrica,Convencional,Santander,Los Santos,6.7592,-73.0928,1460,11/15/1973,,Andes,Magdalena Cauca,Sogamoso,Río Sogamoso,2.7309091091156,3.4872727394104,4,4,0.601449251174927,0.829710125923157,1,1,1.05999994277954,2007,03,16,0,0,0,0,21.3133945465088,2007-03-01,22.6722011566162,12.8091945648193,11.2958765029907
24060050,Pluviométrica,Convencional,Santander,Los Santos,6.7592,-73.0928,1460,11/15/1973,,Andes,Magdalena Cauca,Sogamoso,Río Sogamoso,2.7309091091156,3.4872727394104,4,4,0.601449251174927,0.829710125923157,1,1,1.05999994277954,2007,03,17,1,1,1.05999994277954,0,29.2985763549805,2007-03-01,34.2003479003906,26.4155216217041,24.5640850067139
24060050,Pluviométrica,Convencional,Santander,Los Santos,6.7592,-73.0928,1460,11/15/1973,,Andes,Magdalena Cauca,Sogamoso,Río Sogamoso,2.7309091091156,3.4872727394104,4,4,0.601449251174927,0.829710125923157,1,1,1.05999994277954,2007,03,18,27.7,27.7,29.3619984149933,0,35.3583679199219,2007-03-01,28.4493446350098,41.7770576477051,35.5795059204102
24060050,Pluviométrica,Convencional,Santander,Los Santos,6.7592,-73.0928,1460,11/15/1973,,Andes,Magdalena Cauca,Sogamoso,Río Sogamoso,2.7309091091156,3.4872727394104,4,4,0.601449251174927,0.829710125923157,1,1,1.04999995231628,2007,04,19,20.3,20.3,21.3149990320206,0,28.0245609283447,2007-04-01,24.5153102874756,30.7264347076416,29.7378463745117
24060050,Pluviométrica,Convencional,Santander,Los Santos,6.7592,-73.0928,1460,11/15/1973,,Andes,Magdalena Cauca,Sogamoso,Río Sogamoso,2.7309091091156,3.4872727394104,4,4,0.601449251174927,0.829710125923157,1,1,1.04999995231628,2007,04,20,15,15,15.7499992847443,0,22.3242893218994,2007-04-01,16.3407039642334,17.8916435241699,17.1694183349609
24060050,Pluviométrica,Convencional,Santander,Los Santos,6.7592,-73.0928,1460,11/15/1973,,Andes,Magdalena Cauca,Sogamoso,Río Sogamoso,2.7309091091156,3.4872727394104,4,4,0.601449251174927,0.829710125923157,1,1,1.04999995231628,2007,04,21,0,0,0,0,4.3277006149292,2007-04-01,0,2.50128841400147,0
24060050,Pluviométrica,Convencional,Santander,Los Santos,6.7592,-73.0928,1460,11/15/1973,,Andes,Magdalena Cauca,Sogamoso,Río Sogamoso,2.7309091091156,3.4872727394104,4,4,0.601449251174927,0.829710125923157,1,1,1.04999995231628,2007,04,22,4.5,4.5,4.72499978542328,0,21.3067531585693,2007-04-01,16.9939670562744,22.5469532012939,22.0403575897217
24060050,Pluviométrica,Convencional,Santander,Los Santos,6.7592,-73.0928,1460,11/15/1973,,Andes,Magdalena Cauca,Sogamoso,Río Sogamoso,2.7309091091156,3.4872727394104,4,4,0.601449251174927,0.829710125923157,1,1,1.04999995231628,2007,04,23,10.6,10.6,11.1299994945526,0,8.86378002166748,2007-04-01,1.5560497045517,11.0335254669189,4.26362228393555
24060050,Pluviométrica,Convencional,Santander,Los Santos,6.7592,-73.0928,1460,11/15/1973,,Andes,Magdalena Cauca,Sogamoso,Río Sogamoso,2.7309091091156,3.4872727394104,4,4,0.601449251174927,0.829710125923157,1,1,1.04999995231628,2007,04,24,0,0,0,0,12.1841506958008,2007-04-01,3.84253239631653,7.23548078536987,3.88066864013672
24060050,Pluviométrica,Convencional,Santander,Los Santos,6.7592,-73.0928,1460,11/15/1973,,Andes,Magdalena Cauca,Sogamoso,Río Sogamoso,2.7309091091156,3.4872727394104,4,4,0.601449251174927,0.829710125923157,1,1,1.03999996185303,2007,05,25,15.7,15.7,16.3279994010925,0,18.6507434844971,2007-05-01,8.01377582550049,19.7151050567627,18.0400924682617
24060050,Pluviométrica,Convencional,Santander,Los Santos,6.7592,-73.0928,1460,11/15/1973,,Andes,Magdalena Cauca,Sogamoso,Río Sogamoso,2.7309091091156,3.4872727394104,4,4,0.601449251174927,0.829710125923157,1,1,1.03999996185303,2007,05,26,8.6,8.6,8.94399967193604,0,30.5658168792725,2007-05-01,22.3089866638184,24.0125122070313,18.1096477508545
24060050,Pluviométrica,Convencional,Santander,Los Santos,6.7592,-73.0928,1460,11/15/1973,,Andes,Magdalena Cauca,Sogamoso,Río Sogamoso,2.7309091091156,3.4872727394104,4,4,0.601449251174927,0.829710125923157,1,1,1.03999996185303,2007,05,27,7,7,7.27999973297119,0,24.3960113525391,2007-05-01,14.5237846374512,16.3754749298096,12.2122297286987
24060050,Pluviométrica,Convencional,Santander,Los Santos,6.7592,-73.0928,1460,11/15/1973,,Andes,Magdalena Cauca,Sogamoso,Río Sogamoso,2.7309091091156,3.4872727394104,4,4,0.601449251174927,0.829710125923157,1,1,1.03999996185303,2007,05,28,31.1,31.1,32.3439988136292,0,32.0210762023926,2007-05-01,23.9748592376709,32.8410682678223,27.9797782897949
24060050,Pluviométrica,Convencional,Santander,Los Santos,6.7592,-73.0928,1460,11/15/1973,,Andes,Magdalena Cauca,Sogamoso,Río Sogamoso,2.7309091091156,3.4872727394104,4,4,0.601449251174927,0.829710125923157,1,1,1.03999996185303,2007,05,29,32.6,32.6,33.9039987564087,0,31.856237411499,2007-05-01,24.0263347625732,37.882209777832,29.701831817627
24060050,Pluviométrica,Convencional,Santander,Los Santos,6.7592,-73.0928,1460,11/15/1973,,Andes,Magdalena Cauca,Sogamoso,Río Sogamoso,2.7309091091156,3.4872727394104,4,4,0.601449251174927,0.829710125923157,1,1,1.03999996185303,2007,05,30,8,8,8.31999969482422,0,37.6516151428223,2007-05-01,22.4429454803467,27.4091472625732,19.4712944030762
24060050,Pluviométrica,Convencional,Santander,Los Santos,6.7592,-73.0928,1460,11/15/1973,,Andes,Magdalena Cauca,Sogamoso,Río Sogamoso,2.7309091091156,3.4872727394104,4,4,0.601449251174927,0.829710125923157,1,1,1.04999995231628,2007,06,31,13,13,13.6499993801117,0,12.8991470336914,2007-06-01,1.95783317089081,14.522852897644,6.17603588104248
24060050,Pluviométrica,Convencional,Santander,Los Santos,6.7592,-73.0928,1460,11/15/1973,,Andes,Magdalena Cauca,Sogamoso,Río Sogamoso,2.7309091091156,3.4872727394104,4,4,0.601449251174927,0.829710125923157,1,1,1.04999995231628,2007,06,32,3,3,3.14999985694885,0,16.6273803710938,2007-06-01,8.49156188964844,12.0068054199219,9.37368392944336
24060050,Pluviométrica,Convencional,Santander,Los Santos,6.7592,-73.0928,1460,11/15/1973,,Andes,Magdalena Cauca,Sogamoso,Río Sogamoso,2.7309091091156,3.4872727394104,4,4,0.601449251174927,0.829710125923157,1,1,1.04999995231628,2007,06,33,0,0,0,0,10.2000703811646,2007-06-01,0,5.54532718658447,0
24060050,Pluviométrica,Convencional,Santander,Los Santos,6.7592,-73.0928,1460,11/15/1973,,Andes,Magdalena Cauca,Sogamoso,Río Sogamoso,2.7309091091156,3.4872727394104,4,4,0.601449251174927,0.829710125923157,1,1,1.04999995231628,2007,06,34,29,29,30.4499986171722,0,16.2821273803711,2007-06-01,10.7335166931152,13.0590839385986,12.1067848205566
24060050,Pluviométrica,Convencional,Santander,Los Santos,6.7592,-73.0928,1460,11/15/1973,,Andes,Magdalena Cauca,Sogamoso,Río Sogamoso,2.7309091091156,3.4872727394104,4,4,0.601449251174927,0.829710125923157,1,1,1.04999995231628,2007,06,35,0,0,0,0,12.4961595535278,2007-06-01,2.87926602363586,9.52412605285645,5.21251010894775
24060050,Pluviométrica,Convencional,Santander,Los Santos,6.7592,-73.0928,1460,11/15/1973,,Andes,Magdalena Cauca,Sogamoso,Río Sogamoso,2.7309091091156,3.4872727394104,4,4,0.601449251174927,0.829710125923157,1,1,1.04999995231628,2007,06,36,33.5,33.5,35.1749984025955,0,17.1395511627197,2007-06-01,13.6417198181152,19.3903636932373,29.031795501709
24060050,Pluviométrica,Convencional,Santander,Los Santos,6.7592,-73.0928,1460,11/15/1973,,Andes,Magdalena Cauca,Sogamoso,Río Sogamoso,2.7309091091156,3.4872727394104,4,4,0.601449251174927,0.829710125923157,1,1,1.04999995231628,2007,07,37,8,8,8.39999961853027,0,13.1193161010742,2007-07-01,9.13384246826172,12.3393955230713,13.6678628921509
24060050,Pluviométrica,Convencional,Santander,Los Santos,6.7592,-73.0928,1460,11/15/1973,,Andes,Magdalena Cauca,Sogamoso,Río Sogamoso,2.7309091091156,3.4872727394104,4,4,0.601449251174927,0.829710125923157,1,1,1.04999995231628,2007,07,38,12.8,12.8,13.4399993896484,0,14.7495241165161,2007-07-01,12.6093320846558,13.8880186080933,20.2273216247559
24060050,Pluviométrica,Convencional,Santander,Los Santos,6.7592,-73.0928,1460,11/15/1973,,Andes,Magdalena Cauca,Sogamoso,Río Sogamoso,2.7309091091156,3.4872727394104,4,4,0.601449251174927,0.829710125923157,1,1,1.04999995231628,2007,07,39,0,0,0,0,8.14823818206787,2007-07-01,0,4.65749883651733,0
24060050,Pluviométrica,Convencional,Santander,Los Santos,6.7592,-73.0928,1460,11/15/1973,,Andes,Magdalena Cauca,Sogamoso,Río Sogamoso,2.7309091091156,3.4872727394104,4,4,0.601449251174927,0.829710125923157,1,1,1.04999995231628,2007,07,40,0,0,0,0,8.31110763549805,2007-07-01,0,8.4746208190918,0
24060050,Pluviométrica,Convencional,Santander,Los Santos,6.7592,-73.0928,1460,11/15/1973,,Andes,Magdalena Cauca,Sogamoso,Río Sogamoso,2.7309091091156,3.4872727394104,4,4,0.601449251174927,0.829710125923157,1,1,1.04999995231628,2007,07,41,2,2,2.09999990463257,0,12.3728437423706,2007-07-01,7.42473459243774,9.8118724822998,11.3297462463379
24060050,Pluviométrica,Convencional,Santander,Los Santos,6.7592,-73.0928,1460,11/15/1973,,Andes,Magdalena Cauca,Sogamoso,Río Sogamoso,2.7309091091156,3.4872727394104,4,4,0.601449251174927,0.829710125923157,1,1,1.04999995231628,2007,07,42,15.7,15.7,16.4849992513657,0,15.9482269287109,2007-07-01,3.02857184410095,12.5348930358887,6.35893392562866
24060050,Pluviométrica,Convencional,Santander,Los Santos,6.7592,-73.0928,1460,11/15/1973,,Andes,Magdalena Cauca,Sogamoso,Río Sogamoso,2.7309091091156,3.4872727394104,4,4,0.601449251174927,0.829710125923157,1,1,1.04999995231628,2007,08,43,0,0,0,0,19.6134376525879,2007-08-01,10.0989465713501,11.3062877655029,9.02385997772217
24060050,Pluviométrica,Convencional,Santander,Los Santos,6.7592,-73.0928,1460,11/15/1973,,Andes,Magdalena Cauca,Sogamoso,Río Sogamoso,2.7309091091156,3.4872727394104,4,4,0.601449251174927,0.829710125923157,1,1,1.04999995231628,2007,08,44,6.3,6.3,6.61499969959259,0,15.5735359191895,2007-08-01,0,15.5420341491699,0
24060050,Pluviométrica,Convencional,Santander,Los Santos,6.7592,-73.0928,1460,11/15/1973,,Andes,Magdalena Cauca,Sogamoso,Río Sogamoso,2.7309091091156,3.4872727394104,4,4,0.601449251174927,0.829710125923157,1,1,1.04999995231628,2007,08,45,22.4,22.4,23.5199989318848,0,22.2584457397461,2007-08-01,9.5839900970459,16.7255802154541,10.3179988861084
24060050,Pluviométrica,Convencional,Santander,Los Santos,6.7592,-73.0928,1460,11/15/1973,,Andes,Magdalena Cauca,Sogamoso,Río Sogamoso,2.7309091091156,3.4872727394104,4,4,0.601449251174927,0.829710125923157,1,1,1.04999995231628,2007,08,46,29,29,30.4499986171722,0,24.8147239685059,2007-08-01,15.0351343154907,28.8416595458984,23.290412902832
24060050,Pluviométrica,Convencional,Santander,Los Santos,6.7592,-73.0928,1460,11/15/1973,,Andes,Magdalena Cauca,Sogamoso,Río Sogamoso,2.7309091091156,3.4872727394104,4,4,0.601449251174927,0.829710125923157,1,1,1.04999995231628,2007,08,47,51.3,51.3,53.8649975538254,0,26.2715435028076,2007-08-01,19.4589710235596,38.6578216552734,37.0853424072266
24060050,Pluviométrica,Convencional,Santander,Los Santos,6.7592,-73.0928,1460,11/15/1973,,Andes,Magdalena Cauca,Sogamoso,Río Sogamoso,2.7309091091156,3.4872727394104,4,4,0.601449251174927,0.829710125923157,1,1,1.04999995231628,2007,08,48,29.3,29.3,30.7649986028671,0,34.5515441894531,2007-08-01,24.8564758300781,30.4618511199951,26.1455516815186
24060050,Pluviométrica,Convencional,Santander,Los Santos,6.7592,-73.0928,1460,11/15/1973,,Andes,Magdalena Cauca,Sogamoso,Río Sogamoso,2.7309091091156,3.4872727394104,4,4,0.601449251174927,0.829710125923157,1,1,1.04999995231628,2007,09,49,20.4,20.4,21.4199990272522,0,13.4417772293091,2007-09-01,6.3995304107666,20.7935028076172,17.3467693328857
24060050,Pluviométrica,Convencional,Santander,Los Santos,6.7592,-73.0928,1460,11/15/1973,,Andes,Magdalena Cauca,Sogamoso,Río Sogamoso,2.7309091091156,3.4872727394104,4,4,0.601449251174927,0.829710125923157,1,1,1.04999995231628,2007,09,50,6.9,6.9,7.24499967098236,0,19.7969341278076,2007-09-01,18.859224319458,14.1726264953613,14.6990213394165
24060050,Pluviométrica,Convencional,Santander,Los Santos,6.7592,-73.0928,1460,11/15/1973,,Andes,Magdalena Cauca,Sogamoso,Río Sogamoso,2.7309091091156,3.4872727394104,4,4,0.601449251174927,0.829710125923157,1,1,1.04999995231628,2007,09,51,32.2,32.2,33.8099984645844,0,8.40344524383545,2007-09-01,0.0145916696637869,12.5640630722046,0.0514771826565266
24060050,Pluviométrica,Convencional,Santander,Los Santos,6.7592,-73.0928,1460,11/15/1973,,Andes,Magdalena Cauca,Sogamoso,Río Sogamoso,2.7309091091156,3.4872727394104,4,4,0.601449251174927,0.829710125923157,1,1,1.04999995231628,2007,09,52,9.3,9.3,9.76499955654144,0,17.1916809082031,2007-09-01,13.8465595245361,17.196138381958,14.8079423904419
24060050,Pluviométrica,Convencional,Santander,Los Santos,6.7592,-73.0928,1460,11/15/1973,,Andes,Magdalena Cauca,Sogamoso,Río Sogamoso,2.7309091091156,3.4872727394104,4,4,0.601449251174927,0.829710125923157,1,1,1.04999995231628,2007,09,53,9.4,9.4,9.86999955177307,0,26.6930084228516,2007-09-01,29.4387550354004,21.1757373809814,24.0008983612061
24060050,Pluviométrica,Convencional,Santander,Los Santos,6.7592,-73.0928,1460,11/15/1973,,Andes,Magdalena Cauca,Sogamoso,Río Sogamoso,2.7309091091156,3.4872727394104,4,4,0.601449251174927,0.829710125923157,1,1,1.04999995231628,2007,09,54,6,6,6.29999971389771,0,11.7577848434448,2007-09-01,3.62873935699463,14.1007556915283,8.06864261627197
24060050,Pluviométrica,Convencional,Santander,Los Santos,6.7592,-73.0928,1460,11/15/1973,,Andes,Magdalena Cauca,Sogamoso,Río Sogamoso,2.7309091091156,3.4872727394104,4,4,0.601449251174927,0.829710125923157,1,1,1.03999996185303,2007,10,55,27.5,27.5,28.5999989509583,0,38.3052978515625,2007-10-01,31.1306858062744,33.8738632202148,31.2740726470947
24060050,Pluviométrica,Convencional,Santander,Los Santos,6.7592,-73.0928,1460,11/15/1973,,Andes,Magdalena Cauca,Sogamoso,Río Sogamoso,2.7309091091156,3.4872727394104,4,4,0.601449251174927,0.829710125923157,1,1,1.03999996185303,2007,10,56,14.2,14.2,14.767999458313,0,18.4775485992432,2007-10-01,2.90981674194336,22.6693897247315,12.1214542388916
24060050,Pluviométrica,Convencional,Santander,Los Santos,6.7592,-73.0928,1460,11/15/1973,,Andes,Magdalena Cauca,Sogamoso,Río Sogamoso,2.7309091091156,3.4872727394104,4,4,0.601449251174927,0.829710125923157,1,1,1.03999996185303,2007,10,57,2,2,2.07999992370605,0,22.6534557342529,2007-10-01,9.29174423217773,16.3945846557617,12.309534072876
24060050,Pluviométrica,Convencional,Santander,Los Santos,6.7592,-73.0928,1460,11/15/1973,,Andes,Magdalena Cauca,Sogamoso,Río Sogamoso,2.7309091091156,3.4872727394104,4,4,0.601449251174927,0.829710125923157,1,1,1.03999996185303,2007,10,58,26,26,27.0399990081787,0,42.0135192871094,2007-10-01,41.2517776489258,43.7366981506348,45.1254577636719
24060050,Pluviométrica,Convencional,Santander,Los Santos,6.7592,-73.0928,1460,11/15/1973,,Andes,Magdalena Cauca,Sogamoso,Río Sogamoso,2.7309091091156,3.4872727394104,4,4,0.601449251174927,0.829710125923157,1,1,1.03999996185303,2007,10,59,0,0,0,0,28.7507705688477,2007-10-01,19.8895683288574,13.9683151245117,11.4478511810303
24060050,Pluviométrica,Convencional,Santander,Los Santos,6.7592,-73.0928,1460,11/15/1973,,Andes,Magdalena Cauca,Sogamoso,Río Sogamoso,2.7309091091156,3.4872727394104,4,4,0.601449251174927,0.829710125923157,1,1,1.03999996185303,2007,10,60,74,74,76.959997177124,0,31.1787185668945,2007-10-01,10.84485912323,57.3667335510254,36.4276504516602
24060050,Pluviométrica,Convencional,Santander,Los Santos,6.7592,-73.0928,1460,11/15/1973,,Andes,Magdalena Cauca,Sogamoso,Río Sogamoso,2.7309091091156,3.4872727394104,4,4,0.601449251174927,0.829710125923157,1,1,1.03999996185303,2007,11,61,3,3,3.11999988555908,0,13.2308797836304,2007-11-01,5.01739883422852,15.0808153152466,10.5148324966431
24060050,Pluviométrica,Convencional,Santander,Los Santos,6.7592,-73.0928,1460,11/15/1973,,Andes,Magdalena Cauca,Sogamoso,Río Sogamoso,2.7309091091156,3.4872727394104,4,4,0.601449251174927,0.829710125923157,1,1,1.03999996185303,2007,11,62,20,20,20.7999992370605,0,23.1358337402344,2007-11-01,15.1003952026367,20.8183860778809,19.6645450592041
24060050,Pluviométrica,Convencional,Santander,Los Santos,6.7592,-73.0928,1460,11/15/1973,,Andes,Magdalena Cauca,Sogamoso,Río Sogamoso,2.7309091091156,3.4872727394104,4,4,0.601449251174927,0.829710125923157,1,1,1.03999996185303,2007,11,63,0,0,0,0,10.8703689575195,2007-11-01,0.220634937286377,7.95932674407959,0.344660311937332
24060050,Pluviométrica,Convencional,Santander,Los Santos,6.7592,-73.0928,1460,11/15/1973,,Andes,Magdalena Cauca,Sogamoso,Río Sogamoso,2.7309091091156,3.4872727394104,4,4,0.601449251174927,0.829710125923157,1,1,1.03999996185303,2007,11,64,0,0,0,0,32.5783424377441,2007-11-01,23.4438610076904,11.0968036651611,9.09836578369141
24060050,Pluviométrica,Convencional,Santander,Los Santos,6.7592,-73.0928,1460,11/15/1973,,Andes,Magdalena Cauca,Sogamoso,Río Sogamoso,2.7309091091156,3.4872727394104,4,4,0.601449251174927,0.829710125923157,1,1,1.03999996185303,2007,11,65,7,7,7.27999973297119,0,59.3386573791504,2007-11-01,52.5283851623535,27.2319717407227,29.2316722869873
24060050,Pluviométrica,Convencional,Santander,Los Santos,6.7592,-73.0928,1460,11/15/1973,,Andes,Magdalena Cauca,Sogamoso,Río Sogamoso,2.7309091091156,3.4872727394104,4,4,0.601449251174927,0.829710125923157,1,1,1.03999996185303,2007,11,66,0,0,0,0,8.77881526947022,2007-11-01,0.458773493766785,3.9093165397644,0.425102561712265
24060050,Pluviométrica,Convencional,Santander,Los Santos,6.7592,-73.0928,1460,11/15/1973,,Andes,Magdalena Cauca,Sogamoso,Río Sogamoso,2.7309091091156,3.4872727394104,4,4,0.601449251174927,0.829710125923157,1,1,1.05999994277954,2007,12,67,9,9,9.53999948501587,0,5.37301111221314,2007-12-01,0,9.99691200256348,0
24060050,Pluviométrica,Convencional,Santander,Los Santos,6.7592,-73.0928,1460,11/15/1973,,Andes,Magdalena Cauca,Sogamoso,Río Sogamoso,2.7309091091156,3.4872727394104,4,4,0.601449251174927,0.829710125923157,1,1,1.05999994277954,2007,12,68,0,0,0,0,4.2307596206665,2007-12-01,0.520382642745972,2.96396136283875,1.11763143539429
24060050,Pluviométrica,Convencional,Santander,Los Santos,6.7592,-73.0928,1460,11/15/1973,,Andes,Magdalena Cauca,Sogamoso,Río Sogamoso,2.7309091091156,3.4872727394104,4,4,0.601449251174927,0.829710125923157,1,1,1.05999994277954,2007,12,69,70,70,74.1999959945679,0,8.10272693634033,2007-12-01,4.37376022338867,12.4109725952148,16.1836833953857
24060050,Pluviométrica,Convencional,Santander,Los Santos,6.7592,-73.0928,1460,11/15/1973,,Andes,Magdalena Cauca,Sogamoso,Río Sogamoso,2.7309091091156,3.4872727394104,4,4,0.601449251174927,0.829710125923157,1,1,1.05999994277954,2007,12,70,7,7,7.41999959945679,0,4.64414548873901,2007-12-01,0,6.4856424331665,0
24060050,Pluviométrica,Convencional,Santander,Los Santos,6.7592,-73.0928,1460,11/15/1973,,Andes,Magdalena Cauca,Sogamoso,Río Sogamoso,2.7309091091156,3.4872727394104,4,4,0.601449251174927,0.829710125923157,1,1,1.05999994277954,2007,12,71,2,2,2.11999988555908,0,19.6208572387695,2007-12-01,21.5651569366455,10.5291433334351,14.8736801147461
24060050,Pluviométrica,Convencional,Santander,Los Santos,6.7592,-73.0928,1460,11/15/1973,,Andes,Magdalena Cauca,Sogamoso,Río Sogamoso,2.7309091091156,3.4872727394104,4,4,0.601449251174927,0.829710125923157,1,1,1.05999994277954,2007,12,72,0,0,0,0,15.0656957626343,2007-12-01,8.0786018371582,7.16573524475098,6.54604339599609
24060050,Pluviométrica,Convencional,Santander,Los Santos,6.7592,-73.0928,1460,11/15/1973,,Andes,Magdalena Cauca,Sogamoso,Río Sogamoso,2.7309091091156,3.4872727394104,4,4,0.601449251174927,0.829710125923157,1,1,1.07000005245209,2008,01,1,0,0,0,0,4.34443759918213,2008-01-01,0,2.11553597450256,0
24060050,Pluviométrica,Convencional,Santander,Los Santos,6.7592,-73.0928,1460,11/15/1973,,Andes,Magdalena Cauca,Sogamoso,Río Sogamoso,2.7309091091156,3.4872727394104,4,4,0.601449251174927,0.829710125923157,1,1,1.07000005245209,2008,01,2,22,22,23.5400011539459,0,5.7761492729187,2008-01-01,0.157569408416748,7.47394990921021,0.35010290145874
24060050,Pluviométrica,Convencional,Santander,Los Santos,6.7592,-73.0928,1460,11/15/1973,,Andes,Magdalena Cauca,Sogamoso,Río Sogamoso,2.7309091091156,3.4872727394104,4,4,0.601449251174927,0.829710125923157,1,1,1.07000005245209,2008,01,3,0,0,0,0,11.2096490859985,2008-01-01,6.54539442062378,6.51359176635742,6.11108064651489
24060050,Pluviométrica,Convencional,Santander,Los Santos,6.7592,-73.0928,1460,11/15/1973,,Andes,Magdalena Cauca,Sogamoso,Río Sogamoso,2.7309091091156,3.4872727394104,4,4,0.601449251174927,0.829710125923157,1,1,1.07000005245209,2008,01,4,0,0,0,0,10.45534324646,2008-01-01,5.34793090820313,6.59520959854126,3.85954022407532
24060050,Pluviométrica,Convencional,Santander,Los Santos,6.7592,-73.0928,1460,11/15/1973,,Andes,Magdalena Cauca,Sogamoso,Río Sogamoso,2.7309091091156,3.4872727394104,4,4,0.601449251174927,0.829710125923157,1,1,1.07000005245209,2008,01,5,0,0,0,0,5.77373504638672,2008-01-01,2.86852216720581,3.44790840148926,2.21544694900513
24060050,Pluviométrica,Convencional,Santander,Los Santos,6.7592,-73.0928,1460,11/15/1973,,Andes,Magdalena Cauca,Sogamoso,Río Sogamoso,2.7309091091156,3.4872727394104,4,4,0.601449251174927,0.829710125923157,1,1,1.07000005245209,2008,01,6,0,0,0,0,4.27494049072266,2008-01-01,0,2.52004456520081,0
24060050,Pluviométrica,Convencional,Santander,Los Santos,6.7592,-73.0928,1460,11/15/1973,,Andes,Magdalena Cauca,Sogamoso,Río Sogamoso,2.7309091091156,3.4872727394104,4,4,0.601449251174927,0.829710125923157,1,1,1.05999994277954,2008,02,7,2,2,2.11999988555908,0,4.45445680618286,2008-02-01,0,2.77215576171875,0
24060050,Pluviométrica,Convencional,Santander,Los Santos,6.7592,-73.0928,1460,11/15/1973,,Andes,Magdalena Cauca,Sogamoso,Río Sogamoso,2.7309091091156,3.4872727394104,4,4,0.601449251174927,0.829710125923157,1,1,1.05999994277954,2008,02,8,10.7,10.7,11.3419993877411,0,6.53110599517822,2008-02-01,5.44831848144531,11.4574966430664,10.7926511764526
24060050,Pluviométrica,Convencional,Santander,Los Santos,6.7592,-73.0928,1460,11/15/1973,,Andes,Magdalena Cauca,Sogamoso,Río Sogamoso,2.7309091091156,3.4872727394104,4,4,0.601449251174927,0.829710125923157,1,1,1.05999994277954,2008,02,9,14,14,14.8399991989136,0,15.6160001754761,2008-02-01,25.2618064880371,15.0915298461914,17.6353931427002
24060050,Pluviométrica,Convencional,Santander,Los Santos,6.7592,-73.0928,1460,11/15/1973,,Andes,Magdalena Cauca,Sogamoso,Río Sogamoso,2.7309091091156,3.4872727394104,4,4,0.601449251174927,0.829710125923157,1,1,1.05999994277954,2008,02,10,53.7,53.7,56.9219969272614,0,13.1441526412964,2008-02-01,18.2556190490723,24.4607734680176,30.9412841796875
24060050,Pluviométrica,Convencional,Santander,Los Santos,6.7592,-73.0928,1460,11/15/1973,,Andes,Magdalena Cauca,Sogamoso,Río Sogamoso,2.7309091091156,3.4872727394104,4,4,0.601449251174927,0.829710125923157,1,1,1.05999994277954,2008,02,11,2,2,2.11999988555908,0,4.72632598876953,2008-02-01,0.215412616729736,4.43427228927612,0.426831096410751
24060050,Pluviométrica,Convencional,Santander,Los Santos,6.7592,-73.0928,1460,11/15/1973,,Andes,Magdalena Cauca,Sogamoso,Río Sogamoso,2.7309091091156,3.4872727394104,4,4,0.601449251174927,0.829710125923157,1,1,1.05999994277954,2008,02,12,10.4,10.4,11.0239994049072,0,2.59167170524597,2008-02-01,0,3.62038493156433,0
24060050,Pluviométrica,Convencional,Santander,Los Santos,6.7592,-73.0928,1460,11/15/1973,,Andes,Magdalena Cauca,Sogamoso,Río Sogamoso,2.7309091091156,3.4872727394104,4,4,0.601449251174927,0.829710125923157,1,1,1.05999994277954,2008,03,13,13.3,13.3,14.0979992389679,0,6.95432901382446,2008-03-01,0,8.05688858032227,0
24060050,Pluviométrica,Convencional,Santander,Los Santos,6.7592,-73.0928,1460,11/15/1973,,Andes,Magdalena Cauca,Sogamoso,Río Sogamoso,2.7309091091156,3.4872727394104,4,4,0.601449251174927,0.829710125923157,1,1,1.05999994277954,2008,03,14,9.8,9.8,10.3879994392395,0,6.93116617202759,2008-03-01,0,7.8190131187439,0
24060050,Pluviométrica,Convencional,Santander,Los Santos,6.7592,-73.0928,1460,11/15/1973,,Andes,Magdalena Cauca,Sogamoso,Río Sogamoso,2.7309091091156,3.4872727394104,4,4,0.601449251174927,0.829710125923157,1,1,1.05999994277954,2008,03,15,2,2,2.11999988555908,0,11.9024105072021,2008-03-01,4.18648338317871,16.2376365661621,12.7048978805542
24060050,Pluviométrica,Convencional,Santander,Los Santos,6.7592,-73.0928,1460,11/15/1973,,Andes,Magdalena Cauca,Sogamoso,Río Sogamoso,2.7309091091156,3.4872727394104,4,4,0.601449251174927,0.829710125923157,1,1,1.05999994277954,2008,03,16,0,0,0,0,5.52642107009888,2008-03-01,0,5.05203723907471,0
24060050,Pluviométrica,Convencional,Santander,Los Santos,6.7592,-73.0928,1460,11/15/1973,,Andes,Magdalena Cauca,Sogamoso,Río Sogamoso,2.7309091091156,3.4872727394104,4,4,0.601449251174927,0.829710125923157,1,1,1.05999994277954,2008,03,17,20,20,21.1999988555908,0,21.4171752929688,2008-03-01,21.8029594421387,20.0366840362549,20.4137725830078
24060050,Pluviométrica,Convencional,Santander,Los Santos,6.7592,-73.0928,1460,11/15/1973,,Andes,Magdalena Cauca,Sogamoso,Río Sogamoso,2.7309091091156,3.4872727394104,4,4,0.601449251174927,0.829710125923157,1,1,1.05999994277954,2008,03,18,22,22,23.3199987411499,0,16.8088150024414,2008-03-01,6.77724266052246,25.3630142211914,21.7979831695557
24060050,Pluviométrica,Convencional,Santander,Los Santos,6.7592,-73.0928,1460,11/15/1973,,Andes,Magdalena Cauca,Sogamoso,Río Sogamoso,2.7309091091156,3.4872727394104,4,4,0.601449251174927,0.829710125923157,1,1,1.04999995231628,2008,04,19,0,0,0,0,4.83331394195557,2008-04-01,0,4.61470699310303,0
24060050,Pluviométrica,Convencional,Santander,Los Santos,6.7592,-73.0928,1460,11/15/1973,,Andes,Magdalena Cauca,Sogamoso,Río Sogamoso,2.7309091091156,3.4872727394104,4,4,0.601449251174927,0.829710125923157,1,1,1.04999995231628,2008,04,20,0,0,0,0,17.4012012481689,2008-04-01,10.5579252243042,7.07894897460938,5.10489559173584
24060050,Pluviométrica,Convencional,Santander,Los Santos,6.7592,-73.0928,1460,11/15/1973,,Andes,Magdalena Cauca,Sogamoso,Río Sogamoso,2.7309091091156,3.4872727394104,4,4,0.601449251174927,0.829710125923157,1,1,1.04999995231628,2008,04,21,0,0,0,0,9.45300388336182,2008-04-01,0.913045465946198,7.98672866821289,1.77981495857239
24060050,Pluviométrica,Convencional,Santander,Los Santos,6.7592,-73.0928,1460,11/15/1973,,Andes,Magdalena Cauca,Sogamoso,Río Sogamoso,2.7309091091156,3.4872727394104,4,4,0.601449251174927,0.829710125923157,1,1,1.04999995231628,2008,04,22,0,0,0,0,15.3394193649292,2008-04-01,9.69398307800293,6.09088706970215,5.38811159133911
24060050,Pluviométrica,Convencional,Santander,Los Santos,6.7592,-73.0928,1460,11/15/1973,,Andes,Magdalena Cauca,Sogamoso,Río Sogamoso,2.7309091091156,3.4872727394104,4,4,0.601449251174927,0.829710125923157,1,1,1.04999995231628,2008,04,23,14,14,14.699999332428,0,25.5083827972412,2008-04-01,22.0519065856934,17.2529697418213,15.3202476501465
24060050,Pluviométrica,Convencional,Santander,Los Santos,6.7592,-73.0928,1460,11/15/1973,,Andes,Magdalena Cauca,Sogamoso,Río Sogamoso,2.7309091091156,3.4872727394104,4,4,0.601449251174927,0.829710125923157,1,1,1.04999995231628,2008,04,24,20,20,20.9999990463257,0,19.7843856811523,2008-04-01,12.6681175231934,21.5778846740723,20.5562114715576
24060050,Pluviométrica,Convencional,Santander,Los Santos,6.7592,-73.0928,1460,11/15/1973,,Andes,Magdalena Cauca,Sogamoso,Río Sogamoso,2.7309091091156,3.4872727394104,4,4,0.601449251174927,0.829710125923157,1,1,1.03999996185303,2008,05,25,24,24,24.9599990844727,0,32.5279769897461,2008-05-01,25.4408187866211,36.1604461669922,29.9536285400391
24060050,Pluviométrica,Convencional,Santander,Los Santos,6.7592,-73.0928,1460,11/15/1973,,Andes,Magdalena Cauca,Sogamoso,Río Sogamoso,2.7309091091156,3.4872727394104,4,4,0.601449251174927,0.829710125923157,1,1,1.03999996185303,2008,05,26,2,2,2.07999992370605,0,33.1636009216309,2008-05-01,25.5380611419678,13.6968212127686,11.80885887146
24060050,Pluviométrica,Convencional,Santander,Los Santos,6.7592,-73.0928,1460,11/15/1973,,Andes,Magdalena Cauca,Sogamoso,Río Sogamoso,2.7309091091156,3.4872727394104,4,4,0.601449251174927,0.829710125923157,1,1,1.03999996185303,2008,05,27,0,0,0,0,17.0611057281494,2008-05-01,5.42341947555542,9.77615165710449,4.93729400634766
24060050,Pluviométrica,Convencional,Santander,Los Santos,6.7592,-73.0928,1460,11/15/1973,,Andes,Magdalena Cauca,Sogamoso,Río Sogamoso,2.7309091091156,3.4872727394104,4,4,0.601449251174927,0.829710125923157,1,1,1.03999996185303,2008,05,28,7.2,7.2,7.4879997253418,0,18.9935646057129,2008-05-01,7.83548593521118,18.67751121521,14.5287733078003
24060050,Pluviométrica,Convencional,Santander,Los Santos,6.7592,-73.0928,1460,11/15/1973,,Andes,Magdalena Cauca,Sogamoso,Río Sogamoso,2.7309091091156,3.4872727394104,4,4,0.601449251174927,0.829710125923157,1,1,1.03999996185303,2008,05,29,10,10,10.3999996185303,0,17.1812648773193,2008-05-01,5.76753997802734,22.1825752258301,11.2353391647339
24060050,Pluviométrica,Convencional,Santander,Los Santos,6.7592,-73.0928,1460,11/15/1973,,Andes,Magdalena Cauca,Sogamoso,Río Sogamoso,2.7309091091156,3.4872727394104,4,4,0.601449251174927,0.829710125923157,1,1,1.03999996185303,2008,05,30,68,68,70.7199974060059,0,44.301197052002,2008-05-01,29.5188617706299,57.4620132446289,49.0612907409668
24060050,Pluviométrica,Convencional,Santander,Los Santos,6.7592,-73.0928,1460,11/15/1973,,Andes,Magdalena Cauca,Sogamoso,Río Sogamoso,2.7309091091156,3.4872727394104,4,4,0.601449251174927,0.829710125923157,1,1,1.04999995231628,2008,06,31,4,4,4.19999980926514,0,19.7174110412598,2008-06-01,13.268985748291,15.5503845214844,12.578784942627
24060050,Pluviométrica,Convencional,Santander,Los Santos,6.7592,-73.0928,1460,11/15/1973,,Andes,Magdalena Cauca,Sogamoso,Río Sogamoso,2.7309091091156,3.4872727394104,4,4,0.601449251174927,0.829710125923157,1,1,1.04999995231628,2008,06,32,3,3,3.14999985694885,0,19.6314430236816,2008-06-01,13.8780965805054,10.6861486434937,9.70998287200928
24060050,Pluviométrica,Convencional,Santander,Los Santos,6.7592,-73.0928,1460,11/15/1973,,Andes,Magdalena Cauca,Sogamoso,Río Sogamoso,2.7309091091156,3.4872727394104,4,4,0.601449251174927,0.829710125923157,1,1,1.04999995231628,2008,06,33,6,6,6.29999971389771,0,17.4422264099121,2008-06-01,10.7657699584961,9.5014591217041,7.85044622421265
24060050,Pluviométrica,Convencional,Santander,Los Santos,6.7592,-73.0928,1460,11/15/1973,,Andes,Magdalena Cauca,Sogamoso,Río Sogamoso,2.7309091091156,3.4872727394104,4,4,0.601449251174927,0.829710125923157,1,1,1.04999995231628,2008,06,34,0,0,0,0,13.9427518844605,2008-06-01,5.94925260543823,6.36416435241699,4.38949871063232
24060050,Pluviométrica,Convencional,Santander,Los Santos,6.7592,-73.0928,1460,11/15/1973,,Andes,Magdalena Cauca,Sogamoso,Río Sogamoso,2.7309091091156,3.4872727394104,4,4,0.601449251174927,0.829710125923157,1,1,1.04999995231628,2008,06,35,3,3,3.14999985694885,0,18.5075340270996,2008-06-01,14.9142971038818,13.0490808486938,13.0349025726318
24060050,Pluviométrica,Convencional,Santander,Los Santos,6.7592,-73.0928,1460,11/15/1973,,Andes,Magdalena Cauca,Sogamoso,Río Sogamoso,2.7309091091156,3.4872727394104,4,4,0.601449251174927,0.829710125923157,1,1,1.04999995231628,2008,06,36,11,11,11.5499994754791,0,17.108470916748,2008-06-01,13.5725479125977,13.8581533432007,13.8237829208374
24060050,Pluviométrica,Convencional,Santander,Los Santos,6.7592,-73.0928,1460,11/15/1973,,Andes,Magdalena Cauca,Sogamoso,Río Sogamoso,2.7309091091156,3.4872727394104,4,4,0.601449251174927,0.829710125923157,1,1,1.04999995231628,2008,07,37,6,6,6.29999971389771,0,24.784423828125,2008-07-01,35.2779197692871,16.9276332855225,24.3109340667725
24060050,Pluviométrica,Convencional,Santander,Los Santos,6.7592,-73.0928,1460,11/15/1973,,Andes,Magdalena Cauca,Sogamoso,Río Sogamoso,2.7309091091156,3.4872727394104,4,4,0.601449251174927,0.829710125923157,1,1,1.04999995231628,2008,07,38,9,9,9.44999957084656,0,19.2846374511719,2008-07-01,22.9986362457275,13.2638731002808,17.2976951599121
24060050,Pluviométrica,Convencional,Santander,Los Santos,6.7592,-73.0928,1460,11/15/1973,,Andes,Magdalena Cauca,Sogamoso,Río Sogamoso,2.7309091091156,3.4872727394104,4,4,0.601449251174927,0.829710125923157,1,1,1.04999995231628,2008,07,39,8,8,8.39999961853027,0,8.14823818206787,2008-07-01,0,9.12253665924072,0
24060050,Pluviométrica,Convencional,Santander,Los Santos,6.7592,-73.0928,1460,11/15/1973,,Andes,Magdalena Cauca,Sogamoso,Río Sogamoso,2.7309091091156,3.4872727394104,4,4,0.601449251174927,0.829710125923157,1,1,1.04999995231628,2008,07,40,11,11,11.5499994754791,0,13.9011096954346,2008-07-01,11.4520425796509,14.7039384841919,14.626935005188
24060050,Pluviométrica,Convencional,Santander,Los Santos,6.7592,-73.0928,1460,11/15/1973,,Andes,Magdalena Cauca,Sogamoso,Río Sogamoso,2.7309091091156,3.4872727394104,4,4,0.601449251174927,0.829710125923157,1,1,1.04999995231628,2008,07,41,0,0,0,0,15.073299407959,2008-07-01,13.9785127639771,8.10069465637207,9.6106653213501
24060050,Pluviométrica,Convencional,Santander,Los Santos,6.7592,-73.0928,1460,11/15/1973,,Andes,Magdalena Cauca,Sogamoso,Río Sogamoso,2.7309091091156,3.4872727394104,4,4,0.601449251174927,0.829710125923157,1,1,1.04999995231628,2008,07,42,49,49,51.4499976634979,0,27.2266082763672,2008-07-01,24.1228561401367,23.5265350341797,28.6268062591553
24060050,Pluviométrica,Convencional,Santander,Los Santos,6.7592,-73.0928,1460,11/15/1973,,Andes,Magdalena Cauca,Sogamoso,Río Sogamoso,2.7309091091156,3.4872727394104,4,4,0.601449251174927,0.829710125923157,1,1,1.04999995231628,2008,08,43,0,0,0,0,21.9325942993164,2008-08-01,14.7012910842896,10.1438446044922,8.15712642669678
24060050,Pluviométrica,Convencional,Santander,Los Santos,6.7592,-73.0928,1460,11/15/1973,,Andes,Magdalena Cauca,Sogamoso,Río Sogamoso,2.7309091091156,3.4872727394104,4,4,0.601449251174927,0.829710125923157,1,1,1.04999995231628,2008,08,44,0,0,0,0,17.8970432281494,2008-08-01,3.16183590888977,11.04270362854,3.20086669921875
24060050,Pluviométrica,Convencional,Santander,Los Santos,6.7592,-73.0928,1460,11/15/1973,,Andes,Magdalena Cauca,Sogamoso,Río Sogamoso,2.7309091091156,3.4872727394104,4,4,0.601449251174927,0.829710125923157,1,1,1.04999995231628,2008,08,45,16,16,16.7999992370605,0,30.6912212371826,2008-08-01,23.6853866577148,21.3177299499512,18.1585788726807
24060050,Pluviométrica,Convencional,Santander,Los Santos,6.7592,-73.0928,1460,11/15/1973,,Andes,Magdalena Cauca,Sogamoso,Río Sogamoso,2.7309091091156,3.4872727394104,4,4,0.601449251174927,0.829710125923157,1,1,1.04999995231628,2008,08,46,6,6,6.29999971389771,0,21.2578067779541,2008-08-01,9.01301383972168,18.7055892944336,18.1901607513428
24060050,Pluviométrica,Convencional,Santander,Los Santos,6.7592,-73.0928,1460,11/15/1973,,Andes,Magdalena Cauca,Sogamoso,Río Sogamoso,2.7309091091156,3.4872727394104,4,4,0.601449251174927,0.829710125923157,1,1,1.04999995231628,2008,08,47,16,16,16.7999992370605,0,25.1740245819092,2008-08-01,17.5449924468994,30.0275840759277,25.0748291015625
24060050,Pluviométrica,Convencional,Santander,Los Santos,6.7592,-73.0928,1460,11/15/1973,,Andes,Magdalena Cauca,Sogamoso,Río Sogamoso,2.7309091091156,3.4872727394104,4,4,0.601449251174927,0.829710125923157,1,1,1.04999995231628,2008,08,48,14,14,14.699999332428,0,23.6254558563232,2008-08-01,7.22050189971924,33.639404296875,18.198694229126
24060050,Pluviométrica,Convencional,Santander,Los Santos,6.7592,-73.0928,1460,11/15/1973,,Andes,Magdalena Cauca,Sogamoso,Río Sogamoso,2.7309091091156,3.4872727394104,4,4,0.601449251174927,0.829710125923157,1,1,1.04999995231628,2008,09,49,25,25,26.2499988079071,0,27.3121471405029,2008-09-01,27.9707450866699,24.3884449005127,24.9813423156738
24060050,Pluviométrica,Convencional,Santander,Los Santos,6.7592,-73.0928,1460,11/15/1973,,Andes,Magdalena Cauca,Sogamoso,Río Sogamoso,2.7309091091156,3.4872727394104,4,4,0.601449251174927,0.829710125923157,1,1,1.04999995231628,2008,09,50,4,4,4.19999980926514,0,13.8396577835083,2008-09-01,8.86679840087891,16.8835258483887,11.3943138122559
24060050,Pluviométrica,Convencional,Santander,Los Santos,6.7592,-73.0928,1460,11/15/1973,,Andes,Magdalena Cauca,Sogamoso,Río Sogamoso,2.7309091091156,3.4872727394104,4,4,0.601449251174927,0.829710125923157,1,1,1.04999995231628,2008,09,51,14,14,14.699999332428,0,39.5884552001953,2008-09-01,50.0672645568848,20.2600269317627,23.3258438110352
24060050,Pluviométrica,Convencional,Santander,Los Santos,6.7592,-73.0928,1460,11/15/1973,,Andes,Magdalena Cauca,Sogamoso,Río Sogamoso,2.7309091091156,3.4872727394104,4,4,0.601449251174927,0.829710125923157,1,1,1.04999995231628,2008,09,52,16,16,16.7999992370605,0,17.8586006164551,2008-09-01,14.9599390029907,25.3730564117432,24.2707080841064
24060050,Pluviométrica,Convencional,Santander,Los Santos,6.7592,-73.0928,1460,11/15/1973,,Andes,Magdalena Cauca,Sogamoso,Río Sogamoso,2.7309091091156,3.4872727394104,4,4,0.601449251174927,0.829710125923157,1,1,1.04999995231628,2008,09,53,0,0,0,0,13.6550416946411,2008-09-01,7.86323165893555,14.3117866516113,10.999213218689
24060050,Pluviométrica,Convencional,Santander,Los Santos,6.7592,-73.0928,1460,11/15/1973,,Andes,Magdalena Cauca,Sogamoso,Río Sogamoso,2.7309091091156,3.4872727394104,4,4,0.601449251174927,0.829710125923157,1,1,1.04999995231628,2008,09,54,56,56,58.7999973297119,0,15.063479423523,2008-09-01,8.78478813171387,25.0100250244141,18.1318798065186
24060050,Pluviométrica,Convencional,Santander,Los Santos,6.7592,-73.0928,1460,11/15/1973,,Andes,Magdalena Cauca,Sogamoso,Río Sogamoso,2.7309091091156,3.4872727394104,4,4,0.601449251174927,0.829710125923157,1,1,1.03999996185303,2008,10,55,0,0,0,0,17.3747329711914,2008-10-01,2.26461148262024,16.7548141479492,5.26164531707764
24060050,Pluviométrica,Convencional,Santander,Los Santos,6.7592,-73.0928,1460,11/15/1973,,Andes,Magdalena Cauca,Sogamoso,Río Sogamoso,2.7309091091156,3.4872727394104,4,4,0.601449251174927,0.829710125923157,1,1,1.03999996185303,2008,10,56,66,66,68.6399974822998,0,27.713264465332,2008-10-01,15.5741186141968,36.1950912475586,29.5286312103272
24060050,Pluviométrica,Convencional,Santander,Los Santos,6.7592,-73.0928,1460,11/15/1973,,Andes,Magdalena Cauca,Sogamoso,Río Sogamoso,2.7309091091156,3.4872727394104,4,4,0.601449251174927,0.829710125923157,1,1,1.03999996185303,2008,10,57,47,47,48.8799982070923,0,33.4597091674805,2008-10-01,24.8343257904053,38.1783027648926,37.2953910827637
24060050,Pluviométrica,Convencional,Santander,Los Santos,6.7592,-73.0928,1460,11/15/1973,,Andes,Magdalena Cauca,Sogamoso,Río Sogamoso,2.7309091091156,3.4872727394104,4,4,0.601449251174927,0.829710125923157,1,1,1.03999996185303,2008,10,58,0,0,0,0,33.9362030029297,2008-10-01,28.8067131042481,21.0638389587402,17.7586441040039
24060050,Pluviométrica,Convencional,Santander,Los Santos,6.7592,-73.0928,1460,11/15/1973,,Andes,Magdalena Cauca,Sogamoso,Río Sogamoso,2.7309091091156,3.4872727394104,4,4,0.601449251174927,0.829710125923157,1,1,1.03999996185303,2008,10,59,0,0,0,0,15.4354486465454,2008-10-01,1.0914911031723,5.98151588439941,1.04269504547119
24060050,Pluviométrica,Convencional,Santander,Los Santos,6.7592,-73.0928,1460,11/15/1973,,Andes,Magdalena Cauca,Sogamoso,Río Sogamoso,2.7309091091156,3.4872727394104,4,4,0.601449251174927,0.829710125923157,1,1,1.03999996185303,2008,10,60,0,0,0,0,32.1241645812988,2008-10-01,13.3234548568726,16.4851741790772,12.3117246627808
24060050,Pluviométrica,Convencional,Santander,Los Santos,6.7592,-73.0928,1460,11/15/1973,,Andes,Magdalena Cauca,Sogamoso,Río Sogamoso,2.7309091091156,3.4872727394104,4,4,0.601449251174927,0.829710125923157,1,1,1.03999996185303,2008,11,61,33.8,33.8,35.1519987106323,0,16.6676750183105,2008-11-01,8.75981998443604,19.4454574584961,16.2228660583496
24060050,Pluviométrica,Convencional,Santander,Los Santos,6.7592,-73.0928,1460,11/15/1973,,Andes,Magdalena Cauca,Sogamoso,Río Sogamoso,2.7309091091156,3.4872727394104,4,4,0.601449251174927,0.829710125923157,1,1,1.03999996185303,2008,11,62,0,0,0,0,8.49954223632813,2008-11-01,0.195481553673744,4.21271562576294,0.242322072386742
24060050,Pluviométrica,Convencional,Santander,Los Santos,6.7592,-73.0928,1460,11/15/1973,,Andes,Magdalena Cauca,Sogamoso,Río Sogamoso,2.7309091091156,3.4872727394104,4,4,0.601449251174927,0.829710125923157,1,1,1.03999996185303,2008,11,63,55.6,55.6,57.8239978790283,0,16.5620670318604,2008-11-01,6.2883095741272,22.1224117279053,13.9243154525757
24060050,Pluviométrica,Convencional,Santander,Los Santos,6.7592,-73.0928,1460,11/15/1973,,Andes,Magdalena Cauca,Sogamoso,Río Sogamoso,2.7309091091156,3.4872727394104,4,4,0.601449251174927,0.829710125923157,1,1,1.03999996185303,2008,11,64,7.5,7.5,7.79999971389771,0,13.7174806594849,2008-11-01,3.65496754646301,13.1962022781372,8.56937694549561
24060050,Pluviométrica,Convencional,Santander,Los Santos,6.7592,-73.0928,1460,11/15/1973,,Andes,Magdalena Cauca,Sogamoso,Río Sogamoso,2.7309091091156,3.4872727394104,4,4,0.601449251174927,0.829710125923157,1,1,1.03999996185303,2008,11,65,29.5,29.5,30.6799988746643,0,58.5536994934082,2008-11-01,51.7023735046387,45.9795951843262,42.1971130371094
24060050,Pluviométrica,Convencional,Santander,Los Santos,6.7592,-73.0928,1460,11/15/1973,,Andes,Magdalena Cauca,Sogamoso,Río Sogamoso,2.7309091091156,3.4872727394104,4,4,0.601449251174927,0.829710125923157,1,1,1.03999996185303,2008,11,66,4.3,4.3,4.47199983596802,0,21.5702934265137,2008-11-01,13.1240081787109,18.5146560668945,15.6759634017944
24060050,Pluviométrica,Convencional,Santander,Los Santos,6.7592,-73.0928,1460,11/15/1973,,Andes,Magdalena Cauca,Sogamoso,Río Sogamoso,2.7309091091156,3.4872727394104,4,4,0.601449251174927,0.829710125923157,1,1,1.05999994277954,2008,12,67,0,0,0,0,9.35315704345703,2008-12-01,5.76152467727661,4.01305913925171,4.11919260025024
24060050,Pluviométrica,Convencional,Santander,Los Santos,6.7592,-73.0928,1460,11/15/1973,,Andes,Magdalena Cauca,Sogamoso,Río Sogamoso,2.7309091091156,3.4872727394104,4,4,0.601449251174927,0.829710125923157,1,1,1.05999994277954,2008,12,68,0,0,0,0,8.54269409179688,2008-12-01,6.6188440322876,5.61362504959106,5.23591423034668
24060050,Pluviométrica,Convencional,Santander,Los Santos,6.7592,-73.0928,1460,11/15/1973,,Andes,Magdalena Cauca,Sogamoso,Río Sogamoso,2.7309091091156,3.4872727394104,4,4,0.601449251174927,0.829710125923157,1,1,1.05999994277954,2008,12,69,0,0,0,0,7.07896757125855,2008-12-01,2.70343661308289,3.30744409561157,1.99683558940887
24060050,Pluviométrica,Convencional,Santander,Los Santos,6.7592,-73.0928,1460,11/15/1973,,Andes,Magdalena Cauca,Sogamoso,Río Sogamoso,2.7309091091156,3.4872727394104,4,4,0.601449251174927,0.829710125923157,1,1,1.05999994277954,2008,12,70,0,0,0,0,4.64414548873901,2008-12-01,0,1.89070272445679,0
24060050,Pluviométrica,Convencional,Santander,Los Santos,6.7592,-73.0928,1460,11/15/1973,,Andes,Magdalena Cauca,Sogamoso,Río Sogamoso,2.7309091091156,3.4872727394104,4,4,0.601449251174927,0.829710125923157,1,1,1.05999994277954,2008,12,71,0,0,0,0,5.04691171646118,2008-12-01,0,2.77335405349731,0
24060050,Pluviométrica,Convencional,Santander,Los Santos,6.7592,-73.0928,1460,11/15/1973,,Andes,Magdalena Cauca,Sogamoso,Río Sogamoso,2.7309091091156,3.4872727394104,4,4,0.601449251174927,0.829710125923157,1,1,1.05999994277954,2008,12,72,0,0,0,0,7.44651746749878,2008-12-01,0,4.89238929748535,0
24060050,Pluviométrica,Convencional,Santander,Los Santos,6.7592,-73.0928,1460,11/15/1973,,Andes,Magdalena Cauca,Sogamoso,Río Sogamoso,2.7309091091156,3.4872727394104,4,4,0.601449251174927,0.829710125923157,1,1,1.07000005245209,2009,01,1,0,0,0,0,4.34443759918213,2009-01-01,0,2.92447566986084,0
24060050,Pluviométrica,Convencional,Santander,Los Santos,6.7592,-73.0928,1460,11/15/1973,,Andes,Magdalena Cauca,Sogamoso,Río Sogamoso,2.7309091091156,3.4872727394104,4,4,0.601449251174927,0.829710125923157,1,1,1.07000005245209,2009,01,2,0,0,0,0,4.35984802246094,2009-01-01,0,3.00066757202148,0
24060050,Pluviométrica,Convencional,Santander,Los Santos,6.7592,-73.0928,1460,11/15/1973,,Andes,Magdalena Cauca,Sogamoso,Río Sogamoso,2.7309091091156,3.4872727394104,4,4,0.601449251174927,0.829710125923157,1,1,1.07000005245209,2009,01,3,0,0,0,0,4.27155447006226,2009-01-01,0,2.77091288566589,0
24060050,Pluviométrica,Convencional,Santander,Los Santos,6.7592,-73.0928,1460,11/15/1973,,Andes,Magdalena Cauca,Sogamoso,Río Sogamoso,2.7309091091156,3.4872727394104,4,4,0.601449251174927,0.829710125923157,1,1,1.07000005245209,2009,01,4,3.7,3.7,3.95900019407272,0,10.5097236633301,2009-01-01,5.40633153915405,12.5896463394165,10.3625497817993
24060050,Pluviométrica,Convencional,Santander,Los Santos,6.7592,-73.0928,1460,11/15/1973,,Andes,Magdalena Cauca,Sogamoso,Río Sogamoso,2.7309091091156,3.4872727394104,4,4,0.601449251174927,0.829710125923157,1,1,1.07000005245209,2009,01,5,0,0,0,0,4.63680028915405,2009-01-01,1.32361316680908,6.2277102470398,2.61744141578674
24060050,Pluviométrica,Convencional,Santander,Los Santos,6.7592,-73.0928,1460,11/15/1973,,Andes,Magdalena Cauca,Sogamoso,Río Sogamoso,2.7309091091156,3.4872727394104,4,4,0.601449251174927,0.829710125923157,1,1,1.07000005245209,2009,01,6,9.7,9.7,10.3790005087852,0,24.8661556243897,2009-01-01,26.4151611328125,17.2457656860352,18.1299896240234
24060050,Pluviométrica,Convencional,Santander,Los Santos,6.7592,-73.0928,1460,11/15/1973,,Andes,Magdalena Cauca,Sogamoso,Río Sogamoso,2.7309091091156,3.4872727394104,4,4,0.601449251174927,0.829710125923157,1,1,1.05999994277954,2009,02,7,6.2,6.2,6.57199964523316,0,6.85163831710815,2009-02-01,4.76392221450806,6.61774110794067,5.95057010650635
24060050,Pluviométrica,Convencional,Santander,Los Santos,6.7592,-73.0928,1460,11/15/1973,,Andes,Magdalena Cauca,Sogamoso,Río Sogamoso,2.7309091091156,3.4872727394104,4,4,0.601449251174927,0.829710125923157,1,1,1.05999994277954,2009,02,8,0,0,0,0,5.76099300384522,2009-02-01,3.78157043457031,5.93785285949707,5.51145935058594
24060050,Pluviométrica,Convencional,Santander,Los Santos,6.7592,-73.0928,1460,11/15/1973,,Andes,Magdalena Cauca,Sogamoso,Río Sogamoso,2.7309091091156,3.4872727394104,4,4,0.601449251174927,0.829710125923157,1,1,1.05999994277954,2009,02,9,4.6,4.6,4.87599973678589,0,14.0980129241943,2009-02-01,22.0390548706055,17.8601055145264,21.3547706604004
24060050,Pluviométrica,Convencional,Santander,Los Santos,6.7592,-73.0928,1460,11/15/1973,,Andes,Magdalena Cauca,Sogamoso,Río Sogamoso,2.7309091091156,3.4872727394104,4,4,0.601449251174927,0.829710125923157,1,1,1.05999994277954,2009,02,10,0,0,0,0,10.7650651931763,2009-02-01,13.602502822876,6.84129858016968,6.65787220001221
24060050,Pluviométrica,Convencional,Santander,Los Santos,6.7592,-73.0928,1460,11/15/1973,,Andes,Magdalena Cauca,Sogamoso,Río Sogamoso,2.7309091091156,3.4872727394104,4,4,0.601449251174927,0.829710125923157,1,1,1.05999994277954,2009,02,11,29,29,30.7399983406067,0,7.26981544494629,2009-02-01,4.21639394760132,12.9690465927124,11.1704053878784
24060050,Pluviométrica,Convencional,Santander,Los Santos,6.7592,-73.0928,1460,11/15/1973,,Andes,Magdalena Cauca,Sogamoso,Río Sogamoso,2.7309091091156,3.4872727394104,4,4,0.601449251174927,0.829710125923157,1,1,1.05999994277954,2009,02,12,0,0,0,0,6.53406095504761,2009-02-01,8.37757301330566,3.65615797042847,4.30970096588135
24060050,Pluviométrica,Convencional,Santander,Los Santos,6.7592,-73.0928,1460,11/15/1973,,Andes,Magdalena Cauca,Sogamoso,Río Sogamoso,2.7309091091156,3.4872727394104,4,4,0.601449251174927,0.829710125923157,1,1,1.05999994277954,2009,03,13,29.2,29.2,30.9519983291626,0,24.0437755584717,2009-03-01,33.5820693969727,22.602933883667,22.9434432983398
24060050,Pluviométrica,Convencional,Santander,Los Santos,6.7592,-73.0928,1460,11/15/1973,,Andes,Magdalena Cauca,Sogamoso,Río Sogamoso,2.7309091091156,3.4872727394104,4,4,0.601449251174927,0.829710125923157,1,1,1.05999994277954,2009,03,14,0,0,0,0,16.5808715820313,2009-03-01,14.3512744903564,14.8766641616821,12.5871429443359
24060050,Pluviométrica,Convencional,Santander,Los Santos,6.7592,-73.0928,1460,11/15/1973,,Andes,Magdalena Cauca,Sogamoso,Río Sogamoso,2.7309091091156,3.4872727394104,4,4,0.601449251174927,0.829710125923157,1,1,1.05999994277954,2009,03,15,9,9,9.53999948501587,0,8.14877891540527,2009-03-01,0,6.85995578765869,0
24060050,Pluviométrica,Convencional,Santander,Los Santos,6.7592,-73.0928,1460,11/15/1973,,Andes,Magdalena Cauca,Sogamoso,Río Sogamoso,2.7309091091156,3.4872727394104,4,4,0.601449251174927,0.829710125923157,1,1,1.05999994277954,2009,03,16,33.7,33.7,35.7219980716705,0,24.8498287200928,2009-03-01,26.5658798217773,41.5823211669922,36.6090621948242
24060050,Pluviométrica,Convencional,Santander,Los Santos,6.7592,-73.0928,1460,11/15/1973,,Andes,Magdalena Cauca,Sogamoso,Río Sogamoso,2.7309091091156,3.4872727394104,4,4,0.601449251174927,0.829710125923157,1,1,1.05999994277954,2009,03,17,21.4,21.4,22.6839987754822,0,22.8080101013184,2009-03-01,23.9907341003418,33.3089866638184,30.4273338317871
24060050,Pluviométrica,Convencional,Santander,Los Santos,6.7592,-73.0928,1460,11/15/1973,,Andes,Magdalena Cauca,Sogamoso,Río Sogamoso,2.7309091091156,3.4872727394104,4,4,0.601449251174927,0.829710125923157,1,1,1.05999994277954,2009,03,18,1.2,1.2,1.27199993133545,0,21.8677845001221,2009-03-01,12.6878147125244,18.856014251709,13.4918575286865
24060050,Pluviométrica,Convencional,Santander,Los Santos,6.7592,-73.0928,1460,11/15/1973,,Andes,Magdalena Cauca,Sogamoso,Río Sogamoso,2.7309091091156,3.4872727394104,4,4,0.601449251174927,0.829710125923157,1,1,1.04999995231628,2009,04,19,26.2,26.2,27.5099987506867,0,5.33747148513794,2009-04-01,0,7.44587850570679,0
24060050,Pluviométrica,Convencional,Santander,Los Santos,6.7592,-73.0928,1460,11/15/1973,,Andes,Magdalena Cauca,Sogamoso,Río Sogamoso,2.7309091091156,3.4872727394104,4,4,0.601449251174927,0.829710125923157,1,1,1.04999995231628,2009,04,20,0,0,0,0,12.4997825622559,2009-04-01,4.80060291290283,14.8081369400024,13.3905982971191
24060050,Pluviométrica,Convencional,Santander,Los Santos,6.7592,-73.0928,1460,11/15/1973,,Andes,Magdalena Cauca,Sogamoso,Río Sogamoso,2.7309091091156,3.4872727394104,4,4,0.601449251174927,0.829710125923157,1,1,1.04999995231628,2009,04,21,0,0,0,0,11.8875217437744,2009-04-01,3.72204661369324,7.5700101852417,5.00337505340576
24060050,Pluviométrica,Convencional,Santander,Los Santos,6.7592,-73.0928,1460,11/15/1973,,Andes,Magdalena Cauca,Sogamoso,Río Sogamoso,2.7309091091156,3.4872727394104,4,4,0.601449251174927,0.829710125923157,1,1,1.04999995231628,2009,04,22,5,5,5.24999976158142,0,21.1647548675537,2009-04-01,16.8202610015869,22.5661087036133,19.834358215332
24060050,Pluviométrica,Convencional,Santander,Los Santos,6.7592,-73.0928,1460,11/15/1973,,Andes,Magdalena Cauca,Sogamoso,Río Sogamoso,2.7309091091156,3.4872727394104,4,4,0.601449251174927,0.829710125923157,1,1,1.04999995231628,2009,04,23,0,0,0,0,24.8308925628662,2009-04-01,21.8342723846436,9.48579978942871,9.18696403503418
24060050,Pluviométrica,Convencional,Santander,Los Santos,6.7592,-73.0928,1460,11/15/1973,,Andes,Magdalena Cauca,Sogamoso,Río Sogamoso,2.7309091091156,3.4872727394104,4,4,0.601449251174927,0.829710125923157,1,1,1.04999995231628,2009,04,24,5,5,5.24999976158142,0,34.4781761169434,2009-04-01,29.1110210418701,33.4649887084961,35.5461654663086
24060050,Pluviométrica,Convencional,Santander,Los Santos,6.7592,-73.0928,1460,11/15/1973,,Andes,Magdalena Cauca,Sogamoso,Río Sogamoso,2.7309091091156,3.4872727394104,4,4,0.601449251174927,0.829710125923157,1,1,1.03999996185303,2009,05,25,35.2,35.2,36.6079986572266,0,31.2808837890625,2009-05-01,23.8747177124023,37.3294372558594,31.056339263916
24060050,Pluviométrica,Convencional,Santander,Los Santos,6.7592,-73.0928,1460,11/15/1973,,Andes,Magdalena Cauca,Sogamoso,Río Sogamoso,2.7309091091156,3.4872727394104,4,4,0.601449251174927,0.829710125923157,1,1,1.03999996185303,2009,05,26,4,4,4.15999984741211,0,25.0525455474854,2009-05-01,15.4559125900269,13.8204736709595,8.7791337966919
24060050,Pluviométrica,Convencional,Santander,Los Santos,6.7592,-73.0928,1460,11/15/1973,,Andes,Magdalena Cauca,Sogamoso,Río Sogamoso,2.7309091091156,3.4872727394104,4,4,0.601449251174927,0.829710125923157,1,1,1.03999996185303,2009,05,27,6.2,6.2,6.44799976348877,0,45.645320892334,2009-05-01,40.8876342773438,22.0629062652588,18.3837032318115
24060050,Pluviométrica,Convencional,Santander,Los Santos,6.7592,-73.0928,1460,11/15/1973,,Andes,Magdalena Cauca,Sogamoso,Río Sogamoso,2.7309091091156,3.4872727394104,4,4,0.601449251174927,0.829710125923157,1,1,1.03999996185303,2009,05,28,15,15,15.5999994277954,0,34.191593170166,2009-05-01,26.6638412475586,30.1682758331299,24.5298404693604
24060050,Pluviométrica,Convencional,Santander,Los Santos,6.7592,-73.0928,1460,11/15/1973,,Andes,Magdalena Cauca,Sogamoso,Río Sogamoso,2.7309091091156,3.4872727394104,4,4,0.601449251174927,0.829710125923157,1,1,1.03999996185303,2009,05,29,5,5,5.19999980926514,0,29.0341320037842,2009-05-01,20.5150279998779,9.58834838867188,6.86621475219727
24060050,Pluviométrica,Convencional,Santander,Los Santos,6.7592,-73.0928,1460,11/15/1973,,Andes,Magdalena Cauca,Sogamoso,Río Sogamoso,2.7309091091156,3.4872727394104,4,4,0.601449251174927,0.829710125923157,1,1,1.03999996185303,2009,05,30,0,0,0,0,37.6516151428223,2009-05-01,22.4429454803467,11.8319444656372,8.04650211334229
24060050,Pluviométrica,Convencional,Santander,Los Santos,6.7592,-73.0928,1460,11/15/1973,,Andes,Magdalena Cauca,Sogamoso,Río Sogamoso,2.7309091091156,3.4872727394104,4,4,0.601449251174927,0.829710125923157,1,1,1.04999995231628,2009,06,31,2,2,2.09999990463257,0,25.8927249908447,2009-06-01,24.7086715698242,15.1621627807617,14.1684303283691
24060050,Pluviométrica,Convencional,Santander,Los Santos,6.7592,-73.0928,1460,11/15/1973,,Andes,Magdalena Cauca,Sogamoso,Río Sogamoso,2.7309091091156,3.4872727394104,4,4,0.601449251174927,0.829710125923157,1,1,1.04999995231628,2009,06,32,15.1,15.1,15.8549992799759,0,24.9413204193115,2009-06-01,23.3991413116455,25.7176055908203,25.2798042297363
24060050,Pluviométrica,Convencional,Santander,Los Santos,6.7592,-73.0928,1460,11/15/1973,,Andes,Magdalena Cauca,Sogamoso,Río Sogamoso,2.7309091091156,3.4872727394104,4,4,0.601449251174927,0.829710125923157,1,1,1.04999995231628,2009,06,33,10.6,10.6,11.1299994945526,0,27.7337093353272,2009-06-01,30.0320167541504,20.2182006835938,21.8805122375488
24060050,Pluviométrica,Convencional,Santander,Los Santos,6.7592,-73.0928,1460,11/15/1973,,Andes,Magdalena Cauca,Sogamoso,Río Sogamoso,2.7309091091156,3.4872727394104,4,4,0.601449251174927,0.829710125923157,1,1,1.04999995231628,2009,06,34,3,3,3.14999985694885,0,28.3689041137695,2009-06-01,35.4522171020508,12.435266494751,14.0334224700928
24060050,Pluviométrica,Convencional,Santander,Los Santos,6.7592,-73.0928,1460,11/15/1973,,Andes,Magdalena Cauca,Sogamoso,Río Sogamoso,2.7309091091156,3.4872727394104,4,4,0.601449251174927,0.829710125923157,1,1,1.04999995231628,2009,06,35,9,9,9.44999957084656,0,29.8081207275391,2009-06-01,39.7658615112305,19.7707023620605,22.6875476837158
24060050,Pluviométrica,Convencional,Santander,Los Santos,6.7592,-73.0928,1460,11/15/1973,,Andes,Magdalena Cauca,Sogamoso,Río Sogamoso,2.7309091091156,3.4872727394104,4,4,0.601449251174927,0.829710125923157,1,1,1.04999995231628,2009,06,36,26,26,27.2999987602234,0,18.2813510894775,2009-06-01,16.1828384399414,13.324499130249,13.808051109314
24060050,Pluviométrica,Convencional,Santander,Los Santos,6.7592,-73.0928,1460,11/15/1973,,Andes,Magdalena Cauca,Sogamoso,Río Sogamoso,2.7309091091156,3.4872727394104,4,4,0.601449251174927,0.829710125923157,1,1,1.04999995231628,2009,07,37,0,0,0,0,10.2030391693115,2009-07-01,2.59782361984253,5.93626976013184,2.71827125549316
24060050,Pluviométrica,Convencional,Santander,Los Santos,6.7592,-73.0928,1460,11/15/1973,,Andes,Magdalena Cauca,Sogamoso,Río Sogamoso,2.7309091091156,3.4872727394104,4,4,0.601449251174927,0.829710125923157,1,1,1.04999995231628,2009,07,38,2.3,2.3,2.41499989032745,0,19.2846374511719,2009-07-01,22.9986362457275,11.0820169448853,16.9013957977295
24060050,Pluviométrica,Convencional,Santander,Los Santos,6.7592,-73.0928,1460,11/15/1973,,Andes,Magdalena Cauca,Sogamoso,Río Sogamoso,2.7309091091156,3.4872727394104,4,4,0.601449251174927,0.829710125923157,1,1,1.04999995231628,2009,07,39,3,3,3.14999985694885,0,8.14823818206787,2009-07-01,0,8.49292755126953,0
24060050,Pluviométrica,Convencional,Santander,Los Santos,6.7592,-73.0928,1460,11/15/1973,,Andes,Magdalena Cauca,Sogamoso,Río Sogamoso,2.7309091091156,3.4872727394104,4,4,0.601449251174927,0.829710125923157,1,1,1.04999995231628,2009,07,40,3.4,3.4,3.56999983787537,0,19.3979415893555,2009-07-01,24.7375373840332,9.67727470397949,16.7424545288086
24060050,Pluviométrica,Convencional,Santander,Los Santos,6.7592,-73.0928,1460,11/15/1973,,Andes,Magdalena Cauca,Sogamoso,Río Sogamoso,2.7309091091156,3.4872727394104,4,4,0.601449251174927,0.829710125923157,1,1,1.04999995231628,2009,07,41,0,0,0,0,12.3728437423706,2009-07-01,7.42473459243774,5.34301710128784,4.97465229034424
24060050,Pluviométrica,Convencional,Santander,Los Santos,6.7592,-73.0928,1460,11/15/1973,,Andes,Magdalena Cauca,Sogamoso,Río Sogamoso,2.7309091091156,3.4872727394104,4,4,0.601449251174927,0.829710125923157,1,1,1.04999995231628,2009,07,42,3.2,3.2,3.35999984741211,0,21.8592834472656,2009-07-01,14.0841951370239,23.5056381225586,22.683385848999
24060050,Pluviométrica,Convencional,Santander,Los Santos,6.7592,-73.0928,1460,11/15/1973,,Andes,Magdalena Cauca,Sogamoso,Río Sogamoso,2.7309091091156,3.4872727394104,4,4,0.601449251174927,0.829710125923157,1,1,1.04999995231628,2009,08,43,17,17,17.8499991893768,0,31.0613956451416,2009-08-01,32.8172950744629,21.291654586792,20.8584136962891
24060050,Pluviométrica,Convencional,Santander,Los Santos,6.7592,-73.0928,1460,11/15/1973,,Andes,Magdalena Cauca,Sogamoso,Río Sogamoso,2.7309091091156,3.4872727394104,4,4,0.601449251174927,0.829710125923157,1,1,1.04999995231628,2009,08,44,11.3,11.3,11.864999461174,0,47.8997573852539,2009-08-01,56.0616683959961,31.0680351257324,31.072395324707
24060050,Pluviométrica,Convencional,Santander,Los Santos,6.7592,-73.0928,1460,11/15/1973,,Andes,Magdalena Cauca,Sogamoso,Río Sogamoso,2.7309091091156,3.4872727394104,4,4,0.601449251174927,0.829710125923157,1,1,1.04999995231628,2009,08,45,5.9,5.9,6.19499971866608,0,29.244836807251,2009-08-01,21.2667236328125,25.0170669555664,22.6071548461914
24060050,Pluviométrica,Convencional,Santander,Los Santos,6.7592,-73.0928,1460,11/15/1973,,Andes,Magdalena Cauca,Sogamoso,Río Sogamoso,2.7309091091156,3.4872727394104,4,4,0.601449251174927,0.829710125923157,1,1,1.04999995231628,2009,08,46,8,8,8.39999961853027,0,25.2131214141846,2009-08-01,15.7096529006958,31.9164543151856,22.1599159240723
24060050,Pluviométrica,Convencional,Santander,Los Santos,6.7592,-73.0928,1460,11/15/1973,,Andes,Magdalena Cauca,Sogamoso,Río Sogamoso,2.7309091091156,3.4872727394104,4,4,0.601449251174927,0.829710125923157,1,1,1.04999995231628,2009,08,47,13,13,13.6499993801117,0,16.9289436340332,2009-08-01,3.16622185707092,12.8118677139282,6.77761697769165
24060050,Pluviométrica,Convencional,Santander,Los Santos,6.7592,-73.0928,1460,11/15/1973,,Andes,Magdalena Cauca,Sogamoso,Río Sogamoso,2.7309091091156,3.4872727394104,4,4,0.601449251174927,0.829710125923157,1,1,1.04999995231628,2009,08,48,12.6,12.6,13.2299993991852,0,25.3395137786865,2009-08-01,9.98718738555908,15.2538623809814,11.0005731582642
24060050,Pluviométrica,Convencional,Santander,Los Santos,6.7592,-73.0928,1460,11/15/1973,,Andes,Magdalena Cauca,Sogamoso,Río Sogamoso,2.7309091091156,3.4872727394104,4,4,0.601449251174927,0.829710125923157,1,1,1.04999995231628,2009,09,49,36,36,37.7999982833862,0,23.2942199707031,2009-09-01,21.7220592498779,17.4260807037354,15.8234758377075
24060050,Pluviométrica,Convencional,Santander,Los Santos,6.7592,-73.0928,1460,11/15/1973,,Andes,Magdalena Cauca,Sogamoso,Río Sogamoso,2.7309091091156,3.4872727394104,4,4,0.601449251174927,0.829710125923157,1,1,1.04999995231628,2009,09,50,5.2,5.2,5.45999975204468,0,24.6753349304199,2009-09-01,26.0191516876221,10.7893533706665,10.6446828842163
24060050,Pluviométrica,Convencional,Santander,Los Santos,6.7592,-73.0928,1460,11/15/1973,,Andes,Magdalena Cauca,Sogamoso,Río Sogamoso,2.7309091091156,3.4872727394104,4,4,0.601449251174927,0.829710125923157,1,1,1.04999995231628,2009,09,51,29.4,29.4,30.8699985980988,0,18.8553562164307,2009-09-01,15.978178024292,22.5744915008545,20.0267524719238
24060050,Pluviométrica,Convencional,Santander,Los Santos,6.7592,-73.0928,1460,11/15/1973,,Andes,Magdalena Cauca,Sogamoso,Río Sogamoso,2.7309091091156,3.4872727394104,4,4,0.601449251174927,0.829710125923157,1,1,1.04999995231628,2009,09,52,10,10,10.4999995231628,0,28.4780006408691,2009-09-01,32.6883735656738,16.4105587005615,16.7020988464355
24060050,Pluviométrica,Convencional,Santander,Los Santos,6.7592,-73.0928,1460,11/15/1973,,Andes,Magdalena Cauca,Sogamoso,Río Sogamoso,2.7309091091156,3.4872727394104,4,4,0.601449251174927,0.829710125923157,1,1,1.04999995231628,2009,09,53,5.5,5.5,5.77499973773956,0,18.5939826965332,2009-09-01,16.036304473877,7.30432891845703,6.31162357330322
24060050,Pluviométrica,Convencional,Santander,Los Santos,6.7592,-73.0928,1460,11/15/1973,,Andes,Magdalena Cauca,Sogamoso,Río Sogamoso,2.7309091091156,3.4872727394104,4,4,0.601449251174927,0.829710125923157,1,1,1.04999995231628,2009,09,54,0,0,0,0,14.0559511184692,2009-09-01,7.21329641342163,5.72556877136231,3.85761141777039
24060050,Pluviométrica,Convencional,Santander,Los Santos,6.7592,-73.0928,1460,11/15/1973,,Andes,Magdalena Cauca,Sogamoso,Río Sogamoso,2.7309091091156,3.4872727394104,4,4,0.601449251174927,0.829710125923157,1,1,1.03999996185303,2009,10,55,6,6,6.23999977111816,0,44.2629776000977,2009-10-01,39.3471374511719,26.0820922851563,21.4864559173584
24060050,Pluviométrica,Convencional,Santander,Los Santos,6.7592,-73.0928,1460,11/15/1973,,Andes,Magdalena Cauca,Sogamoso,Río Sogamoso,2.7309091091156,3.4872727394104,4,4,0.601449251174927,0.829710125923157,1,1,1.03999996185303,2009,10,56,16.4,16.4,17.0559993743897,0,22.6041431427002,2009-10-01,8.56833457946777,9.951003074646,5.1591477394104
24060050,Pluviométrica,Convencional,Santander,Los Santos,6.7592,-73.0928,1460,11/15/1973,,Andes,Magdalena Cauca,Sogamoso,Río Sogamoso,2.7309091091156,3.4872727394104,4,4,0.601449251174927,0.829710125923157,1,1,1.03999996185303,2009,10,57,6.6,6.6,6.86399974822998,0,40.4258728027344,2009-10-01,34.8537330627441,26.660795211792,21.7177581787109
24060050,Pluviométrica,Convencional,Santander,Los Santos,6.7592,-73.0928,1460,11/15/1973,,Andes,Magdalena Cauca,Sogamoso,Río Sogamoso,2.7309091091156,3.4872727394104,4,4,0.601449251174927,0.829710125923157,1,1,1.03999996185303,2009,10,58,28,28,29.1199989318848,0,34.6603164672852,2009-10-01,29.9223785400391,23.0366611480713,18.9890403747559
24060050,Pluviométrica,Convencional,Santander,Los Santos,6.7592,-73.0928,1460,11/15/1973,,Andes,Magdalena Cauca,Sogamoso,Río Sogamoso,2.7309091091156,3.4872727394104,4,4,0.601449251174927,0.829710125923157,1,1,1.03999996185303,2009,10,59,2,2,2.07999992370605,0,25.7918090820313,2009-10-01,16.3469848632813,16.3318424224854,11.3956861495972
24060050,Pluviométrica,Convencional,Santander,Los Santos,6.7592,-73.0928,1460,11/15/1973,,Andes,Magdalena Cauca,Sogamoso,Río Sogamoso,2.7309091091156,3.4872727394104,4,4,0.601449251174927,0.829710125923157,1,1,1.03999996185303,2009,10,60,36,36,37.439998626709,0,50.3682899475098,2009-10-01,38.2008972167969,40.4454460144043,33.6763496398926
24060050,Pluviométrica,Convencional,Santander,Los Santos,6.7592,-73.0928,1460,11/15/1973,,Andes,Magdalena Cauca,Sogamoso,Río Sogamoso,2.7309091091156,3.4872727394104,4,4,0.601449251174927,0.829710125923157,1,1,1.03999996185303,2009,11,61,27.4,27.4,28.495998954773,0,16.7012271881104,2009-11-01,8.75981998443604,30.2183227539063,23.1101570129395
24060050,Pluviométrica,Convencional,Santander,Los Santos,6.7592,-73.0928,1460,11/15/1973,,Andes,Magdalena Cauca,Sogamoso,Río Sogamoso,2.7309091091156,3.4872727394104,4,4,0.601449251174927,0.829710125923157,1,1,1.03999996185303,2009,11,62,0,0,0,0,10.7512798309326,2009-11-01,1.57368648052216,13.0816669464111,5.04354906082153
24060050,Pluviométrica,Convencional,Santander,Los Santos,6.7592,-73.0928,1460,11/15/1973,,Andes,Magdalena Cauca,Sogamoso,Río Sogamoso,2.7309091091156,3.4872727394104,4,4,0.601449251174927,0.829710125923157,1,1,1.03999996185303,2009,11,63,0,0,0,0,18.8387470245361,2009-11-01,8.71537971496582,14.0839986801147,9.7804651260376
24060050,Pluviométrica,Convencional,Santander,Los Santos,6.7592,-73.0928,1460,11/15/1973,,Andes,Magdalena Cauca,Sogamoso,Río Sogamoso,2.7309091091156,3.4872727394104,4,4,0.601449251174927,0.829710125923157,1,1,1.03999996185303,2009,11,64,0,0,0,0,10.1099653244019,2009-11-01,0,5.41073799133301,0
24060050,Pluviométrica,Convencional,Santander,Los Santos,6.7592,-73.0928,1460,11/15/1973,,Andes,Magdalena Cauca,Sogamoso,Río Sogamoso,2.7309091091156,3.4872727394104,4,4,0.601449251174927,0.829710125923157,1,1,1.03999996185303,2009,11,65,0,0,0,0,28.201904296875,2009-11-01,19.7630424499512,9.60988330841064,7.89315223693848
24060050,Pluviométrica,Convencional,Santander,Los Santos,6.7592,-73.0928,1460,11/15/1973,,Andes,Magdalena Cauca,Sogamoso,Río Sogamoso,2.7309091091156,3.4872727394104,4,4,0.601449251174927,0.829710125923157,1,1,1.03999996185303,2009,11,66,0,0,0,0,14.5931243896484,2009-11-01,5.65791368484497,7.55751657485962,4.34981489181519
24060050,Pluviométrica,Convencional,Santander,Los Santos,6.7592,-73.0928,1460,11/15/1973,,Andes,Magdalena Cauca,Sogamoso,Río Sogamoso,2.7309091091156,3.4872727394104,4,4,0.601449251174927,0.829710125923157,1,1,1.05999994277954,2009,12,67,0,0,0,0,4.592848777771,2009-12-01,0,2.74875855445862,0
24060050,Pluviométrica,Convencional,Santander,Los Santos,6.7592,-73.0928,1460,11/15/1973,,Andes,Magdalena Cauca,Sogamoso,Río Sogamoso,2.7309091091156,3.4872727394104,4,4,0.601449251174927,0.829710125923157,1,1,1.05999994277954,2009,12,68,2,2,2.11999988555908,0,4.2307596206665,2009-12-01,0.520382642745972,6.31842517852783,2.24164748191834
24060050,Pluviométrica,Convencional,Santander,Los Santos,6.7592,-73.0928,1460,11/15/1973,,Andes,Magdalena Cauca,Sogamoso,Río Sogamoso,2.7309091091156,3.4872727394104,4,4,0.601449251174927,0.829710125923157,1,1,1.05999994277954,2009,12,69,85,85,90.099995136261,0,5.64699983596802,2009-12-01,0.367099851369858,8.75509834289551,2.35204911231995
24060050,Pluviométrica,Convencional,Santander,Los Santos,6.7592,-73.0928,1460,11/15/1973,,Andes,Magdalena Cauca,Sogamoso,Río Sogamoso,2.7309091091156,3.4872727394104,4,4,0.601449251174927,0.829710125923157,1,1,1.05999994277954,2009,12,70,2.3,2.3,2.43799986839294,0,4.64414548873901,2009-12-01,0,5.69104099273682,0
24060050,Pluviométrica,Convencional,Santander,Los Santos,6.7592,-73.0928,1460,11/15/1973,,Andes,Magdalena Cauca,Sogamoso,Río Sogamoso,2.7309091091156,3.4872727394104,4,4,0.601449251174927,0.829710125923157,1,1,1.05999994277954,2009,12,71,3,3,3.17999982833862,0,17.0489845275879,2009-12-01,17.6028366088867,13.6511201858521,19.0520343780518
24060050,Pluviométrica,Convencional,Santander,Los Santos,6.7592,-73.0928,1460,11/15/1973,,Andes,Magdalena Cauca,Sogamoso,Río Sogamoso,2.7309091091156,3.4872727394104,4,4,0.601449251174927,0.829710125923157,1,1,1.05999994277954,2009,12,72,0,0,0,0,12.8887872695923,2009-12-01,5.4243540763855,5.65632200241089,4.65957403182983
24060050,Pluviométrica,Convencional,Santander,Los Santos,6.7592,-73.0928,1460,11/15/1973,,Andes,Magdalena Cauca,Sogamoso,Río Sogamoso,2.7309091091156,3.4872727394104,4,4,0.601449251174927,0.829710125923157,1,1,1.07000005245209,2010,01,1,0,0,0,0,4.34443759918213,2010-01-01,0,1.68797039985657,0
24060050,Pluviométrica,Convencional,Santander,Los Santos,6.7592,-73.0928,1460,11/15/1973,,Andes,Magdalena Cauca,Sogamoso,Río Sogamoso,2.7309091091156,3.4872727394104,4,4,0.601449251174927,0.829710125923157,1,1,1.07000005245209,2010,01,2,0,0,0,0,4.35984802246094,2010-01-01,0,1.74934029579163,0
24060050,Pluviométrica,Convencional,Santander,Los Santos,6.7592,-73.0928,1460,11/15/1973,,Andes,Magdalena Cauca,Sogamoso,Río Sogamoso,2.7309091091156,3.4872727394104,4,4,0.601449251174927,0.829710125923157,1,1,1.07000005245209,2010,01,3,0,0,0,0,4.27155447006226,2010-01-01,0,1.66083884239197,0
24060050,Pluviométrica,Convencional,Santander,Los Santos,6.7592,-73.0928,1460,11/15/1973,,Andes,Magdalena Cauca,Sogamoso,Río Sogamoso,2.7309091091156,3.4872727394104,4,4,0.601449251174927,0.829710125923157,1,1,1.07000005245209,2010,01,4,0,0,0,0,3.98411822319031,2010-01-01,0,1.58782398700714,0
24060050,Pluviométrica,Convencional,Santander,Los Santos,6.7592,-73.0928,1460,11/15/1973,,Andes,Magdalena Cauca,Sogamoso,Río Sogamoso,2.7309091091156,3.4872727394104,4,4,0.601449251174927,0.829710125923157,1,1,1.07000005245209,2010,01,5,3,3,3.21000015735626,0,16.0061511993408,2010-01-01,16.7726993560791,5.36617660522461,6.69976186752319
24060050,Pluviométrica,Convencional,Santander,Los Santos,6.7592,-73.0928,1460,11/15/1973,,Andes,Magdalena Cauca,Sogamoso,Río Sogamoso,2.7309091091156,3.4872727394104,4,4,0.601449251174927,0.829710125923157,1,1,1.07000005245209,2010,01,6,0,0,0,0,13.9649248123169,2010-01-01,12.2844753265381,6.17402267456055,6.71818685531616
24060050,Pluviométrica,Convencional,Santander,Los Santos,6.7592,-73.0928,1460,11/15/1973,,Andes,Magdalena Cauca,Sogamoso,Río Sogamoso,2.7309091091156,3.4872727394104,4,4,0.601449251174927,0.829710125923157,1,1,1.05999994277954,2010,02,7,0,0,0,0,5.25351762771606,2010-02-01,1.53625452518463,2.24935793876648,1.12484216690063
24060050,Pluviométrica,Convencional,Santander,Los Santos,6.7592,-73.0928,1460,11/15/1973,,Andes,Magdalena Cauca,Sogamoso,Río Sogamoso,2.7309091091156,3.4872727394104,4,4,0.601449251174927,0.829710125923157,1,1,1.05999994277954,2010,02,8,36,36,38.1599979400635,0,11.1135931015015,2010-02-01,15.3661594390869,11.6863508224487,13.7922458648682
24060050,Pluviométrica,Convencional,Santander,Los Santos,6.7592,-73.0928,1460,11/15/1973,,Andes,Magdalena Cauca,Sogamoso,Río Sogamoso,2.7309091091156,3.4872727394104,4,4,0.601449251174927,0.829710125923157,1,1,1.05999994277954,2010,02,9,0,0,0,0,8.78505897521973,2010-02-01,10.7594375610352,4.46642303466797,5.21887826919556
24060050,Pluviométrica,Convencional,Santander,Los Santos,6.7592,-73.0928,1460,11/15/1973,,Andes,Magdalena Cauca,Sogamoso,Río Sogamoso,2.7309091091156,3.4872727394104,4,4,0.601449251174927,0.829710125923157,1,1,1.05999994277954,2010,02,10,1.3,1.3,1.3779999256134,0,6.01352643966675,2010-02-01,4.30924987792969,3.8240692615509,3.56224513053894
24060050,Pluviométrica,Convencional,Santander,Los Santos,6.7592,-73.0928,1460,11/15/1973,,Andes,Magdalena Cauca,Sogamoso,Río Sogamoso,2.7309091091156,3.4872727394104,4,4,0.601449251174927,0.829710125923157,1,1,1.05999994277954,2010,02,11,0,0,0,0,25.9220714569092,2010-02-01,35.6480484008789,9.97442722320557,10.8691806793213
24060050,Pluviométrica,Convencional,Santander,Los Santos,6.7592,-73.0928,1460,11/15/1973,,Andes,Magdalena Cauca,Sogamoso,Río Sogamoso,2.7309091091156,3.4872727394104,4,4,0.601449251174927,0.829710125923157,1,1,1.05999994277954,2010,02,12,0,0,0,0,3.74951672554016,2010-02-01,2.05675721168518,1.93724203109741,1.44228839874268
24060050,Pluviométrica,Convencional,Santander,Los Santos,6.7592,-73.0928,1460,11/15/1973,,Andes,Magdalena Cauca,Sogamoso,Río Sogamoso,2.7309091091156,3.4872727394104,4,4,0.601449251174927,0.829710125923157,1,1,1.05999994277954,2010,03,13,4.8,4.8,5.0879997253418,0,8.0891752243042,2010-03-01,2.17532539367676,6.92248106002808,3.18865370750427
24060050,Pluviométrica,Convencional,Santander,Los Santos,6.7592,-73.0928,1460,11/15/1973,,Andes,Magdalena Cauca,Sogamoso,Río Sogamoso,2.7309091091156,3.4872727394104,4,4,0.601449251174927,0.829710125923157,1,1,1.05999994277954,2010,03,14,0,0,0,0,16.5808715820313,2010-03-01,14.3512744903564,9.1746826171875,7.00357723236084
24060050,Pluviométrica,Convencional,Santander,Los Santos,6.7592,-73.0928,1460,11/15/1973,,Andes,Magdalena Cauca,Sogamoso,Río Sogamoso,2.7309091091156,3.4872727394104,4,4,0.601449251174927,0.829710125923157,1,1,1.05999994277954,2010,03,15,0,0,0,0,13.5111103057861,2010-03-01,6.62118101119995,4.83679580688477,2.68349885940552
24060050,Pluviométrica,Convencional,Santander,Los Santos,6.7592,-73.0928,1460,11/15/1973,,Andes,Magdalena Cauca,Sogamoso,Río Sogamoso,2.7309091091156,3.4872727394104,4,4,0.601449251174927,0.829710125923157,1,1,1.05999994277954,2010,03,16,1.3,1.3,1.3779999256134,0,19.8331737518311,2010-03-01,18.7785205841064,16.7349891662598,14.5762948989868
24060050,Pluviométrica,Convencional,Santander,Los Santos,6.7592,-73.0928,1460,11/15/1973,,Andes,Magdalena Cauca,Sogamoso,Río Sogamoso,2.7309091091156,3.4872727394104,4,4,0.601449251174927,0.829710125923157,1,1,1.05999994277954,2010,03,17,0,0,0,0,4.72714328765869,2010-03-01,0,2.45405459403992,0
24060050,Pluviométrica,Convencional,Santander,Los Santos,6.7592,-73.0928,1460,11/15/1973,,Andes,Magdalena Cauca,Sogamoso,Río Sogamoso,2.7309091091156,3.4872727394104,4,4,0.601449251174927,0.829710125923157,1,1,1.05999994277954,2010,03,18,16.5,16.5,17.4899990558624,0,23.5541076660156,2010-03-01,15.9714670181274,12.9832630157471,13.1750583648682
24060050,Pluviométrica,Convencional,Santander,Los Santos,6.7592,-73.0928,1460,11/15/1973,,Andes,Magdalena Cauca,Sogamoso,Río Sogamoso,2.7309091091156,3.4872727394104,4,4,0.601449251174927,0.829710125923157,1,1,1.04999995231628,2010,04,19,7,7,7.34999966621399,0,32.5619812011719,2010-04-01,30.8157463073731,21.8789920806885,21.7945327758789
24060050,Pluviométrica,Convencional,Santander,Los Santos,6.7592,-73.0928,1460,11/15/1973,,Andes,Magdalena Cauca,Sogamoso,Río Sogamoso,2.7309091091156,3.4872727394104,4,4,0.601449251174927,0.829710125923157,1,1,1.04999995231628,2010,04,20,0,0,0,0,25.2095775604248,2010-04-01,20.9241695404053,20.9137706756592,22.0092220306397
24060050,Pluviométrica,Convencional,Santander,Los Santos,6.7592,-73.0928,1460,11/15/1973,,Andes,Magdalena Cauca,Sogamoso,Río Sogamoso,2.7309091091156,3.4872727394104,4,4,0.601449251174927,0.829710125923157,1,1,1.04999995231628,2010,04,21,9.6,9.6,10.0799995422363,0,27.0071716308594,2010-04-01,20.0043983459473,21.0250625610352,17.3832321166992
24060050,Pluviométrica,Convencional,Santander,Los Santos,6.7592,-73.0928,1460,11/15/1973,,Andes,Magdalena Cauca,Sogamoso,Río Sogamoso,2.7309091091156,3.4872727394104,4,4,0.601449251174927,0.829710125923157,1,1,1.04999995231628,2010,04,22,3.4,3.4,3.56999983787537,0,20.2373390197754,2010-04-01,15.6043310165405,14.6240835189819,14.4100160598755
24060050,Pluviométrica,Convencional,Santander,Los Santos,6.7592,-73.0928,1460,11/15/1973,,Andes,Magdalena Cauca,Sogamoso,Río Sogamoso,2.7309091091156,3.4872727394104,4,4,0.601449251174927,0.829710125923157,1,1,1.04999995231628,2010,04,23,0,0,0,0,7.8052225112915,2010-04-01,0,4.85623025894165,0
24060050,Pluviométrica,Convencional,Santander,Los Santos,6.7592,-73.0928,1460,11/15/1973,,Andes,Magdalena Cauca,Sogamoso,Río Sogamoso,2.7309091091156,3.4872727394104,4,4,0.601449251174927,0.829710125923157,1,1,1.04999995231628,2010,04,24,0,0,0,0,9.9221773147583,2010-04-01,1.83576321601868,6.64294719696045,1.66594183444977
24060050,Pluviométrica,Convencional,Santander,Los Santos,6.7592,-73.0928,1460,11/15/1973,,Andes,Magdalena Cauca,Sogamoso,Río Sogamoso,2.7309091091156,3.4872727394104,4,4,0.601449251174927,0.829710125923157,1,1,1.03999996185303,2010,05,25,38.1,38.1,39.6239985466003,0,22.8607883453369,2010-05-01,13.3007564544678,39.6141967773438,29.1261367797852
24060050,Pluviométrica,Convencional,Santander,Los Santos,6.7592,-73.0928,1460,11/15/1973,,Andes,Magdalena Cauca,Sogamoso,Río Sogamoso,2.7309091091156,3.4872727394104,4,4,0.601449251174927,0.829710125923157,1,1,1.03999996185303,2010,05,26,11.9,11.9,12.375999546051,0,34.425106048584,2010-05-01,23.6795997619629,28.3129119873047,19.9990463256836
24060050,Pluviométrica,Convencional,Santander,Los Santos,6.7592,-73.0928,1460,11/15/1973,,Andes,Magdalena Cauca,Sogamoso,Río Sogamoso,2.7309091091156,3.4872727394104,4,4,0.601449251174927,0.829710125923157,1,1,1.03999996185303,2010,05,27,13.7,13.7,14.2479994773865,0,37.2381973266602,2010-05-01,30.4569835662842,24.0353374481201,20.7775573730469
24060050,Pluviométrica,Convencional,Santander,Los Santos,6.7592,-73.0928,1460,11/15/1973,,Andes,Magdalena Cauca,Sogamoso,Río Sogamoso,2.7309091091156,3.4872727394104,4,4,0.601449251174927,0.829710125923157,1,1,1.03999996185303,2010,05,28,11.3,11.3,11.7519995689392,0,24.5745716094971,2010-05-01,14.0487833023071,25.5419006347656,16.723051071167
24060050,Pluviométrica,Convencional,Santander,Los Santos,6.7592,-73.0928,1460,11/15/1973,,Andes,Magdalena Cauca,Sogamoso,Río Sogamoso,2.7309091091156,3.4872727394104,4,4,0.601449251174927,0.829710125923157,1,1,1.03999996185303,2010,05,29,51.7,51.7,53.7679980278015,0,29.5985527038574,2010-05-01,19.8127670288086,58.3200798034668,47.9188995361328
24060050,Pluviométrica,Convencional,Santander,Los Santos,6.7592,-73.0928,1460,11/15/1973,,Andes,Magdalena Cauca,Sogamoso,Río Sogamoso,2.7309091091156,3.4872727394104,4,4,0.601449251174927,0.829710125923157,1,1,1.03999996185303,2010,05,30,63.7,63.7,66.2479975700378,0,38.9600982666016,2010-05-01,22.4429454803467,50.9460067749023,41.1486053466797
24060050,Pluviométrica,Convencional,Santander,Los Santos,6.7592,-73.0928,1460,11/15/1973,,Andes,Magdalena Cauca,Sogamoso,Río Sogamoso,2.7309091091156,3.4872727394104,4,4,0.601449251174927,0.829710125923157,1,1,1.04999995231628,2010,06,31,1.5,1.5,1.57499992847443,0,14.4741277694702,2010-06-01,5.40493011474609,11.0461988449097,9.55695629119873
24060050,Pluviométrica,Convencional,Santander,Los Santos,6.7592,-73.0928,1460,11/15/1973,,Andes,Magdalena Cauca,Sogamoso,Río Sogamoso,2.7309091091156,3.4872727394104,4,4,0.601449251174927,0.829710125923157,1,1,1.04999995231628,2010,06,32,36.1,36.1,37.9049982786179,0,13.9422883987427,2010-06-01,3.67697429656982,23.7012634277344,14.8903865814209
24060050,Pluviométrica,Convencional,Santander,Los Santos,6.7592,-73.0928,1460,11/15/1973,,Andes,Magdalena Cauca,Sogamoso,Río Sogamoso,2.7309091091156,3.4872727394104,4,4,0.601449251174927,0.829710125923157,1,1,1.04999995231628,2010,06,33,7.4,7.4,7.7699996471405,0,15.5363960266113,2010-06-01,8.62507629394531,17.6433963775635,16.6956539154053
24060050,Pluviométrica,Convencional,Santander,Los Santos,6.7592,-73.0928,1460,11/15/1973,,Andes,Magdalena Cauca,Sogamoso,Río Sogamoso,2.7309091091156,3.4872727394104,4,4,0.601449251174927,0.829710125923157,1,1,1.04999995231628,2010,06,34,76.2,76.2,80.0099963665009,0,18.6215038299561,2010-06-01,13.9230270385742,25.0023021697998,20.9756374359131
24060050,Pluviométrica,Convencional,Santander,Los Santos,6.7592,-73.0928,1460,11/15/1973,,Andes,Magdalena Cauca,Sogamoso,Río Sogamoso,2.7309091091156,3.4872727394104,4,4,0.601449251174927,0.829710125923157,1,1,1.04999995231628,2010,06,35,26.2,26.2,27.5099987506867,0,17.6110591888428,2010-06-01,12.1009140014648,25.9197082519531,26.8235321044922
24060050,Pluviométrica,Convencional,Santander,Los Santos,6.7592,-73.0928,1460,11/15/1973,,Andes,Magdalena Cauca,Sogamoso,Río Sogamoso,2.7309091091156,3.4872727394104,4,4,0.601449251174927,0.829710125923157,1,1,1.04999995231628,2010,06,36,1.5,1.5,1.57499992847443,0,16.7175121307373,2010-06-01,12.7024517059326,12.2423620223999,14.0625495910645
24060050,Pluviométrica,Convencional,Santander,Los Santos,6.7592,-73.0928,1460,11/15/1973,,Andes,Magdalena Cauca,Sogamoso,Río Sogamoso,2.7309091091156,3.4872727394104,4,4,0.601449251174927,0.829710125923157,1,1,1.04999995231628,2010,07,37,10.6,10.6,11.1299994945526,0,12.7027044296265,2010-07-01,6.33269166946411,13.9055051803589,8.47339630126953
24060050,Pluviométrica,Convencional,Santander,Los Santos,6.7592,-73.0928,1460,11/15/1973,,Andes,Magdalena Cauca,Sogamoso,Río Sogamoso,2.7309091091156,3.4872727394104,4,4,0.601449251174927,0.829710125923157,1,1,1.04999995231628,2010,07,38,1.3,1.3,1.36499993801117,0,10.584095954895,2010-07-01,3.04306292533875,10.6451663970947,4.57473134994507
24060050,Pluviométrica,Convencional,Santander,Los Santos,6.7592,-73.0928,1460,11/15/1973,,Andes,Magdalena Cauca,Sogamoso,Río Sogamoso,2.7309091091156,3.4872727394104,4,4,0.601449251174927,0.829710125923157,1,1,1.04999995231628,2010,07,39,13.5,13.5,14.1749993562698,0,19.0178070068359,2010-07-01,22.7839221954346,23.8810558319092,34.4339065551758
24060050,Pluviométrica,Convencional,Santander,Los Santos,6.7592,-73.0928,1460,11/15/1973,,Andes,Magdalena Cauca,Sogamoso,Río Sogamoso,2.7309091091156,3.4872727394104,4,4,0.601449251174927,0.829710125923157,1,1,1.04999995231628,2010,07,40,62.3,62.3,65.4149970293045,0,26.6470260620117,2010-07-01,42.2581024169922,33.3956184387207,45.1364936828613
24060050,Pluviométrica,Convencional,Santander,Los Santos,6.7592,-73.0928,1460,11/15/1973,,Andes,Magdalena Cauca,Sogamoso,Río Sogamoso,2.7309091091156,3.4872727394104,4,4,0.601449251174927,0.829710125923157,1,1,1.04999995231628,2010,07,41,4.4,4.4,4.61999979019165,0,14.6232252120972,2010-07-01,13.9785127639771,10.9928131103516,13.9922161102295
24060050,Pluviométrica,Convencional,Santander,Los Santos,6.7592,-73.0928,1460,11/15/1973,,Andes,Magdalena Cauca,Sogamoso,Río Sogamoso,2.7309091091156,3.4872727394104,4,4,0.601449251174927,0.829710125923157,1,1,1.04999995231628,2010,07,42,22.3,22.3,23.4149989366531,0,18.3126487731934,2010-07-01,7.45082139968872,23.7623596191406,14.3900585174561
24060050,Pluviométrica,Convencional,Santander,Los Santos,6.7592,-73.0928,1460,11/15/1973,,Andes,Magdalena Cauca,Sogamoso,Río Sogamoso,2.7309091091156,3.4872727394104,4,4,0.601449251174927,0.829710125923157,1,1,1.04999995231628,2010,08,43,9.2,9.2,9.65999956130981,0,19.6134376525879,2010-08-01,9.01711940765381,20.2936573028564,13.8298435211182
24060050,Pluviométrica,Convencional,Santander,Los Santos,6.7592,-73.0928,1460,11/15/1973,,Andes,Magdalena Cauca,Sogamoso,Río Sogamoso,2.7309091091156,3.4872727394104,4,4,0.601449251174927,0.829710125923157,1,1,1.04999995231628,2010,08,44,9.7,9.7,10.184999537468,0,15.5735359191895,2010-08-01,0,15.2514896392822,0
24060050,Pluviométrica,Convencional,Santander,Los Santos,6.7592,-73.0928,1460,11/15/1973,,Andes,Magdalena Cauca,Sogamoso,Río Sogamoso,2.7309091091156,3.4872727394104,4,4,0.601449251174927,0.829710125923157,1,1,1.04999995231628,2010,08,45,8.2,8.2,8.60999960899353,0,18.051176071167,2010-08-01,2.54853820800781,16.525972366333,5.43591594696045
24060050,Pluviométrica,Convencional,Santander,Los Santos,6.7592,-73.0928,1460,11/15/1973,,Andes,Magdalena Cauca,Sogamoso,Río Sogamoso,2.7309091091156,3.4872727394104,4,4,0.601449251174927,0.829710125923157,1,1,1.04999995231628,2010,08,46,10.8,10.8,11.3399994850159,0,18.3334770202637,2010-08-01,3.09125947952271,23.4232177734375,11.6909923553467
24060050,Pluviométrica,Convencional,Santander,Los Santos,6.7592,-73.0928,1460,11/15/1973,,Andes,Magdalena Cauca,Sogamoso,Río Sogamoso,2.7309091091156,3.4872727394104,4,4,0.601449251174927,0.829710125923157,1,1,1.04999995231628,2010,08,47,5.6,5.6,5.87999973297119,0,19.6612987518311,2010-08-01,7.93123388290405,18.0311222076416,12.6460886001587
24060050,Pluviométrica,Convencional,Santander,Los Santos,6.7592,-73.0928,1460,11/15/1973,,Andes,Magdalena Cauca,Sogamoso,Río Sogamoso,2.7309091091156,3.4872727394104,4,4,0.601449251174927,0.829710125923157,1,1,1.04999995231628,2010,08,48,33.5,33.5,35.1749984025955,0,24.7292041778564,2010-08-01,9.00207996368408,31.1695365905762,24.4726543426514
24060050,Pluviométrica,Convencional,Santander,Los Santos,6.7592,-73.0928,1460,11/15/1973,,Andes,Magdalena Cauca,Sogamoso,Río Sogamoso,2.7309091091156,3.4872727394104,4,4,0.601449251174927,0.829710125923157,1,1,1.04999995231628,2010,09,49,8.5,8.5,8.92499959468842,0,33.8034973144531,2010-09-01,39.0875930786133,28.9346790313721,27.4113273620605
24060050,Pluviométrica,Convencional,Santander,Los Santos,6.7592,-73.0928,1460,11/15/1973,,Andes,Magdalena Cauca,Sogamoso,Río Sogamoso,2.7309091091156,3.4872727394104,4,4,0.601449251174927,0.829710125923157,1,1,1.04999995231628,2010,09,50,9.4,9.4,9.86999955177307,0,25.2851390838623,2010-09-01,28.0648441314697,17.4522323608398,17.0787544250488
24060050,Pluviométrica,Convencional,Santander,Los Santos,6.7592,-73.0928,1460,11/15/1973,,Andes,Magdalena Cauca,Sogamoso,Río Sogamoso,2.7309091091156,3.4872727394104,4,4,0.601449251174927,0.829710125923157,1,1,1.04999995231628,2010,09,51,16.8,16.8,17.6399991989136,0,24.6633243560791,2010-09-01,27.4374408721924,25.5639629364014,24.9329204559326
24060050,Pluviométrica,Convencional,Santander,Los Santos,6.7592,-73.0928,1460,11/15/1973,,Andes,Magdalena Cauca,Sogamoso,Río Sogamoso,2.7309091091156,3.4872727394104,4,4,0.601449251174927,0.829710125923157,1,1,1.04999995231628,2010,09,52,24.2,24.2,25.4099988460541,0,23.963472366333,2010-09-01,24.2095565795898,37.7596740722656,31.6111621856689
24060050,Pluviométrica,Convencional,Santander,Los Santos,6.7592,-73.0928,1460,11/15/1973,,Andes,Magdalena Cauca,Sogamoso,Río Sogamoso,2.7309091091156,3.4872727394104,4,4,0.601449251174927,0.829710125923157,1,1,1.04999995231628,2010,09,53,11.4,11.4,11.9699994564056,0,22.4833946228027,2010-09-01,22.4725952148438,30.2670936584473,25.4276733398438
24060050,Pluviométrica,Convencional,Santander,Los Santos,6.7592,-73.0928,1460,11/15/1973,,Andes,Magdalena Cauca,Sogamoso,Río Sogamoso,2.7309091091156,3.4872727394104,4,4,0.601449251174927,0.829710125923157,1,1,1.04999995231628,2010,09,54,12.3,12.3,12.9149994134903,0,18.6522827148438,2010-09-01,16.1746883392334,28.6609630584717,27.2540855407715
24060050,Pluviométrica,Convencional,Santander,Los Santos,6.7592,-73.0928,1460,11/15/1973,,Andes,Magdalena Cauca,Sogamoso,Río Sogamoso,2.7309091091156,3.4872727394104,4,4,0.601449251174927,0.829710125923157,1,1,1.03999996185303,2010,10,55,50.8,50.8,52.8319980621338,0,39.6292266845703,2010-10-01,31.1306858062744,58.7388801574707,60.566276550293
24060050,Pluviométrica,Convencional,Santander,Los Santos,6.7592,-73.0928,1460,11/15/1973,,Andes,Magdalena Cauca,Sogamoso,Río Sogamoso,2.7309091091156,3.4872727394104,4,4,0.601449251174927,0.829710125923157,1,1,1.03999996185303,2010,10,56,42,42,43.6799983978271,0,31.6170425415039,2010-10-01,19.0330390930176,33.9191932678223,24.9540481567383
24060050,Pluviométrica,Convencional,Santander,Los Santos,6.7592,-73.0928,1460,11/15/1973,,Andes,Magdalena Cauca,Sogamoso,Río Sogamoso,2.7309091091156,3.4872727394104,4,4,0.601449251174927,0.829710125923157,1,1,1.03999996185303,2010,10,57,2,2,2.07999992370605,0,16.9662857055664,2010-10-01,0,23.271167755127,0
24060050,Pluviométrica,Convencional,Santander,Los Santos,6.7592,-73.0928,1460,11/15/1973,,Andes,Magdalena Cauca,Sogamoso,Río Sogamoso,2.7309091091156,3.4872727394104,4,4,0.601449251174927,0.829710125923157,1,1,1.03999996185303,2010,10,58,26,26,27.0399990081787,0,20.1781005859375,2010-10-01,8.72468566894531,20.5308513641357,14.9928092956543
24060050,Pluviométrica,Convencional,Santander,Los Santos,6.7592,-73.0928,1460,11/15/1973,,Andes,Magdalena Cauca,Sogamoso,Río Sogamoso,2.7309091091156,3.4872727394104,4,4,0.601449251174927,0.829710125923157,1,1,1.03999996185303,2010,10,59,4.6,4.6,4.78399982452393,0,19.8738880157471,2010-10-01,3.35751676559448,10.933403968811,3.58735060691834
24060050,Pluviométrica,Convencional,Santander,Los Santos,6.7592,-73.0928,1460,11/15/1973,,Andes,Magdalena Cauca,Sogamoso,Río Sogamoso,2.7309091091156,3.4872727394104,4,4,0.601449251174927,0.829710125923157,1,1,1.03999996185303,2010,10,60,94,94,97.7599964141846,0,33.7954750061035,2010-10-01,14.4130373001099,46.7149696350098,30.4547367095947
24060050,Pluviométrica,Convencional,Santander,Los Santos,6.7592,-73.0928,1460,11/15/1973,,Andes,Magdalena Cauca,Sogamoso,Río Sogamoso,2.7309091091156,3.4872727394104,4,4,0.601449251174927,0.829710125923157,1,1,1.03999996185303,2010,11,61,17.6,17.6,18.3039993286133,0,35.1074905395508,2010-11-01,28.8394470214844,35.3721046447754,30.2299919128418
24060050,Pluviométrica,Convencional,Santander,Los Santos,6.7592,-73.0928,1460,11/15/1973,,Andes,Magdalena Cauca,Sogamoso,Río Sogamoso,2.7309091091156,3.4872727394104,4,4,0.601449251174927,0.829710125923157,1,1,1.03999996185303,2010,11,62,32.2,32.2,33.4879987716675,0,40.0238647460938,2010-11-01,32.3162040710449,63.406867980957,50.9293251037598
24060050,Pluviométrica,Convencional,Santander,Los Santos,6.7592,-73.0928,1460,11/15/1973,,Andes,Magdalena Cauca,Sogamoso,Río Sogamoso,2.7309091091156,3.4872727394104,4,4,0.601449251174927,0.829710125923157,1,1,1.03999996185303,2010,11,63,56.3,56.3,58.5519978523255,0,25.6687850952148,2010-11-01,15.9965877532959,58.8284912109375,53.2457885742188
24060050,Pluviométrica,Convencional,Santander,Los Santos,6.7592,-73.0928,1460,11/15/1973,,Andes,Magdalena Cauca,Sogamoso,Río Sogamoso,2.7309091091156,3.4872727394104,4,4,0.601449251174927,0.829710125923157,1,1,1.03999996185303,2010,11,64,4.8,4.8,4.99199981689453,0,13.6576061248779,2010-11-01,4.83287811279297,10.1110372543335,9.67028141021729
24060050,Pluviométrica,Convencional,Santander,Los Santos,6.7592,-73.0928,1460,11/15/1973,,Andes,Magdalena Cauca,Sogamoso,Río Sogamoso,2.7309091091156,3.4872727394104,4,4,0.601449251174927,0.829710125923157,1,1,1.03999996185303,2010,11,65,47,47,48.8799982070923,0,11.4359569549561,2010-11-01,2.12016201019287,20.1708393096924,8.75600910186768
24060050,Pluviométrica,Convencional,Santander,Los Santos,6.7592,-73.0928,1460,11/15/1973,,Andes,Magdalena Cauca,Sogamoso,Río Sogamoso,2.7309091091156,3.4872727394104,4,4,0.601449251174927,0.829710125923157,1,1,1.03999996185303,2010,11,66,22,22,22.8799991607666,0,9.94167709350586,2010-11-01,0.680518448352814,16.7661113739014,2.67456388473511
24060050,Pluviométrica,Convencional,Santander,Los Santos,6.7592,-73.0928,1460,11/15/1973,,Andes,Magdalena Cauca,Sogamoso,Río Sogamoso,2.7309091091156,3.4872727394104,4,4,0.601449251174927,0.829710125923157,1,1,1.05999994277954,2010,12,67,13,13,13.779999256134,0,17.0754375457764,2010-12-01,19.742151260376,21.522912979126,27.2434253692627
24060050,Pluviométrica,Convencional,Santander,Los Santos,6.7592,-73.0928,1460,11/15/1973,,Andes,Magdalena Cauca,Sogamoso,Río Sogamoso,2.7309091091156,3.4872727394104,4,4,0.601449251174927,0.829710125923157,1,1,1.05999994277954,2010,12,68,6,6,6.35999965667725,0,7.10538291931152,2010-12-01,4.19915199279785,8.73488140106201,8.76468563079834
24060050,Pluviométrica,Convencional,Santander,Los Santos,6.7592,-73.0928,1460,11/15/1973,,Andes,Magdalena Cauca,Sogamoso,Río Sogamoso,2.7309091091156,3.4872727394104,4,4,0.601449251174927,0.829710125923157,1,1,1.05999994277954,2010,12,69,0,0,0,0,7.07896757125855,2010-12-01,2.70343661308289,8.36536407470703,10.0848236083984
24060050,Pluviométrica,Convencional,Santander,Los Santos,6.7592,-73.0928,1460,11/15/1973,,Andes,Magdalena Cauca,Sogamoso,Río Sogamoso,2.7309091091156,3.4872727394104,4,4,0.601449251174927,0.829710125923157,1,1,1.05999994277954,2010,12,70,50,50,52.9999971389771,0,5.43302154541016,2010-12-01,0,10.3695449829102,0
24060050,Pluviométrica,Convencional,Santander,Los Santos,6.7592,-73.0928,1460,11/15/1973,,Andes,Magdalena Cauca,Sogamoso,Río Sogamoso,2.7309091091156,3.4872727394104,4,4,0.601449251174927,0.829710125923157,1,1,1.05999994277954,2010,12,71,0,0,0,0,5.04691171646118,2010-12-01,0,4.94123983383179,0
24060050,Pluviométrica,Convencional,Santander,Los Santos,6.7592,-73.0928,1460,11/15/1973,,Andes,Magdalena Cauca,Sogamoso,Río Sogamoso,2.7309091091156,3.4872727394104,4,4,0.601449251174927,0.829710125923157,1,1,1.05999994277954,2010,12,72,0,0,0,0,9.6234245300293,2010-12-01,1.44298076629639,4.18293857574463,1.35686957836151
24060050,Pluviométrica,Convencional,Santander,Los Santos,6.7592,-73.0928,1460,11/15/1973,,Andes,Magdalena Cauca,Sogamoso,Río Sogamoso,2.7309091091156,3.4872727394104,4,4,0.601449251174927,0.829710125923157,1,1,1.07000005245209,2011,01,1,0,0,0,0,4.34443759918213,2011-01-01,0,3.81929898262024,0
24060050,Pluviométrica,Convencional,Santander,Los Santos,6.7592,-73.0928,1460,11/15/1973,,Andes,Magdalena Cauca,Sogamoso,Río Sogamoso,2.7309091091156,3.4872727394104,4,4,0.601449251174927,0.829710125923157,1,1,1.07000005245209,2011,01,2,0,0,0,0,22.7717609405518,2011-01-01,17.7631816864014,8.90672588348389,9.28173637390137
24060050,Pluviométrica,Convencional,Santander,Los Santos,6.7592,-73.0928,1460,11/15/1973,,Andes,Magdalena Cauca,Sogamoso,Río Sogamoso,2.7309091091156,3.4872727394104,4,4,0.601449251174927,0.829710125923157,1,1,1.07000005245209,2011,01,3,0,0,0,0,4.27155447006226,2011-01-01,0,2.1965708732605,0
24060050,Pluviométrica,Convencional,Santander,Los Santos,6.7592,-73.0928,1460,11/15/1973,,Andes,Magdalena Cauca,Sogamoso,Río Sogamoso,2.7309091091156,3.4872727394104,4,4,0.601449251174927,0.829710125923157,1,1,1.07000005245209,2011,01,4,0,0,0,0,7.8668532371521,2011-01-01,3.95800113677979,4.7167558670044,4.67002820968628
24060050,Pluviométrica,Convencional,Santander,Los Santos,6.7592,-73.0928,1460,11/15/1973,,Andes,Magdalena Cauca,Sogamoso,Río Sogamoso,2.7309091091156,3.4872727394104,4,4,0.601449251174927,0.829710125923157,1,1,1.07000005245209,2011,01,5,0,0,0,0,3.49986529350281,2011-01-01,0,2.30552935600281,0
24060050,Pluviométrica,Convencional,Santander,Los Santos,6.7592,-73.0928,1460,11/15/1973,,Andes,Magdalena Cauca,Sogamoso,Río Sogamoso,2.7309091091156,3.4872727394104,4,4,0.601449251174927,0.829710125923157,1,1,1.07000005245209,2011,01,6,0,0,0,0,4.27494049072266,2011-01-01,0,2.56981492042542,0
24060050,Pluviométrica,Convencional,Santander,Los Santos,6.7592,-73.0928,1460,11/15/1973,,Andes,Magdalena Cauca,Sogamoso,Río Sogamoso,2.7309091091156,3.4872727394104,4,4,0.601449251174927,0.829710125923157,1,1,1.05999994277954,2011,02,7,0,0,0,0,4.45445680618286,2011-02-01,0,2.34546303749084,0
24060050,Pluviométrica,Convencional,Santander,Los Santos,6.7592,-73.0928,1460,11/15/1973,,Andes,Magdalena Cauca,Sogamoso,Río Sogamoso,2.7309091091156,3.4872727394104,4,4,0.601449251174927,0.829710125923157,1,1,1.05999994277954,2011,02,8,4.6,4.6,4.87599973678589,0,5.00042772293091,2011-02-01,2.13548469543457,5.08132839202881,3.03770112991333
24060050,Pluviométrica,Convencional,Santander,Los Santos,6.7592,-73.0928,1460,11/15/1973,,Andes,Magdalena Cauca,Sogamoso,Río Sogamoso,2.7309091091156,3.4872727394104,4,4,0.601449251174927,0.829710125923157,1,1,1.05999994277954,2011,02,9,3.3,3.3,3.49799981117249,0,8.78505897521973,2011-02-01,9.14806270599365,6.04542255401611,5.18255043029785
24060050,Pluviométrica,Convencional,Santander,Los Santos,6.7592,-73.0928,1460,11/15/1973,,Andes,Magdalena Cauca,Sogamoso,Río Sogamoso,2.7309091091156,3.4872727394104,4,4,0.601449251174927,0.829710125923157,1,1,1.05999994277954,2011,02,10,0,0,0,0,19.4883842468262,2011-02-01,29.1128902435303,13.3896112442017,12.645224571228
24060050,Pluviométrica,Convencional,Santander,Los Santos,6.7592,-73.0928,1460,11/15/1973,,Andes,Magdalena Cauca,Sogamoso,Río Sogamoso,2.7309091091156,3.4872727394104,4,4,0.601449251174927,0.829710125923157,1,1,1.05999994277954,2011,02,11,0,0,0,0,8.11764621734619,2011-02-01,4.21639394760132,9.40743637084961,8.20810699462891
24060050,Pluviométrica,Convencional,Santander,Los Santos,6.7592,-73.0928,1460,11/15/1973,,Andes,Magdalena Cauca,Sogamoso,Río Sogamoso,2.7309091091156,3.4872727394104,4,4,0.601449251174927,0.829710125923157,1,1,1.05999994277954,2011,02,12,34,34,36.0399980545044,0,9.31860637664795,2011-02-01,14.6983890533447,20.4218082427979,29.2546558380127
24060050,Pluviométrica,Convencional,Santander,Los Santos,6.7592,-73.0928,1460,11/15/1973,,Andes,Magdalena Cauca,Sogamoso,Río Sogamoso,2.7309091091156,3.4872727394104,4,4,0.601449251174927,0.829710125923157,1,1,1.05999994277954,2011,03,13,21.2,21.2,22.4719987869263,0,9.79859638214111,2011-03-01,5.54033279418945,16.5414962768555,11.4981517791748
24060050,Pluviométrica,Convencional,Santander,Los Santos,6.7592,-73.0928,1460,11/15/1973,,Andes,Magdalena Cauca,Sogamoso,Río Sogamoso,2.7309091091156,3.4872727394104,4,4,0.601449251174927,0.829710125923157,1,1,1.05999994277954,2011,03,14,16,16,16.9599990844727,0,22.2599639892578,2011-03-01,22.048677444458,24.3073253631592,20.827127456665
24060050,Pluviométrica,Convencional,Santander,Los Santos,6.7592,-73.0928,1460,11/15/1973,,Andes,Magdalena Cauca,Sogamoso,Río Sogamoso,2.7309091091156,3.4872727394104,4,4,0.601449251174927,0.829710125923157,1,1,1.05999994277954,2011,03,15,0.3,0.3,0.317999982833862,0,5.46761322021484,2011-03-01,0,4.23063230514526,0
24060050,Pluviométrica,Convencional,Santander,Los Santos,6.7592,-73.0928,1460,11/15/1973,,Andes,Magdalena Cauca,Sogamoso,Río Sogamoso,2.7309091091156,3.4872727394104,4,4,0.601449251174927,0.829710125923157,1,1,1.05999994277954,2011,03,16,0,0,0,0,13.4188756942749,2011-03-01,7.09747934341431,12.6789979934692,7.52617263793945
24060050,Pluviométrica,Convencional,Santander,Los Santos,6.7592,-73.0928,1460,11/15/1973,,Andes,Magdalena Cauca,Sogamoso,Río Sogamoso,2.7309091091156,3.4872727394104,4,4,0.601449251174927,0.829710125923157,1,1,1.05999994277954,2011,03,17,9.3,9.3,9.85799946784973,0,28.3713550567627,2011-03-01,32.0125732421875,36.9806861877441,31.8160762786865
24060050,Pluviométrica,Convencional,Santander,Los Santos,6.7592,-73.0928,1460,11/15/1973,,Andes,Magdalena Cauca,Sogamoso,Río Sogamoso,2.7309091091156,3.4872727394104,4,4,0.601449251174927,0.829710125923157,1,1,1.05999994277954,2011,03,18,0,0,0,0,37.606803894043,2011-03-01,31.0762634277344,22.6668605804443,19.6513595581055
24060050,Pluviométrica,Convencional,Santander,Los Santos,6.7592,-73.0928,1460,11/15/1973,,Andes,Magdalena Cauca,Sogamoso,Río Sogamoso,2.7309091091156,3.4872727394104,4,4,0.601449251174927,0.829710125923157,1,1,1.04999995231628,2011,04,19,0,0,0,0,6.34578704833984,2011-04-01,0,7.73541450500488,0
24060050,Pluviométrica,Convencional,Santander,Los Santos,6.7592,-73.0928,1460,11/15/1973,,Andes,Magdalena Cauca,Sogamoso,Río Sogamoso,2.7309091091156,3.4872727394104,4,4,0.601449251174927,0.829710125923157,1,1,1.04999995231628,2011,04,20,17.3,17.3,18.1649991750717,0,16.5669193267822,2011-04-01,10.7722940444946,17.0140819549561,13.7145013809204
24060050,Pluviométrica,Convencional,Santander,Los Santos,6.7592,-73.0928,1460,11/15/1973,,Andes,Magdalena Cauca,Sogamoso,Río Sogamoso,2.7309091091156,3.4872727394104,4,4,0.601449251174927,0.829710125923157,1,1,1.04999995231628,2011,04,21,68,68,71.3999967575073,0,24.4872264862061,2011-04-01,18.2598609924316,56.1783599853516,52.0466728210449
24060050,Pluviométrica,Convencional,Santander,Los Santos,6.7592,-73.0928,1460,11/15/1973,,Andes,Magdalena Cauca,Sogamoso,Río Sogamoso,2.7309091091156,3.4872727394104,4,4,0.601449251174927,0.829710125923157,1,1,1.04999995231628,2011,04,22,50.4,50.4,52.9199975967407,0,27.6254711151123,2011-04-01,24.1158485412598,41.8131637573242,41.7367553710938
24060050,Pluviométrica,Convencional,Santander,Los Santos,6.7592,-73.0928,1460,11/15/1973,,Andes,Magdalena Cauca,Sogamoso,Río Sogamoso,2.7309091091156,3.4872727394104,4,4,0.601449251174927,0.829710125923157,1,1,1.04999995231628,2011,04,23,12.8,12.8,13.4399993896484,0,22.8278732299805,2011-04-01,18.1345520019531,26.4630012512207,24.7001628875732
24060050,Pluviométrica,Convencional,Santander,Los Santos,6.7592,-73.0928,1460,11/15/1973,,Andes,Magdalena Cauca,Sogamoso,Río Sogamoso,2.7309091091156,3.4872727394104,4,4,0.601449251174927,0.829710125923157,1,1,1.04999995231628,2011,04,24,0,0,0,0,27.0046100616455,2011-04-01,19.8126392364502,17.8621101379395,15.4530515670776
24060050,Pluviométrica,Convencional,Santander,Los Santos,6.7592,-73.0928,1460,11/15/1973,,Andes,Magdalena Cauca,Sogamoso,Río Sogamoso,2.7309091091156,3.4872727394104,4,4,0.601449251174927,0.829710125923157,1,1,1.03999996185303,2011,05,25,12.2,12.2,12.6879995346069,0,42.858512878418,2011-05-01,39.0747871398926,33.0651092529297,29.0773162841797
24060050,Pluviométrica,Convencional,Santander,Los Santos,6.7592,-73.0928,1460,11/15/1973,,Andes,Magdalena Cauca,Sogamoso,Río Sogamoso,2.7309091091156,3.4872727394104,4,4,0.601449251174927,0.829710125923157,1,1,1.03999996185303,2011,05,26,11.7,11.7,12.1679995536804,0,34.9764366149902,2011-05-01,27.7914447784424,25.2544174194336,21.0593338012695
24060050,Pluviométrica,Convencional,Santander,Los Santos,6.7592,-73.0928,1460,11/15/1973,,Andes,Magdalena Cauca,Sogamoso,Río Sogamoso,2.7309091091156,3.4872727394104,4,4,0.601449251174927,0.829710125923157,1,1,1.03999996185303,2011,05,27,20,20,20.7999992370605,0,42.282470703125,2011-05-01,36.0199966430664,43.5602684020996,38.4945411682129
24060050,Pluviométrica,Convencional,Santander,Los Santos,6.7592,-73.0928,1460,11/15/1973,,Andes,Magdalena Cauca,Sogamoso,Río Sogamoso,2.7309091091156,3.4872727394104,4,4,0.601449251174927,0.829710125923157,1,1,1.03999996185303,2011,05,28,0.4,0.4,0.415999984741211,0,25.7059860229492,2011-05-01,16.8521289825439,31.4946308135986,24.8951873779297
24060050,Pluviométrica,Convencional,Santander,Los Santos,6.7592,-73.0928,1460,11/15/1973,,Andes,Magdalena Cauca,Sogamoso,Río Sogamoso,2.7309091091156,3.4872727394104,4,4,0.601449251174927,0.829710125923157,1,1,1.03999996185303,2011,05,29,13,13,13.5199995040894,0,20.0033760070801,2011-05-01,9.27884674072266,15.903564453125,10.9924879074097
24060050,Pluviométrica,Convencional,Santander,Los Santos,6.7592,-73.0928,1460,11/15/1973,,Andes,Magdalena Cauca,Sogamoso,Río Sogamoso,2.7309091091156,3.4872727394104,4,4,0.601449251174927,0.829710125923157,1,1,1.03999996185303,2011,05,30,8.2,8.2,8.52799968719483,0,25.2209568023682,2011-05-01,7.12674903869629,25.2680282592773,13.2316808700562
24060050,Pluviométrica,Convencional,Santander,Los Santos,6.7592,-73.0928,1460,11/15/1973,,Andes,Magdalena Cauca,Sogamoso,Río Sogamoso,2.7309091091156,3.4872727394104,4,4,0.601449251174927,0.829710125923157,1,1,1.04999995231628,2011,06,31,32,32,33.5999984741211,0,26.2864685058594,2011-06-01,24.0192527770996,37.8221855163574,35.7809867858887
24060050,Pluviométrica,Convencional,Santander,Los Santos,6.7592,-73.0928,1460,11/15/1973,,Andes,Magdalena Cauca,Sogamoso,Río Sogamoso,2.7309091091156,3.4872727394104,4,4,0.601449251174927,0.829710125923157,1,1,1.04999995231628,2011,06,32,0,0,0,0,13.5630111694336,2011-06-01,3.67697429656982,8.01108646392822,3.82787942886353
24060050,Pluviométrica,Convencional,Santander,Los Santos,6.7592,-73.0928,1460,11/15/1973,,Andes,Magdalena Cauca,Sogamoso,Río Sogamoso,2.7309091091156,3.4872727394104,4,4,0.601449251174927,0.829710125923157,1,1,1.04999995231628,2011,06,33,33.6,33.6,35.2799983978272,0,15.9175615310669,2011-06-01,7.91151142120361,11.4318037033081,8.23642921447754
24060050,Pluviométrica,Convencional,Santander,Los Santos,6.7592,-73.0928,1460,11/15/1973,,Andes,Magdalena Cauca,Sogamoso,Río Sogamoso,2.7309091091156,3.4872727394104,4,4,0.601449251174927,0.829710125923157,1,1,1.04999995231628,2011,06,34,16,16,16.7999992370605,0,12.394585609436,2011-06-01,2.78309750556946,9.13644409179688,4.48405694961548
24060050,Pluviométrica,Convencional,Santander,Los Santos,6.7592,-73.0928,1460,11/15/1973,,Andes,Magdalena Cauca,Sogamoso,Río Sogamoso,2.7309091091156,3.4872727394104,4,4,0.601449251174927,0.829710125923157,1,1,1.04999995231628,2011,06,35,5.4,5.4,5.66999974250794,0,17.2176036834717,2011-06-01,11.262583732605,15.096962928772,13.7288875579834
24060050,Pluviométrica,Convencional,Santander,Los Santos,6.7592,-73.0928,1460,11/15/1973,,Andes,Magdalena Cauca,Sogamoso,Río Sogamoso,2.7309091091156,3.4872727394104,4,4,0.601449251174927,0.829710125923157,1,1,1.04999995231628,2011,06,36,5.7,5.7,5.98499972820282,0,20.2361488342285,2011-06-01,23.143611907959,14.6927623748779,17.7354526519775
24060050,Pluviométrica,Convencional,Santander,Los Santos,6.7592,-73.0928,1460,11/15/1973,,Andes,Magdalena Cauca,Sogamoso,Río Sogamoso,2.7309091091156,3.4872727394104,4,4,0.601449251174927,0.829710125923157,1,1,1.04999995231628,2011,07,37,7.9,7.9,8.29499962329865,0,21.0349216461182,2011-07-01,25.9407482147217,10.2957048416138,11.9475088119507
24060050,Pluviométrica,Convencional,Santander,Los Santos,6.7592,-73.0928,1460,11/15/1973,,Andes,Magdalena Cauca,Sogamoso,Río Sogamoso,2.7309091091156,3.4872727394104,4,4,0.601449251174927,0.829710125923157,1,1,1.04999995231628,2011,07,38,1.7,1.7,1.78499991893768,0,14.7217540740967,2011-07-01,10.6451864242554,7.78928422927856,6.97666358947754
24060050,Pluviométrica,Convencional,Santander,Los Santos,6.7592,-73.0928,1460,11/15/1973,,Andes,Magdalena Cauca,Sogamoso,Río Sogamoso,2.7309091091156,3.4872727394104,4,4,0.601449251174927,0.829710125923157,1,1,1.04999995231628,2011,07,39,10.1,10.1,10.6049995183945,0,27.7049579620361,2011-07-01,43.0884666442871,22.8086738586426,29.6469783782959
24060050,Pluviométrica,Convencional,Santander,Los Santos,6.7592,-73.0928,1460,11/15/1973,,Andes,Magdalena Cauca,Sogamoso,Río Sogamoso,2.7309091091156,3.4872727394104,4,4,0.601449251174927,0.829710125923157,1,1,1.04999995231628,2011,07,40,0,0,0,0,12.5752754211426,2011-07-01,8.24759006500244,7.43696403503418,8.86985969543457
24060050,Pluviométrica,Convencional,Santander,Los Santos,6.7592,-73.0928,1460,11/15/1973,,Andes,Magdalena Cauca,Sogamoso,Río Sogamoso,2.7309091091156,3.4872727394104,4,4,0.601449251174927,0.829710125923157,1,1,1.04999995231628,2011,07,41,0,0,0,0,12.8229207992554,2011-07-01,5.24014234542847,5.70623207092285,3.3623206615448
24060050,Pluviométrica,Convencional,Santander,Los Santos,6.7592,-73.0928,1460,11/15/1973,,Andes,Magdalena Cauca,Sogamoso,Río Sogamoso,2.7309091091156,3.4872727394104,4,4,0.601449251174927,0.829710125923157,1,1,1.04999995231628,2011,07,42,1.4,1.4,1.4699999332428,0,26.5881290435791,2011-07-01,27.3509426116943,12.4606266021729,13.6139297485352
24060050,Pluviométrica,Convencional,Santander,Los Santos,6.7592,-73.0928,1460,11/15/1973,,Andes,Magdalena Cauca,Sogamoso,Río Sogamoso,2.7309091091156,3.4872727394104,4,4,0.601449251174927,0.829710125923157,1,1,1.04999995231628,2011,08,43,40.9,40.9,42.944998049736,0,15.7974519729614,2011-08-01,3.60798978805542,15.7554693222046,6.32840585708618
24060050,Pluviométrica,Convencional,Santander,Los Santos,6.7592,-73.0928,1460,11/15/1973,,Andes,Magdalena Cauca,Sogamoso,Río Sogamoso,2.7309091091156,3.4872727394104,4,4,0.601449251174927,0.829710125923157,1,1,1.04999995231628,2011,08,44,4.5,4.5,4.72499978542328,0,19.0370597839355,2011-08-01,5.17187595367432,9.3541431427002,5.27958965301514
24060050,Pluviométrica,Convencional,Santander,Los Santos,6.7592,-73.0928,1460,11/15/1973,,Andes,Magdalena Cauca,Sogamoso,Río Sogamoso,2.7309091091156,3.4872727394104,4,4,0.601449251174927,0.829710125923157,1,1,1.04999995231628,2011,08,45,12.5,12.5,13.1249994039536,0,25.719274520874,2011-08-01,13.4060688018799,19.0181732177734,13.9746513366699
24060050,Pluviométrica,Convencional,Santander,Los Santos,6.7592,-73.0928,1460,11/15/1973,,Andes,Magdalena Cauca,Sogamoso,Río Sogamoso,2.7309091091156,3.4872727394104,4,4,0.601449251174927,0.829710125923157,1,1,1.04999995231628,2011,08,46,10,10,10.4999995231628,0,30.9461555480957,2011-08-01,25.4161071777344,28.1656513214111,24.785530090332
24060050,Pluviométrica,Convencional,Santander,Los Santos,6.7592,-73.0928,1460,11/15/1973,,Andes,Magdalena Cauca,Sogamoso,Río Sogamoso,2.7309091091156,3.4872727394104,4,4,0.601449251174927,0.829710125923157,1,1,1.04999995231628,2011,08,47,20.5,20.5,21.5249990224838,0,25.1260108947754,2011-08-01,14.6022500991821,28.2649021148682,25.1991214752197
24060050,Pluviométrica,Convencional,Santander,Los Santos,6.7592,-73.0928,1460,11/15/1973,,Andes,Magdalena Cauca,Sogamoso,Río Sogamoso,2.7309091091156,3.4872727394104,4,4,0.601449251174927,0.829710125923157,1,1,1.04999995231628,2011,08,48,12.8,12.8,13.4399993896484,0,29.0013580322266,2011-08-01,16.8829402923584,20.4647693634033,15.2434434890747
24060050,Pluviométrica,Convencional,Santander,Los Santos,6.7592,-73.0928,1460,11/15/1973,,Andes,Magdalena Cauca,Sogamoso,Río Sogamoso,2.7309091091156,3.4872727394104,4,4,0.601449251174927,0.829710125923157,1,1,1.04999995231628,2011,09,49,4.6,4.6,4.82999978065491,0,8.84397029876709,2011-09-01,1.16300964355469,7.99327659606934,2.53328371047974
24060050,Pluviométrica,Convencional,Santander,Los Santos,6.7592,-73.0928,1460,11/15/1973,,Andes,Magdalena Cauca,Sogamoso,Río Sogamoso,2.7309091091156,3.4872727394104,4,4,0.601449251174927,0.829710125923157,1,1,1.04999995231628,2011,09,50,39.5,39.5,41.4749981164932,0,19.1871376037598,2011-09-01,18.859224319458,37.4884910583496,36.9822196960449
24060050,Pluviométrica,Convencional,Santander,Los Santos,6.7592,-73.0928,1460,11/15/1973,,Andes,Magdalena Cauca,Sogamoso,Río Sogamoso,2.7309091091156,3.4872727394104,4,4,0.601449251174927,0.829710125923157,1,1,1.04999995231628,2011,09,51,7.7,7.7,8.08499963283539,0,20.597749710083,2011-09-01,18.8429946899414,13.0677490234375,12.911413192749
24060050,Pluviométrica,Convencional,Santander,Los Santos,6.7592,-73.0928,1460,11/15/1973,,Andes,Magdalena Cauca,Sogamoso,Río Sogamoso,2.7309091091156,3.4872727394104,4,4,0.601449251174927,0.829710125923157,1,1,1.04999995231628,2011,09,52,3.4,3.4,3.56999983787537,0,25.6564254760742,2011-09-01,28.9200096130371,20.5459041595459,20.5660629272461
24060050,Pluviométrica,Convencional,Santander,Los Santos,6.7592,-73.0928,1460,11/15/1973,,Andes,Magdalena Cauca,Sogamoso,Río Sogamoso,2.7309091091156,3.4872727394104,4,4,0.601449251174927,0.829710125923157,1,1,1.04999995231628,2011,09,53,0,0,0,0,21.3721351623535,2011-09-01,20.6336555480957,13.531379699707,13.9733991622925
24060050,Pluviométrica,Convencional,Santander,Los Santos,6.7592,-73.0928,1460,11/15/1973,,Andes,Magdalena Cauca,Sogamoso,Río Sogamoso,2.7309091091156,3.4872727394104,4,4,0.601449251174927,0.829710125923157,1,1,1.04999995231628,2011,09,54,0,0,0,0,22.6740741729736,2011-09-01,21.5515251159668,9.66498947143555,8.93255996704102
24060050,Pluviométrica,Convencional,Santander,Los Santos,6.7592,-73.0928,1460,11/15/1973,,Andes,Magdalena Cauca,Sogamoso,Río Sogamoso,2.7309091091156,3.4872727394104,4,4,0.601449251174927,0.829710125923157,1,1,1.03999996185303,2011,10,55,8.7,8.7,9.04799966812134,0,26.3899269104004,2011-10-01,13.7848405838013,12.0839920043945,7.88900995254517
24060050,Pluviométrica,Convencional,Santander,Los Santos,6.7592,-73.0928,1460,11/15/1973,,Andes,Magdalena Cauca,Sogamoso,Río Sogamoso,2.7309091091156,3.4872727394104,4,4,0.601449251174927,0.829710125923157,1,1,1.03999996185303,2011,10,56,30,30,31.1999988555908,0,56.3046722412109,2011-10-01,53.8364791870117,49.5770301818848,44.622200012207
24060050,Pluviométrica,Convencional,Santander,Los Santos,6.7592,-73.0928,1460,11/15/1973,,Andes,Magdalena Cauca,Sogamoso,Río Sogamoso,2.7309091091156,3.4872727394104,4,4,0.601449251174927,0.829710125923157,1,1,1.03999996185303,2011,10,57,9.5,9.5,9.87999963760376,0,35.449592590332,2011-10-01,27.6963768005371,50.4626693725586,43.6189575195313
24060050,Pluviométrica,Convencional,Santander,Los Santos,6.7592,-73.0928,1460,11/15/1973,,Andes,Magdalena Cauca,Sogamoso,Río Sogamoso,2.7309091091156,3.4872727394104,4,4,0.601449251174927,0.829710125923157,1,1,1.03999996185303,2011,10,58,8.5,8.5,8.83999967575073,0,35.3844261169434,2011-10-01,31.0380477905273,39.4863014221191,33.0938758850098
24060050,Pluviométrica,Convencional,Santander,Los Santos,6.7592,-73.0928,1460,11/15/1973,,Andes,Magdalena Cauca,Sogamoso,Río Sogamoso,2.7309091091156,3.4872727394104,4,4,0.601449251174927,0.829710125923157,1,1,1.03999996185303,2011,10,59,0,0,0,0,19.1341495513916,2011-10-01,5.71923828125,10.6599721908569,4.99074220657349
24060050,Pluviométrica,Convencional,Santander,Los Santos,6.7592,-73.0928,1460,11/15/1973,,Andes,Magdalena Cauca,Sogamoso,Río Sogamoso,2.7309091091156,3.4872727394104,4,4,0.601449251174927,0.829710125923157,1,1,1.03999996185303,2011,10,60,12,12,12.4799995422363,0,62.5798301696777,2011-10-01,56.0417900085449,42.3918685913086,35.0917816162109
24060050,Pluviométrica,Convencional,Santander,Los Santos,6.7592,-73.0928,1460,11/15/1973,,Andes,Magdalena Cauca,Sogamoso,Río Sogamoso,2.7309091091156,3.4872727394104,4,4,0.601449251174927,0.829710125923157,1,1,1.03999996185303,2011,11,61,0,0,0,0,24.686861038208,2011-11-01,17.4921360015869,9.78374576568604,7.65420818328857
24060050,Pluviométrica,Convencional,Santander,Los Santos,6.7592,-73.0928,1460,11/15/1973,,Andes,Magdalena Cauca,Sogamoso,Río Sogamoso,2.7309091091156,3.4872727394104,4,4,0.601449251174927,0.829710125923157,1,1,1.03999996185303,2011,11,62,0,0,0,0,29.8910484313965,2011-11-01,22.4786014556885,17.9878559112549,15.7803354263306
24060050,Pluviométrica,Convencional,Santander,Los Santos,6.7592,-73.0928,1460,11/15/1973,,Andes,Magdalena Cauca,Sogamoso,Río Sogamoso,2.7309091091156,3.4872727394104,4,4,0.601449251174927,0.829710125923157,1,1,1.03999996185303,2011,11,63,0,0,0,0,14.2853879928589,2011-11-01,3.86123991012573,15.3468770980835,5.24448776245117
24060050,Pluviométrica,Convencional,Santander,Los Santos,6.7592,-73.0928,1460,11/15/1973,,Andes,Magdalena Cauca,Sogamoso,Río Sogamoso,2.7309091091156,3.4872727394104,4,4,0.601449251174927,0.829710125923157,1,1,1.03999996185303,2011,11,64,80,80,83.1999969482422,0,27.8481616973877,2011-11-01,19.7216644287109,46.7584953308106,45.5351676940918
24060050,Pluviométrica,Convencional,Santander,Los Santos,6.7592,-73.0928,1460,11/15/1973,,Andes,Magdalena Cauca,Sogamoso,Río Sogamoso,2.7309091091156,3.4872727394104,4,4,0.601449251174927,0.829710125923157,1,1,1.03999996185303,2011,11,65,22.3,22.3,23.1919991493225,0,24.6092014312744,2011-11-01,15.982424736023,22.7005424499512,20.5433368682861
24060050,Pluviométrica,Convencional,Santander,Los Santos,6.7592,-73.0928,1460,11/15/1973,,Andes,Magdalena Cauca,Sogamoso,Río Sogamoso,2.7309091091156,3.4872727394104,4,4,0.601449251174927,0.829710125923157,1,1,1.03999996185303,2011,11,66,6.4,6.4,6.65599975585938,0,32.0360488891602,2011-11-01,24.323148727417,28.1376762390137,25.9989337921143
24060050,Pluviométrica,Convencional,Santander,Los Santos,6.7592,-73.0928,1460,11/15/1973,,Andes,Magdalena Cauca,Sogamoso,Río Sogamoso,2.7309091091156,3.4872727394104,4,4,0.601449251174927,0.829710125923157,1,1,1.05999994277954,2011,12,67,0,0,0,0,12.3944664001465,2011-12-01,10.3420724868774,19.6319065093994,17.4911880493164
24060050,Pluviométrica,Convencional,Santander,Los Santos,6.7592,-73.0928,1460,11/15/1973,,Andes,Magdalena Cauca,Sogamoso,Río Sogamoso,2.7309091091156,3.4872727394104,4,4,0.601449251174927,0.829710125923157,1,1,1.05999994277954,2011,12,68,9.3,9.3,9.85799946784973,0,9.26134967803955,2011-12-01,9.03853702545166,13.7826356887817,16.9202938079834
24060050,Pluviométrica,Convencional,Santander,Los Santos,6.7592,-73.0928,1460,11/15/1973,,Andes,Magdalena Cauca,Sogamoso,Río Sogamoso,2.7309091091156,3.4872727394104,4,4,0.601449251174927,0.829710125923157,1,1,1.05999994277954,2011,12,69,19.2,19.2,20.3519989013672,0,19.9666786193848,2011-12-01,21.394136428833,23.843957901001,20.7774829864502
24060050,Pluviométrica,Convencional,Santander,Los Santos,6.7592,-73.0928,1460,11/15/1973,,Andes,Magdalena Cauca,Sogamoso,Río Sogamoso,2.7309091091156,3.4872727394104,4,4,0.601449251174927,0.829710125923157,1,1,1.05999994277954,2011,12,70,0,0,0,0,8.58852100372315,2011-12-01,4.66335105895996,5.20016193389893,3.74409675598145
24060050,Pluviométrica,Convencional,Santander,Los Santos,6.7592,-73.0928,1460,11/15/1973,,Andes,Magdalena Cauca,Sogamoso,Río Sogamoso,2.7309091091156,3.4872727394104,4,4,0.601449251174927,0.829710125923157,1,1,1.05999994277954,2011,12,71,0,0,0,0,5.04691171646118,2011-12-01,0,2.51227188110352,0
24060050,Pluviométrica,Convencional,Santander,Los Santos,6.7592,-73.0928,1460,11/15/1973,,Andes,Magdalena Cauca,Sogamoso,Río Sogamoso,2.7309091091156,3.4872727394104,4,4,0.601449251174927,0.829710125923157,1,1,1.05999994277954,2011,12,72,0,0,0,0,11.8003311157227,2011-12-01,5.4243540763855,4.7939887046814,2.89732336997986
24060050,Pluviométrica,Convencional,Santander,Los Santos,6.7592,-73.0928,1460,11/15/1973,,Andes,Magdalena Cauca,Sogamoso,Río Sogamoso,2.7309091091156,3.4872727394104,4,4,0.601449251174927,0.829710125923157,1,1,1.07000005245209,2012,01,1,0,0,0,0,12.8833675384521,2012-01-01,5.97897529602051,14.5938110351563,8.81240081787109
24060050,Pluviométrica,Convencional,Santander,Los Santos,6.7592,-73.0928,1460,11/15/1973,,Andes,Magdalena Cauca,Sogamoso,Río Sogamoso,2.7309091091156,3.4872727394104,4,4,0.601449251174927,0.829710125923157,1,1,1.07000005245209,2012,01,2,0,0,0,0,4.35984802246094,2012-01-01,0,2.72128081321716,0
24060050,Pluviométrica,Convencional,Santander,Los Santos,6.7592,-73.0928,1460,11/15/1973,,Andes,Magdalena Cauca,Sogamoso,Río Sogamoso,2.7309091091156,3.4872727394104,4,4,0.601449251174927,0.829710125923157,1,1,1.07000005245209,2012,01,3,0,0,0,0,9.82203006744385,2012-01-01,5.10778713226318,7.3003830909729,5.3284912109375
24060050,Pluviométrica,Convencional,Santander,Los Santos,6.7592,-73.0928,1460,11/15/1973,,Andes,Magdalena Cauca,Sogamoso,Río Sogamoso,2.7309091091156,3.4872727394104,4,4,0.601449251174927,0.829710125923157,1,1,1.07000005245209,2012,01,4,0,0,0,0,3.98411822319031,2012-01-01,0,6.38296318054199,0
24060050,Pluviométrica,Convencional,Santander,Los Santos,6.7592,-73.0928,1460,11/15/1973,,Andes,Magdalena Cauca,Sogamoso,Río Sogamoso,2.7309091091156,3.4872727394104,4,4,0.601449251174927,0.829710125923157,1,1,1.07000005245209,2012,01,5,0,0,0,0,3.49986529350281,2012-01-01,0,3.63645052909851,0
24060050,Pluviométrica,Convencional,Santander,Los Santos,6.7592,-73.0928,1460,11/15/1973,,Andes,Magdalena Cauca,Sogamoso,Río Sogamoso,2.7309091091156,3.4872727394104,4,4,0.601449251174927,0.829710125923157,1,1,1.07000005245209,2012,01,6,0,0,0,0,9.11993312835693,2012-01-01,4.4340934753418,10.4878530502319,10.0471620559692
24060050,Pluviométrica,Convencional,Santander,Los Santos,6.7592,-73.0928,1460,11/15/1973,,Andes,Magdalena Cauca,Sogamoso,Río Sogamoso,2.7309091091156,3.4872727394104,4,4,0.601449251174927,0.829710125923157,1,1,1.05999994277954,2012,02,7,0,0,0,0,5.25351762771606,2012-02-01,1.53625452518463,2.9960572719574,1.86510503292084
24060050,Pluviométrica,Convencional,Santander,Los Santos,6.7592,-73.0928,1460,11/15/1973,,Andes,Magdalena Cauca,Sogamoso,Río Sogamoso,2.7309091091156,3.4872727394104,4,4,0.601449251174927,0.829710125923157,1,1,1.05999994277954,2012,02,8,0,0,0,0,17.9300441741943,2012-02-01,26.8267765045166,8.79752540588379,13.4519834518433
24060050,Pluviométrica,Convencional,Santander,Los Santos,6.7592,-73.0928,1460,11/15/1973,,Andes,Magdalena Cauca,Sogamoso,Río Sogamoso,2.7309091091156,3.4872727394104,4,4,0.601449251174927,0.829710125923157,1,1,1.05999994277954,2012,02,9,0,0,0,0,4.23109769821167,2012-02-01,1.0911922454834,3.01245069503784,2.53522968292236
24060050,Pluviométrica,Convencional,Santander,Los Santos,6.7592,-73.0928,1460,11/15/1973,,Andes,Magdalena Cauca,Sogamoso,Río Sogamoso,2.7309091091156,3.4872727394104,4,4,0.601449251174927,0.829710125923157,1,1,1.05999994277954,2012,02,10,0,0,0,0,4.42083263397217,2012-02-01,1.19419276714325,3.65468287467957,4.18140840530396
24060050,Pluviométrica,Convencional,Santander,Los Santos,6.7592,-73.0928,1460,11/15/1973,,Andes,Magdalena Cauca,Sogamoso,Río Sogamoso,2.7309091091156,3.4872727394104,4,4,0.601449251174927,0.829710125923157,1,1,1.05999994277954,2012,02,11,17,17,18.0199990272522,0,4.72632598876953,2012-02-01,0.215412616729736,5.71587085723877,0.706394076347351
24060050,Pluviométrica,Convencional,Santander,Los Santos,6.7592,-73.0928,1460,11/15/1973,,Andes,Magdalena Cauca,Sogamoso,Río Sogamoso,2.7309091091156,3.4872727394104,4,4,0.601449251174927,0.829710125923157,1,1,1.05999994277954,2012,02,12,4.6,4.6,4.87599973678589,0,3.14858078956604,2012-02-01,0,3.3409731388092,0
24060050,Pluviométrica,Convencional,Santander,Los Santos,6.7592,-73.0928,1460,11/15/1973,,Andes,Magdalena Cauca,Sogamoso,Río Sogamoso,2.7309091091156,3.4872727394104,4,4,0.601449251174927,0.829710125923157,1,1,1.05999994277954,2012,03,13,8.5,8.5,9.0099995136261,0,32.0210762023926,2012-03-01,48.1637649536133,30.8052368164063,31.6491851806641
24060050,Pluviométrica,Convencional,Santander,Los Santos,6.7592,-73.0928,1460,11/15/1973,,Andes,Magdalena Cauca,Sogamoso,Río Sogamoso,2.7309091091156,3.4872727394104,4,4,0.601449251174927,0.829710125923157,1,1,1.05999994277954,2012,03,14,19,19,20.1399989128113,0,29.2902927398682,2012-03-01,37.0216484069824,22.8003635406494,22.7455081939697
24060050,Pluviométrica,Convencional,Santander,Los Santos,6.7592,-73.0928,1460,11/15/1973,,Andes,Magdalena Cauca,Sogamoso,Río Sogamoso,2.7309091091156,3.4872727394104,4,4,0.601449251174927,0.829710125923157,1,1,1.05999994277954,2012,03,15,33.2,33.2,35.1919981002808,0,25.3082389831543,2012-03-01,23.6640720367432,43.7714805603027,38.363224029541
24060050,Pluviométrica,Convencional,Santander,Los Santos,6.7592,-73.0928,1460,11/15/1973,,Andes,Magdalena Cauca,Sogamoso,Río Sogamoso,2.7309091091156,3.4872727394104,4,4,0.601449251174927,0.829710125923157,1,1,1.05999994277954,2012,03,16,0,0,0,0,34.6353988647461,2012-03-01,41.3618659973145,24.1800937652588,22.445858001709
24060050,Pluviométrica,Convencional,Santander,Los Santos,6.7592,-73.0928,1460,11/15/1973,,Andes,Magdalena Cauca,Sogamoso,Río Sogamoso,2.7309091091156,3.4872727394104,4,4,0.601449251174927,0.829710125923157,1,1,1.05999994277954,2012,03,17,8.2,8.2,8.69199953079224,0,31.6166381835938,2012-03-01,36.3881225585938,36.9515151977539,35.884693145752
24060050,Pluviométrica,Convencional,Santander,Los Santos,6.7592,-73.0928,1460,11/15/1973,,Andes,Magdalena Cauca,Sogamoso,Río Sogamoso,2.7309091091156,3.4872727394104,4,4,0.601449251174927,0.829710125923157,1,1,1.05999994277954,2012,03,18,8.3,8.3,8.79799952507019,0,25.8025360107422,2012-03-01,17.9416580200195,19.8274688720703,14.5150394439697
24060050,Pluviométrica,Convencional,Santander,Los Santos,6.7592,-73.0928,1460,11/15/1973,,Andes,Magdalena Cauca,Sogamoso,Río Sogamoso,2.7309091091156,3.4872727394104,4,4,0.601449251174927,0.829710125923157,1,1,1.04999995231628,2012,04,19,10.3,10.3,10.8149995088577,0,45.6700859069824,2012-04-01,46.5668334960938,31.2272205352783,30.3485336303711
24060050,Pluviométrica,Convencional,Santander,Los Santos,6.7592,-73.0928,1460,11/15/1973,,Andes,Magdalena Cauca,Sogamoso,Río Sogamoso,2.7309091091156,3.4872727394104,4,4,0.601449251174927,0.829710125923157,1,1,1.04999995231628,2012,04,20,27.3,27.3,28.6649986982346,0,24.7011890411377,2012-04-01,16.7439861297607,35.0558738708496,28.0028820037842
24060050,Pluviométrica,Convencional,Santander,Los Santos,6.7592,-73.0928,1460,11/15/1973,,Andes,Magdalena Cauca,Sogamoso,Río Sogamoso,2.7309091091156,3.4872727394104,4,4,0.601449251174927,0.829710125923157,1,1,1.04999995231628,2012,04,21,0,0,0,0,24.4872264862061,2012-04-01,17.6783485412598,29.6023616790772,28.8715782165527
24060050,Pluviométrica,Convencional,Santander,Los Santos,6.7592,-73.0928,1460,11/15/1973,,Andes,Magdalena Cauca,Sogamoso,Río Sogamoso,2.7309091091156,3.4872727394104,4,4,0.601449251174927,0.829710125923157,1,1,1.04999995231628,2012,04,22,25.7,25.7,26.9849987745285,0,26.6315155029297,2012-04-01,24.1158485412598,31.49680519104,30.5985927581787
24060050,Pluviométrica,Convencional,Santander,Los Santos,6.7592,-73.0928,1460,11/15/1973,,Andes,Magdalena Cauca,Sogamoso,Río Sogamoso,2.7309091091156,3.4872727394104,4,4,0.601449251174927,0.829710125923157,1,1,1.04999995231628,2012,04,23,73.8,73.8,77.4899964809418,0,22.3271160125732,2012-04-01,17.5179328918457,30.962329864502,27.25022315979
24060050,Pluviométrica,Convencional,Santander,Los Santos,6.7592,-73.0928,1460,11/15/1973,,Andes,Magdalena Cauca,Sogamoso,Río Sogamoso,2.7309091091156,3.4872727394104,4,4,0.601449251174927,0.829710125923157,1,1,1.04999995231628,2012,04,24,0,0,0,0,14.1927843093872,2012-04-01,6.17500829696655,12.2940807342529,7.2134108543396
24060050,Pluviométrica,Convencional,Santander,Los Santos,6.7592,-73.0928,1460,11/15/1973,,Andes,Magdalena Cauca,Sogamoso,Río Sogamoso,2.7309091091156,3.4872727394104,4,4,0.601449251174927,0.829710125923157,1,1,1.03999996185303,2012,05,25,0,0,0,0,38.6484680175781,2012-05-01,33.1269340515137,31.9666118621826,26.4525947570801
24060050,Pluviométrica,Convencional,Santander,Los Santos,6.7592,-73.0928,1460,11/15/1973,,Andes,Magdalena Cauca,Sogamoso,Río Sogamoso,2.7309091091156,3.4872727394104,4,4,0.601449251174927,0.829710125923157,1,1,1.03999996185303,2012,05,26,0,0,0,0,23.398567199707,2012-05-01,12.7146816253662,18.6892471313477,12.7629585266113
24060050,Pluviométrica,Convencional,Santander,Los Santos,6.7592,-73.0928,1460,11/15/1973,,Andes,Magdalena Cauca,Sogamoso,Río Sogamoso,2.7309091091156,3.4872727394104,4,4,0.601449251174927,0.829710125923157,1,1,1.03999996185303,2012,05,27,0,0,0,0,36.1172485351563,2012-05-01,29.761604309082,23.9816761016846,20.5201091766357
24060050,Pluviométrica,Convencional,Santander,Los Santos,6.7592,-73.0928,1460,11/15/1973,,Andes,Magdalena Cauca,Sogamoso,Río Sogamoso,2.7309091091156,3.4872727394104,4,4,0.601449251174927,0.829710125923157,1,1,1.03999996185303,2012,05,28,0,0,0,0,22.8774490356445,2012-05-01,11.9462738037109,11.4782400131226,7.90358591079712
24060050,Pluviométrica,Convencional,Santander,Los Santos,6.7592,-73.0928,1460,11/15/1973,,Andes,Magdalena Cauca,Sogamoso,Río Sogamoso,2.7309091091156,3.4872727394104,4,4,0.601449251174927,0.829710125923157,1,1,1.03999996185303,2012,05,29,6.3,6.3,6.55199975967407,0,24.5187511444092,2012-05-01,14.1946744918823,22.6421794891357,17.1076908111572
24060050,Pluviométrica,Convencional,Santander,Los Santos,6.7592,-73.0928,1460,11/15/1973,,Andes,Magdalena Cauca,Sogamoso,Río Sogamoso,2.7309091091156,3.4872727394104,4,4,0.601449251174927,0.829710125923157,1,1,1.03999996185303,2012,05,30,8.1,8.1,8.42399969100952,0,33.209156036377,2012-05-01,18.4167232513428,22.1378726959229,17.670690536499
24060050,Pluviométrica,Convencional,Santander,Los Santos,6.7592,-73.0928,1460,11/15/1973,,Andes,Magdalena Cauca,Sogamoso,Río Sogamoso,2.7309091091156,3.4872727394104,4,4,0.601449251174927,0.829710125923157,1,1,1.04999995231628,2012,06,31,0,0,0,0,17.230339050293,2012-06-01,9.5414457321167,11.598180770874,11.1731157302856
24060050,Pluviométrica,Convencional,Santander,Los Santos,6.7592,-73.0928,1460,11/15/1973,,Andes,Magdalena Cauca,Sogamoso,Río Sogamoso,2.7309091091156,3.4872727394104,4,4,0.601449251174927,0.829710125923157,1,1,1.04999995231628,2012,06,32,7.4,7.4,7.7699996471405,0,11.6666269302368,2012-06-01,0,6.51422739028931,0
24060050,Pluviométrica,Convencional,Santander,Los Santos,6.7592,-73.0928,1460,11/15/1973,,Andes,Magdalena Cauca,Sogamoso,Río Sogamoso,2.7309091091156,3.4872727394104,4,4,0.601449251174927,0.829710125923157,1,1,1.04999995231628,2012,06,33,22.5,22.5,23.6249989271164,0,20.8727188110352,2012-06-01,16.4742870330811,24.3996028900147,28.0713806152344
24060050,Pluviométrica,Convencional,Santander,Los Santos,6.7592,-73.0928,1460,11/15/1973,,Andes,Magdalena Cauca,Sogamoso,Río Sogamoso,2.7309091091156,3.4872727394104,4,4,0.601449251174927,0.829710125923157,1,1,1.04999995231628,2012,06,34,0,0,0,0,20.5709838867188,2012-06-01,17.9099140167236,16.225622177124,16.7806873321533
24060050,Pluviométrica,Convencional,Santander,Los Santos,6.7592,-73.0928,1460,11/15/1973,,Andes,Magdalena Cauca,Sogamoso,Río Sogamoso,2.7309091091156,3.4872727394104,4,4,0.601449251174927,0.829710125923157,1,1,1.04999995231628,2012,06,35,2.3,2.3,2.41499989032745,0,18.7914199829102,2012-06-01,14.6159086227417,9.13395690917969,8.87617111206055
24060050,Pluviométrica,Convencional,Santander,Los Santos,6.7592,-73.0928,1460,11/15/1973,,Andes,Magdalena Cauca,Sogamoso,Río Sogamoso,2.7309091091156,3.4872727394104,4,4,0.601449251174927,0.829710125923157,1,1,1.04999995231628,2012,06,36,6.2,6.2,6.50999970436096,0,12.025993347168,2012-06-01,1.39119493961334,11.3263826370239,3.0481538772583
24060050,Pluviométrica,Convencional,Santander,Los Santos,6.7592,-73.0928,1460,11/15/1973,,Andes,Magdalena Cauca,Sogamoso,Río Sogamoso,2.7309091091156,3.4872727394104,4,4,0.601449251174927,0.829710125923157,1,1,1.04999995231628,2012,07,37,1.5,1.5,1.57499992847443,0,16.0355911254883,2012-07-01,16.6035804748535,5.68881893157959,6.58640956878662
24060050,Pluviométrica,Convencional,Santander,Los Santos,6.7592,-73.0928,1460,11/15/1973,,Andes,Magdalena Cauca,Sogamoso,Río Sogamoso,2.7309091091156,3.4872727394104,4,4,0.601449251174927,0.829710125923157,1,1,1.04999995231628,2012,07,38,0,0,0,0,12.2329111099243,2012-07-01,4.94359350204468,4.32635974884033,2.31510615348816
24060050,Pluviométrica,Convencional,Santander,Los Santos,6.7592,-73.0928,1460,11/15/1973,,Andes,Magdalena Cauca,Sogamoso,Río Sogamoso,2.7309091091156,3.4872727394104,4,4,0.601449251174927,0.829710125923157,1,1,1.04999995231628,2012,07,39,6.4,6.4,6.71999969482422,0,13.1649618148804,2012-07-01,7.14975023269653,14.3211622238159,10.9375343322754
24060050,Pluviométrica,Convencional,Santander,Los Santos,6.7592,-73.0928,1460,11/15/1973,,Andes,Magdalena Cauca,Sogamoso,Río Sogamoso,2.7309091091156,3.4872727394104,4,4,0.601449251174927,0.829710125923157,1,1,1.04999995231628,2012,07,40,42.3,42.3,44.4149979829788,0,24.0885276794434,2012-07-01,31.9518852233887,24.2298736572266,27.974853515625
24060050,Pluviométrica,Convencional,Santander,Los Santos,6.7592,-73.0928,1460,11/15/1973,,Andes,Magdalena Cauca,Sogamoso,Río Sogamoso,2.7309091091156,3.4872727394104,4,4,0.601449251174927,0.829710125923157,1,1,1.04999995231628,2012,07,41,6,6,6.29999971389771,0,12.8229207992554,2012-07-01,8.51703071594238,7.55492973327637,8.20702362060547
24060050,Pluviométrica,Convencional,Santander,Los Santos,6.7592,-73.0928,1460,11/15/1973,,Andes,Magdalena Cauca,Sogamoso,Río Sogamoso,2.7309091091156,3.4872727394104,4,4,0.601449251174927,0.829710125923157,1,1,1.04999995231628,2012,07,42,18.4,18.4,19.3199991226196,0,23.0414924621582,2012-07-01,17.4008808135986,14.7180881500244,15.3354759216309
24060050,Pluviométrica,Convencional,Santander,Los Santos,6.7592,-73.0928,1460,11/15/1973,,Andes,Magdalena Cauca,Sogamoso,Río Sogamoso,2.7309091091156,3.4872727394104,4,4,0.601449251174927,0.829710125923157,1,1,1.04999995231628,2012,08,43,0,0,0,0,17.9780139923096,2012-08-01,4.68981599807739,14.7831010818481,7.97632312774658
24060050,Pluviométrica,Convencional,Santander,Los Santos,6.7592,-73.0928,1460,11/15/1973,,Andes,Magdalena Cauca,Sogamoso,Río Sogamoso,2.7309091091156,3.4872727394104,4,4,0.601449251174927,0.829710125923157,1,1,1.04999995231628,2012,08,44,8.3,8.3,8.71499960422516,0,17.5951995849609,2012-08-01,2.11848855018616,11.6356992721558,3.06248259544373
24060050,Pluviométrica,Convencional,Santander,Los Santos,6.7592,-73.0928,1460,11/15/1973,,Andes,Magdalena Cauca,Sogamoso,Río Sogamoso,2.7309091091156,3.4872727394104,4,4,0.601449251174927,0.829710125923157,1,1,1.04999995231628,2012,08,45,11.6,11.6,12.1799994468689,0,32.6970481872559,2012-08-01,23.9851989746094,22.1953029632568,18.7037601470947
24060050,Pluviométrica,Convencional,Santander,Los Santos,6.7592,-73.0928,1460,11/15/1973,,Andes,Magdalena Cauca,Sogamoso,Río Sogamoso,2.7309091091156,3.4872727394104,4,4,0.601449251174927,0.829710125923157,1,1,1.04999995231628,2012,08,46,0,0,0,0,27.2715606689453,2012-08-01,16.6802978515625,19.4541435241699,12.7259140014648
24060050,Pluviométrica,Convencional,Santander,Los Santos,6.7592,-73.0928,1460,11/15/1973,,Andes,Magdalena Cauca,Sogamoso,Río Sogamoso,2.7309091091156,3.4872727394104,4,4,0.601449251174927,0.829710125923157,1,1,1.04999995231628,2012,08,47,8.5,8.5,8.92499959468842,0,21.3260383605957,2012-08-01,10.7902402877808,28.4528846740723,22.0046119689941
24060050,Pluviométrica,Convencional,Santander,Los Santos,6.7592,-73.0928,1460,11/15/1973,,Andes,Magdalena Cauca,Sogamoso,Río Sogamoso,2.7309091091156,3.4872727394104,4,4,0.601449251174927,0.829710125923157,1,1,1.04999995231628,2012,08,48,36,36,37.7999982833862,0,24.5223808288574,2012-08-01,9.00207996368408,17.0376644134522,10.5315618515015
24060050,Pluviométrica,Convencional,Santander,Los Santos,6.7592,-73.0928,1460,11/15/1973,,Andes,Magdalena Cauca,Sogamoso,Río Sogamoso,2.7309091091156,3.4872727394104,4,4,0.601449251174927,0.829710125923157,1,1,1.04999995231628,2012,09,49,35,35,36.7499983310699,0,14.7554378509522,2012-09-01,8.44253444671631,13.7798175811768,9.96831130981445
24060050,Pluviométrica,Convencional,Santander,Los Santos,6.7592,-73.0928,1460,11/15/1973,,Andes,Magdalena Cauca,Sogamoso,Río Sogamoso,2.7309091091156,3.4872727394104,4,4,0.601449251174927,0.829710125923157,1,1,1.04999995231628,2012,09,50,13,13,13.6499993801117,0,27.6335144042969,2012-09-01,29.0876922607422,16.1295528411865,15.9222402572632
24060050,Pluviométrica,Convencional,Santander,Los Santos,6.7592,-73.0928,1460,11/15/1973,,Andes,Magdalena Cauca,Sogamoso,Río Sogamoso,2.7309091091156,3.4872727394104,4,4,0.601449251174927,0.829710125923157,1,1,1.04999995231628,2012,09,51,9.2,9.2,9.65999956130981,0,25.0645713806152,2012-09-01,22.662748336792,14.3065118789673,14.0814971923828
24060050,Pluviométrica,Convencional,Santander,Los Santos,6.7592,-73.0928,1460,11/15/1973,,Andes,Magdalena Cauca,Sogamoso,Río Sogamoso,2.7309091091156,3.4872727394104,4,4,0.601449251174927,0.829710125923157,1,1,1.04999995231628,2012,09,52,24.3,24.3,25.5149988412857,0,24.9628524780273,2012-09-01,22.3253746032715,20.3558731079102,19.2963905334473
24060050,Pluviométrica,Convencional,Santander,Los Santos,6.7592,-73.0928,1460,11/15/1973,,Andes,Magdalena Cauca,Sogamoso,Río Sogamoso,2.7309091091156,3.4872727394104,4,4,0.601449251174927,0.829710125923157,1,1,1.04999995231628,2012,09,53,12.2,12.2,12.8099994182587,0,48.5980415344238,2012-09-01,65.6877059936524,26.6939163208008,29.5950183868408
24060050,Pluviométrica,Convencional,Santander,Los Santos,6.7592,-73.0928,1460,11/15/1973,,Andes,Magdalena Cauca,Sogamoso,Río Sogamoso,2.7309091091156,3.4872727394104,4,4,0.601449251174927,0.829710125923157,1,1,1.04999995231628,2012,09,54,20.6,20.6,21.6299990177155,0,33.5903663635254,2012-09-01,38.5781707763672,28.2598628997803,29.5737438201904
24060050,Pluviométrica,Convencional,Santander,Los Santos,6.7592,-73.0928,1460,11/15/1973,,Andes,Magdalena Cauca,Sogamoso,Río Sogamoso,2.7309091091156,3.4872727394104,4,4,0.601449251174927,0.829710125923157,1,1,1.03999996185303,2012,10,55,37,37,38.479998588562,0,41.615119934082,2012-10-01,37.5212593078613,35.4096527099609,32.2110977172852
24060050,Pluviométrica,Convencional,Santander,Los Santos,6.7592,-73.0928,1460,11/15/1973,,Andes,Magdalena Cauca,Sogamoso,Río Sogamoso,2.7309091091156,3.4872727394104,4,4,0.601449251174927,0.829710125923157,1,1,1.03999996185303,2012,10,56,37.2,37.2,38.6879985809326,0,33.6084022521973,2012-10-01,21.771541595459,34.042911529541,24.2967700958252
24060050,Pluviométrica,Convencional,Santander,Los Santos,6.7592,-73.0928,1460,11/15/1973,,Andes,Magdalena Cauca,Sogamoso,Río Sogamoso,2.7309091091156,3.4872727394104,4,4,0.601449251174927,0.829710125923157,1,1,1.03999996185303,2012,10,57,0.5,0.5,0.519999980926514,0,27.0203914642334,2012-10-01,12.479474067688,26.5353050231934,18.2233295440674
24060050,Pluviométrica,Convencional,Santander,Los Santos,6.7592,-73.0928,1460,11/15/1973,,Andes,Magdalena Cauca,Sogamoso,Río Sogamoso,2.7309091091156,3.4872727394104,4,4,0.601449251174927,0.829710125923157,1,1,1.03999996185303,2012,10,58,33.2,33.2,34.5279987335205,0,45.5219764709473,2012-10-01,47.7730674743652,35.035041809082,31.6469192504883
24060050,Pluviométrica,Convencional,Santander,Los Santos,6.7592,-73.0928,1460,11/15/1973,,Andes,Magdalena Cauca,Sogamoso,Río Sogamoso,2.7309091091156,3.4872727394104,4,4,0.601449251174927,0.829710125923157,1,1,1.03999996185303,2012,10,59,31.3,31.3,32.5519988059998,0,36.1481742858887,2012-10-01,31.6981735229492,37.8687171936035,33.3536911010742
24060050,Pluviométrica,Convencional,Santander,Los Santos,6.7592,-73.0928,1460,11/15/1973,,Andes,Magdalena Cauca,Sogamoso,Río Sogamoso,2.7309091091156,3.4872727394104,4,4,0.601449251174927,0.829710125923157,1,1,1.03999996185303,2012,10,60,0,0,0,0,32.9232177734375,2012-10-01,13.2236452102661,25.5481204986572,17.6583690643311
24060050,Pluviométrica,Convencional,Santander,Los Santos,6.7592,-73.0928,1460,11/15/1973,,Andes,Magdalena Cauca,Sogamoso,Río Sogamoso,2.7309091091156,3.4872727394104,4,4,0.601449251174927,0.829710125923157,1,1,1.03999996185303,2012,11,61,0,0,0,0,24.8016452789307,2012-11-01,17.4921360015869,10.8647308349609,8.756103515625
24060050,Pluviométrica,Convencional,Santander,Los Santos,6.7592,-73.0928,1460,11/15/1973,,Andes,Magdalena Cauca,Sogamoso,Río Sogamoso,2.7309091091156,3.4872727394104,4,4,0.601449251174927,0.829710125923157,1,1,1.03999996185303,2012,11,62,0,0,0,0,11.2823495864868,2012-11-01,1.57368648052216,5.74946403503418,2.62541961669922
24060050,Pluviométrica,Convencional,Santander,Los Santos,6.7592,-73.0928,1460,11/15/1973,,Andes,Magdalena Cauca,Sogamoso,Río Sogamoso,2.7309091091156,3.4872727394104,4,4,0.601449251174927,0.829710125923157,1,1,1.03999996185303,2012,11,63,6.3,6.3,6.55199975967407,0,44.5002784729004,2012-11-01,36.6266860961914,17.4837551116943,19.1218681335449
24060050,Pluviométrica,Convencional,Santander,Los Santos,6.7592,-73.0928,1460,11/15/1973,,Andes,Magdalena Cauca,Sogamoso,Río Sogamoso,2.7309091091156,3.4872727394104,4,4,0.601449251174927,0.829710125923157,1,1,1.03999996185303,2012,11,64,7.3,7.3,7.5919997215271,0,34.7690467834473,2012-11-01,27.1660614013672,28.2279510498047,31.574577331543
24060050,Pluviométrica,Convencional,Santander,Los Santos,6.7592,-73.0928,1460,11/15/1973,,Andes,Magdalena Cauca,Sogamoso,Río Sogamoso,2.7309091091156,3.4872727394104,4,4,0.601449251174927,0.829710125923157,1,1,1.03999996185303,2012,11,65,0,0,0,0,12.0008459091187,2012-11-01,2.12016201019287,6.6248517036438,3.48058199882507
24060050,Pluviométrica,Convencional,Santander,Los Santos,6.7592,-73.0928,1460,11/15/1973,,Andes,Magdalena Cauca,Sogamoso,Río Sogamoso,2.7309091091156,3.4872727394104,4,4,0.601449251174927,0.829710125923157,1,1,1.03999996185303,2012,11,66,40.2,40.2,41.8079984664917,0,9.39933490753174,2012-11-01,0.458773493766785,12.6326026916504,1.99320793151855
24060050,Pluviométrica,Convencional,Santander,Los Santos,6.7592,-73.0928,1460,11/15/1973,,Andes,Magdalena Cauca,Sogamoso,Río Sogamoso,2.7309091091156,3.4872727394104,4,4,0.601449251174927,0.829710125923157,1,1,1.05999994277954,2012,12,67,8.5,8.5,9.0099995136261,0,4.780677318573,2012-12-01,0,5.42804622650147,0
24060050,Pluviométrica,Convencional,Santander,Los Santos,6.7592,-73.0928,1460,11/15/1973,,Andes,Magdalena Cauca,Sogamoso,Río Sogamoso,2.7309091091156,3.4872727394104,4,4,0.601449251174927,0.829710125923157,1,1,1.05999994277954,2012,12,68,0,0,0,0,4.40377998352051,2012-12-01,0.520382642745972,3.2033383846283,1.10845398902893
24060050,Pluviométrica,Convencional,Santander,Los Santos,6.7592,-73.0928,1460,11/15/1973,,Andes,Magdalena Cauca,Sogamoso,Río Sogamoso,2.7309091091156,3.4872727394104,4,4,0.601449251174927,0.829710125923157,1,1,1.05999994277954,2012,12,69,0,0,0,0,4.38740873336792,2012-12-01,0,2.93584513664246,0
24060050,Pluviométrica,Convencional,Santander,Los Santos,6.7592,-73.0928,1460,11/15/1973,,Andes,Magdalena Cauca,Sogamoso,Río Sogamoso,2.7309091091156,3.4872727394104,4,4,0.601449251174927,0.829710125923157,1,1,1.05999994277954,2012,12,70,0,0,0,0,4.83407163619995,2012-12-01,0,3.53486704826355,0
24060050,Pluviométrica,Convencional,Santander,Los Santos,6.7592,-73.0928,1460,11/15/1973,,Andes,Magdalena Cauca,Sogamoso,Río Sogamoso,2.7309091091156,3.4872727394104,4,4,0.601449251174927,0.829710125923157,1,1,1.05999994277954,2012,12,71,0,0,0,0,21.1714572906494,2012-12-01,25.5274753570557,9.83665943145752,16.3645687103272
24060050,Pluviométrica,Convencional,Santander,Los Santos,6.7592,-73.0928,1460,11/15/1973,,Andes,Magdalena Cauca,Sogamoso,Río Sogamoso,2.7309091091156,3.4872727394104,4,4,0.601449251174927,0.829710125923157,1,1,1.05999994277954,2012,12,72,0,0,0,0,9.78201675415039,2012-12-01,1.44298076629639,3.90114116668701,1.81536436080933
24060050,Pluviométrica,Convencional,Santander,Los Santos,6.7592,-73.0928,1460,11/15/1973,,Andes,Magdalena Cauca,Sogamoso,Río Sogamoso,2.7309091091156,3.4872727394104,4,4,0.601449251174927,0.829710125923157,1,1,1.07000005245209,2013,01,1,0,0,0,0,4.52473020553589,2013-01-01,0,2.19939517974854,0
24060050,Pluviométrica,Convencional,Santander,Los Santos,6.7592,-73.0928,1460,11/15/1973,,Andes,Magdalena Cauca,Sogamoso,Río Sogamoso,2.7309091091156,3.4872727394104,4,4,0.601449251174927,0.829710125923157,1,1,1.07000005245209,2013,01,2,0,0,0,0,4.61682510375977,2013-01-01,0,2.20417094230652,0
24060050,Pluviométrica,Convencional,Santander,Los Santos,6.7592,-73.0928,1460,11/15/1973,,Andes,Magdalena Cauca,Sogamoso,Río Sogamoso,2.7309091091156,3.4872727394104,4,4,0.601449251174927,0.829710125923157,1,1,1.07000005245209,2013,01,3,0,0,0,0,4.62817335128784,2013-01-01,0,2.18454504013062,0
24060050,Pluviométrica,Convencional,Santander,Los Santos,6.7592,-73.0928,1460,11/15/1973,,Andes,Magdalena Cauca,Sogamoso,Río Sogamoso,2.7309091091156,3.4872727394104,4,4,0.601449251174927,0.829710125923157,1,1,1.07000005245209,2013,01,4,0,0,0,0,4.52931594848633,2013-01-01,0,3.10122656822205,0
24060050,Pluviométrica,Convencional,Santander,Los Santos,6.7592,-73.0928,1460,11/15/1973,,Andes,Magdalena Cauca,Sogamoso,Río Sogamoso,2.7309091091156,3.4872727394104,4,4,0.601449251174927,0.829710125923157,1,1,1.07000005245209,2013,01,5,6.9,6.9,7.3830003619194,0,4.14520931243897,2013-01-01,0,4.19024658203125,0
24060050,Pluviométrica,Convencional,Santander,Los Santos,6.7592,-73.0928,1460,11/15/1973,,Andes,Magdalena Cauca,Sogamoso,Río Sogamoso,2.7309091091156,3.4872727394104,4,4,0.601449251174927,0.829710125923157,1,1,1.07000005245209,2013,01,6,8.5,8.5,9.09500044584274,0,5.24703168869019,2013-01-01,0,5.63908624649048,0
24060050,Pluviométrica,Convencional,Santander,Los Santos,6.7592,-73.0928,1460,11/15/1973,,Andes,Magdalena Cauca,Sogamoso,Río Sogamoso,2.7309091091156,3.4872727394104,4,4,0.601449251174927,0.829710125923157,1,1,1.05999994277954,2013,02,7,11.6,11.6,12.2959993362427,0,6.94871616363525,2013-02-01,0,10.6744441986084,0
24060050,Pluviométrica,Convencional,Santander,Los Santos,6.7592,-73.0928,1460,11/15/1973,,Andes,Magdalena Cauca,Sogamoso,Río Sogamoso,2.7309091091156,3.4872727394104,4,4,0.601449251174927,0.829710125923157,1,1,1.05999994277954,2013,02,8,20.6,20.6,21.8359988212585,0,7.58277606964111,2013-02-01,5.42765712738037,13.6635313034058,24.8824481964111
24060050,Pluviométrica,Convencional,Santander,Los Santos,6.7592,-73.0928,1460,11/15/1973,,Andes,Magdalena Cauca,Sogamoso,Río Sogamoso,2.7309091091156,3.4872727394104,4,4,0.601449251174927,0.829710125923157,1,1,1.05999994277954,2013,02,9,0,0,0,0,4.93204069137573,2013-02-01,1.0911922454834,5.62335824966431,3.36280274391174
24060050,Pluviométrica,Convencional,Santander,Los Santos,6.7592,-73.0928,1460,11/15/1973,,Andes,Magdalena Cauca,Sogamoso,Río Sogamoso,2.7309091091156,3.4872727394104,4,4,0.601449251174927,0.829710125923157,1,1,1.05999994277954,2013,02,10,20.2,20.2,21.4119988441467,0,5.07951068878174,2013-02-01,1.19419276714325,9.02538013458252,5.87105226516724
24060050,Pluviométrica,Convencional,Santander,Los Santos,6.7592,-73.0928,1460,11/15/1973,,Andes,Magdalena Cauca,Sogamoso,Río Sogamoso,2.7309091091156,3.4872727394104,4,4,0.601449251174927,0.829710125923157,1,1,1.05999994277954,2013,02,11,7.2,7.2,7.6319995880127,0,6.98358917236328,2013-02-01,4.21639394760132,6.96606492996216,8.30827903747559
24060050,Pluviométrica,Convencional,Santander,Los Santos,6.7592,-73.0928,1460,11/15/1973,,Andes,Magdalena Cauca,Sogamoso,Río Sogamoso,2.7309091091156,3.4872727394104,4,4,0.601449251174927,0.829710125923157,1,1,1.05999994277954,2013,02,12,19.2,19.2,20.3519989013672,0,11.7733182907104,2013-02-01,18.4908771514893,8.67619609832764,13.5859413146973
24060050,Pluviométrica,Convencional,Santander,Los Santos,6.7592,-73.0928,1460,11/15/1973,,Andes,Magdalena Cauca,Sogamoso,Río Sogamoso,2.7309091091156,3.4872727394104,4,4,0.601449251174927,0.829710125923157,1,1,1.05999994277954,2013,03,13,0.3,0.3,0.317999982833862,0,19.7344989776611,2013-03-01,26.8520469665527,8.53937816619873,10.6115531921387
24060050,Pluviométrica,Convencional,Santander,Los Santos,6.7592,-73.0928,1460,11/15/1973,,Andes,Magdalena Cauca,Sogamoso,Río Sogamoso,2.7309091091156,3.4872727394104,4,4,0.601449251174927,0.829710125923157,1,1,1.05999994277954,2013,03,14,0,0,0,0,14.0630693435669,2013-03-01,11.3195133209229,6.7945237159729,5.78869438171387
24060050,Pluviométrica,Convencional,Santander,Los Santos,6.7592,-73.0928,1460,11/15/1973,,Andes,Magdalena Cauca,Sogamoso,Río Sogamoso,2.7309091091156,3.4872727394104,4,4,0.601449251174927,0.829710125923157,1,1,1.05999994277954,2013,03,15,0.5,0.5,0.529999971389771,0,22.9664516448975,2013-03-01,26.9103355407715,20.2840213775635,19.1178283691406
24060050,Pluviométrica,Convencional,Santander,Los Santos,6.7592,-73.0928,1460,11/15/1973,,Andes,Magdalena Cauca,Sogamoso,Río Sogamoso,2.7309091091156,3.4872727394104,4,4,0.601449251174927,0.829710125923157,1,1,1.05999994277954,2013,03,16,4.1,4.1,4.34599976539612,0,8.41459178924561,2013-03-01,2.42506265640259,8.94083881378174,5.45224046707153
24060050,Pluviométrica,Convencional,Santander,Los Santos,6.7592,-73.0928,1460,11/15/1973,,Andes,Magdalena Cauca,Sogamoso,Río Sogamoso,2.7309091091156,3.4872727394104,4,4,0.601449251174927,0.829710125923157,1,1,1.05999994277954,2013,03,17,0.2,0.2,0.211999988555908,0,21.8997077941895,2013-03-01,23.9907341003418,15.4344158172607,12.8953514099121
24060050,Pluviométrica,Convencional,Santander,Los Santos,6.7592,-73.0928,1460,11/15/1973,,Andes,Magdalena Cauca,Sogamoso,Río Sogamoso,2.7309091091156,3.4872727394104,4,4,0.601449251174927,0.829710125923157,1,1,1.05999994277954,2013,03,18,0,0,0,0,7.86712503433228,2013-03-01,0,4.3608250617981,0
24060050,Pluviométrica,Convencional,Santander,Los Santos,6.7592,-73.0928,1460,11/15/1973,,Andes,Magdalena Cauca,Sogamoso,Río Sogamoso,2.7309091091156,3.4872727394104,4,4,0.601449251174927,0.829710125923157,1,1,1.04999995231628,2013,04,19,0,0,0,0,17.8965473175049,2013-04-01,17.5848331451416,4.90862941741943,4.99287796020508
24060050,Pluviométrica,Convencional,Santander,Los Santos,6.7592,-73.0928,1460,11/15/1973,,Andes,Magdalena Cauca,Sogamoso,Río Sogamoso,2.7309091091156,3.4872727394104,4,4,0.601449251174927,0.829710125923157,1,1,1.04999995231628,2013,04,20,0,0,0,0,13.9989852905273,2013-04-01,6.59210968017578,4.20565462112427,2.47463893890381
24060050,Pluviométrica,Convencional,Santander,Los Santos,6.7592,-73.0928,1460,11/15/1973,,Andes,Magdalena Cauca,Sogamoso,Río Sogamoso,2.7309091091156,3.4872727394104,4,4,0.601449251174927,0.829710125923157,1,1,1.04999995231628,2013,04,21,0,0,0,0,16.1304206848145,2013-04-01,7.7926344871521,7.6443247795105,5.14574813842773
24060050,Pluviométrica,Convencional,Santander,Los Santos,6.7592,-73.0928,1460,11/15/1973,,Andes,Magdalena Cauca,Sogamoso,Río Sogamoso,2.7309091091156,3.4872727394104,4,4,0.601449251174927,0.829710125923157,1,1,1.04999995231628,2013,04,22,6.2,6.2,6.50999970436096,0,27.5185298919678,2013-04-01,25.9397449493408,21.397367477417,20.6237773895264
24060050,Pluviométrica,Convencional,Santander,Los Santos,6.7592,-73.0928,1460,11/15/1973,,Andes,Magdalena Cauca,Sogamoso,Río Sogamoso,2.7309091091156,3.4872727394104,4,4,0.601449251174927,0.829710125923157,1,1,1.04999995231628,2013,04,23,19.3,19.3,20.2649990797043,0,22.5365142822266,2013-04-01,18.1345520019531,19.2481880187988,17.0323905944824
24060050,Pluviométrica,Convencional,Santander,Los Santos,6.7592,-73.0928,1460,11/15/1973,,Andes,Magdalena Cauca,Sogamoso,Río Sogamoso,2.7309091091156,3.4872727394104,4,4,0.601449251174927,0.829710125923157,1,1,1.04999995231628,2013,04,24,7,7,7.34999966621399,0,26.7156658172607,2013-04-01,22.2922077178955,17.1171493530273,16.8307056427002
24060050,Pluviométrica,Convencional,Santander,Los Santos,6.7592,-73.0928,1460,11/15/1973,,Andes,Magdalena Cauca,Sogamoso,Río Sogamoso,2.7309091091156,3.4872727394104,4,4,0.601449251174927,0.829710125923157,1,1,1.03999996185303,2013,05,25,25.8,25.8,26.8319990158081,0,27.3988094329834,2013-05-01,17.2659912109375,40.1066932678223,36.3675346374512
24060050,Pluviométrica,Convencional,Santander,Los Santos,6.7592,-73.0928,1460,11/15/1973,,Andes,Magdalena Cauca,Sogamoso,Río Sogamoso,2.7309091091156,3.4872727394104,4,4,0.601449251174927,0.829710125923157,1,1,1.03999996185303,2013,05,26,3.8,3.8,3.9519998550415,0,38.4874610900879,2013-05-01,33.2739067077637,25.9565601348877,23.2514629364014
24060050,Pluviométrica,Convencional,Santander,Los Santos,6.7592,-73.0928,1460,11/15/1973,,Andes,Magdalena Cauca,Sogamoso,Río Sogamoso,2.7309091091156,3.4872727394104,4,4,0.601449251174927,0.829710125923157,1,1,1.03999996185303,2013,05,27,3.6,3.6,3.7439998626709,0,14.2235908508301,2013-05-01,0.555782675743103,13.4942541122437,1.90308976173401
24060050,Pluviométrica,Convencional,Santander,Los Santos,6.7592,-73.0928,1460,11/15/1973,,Andes,Magdalena Cauca,Sogamoso,Río Sogamoso,2.7309091091156,3.4872727394104,4,4,0.601449251174927,0.829710125923157,1,1,1.03999996185303,2013,05,28,17.2,17.2,17.8879993438721,0,35.948974609375,2013-05-01,28.7663497924805,25.2239284515381,22.2141990661621
24060050,Pluviométrica,Convencional,Santander,Los Santos,6.7592,-73.0928,1460,11/15/1973,,Andes,Magdalena Cauca,Sogamoso,Río Sogamoso,2.7309091091156,3.4872727394104,4,4,0.601449251174927,0.829710125923157,1,1,1.03999996185303,2013,05,29,13.5,13.5,14.0399994850159,0,20.17311668396,2013-05-01,7.87432432174683,16.712589263916,11.3306570053101
24060050,Pluviométrica,Convencional,Santander,Los Santos,6.7592,-73.0928,1460,11/15/1973,,Andes,Magdalena Cauca,Sogamoso,Río Sogamoso,2.7309091091156,3.4872727394104,4,4,0.601449251174927,0.829710125923157,1,1,1.03999996185303,2013,05,30,2.3,2.3,2.39199991226196,0,60.3984375,2013-05-01,51.6294021606445,20.3817176818848,20.5776348114014
24060050,Pluviométrica,Convencional,Santander,Los Santos,6.7592,-73.0928,1460,11/15/1973,,Andes,Magdalena Cauca,Sogamoso,Río Sogamoso,2.7309091091156,3.4872727394104,4,4,0.601449251174927,0.829710125923157,1,1,1.04999995231628,2013,06,31,6.2,6.2,6.50999970436096,0,21.1167659759521,2013-06-01,10.9202842712402,12.2038230895996,9.00804042816162
24060050,Pluviométrica,Convencional,Santander,Los Santos,6.7592,-73.0928,1460,11/15/1973,,Andes,Magdalena Cauca,Sogamoso,Río Sogamoso,2.7309091091156,3.4872727394104,4,4,0.601449251174927,0.829710125923157,1,1,1.04999995231628,2013,06,32,3.2,3.2,3.35999984741211,0,16.7062339782715,2013-06-01,5.03712368011475,7.39951801300049,5.20602989196777
24060050,Pluviométrica,Convencional,Santander,Los Santos,6.7592,-73.0928,1460,11/15/1973,,Andes,Magdalena Cauca,Sogamoso,Río Sogamoso,2.7309091091156,3.4872727394104,4,4,0.601449251174927,0.829710125923157,1,1,1.04999995231628,2013,06,33,9.5,9.5,9.9749995470047,0,15.625825881958,2013-06-01,3.63012337684631,11.4247245788574,7.27344465255737
24060050,Pluviométrica,Convencional,Santander,Los Santos,6.7592,-73.0928,1460,11/15/1973,,Andes,Magdalena Cauca,Sogamoso,Río Sogamoso,2.7309091091156,3.4872727394104,4,4,0.601449251174927,0.829710125923157,1,1,1.04999995231628,2013,06,34,0.4,0.4,0.419999980926514,0,18.0134429931641,2013-06-01,8.34138488769531,8.78518772125244,5.23546648025513
24060050,Pluviométrica,Convencional,Santander,Los Santos,6.7592,-73.0928,1460,11/15/1973,,Andes,Magdalena Cauca,Sogamoso,Río Sogamoso,2.7309091091156,3.4872727394104,4,4,0.601449251174927,0.829710125923157,1,1,1.04999995231628,2013,06,35,19.3,19.3,20.2649990797043,0,24.8647994995117,2013-06-01,17.9692344665527,16.9376907348633,16.5025863647461
24060050,Pluviométrica,Convencional,Santander,Los Santos,6.7592,-73.0928,1460,11/15/1973,,Andes,Magdalena Cauca,Sogamoso,Río Sogamoso,2.7309091091156,3.4872727394104,4,4,0.601449251174927,0.829710125923157,1,1,1.04999995231628,2013,06,36,0,0,0,0,27.7602939605713,2013-06-01,27.4940967559814,9.54663753509521,10.8938837051392
24060050,Pluviométrica,Convencional,Santander,Los Santos,6.7592,-73.0928,1460,11/15/1973,,Andes,Magdalena Cauca,Sogamoso,Río Sogamoso,2.7309091091156,3.4872727394104,4,4,0.601449251174927,0.829710125923157,1,1,1.04999995231628,2013,07,37,2,2,2.09999990463257,0,15.090913772583,2013-07-01,10.0675592422485,8.56998348236084,8.29393291473389
24060050,Pluviométrica,Convencional,Santander,Los Santos,6.7592,-73.0928,1460,11/15/1973,,Andes,Magdalena Cauca,Sogamoso,Río Sogamoso,2.7309091091156,3.4872727394104,4,4,0.601449251174927,0.829710125923157,1,1,1.04999995231628,2013,07,38,5,5,5.24999976158142,0,20.2332782745361,2013-07-01,20.1478404998779,7.5785927772522,8.50471305847168
24060050,Pluviométrica,Convencional,Santander,Los Santos,6.7592,-73.0928,1460,11/15/1973,,Andes,Magdalena Cauca,Sogamoso,Río Sogamoso,2.7309091091156,3.4872727394104,4,4,0.601449251174927,0.829710125923157,1,1,1.04999995231628,2013,07,39,0.5,0.5,0.524999976158142,0,13.2678890228271,2013-07-01,7.14975023269653,5.18883609771729,6.9791750907898
24060050,Pluviométrica,Convencional,Santander,Los Santos,6.7592,-73.0928,1460,11/15/1973,,Andes,Magdalena Cauca,Sogamoso,Río Sogamoso,2.7309091091156,3.4872727394104,4,4,0.601449251174927,0.829710125923157,1,1,1.04999995231628,2013,07,40,4,4,4.19999980926514,0,23.6631984710693,2013-07-01,30.9212627410889,8.00538158416748,11.2197713851929
24060050,Pluviométrica,Convencional,Santander,Los Santos,6.7592,-73.0928,1460,11/15/1973,,Andes,Magdalena Cauca,Sogamoso,Río Sogamoso,2.7309091091156,3.4872727394104,4,4,0.601449251174927,0.829710125923157,1,1,1.04999995231628,2013,07,41,8.6,8.6,9.02999958992004,0,13.3341026306152,2013-07-01,6.33243799209595,13.2068004608154,11.1337013244629
24060050,Pluviométrica,Convencional,Santander,Los Santos,6.7592,-73.0928,1460,11/15/1973,,Andes,Magdalena Cauca,Sogamoso,Río Sogamoso,2.7309091091156,3.4872727394104,4,4,0.601449251174927,0.829710125923157,1,1,1.04999995231628,2013,07,42,18,18,18.8999991416931,0,23.18137550354,2013-07-01,10.7675085067749,16.0494136810303,13.9707279205322
24060050,Pluviométrica,Convencional,Santander,Los Santos,6.7592,-73.0928,1460,11/15/1973,,Andes,Magdalena Cauca,Sogamoso,Río Sogamoso,2.7309091091156,3.4872727394104,4,4,0.601449251174927,0.829710125923157,1,1,1.04999995231628,2013,08,43,9.5,9.5,9.9749995470047,0,24.660120010376,2013-08-01,16.5899028778076,13.4517879486084,9.52838325500488
24060050,Pluviométrica,Convencional,Santander,Los Santos,6.7592,-73.0928,1460,11/15/1973,,Andes,Magdalena Cauca,Sogamoso,Río Sogamoso,2.7309091091156,3.4872727394104,4,4,0.601449251174927,0.829710125923157,1,1,1.04999995231628,2013,08,44,40.6,40.6,42.6299980640411,0,40.2283592224121,2013-08-01,35.705753326416,64.1462631225586,54.9229354858399
24060050,Pluviométrica,Convencional,Santander,Los Santos,6.7592,-73.0928,1460,11/15/1973,,Andes,Magdalena Cauca,Sogamoso,Río Sogamoso,2.7309091091156,3.4872727394104,4,4,0.601449251174927,0.829710125923157,1,1,1.04999995231628,2013,08,45,16.4,16.4,17.2199992179871,0,39.5589294433594,2013-08-01,33.729133605957,31.5520000457764,24.4090881347656
24060050,Pluviométrica,Convencional,Santander,Los Santos,6.7592,-73.0928,1460,11/15/1973,,Andes,Magdalena Cauca,Sogamoso,Río Sogamoso,2.7309091091156,3.4872727394104,4,4,0.601449251174927,0.829710125923157,1,1,1.04999995231628,2013,08,46,7.5,7.5,7.87499964237213,0,23.590799331665,2013-08-01,28.5174369812012,24.2254219055176,22.4461784362793
24060050,Pluviométrica,Convencional,Santander,Los Santos,6.7592,-73.0928,1460,11/15/1973,,Andes,Magdalena Cauca,Sogamoso,Río Sogamoso,2.7309091091156,3.4872727394104,4,4,0.601449251174927,0.829710125923157,1,1,1.04999995231628,2013,08,47,0,0,0,0,30.2055740356445,2013-08-01,25.646635055542,9.08639717102051,6.79580593109131
24060050,Pluviométrica,Convencional,Santander,Los Santos,6.7592,-73.0928,1460,11/15/1973,,Andes,Magdalena Cauca,Sogamoso,Río Sogamoso,2.7309091091156,3.4872727394104,4,4,0.601449251174927,0.829710125923157,1,1,1.04999995231628,2013,08,48,6.7,6.7,7.0349996805191,0,31.8483104705811,2013-08-01,16.8829402923584,34.2037162780762,24.3989162445068
24060050,Pluviométrica,Convencional,Santander,Los Santos,6.7592,-73.0928,1460,11/15/1973,,Andes,Magdalena Cauca,Sogamoso,Río Sogamoso,2.7309091091156,3.4872727394104,4,4,0.601449251174927,0.829710125923157,1,1,1.04999995231628,2013,09,49,0,0,0,0,23.5929393768311,2013-09-01,20.7005577087402,19.069766998291,16.7090892791748
24060050,Pluviométrica,Convencional,Santander,Los Santos,6.7592,-73.0928,1460,11/15/1973,,Andes,Magdalena Cauca,Sogamoso,Río Sogamoso,2.7309091091156,3.4872727394104,4,4,0.601449251174927,0.829710125923157,1,1,1.04999995231628,2013,09,50,14.2,14.2,14.9099993228912,0,21.9288539886475,2013-09-01,19.8820705413818,22.0780029296875,21.8584976196289
24060050,Pluviométrica,Convencional,Santander,Los Santos,6.7592,-73.0928,1460,11/15/1973,,Andes,Magdalena Cauca,Sogamoso,Río Sogamoso,2.7309091091156,3.4872727394104,4,4,0.601449251174927,0.829710125923157,1,1,1.04999995231628,2013,09,51,0.8,0.8,0.839999961853027,0,24.7683525085449,2013-09-01,23.6176891326904,13.5051622390747,12.1297597885132
24060050,Pluviométrica,Convencional,Santander,Los Santos,6.7592,-73.0928,1460,11/15/1973,,Andes,Magdalena Cauca,Sogamoso,Río Sogamoso,2.7309091091156,3.4872727394104,4,4,0.601449251174927,0.829710125923157,1,1,1.04999995231628,2013,09,52,9.8,9.8,10.2899995326996,0,29.0898551940918,2013-09-01,32.6883735656738,10.7118377685547,11.2921447753906
24060050,Pluviométrica,Convencional,Santander,Los Santos,6.7592,-73.0928,1460,11/15/1973,,Andes,Magdalena Cauca,Sogamoso,Río Sogamoso,2.7309091091156,3.4872727394104,4,4,0.601449251174927,0.829710125923157,1,1,1.04999995231628,2013,09,53,15,15,15.7499992847443,0,25.274938583374,2013-09-01,25.2310085296631,19.1723766326904,17.7381534576416
24060050,Pluviométrica,Convencional,Santander,Los Santos,6.7592,-73.0928,1460,11/15/1973,,Andes,Magdalena Cauca,Sogamoso,Río Sogamoso,2.7309091091156,3.4872727394104,4,4,0.601449251174927,0.829710125923157,1,1,1.04999995231628,2013,09,54,7.7,7.7,8.08499963283539,0,36.2413368225098,2013-09-01,37.4542007446289,19.8124713897705,17.359899520874
24060050,Pluviométrica,Convencional,Santander,Los Santos,6.7592,-73.0928,1460,11/15/1973,,Andes,Magdalena Cauca,Sogamoso,Río Sogamoso,2.7309091091156,3.4872727394104,4,4,0.601449251174927,0.829710125923157,1,1,1.03999996185303,2013,10,55,6.3,6.3,6.55199975967407,0,38.6679992675781,2013-10-01,22.1203746795654,17.9749565124512,12.7781248092651
24060050,Pluviométrica,Convencional,Santander,Los Santos,6.7592,-73.0928,1460,11/15/1973,,Andes,Magdalena Cauca,Sogamoso,Río Sogamoso,2.7309091091156,3.4872727394104,4,4,0.601449251174927,0.829710125923157,1,1,1.03999996185303,2013,10,56,1.4,1.4,1.45599994659424,0,16.5703048706055,2013-10-01,1.0236439704895,9.50776100158691,1.20430469512939
24060050,Pluviométrica,Convencional,Santander,Los Santos,6.7592,-73.0928,1460,11/15/1973,,Andes,Magdalena Cauca,Sogamoso,Río Sogamoso,2.7309091091156,3.4872727394104,4,4,0.601449251174927,0.829710125923157,1,1,1.03999996185303,2013,10,57,11.8,11.8,12.2719995498657,0,38.0553092956543,2013-10-01,28.7188568115234,32.2208442687988,26.4454517364502
24060050,Pluviométrica,Convencional,Santander,Los Santos,6.7592,-73.0928,1460,11/15/1973,,Andes,Magdalena Cauca,Sogamoso,Río Sogamoso,2.7309091091156,3.4872727394104,4,4,0.601449251174927,0.829710125923157,1,1,1.03999996185303,2013,10,58,44.7,44.7,46.4879982948303,0,32.2175483703613,2013-10-01,22.1127033233643,34.1067123413086,29.1682910919189
24060050,Pluviométrica,Convencional,Santander,Los Santos,6.7592,-73.0928,1460,11/15/1973,,Andes,Magdalena Cauca,Sogamoso,Río Sogamoso,2.7309091091156,3.4872727394104,4,4,0.601449251174927,0.829710125923157,1,1,1.03999996185303,2013,10,59,4.7,4.7,4.88799982070923,0,26.1746253967285,2013-10-01,13.9852628707886,16.6223106384277,11.4342136383057
24060050,Pluviométrica,Convencional,Santander,Los Santos,6.7592,-73.0928,1460,11/15/1973,,Andes,Magdalena Cauca,Sogamoso,Río Sogamoso,2.7309091091156,3.4872727394104,4,4,0.601449251174927,0.829710125923157,1,1,1.03999996185303,2013,10,60,20.2,20.2,21.0079992294312,0,36.1440696716309,2013-10-01,13.2236452102661,20.4432544708252,10.801064491272
24060050,Pluviométrica,Convencional,Santander,Los Santos,6.7592,-73.0928,1460,11/15/1973,,Andes,Magdalena Cauca,Sogamoso,Río Sogamoso,2.7309091091156,3.4872727394104,4,4,0.601449251174927,0.829710125923157,1,1,1.03999996185303,2013,11,61,8.9,8.9,9.25599966049194,0,25.551570892334,2013-11-01,13.7497138977051,20.634838104248,16.37034034729
24060050,Pluviométrica,Convencional,Santander,Los Santos,6.7592,-73.0928,1460,11/15/1973,,Andes,Magdalena Cauca,Sogamoso,Río Sogamoso,2.7309091091156,3.4872727394104,4,4,0.601449251174927,0.829710125923157,1,1,1.03999996185303,2013,11,62,30.7,30.7,31.9279988288879,0,36.8083801269531,2013-11-01,24.9380016326904,31.9254264831543,30.0155429840088
24060050,Pluviométrica,Convencional,Santander,Los Santos,6.7592,-73.0928,1460,11/15/1973,,Andes,Magdalena Cauca,Sogamoso,Río Sogamoso,2.7309091091156,3.4872727394104,4,4,0.601449251174927,0.829710125923157,1,1,1.03999996185303,2013,11,63,3.2,3.2,3.32799987792969,0,17.0417861938477,2013-11-01,3.86123991012573,7.9213137626648,3.02986192703247
24060050,Pluviométrica,Convencional,Santander,Los Santos,6.7592,-73.0928,1460,11/15/1973,,Andes,Magdalena Cauca,Sogamoso,Río Sogamoso,2.7309091091156,3.4872727394104,4,4,0.601449251174927,0.829710125923157,1,1,1.03999996185303,2013,11,64,0.1,0.1,0.103999996185303,0,25.644739151001,2013-11-01,12.2772722244263,10.3490476608276,6.57153940200806
24060050,Pluviométrica,Convencional,Santander,Los Santos,6.7592,-73.0928,1460,11/15/1973,,Andes,Magdalena Cauca,Sogamoso,Río Sogamoso,2.7309091091156,3.4872727394104,4,4,0.601449251174927,0.829710125923157,1,1,1.03999996185303,2013,11,65,0,0,0,0,38.8340950012207,2013-11-01,23.5436611175537,21.8930130004883,18.9341812133789
24060050,Pluviométrica,Convencional,Santander,Los Santos,6.7592,-73.0928,1460,11/15/1973,,Andes,Magdalena Cauca,Sogamoso,Río Sogamoso,2.7309091091156,3.4872727394104,4,4,0.601449251174927,0.829710125923157,1,1,1.03999996185303,2013,11,66,5.3,5.3,5.51199979782105,0,18.4515171051025,2013-11-01,6.90226364135742,16.8569450378418,9.99840354919434
24060050,Pluviométrica,Convencional,Santander,Los Santos,6.7592,-73.0928,1460,11/15/1973,,Andes,Magdalena Cauca,Sogamoso,Río Sogamoso,2.7309091091156,3.4872727394104,4,4,0.601449251174927,0.829710125923157,1,1,1.05999994277954,2013,12,67,2.3,2.3,2.43799986839294,0,16.2520294189453,2013-12-01,13.8671016693115,11.4884548187256,12.0280704498291
24060050,Pluviométrica,Convencional,Santander,Los Santos,6.7592,-73.0928,1460,11/15/1973,,Andes,Magdalena Cauca,Sogamoso,Río Sogamoso,2.7309091091156,3.4872727394104,4,4,0.601449251174927,0.829710125923157,1,1,1.05999994277954,2013,12,68,0,0,0,0,12.4069480895996,2013-12-01,15.0877676010132,16.2252960205078,20.4911594390869
24060050,Pluviométrica,Convencional,Santander,Los Santos,6.7592,-73.0928,1460,11/15/1973,,Andes,Magdalena Cauca,Sogamoso,Río Sogamoso,2.7309091091156,3.4872727394104,4,4,0.601449251174927,0.829710125923157,1,1,1.05999994277954,2013,12,69,0,0,0,0,19.2442588806152,2013-12-01,20.2259674072266,7.70690488815308,8.03536605834961
24060050,Pluviométrica,Convencional,Santander,Los Santos,6.7592,-73.0928,1460,11/15/1973,,Andes,Magdalena Cauca,Sogamoso,Río Sogamoso,2.7309091091156,3.4872727394104,4,4,0.601449251174927,0.829710125923157,1,1,1.05999994277954,2013,12,70,0,0,0,0,11.808235168457,2013-12-01,8.13781070709229,5.79553365707398,4.94765424728394
24060050,Pluviométrica,Convencional,Santander,Los Santos,6.7592,-73.0928,1460,11/15/1973,,Andes,Magdalena Cauca,Sogamoso,Río Sogamoso,2.7309091091156,3.4872727394104,4,4,0.601449251174927,0.829710125923157,1,1,1.05999994277954,2013,12,71,3.3,3.3,3.49799981117249,0,5.13272619247437,2013-12-01,0,5.23278760910034,0
24060050,Pluviométrica,Convencional,Santander,Los Santos,6.7592,-73.0928,1460,11/15/1973,,Andes,Magdalena Cauca,Sogamoso,Río Sogamoso,2.7309091091156,3.4872727394104,4,4,0.601449251174927,0.829710125923157,1,1,1.05999994277954,2013,12,72,0,0,0,0,7.45804357528687,2013-12-01,0,2.88603162765503,0
24060050,Pluviométrica,Convencional,Santander,Los Santos,6.7592,-73.0928,1460,11/15/1973,,Andes,Magdalena Cauca,Sogamoso,Río Sogamoso,2.7309091091156,3.4872727394104,4,4,0.601449251174927,0.829710125923157,1,1,1.07000005245209,2014,01,1,0,0,0,0,4.52473020553589,2014-01-01,0,4.4415488243103,0
24060050,Pluviométrica,Convencional,Santander,Los Santos,6.7592,-73.0928,1460,11/15/1973,,Andes,Magdalena Cauca,Sogamoso,Río Sogamoso,2.7309091091156,3.4872727394104,4,4,0.601449251174927,0.829710125923157,1,1,1.07000005245209,2014,01,2,0,0,0,0,30.7349662780762,2014-01-01,23.1802940368652,14.6978425979614,16.0730895996094
24060050,Pluviométrica,Convencional,Santander,Los Santos,6.7592,-73.0928,1460,11/15/1973,,Andes,Magdalena Cauca,Sogamoso,Río Sogamoso,2.7309091091156,3.4872727394104,4,4,0.601449251174927,0.829710125923157,1,1,1.07000005245209,2014,01,3,0,0,0,0,4.62817335128784,2014-01-01,0,2.21680164337158,0
24060050,Pluviométrica,Convencional,Santander,Los Santos,6.7592,-73.0928,1460,11/15/1973,,Andes,Magdalena Cauca,Sogamoso,Río Sogamoso,2.7309091091156,3.4872727394104,4,4,0.601449251174927,0.829710125923157,1,1,1.07000005245209,2014,01,4,0,0,0,0,4.52931594848633,2014-01-01,0,2.50645804405212,0
24060050,Pluviométrica,Convencional,Santander,Los Santos,6.7592,-73.0928,1460,11/15/1973,,Andes,Magdalena Cauca,Sogamoso,Río Sogamoso,2.7309091091156,3.4872727394104,4,4,0.601449251174927,0.829710125923157,1,1,1.07000005245209,2014,01,5,0,0,0,0,7.6334171295166,2014-01-01,2.86852216720581,4.16827011108398,2.72557377815247
24060050,Pluviométrica,Convencional,Santander,Los Santos,6.7592,-73.0928,1460,11/15/1973,,Andes,Magdalena Cauca,Sogamoso,Río Sogamoso,2.7309091091156,3.4872727394104,4,4,0.601449251174927,0.829710125923157,1,1,1.07000005245209,2014,01,6,0,0,0,0,5.24703168869019,2014-01-01,0,3.51866221427918,0
24060050,Pluviométrica,Convencional,Santander,Los Santos,6.7592,-73.0928,1460,11/15/1973,,Andes,Magdalena Cauca,Sogamoso,Río Sogamoso,2.7309091091156,3.4872727394104,4,4,0.601449251174927,0.829710125923157,1,1,1.05999994277954,2014,02,7,0,0,0,0,6.94871616363525,2014-02-01,4.76392221450806,5.45138311386108,4.17879152297974
24060050,Pluviométrica,Convencional,Santander,Los Santos,6.7592,-73.0928,1460,11/15/1973,,Andes,Magdalena Cauca,Sogamoso,Río Sogamoso,2.7309091091156,3.4872727394104,4,4,0.601449251174927,0.829710125923157,1,1,1.05999994277954,2014,02,8,0,0,0,0,7.58277606964111,2014-02-01,8.71982860565186,7.52568769454956,8.95487689971924
24060050,Pluviométrica,Convencional,Santander,Los Santos,6.7592,-73.0928,1460,11/15/1973,,Andes,Magdalena Cauca,Sogamoso,Río Sogamoso,2.7309091091156,3.4872727394104,4,4,0.601449251174927,0.829710125923157,1,1,1.05999994277954,2014,02,9,8.2,8.2,8.69199953079224,0,10.2337961196899,2014-02-01,10.7594375610352,8.34580707550049,7.47764730453491
24060050,Pluviométrica,Convencional,Santander,Los Santos,6.7592,-73.0928,1460,11/15/1973,,Andes,Magdalena Cauca,Sogamoso,Río Sogamoso,2.7309091091156,3.4872727394104,4,4,0.601449251174927,0.829710125923157,1,1,1.05999994277954,2014,02,10,0,0,0,0,5.07951068878174,2014-02-01,1.19419276714325,5.56059980392456,2.08855557441711
24060050,Pluviométrica,Convencional,Santander,Los Santos,6.7592,-73.0928,1460,11/15/1973,,Andes,Magdalena Cauca,Sogamoso,Río Sogamoso,2.7309091091156,3.4872727394104,4,4,0.601449251174927,0.829710125923157,1,1,1.05999994277954,2014,02,11,15,15,15.8999991416931,0,20.8004589080811,2014-02-01,22.7896461486816,25.4258995056152,20.6475811004639
24060050,Pluviométrica,Convencional,Santander,Los Santos,6.7592,-73.0928,1460,11/15/1973,,Andes,Magdalena Cauca,Sogamoso,Río Sogamoso,2.7309091091156,3.4872727394104,4,4,0.601449251174927,0.829710125923157,1,1,1.05999994277954,2014,02,12,15.2,15.2,16.111999130249,0,14.0429372787476,2014-02-01,23.5475330352783,14.2432584762573,21.4811267852783
24060050,Pluviométrica,Convencional,Santander,Los Santos,6.7592,-73.0928,1460,11/15/1973,,Andes,Magdalena Cauca,Sogamoso,Río Sogamoso,2.7309091091156,3.4872727394104,4,4,0.601449251174927,0.829710125923157,1,1,1.05999994277954,2014,03,13,0.5,0.5,0.529999971389771,0,10.8041381835938,2014-03-01,8.90534114837647,11.3460750579834,11.3474245071411
24060050,Pluviométrica,Convencional,Santander,Los Santos,6.7592,-73.0928,1460,11/15/1973,,Andes,Magdalena Cauca,Sogamoso,Río Sogamoso,2.7309091091156,3.4872727394104,4,4,0.601449251174927,0.829710125923157,1,1,1.05999994277954,2014,03,14,0,0,0,0,11.1093626022339,2014-03-01,6.65386915206909,10.2882833480835,7.36870002746582
24060050,Pluviométrica,Convencional,Santander,Los Santos,6.7592,-73.0928,1460,11/15/1973,,Andes,Magdalena Cauca,Sogamoso,Río Sogamoso,2.7309091091156,3.4872727394104,4,4,0.601449251174927,0.829710125923157,1,1,1.05999994277954,2014,03,15,45.3,45.3,48.0179974079132,0,7.52436590194702,2014-03-01,0,8.65696525573731,0
24060050,Pluviométrica,Convencional,Santander,Los Santos,6.7592,-73.0928,1460,11/15/1973,,Andes,Magdalena Cauca,Sogamoso,Río Sogamoso,2.7309091091156,3.4872727394104,4,4,0.601449251174927,0.829710125923157,1,1,1.05999994277954,2014,03,16,0,0,0,0,4.32327651977539,2014-03-01,0,2.63425350189209,0
24060050,Pluviométrica,Convencional,Santander,Los Santos,6.7592,-73.0928,1460,11/15/1973,,Andes,Magdalena Cauca,Sogamoso,Río Sogamoso,2.7309091091156,3.4872727394104,4,4,0.601449251174927,0.829710125923157,1,1,1.05999994277954,2014,03,17,0,0,0,0,6.41384220123291,2014-03-01,0,5.59621095657349,0
24060050,Pluviométrica,Convencional,Santander,Los Santos,6.7592,-73.0928,1460,11/15/1973,,Andes,Magdalena Cauca,Sogamoso,Río Sogamoso,2.7309091091156,3.4872727394104,4,4,0.601449251174927,0.829710125923157,1,1,1.05999994277954,2014,03,18,0,0,0,0,6.90354251861572,2014-03-01,0,2.77435278892517,0
24060050,Pluviométrica,Convencional,Santander,Los Santos,6.7592,-73.0928,1460,11/15/1973,,Andes,Magdalena Cauca,Sogamoso,Río Sogamoso,2.7309091091156,3.4872727394104,4,4,0.601449251174927,0.829710125923157,1,1,1.04999995231628,2014,04,19,4.3,4.3,4.51499979496002,0,10.444429397583,2014-04-01,3.09383344650269,10.3771314620972,4.12669992446899
24060050,Pluviométrica,Convencional,Santander,Los Santos,6.7592,-73.0928,1460,11/15/1973,,Andes,Magdalena Cauca,Sogamoso,Río Sogamoso,2.7309091091156,3.4872727394104,4,4,0.601449251174927,0.829710125923157,1,1,1.04999995231628,2014,04,20,0,0,0,0,9.00358867645264,2014-04-01,0.620419144630432,4.5951714515686,0.7073814868927
24060050,Pluviométrica,Convencional,Santander,Los Santos,6.7592,-73.0928,1460,11/15/1973,,Andes,Magdalena Cauca,Sogamoso,Río Sogamoso,2.7309091091156,3.4872727394104,4,4,0.601449251174927,0.829710125923157,1,1,1.04999995231628,2014,04,21,22,22,23.0999989509583,0,13.3514013290405,2014-04-01,4.30355882644653,14.0388164520264,6.71774196624756
24060050,Pluviométrica,Convencional,Santander,Los Santos,6.7592,-73.0928,1460,11/15/1973,,Andes,Magdalena Cauca,Sogamoso,Río Sogamoso,2.7309091091156,3.4872727394104,4,4,0.601449251174927,0.829710125923157,1,1,1.04999995231628,2014,04,22,3.5,3.5,3.67499983310699,0,22.9187793731689,2014-04-01,19.8600902557373,15.67116355896,16.93727684021
24060050,Pluviométrica,Convencional,Santander,Los Santos,6.7592,-73.0928,1460,11/15/1973,,Andes,Magdalena Cauca,Sogamoso,Río Sogamoso,2.7309091091156,3.4872727394104,4,4,0.601449251174927,0.829710125923157,1,1,1.04999995231628,2014,04,23,7.2,7.2,7.55999965667725,0,21.5940780639648,2014-04-01,18.1345520019531,26.1627902984619,24.8561458587647
24060050,Pluviométrica,Convencional,Santander,Los Santos,6.7592,-73.0928,1460,11/15/1973,,Andes,Magdalena Cauca,Sogamoso,Río Sogamoso,2.7309091091156,3.4872727394104,4,4,0.601449251174927,0.829710125923157,1,1,1.04999995231628,2014,04,24,2,2,2.09999990463257,0,24.6927528381348,2014-04-01,17.9529628753662,21.0125694274902,19.4475555419922
24060050,Pluviométrica,Convencional,Santander,Los Santos,6.7592,-73.0928,1460,11/15/1973,,Andes,Magdalena Cauca,Sogamoso,Río Sogamoso,2.7309091091156,3.4872727394104,4,4,0.601449251174927,0.829710125923157,1,1,1.03999996185303,2014,05,25,41.2,41.2,42.8479984283447,0,18.2370777130127,2014-05-01,8.01377582550049,23.9256572723389,18.0229396820068
24060050,Pluviométrica,Convencional,Santander,Los Santos,6.7592,-73.0928,1460,11/15/1973,,Andes,Magdalena Cauca,Sogamoso,Río Sogamoso,2.7309091091156,3.4872727394104,4,4,0.601449251174927,0.829710125923157,1,1,1.03999996185303,2014,05,26,1.8,1.8,1.87199993133545,0,25.6279926300049,2014-05-01,18.8824481964111,23.1488571166992,22.3716354370117
24060050,Pluviométrica,Convencional,Santander,Los Santos,6.7592,-73.0928,1460,11/15/1973,,Andes,Magdalena Cauca,Sogamoso,Río Sogamoso,2.7309091091156,3.4872727394104,4,4,0.601449251174927,0.829710125923157,1,1,1.03999996185303,2014,05,27,6,6,6.23999977111816,0,26.8886795043945,2014-05-01,16.5494480133057,11.5269155502319,9.90998458862305
24060050,Pluviométrica,Convencional,Santander,Los Santos,6.7592,-73.0928,1460,11/15/1973,,Andes,Magdalena Cauca,Sogamoso,Río Sogamoso,2.7309091091156,3.4872727394104,4,4,0.601449251174927,0.829710125923157,1,1,1.03999996185303,2014,05,28,3,3,3.11999988555908,0,14.5475120544434,2014-05-01,0.121905148029327,16.6340446472168,0.437967151403427
24060050,Pluviométrica,Convencional,Santander,Los Santos,6.7592,-73.0928,1460,11/15/1973,,Andes,Magdalena Cauca,Sogamoso,Río Sogamoso,2.7309091091156,3.4872727394104,4,4,0.601449251174927,0.829710125923157,1,1,1.03999996185303,2014,05,29,3.3,3.3,3.43199987411499,0,18.707426071167,2014-05-01,8.67690944671631,12.120509147644,8.47669696807861
24060050,Pluviométrica,Convencional,Santander,Los Santos,6.7592,-73.0928,1460,11/15/1973,,Andes,Magdalena Cauca,Sogamoso,Río Sogamoso,2.7309091091156,3.4872727394104,4,4,0.601449251174927,0.829710125923157,1,1,1.03999996185303,2014,05,30,18.4,18.4,19.1359992980957,0,37.2938575744629,2014-05-01,21.9270648956299,15.8336725234985,14.5697898864746
24060050,Pluviométrica,Convencional,Santander,Los Santos,6.7592,-73.0928,1460,11/15/1973,,Andes,Magdalena Cauca,Sogamoso,Río Sogamoso,2.7309091091156,3.4872727394104,4,4,0.601449251174927,0.829710125923157,1,1,1.04999995231628,2014,06,31,0,0,0,0,18.4586200714111,2014-06-01,8.67217826843262,5.77111387252808,3.97232890129089
24060050,Pluviométrica,Convencional,Santander,Los Santos,6.7592,-73.0928,1460,11/15/1973,,Andes,Magdalena Cauca,Sogamoso,Río Sogamoso,2.7309091091156,3.4872727394104,4,4,0.601449251174927,0.829710125923157,1,1,1.04999995231628,2014,06,32,0,0,0,0,23.7286682128906,2014-06-01,14.2933626174927,10.1723785400391,9.17043495178223
24060050,Pluviométrica,Convencional,Santander,Los Santos,6.7592,-73.0928,1460,11/15/1973,,Andes,Magdalena Cauca,Sogamoso,Río Sogamoso,2.7309091091156,3.4872727394104,4,4,0.601449251174927,0.829710125923157,1,1,1.04999995231628,2014,06,33,0,0,0,0,30.5478534698486,2014-06-01,26.002477645874,11.6428108215332,11.0484209060669
24060050,Pluviométrica,Convencional,Santander,Los Santos,6.7592,-73.0928,1460,11/15/1973,,Andes,Magdalena Cauca,Sogamoso,Río Sogamoso,2.7309091091156,3.4872727394104,4,4,0.601449251174927,0.829710125923157,1,1,1.04999995231628,2014,06,34,13,13,13.6499993801117,0,19.5087604522705,2014-06-01,10.9632701873779,12.8540782928467,10.9898242950439
24060050,Pluviométrica,Convencional,Santander,Los Santos,6.7592,-73.0928,1460,11/15/1973,,Andes,Magdalena Cauca,Sogamoso,Río Sogamoso,2.7309091091156,3.4872727394104,4,4,0.601449251174927,0.829710125923157,1,1,1.04999995231628,2014,06,35,0,0,0,0,19.3202857971191,2014-06-01,11.262583732605,10.7845907211304,9.76940536499023
24060050,Pluviométrica,Convencional,Santander,Los Santos,6.7592,-73.0928,1460,11/15/1973,,Andes,Magdalena Cauca,Sogamoso,Río Sogamoso,2.7309091091156,3.4872727394104,4,4,0.601449251174927,0.829710125923157,1,1,1.04999995231628,2014,06,36,0,0,0,0,12.2402563095093,2014-06-01,0,4.60267496109009,0
24060050,Pluviométrica,Convencional,Santander,Los Santos,6.7592,-73.0928,1460,11/15/1973,,Andes,Magdalena Cauca,Sogamoso,Río Sogamoso,2.7309091091156,3.4872727394104,4,4,0.601449251174927,0.829710125923157,1,1,1.04999995231628,2014,07,37,0,0,0,0,25.9317665100098,2014-07-01,29.6756172180176,12.2861585617065,13.6570253372192
24060050,Pluviométrica,Convencional,Santander,Los Santos,6.7592,-73.0928,1460,11/15/1973,,Andes,Magdalena Cauca,Sogamoso,Río Sogamoso,2.7309091091156,3.4872727394104,4,4,0.601449251174927,0.829710125923157,1,1,1.04999995231628,2014,07,38,0,0,0,0,15.1769075393677,2014-07-01,8.74465465545654,10.2559928894043,9.5234842300415
24060050,Pluviométrica,Convencional,Santander,Los Santos,6.7592,-73.0928,1460,11/15/1973,,Andes,Magdalena Cauca,Sogamoso,Río Sogamoso,2.7309091091156,3.4872727394104,4,4,0.601449251174927,0.829710125923157,1,1,1.04999995231628,2014,07,39,11.4,11.4,11.9699994564056,0,22.4128093719482,2014-07-01,23.7610588073731,14.3228998184204,18.6603450775146
24060050,Pluviométrica,Convencional,Santander,Los Santos,6.7592,-73.0928,1460,11/15/1973,,Andes,Magdalena Cauca,Sogamoso,Río Sogamoso,2.7309091091156,3.4872727394104,4,4,0.601449251174927,0.829710125923157,1,1,1.04999995231628,2014,07,40,2.2,2.2,2.30999989509583,0,18.5610656738281,2014-07-01,16.4925632476807,5.74179029464722,5.35063457489014
24060050,Pluviométrica,Convencional,Santander,Los Santos,6.7592,-73.0928,1460,11/15/1973,,Andes,Magdalena Cauca,Sogamoso,Río Sogamoso,2.7309091091156,3.4872727394104,4,4,0.601449251174927,0.829710125923157,1,1,1.04999995231628,2014,07,41,0.3,0.3,0.314999985694885,0,13.8276481628418,2014-07-01,7.42473459243774,6.36027812957764,6.59716558456421
24060050,Pluviométrica,Convencional,Santander,Los Santos,6.7592,-73.0928,1460,11/15/1973,,Andes,Magdalena Cauca,Sogamoso,Río Sogamoso,2.7309091091156,3.4872727394104,4,4,0.601449251174927,0.829710125923157,1,1,1.04999995231628,2014,07,42,3,3,3.14999985694885,0,27.9105072021484,2014-07-01,17.6655941009522,17.508186340332,15.0091686248779
24060050,Pluviométrica,Convencional,Santander,Los Santos,6.7592,-73.0928,1460,11/15/1973,,Andes,Magdalena Cauca,Sogamoso,Río Sogamoso,2.7309091091156,3.4872727394104,4,4,0.601449251174927,0.829710125923157,1,1,1.04999995231628,2014,08,43,0,0,0,0,32.2668914794922,2014-08-01,29.5718154907227,15.1785326004028,15.2455263137817
24060050,Pluviométrica,Convencional,Santander,Los Santos,6.7592,-73.0928,1460,11/15/1973,,Andes,Magdalena Cauca,Sogamoso,Río Sogamoso,2.7309091091156,3.4872727394104,4,4,0.601449251174927,0.829710125923157,1,1,1.04999995231628,2014,08,44,10.9,10.9,11.4449994802475,0,30.8264427185059,2014-08-01,20.4388160705566,40.1615447998047,31.7013149261475
24060050,Pluviométrica,Convencional,Santander,Los Santos,6.7592,-73.0928,1460,11/15/1973,,Andes,Magdalena Cauca,Sogamoso,Río Sogamoso,2.7309091091156,3.4872727394104,4,4,0.601449251174927,0.829710125923157,1,1,1.04999995231628,2014,08,45,0,0,0,0,28.1417064666748,2014-08-01,15.2156562805176,10.9381074905396,7.83978939056397
24060050,Pluviométrica,Convencional,Santander,Los Santos,6.7592,-73.0928,1460,11/15/1973,,Andes,Magdalena Cauca,Sogamoso,Río Sogamoso,2.7309091091156,3.4872727394104,4,4,0.601449251174927,0.829710125923157,1,1,1.04999995231628,2014,08,46,63.6,63.6,66.7799969673157,0,45.5340232849121,2014-08-01,41.9170799255371,46.9701156616211,43.1633529663086
24060050,Pluviométrica,Convencional,Santander,Los Santos,6.7592,-73.0928,1460,11/15/1973,,Andes,Magdalena Cauca,Sogamoso,Río Sogamoso,2.7309091091156,3.4872727394104,4,4,0.601449251174927,0.829710125923157,1,1,1.04999995231628,2014,08,47,2.3,2.3,2.41499989032745,0,22.0082225799561,2014-08-01,8.8842363357544,16.5226535797119,12.2219152450562
24060050,Pluviométrica,Convencional,Santander,Los Santos,6.7592,-73.0928,1460,11/15/1973,,Andes,Magdalena Cauca,Sogamoso,Río Sogamoso,2.7309091091156,3.4872727394104,4,4,0.601449251174927,0.829710125923157,1,1,1.04999995231628,2014,08,48,13.7,13.7,14.3849993467331,0,31.1385059356689,2014-08-01,14.9127264022827,18.9779739379883,13.7258815765381
24060050,Pluviométrica,Convencional,Santander,Los Santos,6.7592,-73.0928,1460,11/15/1973,,Andes,Magdalena Cauca,Sogamoso,Río Sogamoso,2.7309091091156,3.4872727394104,4,4,0.601449251174927,0.829710125923157,1,1,1.04999995231628,2014,09,49,0,0,0,0,20.6074848175049,2014-09-01,15.5930480957031,7.52299737930298,6.13915777206421
24060050,Pluviométrica,Convencional,Santander,Los Santos,6.7592,-73.0928,1460,11/15/1973,,Andes,Magdalena Cauca,Sogamoso,Río Sogamoso,2.7309091091156,3.4872727394104,4,4,0.601449251174927,0.829710125923157,1,1,1.04999995231628,2014,09,50,0.7,0.7,0.734999966621399,0,24.4799556732178,2014-09-01,23.9734573364258,11.4519538879395,11.7737121582031
24060050,Pluviométrica,Convencional,Santander,Los Santos,6.7592,-73.0928,1460,11/15/1973,,Andes,Magdalena Cauca,Sogamoso,Río Sogamoso,2.7309091091156,3.4872727394104,4,4,0.601449251174927,0.829710125923157,1,1,1.04999995231628,2014,09,51,4.4,4.4,4.61999979019165,0,29.7116680145264,2014-09-01,28.3923797607422,23.6071434020996,21.1212997436523
24060050,Pluviométrica,Convencional,Santander,Los Santos,6.7592,-73.0928,1460,11/15/1973,,Andes,Magdalena Cauca,Sogamoso,Río Sogamoso,2.7309091091156,3.4872727394104,4,4,0.601449251174927,0.829710125923157,1,1,1.04999995231628,2014,09,52,0,0,0,0,21.782470703125,2014-09-01,18.5570125579834,16.6943035125732,14.9282655715942
24060050,Pluviométrica,Convencional,Santander,Los Santos,6.7592,-73.0928,1460,11/15/1973,,Andes,Magdalena Cauca,Sogamoso,Río Sogamoso,2.7309091091156,3.4872727394104,4,4,0.601449251174927,0.829710125923157,1,1,1.04999995231628,2014,09,53,31.7,31.7,33.2849984884262,0,15.8198709487915,2014-09-01,10.5194816589355,33.1255798339844,27.4939842224121
24060050,Pluviométrica,Convencional,Santander,Los Santos,6.7592,-73.0928,1460,11/15/1973,,Andes,Magdalena Cauca,Sogamoso,Río Sogamoso,2.7309091091156,3.4872727394104,4,4,0.601449251174927,0.829710125923157,1,1,1.04999995231628,2014,09,54,1.6,1.6,1.67999992370605,0,25.9335517883301,2014-09-01,24.2399425506592,14.6044301986694,12.7400131225586
24060050,Pluviométrica,Convencional,Santander,Los Santos,6.7592,-73.0928,1460,11/15/1973,,Andes,Magdalena Cauca,Sogamoso,Río Sogamoso,2.7309091091156,3.4872727394104,4,4,0.601449251174927,0.829710125923157,1,1,1.03999996185303,2014,10,55,20.2,20.2,21.0079992294312,0,22.3305912017822,2014-10-01,8.30720520019531,24.4995956420898,16.8779983520508
24060050,Pluviométrica,Convencional,Santander,Los Santos,6.7592,-73.0928,1460,11/15/1973,,Andes,Magdalena Cauca,Sogamoso,Río Sogamoso,2.7309091091156,3.4872727394104,4,4,0.601449251174927,0.829710125923157,1,1,1.03999996185303,2014,10,56,34.3,34.3,35.6719986915588,0,35.0332221984863,2014-10-01,22.7146282196045,44.5156669616699,33.2567939758301
24060050,Pluviométrica,Convencional,Santander,Los Santos,6.7592,-73.0928,1460,11/15/1973,,Andes,Magdalena Cauca,Sogamoso,Río Sogamoso,2.7309091091156,3.4872727394104,4,4,0.601449251174927,0.829710125923157,1,1,1.03999996185303,2014,10,57,34.5,34.5,35.8799986839294,0,58.0693130493164,2014-10-01,54.2808418273926,58.2622222900391,51.7737922668457
24060050,Pluviométrica,Convencional,Santander,Los Santos,6.7592,-73.0928,1460,11/15/1973,,Andes,Magdalena Cauca,Sogamoso,Río Sogamoso,2.7309091091156,3.4872727394104,4,4,0.601449251174927,0.829710125923157,1,1,1.03999996185303,2014,10,58,55.2,55.2,57.4079978942871,0,53.7292327880859,2014-10-01,50.0044097900391,42.2096099853516,37.3932228088379
24060050,Pluviométrica,Convencional,Santander,Los Santos,6.7592,-73.0928,1460,11/15/1973,,Andes,Magdalena Cauca,Sogamoso,Río Sogamoso,2.7309091091156,3.4872727394104,4,4,0.601449251174927,0.829710125923157,1,1,1.03999996185303,2014,10,59,10,10,10.3999996185303,0,27.0072250366211,2014-10-01,15.1661233901978,17.1728363037109,13.0145444869995
24060050,Pluviométrica,Convencional,Santander,Los Santos,6.7592,-73.0928,1460,11/15/1973,,Andes,Magdalena Cauca,Sogamoso,Río Sogamoso,2.7309091091156,3.4872727394104,4,4,0.601449251174927,0.829710125923157,1,1,1.03999996185303,2014,10,60,8.9,8.9,9.25599966049194,0,46.2274932861328,2014-10-01,28.685754776001,33.7223625183105,24.4221477508545
24060050,Pluviométrica,Convencional,Santander,Los Santos,6.7592,-73.0928,1460,11/15/1973,,Andes,Magdalena Cauca,Sogamoso,Río Sogamoso,2.7309091091156,3.4872727394104,4,4,0.601449251174927,0.829710125923157,1,1,1.03999996185303,2014,11,61,11.5,11.5,11.9599995613098,0,35.6007804870606,2014-11-01,24.976978302002,28.0407180786133,29.1021003723145
24060050,Pluviométrica,Convencional,Santander,Los Santos,6.7592,-73.0928,1460,11/15/1973,,Andes,Magdalena Cauca,Sogamoso,Río Sogamoso,2.7309091091156,3.4872727394104,4,4,0.601449251174927,0.829710125923157,1,1,1.03999996185303,2014,11,62,44.8,44.8,46.5919982910156,0,34.2993888854981,2014-11-01,21.2488994598389,46.5497550964356,48.0411567687988
24060050,Pluviométrica,Convencional,Santander,Los Santos,6.7592,-73.0928,1460,11/15/1973,,Andes,Magdalena Cauca,Sogamoso,Río Sogamoso,2.7309091091156,3.4872727394104,4,4,0.601449251174927,0.829710125923157,1,1,1.03999996185303,2014,11,63,25,25,25.9999990463257,0,14.4870185852051,2014-11-01,0.220634937286377,24.2761554718018,1.06112825870514
24060050,Pluviométrica,Convencional,Santander,Los Santos,6.7592,-73.0928,1460,11/15/1973,,Andes,Magdalena Cauca,Sogamoso,Río Sogamoso,2.7309091091156,3.4872727394104,4,4,0.601449251174927,0.829710125923157,1,1,1.03999996185303,2014,11,64,12.3,12.3,12.7919995307922,0,31.0316162109375,2014-11-01,17.3180732727051,14.6480350494385,11.8548536300659
24060050,Pluviométrica,Convencional,Santander,Los Santos,6.7592,-73.0928,1460,11/15/1973,,Andes,Magdalena Cauca,Sogamoso,Río Sogamoso,2.7309091091156,3.4872727394104,4,4,0.601449251174927,0.829710125923157,1,1,1.03999996185303,2014,11,65,0,0,0,0,11.0398321151733,2014-11-01,0.558928608894348,8.30563449859619,1.14469814300537
24060050,Pluviométrica,Convencional,Santander,Los Santos,6.7592,-73.0928,1460,11/15/1973,,Andes,Magdalena Cauca,Sogamoso,Río Sogamoso,2.7309091091156,3.4872727394104,4,4,0.601449251174927,0.829710125923157,1,1,1.03999996185303,2014,11,66,3,3,3.11999988555908,0,14.5916814804077,2014-11-01,1.92486751079559,7.54741621017456,1.79727792739868
24060050,Pluviométrica,Convencional,Santander,Los Santos,6.7592,-73.0928,1460,11/15/1973,,Andes,Magdalena Cauca,Sogamoso,Río Sogamoso,2.7309091091156,3.4872727394104,4,4,0.601449251174927,0.829710125923157,1,1,1.05999994277954,2014,12,67,0,0,0,0,22.0562076568604,2014-12-01,20.9171619415283,7.56537771224976,7.34344053268433
24060050,Pluviométrica,Convencional,Santander,Los Santos,6.7592,-73.0928,1460,11/15/1973,,Andes,Magdalena Cauca,Sogamoso,Río Sogamoso,2.7309091091156,3.4872727394104,4,4,0.601449251174927,0.829710125923157,1,1,1.05999994277954,2014,12,68,15.5,15.5,16.4299991130829,0,23.617769241333,2014-12-01,28.3960704803467,18.5890369415283,18.9476108551025
24060050,Pluviométrica,Convencional,Santander,Los Santos,6.7592,-73.0928,1460,11/15/1973,,Andes,Magdalena Cauca,Sogamoso,Río Sogamoso,2.7309091091156,3.4872727394104,4,4,0.601449251174927,0.829710125923157,1,1,1.05999994277954,2014,12,69,0,0,0,0,13.4565982818604,2014-12-01,10.8806171417236,10.3986940383911,8.67203426361084
24060050,Pluviométrica,Convencional,Santander,Los Santos,6.7592,-73.0928,1460,11/15/1973,,Andes,Magdalena Cauca,Sogamoso,Río Sogamoso,2.7309091091156,3.4872727394104,4,4,0.601449251174927,0.829710125923157,1,1,1.05999994277954,2014,12,70,0,0,0,0,4.99596738815308,2014-12-01,0,2.28211688995361,0
24060050,Pluviométrica,Convencional,Santander,Los Santos,6.7592,-73.0928,1460,11/15/1973,,Andes,Magdalena Cauca,Sogamoso,Río Sogamoso,2.7309091091156,3.4872727394104,4,4,0.601449251174927,0.829710125923157,1,1,1.05999994277954,2014,12,71,0,0,0,0,5.13272619247437,2014-12-01,0,2.13850069046021,0
24060050,Pluviométrica,Convencional,Santander,Los Santos,6.7592,-73.0928,1460,11/15/1973,,Andes,Magdalena Cauca,Sogamoso,Río Sogamoso,2.7309091091156,3.4872727394104,4,4,0.601449251174927,0.829710125923157,1,1,1.05999994277954,2014,12,72,0,0,0,0,7.45804357528687,2014-12-01,0,2.68360447883606,0
24060050,Pluviométrica,Convencional,Santander,Los Santos,6.7592,-73.0928,1460,11/15/1973,,Andes,Magdalena Cauca,Sogamoso,Río Sogamoso,2.7309091091156,3.4872727394104,4,4,0.601449251174927,0.829710125923157,1,1,1.07000005245209,2015,01,1,0,0,0,0,4.52473020553589,2015-01-01,0,2.38911557197571,0
24060050,Pluviométrica,Convencional,Santander,Los Santos,6.7592,-73.0928,1460,11/15/1973,,Andes,Magdalena Cauca,Sogamoso,Río Sogamoso,2.7309091091156,3.4872727394104,4,4,0.601449251174927,0.829710125923157,1,1,1.07000005245209,2015,01,2,0,0,0,0,4.61682510375977,2015-01-01,0,2.3819408416748,0
24060050,Pluviométrica,Convencional,Santander,Los Santos,6.7592,-73.0928,1460,11/15/1973,,Andes,Magdalena Cauca,Sogamoso,Río Sogamoso,2.7309091091156,3.4872727394104,4,4,0.601449251174927,0.829710125923157,1,1,1.07000005245209,2015,01,3,0,0,0,0,11.1737575531006,2015-01-01,5.10778713226318,11.8338766098022,2.92120146751404
24060050,Pluviométrica,Convencional,Santander,Los Santos,6.7592,-73.0928,1460,11/15/1973,,Andes,Magdalena Cauca,Sogamoso,Río Sogamoso,2.7309091091156,3.4872727394104,4,4,0.601449251174927,0.829710125923157,1,1,1.07000005245209,2015,01,4,0,0,0,0,18.622013092041,2015-01-01,12.2975816726685,20.4624443054199,5.00187206268311
24060050,Pluviométrica,Convencional,Santander,Los Santos,6.7592,-73.0928,1460,11/15/1973,,Andes,Magdalena Cauca,Sogamoso,Río Sogamoso,2.7309091091156,3.4872727394104,4,4,0.601449251174927,0.829710125923157,1,1,1.07000005245209,2015,01,5,10.3,10.3,11.0210005402565,0,15.8702774047852,2015-01-01,16.7726993560791,5.76281595230103,11.0702133178711
24060050,Pluviométrica,Convencional,Santander,Los Santos,6.7592,-73.0928,1460,11/15/1973,,Andes,Magdalena Cauca,Sogamoso,Río Sogamoso,2.7309091091156,3.4872727394104,4,4,0.601449251174927,0.829710125923157,1,1,1.07000005245209,2015,01,6,0.6,0.6,0.642000031471252,0,24.437126159668,2015-01-01,23.2750091552734,14.5247497558594,12.9971542358398
24060050,Pluviométrica,Convencional,Santander,Los Santos,6.7592,-73.0928,1460,11/15/1973,,Andes,Magdalena Cauca,Sogamoso,Río Sogamoso,2.7309091091156,3.4872727394104,4,4,0.601449251174927,0.829710125923157,1,1,1.05999994277954,2015,02,7,4.7,4.7,4.98199973106384,0,32.6114044189453,2015-02-01,46.7236061096191,29.5839729309082,32.4945945739746
24060050,Pluviométrica,Convencional,Santander,Los Santos,6.7592,-73.0928,1460,11/15/1973,,Andes,Magdalena Cauca,Sogamoso,Río Sogamoso,2.7309091091156,3.4872727394104,4,4,0.601449251174927,0.829710125923157,1,1,1.05999994277954,2015,02,8,17.5,17.5,18.549998998642,0,29.6730098724365,2015-02-01,46.5798110961914,39.3543434143066,28.1503372192383
24060050,Pluviométrica,Convencional,Santander,Los Santos,6.7592,-73.0928,1460,11/15/1973,,Andes,Magdalena Cauca,Sogamoso,Río Sogamoso,2.7309091091156,3.4872727394104,4,4,0.601449251174927,0.829710125923157,1,1,1.05999994277954,2015,02,9,0,0,0,0,17.3028049468994,2015-02-01,18.8163089752197,7.76069736480713,7.05629396438599
24060050,Pluviométrica,Convencional,Santander,Los Santos,6.7592,-73.0928,1460,11/15/1973,,Andes,Magdalena Cauca,Sogamoso,Río Sogamoso,2.7309091091156,3.4872727394104,4,4,0.601449251174927,0.829710125923157,1,1,1.05999994277954,2015,02,10,2.5,2.5,2.64999985694885,0,5.07951068878174,2015-02-01,1.19419276714325,13.7155847549438,2.88658976554871
24060050,Pluviométrica,Convencional,Santander,Los Santos,6.7592,-73.0928,1460,11/15/1973,,Andes,Magdalena Cauca,Sogamoso,Río Sogamoso,2.7309091091156,3.4872727394104,4,4,0.601449251174927,0.829710125923157,1,1,1.05999994277954,2015,02,11,0,0,0,0,5.14134120941162,2015-02-01,0.215412616729736,11.5822591781616,0.247441276907921
24060050,Pluviométrica,Convencional,Santander,Los Santos,6.7592,-73.0928,1460,11/15/1973,,Andes,Magdalena Cauca,Sogamoso,Río Sogamoso,2.7309091091156,3.4872727394104,4,4,0.601449251174927,0.829710125923157,1,1,1.05999994277954,2015,02,12,0,0,0,0,2.12743330001831,2015-02-01,0,1.40531945228577,0
24060050,Pluviométrica,Convencional,Santander,Los Santos,6.7592,-73.0928,1460,11/15/1973,,Andes,Magdalena Cauca,Sogamoso,Río Sogamoso,2.7309091091156,3.4872727394104,4,4,0.601449251174927,0.829710125923157,1,1,1.05999994277954,2015,03,13,0,0,0,0,10.8041381835938,2015-03-01,7.78367233276367,5.1007924079895,6.23868227005005
24060050,Pluviométrica,Convencional,Santander,Los Santos,6.7592,-73.0928,1460,11/15/1973,,Andes,Magdalena Cauca,Sogamoso,Río Sogamoso,2.7309091091156,3.4872727394104,4,4,0.601449251174927,0.829710125923157,1,1,1.05999994277954,2015,03,14,28,28,29.6799983978272,0,8.64793968200684,2015-03-01,2.80516672134399,23.249906539917,12.7010183334351
24060050,Pluviométrica,Convencional,Santander,Los Santos,6.7592,-73.0928,1460,11/15/1973,,Andes,Magdalena Cauca,Sogamoso,Río Sogamoso,2.7309091091156,3.4872727394104,4,4,0.601449251174927,0.829710125923157,1,1,1.05999994277954,2015,03,15,0.1,0.1,0.105999994277954,0,12.9745149612427,2015-03-01,9.05588054656982,8.19575881958008,7.9500036239624
24060050,Pluviométrica,Convencional,Santander,Los Santos,6.7592,-73.0928,1460,11/15/1973,,Andes,Magdalena Cauca,Sogamoso,Río Sogamoso,2.7309091091156,3.4872727394104,4,4,0.601449251174927,0.829710125923157,1,1,1.05999994277954,2015,03,16,9.3,9.3,9.85799946784973,0,12.9150352478027,2015-03-01,10.212423324585,30.3697986602783,21.6192874908447
24060050,Pluviométrica,Convencional,Santander,Los Santos,6.7592,-73.0928,1460,11/15/1973,,Andes,Magdalena Cauca,Sogamoso,Río Sogamoso,2.7309091091156,3.4872727394104,4,4,0.601449251174927,0.829710125923157,1,1,1.05999994277954,2015,03,17,0,0,0,0,4.0909628868103,2015-03-01,0,5.22299194335938,0
24060050,Pluviométrica,Convencional,Santander,Los Santos,6.7592,-73.0928,1460,11/15/1973,,Andes,Magdalena Cauca,Sogamoso,Río Sogamoso,2.7309091091156,3.4872727394104,4,4,0.601449251174927,0.829710125923157,1,1,1.05999994277954,2015,03,18,8.4,8.4,8.90399951934815,0,17.9847469329834,2015-03-01,10.717625617981,20.568021774292,11.038836479187
24060050,Pluviométrica,Convencional,Santander,Los Santos,6.7592,-73.0928,1460,11/15/1973,,Andes,Magdalena Cauca,Sogamoso,Río Sogamoso,2.7309091091156,3.4872727394104,4,4,0.601449251174927,0.829710125923157,1,1,1.04999995231628,2015,04,19,8.7,8.7,9.13499958515167,0,19.5403957366943,2015-04-01,25.1453552246094,9.34316730499268,19.7421989440918
24060050,Pluviométrica,Convencional,Santander,Los Santos,6.7592,-73.0928,1460,11/15/1973,,Andes,Magdalena Cauca,Sogamoso,Río Sogamoso,2.7309091091156,3.4872727394104,4,4,0.601449251174927,0.829710125923157,1,1,1.04999995231628,2015,04,20,30.4,30.4,31.919998550415,0,32.1640586853027,2015-04-01,29.2845363616943,29.0804786682129,19.6926403045654
24060050,Pluviométrica,Convencional,Santander,Los Santos,6.7592,-73.0928,1460,11/15/1973,,Andes,Magdalena Cauca,Sogamoso,Río Sogamoso,2.7309091091156,3.4872727394104,4,4,0.601449251174927,0.829710125923157,1,1,1.04999995231628,2015,04,21,0.5,0.5,0.524999976158142,0,43.9520111083984,2015-04-01,40.2798080444336,14.3845996856689,14.416130065918
24060050,Pluviométrica,Convencional,Santander,Los Santos,6.7592,-73.0928,1460,11/15/1973,,Andes,Magdalena Cauca,Sogamoso,Río Sogamoso,2.7309091091156,3.4872727394104,4,4,0.601449251174927,0.829710125923157,1,1,1.04999995231628,2015,04,22,22.3,22.3,23.4149989366531,0,29.8184032440186,2015-04-01,28.9795742034912,16.1572704315186,35.6838607788086
24060050,Pluviométrica,Convencional,Santander,Los Santos,6.7592,-73.0928,1460,11/15/1973,,Andes,Magdalena Cauca,Sogamoso,Río Sogamoso,2.7309091091156,3.4872727394104,4,4,0.601449251174927,0.829710125923157,1,1,1.04999995231628,2015,04,23,0,0,0,0,28.6623420715332,2015-04-01,26.1506156921387,32.3632316589356,10.7580442428589
24060050,Pluviométrica,Convencional,Santander,Los Santos,6.7592,-73.0928,1460,11/15/1973,,Andes,Magdalena Cauca,Sogamoso,Río Sogamoso,2.7309091091156,3.4872727394104,4,4,0.601449251174927,0.829710125923157,1,1,1.04999995231628,2015,04,24,0,0,0,0,6.99227237701416,2015-04-01,0,3.73708939552307,0
24060050,Pluviométrica,Convencional,Santander,Los Santos,6.7592,-73.0928,1460,11/15/1973,,Andes,Magdalena Cauca,Sogamoso,Río Sogamoso,2.7309091091156,3.4872727394104,4,4,0.601449251174927,0.829710125923157,1,1,1.03999996185303,2015,05,25,0,0,0,0,13.1472244262695,2015-05-01,1.40505027770996,15.1940631866455,1.3196986913681
24060050,Pluviométrica,Convencional,Santander,Los Santos,6.7592,-73.0928,1460,11/15/1973,,Andes,Magdalena Cauca,Sogamoso,Río Sogamoso,2.7309091091156,3.4872727394104,4,4,0.601449251174927,0.829710125923157,1,1,1.03999996185303,2015,05,26,0,0,0,0,26.1638050079346,2015-05-01,14.0852966308594,9.63867282867432,6.21604728698731
24060050,Pluviométrica,Convencional,Santander,Los Santos,6.7592,-73.0928,1460,11/15/1973,,Andes,Magdalena Cauca,Sogamoso,Río Sogamoso,2.7309091091156,3.4872727394104,4,4,0.601449251174927,0.829710125923157,1,1,1.03999996185303,2015,05,27,0,0,0,0,40.6550827026367,2015-05-01,34.6292457580566,14.4737167358398,12.5924139022827
24060050,Pluviométrica,Convencional,Santander,Los Santos,6.7592,-73.0928,1460,11/15/1973,,Andes,Magdalena Cauca,Sogamoso,Río Sogamoso,2.7309091091156,3.4872727394104,4,4,0.601449251174927,0.829710125923157,1,1,1.03999996185303,2015,05,28,26.6,26.6,27.6639989852905,0,51.7184791564942,2015-05-01,49.0906066894531,42.3013572692871,38.238826751709
24060050,Pluviométrica,Convencional,Santander,Los Santos,6.7592,-73.0928,1460,11/15/1973,,Andes,Magdalena Cauca,Sogamoso,Río Sogamoso,2.7309091091156,3.4872727394104,4,4,0.601449251174927,0.829710125923157,1,1,1.03999996185303,2015,05,29,17.2,17.2,17.8879993438721,0,36.9694404602051,2015-05-01,27.5376396179199,17.2348880767822,17.001277923584
24060050,Pluviométrica,Convencional,Santander,Los Santos,6.7592,-73.0928,1460,11/15/1973,,Andes,Magdalena Cauca,Sogamoso,Río Sogamoso,2.7309091091156,3.4872727394104,4,4,0.601449251174927,0.829710125923157,1,1,1.03999996185303,2015,05,30,13.5,13.5,14.0399994850159,0,39.8573799133301,2015-05-01,21.7467555999756,33.2107696533203,22.4544582366943
24060050,Pluviométrica,Convencional,Santander,Los Santos,6.7592,-73.0928,1460,11/15/1973,,Andes,Magdalena Cauca,Sogamoso,Río Sogamoso,2.7309091091156,3.4872727394104,4,4,0.601449251174927,0.829710125923157,1,1,1.04999995231628,2015,06,31,13.2,13.2,13.859999370575,0,27.7412967681885,2015-06-01,21.2615737915039,16.2350063323975,12.1449222564697
24060050,Pluviométrica,Convencional,Santander,Los Santos,6.7592,-73.0928,1460,11/15/1973,,Andes,Magdalena Cauca,Sogamoso,Río Sogamoso,2.7309091091156,3.4872727394104,4,4,0.601449251174927,0.829710125923157,1,1,1.04999995231628,2015,06,32,14.8,14.8,15.539999294281,0,17.5670490264893,2015-06-01,6.39727306365967,8.65627098083496,12.4416208267212
24060050,Pluviométrica,Convencional,Santander,Los Santos,6.7592,-73.0928,1460,11/15/1973,,Andes,Magdalena Cauca,Sogamoso,Río Sogamoso,2.7309091091156,3.4872727394104,4,4,0.601449251174927,0.829710125923157,1,1,1.04999995231628,2015,06,33,8.2,8.2,8.60999960899353,0,24.787992477417,2015-06-01,17.9014167785645,8.36357021331787,17.4820518493652
24060050,Pluviométrica,Convencional,Santander,Los Santos,6.7592,-73.0928,1460,11/15/1973,,Andes,Magdalena Cauca,Sogamoso,Río Sogamoso,2.7309091091156,3.4872727394104,4,4,0.601449251174927,0.829710125923157,1,1,1.04999995231628,2015,06,34,0,0,0,0,14.8464384078979,2015-06-01,3.55711984634399,4.89448261260986,2.4306743144989
24060050,Pluviométrica,Convencional,Santander,Los Santos,6.7592,-73.0928,1460,11/15/1973,,Andes,Magdalena Cauca,Sogamoso,Río Sogamoso,2.7309091091156,3.4872727394104,4,4,0.601449251174927,0.829710125923157,1,1,1.04999995231628,2015,06,35,0,0,0,0,13.3137311935425,2015-06-01,0,8.18306732177734,0
24060050,Pluviométrica,Convencional,Santander,Los Santos,6.7592,-73.0928,1460,11/15/1973,,Andes,Magdalena Cauca,Sogamoso,Río Sogamoso,2.7309091091156,3.4872727394104,4,4,0.601449251174927,0.829710125923157,1,1,1.04999995231628,2015,06,36,4.5,4.5,4.72499978542328,0,13.1531991958618,2015-06-01,0.521098136901856,6.08374929428101,1.58612370491028
24060050,Pluviométrica,Convencional,Santander,Los Santos,6.7592,-73.0928,1460,11/15/1973,,Andes,Magdalena Cauca,Sogamoso,Río Sogamoso,2.7309091091156,3.4872727394104,4,4,0.601449251174927,0.829710125923157,1,1,1.04999995231628,2015,07,37,0,0,0,0,15.5622568130493,2015-07-01,10.0675592422485,13.8622589111328,4.18501377105713
24060050,Pluviométrica,Convencional,Santander,Los Santos,6.7592,-73.0928,1460,11/15/1973,,Andes,Magdalena Cauca,Sogamoso,Río Sogamoso,2.7309091091156,3.4872727394104,4,4,0.601449251174927,0.829710125923157,1,1,1.04999995231628,2015,07,38,13.4,13.4,14.0699993610382,0,34.9427146911621,2015-07-01,47.7055358886719,11.5343904495239,19.0368423461914
24060050,Pluviométrica,Convencional,Santander,Los Santos,6.7592,-73.0928,1460,11/15/1973,,Andes,Magdalena Cauca,Sogamoso,Río Sogamoso,2.7309091091156,3.4872727394104,4,4,0.601449251174927,0.829710125923157,1,1,1.04999995231628,2015,07,39,2.3,2.3,2.41499989032745,0,28.8142509460449,2015-07-01,39.3952293395996,20.0699081420898,15.7914524078369
24060050,Pluviométrica,Convencional,Santander,Los Santos,6.7592,-73.0928,1460,11/15/1973,,Andes,Magdalena Cauca,Sogamoso,Río Sogamoso,2.7309091091156,3.4872727394104,4,4,0.601449251174927,0.829710125923157,1,1,1.04999995231628,2015,07,40,11,11,11.5499994754791,0,15.7780876159668,2015-07-01,11.3394527435303,11.8796663284302,13.6697311401367
24060050,Pluviométrica,Convencional,Santander,Los Santos,6.7592,-73.0928,1460,11/15/1973,,Andes,Magdalena Cauca,Sogamoso,Río Sogamoso,2.7309091091156,3.4872727394104,4,4,0.601449251174927,0.829710125923157,1,1,1.04999995231628,2015,07,41,31.2,31.2,32.7599985122681,0,11.8534650802612,2015-07-01,3.05554914474487,12.905104637146,7.72326517105103
24060050,Pluviométrica,Convencional,Santander,Los Santos,6.7592,-73.0928,1460,11/15/1973,,Andes,Magdalena Cauca,Sogamoso,Río Sogamoso,2.7309091091156,3.4872727394104,4,4,0.601449251174927,0.829710125923157,1,1,1.04999995231628,2015,07,42,4.5,4.5,4.72499978542328,0,30.9899368286133,2015-07-01,25.1398181915283,11.7175817489624,12.9875774383545
24060050,Pluviométrica,Convencional,Santander,Los Santos,6.7592,-73.0928,1460,11/15/1973,,Andes,Magdalena Cauca,Sogamoso,Río Sogamoso,2.7309091091156,3.4872727394104,4,4,0.601449251174927,0.829710125923157,1,1,1.04999995231628,2015,08,43,0,0,0,0,25.9279117584229,2015-08-01,19.8353805541992,13.8428926467896,8.32588481903076
24060050,Pluviométrica,Convencional,Santander,Los Santos,6.7592,-73.0928,1460,11/15/1973,,Andes,Magdalena Cauca,Sogamoso,Río Sogamoso,2.7309091091156,3.4872727394104,4,4,0.601449251174927,0.829710125923157,1,1,1.04999995231628,2015,08,44,62.6,62.6,65.7299970149994,0,49.6302719116211,2015-08-01,48.9370956420899,43.4201354980469,39.1146621704102
24060050,Pluviométrica,Convencional,Santander,Los Santos,6.7592,-73.0928,1460,11/15/1973,,Andes,Magdalena Cauca,Sogamoso,Río Sogamoso,2.7309091091156,3.4872727394104,4,4,0.601449251174927,0.829710125923157,1,1,1.04999995231628,2015,08,45,7,7,7.34999966621399,0,30.1565093994141,2015-08-01,18.1388378143311,9.83898735046387,14.3587560653687
24060050,Pluviométrica,Convencional,Santander,Los Santos,6.7592,-73.0928,1460,11/15/1973,,Andes,Magdalena Cauca,Sogamoso,Río Sogamoso,2.7309091091156,3.4872727394104,4,4,0.601449251174927,0.829710125923157,1,1,1.04999995231628,2015,08,46,3.2,3.2,3.35999984741211,0,22.2766361236572,2015-08-01,8.91513252258301,16.0813694000244,10.3985815048218
24060050,Pluviométrica,Convencional,Santander,Los Santos,6.7592,-73.0928,1460,11/15/1973,,Andes,Magdalena Cauca,Sogamoso,Río Sogamoso,2.7309091091156,3.4872727394104,4,4,0.601449251174927,0.829710125923157,1,1,1.04999995231628,2015,08,47,8.3,8.3,8.71499960422516,0,24.5304870605469,2015-08-01,13.6492471694946,13.8517961502075,11.21009349823
24060050,Pluviométrica,Convencional,Santander,Los Santos,6.7592,-73.0928,1460,11/15/1973,,Andes,Magdalena Cauca,Sogamoso,Río Sogamoso,2.7309091091156,3.4872727394104,4,4,0.601449251174927,0.829710125923157,1,1,1.04999995231628,2015,08,48,7.9,7.9,8.29499962329865,0,32.5581130981445,2015-08-01,18.8531551361084,30.562162399292,20.7188529968262
24060050,Pluviométrica,Convencional,Santander,Los Santos,6.7592,-73.0928,1460,11/15/1973,,Andes,Magdalena Cauca,Sogamoso,Río Sogamoso,2.7309091091156,3.4872727394104,4,4,0.601449251174927,0.829710125923157,1,1,1.04999995231628,2015,09,49,15.3,15.3,16.0649992704391,0,27.0538959503174,2015-09-01,24.7865657806397,11.0600690841675,12.9253091812134
24060050,Pluviométrica,Convencional,Santander,Los Santos,6.7592,-73.0928,1460,11/15/1973,,Andes,Magdalena Cauca,Sogamoso,Río Sogamoso,2.7309091091156,3.4872727394104,4,4,0.601449251174927,0.829710125923157,1,1,1.04999995231628,2015,09,50,7.2,7.2,7.55999965667725,0,45.1181297302246,2015-09-01,55.6817054748535,30.8477668762207,19.425609588623
24060050,Pluviométrica,Convencional,Santander,Los Santos,6.7592,-73.0928,1460,11/15/1973,,Andes,Magdalena Cauca,Sogamoso,Río Sogamoso,2.7309091091156,3.4872727394104,4,4,0.601449251174927,0.829710125923157,1,1,1.04999995231628,2015,09,51,0,0,0,0,20.8179759979248,2015-09-01,14.068302154541,4.94572687149048,6.98781394958496
24060050,Pluviométrica,Convencional,Santander,Los Santos,6.7592,-73.0928,1460,11/15/1973,,Andes,Magdalena Cauca,Sogamoso,Río Sogamoso,2.7309091091156,3.4872727394104,4,4,0.601449251174927,0.829710125923157,1,1,1.04999995231628,2015,09,52,17.2,17.2,18.0599991798401,0,32.7435493469238,2015-09-01,37.3988265991211,24.2715568542481,34.2394523620606
24060050,Pluviométrica,Convencional,Santander,Los Santos,6.7592,-73.0928,1460,11/15/1973,,Andes,Magdalena Cauca,Sogamoso,Río Sogamoso,2.7309091091156,3.4872727394104,4,4,0.601449251174927,0.829710125923157,1,1,1.04999995231628,2015,09,53,0,0,0,0,28.8205871582031,2015-09-01,30.7478294372559,15.9339036941528,12.7207660675049
24060050,Pluviométrica,Convencional,Santander,Los Santos,6.7592,-73.0928,1460,11/15/1973,,Andes,Magdalena Cauca,Sogamoso,Río Sogamoso,2.7309091091156,3.4872727394104,4,4,0.601449251174927,0.829710125923157,1,1,1.04999995231628,2015,09,54,0,0,0,0,25.3272094726563,2015-09-01,22.4476623535156,7.33850145339966,9.29014205932617
24060050,Pluviométrica,Convencional,Santander,Los Santos,6.7592,-73.0928,1460,11/15/1973,,Andes,Magdalena Cauca,Sogamoso,Río Sogamoso,2.7309091091156,3.4872727394104,4,4,0.601449251174927,0.829710125923157,1,1,1.03999996185303,2015,10,55,18.4,18.4,19.1359992980957,0,18.068660736084,2015-10-01,2.82957005500793,11.9469318389893,6.91995763778687
24060050,Pluviométrica,Convencional,Santander,Los Santos,6.7592,-73.0928,1460,11/15/1973,,Andes,Magdalena Cauca,Sogamoso,Río Sogamoso,2.7309091091156,3.4872727394104,4,4,0.601449251174927,0.829710125923157,1,1,1.03999996185303,2015,10,56,0,0,0,0,27.6480579376221,2015-10-01,14.2268533706665,7.73257207870483,5.24166059494019
24060050,Pluviométrica,Convencional,Santander,Los Santos,6.7592,-73.0928,1460,11/15/1973,,Andes,Magdalena Cauca,Sogamoso,Río Sogamoso,2.7309091091156,3.4872727394104,4,4,0.601449251174927,0.829710125923157,1,1,1.03999996185303,2015,10,57,8.2,8.2,8.52799968719483,0,34.9762306213379,2015-10-01,25.6514167785645,7.29650974273682,17.3897609710693
24060050,Pluviométrica,Convencional,Santander,Los Santos,6.7592,-73.0928,1460,11/15/1973,,Andes,Magdalena Cauca,Sogamoso,Río Sogamoso,2.7309091091156,3.4872727394104,4,4,0.601449251174927,0.829710125923157,1,1,1.03999996185303,2015,10,58,21.3,21.3,22.1519991874695,0,39.3881149291992,2015-10-01,34.3850517272949,25.4489250183106,30.9692878723145
24060050,Pluviométrica,Convencional,Santander,Los Santos,6.7592,-73.0928,1460,11/15/1973,,Andes,Magdalena Cauca,Sogamoso,Río Sogamoso,2.7309091091156,3.4872727394104,4,4,0.601449251174927,0.829710125923157,1,1,1.03999996185303,2015,10,59,25.2,25.2,26.2079990386963,0,40.3287963867188,2015-10-01,32.879035949707,8.62356376647949,21.2580318450928
24060050,Pluviométrica,Convencional,Santander,Los Santos,6.7592,-73.0928,1460,11/15/1973,,Andes,Magdalena Cauca,Sogamoso,Río Sogamoso,2.7309091091156,3.4872727394104,4,4,0.601449251174927,0.829710125923157,1,1,1.03999996185303,2015,10,60,0.7,0.7,0.727999973297119,0,43.202465057373,2015-10-01,25.1175765991211,9.42865371704102,9.27116870880127
24060050,Pluviométrica,Convencional,Santander,Los Santos,6.7592,-73.0928,1460,11/15/1973,,Andes,Magdalena Cauca,Sogamoso,Río Sogamoso,2.7309091091156,3.4872727394104,4,4,0.601449251174927,0.829710125923157,1,1,1.03999996185303,2015,11,61,40.6,40.6,42.2239984512329,0,36.8569297790527,2015-11-01,26.2244529724121,16.3645877838135,38.2683753967285
24060050,Pluviométrica,Convencional,Santander,Los Santos,6.7592,-73.0928,1460,11/15/1973,,Andes,Magdalena Cauca,Sogamoso,Río Sogamoso,2.7309091091156,3.4872727394104,4,4,0.601449251174927,0.829710125923157,1,1,1.03999996185303,2015,11,62,0,0,0,0,39.3173751831055,2015-11-01,24.9380016326904,38.603084564209,19.5470943450928
24060050,Pluviométrica,Convencional,Santander,Los Santos,6.7592,-73.0928,1460,11/15/1973,,Andes,Magdalena Cauca,Sogamoso,Río Sogamoso,2.7309091091156,3.4872727394104,4,4,0.601449251174927,0.829710125923157,1,1,1.03999996185303,2015,11,63,5.2,5.2,5.40799980163574,0,33.6477775573731,2015-11-01,19.6371936798096,12.3542881011963,13.2564535140991
24060050,Pluviométrica,Convencional,Santander,Los Santos,6.7592,-73.0928,1460,11/15/1973,,Andes,Magdalena Cauca,Sogamoso,Río Sogamoso,2.7309091091156,3.4872727394104,4,4,0.601449251174927,0.829710125923157,1,1,1.03999996185303,2015,11,64,24.5,24.5,25.4799990653992,0,69.3999328613281,2015-11-01,54.4621658325195,42.5492858886719,33.8089332580566
24060050,Pluviométrica,Convencional,Santander,Los Santos,6.7592,-73.0928,1460,11/15/1973,,Andes,Magdalena Cauca,Sogamoso,Río Sogamoso,2.7309091091156,3.4872727394104,4,4,0.601449251174927,0.829710125923157,1,1,1.03999996185303,2015,11,65,0,0,0,0,20.3045845031738,2015-11-01,8.42119026184082,8.27956867218018,5.69192171096802
24060050,Pluviométrica,Convencional,Santander,Los Santos,6.7592,-73.0928,1460,11/15/1973,,Andes,Magdalena Cauca,Sogamoso,Río Sogamoso,2.7309091091156,3.4872727394104,4,4,0.601449251174927,0.829710125923157,1,1,1.03999996185303,2015,11,66,0,0,0,0,10.7318429946899,2015-11-01,0.458773493766785,10.5368747711182,0.48196542263031
24060050,Pluviométrica,Convencional,Santander,Los Santos,6.7592,-73.0928,1460,11/15/1973,,Andes,Magdalena Cauca,Sogamoso,Río Sogamoso,2.7309091091156,3.4872727394104,4,4,0.601449251174927,0.829710125923157,1,1,1.05999994277954,2015,12,67,0,0,0,0,16.2520294189453,2015-12-01,13.8671016693115,10.9953508377075,6.05439472198486
24060050,Pluviométrica,Convencional,Santander,Los Santos,6.7592,-73.0928,1460,11/15/1973,,Andes,Magdalena Cauca,Sogamoso,Río Sogamoso,2.7309091091156,3.4872727394104,4,4,0.601449251174927,0.829710125923157,1,1,1.05999994277954,2015,12,68,0,0,0,0,9.41739368438721,2015-12-01,5.40899896621704,2.77946376800537,3.21971702575684
24060050,Pluviométrica,Convencional,Santander,Los Santos,6.7592,-73.0928,1460,11/15/1973,,Andes,Magdalena Cauca,Sogamoso,Río Sogamoso,2.7309091091156,3.4872727394104,4,4,0.601449251174927,0.829710125923157,1,1,1.05999994277954,2015,12,69,16,16,16.9599990844727,0,25.0319156646729,2015-12-01,28.4031448364258,7.28909397125244,14.9040212631226
24060050,Pluviométrica,Convencional,Santander,Los Santos,6.7592,-73.0928,1460,11/15/1973,,Andes,Magdalena Cauca,Sogamoso,Río Sogamoso,2.7309091091156,3.4872727394104,4,4,0.601449251174927,0.829710125923157,1,1,1.05999994277954,2015,12,70,0.1,0.1,0.105999994277954,0,8.78055953979492,2015-12-01,3.50519847869873,2.77091979980469,4.47206258773804
24060050,Pluviométrica,Convencional,Santander,Los Santos,6.7592,-73.0928,1460,11/15/1973,,Andes,Magdalena Cauca,Sogamoso,Río Sogamoso,2.7309091091156,3.4872727394104,4,4,0.601449251174927,0.829710125923157,1,1,1.05999994277954,2015,12,71,0,0,0,0,5.13272619247437,2015-12-01,0,1.71378529071808,0
24060050,Pluviométrica,Convencional,Santander,Los Santos,6.7592,-73.0928,1460,11/15/1973,,Andes,Magdalena Cauca,Sogamoso,Río Sogamoso,2.7309091091156,3.4872727394104,4,4,0.601449251174927,0.829710125923157,1,1,1.05999994277954,2015,12,72,0,0,0,0,7.45804357528687,2015-12-01,0,2.14209079742432,0
24060050,Pluviométrica,Convencional,Santander,Los Santos,6.7592,-73.0928,1460,11/15/1973,,Andes,Magdalena Cauca,Sogamoso,Río Sogamoso,2.7309091091156,3.4872727394104,4,4,0.601449251174927,0.829710125923157,1,1,1.07000005245209,2016,01,1,12.3,12.3,13.1610006451607,0,21.1628761291504,2016-01-01,13.8193616867065,12.6941614151001,21.0908355712891
24060050,Pluviométrica,Convencional,Santander,Los Santos,6.7592,-73.0928,1460,11/15/1973,,Andes,Magdalena Cauca,Sogamoso,Río Sogamoso,2.7309091091156,3.4872727394104,4,4,0.601449251174927,0.829710125923157,1,1,1.07000005245209,2016,01,2,0,0,0,0,4.61682510375977,2016-01-01,0,15.0717144012451,0
24060050,Pluviométrica,Convencional,Santander,Los Santos,6.7592,-73.0928,1460,11/15/1973,,Andes,Magdalena Cauca,Sogamoso,Río Sogamoso,2.7309091091156,3.4872727394104,4,4,0.601449251174927,0.829710125923157,1,1,1.07000005245209,2016,01,3,0,0,0,0,4.62817335128784,2016-01-01,0,15.1376190185547,0
24060050,Pluviométrica,Convencional,Santander,Los Santos,6.7592,-73.0928,1460,11/15/1973,,Andes,Magdalena Cauca,Sogamoso,Río Sogamoso,2.7309091091156,3.4872727394104,4,4,0.601449251174927,0.829710125923157,1,1,1.07000005245209,2016,01,4,0,0,0,0,4.52931594848633,2016-01-01,0,2.62690496444702,0
24060050,Pluviométrica,Convencional,Santander,Los Santos,6.7592,-73.0928,1460,11/15/1973,,Andes,Magdalena Cauca,Sogamoso,Río Sogamoso,2.7309091091156,3.4872727394104,4,4,0.601449251174927,0.829710125923157,1,1,1.07000005245209,2016,01,5,3.5,3.5,3.74500018358231,0,4.14520931243897,2016-01-01,0,3.82485675811768,0
24060050,Pluviométrica,Convencional,Santander,Los Santos,6.7592,-73.0928,1460,11/15/1973,,Andes,Magdalena Cauca,Sogamoso,Río Sogamoso,2.7309091091156,3.4872727394104,4,4,0.601449251174927,0.829710125923157,1,1,1.07000005245209,2016,01,6,0,0,0,0,5.24703168869019,2016-01-01,0,2.72304391860962,0
24060050,Pluviométrica,Convencional,Santander,Los Santos,6.7592,-73.0928,1460,11/15/1973,,Andes,Magdalena Cauca,Sogamoso,Río Sogamoso,2.7309091091156,3.4872727394104,4,4,0.601449251174927,0.829710125923157,1,1,1.05999994277954,2016,02,7,0.3,0.3,0.317999982833862,0,6.94871616363525,2016-02-01,1.53625452518463,5.75757884979248,4.1703314781189
24060050,Pluviométrica,Convencional,Santander,Los Santos,6.7592,-73.0928,1460,11/15/1973,,Andes,Magdalena Cauca,Sogamoso,Río Sogamoso,2.7309091091156,3.4872727394104,4,4,0.601449251174927,0.829710125923157,1,1,1.05999994277954,2016,02,8,0.2,0.2,0.211999988555908,0,4.93194770812988,2016-02-01,0.489398539066315,4.0865216255188,0.677244603633881
24060050,Pluviométrica,Convencional,Santander,Los Santos,6.7592,-73.0928,1460,11/15/1973,,Andes,Magdalena Cauca,Sogamoso,Río Sogamoso,2.7309091091156,3.4872727394104,4,4,0.601449251174927,0.829710125923157,1,1,1.05999994277954,2016,02,9,0.4,0.4,0.423999977111816,0,7.58291864395142,2016-02-01,5.92531538009644,6.28306770324707,7.7395167350769
24060050,Pluviométrica,Convencional,Santander,Los Santos,6.7592,-73.0928,1460,11/15/1973,,Andes,Magdalena Cauca,Sogamoso,Río Sogamoso,2.7309091091156,3.4872727394104,4,4,0.601449251174927,0.829710125923157,1,1,1.05999994277954,2016,02,10,13.2,13.2,13.9919992446899,0,26.0105838775635,2016-02-01,36.8680801391602,21.5518932342529,27.2521953582764
24060050,Pluviométrica,Convencional,Santander,Los Santos,6.7592,-73.0928,1460,11/15/1973,,Andes,Magdalena Cauca,Sogamoso,Río Sogamoso,2.7309091091156,3.4872727394104,4,4,0.601449251174927,0.829710125923157,1,1,1.05999994277954,2016,02,11,6.5,6.5,6.88999962806702,0,10.6680879592896,2016-02-01,8.50252914428711,8.83938217163086,19.7403907775879
24060050,Pluviométrica,Convencional,Santander,Los Santos,6.7592,-73.0928,1460,11/15/1973,,Andes,Magdalena Cauca,Sogamoso,Río Sogamoso,2.7309091091156,3.4872727394104,4,4,0.601449251174927,0.829710125923157,1,1,1.05999994277954,2016,02,12,0,0,0,0,2.64722871780396,2016-02-01,0,2.19344520568848,0
24060050,Pluviométrica,Convencional,Santander,Los Santos,6.7592,-73.0928,1460,11/15/1973,,Andes,Magdalena Cauca,Sogamoso,Río Sogamoso,2.7309091091156,3.4872727394104,4,4,0.601449251174927,0.829710125923157,1,1,1.05999994277954,2016,03,13,0.3,0.3,0.317999982833862,0,5.55098581314087,2016-03-01,0,2.50828289985657,0
24060050,Pluviométrica,Convencional,Santander,Los Santos,6.7592,-73.0928,1460,11/15/1973,,Andes,Magdalena Cauca,Sogamoso,Río Sogamoso,2.7309091091156,3.4872727394104,4,4,0.601449251174927,0.829710125923157,1,1,1.05999994277954,2016,03,14,1.1,1.1,1.1659999370575,0,12.0939311981201,2016-03-01,11.4647464752197,12.93980884552,13.887526512146
24060050,Pluviométrica,Convencional,Santander,Los Santos,6.7592,-73.0928,1460,11/15/1973,,Andes,Magdalena Cauca,Sogamoso,Río Sogamoso,2.7309091091156,3.4872727394104,4,4,0.601449251174927,0.829710125923157,1,1,1.05999994277954,2016,03,15,4,4,4.23999977111816,0,4.79929161071777,2016-03-01,0,1.83308172225952,0
24060050,Pluviométrica,Convencional,Santander,Los Santos,6.7592,-73.0928,1460,11/15/1973,,Andes,Magdalena Cauca,Sogamoso,Río Sogamoso,2.7309091091156,3.4872727394104,4,4,0.601449251174927,0.829710125923157,1,1,1.05999994277954,2016,03,16,70.6,70.6,74.8359959602356,0,20.6885356903076,2016-03-01,23.4509353637695,18.5184574127197,25.5610294342041
24060050,Pluviométrica,Convencional,Santander,Los Santos,6.7592,-73.0928,1460,11/15/1973,,Andes,Magdalena Cauca,Sogamoso,Río Sogamoso,2.7309091091156,3.4872727394104,4,4,0.601449251174927,0.829710125923157,1,1,1.05999994277954,2016,03,17,0,0,0,0,4.0909628868103,2016-03-01,0,1.6158275604248,0
24060050,Pluviométrica,Convencional,Santander,Los Santos,6.7592,-73.0928,1460,11/15/1973,,Andes,Magdalena Cauca,Sogamoso,Río Sogamoso,2.7309091091156,3.4872727394104,4,4,0.601449251174927,0.829710125923157,1,1,1.05999994277954,2016,03,18,42.5,42.5,45.0499975681305,0,16.5393714904785,2016-03-01,8.74743366241455,34.0479545593262,17.4925193786621
24060050,Pluviométrica,Convencional,Santander,Los Santos,6.7592,-73.0928,1460,11/15/1973,,Andes,Magdalena Cauca,Sogamoso,Río Sogamoso,2.7309091091156,3.4872727394104,4,4,0.601449251174927,0.829710125923157,1,1,1.04999995231628,2016,04,19,32.6,32.6,34.2299984455109,0,16.5814666748047,2016-04-01,11.9144430160522,12.7204856872559,22.7192897796631
24060050,Pluviométrica,Convencional,Santander,Los Santos,6.7592,-73.0928,1460,11/15/1973,,Andes,Magdalena Cauca,Sogamoso,Río Sogamoso,2.7309091091156,3.4872727394104,4,4,0.601449251174927,0.829710125923157,1,1,1.04999995231628,2016,04,20,0,0,0,0,28.0769195556641,2016-04-01,25.7015228271484,21.5392322540283,11.2991075515747
24060050,Pluviométrica,Convencional,Santander,Los Santos,6.7592,-73.0928,1460,11/15/1973,,Andes,Magdalena Cauca,Sogamoso,Río Sogamoso,2.7309091091156,3.4872727394104,4,4,0.601449251174927,0.829710125923157,1,1,1.04999995231628,2016,04,21,0.1,0.1,0.104999995231628,0,9.64604377746582,2016-04-01,0,7.39997053146362,0
24060050,Pluviométrica,Convencional,Santander,Los Santos,6.7592,-73.0928,1460,11/15/1973,,Andes,Magdalena Cauca,Sogamoso,Río Sogamoso,2.7309091091156,3.4872727394104,4,4,0.601449251174927,0.829710125923157,1,1,1.04999995231628,2016,04,22,0,0,0,0,27.9785060882568,2016-04-01,25.9397449493408,21.4637336730957,15.7711477279663
24060050,Pluviométrica,Convencional,Santander,Los Santos,6.7592,-73.0928,1460,11/15/1973,,Andes,Magdalena Cauca,Sogamoso,Río Sogamoso,2.7309091091156,3.4872727394104,4,4,0.601449251174927,0.829710125923157,1,1,1.04999995231628,2016,04,23,6.5,6.5,6.82499969005585,0,19.2379932403564,2016-04-01,15.0514497756958,14.7584409713745,18.9948310852051
24060050,Pluviométrica,Convencional,Santander,Los Santos,6.7592,-73.0928,1460,11/15/1973,,Andes,Magdalena Cauca,Sogamoso,Río Sogamoso,2.7309091091156,3.4872727394104,4,4,0.601449251174927,0.829710125923157,1,1,1.04999995231628,2016,04,24,67.2,67.2,70.5599967956543,0,26.7156658172607,2016-04-01,21.6723155975342,20.4949455261231,44.0044326782227
24060050,Pluviométrica,Convencional,Santander,Los Santos,6.7592,-73.0928,1460,11/15/1973,,Andes,Magdalena Cauca,Sogamoso,Río Sogamoso,2.7309091091156,3.4872727394104,4,4,0.601449251174927,0.829710125923157,1,1,1.03999996185303,2016,05,25,9.8,9.8,10.1919996261597,0,44.7043113708496,2016-05-01,41.7182769775391,40.1071891784668,27.5915260314941
24060050,Pluviométrica,Convencional,Santander,Los Santos,6.7592,-73.0928,1460,11/15/1973,,Andes,Magdalena Cauca,Sogamoso,Río Sogamoso,2.7309091091156,3.4872727394104,4,4,0.601449251174927,0.829710125923157,1,1,1.03999996185303,2016,05,26,7.2,7.2,7.4879997253418,0,45.9888229370117,2016-05-01,41.4975929260254,31.733570098877,21.1648273468018
24060050,Pluviométrica,Convencional,Santander,Los Santos,6.7592,-73.0928,1460,11/15/1973,,Andes,Magdalena Cauca,Sogamoso,Río Sogamoso,2.7309091091156,3.4872727394104,4,4,0.601449251174927,0.829710125923157,1,1,1.03999996185303,2016,05,27,1.5,1.5,1.55999994277954,0,24.1353988647461,2016-05-01,10.9864339828491,10.1583700180054,6.22447061538696
24060050,Pluviométrica,Convencional,Santander,Los Santos,6.7592,-73.0928,1460,11/15/1973,,Andes,Magdalena Cauca,Sogamoso,Río Sogamoso,2.7309091091156,3.4872727394104,4,4,0.601449251174927,0.829710125923157,1,1,1.03999996185303,2016,05,28,6.4,6.4,6.65599975585938,0,20.1794757843018,2016-05-01,7.74125528335571,9.28133487701416,4.90093946456909
24060050,Pluviométrica,Convencional,Santander,Los Santos,6.7592,-73.0928,1460,11/15/1973,,Andes,Magdalena Cauca,Sogamoso,Río Sogamoso,2.7309091091156,3.4872727394104,4,4,0.601449251174927,0.829710125923157,1,1,1.03999996185303,2016,05,29,32,32,33.2799987792969,0,30.0192394256592,2016-05-01,18.4082450866699,34.7261352539063,25.6573448181152
24060050,Pluviométrica,Convencional,Santander,Los Santos,6.7592,-73.0928,1460,11/15/1973,,Andes,Magdalena Cauca,Sogamoso,Río Sogamoso,2.7309091091156,3.4872727394104,4,4,0.601449251174927,0.829710125923157,1,1,1.03999996185303,2016,05,30,66.1,66.1,68.7439974784851,0,85.7323989868164,2016-05-01,67.6953430175781,55.580265045166,48.1057968139649
24060050,Pluviométrica,Convencional,Santander,Los Santos,6.7592,-73.0928,1460,11/15/1973,,Andes,Magdalena Cauca,Sogamoso,Río Sogamoso,2.7309091091156,3.4872727394104,4,4,0.601449251174927,0.829710125923157,1,1,1.04999995231628,2016,06,31,0,0,0,0,11.8424224853516,2016-06-01,0,6.64639854431152,0
24060050,Pluviométrica,Convencional,Santander,Los Santos,6.7592,-73.0928,1460,11/15/1973,,Andes,Magdalena Cauca,Sogamoso,Río Sogamoso,2.7309091091156,3.4872727394104,4,4,0.601449251174927,0.829710125923157,1,1,1.04999995231628,2016,06,32,9.3,9.3,9.76499955654144,0,17.5670490264893,2016-06-01,6.39727306365967,9.85926818847656,9.38412189483643
24060050,Pluviométrica,Convencional,Santander,Los Santos,6.7592,-73.0928,1460,11/15/1973,,Andes,Magdalena Cauca,Sogamoso,Río Sogamoso,2.7309091091156,3.4872727394104,4,4,0.601449251174927,0.829710125923157,1,1,1.04999995231628,2016,06,33,16,16,16.7999992370605,0,16.9347057342529,2016-06-01,6.48438167572022,9.50437355041504,9.42193508148193
24060050,Pluviométrica,Convencional,Santander,Los Santos,6.7592,-73.0928,1460,11/15/1973,,Andes,Magdalena Cauca,Sogamoso,Río Sogamoso,2.7309091091156,3.4872727394104,4,4,0.601449251174927,0.829710125923157,1,1,1.04999995231628,2016,06,34,9.8,9.8,10.2899995326996,0,19.3707313537598,2016-06-01,11.5308952331543,10.8715600967407,13.3460826873779
24060050,Pluviométrica,Convencional,Santander,Los Santos,6.7592,-73.0928,1460,11/15/1973,,Andes,Magdalena Cauca,Sogamoso,Río Sogamoso,2.7309091091156,3.4872727394104,4,4,0.601449251174927,0.829710125923157,1,1,1.04999995231628,2016,06,35,0,0,0,0,23.0166282653809,2016-06-01,18.8075675964355,12.9177703857422,8.62746810913086
24060050,Pluviométrica,Convencional,Santander,Los Santos,6.7592,-73.0928,1460,11/15/1973,,Andes,Magdalena Cauca,Sogamoso,Río Sogamoso,2.7309091091156,3.4872727394104,4,4,0.601449251174927,0.829710125923157,1,1,1.04999995231628,2016,06,36,6.6,6.6,6.92999968528748,0,18.1743850708008,2016-06-01,8.35196685791016,10.2001276016235,6.72684717178345
24060050,Pluviométrica,Convencional,Santander,Los Santos,6.7592,-73.0928,1460,11/15/1973,,Andes,Magdalena Cauca,Sogamoso,Río Sogamoso,2.7309091091156,3.4872727394104,4,4,0.601449251174927,0.829710125923157,1,1,1.04999995231628,2016,07,37,1.6,1.6,1.67999992370605,0,28.7598114013672,2016-07-01,37.1453552246094,14.5203733444214,16.5411128997803
24060050,Pluviométrica,Convencional,Santander,Los Santos,6.7592,-73.0928,1460,11/15/1973,,Andes,Magdalena Cauca,Sogamoso,Río Sogamoso,2.7309091091156,3.4872727394104,4,4,0.601449251174927,0.829710125923157,1,1,1.04999995231628,2016,07,38,1.5,1.5,1.57499992847443,0,17.4752578735352,2016-07-01,13.495982170105,9.5118293762207,8.16840076446533
24060050,Pluviométrica,Convencional,Santander,Los Santos,6.7592,-73.0928,1460,11/15/1973,,Andes,Magdalena Cauca,Sogamoso,Río Sogamoso,2.7309091091156,3.4872727394104,4,4,0.601449251174927,0.829710125923157,1,1,1.04999995231628,2016,07,39,8.2,8.2,8.60999960899353,0,16.9258575439453,2016-07-01,13.0125646591187,9.13456535339355,12.4718179702759
24060050,Pluviométrica,Convencional,Santander,Los Santos,6.7592,-73.0928,1460,11/15/1973,,Andes,Magdalena Cauca,Sogamoso,Río Sogamoso,2.7309091091156,3.4872727394104,4,4,0.601449251174927,0.829710125923157,1,1,1.04999995231628,2016,07,40,14.5,14.5,15.2249993085861,0,14.3865966796875,2016-07-01,10.3088331222534,8.9356689453125,10.9174108505249
24060050,Pluviométrica,Convencional,Santander,Los Santos,6.7592,-73.0928,1460,11/15/1973,,Andes,Magdalena Cauca,Sogamoso,Río Sogamoso,2.7309091091156,3.4872727394104,4,4,0.601449251174927,0.829710125923157,1,1,1.04999995231628,2016,07,41,13.2,13.2,13.859999370575,0,15.801830291748,2016-07-01,10.7016229629517,24.2291488647461,20.0738849639893
24060050,Pluviométrica,Convencional,Santander,Los Santos,6.7592,-73.0928,1460,11/15/1973,,Andes,Magdalena Cauca,Sogamoso,Río Sogamoso,2.7309091091156,3.4872727394104,4,4,0.601449251174927,0.829710125923157,1,1,1.04999995231628,2016,07,42,27.3,27.3,28.6649986982346,0,25.1335201263428,2016-07-01,16.2953186035156,19.183235168457,19.6091632843018
24060050,Pluviométrica,Convencional,Santander,Los Santos,6.7592,-73.0928,1460,11/15/1973,,Andes,Magdalena Cauca,Sogamoso,Río Sogamoso,2.7309091091156,3.4872727394104,4,4,0.601449251174927,0.829710125923157,1,1,1.04999995231628,2016,08,43,8.5,8.5,8.92499959468842,0,24.660120010376,2016-08-01,16.5899028778076,17.3999671936035,12.7895460128784
24060050,Pluviométrica,Convencional,Santander,Los Santos,6.7592,-73.0928,1460,11/15/1973,,Andes,Magdalena Cauca,Sogamoso,Río Sogamoso,2.7309091091156,3.4872727394104,4,4,0.601449251174927,0.829710125923157,1,1,1.04999995231628,2016,08,44,0,0,0,0,28.2530517578125,2016-08-01,16.3676319122314,16.9746150970459,11.1513738632202
24060050,Pluviométrica,Convencional,Santander,Los Santos,6.7592,-73.0928,1460,11/15/1973,,Andes,Magdalena Cauca,Sogamoso,Río Sogamoso,2.7309091091156,3.4872727394104,4,4,0.601449251174927,0.829710125923157,1,1,1.04999995231628,2016,08,45,6.7,6.7,7.0349996805191,0,38.8873291015625,2016-08-01,32.7547416687012,18.4780960083008,17.2105846405029
24060050,Pluviométrica,Convencional,Santander,Los Santos,6.7592,-73.0928,1460,11/15/1973,,Andes,Magdalena Cauca,Sogamoso,Río Sogamoso,2.7309091091156,3.4872727394104,4,4,0.601449251174927,0.829710125923157,1,1,1.04999995231628,2016,08,46,3.3,3.3,3.46499984264374,0,24.2478809356689,2016-08-01,9.88577842712402,12.3639936447144,7.56921577453613
24060050,Pluviométrica,Convencional,Santander,Los Santos,6.7592,-73.0928,1460,11/15/1973,,Andes,Magdalena Cauca,Sogamoso,Río Sogamoso,2.7309091091156,3.4872727394104,4,4,0.601449251174927,0.829710125923157,1,1,1.04999995231628,2016,08,47,6.6,6.6,6.92999968528748,0,16.3331356048584,2016-08-01,1.26021718978882,15.9618444442749,4.68962574005127
24060050,Pluviométrica,Convencional,Santander,Los Santos,6.7592,-73.0928,1460,11/15/1973,,Andes,Magdalena Cauca,Sogamoso,Río Sogamoso,2.7309091091156,3.4872727394104,4,4,0.601449251174927,0.829710125923157,1,1,1.04999995231628,2016,08,48,13.6,13.6,14.2799993515015,0,45.3345642089844,2016-08-01,32.6446647644043,19.8722858428955,21.2156543731689
24060050,Pluviométrica,Convencional,Santander,Los Santos,6.7592,-73.0928,1460,11/15/1973,,Andes,Magdalena Cauca,Sogamoso,Río Sogamoso,2.7309091091156,3.4872727394104,4,4,0.601449251174927,0.829710125923157,1,1,1.04999995231628,2016,09,49,0,0,0,0,19.1749477386475,2016-09-01,12.5285415649414,19.2612819671631,11.9405965805054
24060050,Pluviométrica,Convencional,Santander,Los Santos,6.7592,-73.0928,1460,11/15/1973,,Andes,Magdalena Cauca,Sogamoso,Río Sogamoso,2.7309091091156,3.4872727394104,4,4,0.601449251174927,0.829710125923157,1,1,1.04999995231628,2016,09,50,4,4,4.19999980926514,0,21.1512145996094,2016-09-01,17.8363780975342,16.831413269043,13.3337497711182
24060050,Pluviométrica,Convencional,Santander,Los Santos,6.7592,-73.0928,1460,11/15/1973,,Andes,Magdalena Cauca,Sogamoso,Río Sogamoso,2.7309091091156,3.4872727394104,4,4,0.601449251174927,0.829710125923157,1,1,1.04999995231628,2016,09,51,2.5,2.5,2.62499988079071,0,20.182710647583,2016-09-01,15.978178024292,9.23255062103271,6.81332445144653
24060050,Pluviométrica,Convencional,Santander,Los Santos,6.7592,-73.0928,1460,11/15/1973,,Andes,Magdalena Cauca,Sogamoso,Río Sogamoso,2.7309091091156,3.4872727394104,4,4,0.601449251174927,0.829710125923157,1,1,1.04999995231628,2016,09,52,7.2,7.2,7.55999965667725,0,21.1735210418701,2016-09-01,18.5570125579834,13.610050201416,12.5861253738403
24060050,Pluviométrica,Convencional,Santander,Los Santos,6.7592,-73.0928,1460,11/15/1973,,Andes,Magdalena Cauca,Sogamoso,Río Sogamoso,2.7309091091156,3.4872727394104,4,4,0.601449251174927,0.829710125923157,1,1,1.04999995231628,2016,09,53,0,0,0,0,27.6387062072754,2016-09-01,26.1504783630371,8.81247615814209,7.6714334487915
24060050,Pluviométrica,Convencional,Santander,Los Santos,6.7592,-73.0928,1460,11/15/1973,,Andes,Magdalena Cauca,Sogamoso,Río Sogamoso,2.7309091091156,3.4872727394104,4,4,0.601449251174927,0.829710125923157,1,1,1.04999995231628,2016,09,54,0.9,0.9,0.944999957084656,0,11.3813810348511,2016-09-01,1.83646106719971,9.7952709197998,4.22702980041504
24060050,Pluviométrica,Convencional,Santander,Los Santos,6.7592,-73.0928,1460,11/15/1973,,Andes,Magdalena Cauca,Sogamoso,Río Sogamoso,2.7309091091156,3.4872727394104,4,4,0.601449251174927,0.829710125923157,1,1,1.03999996185303,2016,10,55,27.8,27.8,28.9119989395142,0,30.8544597625732,2016-10-01,21.0883560180664,29.4903545379639,33.7775001525879
24060050,Pluviométrica,Convencional,Santander,Los Santos,6.7592,-73.0928,1460,11/15/1973,,Andes,Magdalena Cauca,Sogamoso,Río Sogamoso,2.7309091091156,3.4872727394104,4,4,0.601449251174927,0.829710125923157,1,1,1.03999996185303,2016,10,56,15,15,15.5999994277954,0,27.6480579376221,2016-10-01,15.2449111938477,26.4257106781006,13.5601558685303
24060050,Pluviométrica,Convencional,Santander,Los Santos,6.7592,-73.0928,1460,11/15/1973,,Andes,Magdalena Cauca,Sogamoso,Río Sogamoso,2.7309091091156,3.4872727394104,4,4,0.601449251174927,0.829710125923157,1,1,1.03999996185303,2016,10,57,5.4,5.4,5.61599979400635,0,31.8971538543701,2016-10-01,17.4715805053711,30.4869499206543,17.297571182251
24060050,Pluviométrica,Convencional,Santander,Los Santos,6.7592,-73.0928,1460,11/15/1973,,Andes,Magdalena Cauca,Sogamoso,Río Sogamoso,2.7309091091156,3.4872727394104,4,4,0.601449251174927,0.829710125923157,1,1,1.03999996185303,2016,10,58,14.3,14.3,14.8719994544983,0,28.2339096069336,2016-10-01,19.8813667297363,26.9856624603272,19.2503509521484
24060050,Pluviométrica,Convencional,Santander,Los Santos,6.7592,-73.0928,1460,11/15/1973,,Andes,Magdalena Cauca,Sogamoso,Río Sogamoso,2.7309091091156,3.4872727394104,4,4,0.601449251174927,0.829710125923157,1,1,1.03999996185303,2016,10,59,40,40,41.5999984741211,0,25.3420257568359,2016-10-01,12.8044023513794,24.2216320037842,28.7737560272217
24060050,Pluviométrica,Convencional,Santander,Los Santos,6.7592,-73.0928,1460,11/15/1973,,Andes,Magdalena Cauca,Sogamoso,Río Sogamoso,2.7309091091156,3.4872727394104,4,4,0.601449251174927,0.829710125923157,1,1,1.03999996185303,2016,10,60,25.3,25.3,26.3119990348816,0,38.1607513427734,2016-10-01,15.6024303436279,36.4736289978027,19.6062660217285
24060050,Pluviométrica,Convencional,Santander,Los Santos,6.7592,-73.0928,1460,11/15/1973,,Andes,Magdalena Cauca,Sogamoso,Río Sogamoso,2.7309091091156,3.4872727394104,4,4,0.601449251174927,0.829710125923157,1,1,1.03999996185303,2016,11,61,23.8,23.8,24.7519990921021,0,55.6991920471192,2016-11-01,42.4416084289551,40.3196029663086,43.7703018188477
24060050,Pluviométrica,Convencional,Santander,Los Santos,6.7592,-73.0928,1460,11/15/1973,,Andes,Magdalena Cauca,Sogamoso,Río Sogamoso,2.7309091091156,3.4872727394104,4,4,0.601449251174927,0.829710125923157,1,1,1.03999996185303,2016,11,62,1.5,1.5,1.55999994277954,0,53.1168327331543,2016-11-01,39.6944084167481,25.0158786773682,23.9622497558594
24060050,Pluviométrica,Convencional,Santander,Los Santos,6.7592,-73.0928,1460,11/15/1973,,Andes,Magdalena Cauca,Sogamoso,Río Sogamoso,2.7309091091156,3.4872727394104,4,4,0.601449251174927,0.829710125923157,1,1,1.03999996185303,2016,11,63,9.5,9.5,9.87999963760376,0,75.8014450073242,2016-11-01,56.0432434082031,37.4555282592773,34.2448196411133
24060050,Pluviométrica,Convencional,Santander,Los Santos,6.7592,-73.0928,1460,11/15/1973,,Andes,Magdalena Cauca,Sogamoso,Río Sogamoso,2.7309091091156,3.4872727394104,4,4,0.601449251174927,0.829710125923157,1,1,1.03999996185303,2016,11,64,27.7,27.7,28.8079989433289,0,13.7115049362183,2016-11-01,0,23.9812068939209,0
24060050,Pluviométrica,Convencional,Santander,Los Santos,6.7592,-73.0928,1460,11/15/1973,,Andes,Magdalena Cauca,Sogamoso,Río Sogamoso,2.7309091091156,3.4872727394104,4,4,0.601449251174927,0.829710125923157,1,1,1.03999996185303,2016,11,65,0,0,0,0,25.5987300872803,2016-11-01,15.982424736023,12.3227453231812,11.0171852111816
24060050,Pluviométrica,Convencional,Santander,Los Santos,6.7592,-73.0928,1460,11/15/1973,,Andes,Magdalena Cauca,Sogamoso,Río Sogamoso,2.7309091091156,3.4872727394104,4,4,0.601449251174927,0.829710125923157,1,1,1.03999996185303,2016,11,66,0,0,0,0,15.8782949447632,2016-11-01,4.41356563568115,13.426061630249,9.29941082000732
24060050,Pluviométrica,Convencional,Santander,Los Santos,6.7592,-73.0928,1460,11/15/1973,,Andes,Magdalena Cauca,Sogamoso,Río Sogamoso,2.7309091091156,3.4872727394104,4,4,0.601449251174927,0.829710125923157,1,1,1.05999994277954,2016,12,67,15.4,15.4,16.3239991188049,0,24.5437126159668,2016-12-01,24.4421901702881,20.7053890228271,23.3222713470459
24060050,Pluviométrica,Convencional,Santander,Los Santos,6.7592,-73.0928,1460,11/15/1973,,Andes,Magdalena Cauca,Sogamoso,Río Sogamoso,2.7309091091156,3.4872727394104,4,4,0.601449251174927,0.829710125923157,1,1,1.05999994277954,2016,12,68,0,0,0,0,9.41739368438721,2016-12-01,7.82869052886963,8.9431266784668,7.78110408782959
24060050,Pluviométrica,Convencional,Santander,Los Santos,6.7592,-73.0928,1460,11/15/1973,,Andes,Magdalena Cauca,Sogamoso,Río Sogamoso,2.7309091091156,3.4872727394104,4,4,0.601449251174927,0.829710125923157,1,1,1.05999994277954,2016,12,69,0,0,0,0,17.797342300415,2016-12-01,20.2259674072266,4.66300773620606,5.09247207641602
24060050,Pluviométrica,Convencional,Santander,Los Santos,6.7592,-73.0928,1460,11/15/1973,,Andes,Magdalena Cauca,Sogamoso,Río Sogamoso,2.7309091091156,3.4872727394104,4,4,0.601449251174927,0.829710125923157,1,1,1.05999994277954,2016,12,70,0,0,0,0,4.99596738815308,2016-12-01,0,2.03289413452148,0
24060050,Pluviométrica,Convencional,Santander,Los Santos,6.7592,-73.0928,1460,11/15/1973,,Andes,Magdalena Cauca,Sogamoso,Río Sogamoso,2.7309091091156,3.4872727394104,4,4,0.601449251174927,0.829710125923157,1,1,1.05999994277954,2016,12,71,4,4,4.23999977111816,0,10.5761938095093,2016-12-01,7.0366530418396,9.22874546051025,7.89818620681763
24060050,Pluviométrica,Convencional,Santander,Los Santos,6.7592,-73.0928,1460,11/15/1973,,Andes,Magdalena Cauca,Sogamoso,Río Sogamoso,2.7309091091156,3.4872727394104,4,4,0.601449251174927,0.829710125923157,1,1,1.05999994277954,2016,12,72,0,0,0,0,22.0241641998291,2016-12-01,16.0413475036621,8.05608940124512,6.30614042282105
24060050,Pluviométrica,Convencional,Santander,Los Santos,6.7592,-73.0928,1460,11/15/1973,,Andes,Magdalena Cauca,Sogamoso,Río Sogamoso,2.7309091091156,3.4872727394104,4,4,0.601449251174927,0.829710125923157,1,1,1.07000005245209,2017,01,1,0,0,0,0,8.33230590820313,2017-01-01,2.05878162384033,3.27444100379944,1.14148306846619
24060050,Pluviométrica,Convencional,Santander,Los Santos,6.7592,-73.0928,1460,11/15/1973,,Andes,Magdalena Cauca,Sogamoso,Río Sogamoso,2.7309091091156,3.4872727394104,4,4,0.601449251174927,0.829710125923157,1,1,1.07000005245209,2017,01,2,33.3,33.3,35.6310017466545,0,32.2381820678711,2017-01-01,57.0372467041016,26.7989692687988,32.3566436767578
24060050,Pluviométrica,Convencional,Santander,Los Santos,6.7592,-73.0928,1460,11/15/1973,,Andes,Magdalena Cauca,Sogamoso,Río Sogamoso,2.7309091091156,3.4872727394104,4,4,0.601449251174927,0.829710125923157,1,1,1.07000005245209,2017,01,3,0,0,0,0,4.62817335128784,2017-01-01,0,2.12635540962219,0
24060050,Pluviométrica,Convencional,Santander,Los Santos,6.7592,-73.0928,1460,11/15/1973,,Andes,Magdalena Cauca,Sogamoso,Río Sogamoso,2.7309091091156,3.4872727394104,4,4,0.601449251174927,0.829710125923157,1,1,1.07000005245209,2017,01,4,0,0,0,0,4.52931594848633,2017-01-01,0,2.0461118221283,0
24060050,Pluviométrica,Convencional,Santander,Los Santos,6.7592,-73.0928,1460,11/15/1973,,Andes,Magdalena Cauca,Sogamoso,Río Sogamoso,2.7309091091156,3.4872727394104,4,4,0.601449251174927,0.829710125923157,1,1,1.07000005245209,2017,01,5,0,0,0,0,4.14520931243897,2017-01-01,0,1.93227863311768,0
24060050,Pluviométrica,Convencional,Santander,Los Santos,6.7592,-73.0928,1460,11/15/1973,,Andes,Magdalena Cauca,Sogamoso,Río Sogamoso,2.7309091091156,3.4872727394104,4,4,0.601449251174927,0.829710125923157,1,1,1.07000005245209,2017,01,6,2.2,2.2,2.35400011539459,0,6.52637147903442,2017-01-01,1.29394042491913,5.48772764205933,2.57950234413147
24060050,Pluviométrica,Convencional,Santander,Los Santos,6.7592,-73.0928,1460,11/15/1973,,Andes,Magdalena Cauca,Sogamoso,Río Sogamoso,2.7309091091156,3.4872727394104,4,4,0.601449251174927,0.829710125923157,1,1,1.05999994277954,2017,02,7,0,0,0,0,5.11566686630249,2017-02-01,0,5.94094753265381,0
24060050,Pluviométrica,Convencional,Santander,Los Santos,6.7592,-73.0928,1460,11/15/1973,,Andes,Magdalena Cauca,Sogamoso,Río Sogamoso,2.7309091091156,3.4872727394104,4,4,0.601449251174927,0.829710125923157,1,1,1.05999994277954,2017,02,8,0,0,0,0,4.93194770812988,2017-02-01,0.489398539066315,3.10030508041382,0.54777193069458
24060050,Pluviométrica,Convencional,Santander,Los Santos,6.7592,-73.0928,1460,11/15/1973,,Andes,Magdalena Cauca,Sogamoso,Río Sogamoso,2.7309091091156,3.4872727394104,4,4,0.601449251174927,0.829710125923157,1,1,1.05999994277954,2017,02,9,0,0,0,0,4.93204069137573,2017-02-01,1.0911922454834,4.2789454460144,1.60704123973846
24060050,Pluviométrica,Convencional,Santander,Los Santos,6.7592,-73.0928,1460,11/15/1973,,Andes,Magdalena Cauca,Sogamoso,Río Sogamoso,2.7309091091156,3.4872727394104,4,4,0.601449251174927,0.829710125923157,1,1,1.05999994277954,2017,02,10,0,0,0,0,5.07951068878174,2017-02-01,1.19419276714325,2.91466665267944,0.971205949783325
24060050,Pluviométrica,Convencional,Santander,Los Santos,6.7592,-73.0928,1460,11/15/1973,,Andes,Magdalena Cauca,Sogamoso,Río Sogamoso,2.7309091091156,3.4872727394104,4,4,0.601449251174927,0.829710125923157,1,1,1.05999994277954,2017,02,11,0,0,0,0,7.90471458435059,2017-02-01,4.21639394760132,7.46382141113281,6.21393632888794
24060050,Pluviométrica,Convencional,Santander,Los Santos,6.7592,-73.0928,1460,11/15/1973,,Andes,Magdalena Cauca,Sogamoso,Río Sogamoso,2.7309091091156,3.4872727394104,4,4,0.601449251174927,0.829710125923157,1,1,1.05999994277954,2017,02,12,1.2,1.2,1.27199993133545,0,3.2622435092926,2017-02-01,0.792594134807587,3.36753678321838,1.34234201908112
24060050,Pluviométrica,Convencional,Santander,Los Santos,6.7592,-73.0928,1460,11/15/1973,,Andes,Magdalena Cauca,Sogamoso,Río Sogamoso,2.7309091091156,3.4872727394104,4,4,0.601449251174927,0.829710125923157,1,1,1.05999994277954,2017,03,13,38.4,38.4,40.7039978027344,0,20.7851276397705,2017-03-01,26.9740734100342,28.4985198974609,34.0040130615234
24060050,Pluviométrica,Convencional,Santander,Los Santos,6.7592,-73.0928,1460,11/15/1973,,Andes,Magdalena Cauca,Sogamoso,Río Sogamoso,2.7309091091156,3.4872727394104,4,4,0.601449251174927,0.829710125923157,1,1,1.05999994277954,2017,03,14,33.9,33.9,35.9339980602264,0,23.4164733886719,2017-03-01,32.6326103210449,47.6724815368652,43.9578514099121
24060050,Pluviométrica,Convencional,Santander,Los Santos,6.7592,-73.0928,1460,11/15/1973,,Andes,Magdalena Cauca,Sogamoso,Río Sogamoso,2.7309091091156,3.4872727394104,4,4,0.601449251174927,0.829710125923157,1,1,1.05999994277954,2017,03,15,13.7,13.7,14.5219992160797,0,8.43272399902344,2017-03-01,0.128652334213257,15.3419389724731,0.450824826955795
24060050,Pluviométrica,Convencional,Santander,Los Santos,6.7592,-73.0928,1460,11/15/1973,,Andes,Magdalena Cauca,Sogamoso,Río Sogamoso,2.7309091091156,3.4872727394104,4,4,0.601449251174927,0.829710125923157,1,1,1.05999994277954,2017,03,16,4,4,4.23999977111816,0,6.36893367767334,2017-03-01,0,5.53707408905029,0
24060050,Pluviométrica,Convencional,Santander,Los Santos,6.7592,-73.0928,1460,11/15/1973,,Andes,Magdalena Cauca,Sogamoso,Río Sogamoso,2.7309091091156,3.4872727394104,4,4,0.601449251174927,0.829710125923157,1,1,1.05999994277954,2017,03,17,40.5,40.5,42.9299976825714,0,10.6724548339844,2017-03-01,6.48853969573975,19.0331535339355,17.4334259033203
24060050,Pluviométrica,Convencional,Santander,Los Santos,6.7592,-73.0928,1460,11/15/1973,,Andes,Magdalena Cauca,Sogamoso,Río Sogamoso,2.7309091091156,3.4872727394104,4,4,0.601449251174927,0.829710125923157,1,1,1.05999994277954,2017,03,18,10.5,10.5,11.1299993991852,0,31.4749088287354,2017-03-01,29.7628059387207,45.6570587158203,32.6624069213867
24060050,Pluviométrica,Convencional,Santander,Los Santos,6.7592,-73.0928,1460,11/15/1973,,Andes,Magdalena Cauca,Sogamoso,Río Sogamoso,2.7309091091156,3.4872727394104,4,4,0.601449251174927,0.829710125923157,1,1,1.04999995231628,2017,04,19,0,0,0,0,4.74575138092041,2017-04-01,0,2.4283595085144,0
24060050,Pluviométrica,Convencional,Santander,Los Santos,6.7592,-73.0928,1460,11/15/1973,,Andes,Magdalena Cauca,Sogamoso,Río Sogamoso,2.7309091091156,3.4872727394104,4,4,0.601449251174927,0.829710125923157,1,1,1.04999995231628,2017,04,20,0,0,0,0,15.3613653182983,2017-04-01,8.98078632354736,8.30491161346436,4.20133018493652
24060050,Pluviométrica,Convencional,Santander,Los Santos,6.7592,-73.0928,1460,11/15/1973,,Andes,Magdalena Cauca,Sogamoso,Río Sogamoso,2.7309091091156,3.4872727394104,4,4,0.601449251174927,0.829710125923157,1,1,1.04999995231628,2017,04,21,4.5,4.5,4.72499978542328,0,31.4150199890137,2017-04-01,26.4010391235352,33.769401550293,25.2521457672119
24060050,Pluviométrica,Convencional,Santander,Los Santos,6.7592,-73.0928,1460,11/15/1973,,Andes,Magdalena Cauca,Sogamoso,Río Sogamoso,2.7309091091156,3.4872727394104,4,4,0.601449251174927,0.829710125923157,1,1,1.04999995231628,2017,04,22,54.2,54.2,56.9099974155426,0,34.6655387878418,2017-04-01,34.7731323242188,48.0598106384277,48.1945304870606
24060050,Pluviométrica,Convencional,Santander,Los Santos,6.7592,-73.0928,1460,11/15/1973,,Andes,Magdalena Cauca,Sogamoso,Río Sogamoso,2.7309091091156,3.4872727394104,4,4,0.601449251174927,0.829710125923157,1,1,1.04999995231628,2017,04,23,8.4,8.4,8.81999959945679,0,21.1228618621826,2017-04-01,16.9013118743896,17.3366184234619,12.8615245819092
24060050,Pluviométrica,Convencional,Santander,Los Santos,6.7592,-73.0928,1460,11/15/1973,,Andes,Magdalena Cauca,Sogamoso,Río Sogamoso,2.7309091091156,3.4872727394104,4,4,0.601449251174927,0.829710125923157,1,1,1.04999995231628,2017,04,24,0,0,0,0,25.1984767913818,2017-04-01,21.0524234771729,15.3422346115112,13.3897018432617
24060050,Pluviométrica,Convencional,Santander,Los Santos,6.7592,-73.0928,1460,11/15/1973,,Andes,Magdalena Cauca,Sogamoso,Río Sogamoso,2.7309091091156,3.4872727394104,4,4,0.601449251174927,0.829710125923157,1,1,1.03999996185303,2017,05,25,42.7,42.7,44.4079983711243,0,23.3269348144531,2017-05-01,13.9616279602051,34.5025177001953,26.7935638427734
24060050,Pluviométrica,Convencional,Santander,Los Santos,6.7592,-73.0928,1460,11/15/1973,,Andes,Magdalena Cauca,Sogamoso,Río Sogamoso,2.7309091091156,3.4872727394104,4,4,0.601449251174927,0.829710125923157,1,1,1.03999996185303,2017,05,26,9.2,9.2,9.56799964904785,0,27.771240234375,2017-05-01,19.567756652832,29.4357585906982,24.4764232635498
24060050,Pluviométrica,Convencional,Santander,Los Santos,6.7592,-73.0928,1460,11/15/1973,,Andes,Magdalena Cauca,Sogamoso,Río Sogamoso,2.7309091091156,3.4872727394104,4,4,0.601449251174927,0.829710125923157,1,1,1.03999996185303,2017,05,27,15.5,15.5,16.1199994087219,0,25.7873706817627,2017-05-01,15.8540697097778,29.3796997070313,19.8411254882813
24060050,Pluviométrica,Convencional,Santander,Los Santos,6.7592,-73.0928,1460,11/15/1973,,Andes,Magdalena Cauca,Sogamoso,Río Sogamoso,2.7309091091156,3.4872727394104,4,4,0.601449251174927,0.829710125923157,1,1,1.03999996185303,2017,05,28,0,0,0,0,15.6739063262939,2017-05-01,4.23707342147827,9.63387203216553,5.42257118225098
24060050,Pluviométrica,Convencional,Santander,Los Santos,6.7592,-73.0928,1460,11/15/1973,,Andes,Magdalena Cauca,Sogamoso,Río Sogamoso,2.7309091091156,3.4872727394104,4,4,0.601449251174927,0.829710125923157,1,1,1.03999996185303,2017,05,29,0,0,0,0,24.8065814971924,2017-05-01,12.790153503418,7.60232257843018,4.30799245834351
24060050,Pluviométrica,Convencional,Santander,Los Santos,6.7592,-73.0928,1460,11/15/1973,,Andes,Magdalena Cauca,Sogamoso,Río Sogamoso,2.7309091091156,3.4872727394104,4,4,0.601449251174927,0.829710125923157,1,1,1.03999996185303,2017,05,30,9.5,9.5,9.87999963760376,0,26.8480491638184,2017-05-01,7.1631350517273,19.6699275970459,12.375340461731
24060050,Pluviométrica,Convencional,Santander,Los Santos,6.7592,-73.0928,1460,11/15/1973,,Andes,Magdalena Cauca,Sogamoso,Río Sogamoso,2.7309091091156,3.4872727394104,4,4,0.601449251174927,0.829710125923157,1,1,1.04999995231628,2017,06,31,1.2,1.2,1.25999994277954,0,29.9494705200195,2017-06-01,26.0875091552734,14.6937570571899,16.032283782959
24060050,Pluviométrica,Convencional,Santander,Los Santos,6.7592,-73.0928,1460,11/15/1973,,Andes,Magdalena Cauca,Sogamoso,Río Sogamoso,2.7309091091156,3.4872727394104,4,4,0.601449251174927,0.829710125923157,1,1,1.04999995231628,2017,06,32,4.5,4.5,4.72499978542328,0,24.023157119751,2017-06-01,15.2382459640503,15.5337343215942,16.247896194458
24060050,Pluviométrica,Convencional,Santander,Los Santos,6.7592,-73.0928,1460,11/15/1973,,Andes,Magdalena Cauca,Sogamoso,Río Sogamoso,2.7309091091156,3.4872727394104,4,4,0.601449251174927,0.829710125923157,1,1,1.04999995231628,2017,06,33,3.5,3.5,3.67499983310699,0,17.8072948455811,2017-06-01,7.19794654846191,26.0098857879639,18.6403274536133
24060050,Pluviométrica,Convencional,Santander,Los Santos,6.7592,-73.0928,1460,11/15/1973,,Andes,Magdalena Cauca,Sogamoso,Río Sogamoso,2.7309091091156,3.4872727394104,4,4,0.601449251174927,0.829710125923157,1,1,1.04999995231628,2017,06,34,18.7,18.7,19.6349991083145,0,18.9183025360107,2017-06-01,12.3282718658447,29.7560272216797,31.7042198181152
24060050,Pluviométrica,Convencional,Santander,Los Santos,6.7592,-73.0928,1460,11/15/1973,,Andes,Magdalena Cauca,Sogamoso,Río Sogamoso,2.7309091091156,3.4872727394104,4,4,0.601449251174927,0.829710125923157,1,1,1.04999995231628,2017,06,35,12.4,12.4,13.0199994087219,0,24.4027557373047,2017-06-01,19.6458988189697,13.2429494857788,17.7217674255371
24060050,Pluviométrica,Convencional,Santander,Los Santos,6.7592,-73.0928,1460,11/15/1973,,Andes,Magdalena Cauca,Sogamoso,Río Sogamoso,2.7309091091156,3.4872727394104,4,4,0.601449251174927,0.829710125923157,1,1,1.04999995231628,2017,06,36,13.6,13.6,14.2799993515015,0,13.1531991958618,2017-06-01,0.521098136901856,24.8211631774902,3.10415101051331
24060050,Pluviométrica,Convencional,Santander,Los Santos,6.7592,-73.0928,1460,11/15/1973,,Andes,Magdalena Cauca,Sogamoso,Río Sogamoso,2.7309091091156,3.4872727394104,4,4,0.601449251174927,0.829710125923157,1,1,1.04999995231628,2017,07,37,49,49,51.4499976634979,0,15.090913772583,2017-07-01,8.2001256942749,9.70796203613281,9.49285221099854
24060050,Pluviométrica,Convencional,Santander,Los Santos,6.7592,-73.0928,1460,11/15/1973,,Andes,Magdalena Cauca,Sogamoso,Río Sogamoso,2.7309091091156,3.4872727394104,4,4,0.601449251174927,0.829710125923157,1,1,1.04999995231628,2017,07,38,10.2,10.2,10.7099995136261,0,18.8542671203613,2017-07-01,19.1975746154785,12.1333560943604,15.1940479278564
24060050,Pluviométrica,Convencional,Santander,Los Santos,6.7592,-73.0928,1460,11/15/1973,,Andes,Magdalena Cauca,Sogamoso,Río Sogamoso,2.7309091091156,3.4872727394104,4,4,0.601449251174927,0.829710125923157,1,1,1.04999995231628,2017,07,39,8.6,8.6,9.02999958992004,0,11.4389047622681,2017-07-01,3.24120783805847,20.0015830993652,13.4883718490601
24060050,Pluviométrica,Convencional,Santander,Los Santos,6.7592,-73.0928,1460,11/15/1973,,Andes,Magdalena Cauca,Sogamoso,Río Sogamoso,2.7309091091156,3.4872727394104,4,4,0.601449251174927,0.829710125923157,1,1,1.04999995231628,2017,07,40,11.9,11.9,12.4949994325638,0,12.9951047897339,2017-07-01,6.18634700775147,14.776629447937,18.1088123321533
24060050,Pluviométrica,Convencional,Santander,Los Santos,6.7592,-73.0928,1460,11/15/1973,,Andes,Magdalena Cauca,Sogamoso,Río Sogamoso,2.7309091091156,3.4872727394104,4,4,0.601449251174927,0.829710125923157,1,1,1.04999995231628,2017,07,41,13.7,13.7,14.3849993467331,0,11.8534650802612,2017-07-01,3.05554914474487,8.09493446350098,6.78417015075684
24060050,Pluviométrica,Convencional,Santander,Los Santos,6.7592,-73.0928,1460,11/15/1973,,Andes,Magdalena Cauca,Sogamoso,Río Sogamoso,2.7309091091156,3.4872727394104,4,4,0.601449251174927,0.829710125923157,1,1,1.04999995231628,2017,07,42,25.5,25.5,26.7749987840653,0,35.5449333190918,2017-07-01,33.984317779541,25.0221576690674,30.1882152557373
24060050,Pluviométrica,Convencional,Santander,Los Santos,6.7592,-73.0928,1460,11/15/1973,,Andes,Magdalena Cauca,Sogamoso,Río Sogamoso,2.7309091091156,3.4872727394104,4,4,0.601449251174927,0.829710125923157,1,1,1.04999995231628,2017,08,43,0,0,0,0,16.4194526672363,2017-08-01,1.44433724880219,11.566445350647,1.7279839515686
24060050,Pluviométrica,Convencional,Santander,Los Santos,6.7592,-73.0928,1460,11/15/1973,,Andes,Magdalena Cauca,Sogamoso,Río Sogamoso,2.7309091091156,3.4872727394104,4,4,0.601449251174927,0.829710125923157,1,1,1.04999995231628,2017,08,44,0,0,0,0,15.3804397583008,2017-08-01,0,8.41952705383301,0
24060050,Pluviométrica,Convencional,Santander,Los Santos,6.7592,-73.0928,1460,11/15/1973,,Andes,Magdalena Cauca,Sogamoso,Río Sogamoso,2.7309091091156,3.4872727394104,4,4,0.601449251174927,0.829710125923157,1,1,1.04999995231628,2017,08,45,0,0,0,0,28.1417064666748,2017-08-01,17.1644439697266,15.5663461685181,10.0638618469238
24060050,Pluviométrica,Convencional,Santander,Los Santos,6.7592,-73.0928,1460,11/15/1973,,Andes,Magdalena Cauca,Sogamoso,Río Sogamoso,2.7309091091156,3.4872727394104,4,4,0.601449251174927,0.829710125923157,1,1,1.04999995231628,2017,08,46,14,14,14.699999332428,0,37.3895149230957,2017-08-01,21.5335254669189,28.0081920623779,24.9047260284424
24060050,Pluviométrica,Convencional,Santander,Los Santos,6.7592,-73.0928,1460,11/15/1973,,Andes,Magdalena Cauca,Sogamoso,Río Sogamoso,2.7309091091156,3.4872727394104,4,4,0.601449251174927,0.829710125923157,1,1,1.04999995231628,2017,08,47,1.5,1.5,1.57499992847443,0,16.9637012481689,2017-08-01,3.16622185707092,15.0547218322754,4.74163627624512
24060050,Pluviométrica,Convencional,Santander,Los Santos,6.7592,-73.0928,1460,11/15/1973,,Andes,Magdalena Cauca,Sogamoso,Río Sogamoso,2.7309091091156,3.4872727394104,4,4,0.601449251174927,0.829710125923157,1,1,1.04999995231628,2017,08,48,12.1,12.1,12.704999423027,0,34.6875190734863,2017-08-01,17.8680477142334,24.6509704589844,20.1743965148926
24060050,Pluviométrica,Convencional,Santander,Los Santos,6.7592,-73.0928,1460,11/15/1973,,Andes,Magdalena Cauca,Sogamoso,Río Sogamoso,2.7309091091156,3.4872727394104,4,4,0.601449251174927,0.829710125923157,1,1,1.04999995231628,2017,09,49,5.2,5.2,5.45999975204468,0,12.0242490768433,2017-09-01,3.35212111473084,8.90773391723633,4.01514148712158
24060050,Pluviométrica,Convencional,Santander,Los Santos,6.7592,-73.0928,1460,11/15/1973,,Andes,Magdalena Cauca,Sogamoso,Río Sogamoso,2.7309091091156,3.4872727394104,4,4,0.601449251174927,0.829710125923157,1,1,1.04999995231628,2017,09,50,12.2,12.2,12.8099994182587,0,31.13743019104,2017-09-01,33.1790809631348,27.3511810302734,24.8986034393311
24060050,Pluviométrica,Convencional,Santander,Los Santos,6.7592,-73.0928,1460,11/15/1973,,Andes,Magdalena Cauca,Sogamoso,Río Sogamoso,2.7309091091156,3.4872727394104,4,4,0.601449251174927,0.829710125923157,1,1,1.04999995231628,2017,09,51,0.1,0.1,0.104999995231628,0,18.9121856689453,2017-09-01,13.1133632659912,12.3203344345093,9.98070240020752
24060050,Pluviométrica,Convencional,Santander,Los Santos,6.7592,-73.0928,1460,11/15/1973,,Andes,Magdalena Cauca,Sogamoso,Río Sogamoso,2.7309091091156,3.4872727394104,4,4,0.601449251174927,0.829710125923157,1,1,1.04999995231628,2017,09,52,1.7,1.7,1.78499991893768,0,23.609317779541,2017-09-01,23.2674674987793,24.7814750671387,22.5178623199463
24060050,Pluviométrica,Convencional,Santander,Los Santos,6.7592,-73.0928,1460,11/15/1973,,Andes,Magdalena Cauca,Sogamoso,Río Sogamoso,2.7309091091156,3.4872727394104,4,4,0.601449251174927,0.829710125923157,1,1,1.04999995231628,2017,09,53,8,8,8.39999961853027,0,15.8198709487915,2017-09-01,10.5194816589355,11.6181221008301,9.12828922271729
24060050,Pluviométrica,Convencional,Santander,Los Santos,6.7592,-73.0928,1460,11/15/1973,,Andes,Magdalena Cauca,Sogamoso,Río Sogamoso,2.7309091091156,3.4872727394104,4,4,0.601449251174927,0.829710125923157,1,1,1.04999995231628,2017,09,54,4.5,4.5,4.72499978542328,0,30.1779365539551,2017-09-01,30.5129165649414,30.167179107666,26.6645774841309
24060050,Pluviométrica,Convencional,Santander,Los Santos,6.7592,-73.0928,1460,11/15/1973,,Andes,Magdalena Cauca,Sogamoso,Río Sogamoso,2.7309091091156,3.4872727394104,4,4,0.601449251174927,0.829710125923157,1,1,1.03999996185303,2017,10,55,40.7,40.7,42.3279984474182,0,47.1918678283691,2017-10-01,41.1730155944824,47.4765968322754,40.9701232910156
24060050,Pluviométrica,Convencional,Santander,Los Santos,6.7592,-73.0928,1460,11/15/1973,,Andes,Magdalena Cauca,Sogamoso,Río Sogamoso,2.7309091091156,3.4872727394104,4,4,0.601449251174927,0.829710125923157,1,1,1.03999996185303,2017,10,56,22.3,22.3,23.1919991493225,0,35.7717361450195,2017-10-01,27.4300575256348,24.8906726837158,23.0251636505127
24060050,Pluviométrica,Convencional,Santander,Los Santos,6.7592,-73.0928,1460,11/15/1973,,Andes,Magdalena Cauca,Sogamoso,Río Sogamoso,2.7309091091156,3.4872727394104,4,4,0.601449251174927,0.829710125923157,1,1,1.03999996185303,2017,10,57,0,0,0,0,14.9622249603271,2017-10-01,0.0894286781549454,5.75707292556763,0.0845315232872963
24060050,Pluviométrica,Convencional,Santander,Los Santos,6.7592,-73.0928,1460,11/15/1973,,Andes,Magdalena Cauca,Sogamoso,Río Sogamoso,2.7309091091156,3.4872727394104,4,4,0.601449251174927,0.829710125923157,1,1,1.03999996185303,2017,10,58,13,13,13.5199995040894,0,33.0142784118652,2017-10-01,25.4597091674805,19.6352844238281,18.2909622192383
24060050,Pluviométrica,Convencional,Santander,Los Santos,6.7592,-73.0928,1460,11/15/1973,,Andes,Magdalena Cauca,Sogamoso,Río Sogamoso,2.7309091091156,3.4872727394104,4,4,0.601449251174927,0.829710125923157,1,1,1.03999996185303,2017,10,59,0,0,0,0,58.6459655761719,2017-10-01,63.581413269043,26.7018165588379,21.9946804046631
24060050,Pluviométrica,Convencional,Santander,Los Santos,6.7592,-73.0928,1460,11/15/1973,,Andes,Magdalena Cauca,Sogamoso,Río Sogamoso,2.7309091091156,3.4872727394104,4,4,0.601449251174927,0.829710125923157,1,1,1.03999996185303,2017,10,60,10.1,10.1,10.5039996147156,0,43.202465057373,2017-10-01,23.9281826019287,48.9710121154785,32.9583015441895
24060050,Pluviométrica,Convencional,Santander,Los Santos,6.7592,-73.0928,1460,11/15/1973,,Andes,Magdalena Cauca,Sogamoso,Río Sogamoso,2.7309091091156,3.4872727394104,4,4,0.601449251174927,0.829710125923157,1,1,1.03999996185303,2017,11,61,0.1,0.1,0.103999996185303,0,26.8077201843262,2017-11-01,14.9971876144409,17.9334278106689,12.1143865585327
24060050,Pluviométrica,Convencional,Santander,Los Santos,6.7592,-73.0928,1460,11/15/1973,,Andes,Magdalena Cauca,Sogamoso,Río Sogamoso,2.7309091091156,3.4872727394104,4,4,0.601449251174927,0.829710125923157,1,1,1.03999996185303,2017,11,62,12,12,12.4799995422363,0,28.0269088745117,2017-11-01,16.3300971984863,32.0122718811035,21.0495738983154
24060050,Pluviométrica,Convencional,Santander,Los Santos,6.7592,-73.0928,1460,11/15/1973,,Andes,Magdalena Cauca,Sogamoso,Río Sogamoso,2.7309091091156,3.4872727394104,4,4,0.601449251174927,0.829710125923157,1,1,1.03999996185303,2017,11,63,26,26,27.0399990081787,0,29.8156242370606,2017-11-01,14.7830543518066,26.5395221710205,22.7943935394287
24060050,Pluviométrica,Convencional,Santander,Los Santos,6.7592,-73.0928,1460,11/15/1973,,Andes,Magdalena Cauca,Sogamoso,Río Sogamoso,2.7309091091156,3.4872727394104,4,4,0.601449251174927,0.829710125923157,1,1,1.03999996185303,2017,11,64,31.2,31.2,32.4479988098145,0,13.7115049362183,2017-11-01,1.11068177223206,18.5190773010254,4.48675537109375
24060050,Pluviométrica,Convencional,Santander,Los Santos,6.7592,-73.0928,1460,11/15/1973,,Andes,Magdalena Cauca,Sogamoso,Río Sogamoso,2.7309091091156,3.4872727394104,4,4,0.601449251174927,0.829710125923157,1,1,1.03999996185303,2017,11,65,3,3,3.11999988555908,0,26.9222660064697,2017-11-01,15.982424736023,14.5738706588745,11.5435562133789
24060050,Pluviométrica,Convencional,Santander,Los Santos,6.7592,-73.0928,1460,11/15/1973,,Andes,Magdalena Cauca,Sogamoso,Río Sogamoso,2.7309091091156,3.4872727394104,4,4,0.601449251174927,0.829710125923157,1,1,1.03999996185303,2017,11,66,0,0,0,0,14.5916814804077,2017-11-01,1.92486751079559,7.6755805015564,1.88074433803558
24060050,Pluviométrica,Convencional,Santander,Los Santos,6.7592,-73.0928,1460,11/15/1973,,Andes,Magdalena Cauca,Sogamoso,Río Sogamoso,2.7309091091156,3.4872727394104,4,4,0.601449251174927,0.829710125923157,1,1,1.05999994277954,2017,12,67,0,0,0,0,12.935359954834,2017-12-01,9.16706275939941,13.0209245681763,10.9438190460205
24060050,Pluviométrica,Convencional,Santander,Los Santos,6.7592,-73.0928,1460,11/15/1973,,Andes,Magdalena Cauca,Sogamoso,Río Sogamoso,2.7309091091156,3.4872727394104,4,4,0.601449251174927,0.829710125923157,1,1,1.05999994277954,2017,12,68,4.5,4.5,4.76999974250794,0,7.17522954940796,2017-12-01,4.19915199279785,8.13962841033936,8.57025527954102
24060050,Pluviométrica,Convencional,Santander,Los Santos,6.7592,-73.0928,1460,11/15/1973,,Andes,Magdalena Cauca,Sogamoso,Río Sogamoso,2.7309091091156,3.4872727394104,4,4,0.601449251174927,0.829710125923157,1,1,1.05999994277954,2017,12,69,8.3,8.3,8.79799952507019,0,4.77511072158814,2017-12-01,0,6.44861555099487,0
24060050,Pluviométrica,Convencional,Santander,Los Santos,6.7592,-73.0928,1460,11/15/1973,,Andes,Magdalena Cauca,Sogamoso,Río Sogamoso,2.7309091091156,3.4872727394104,4,4,0.601449251174927,0.829710125923157,1,1,1.05999994277954,2017,12,70,0,0,0,0,4.99596738815308,2017-12-01,0,2.97416377067566,0
24060050,Pluviométrica,Convencional,Santander,Los Santos,6.7592,-73.0928,1460,11/15/1973,,Andes,Magdalena Cauca,Sogamoso,Río Sogamoso,2.7309091091156,3.4872727394104,4,4,0.601449251174927,0.829710125923157,1,1,1.05999994277954,2017,12,71,0,0,0,0,5.13272619247437,2017-12-01,0,4.44476652145386,0
24060050,Pluviométrica,Convencional,Santander,Los Santos,6.7592,-73.0928,1460,11/15/1973,,Andes,Magdalena Cauca,Sogamoso,Río Sogamoso,2.7309091091156,3.4872727394104,4,4,0.601449251174927,0.829710125923157,1,1,1.05999994277954,2017,12,72,0,0,0,0,8.42911815643311,2017-12-01,0.115856230258942,13.9528789520264,0.45061805844307
24060050,Pluviométrica,Convencional,Santander,Los Santos,6.7592,-73.0928,1460,11/15/1973,,Andes,Magdalena Cauca,Sogamoso,Río Sogamoso,2.7309091091156,3.4872727394104,4,4,0.601449251174927,0.829710125923157,1,1,1.07000005245209,2018,01,1,28,28,29.9600014686585,0,12.2038745880127,2018-01-01,4.67224407196045,16.8435077667236,11.2818899154663
24060050,Pluviométrica,Convencional,Santander,Los Santos,6.7592,-73.0928,1460,11/15/1973,,Andes,Magdalena Cauca,Sogamoso,Río Sogamoso,2.7309091091156,3.4872727394104,4,4,0.601449251174927,0.829710125923157,1,1,1.07000005245209,2018,01,2,0,0,0,0,4.61682510375977,2018-01-01,0,4.34998035430908,0
24060050,Pluviométrica,Convencional,Santander,Los Santos,6.7592,-73.0928,1460,11/15/1973,,Andes,Magdalena Cauca,Sogamoso,Río Sogamoso,2.7309091091156,3.4872727394104,4,4,0.601449251174927,0.829710125923157,1,1,1.07000005245209,2018,01,3,5.2,5.2,5.56400027275086,0,24.2649269104004,2018-01-01,23.7966861724854,12.4450368881226,11.7083053588867
24060050,Pluviométrica,Convencional,Santander,Los Santos,6.7592,-73.0928,1460,11/15/1973,,Andes,Magdalena Cauca,Sogamoso,Río Sogamoso,2.7309091091156,3.4872727394104,4,4,0.601449251174927,0.829710125923157,1,1,1.07000005245209,2018,01,4,4.5,4.5,4.81500023603439,0,12.2162427902222,2018-01-01,3.95800113677979,15.7623357772827,10.5198945999146
24060050,Pluviométrica,Convencional,Santander,Los Santos,6.7592,-73.0928,1460,11/15/1973,,Andes,Magdalena Cauca,Sogamoso,Río Sogamoso,2.7309091091156,3.4872727394104,4,4,0.601449251174927,0.829710125923157,1,1,1.07000005245209,2018,01,5,0,0,0,0,5.31771659851074,2018-01-01,1.32361316680908,2.21907830238342,1.00581705570221
24060050,Pluviométrica,Convencional,Santander,Los Santos,6.7592,-73.0928,1460,11/15/1973,,Andes,Magdalena Cauca,Sogamoso,Río Sogamoso,2.7309091091156,3.4872727394104,4,4,0.601449251174927,0.829710125923157,1,1,1.07000005245209,2018,01,6,0,0,0,0,5.24703168869019,2018-01-01,0,2.18647241592407,0
24060050,Pluviométrica,Convencional,Santander,Los Santos,6.7592,-73.0928,1460,11/15/1973,,Andes,Magdalena Cauca,Sogamoso,Río Sogamoso,2.7309091091156,3.4872727394104,4,4,0.601449251174927,0.829710125923157,1,1,1.05999994277954,2018,02,7,0,0,0,0,5.11566686630249,2018-02-01,0,2.55507946014404,0
24060050,Pluviométrica,Convencional,Santander,Los Santos,6.7592,-73.0928,1460,11/15/1973,,Andes,Magdalena Cauca,Sogamoso,Río Sogamoso,2.7309091091156,3.4872727394104,4,4,0.601449251174927,0.829710125923157,1,1,1.05999994277954,2018,02,8,0,0,0,0,4.93194770812988,2018-02-01,0.489398539066315,2.52410221099854,0.539973497390747
24060050,Pluviométrica,Convencional,Santander,Los Santos,6.7592,-73.0928,1460,11/15/1973,,Andes,Magdalena Cauca,Sogamoso,Río Sogamoso,2.7309091091156,3.4872727394104,4,4,0.601449251174927,0.829710125923157,1,1,1.05999994277954,2018,02,9,8.8,8.8,9.32799949645996,0,4.93204069137573,2018-02-01,1.0911922454834,8.05935859680176,3.78303170204163
24060050,Pluviométrica,Convencional,Santander,Los Santos,6.7592,-73.0928,1460,11/15/1973,,Andes,Magdalena Cauca,Sogamoso,Río Sogamoso,2.7309091091156,3.4872727394104,4,4,0.601449251174927,0.829710125923157,1,1,1.05999994277954,2018,02,10,0,0,0,0,5.07951068878174,2018-02-01,2.74523162841797,2.80387783050537,2.53510761260986
24060050,Pluviométrica,Convencional,Santander,Los Santos,6.7592,-73.0928,1460,11/15/1973,,Andes,Magdalena Cauca,Sogamoso,Río Sogamoso,2.7309091091156,3.4872727394104,4,4,0.601449251174927,0.829710125923157,1,1,1.05999994277954,2018,02,11,0,0,0,0,5.14134120941162,2018-02-01,0.215412616729736,2.6712110042572,0.288981646299362
24060050,Pluviométrica,Convencional,Santander,Los Santos,6.7592,-73.0928,1460,11/15/1973,,Andes,Magdalena Cauca,Sogamoso,Río Sogamoso,2.7309091091156,3.4872727394104,4,4,0.601449251174927,0.829710125923157,1,1,1.05999994277954,2018,02,12,0,0,0,0,2.12743330001831,2018-02-01,0,1.88576066493988,0
24060050,Pluviométrica,Convencional,Santander,Los Santos,6.7592,-73.0928,1460,11/15/1973,,Andes,Magdalena Cauca,Sogamoso,Río Sogamoso,2.7309091091156,3.4872727394104,4,4,0.601449251174927,0.829710125923157,1,1,1.05999994277954,2018,03,13,17.8,17.8,18.8679989814758,0,5.55098581314087,2018-03-01,0,9.10498523712158,0
24060050,Pluviométrica,Convencional,Santander,Los Santos,6.7592,-73.0928,1460,11/15/1973,,Andes,Magdalena Cauca,Sogamoso,Río Sogamoso,2.7309091091156,3.4872727394104,4,4,0.601449251174927,0.829710125923157,1,1,1.05999994277954,2018,03,14,0.5,0.5,0.529999971389771,0,8.64793968200684,2018-03-01,0,7.43092727661133,0
24060050,Pluviométrica,Convencional,Santander,Los Santos,6.7592,-73.0928,1460,11/15/1973,,Andes,Magdalena Cauca,Sogamoso,Río Sogamoso,2.7309091091156,3.4872727394104,4,4,0.601449251174927,0.829710125923157,1,1,1.05999994277954,2018,03,15,0,0,0,0,4.79929161071777,2018-03-01,0,6.45487499237061,0
24060050,Pluviométrica,Convencional,Santander,Los Santos,6.7592,-73.0928,1460,11/15/1973,,Andes,Magdalena Cauca,Sogamoso,Río Sogamoso,2.7309091091156,3.4872727394104,4,4,0.601449251174927,0.829710125923157,1,1,1.05999994277954,2018,03,16,5.9,5.9,6.25399966239929,0,8.00545978546143,2018-03-01,3.20379877090454,10.6500997543335,5.79886531829834
24060050,Pluviométrica,Convencional,Santander,Los Santos,6.7592,-73.0928,1460,11/15/1973,,Andes,Magdalena Cauca,Sogamoso,Río Sogamoso,2.7309091091156,3.4872727394104,4,4,0.601449251174927,0.829710125923157,1,1,1.05999994277954,2018,03,17,0,0,0,0,15.3182144165039,2018-03-01,18.1566696166992,17.7117824554443,11.4008369445801
24060050,Pluviométrica,Convencional,Santander,Los Santos,6.7592,-73.0928,1460,11/15/1973,,Andes,Magdalena Cauca,Sogamoso,Río Sogamoso,2.7309091091156,3.4872727394104,4,4,0.601449251174927,0.829710125923157,1,1,1.05999994277954,2018,03,18,61.7,61.7,65.4019964694977,0,29.0659523010254,2018-03-01,26.4791526794434,50.5272369384766,58.3741073608399
24060050,Pluviométrica,Convencional,Santander,Los Santos,6.7592,-73.0928,1460,11/15/1973,,Andes,Magdalena Cauca,Sogamoso,Río Sogamoso,2.7309091091156,3.4872727394104,4,4,0.601449251174927,0.829710125923157,1,1,1.04999995231628,2018,04,19,31.3,31.3,32.8649985074997,0,28.8555431365967,2018-04-01,30.1857013702393,30.6114654541016,37.2118301391602
24060050,Pluviométrica,Convencional,Santander,Los Santos,6.7592,-73.0928,1460,11/15/1973,,Andes,Magdalena Cauca,Sogamoso,Río Sogamoso,2.7309091091156,3.4872727394104,4,4,0.601449251174927,0.829710125923157,1,1,1.04999995231628,2018,04,20,5.5,5.5,5.77499973773956,0,7.1870813369751,2018-04-01,0,11.4506149291992,0
24060050,Pluviométrica,Convencional,Santander,Los Santos,6.7592,-73.0928,1460,11/15/1973,,Andes,Magdalena Cauca,Sogamoso,Río Sogamoso,2.7309091091156,3.4872727394104,4,4,0.601449251174927,0.829710125923157,1,1,1.04999995231628,2018,04,21,40.1,40.1,42.104998087883,0,10.5723838806152,2018-04-01,0.814484119415283,20.5578804016113,3.93662166595459
24060050,Pluviométrica,Convencional,Santander,Los Santos,6.7592,-73.0928,1460,11/15/1973,,Andes,Magdalena Cauca,Sogamoso,Río Sogamoso,2.7309091091156,3.4872727394104,4,4,0.601449251174927,0.829710125923157,1,1,1.04999995231628,2018,04,22,0.4,0.4,0.419999980926514,0,33.0382308959961,2018-04-01,32.627368927002,16.2440128326416,17.1565914154053
24060050,Pluviométrica,Convencional,Santander,Los Santos,6.7592,-73.0928,1460,11/15/1973,,Andes,Magdalena Cauca,Sogamoso,Río Sogamoso,2.7309091091156,3.4872727394104,4,4,0.601449251174927,0.829710125923157,1,1,1.04999995231628,2018,04,23,0,0,0,0,32.4320793151855,2018-04-01,29.2337169647217,21.7339153289795,18.2812252044678
24060050,Pluviométrica,Convencional,Santander,Los Santos,6.7592,-73.0928,1460,11/15/1973,,Andes,Magdalena Cauca,Sogamoso,Río Sogamoso,2.7309091091156,3.4872727394104,4,4,0.601449251174927,0.829710125923157,1,1,1.04999995231628,2018,04,24,47.2,47.2,49.5599977493286,0,24.6927528381348,2018-04-01,17.9529628753662,25.5553092956543,28.4349880218506
24060050,Pluviométrica,Convencional,Santander,Los Santos,6.7592,-73.0928,1460,11/15/1973,,Andes,Magdalena Cauca,Sogamoso,Río Sogamoso,2.7309091091156,3.4872727394104,4,4,0.601449251174927,0.829710125923157,1,1,1.03999996185303,2018,05,25,10,10,10.3999996185303,0,35.5425796508789,2018-05-01,30.4834442138672,45.0391845703125,33.1494331359863
24060050,Pluviométrica,Convencional,Santander,Los Santos,6.7592,-73.0928,1460,11/15/1973,,Andes,Magdalena Cauca,Sogamoso,Río Sogamoso,2.7309091091156,3.4872727394104,4,4,0.601449251174927,0.829710125923157,1,1,1.03999996185303,2018,05,26,33.9,33.9,35.2559987068176,0,29.9144840240479,2018-05-01,20.9383716583252,56.8553619384766,36.3294715881348
24060050,Pluviométrica,Convencional,Santander,Los Santos,6.7592,-73.0928,1460,11/15/1973,,Andes,Magdalena Cauca,Sogamoso,Río Sogamoso,2.7309091091156,3.4872727394104,4,4,0.601449251174927,0.829710125923157,1,1,1.03999996185303,2018,05,27,27.2,27.2,28.2879989624023,0,23.0340881347656,2018-05-01,13.072564125061,18.2683486938477,24.5478343963623
24060050,Pluviométrica,Convencional,Santander,Los Santos,6.7592,-73.0928,1460,11/15/1973,,Andes,Magdalena Cauca,Sogamoso,Río Sogamoso,2.7309091091156,3.4872727394104,4,4,0.601449251174927,0.829710125923157,1,1,1.03999996185303,2018,05,28,0.1,0.1,0.103999996185303,0,31.4434032440186,2018-05-01,21.7579860687256,25.7626209259033,13.1911039352417
24060050,Pluviométrica,Convencional,Santander,Los Santos,6.7592,-73.0928,1460,11/15/1973,,Andes,Magdalena Cauca,Sogamoso,Río Sogamoso,2.7309091091156,3.4872727394104,4,4,0.601449251174927,0.829710125923157,1,1,1.03999996185303,2018,05,29,3.3,3.3,3.43199987411499,0,20.7522983551025,2018-05-01,7.17206239700317,18.612943649292,11.3871431350708
24060050,Pluviométrica,Convencional,Santander,Los Santos,6.7592,-73.0928,1460,11/15/1973,,Andes,Magdalena Cauca,Sogamoso,Río Sogamoso,2.7309091091156,3.4872727394104,4,4,0.601449251174927,0.829710125923157,1,1,1.03999996185303,2018,05,30,25.5,25.5,26.5199990272522,0,28.9021549224854,2018-05-01,9.91151142120361,17.857738494873,12.4891414642334
24060050,Pluviométrica,Convencional,Santander,Los Santos,6.7592,-73.0928,1460,11/15/1973,,Andes,Magdalena Cauca,Sogamoso,Río Sogamoso,2.7309091091156,3.4872727394104,4,4,0.601449251174927,0.829710125923157,1,1,1.04999995231628,2018,06,31,10.5,10.5,11.024999499321,0,21.1167659759521,2018-06-01,12.2991237640381,18.7785949707031,12.2609052658081
24060050,Pluviométrica,Convencional,Santander,Los Santos,6.7592,-73.0928,1460,11/15/1973,,Andes,Magdalena Cauca,Sogamoso,Río Sogamoso,2.7309091091156,3.4872727394104,4,4,0.601449251174927,0.829710125923157,1,1,1.04999995231628,2018,06,32,0,0,0,0,17.5670490264893,2018-06-01,6.39727306365967,11.3796424865723,5.09024238586426
24060050,Pluviométrica,Convencional,Santander,Los Santos,6.7592,-73.0928,1460,11/15/1973,,Andes,Magdalena Cauca,Sogamoso,Río Sogamoso,2.7309091091156,3.4872727394104,4,4,0.601449251174927,0.829710125923157,1,1,1.04999995231628,2018,06,33,3.5,3.5,3.67499983310699,0,19.1161727905273,2018-06-01,10.7657699584961,15.8850507736206,11.222204208374
24060050,Pluviométrica,Convencional,Santander,Los Santos,6.7592,-73.0928,1460,11/15/1973,,Andes,Magdalena Cauca,Sogamoso,Río Sogamoso,2.7309091091156,3.4872727394104,4,4,0.601449251174927,0.829710125923157,1,1,1.04999995231628,2018,06,34,10.6,10.6,11.1299994945526,0,20.2755889892578,2018-06-01,12.3282718658447,16.8456325531006,13.4989414215088
24060050,Pluviométrica,Convencional,Santander,Los Santos,6.7592,-73.0928,1460,11/15/1973,,Andes,Magdalena Cauca,Sogamoso,Río Sogamoso,2.7309091091156,3.4872727394104,4,4,0.601449251174927,0.829710125923157,1,1,1.04999995231628,2018,06,35,12,12,12.5999994277954,0,23.4786720275879,2018-06-01,17.9692344665527,18.3491725921631,15.8308801651001
24060050,Pluviométrica,Convencional,Santander,Los Santos,6.7592,-73.0928,1460,11/15/1973,,Andes,Magdalena Cauca,Sogamoso,Río Sogamoso,2.7309091091156,3.4872727394104,4,4,0.601449251174927,0.829710125923157,1,1,1.04999995231628,2018,06,36,0,0,0,0,15.4355564117432,2018-06-01,3.13138818740845,10.6722650527954,4.57196140289307
24060050,Pluviométrica,Convencional,Santander,Los Santos,6.7592,-73.0928,1460,11/15/1973,,Andes,Magdalena Cauca,Sogamoso,Río Sogamoso,2.7309091091156,3.4872727394104,4,4,0.601449251174927,0.829710125923157,1,1,1.04999995231628,2018,07,37,2.4,2.4,2.51999988555908,0,13.6768913269043,2018-07-01,6.33269166946411,10.6670227050781,8.48516368865967
24060050,Pluviométrica,Convencional,Santander,Los Santos,6.7592,-73.0928,1460,11/15/1973,,Andes,Magdalena Cauca,Sogamoso,Río Sogamoso,2.7309091091156,3.4872727394104,4,4,0.601449251174927,0.829710125923157,1,1,1.04999995231628,2018,07,38,0.5,0.5,0.524999976158142,0,22.0719566345215,2018-07-01,23.948902130127,9.03723621368408,9.60953044891357
24060050,Pluviométrica,Convencional,Santander,Los Santos,6.7592,-73.0928,1460,11/15/1973,,Andes,Magdalena Cauca,Sogamoso,Río Sogamoso,2.7309091091156,3.4872727394104,4,4,0.601449251174927,0.829710125923157,1,1,1.04999995231628,2018,07,39,4.3,4.3,4.51499979496002,0,13.7251329421997,2018-07-01,5.19547939300537,8.84482765197754,5.14545726776123
24060050,Pluviométrica,Convencional,Santander,Los Santos,6.7592,-73.0928,1460,11/15/1973,,Andes,Magdalena Cauca,Sogamoso,Río Sogamoso,2.7309091091156,3.4872727394104,4,4,0.601449251174927,0.829710125923157,1,1,1.04999995231628,2018,07,40,0,0,0,0,13.4589366912842,2018-07-01,8.24759006500244,10.1167507171631,8.49618244171143
24060050,Pluviométrica,Convencional,Santander,Los Santos,6.7592,-73.0928,1460,11/15/1973,,Andes,Magdalena Cauca,Sogamoso,Río Sogamoso,2.7309091091156,3.4872727394104,4,4,0.601449251174927,0.829710125923157,1,1,1.04999995231628,2018,07,41,12.7,12.7,13.3349993944168,0,22.7114696502686,2018-07-01,22.7168846130371,22.8165130615234,25.5442905426025
24060050,Pluviométrica,Convencional,Santander,Los Santos,6.7592,-73.0928,1460,11/15/1973,,Andes,Magdalena Cauca,Sogamoso,Río Sogamoso,2.7309091091156,3.4872727394104,4,4,0.601449251174927,0.829710125923157,1,1,1.04999995231628,2018,07,42,23.1,23.1,24.2549988985062,0,34.2435073852539,2018-07-01,29.5620670318604,24.4957256317139,20.4309101104736
24060050,Pluviométrica,Convencional,Santander,Los Santos,6.7592,-73.0928,1460,11/15/1973,,Andes,Magdalena Cauca,Sogamoso,Río Sogamoso,2.7309091091156,3.4872727394104,4,4,0.601449251174927,0.829710125923157,1,1,1.04999995231628,2018,08,43,23.4,23.4,24.5699988842011,0,24.660120010376,2018-08-01,17.6717300415039,13.8204441070557,14.1217889785767
24060050,Pluviométrica,Convencional,Santander,Los Santos,6.7592,-73.0928,1460,11/15/1973,,Andes,Magdalena Cauca,Sogamoso,Río Sogamoso,2.7309091091156,3.4872727394104,4,4,0.601449251174927,0.829710125923157,1,1,1.04999995231628,2018,08,44,4.8,4.8,5.03999977111816,0,22.0960903167725,2018-08-01,6.18967247009277,11.2588224411011,5.82654762268066
24060050,Pluviométrica,Convencional,Santander,Los Santos,6.7592,-73.0928,1460,11/15/1973,,Andes,Magdalena Cauca,Sogamoso,Río Sogamoso,2.7309091091156,3.4872727394104,4,4,0.601449251174927,0.829710125923157,1,1,1.04999995231628,2018,08,45,9.2,9.2,9.65999956130981,0,29.4849071502686,2018-08-01,21.0620174407959,28.4600772857666,23.2040119171143
24060050,Pluviométrica,Convencional,Santander,Los Santos,6.7592,-73.0928,1460,11/15/1973,,Andes,Magdalena Cauca,Sogamoso,Río Sogamoso,2.7309091091156,3.4872727394104,4,4,0.601449251174927,0.829710125923157,1,1,1.04999995231628,2018,08,46,47.8,47.8,50.1899977207184,0,22.6051750183105,2018-08-01,6.00319623947144,13.4246807098389,10.6275606155396
24060050,Pluviométrica,Convencional,Santander,Los Santos,6.7592,-73.0928,1460,11/15/1973,,Andes,Magdalena Cauca,Sogamoso,Río Sogamoso,2.7309091091156,3.4872727394104,4,4,0.601449251174927,0.829710125923157,1,1,1.04999995231628,2018,08,47,2.8,2.8,2.9399998664856,0,29.5750045776367,2018-08-01,22.2262687683105,31.2188911437988,22.7559509277344
24060050,Pluviométrica,Convencional,Santander,Los Santos,6.7592,-73.0928,1460,11/15/1973,,Andes,Magdalena Cauca,Sogamoso,Río Sogamoso,2.7309091091156,3.4872727394104,4,4,0.601449251174927,0.829710125923157,1,1,1.04999995231628,2018,08,48,44.1,44.1,46.3049978971481,0,38.2365417480469,2018-08-01,25.748908996582,36.1210136413574,30.2650718688965
24060050,Pluviométrica,Convencional,Santander,Los Santos,6.7592,-73.0928,1460,11/15/1973,,Andes,Magdalena Cauca,Sogamoso,Río Sogamoso,2.7309091091156,3.4872727394104,4,4,0.601449251174927,0.829710125923157,1,1,1.04999995231628,2018,09,49,33.7,33.7,35.3849983930588,0,24.1888236999512,2018-09-01,18.6575527191162,31.0678062438965,27.0706157684326
24060050,Pluviométrica,Convencional,Santander,Los Santos,6.7592,-73.0928,1460,11/15/1973,,Andes,Magdalena Cauca,Sogamoso,Río Sogamoso,2.7309091091156,3.4872727394104,4,4,0.601449251174927,0.829710125923157,1,1,1.04999995231628,2018,09,50,19.6,19.6,20.5799990653992,0,12.4964952468872,2018-09-01,4.53936958312988,17.2841873168945,8.24277400970459
24060050,Pluviométrica,Convencional,Santander,Los Santos,6.7592,-73.0928,1460,11/15/1973,,Andes,Magdalena Cauca,Sogamoso,Río Sogamoso,2.7309091091156,3.4872727394104,4,4,0.601449251174927,0.829710125923157,1,1,1.04999995231628,2018,09,51,5.4,5.4,5.66999974250794,0,11.9242868423462,2018-09-01,4.51891660690308,15.13365650177,9.65793991088867
24060050,Pluviométrica,Convencional,Santander,Los Santos,6.7592,-73.0928,1460,11/15/1973,,Andes,Magdalena Cauca,Sogamoso,Río Sogamoso,2.7309091091156,3.4872727394104,4,4,0.601449251174927,0.829710125923157,1,1,1.04999995231628,2018,09,52,2.3,2.3,2.41499989032745,0,21.1735210418701,2018-09-01,19.4991035461426,9.3955078125,9.49501609802246
24060050,Pluviométrica,Convencional,Santander,Los Santos,6.7592,-73.0928,1460,11/15/1973,,Andes,Magdalena Cauca,Sogamoso,Río Sogamoso,2.7309091091156,3.4872727394104,4,4,0.601449251174927,0.829710125923157,1,1,1.04999995231628,2018,09,53,1.5,1.5,1.57499992847443,0,23.5021114349365,2018-09-01,22.4725952148438,15.0725336074829,10.2316598892212
24060050,Pluviométrica,Convencional,Santander,Los Santos,6.7592,-73.0928,1460,11/15/1973,,Andes,Magdalena Cauca,Sogamoso,Río Sogamoso,2.7309091091156,3.4872727394104,4,4,0.601449251174927,0.829710125923157,1,1,1.04999995231628,2018,09,54,48.3,48.3,50.7149976968765,0,26.5398902893066,2018-09-01,23.3438034057617,43.0470390319824,33.333366394043
24060050,Pluviométrica,Convencional,Santander,Los Santos,6.7592,-73.0928,1460,11/15/1973,,Andes,Magdalena Cauca,Sogamoso,Río Sogamoso,2.7309091091156,3.4872727394104,4,4,0.601449251174927,0.829710125923157,1,1,1.03999996185303,2018,10,55,73.3,73.3,76.2319972038269,0,32.2751007080078,2018-10-01,22.0012950897217,39.6093139648438,48.3316955566406
24060050,Pluviométrica,Convencional,Santander,Los Santos,6.7592,-73.0928,1460,11/15/1973,,Andes,Magdalena Cauca,Sogamoso,Río Sogamoso,2.7309091091156,3.4872727394104,4,4,0.601449251174927,0.829710125923157,1,1,1.03999996185303,2018,10,56,2.3,2.3,2.39199991226196,0,21.7399215698242,2018-10-01,7.62524795532227,26.6801128387451,6.25087642669678
24060050,Pluviométrica,Convencional,Santander,Los Santos,6.7592,-73.0928,1460,11/15/1973,,Andes,Magdalena Cauca,Sogamoso,Río Sogamoso,2.7309091091156,3.4872727394104,4,4,0.601449251174927,0.829710125923157,1,1,1.03999996185303,2018,10,57,1.5,1.5,1.55999994277954,0,28.8180751800537,2018-10-01,16.4491004943848,35.3667106628418,20.9364395141602
24060050,Pluviométrica,Convencional,Santander,Los Santos,6.7592,-73.0928,1460,11/15/1973,,Andes,Magdalena Cauca,Sogamoso,Río Sogamoso,2.7309091091156,3.4872727394104,4,4,0.601449251174927,0.829710125923157,1,1,1.03999996185303,2018,10,58,3.5,3.5,3.6399998664856,0,48.9488639831543,2018-10-01,45.5417289733887,60.0720329284668,32.8008499145508
24060050,Pluviométrica,Convencional,Santander,Los Santos,6.7592,-73.0928,1460,11/15/1973,,Andes,Magdalena Cauca,Sogamoso,Río Sogamoso,2.7309091091156,3.4872727394104,4,4,0.601449251174927,0.829710125923157,1,1,1.03999996185303,2018,10,59,52,52,54.0799980163574,0,22.8442306518555,2018-10-01,11.6235418319702,28.0353698730469,30.7373218536377
24060050,Pluviométrica,Convencional,Santander,Los Santos,6.7592,-73.0928,1460,11/15/1973,,Andes,Magdalena Cauca,Sogamoso,Río Sogamoso,2.7309091091156,3.4872727394104,4,4,0.601449251174927,0.829710125923157,1,1,1.03999996185303,2018,10,60,17.8,17.8,18.5119993209839,0,26.060640335083,2018-10-01,2.51910901069641,31.9826755523682,6.37914848327637
24060050,Pluviométrica,Convencional,Santander,Los Santos,6.7592,-73.0928,1460,11/15/1973,,Andes,Magdalena Cauca,Sogamoso,Río Sogamoso,2.7309091091156,3.4872727394104,4,4,0.601449251174927,0.829710125923157,1,1,1.03999996185303,2018,11,61,11,11,11.4399995803833,0,40.6253814697266,2018-11-01,32.4618186950684,33.5192451477051,23.4630756378174
24060050,Pluviométrica,Convencional,Santander,Los Santos,6.7592,-73.0928,1460,11/15/1973,,Andes,Magdalena Cauca,Sogamoso,Río Sogamoso,2.7309091091156,3.4872727394104,4,4,0.601449251174927,0.829710125923157,1,1,1.03999996185303,2018,11,62,0,0,0,0,28.0269088745117,2018-11-01,16.3300971984863,15.4410448074341,9.05941390991211
24060050,Pluviométrica,Convencional,Santander,Los Santos,6.7592,-73.0928,1460,11/15/1973,,Andes,Magdalena Cauca,Sogamoso,Río Sogamoso,2.7309091091156,3.4872727394104,4,4,0.601449251174927,0.829710125923157,1,1,1.03999996185303,2018,11,63,0,0,0,0,32.3703918457031,2018-11-01,19.6371936798096,10.2028961181641,5.81405973434448
24060050,Pluviométrica,Convencional,Santander,Los Santos,6.7592,-73.0928,1460,11/15/1973,,Andes,Magdalena Cauca,Sogamoso,Río Sogamoso,2.7309091091156,3.4872727394104,4,4,0.601449251174927,0.829710125923157,1,1,1.03999996185303,2018,11,64,7.5,7.5,7.79999971389771,0,33.600227355957,2018-11-01,18.4809322357178,15.247504234314,9.67720413208008
24060050,Pluviométrica,Convencional,Santander,Los Santos,6.7592,-73.0928,1460,11/15/1973,,Andes,Magdalena Cauca,Sogamoso,Río Sogamoso,2.7309091091156,3.4872727394104,4,4,0.601449251174927,0.829710125923157,1,1,1.03999996185303,2018,11,65,0,0,0,0,13.6869039535522,2018-11-01,0.859956860542297,8.48801994323731,0.684338092803955
24060050,Pluviométrica,Convencional,Santander,Los Santos,6.7592,-73.0928,1460,11/15/1973,,Andes,Magdalena Cauca,Sogamoso,Río Sogamoso,2.7309091091156,3.4872727394104,4,4,0.601449251174927,0.829710125923157,1,1,1.03999996185303,2018,11,66,0,0,0,0,17.1649055480957,2018-11-01,3.16921710968018,7.57071828842163,1.88450956344605
24060050,Pluviométrica,Convencional,Santander,Los Santos,6.7592,-73.0928,1460,11/15/1973,,Andes,Magdalena Cauca,Sogamoso,Río Sogamoso,2.7309091091156,3.4872727394104,4,4,0.601449251174927,0.829710125923157,1,1,1.05999994277954,2018,12,67,0,0,0,0,5.47284460067749,2018-12-01,0,2.37734341621399,0
24060050,Pluviométrica,Convencional,Santander,Los Santos,6.7592,-73.0928,1460,11/15/1973,,Andes,Magdalena Cauca,Sogamoso,Río Sogamoso,2.7309091091156,3.4872727394104,4,4,0.601449251174927,0.829710125923157,1,1,1.05999994277954,2018,12,68,0,0,0,0,4.9330644607544,2018-12-01,0.520382642745972,2.31560754776001,0.65709662437439
24060050,Pluviométrica,Convencional,Santander,Los Santos,6.7592,-73.0928,1460,11/15/1973,,Andes,Magdalena Cauca,Sogamoso,Río Sogamoso,2.7309091091156,3.4872727394104,4,4,0.601449251174927,0.829710125923157,1,1,1.05999994277954,2018,12,69,0,0,0,0,4.77511072158814,2018-12-01,0,5.73846244812012,0
24060050,Pluviométrica,Convencional,Santander,Los Santos,6.7592,-73.0928,1460,11/15/1973,,Andes,Magdalena Cauca,Sogamoso,Río Sogamoso,2.7309091091156,3.4872727394104,4,4,0.601449251174927,0.829710125923157,1,1,1.05999994277954,2018,12,70,0,0,0,0,4.99596738815308,2018-12-01,0,2.82293295860291,0
24060050,Pluviométrica,Convencional,Santander,Los Santos,6.7592,-73.0928,1460,11/15/1973,,Andes,Magdalena Cauca,Sogamoso,Río Sogamoso,2.7309091091156,3.4872727394104,4,4,0.601449251174927,0.829710125923157,1,1,1.05999994277954,2018,12,71,0,0,0,0,5.13272619247437,2018-12-01,0,2.17978405952454,0
24060050,Pluviométrica,Convencional,Santander,Los Santos,6.7592,-73.0928,1460,11/15/1973,,Andes,Magdalena Cauca,Sogamoso,Río Sogamoso,2.7309091091156,3.4872727394104,4,4,0.601449251174927,0.829710125923157,1,1,1.05999994277954,2018,12,72,0,0,0,0,7.45804357528687,2018-12-01,0,3.66475820541382,0
24060050,Pluviométrica,Convencional,Santander,Los Santos,6.7592,-73.0928,1460,11/15/1973,,Andes,Magdalena Cauca,Sogamoso,Río Sogamoso,2.7309091091156,3.4872727394104,4,4,0.601449251174927,0.829710125923157,1,1,1.07000005245209,2019,01,1,0,0,0,0,4.52473020553589,2019-01-01,0,2.17655467987061,0
24060050,Pluviométrica,Convencional,Santander,Los Santos,6.7592,-73.0928,1460,11/15/1973,,Andes,Magdalena Cauca,Sogamoso,Río Sogamoso,2.7309091091156,3.4872727394104,4,4,0.601449251174927,0.829710125923157,1,1,1.07000005245209,2019,01,2,44.3,44.3,47.4010023236275,0,30.7349662780762,2019-01-01,23.1802940368652,30.3705749511719,26.0964546203613
24060050,Pluviométrica,Convencional,Santander,Los Santos,6.7592,-73.0928,1460,11/15/1973,,Andes,Magdalena Cauca,Sogamoso,Río Sogamoso,2.7309091091156,3.4872727394104,4,4,0.601449251174927,0.829710125923157,1,1,1.07000005245209,2019,01,3,0,0,0,0,4.62817335128784,2019-01-01,0,5.76242923736572,0
24060050,Pluviométrica,Convencional,Santander,Los Santos,6.7592,-73.0928,1460,11/15/1973,,Andes,Magdalena Cauca,Sogamoso,Río Sogamoso,2.7309091091156,3.4872727394104,4,4,0.601449251174927,0.829710125923157,1,1,1.07000005245209,2019,01,4,2.2,2.2,2.35400011539459,0,10.9350891113281,2019-01-01,3.95800113677979,4.53619813919067,2.47554469108582
24060050,Pluviométrica,Convencional,Santander,Los Santos,6.7592,-73.0928,1460,11/15/1973,,Andes,Magdalena Cauca,Sogamoso,Río Sogamoso,2.7309091091156,3.4872727394104,4,4,0.601449251174927,0.829710125923157,1,1,1.07000005245209,2019,01,5,7.3,7.3,7.81100038290024,0,4.14520931243897,2019-01-01,0,3.5498948097229,0
24060050,Pluviométrica,Convencional,Santander,Los Santos,6.7592,-73.0928,1460,11/15/1973,,Andes,Magdalena Cauca,Sogamoso,Río Sogamoso,2.7309091091156,3.4872727394104,4,4,0.601449251174927,0.829710125923157,1,1,1.07000005245209,2019,01,6,0,0,0,0,7.80571174621582,2019-01-01,2.86401677131653,6.43401622772217,4.69468927383423
24060050,Pluviométrica,Convencional,Santander,Los Santos,6.7592,-73.0928,1460,11/15/1973,,Andes,Magdalena Cauca,Sogamoso,Río Sogamoso,2.7309091091156,3.4872727394104,4,4,0.601449251174927,0.829710125923157,1,1,1.05999994277954,2019,02,7,0,0,0,0,5.11566686630249,2019-02-01,0,3.38996243476868,0
24060050,Pluviométrica,Convencional,Santander,Los Santos,6.7592,-73.0928,1460,11/15/1973,,Andes,Magdalena Cauca,Sogamoso,Río Sogamoso,2.7309091091156,3.4872727394104,4,4,0.601449251174927,0.829710125923157,1,1,1.05999994277954,2019,02,8,6.3,6.3,6.67799963951111,0,4.93194770812988,2019-02-01,0.489398539066315,5.18175601959229,0.931540966033936
24060050,Pluviométrica,Convencional,Santander,Los Santos,6.7592,-73.0928,1460,11/15/1973,,Andes,Magdalena Cauca,Sogamoso,Río Sogamoso,2.7309091091156,3.4872727394104,4,4,0.601449251174927,0.829710125923157,1,1,1.05999994277954,2019,02,9,0,0,0,0,6.69929265975952,2019-02-01,4.31394052505493,7.4481348991394,6.95884990692139
24060050,Pluviométrica,Convencional,Santander,Los Santos,6.7592,-73.0928,1460,11/15/1973,,Andes,Magdalena Cauca,Sogamoso,Río Sogamoso,2.7309091091156,3.4872727394104,4,4,0.601449251174927,0.829710125923157,1,1,1.05999994277954,2019,02,10,5.8,5.8,6.14799966812134,0,16.910120010376,2019-02-01,19.8066577911377,16.2316951751709,15.4380264282227
24060050,Pluviométrica,Convencional,Santander,Los Santos,6.7592,-73.0928,1460,11/15/1973,,Andes,Magdalena Cauca,Sogamoso,Río Sogamoso,2.7309091091156,3.4872727394104,4,4,0.601449251174927,0.829710125923157,1,1,1.05999994277954,2019,02,11,0,0,0,0,23.5638313293457,2019-02-01,27.0757789611816,15.2504148483276,11.2325220108032
24060050,Pluviométrica,Convencional,Santander,Los Santos,6.7592,-73.0928,1460,11/15/1973,,Andes,Magdalena Cauca,Sogamoso,Río Sogamoso,2.7309091091156,3.4872727394104,4,4,0.601449251174927,0.829710125923157,1,1,1.05999994277954,2019,02,12,2.5,2.5,2.64999985694885,0,2.12743330001831,2019-02-01,0,1.62812900543213,0
24060050,Pluviométrica,Convencional,Santander,Los Santos,6.7592,-73.0928,1460,11/15/1973,,Andes,Magdalena Cauca,Sogamoso,Río Sogamoso,2.7309091091156,3.4872727394104,4,4,0.601449251174927,0.829710125923157,1,1,1.05999994277954,2019,03,13,2.5,2.5,2.64999985694885,0,17.6332359313965,2019-03-01,24.6087112426758,14.1855630874634,19.0218639373779
24060050,Pluviométrica,Convencional,Santander,Los Santos,6.7592,-73.0928,1460,11/15/1973,,Andes,Magdalena Cauca,Sogamoso,Río Sogamoso,2.7309091091156,3.4872727394104,4,4,0.601449251174927,0.829710125923157,1,1,1.05999994277954,2019,03,14,5.4,5.4,5.72399969100952,0,17.5090579986572,2019-03-01,20.1243286132813,12.523265838623,17.1289215087891
24060050,Pluviométrica,Convencional,Santander,Los Santos,6.7592,-73.0928,1460,11/15/1973,,Andes,Magdalena Cauca,Sogamoso,Río Sogamoso,2.7309091091156,3.4872727394104,4,4,0.601449251174927,0.829710125923157,1,1,1.05999994277954,2019,03,15,4.5,4.5,4.76999974250794,0,11.1577968597412,2019-03-01,4.99804973602295,14.9025573730469,7.45698213577271
24060050,Pluviométrica,Convencional,Santander,Los Santos,6.7592,-73.0928,1460,11/15/1973,,Andes,Magdalena Cauca,Sogamoso,Río Sogamoso,2.7309091091156,3.4872727394104,4,4,0.601449251174927,0.829710125923157,1,1,1.05999994277954,2019,03,16,0,0,0,0,14.1424312591553,2019-03-01,14.1061038970947,20.7853355407715,14.4313564300537
24060050,Pluviométrica,Convencional,Santander,Los Santos,6.7592,-73.0928,1460,11/15/1973,,Andes,Magdalena Cauca,Sogamoso,Río Sogamoso,2.7309091091156,3.4872727394104,4,4,0.601449251174927,0.829710125923157,1,1,1.05999994277954,2019,03,17,39,39,41.3399977684021,0,11.4467468261719,2019-03-01,8.67631435394287,31.4715766906738,35.4252128601074
24060050,Pluviométrica,Convencional,Santander,Los Santos,6.7592,-73.0928,1460,11/15/1973,,Andes,Magdalena Cauca,Sogamoso,Río Sogamoso,2.7309091091156,3.4872727394104,4,4,0.601449251174927,0.829710125923157,1,1,1.05999994277954,2019,03,18,20.9,20.9,22.1539988040924,0,10.7578754425049,2019-03-01,1.52340030670166,17.6403121948242,6.82729482650757
24060050,Pluviométrica,Convencional,Santander,Los Santos,6.7592,-73.0928,1460,11/15/1973,,Andes,Magdalena Cauca,Sogamoso,Río Sogamoso,2.7309091091156,3.4872727394104,4,4,0.601449251174927,0.829710125923157,1,1,1.04999995231628,2019,04,19,0,0,0,0,16.5814666748047,2019-04-01,12.5444860458374,17.9157791137695,14.9039297103882
24060050,Pluviométrica,Convencional,Santander,Los Santos,6.7592,-73.0928,1460,11/15/1973,,Andes,Magdalena Cauca,Sogamoso,Río Sogamoso,2.7309091091156,3.4872727394104,4,4,0.601449251174927,0.829710125923157,1,1,1.04999995231628,2019,04,20,0,0,0,0,7.6412091255188,2019-04-01,0,10.0354738235474,0
24060050,Pluviométrica,Convencional,Santander,Los Santos,6.7592,-73.0928,1460,11/15/1973,,Andes,Magdalena Cauca,Sogamoso,Río Sogamoso,2.7309091091156,3.4872727394104,4,4,0.601449251174927,0.829710125923157,1,1,1.04999995231628,2019,04,21,15.6,15.6,16.379999256134,0,29.5623397827148,2019-04-01,24.074987411499,20.5517559051514,15.5652589797974
24060050,Pluviométrica,Convencional,Santander,Los Santos,6.7592,-73.0928,1460,11/15/1973,,Andes,Magdalena Cauca,Sogamoso,Río Sogamoso,2.7309091091156,3.4872727394104,4,4,0.601449251174927,0.829710125923157,1,1,1.04999995231628,2019,04,22,30.6,30.6,32.1299985408783,0,22.9187793731689,2019-04-01,18.0361919403076,30.9047145843506,32.339054107666
24060050,Pluviométrica,Convencional,Santander,Los Santos,6.7592,-73.0928,1460,11/15/1973,,Andes,Magdalena Cauca,Sogamoso,Río Sogamoso,2.7309091091156,3.4872727394104,4,4,0.601449251174927,0.829710125923157,1,1,1.04999995231628,2019,04,23,41.7,41.7,43.7849980115891,0,19.8270149230957,2019-04-01,19.3677940368652,34.2292098999023,28.833122253418
24060050,Pluviométrica,Convencional,Santander,Los Santos,6.7592,-73.0928,1460,11/15/1973,,Andes,Magdalena Cauca,Sogamoso,Río Sogamoso,2.7309091091156,3.4872727394104,4,4,0.601449251174927,0.829710125923157,1,1,1.04999995231628,2019,04,24,0,0,0,0,17.1068325042725,2019-04-01,9.27447032928467,12.468843460083,8.10207366943359
24060050,Pluviométrica,Convencional,Santander,Los Santos,6.7592,-73.0928,1460,11/15/1973,,Andes,Magdalena Cauca,Sogamoso,Río Sogamoso,2.7309091091156,3.4872727394104,4,4,0.601449251174927,0.829710125923157,1,1,1.03999996185303,2019,05,25,0,0,0,0,11.6202697753906,2019-05-01,0,3.62706995010376,0
24060050,Pluviométrica,Convencional,Santander,Los Santos,6.7592,-73.0928,1460,11/15/1973,,Andes,Magdalena Cauca,Sogamoso,Río Sogamoso,2.7309091091156,3.4872727394104,4,4,0.601449251174927,0.829710125923157,1,1,1.03999996185303,2019,05,26,66.6,66.6,69.2639974594116,0,29.3786716461182,2019-05-01,20.2530632019043,36.4428443908691,32.7685928344727
24060050,Pluviométrica,Convencional,Santander,Los Santos,6.7592,-73.0928,1460,11/15/1973,,Andes,Magdalena Cauca,Sogamoso,Río Sogamoso,2.7309091091156,3.4872727394104,4,4,0.601449251174927,0.829710125923157,1,1,1.03999996185303,2019,05,27,12.8,12.8,13.3119995117187,0,32.3952369689941,2019-05-01,21.417085647583,27.6487483978272,19.8455238342285
24060050,Pluviométrica,Convencional,Santander,Los Santos,6.7592,-73.0928,1460,11/15/1973,,Andes,Magdalena Cauca,Sogamoso,Río Sogamoso,2.7309091091156,3.4872727394104,4,4,0.601449251174927,0.829710125923157,1,1,1.03999996185303,2019,05,28,9.7,9.7,10.0879996299744,0,21.305871963501,2019-05-01,9.84376525878906,26.915397644043,20.2918128967285
24060050,Pluviométrica,Convencional,Santander,Los Santos,6.7592,-73.0928,1460,11/15/1973,,Andes,Magdalena Cauca,Sogamoso,Río Sogamoso,2.7309091091156,3.4872727394104,4,4,0.601449251174927,0.829710125923157,1,1,1.03999996185303,2019,05,29,28,28,29.1199989318848,0,34.6527099609375,2019-05-01,25.4308567047119,50.9219474792481,43.4631080627441
24060050,Pluviométrica,Convencional,Santander,Los Santos,6.7592,-73.0928,1460,11/15/1973,,Andes,Magdalena Cauca,Sogamoso,Río Sogamoso,2.7309091091156,3.4872727394104,4,4,0.601449251174927,0.829710125923157,1,1,1.03999996185303,2019,05,30,3.5,3.5,3.6399998664856,0,41.9114875793457,2019-05-01,23.1391372680664,32.9368858337402,20.8611297607422
24060050,Pluviométrica,Convencional,Santander,Los Santos,6.7592,-73.0928,1460,11/15/1973,,Andes,Magdalena Cauca,Sogamoso,Río Sogamoso,2.7309091091156,3.4872727394104,4,4,0.601449251174927,0.829710125923157,1,1,1.04999995231628,2019,06,31,3.9,3.9,4.09499981403351,0,23.766580581665,2019-06-01,17.8144798278809,19.0200824737549,17.0297088623047
24060050,Pluviométrica,Convencional,Santander,Los Santos,6.7592,-73.0928,1460,11/15/1973,,Andes,Magdalena Cauca,Sogamoso,Río Sogamoso,2.7309091091156,3.4872727394104,4,4,0.601449251174927,0.829710125923157,1,1,1.04999995231628,2019,06,32,4.4,4.4,4.61999979019165,0,23.1623439788818,2019-06-01,15.2382459640503,17.0253982543945,11.9252233505249
24060050,Pluviométrica,Convencional,Santander,Los Santos,6.7592,-73.0928,1460,11/15/1973,,Andes,Magdalena Cauca,Sogamoso,Río Sogamoso,2.7309091091156,3.4872727394104,4,4,0.601449251174927,0.829710125923157,1,1,1.04999995231628,2019,06,33,0,0,0,0,21.1885662078857,2019-06-01,13.6200294494629,16.868501663208,9.45281887054443
24060050,Pluviométrica,Convencional,Santander,Los Santos,6.7592,-73.0928,1460,11/15/1973,,Andes,Magdalena Cauca,Sogamoso,Río Sogamoso,2.7309091091156,3.4872727394104,4,4,0.601449251174927,0.829710125923157,1,1,1.04999995231628,2019,06,34,0,0,0,0,19.3707313537598,2019-06-01,10.7335166931152,7.81371831893921,4.39356136322022
24060050,Pluviométrica,Convencional,Santander,Los Santos,6.7592,-73.0928,1460,11/15/1973,,Andes,Magdalena Cauca,Sogamoso,Río Sogamoso,2.7309091091156,3.4872727394104,4,4,0.601449251174927,0.829710125923157,1,1,1.04999995231628,2019,06,35,0,0,0,0,22.5545825958252,2019-06-01,19.6458988189697,9.5121021270752,8.04902458190918
24060050,Pluviométrica,Convencional,Santander,Los Santos,6.7592,-73.0928,1460,11/15/1973,,Andes,Magdalena Cauca,Sogamoso,Río Sogamoso,2.7309091091156,3.4872727394104,4,4,0.601449251174927,0.829710125923157,1,1,1.04999995231628,2019,06,36,0,0,0,0,16.8049716949463,2019-06-01,7.48187112808228,5.27709150314331,2.71796917915344
24060050,Pluviométrica,Convencional,Santander,Los Santos,6.7592,-73.0928,1460,11/15/1973,,Andes,Magdalena Cauca,Sogamoso,Río Sogamoso,2.7309091091156,3.4872727394104,4,4,0.601449251174927,0.829710125923157,1,1,1.04999995231628,2019,07,37,0,0,0,0,15.5622568130493,2019-07-01,9.13384246826172,8.28112030029297,6.4955906867981
24060050,Pluviométrica,Convencional,Santander,Los Santos,6.7592,-73.0928,1460,11/15/1973,,Andes,Magdalena Cauca,Sogamoso,Río Sogamoso,2.7309091091156,3.4872727394104,4,4,0.601449251174927,0.829710125923157,1,1,1.04999995231628,2019,07,38,0,0,0,0,18.8542671203613,2019-07-01,15.3965120315552,12.5238351821899,9.84853172302246
24060050,Pluviométrica,Convencional,Santander,Los Santos,6.7592,-73.0928,1460,11/15/1973,,Andes,Magdalena Cauca,Sogamoso,Río Sogamoso,2.7309091091156,3.4872727394104,4,4,0.601449251174927,0.829710125923157,1,1,1.04999995231628,2019,07,39,4.5,4.5,4.72499978542328,0,9.15267467498779,2019-07-01,0,7.88844347000122,0
24060050,Pluviométrica,Convencional,Santander,Los Santos,6.7592,-73.0928,1460,11/15/1973,,Andes,Magdalena Cauca,Sogamoso,Río Sogamoso,2.7309091091156,3.4872727394104,4,4,0.601449251174927,0.829710125923157,1,1,1.04999995231628,2019,07,40,3.2,3.2,3.35999984741211,0,15.7780876159668,2019-07-01,10.3088331222534,12.2081241607666,13.1761436462402
24060050,Pluviométrica,Convencional,Santander,Los Santos,6.7592,-73.0928,1460,11/15/1973,,Andes,Magdalena Cauca,Sogamoso,Río Sogamoso,2.7309091091156,3.4872727394104,4,4,0.601449251174927,0.829710125923157,1,1,1.04999995231628,2019,07,41,0,0,0,0,19.7501964569092,2019-07-01,20.5322914123535,10.8599157333374,10.2017889022827
24060050,Pluviométrica,Convencional,Santander,Los Santos,6.7592,-73.0928,1460,11/15/1973,,Andes,Magdalena Cauca,Sogamoso,Río Sogamoso,2.7309091091156,3.4872727394104,4,4,0.601449251174927,0.829710125923157,1,1,1.04999995231628,2019,07,42,0,0,0,0,21.879955291748,2019-07-01,9.66194629669189,15.5817613601685,6.8149003982544
24060050,Pluviométrica,Convencional,Santander,Los Santos,6.7592,-73.0928,1460,11/15/1973,,Andes,Magdalena Cauca,Sogamoso,Río Sogamoso,2.7309091091156,3.4872727394104,4,4,0.601449251174927,0.829710125923157,1,1,1.04999995231628,2019,08,43,35.2,35.2,36.9599983215332,0,17.6872482299805,2019-08-01,4.68981599807739,24.0903148651123,14.3033561706543
24060050,Pluviométrica,Convencional,Santander,Los Santos,6.7592,-73.0928,1460,11/15/1973,,Andes,Magdalena Cauca,Sogamoso,Río Sogamoso,2.7309091091156,3.4872727394104,4,4,0.601449251174927,0.829710125923157,1,1,1.04999995231628,2019,08,44,11.8,11.8,12.3899994373322,0,18.0667037963867,2019-08-01,1.10069298744202,13.3442049026489,3.13123083114624
24060050,Pluviométrica,Convencional,Santander,Los Santos,6.7592,-73.0928,1460,11/15/1973,,Andes,Magdalena Cauca,Sogamoso,Río Sogamoso,2.7309091091156,3.4872727394104,4,4,0.601449251174927,0.829710125923157,1,1,1.04999995231628,2019,08,45,19.3,19.3,20.2649990797043,0,40.9021301269531,2019-08-01,34.7035255432129,34.8230514526367,34.1096725463867
24060050,Pluviométrica,Convencional,Santander,Los Santos,6.7592,-73.0928,1460,11/15/1973,,Andes,Magdalena Cauca,Sogamoso,Río Sogamoso,2.7309091091156,3.4872727394104,4,4,0.601449251174927,0.829710125923157,1,1,1.04999995231628,2019,08,46,33.7,33.7,35.3849983930588,0,22.9337196350098,2019-08-01,8.91513252258301,27.9116744995117,21.9785289764404
24060050,Pluviométrica,Convencional,Santander,Los Santos,6.7592,-73.0928,1460,11/15/1973,,Andes,Magdalena Cauca,Sogamoso,Río Sogamoso,2.7309091091156,3.4872727394104,4,4,0.601449251174927,0.829710125923157,1,1,1.04999995231628,2019,08,47,0,0,0,0,27.0527439117432,2019-08-01,17.4612560272217,14.2632608413696,10.958758354187
24060050,Pluviométrica,Convencional,Santander,Los Santos,6.7592,-73.0928,1460,11/15/1973,,Andes,Magdalena Cauca,Sogamoso,Río Sogamoso,2.7309091091156,3.4872727394104,4,4,0.601449251174927,0.829710125923157,1,1,1.04999995231628,2019,08,48,3.1,3.1,3.25499985218048,0,40.3659439086914,2019-08-01,28.7042331695557,23.0375995635986,19.6024723052979
24060050,Pluviométrica,Convencional,Santander,Los Santos,6.7592,-73.0928,1460,11/15/1973,,Andes,Magdalena Cauca,Sogamoso,Río Sogamoso,2.7309091091156,3.4872727394104,4,4,0.601449251174927,0.829710125923157,1,1,1.04999995231628,2019,09,49,0,0,0,0,35.6491203308106,2019-09-01,35.0015830993652,21.8866729736328,18.6511859893799
24060050,Pluviométrica,Convencional,Santander,Los Santos,6.7592,-73.0928,1460,11/15/1973,,Andes,Magdalena Cauca,Sogamoso,Río Sogamoso,2.7309091091156,3.4872727394104,4,4,0.601449251174927,0.829710125923157,1,1,1.04999995231628,2019,09,50,0,0,0,0,15.1594877243042,2019-09-01,10.6764507293701,8.13866329193115,5.22094345092773
24060050,Pluviométrica,Convencional,Santander,Los Santos,6.7592,-73.0928,1460,11/15/1973,,Andes,Magdalena Cauca,Sogamoso,Río Sogamoso,2.7309091091156,3.4872727394104,4,4,0.601449251174927,0.829710125923157,1,1,1.04999995231628,2019,09,51,0,0,0,0,23.994291305542,2019-09-01,20.752872467041,19.3100318908691,15.0182113647461
24060050,Pluviométrica,Convencional,Santander,Los Santos,6.7592,-73.0928,1460,11/15/1973,,Andes,Magdalena Cauca,Sogamoso,Río Sogamoso,2.7309091091156,3.4872727394104,4,4,0.601449251174927,0.829710125923157,1,1,1.04999995231628,2019,09,52,30,30,31.4999985694885,0,23.0003662109375,2019-09-01,21.3832836151123,29.6181812286377,23.7508983612061
24060050,Pluviométrica,Convencional,Santander,Los Santos,6.7592,-73.0928,1460,11/15/1973,,Andes,Magdalena Cauca,Sogamoso,Río Sogamoso,2.7309091091156,3.4872727394104,4,4,0.601449251174927,0.829710125923157,1,1,1.04999995231628,2019,09,53,14.7,14.7,15.4349992990494,0,32.3662376403809,2019-09-01,36.2646522521973,28.3007984161377,23.4157943725586
24060050,Pluviométrica,Convencional,Santander,Los Santos,6.7592,-73.0928,1460,11/15/1973,,Andes,Magdalena Cauca,Sogamoso,Río Sogamoso,2.7309091091156,3.4872727394104,4,4,0.601449251174927,0.829710125923157,1,1,1.04999995231628,2019,09,54,24,24,25.1999988555908,0,20.4764881134033,2019-09-01,17.0708274841309,20.9630451202393,17.7223834991455
24060050,Pluviométrica,Convencional,Santander,Los Santos,6.7592,-73.0928,1460,11/15/1973,,Andes,Magdalena Cauca,Sogamoso,Río Sogamoso,2.7309091091156,3.4872727394104,4,4,0.601449251174927,0.829710125923157,1,1,1.03999996185303,2019,10,55,0,0,0,0,32.9854240417481,2019-10-01,23.8271732330322,14.6516227722168,10.5068893432617
24060050,Pluviométrica,Convencional,Santander,Los Santos,6.7592,-73.0928,1460,11/15/1973,,Andes,Magdalena Cauca,Sogamoso,Río Sogamoso,2.7309091091156,3.4872727394104,4,4,0.601449251174927,0.829710125923157,1,1,1.03999996185303,2019,10,56,0,0,0,0,23.2169551849365,2019-10-01,9.51142024993896,19.3337230682373,10.0110197067261
24060050,Pluviométrica,Convencional,Santander,Los Santos,6.7592,-73.0928,1460,11/15/1973,,Andes,Magdalena Cauca,Sogamoso,Río Sogamoso,2.7309091091156,3.4872727394104,4,4,0.601449251174927,0.829710125923157,1,1,1.03999996185303,2019,10,57,6.3,6.3,6.55199975967407,0,36.5157699584961,2019-10-01,27.6963768005371,22.4594268798828,16.9279098510742
24060050,Pluviométrica,Convencional,Santander,Los Santos,6.7592,-73.0928,1460,11/15/1973,,Andes,Magdalena Cauca,Sogamoso,Río Sogamoso,2.7309091091156,3.4872727394104,4,4,0.601449251174927,0.829710125923157,1,1,1.03999996185303,2019,10,58,0,0,0,0,25.8437232971191,2019-10-01,15.4186944961548,27.0731582641602,15.0145425796509
24060050,Pluviométrica,Convencional,Santander,Los Santos,6.7592,-73.0928,1460,11/15/1973,,Andes,Magdalena Cauca,Sogamoso,Río Sogamoso,2.7309091091156,3.4872727394104,4,4,0.601449251174927,0.829710125923157,1,1,1.03999996185303,2019,10,59,7.7,7.7,8.00799970626831,0,29.5050220489502,2019-10-01,18.7087059020996,26.6453819274902,15.5277433395386
24060050,Pluviométrica,Convencional,Santander,Los Santos,6.7592,-73.0928,1460,11/15/1973,,Andes,Magdalena Cauca,Sogamoso,Río Sogamoso,2.7309091091156,3.4872727394104,4,4,0.601449251174927,0.829710125923157,1,1,1.03999996185303,2019,10,60,0,0,0,0,41.1857795715332,2019-10-01,21.5493965148926,15.6547298431396,8.46092128753662
24060050,Pluviométrica,Convencional,Santander,Los Santos,6.7592,-73.0928,1460,11/15/1973,,Andes,Magdalena Cauca,Sogamoso,Río Sogamoso,2.7309091091156,3.4872727394104,4,4,0.601449251174927,0.829710125923157,1,1,1.03999996185303,2019,11,61,0,0,0,0,28.0638694763184,2019-11-01,16.2446632385254,12.8770523071289,6.98362302780151
24060050,Pluviométrica,Convencional,Santander,Los Santos,6.7592,-73.0928,1460,11/15/1973,,Andes,Magdalena Cauca,Sogamoso,Río Sogamoso,2.7309091091156,3.4872727394104,4,4,0.601449251174927,0.829710125923157,1,1,1.03999996185303,2019,11,62,8.3,8.3,8.63199968338013,0,73.1887741088867,2019-11-01,60.5993270874023,41.8594932556152,37.5404777526856
24060050,Pluviométrica,Convencional,Santander,Los Santos,6.7592,-73.0928,1460,11/15/1973,,Andes,Magdalena Cauca,Sogamoso,Río Sogamoso,2.7309091091156,3.4872727394104,4,4,0.601449251174927,0.829710125923157,1,1,1.03999996185303,2019,11,63,14.9,14.9,15.4959994316101,0,40.0346946716309,2019-11-01,24.4913330078125,36.9953651428223,28.4525585174561
24060050,Pluviométrica,Convencional,Santander,Los Santos,6.7592,-73.0928,1460,11/15/1973,,Andes,Magdalena Cauca,Sogamoso,Río Sogamoso,2.7309091091156,3.4872727394104,4,4,0.601449251174927,0.829710125923157,1,1,1.03999996185303,2019,11,64,0,0,0,0,11.0596752166748,2019-11-01,0,11.2628812789917,0
24060050,Pluviométrica,Convencional,Santander,Los Santos,6.7592,-73.0928,1460,11/15/1973,,Andes,Magdalena Cauca,Sogamoso,Río Sogamoso,2.7309091091156,3.4872727394104,4,4,0.601449251174927,0.829710125923157,1,1,1.03999996185303,2019,11,65,18,18,18.7199993133545,0,15.0104398727417,2019-11-01,2.12016201019287,12.723219871521,4.78116369247437
24060050,Pluviométrica,Convencional,Santander,Los Santos,6.7592,-73.0928,1460,11/15/1973,,Andes,Magdalena Cauca,Sogamoso,Río Sogamoso,2.7309091091156,3.4872727394104,4,4,0.601449251174927,0.829710125923157,1,1,1.03999996185303,2019,11,66,0,0,0,0,13.3050689697266,2019-11-01,1.92486751079559,4.60764455795288,1.01275217533112
24060050,Pluviométrica,Convencional,Santander,Los Santos,6.7592,-73.0928,1460,11/15/1973,,Andes,Magdalena Cauca,Sogamoso,Río Sogamoso,2.7309091091156,3.4872727394104,4,4,0.601449251174927,0.829710125923157,1,1,1.05999994277954,2019,12,67,0,0,0,0,12.1061897277832,2019-12-01,7.99205350875855,6.64942026138306,5.16817235946655
24060050,Pluviométrica,Convencional,Santander,Los Santos,6.7592,-73.0928,1460,11/15/1973,,Andes,Magdalena Cauca,Sogamoso,Río Sogamoso,2.7309091091156,3.4872727394104,4,4,0.601449251174927,0.829710125923157,1,1,1.05999994277954,2019,12,68,0,0,0,0,4.9330644607544,2019-12-01,0.520382642745972,4.14179611206055,0.715931177139282
24060050,Pluviométrica,Convencional,Santander,Los Santos,6.7592,-73.0928,1460,11/15/1973,,Andes,Magdalena Cauca,Sogamoso,Río Sogamoso,2.7309091091156,3.4872727394104,4,4,0.601449251174927,0.829710125923157,1,1,1.05999994277954,2019,12,69,10.2,10.2,10.8119994163513,0,4.77511072158814,2019-12-01,0,3.70943331718445,0
24060050,Pluviométrica,Convencional,Santander,Los Santos,6.7592,-73.0928,1460,11/15/1973,,Andes,Magdalena Cauca,Sogamoso,Río Sogamoso,2.7309091091156,3.4872727394104,4,4,0.601449251174927,0.829710125923157,1,1,1.05999994277954,2019,12,70,5.3,5.3,5.61799969673157,0,8.02364158630371,2019-12-01,2.34704494476318,7.80678796768189,4.32472133636475
24060050,Pluviométrica,Convencional,Santander,Los Santos,6.7592,-73.0928,1460,11/15/1973,,Andes,Magdalena Cauca,Sogamoso,Río Sogamoso,2.7309091091156,3.4872727394104,4,4,0.601449251174927,0.829710125923157,1,1,1.05999994277954,2019,12,71,4.3,4.3,4.55799975395203,0,17.5749378204346,2019-12-01,18.9236087799072,11.2814340591431,10.5004148483276
24060050,Pluviométrica,Convencional,Santander,Los Santos,6.7592,-73.0928,1460,11/15/1973,,Andes,Magdalena Cauca,Sogamoso,Río Sogamoso,2.7309091091156,3.4872727394104,4,4,0.601449251174927,0.829710125923157,1,1,1.05999994277954,2019,12,72,5,5,5.29999971389771,0,40.3442993164063,2019-12-01,61.1635704040527,26.2114791870117,31.2525482177734
24060050,Pluviométrica,Convencional,Santander,Los Santos,6.7592,-73.0928,1460,11/15/1973,,Andes,Magdalena Cauca,Sogamoso,Río Sogamoso,2.7309091091156,3.4872727394104,4,4,0.601449251174927,0.829710125923157,1,1,1.07000005245209,2020,01,1,0,0,0,0,4.52473020553589,2020-01-01,0,2.91393113136292,0
24060050,Pluviométrica,Convencional,Santander,Los Santos,6.7592,-73.0928,1460,11/15/1973,,Andes,Magdalena Cauca,Sogamoso,Río Sogamoso,2.7309091091156,3.4872727394104,4,4,0.601449251174927,0.829710125923157,1,1,1.07000005245209,2020,01,2,0,0,0,0,4.61682510375977,2020-01-01,0,2.61745285987854,0
24060050,Pluviométrica,Convencional,Santander,Los Santos,6.7592,-73.0928,1460,11/15/1973,,Andes,Magdalena Cauca,Sogamoso,Río Sogamoso,2.7309091091156,3.4872727394104,4,4,0.601449251174927,0.829710125923157,1,1,1.07000005245209,2020,01,3,0,0,0,0,4.62817335128784,2020-01-01,0,2.55581521987915,0
24060050,Pluviométrica,Convencional,Santander,Los Santos,6.7592,-73.0928,1460,11/15/1973,,Andes,Magdalena Cauca,Sogamoso,Río Sogamoso,2.7309091091156,3.4872727394104,4,4,0.601449251174927,0.829710125923157,1,1,1.07000005245209,2020,01,4,6.6,6.6,7.06200034618378,0,25.0277862548828,2020-01-01,20.6371612548828,10.6485157012939,11.8406972885132
24060050,Pluviométrica,Convencional,Santander,Los Santos,6.7592,-73.0928,1460,11/15/1973,,Andes,Magdalena Cauca,Sogamoso,Río Sogamoso,2.7309091091156,3.4872727394104,4,4,0.601449251174927,0.829710125923157,1,1,1.07000005245209,2020,01,5,4.5,4.5,4.81500023603439,0,30.8881301879883,2020-01-01,33.7666969299316,25.1082000732422,23.1375484466553
24060050,Pluviométrica,Convencional,Santander,Los Santos,6.7592,-73.0928,1460,11/15/1973,,Andes,Magdalena Cauca,Sogamoso,Río Sogamoso,2.7309091091156,3.4872727394104,4,4,0.601449251174927,0.829710125923157,1,1,1.07000005245209,2020,01,6,3.5,3.5,3.74500018358231,0,5.24703168869019,2020-01-01,0,6.87023973464966,0
24060050,Pluviométrica,Convencional,Santander,Los Santos,6.7592,-73.0928,1460,11/15/1973,,Andes,Magdalena Cauca,Sogamoso,Río Sogamoso,2.7309091091156,3.4872727394104,4,4,0.601449251174927,0.829710125923157,1,1,1.05999994277954,2020,02,7,0,0,0,0,5.11566686630249,2020-02-01,0,3.6515805721283,0
24060050,Pluviométrica,Convencional,Santander,Los Santos,6.7592,-73.0928,1460,11/15/1973,,Andes,Magdalena Cauca,Sogamoso,Río Sogamoso,2.7309091091156,3.4872727394104,4,4,0.601449251174927,0.829710125923157,1,1,1.05999994277954,2020,02,8,0,0,0,0,4.93194770812988,2020-02-01,0.489398539066315,3.19205641746521,0.443059056997299
24060050,Pluviométrica,Convencional,Santander,Los Santos,6.7592,-73.0928,1460,11/15/1973,,Andes,Magdalena Cauca,Sogamoso,Río Sogamoso,2.7309091091156,3.4872727394104,4,4,0.601449251174927,0.829710125923157,1,1,1.05999994277954,2020,02,9,0,0,0,0,4.93204069137573,2020-02-01,1.0911922454834,5.36926507949829,1.98151397705078
24060050,Pluviométrica,Convencional,Santander,Los Santos,6.7592,-73.0928,1460,11/15/1973,,Andes,Magdalena Cauca,Sogamoso,Río Sogamoso,2.7309091091156,3.4872727394104,4,4,0.601449251174927,0.829710125923157,1,1,1.05999994277954,2020,02,10,0,0,0,0,10.5397911071777,2020-02-01,8.94938659667969,8.90542602539063,5.74008226394653
24060050,Pluviométrica,Convencional,Santander,Los Santos,6.7592,-73.0928,1460,11/15/1973,,Andes,Magdalena Cauca,Sogamoso,Río Sogamoso,2.7309091091156,3.4872727394104,4,4,0.601449251174927,0.829710125923157,1,1,1.05999994277954,2020,02,11,8.5,8.5,9.0099995136261,0,6.98358917236328,2020-02-01,5.64510631561279,11.465784072876,13.1874017715454
24060050,Pluviométrica,Convencional,Santander,Los Santos,6.7592,-73.0928,1460,11/15/1973,,Andes,Magdalena Cauca,Sogamoso,Río Sogamoso,2.7309091091156,3.4872727394104,4,4,0.601449251174927,0.829710125923157,1,1,1.05999994277954,2020,02,12,0,0,0,0,2.64722871780396,2020-02-01,0,3.91994690895081,0
24060050,Pluviométrica,Convencional,Santander,Los Santos,6.7592,-73.0928,1460,11/15/1973,,Andes,Magdalena Cauca,Sogamoso,Río Sogamoso,2.7309091091156,3.4872727394104,4,4,0.601449251174927,0.829710125923157,1,1,1.05999994277954,2020,03,13,0,0,0,0,5.55098581314087,2020-03-01,0,3.9141526222229,0
24060050,Pluviométrica,Convencional,Santander,Los Santos,6.7592,-73.0928,1460,11/15/1973,,Andes,Magdalena Cauca,Sogamoso,Río Sogamoso,2.7309091091156,3.4872727394104,4,4,0.601449251174927,0.829710125923157,1,1,1.05999994277954,2020,03,14,10.5,10.5,11.1299993991852,0,8.1556568145752,2020-03-01,0.880815029144287,15.1580648422241,2.59595990180969
24060050,Pluviométrica,Convencional,Santander,Los Santos,6.7592,-73.0928,1460,11/15/1973,,Andes,Magdalena Cauca,Sogamoso,Río Sogamoso,2.7309091091156,3.4872727394104,4,4,0.601449251174927,0.829710125923157,1,1,1.05999994277954,2020,03,15,0,0,0,0,10.249439239502,2020-03-01,2.56335043907166,17.1519432067871,4.76320219039917
24060050,Pluviométrica,Convencional,Santander,Los Santos,6.7592,-73.0928,1460,11/15/1973,,Andes,Magdalena Cauca,Sogamoso,Río Sogamoso,2.7309091091156,3.4872727394104,4,4,0.601449251174927,0.829710125923157,1,1,1.05999994277954,2020,03,16,0,0,0,0,4.32327651977539,2020-03-01,0,4.75557947158814,0
24060050,Pluviométrica,Convencional,Santander,Los Santos,6.7592,-73.0928,1460,11/15/1973,,Andes,Magdalena Cauca,Sogamoso,Río Sogamoso,2.7309091091156,3.4872727394104,4,4,0.601449251174927,0.829710125923157,1,1,1.05999994277954,2020,03,17,0,0,0,0,4.86525630950928,2020-03-01,0,8.61282253265381,0
24060050,Pluviométrica,Convencional,Santander,Los Santos,6.7592,-73.0928,1460,11/15/1973,,Andes,Magdalena Cauca,Sogamoso,Río Sogamoso,2.7309091091156,3.4872727394104,4,4,0.601449251174927,0.829710125923157,1,1,1.05999994277954,2020,03,18,7.2,7.2,7.6319995880127,0,7.38533401489258,2020-03-01,0,6.17665719985962,0
24060050,Pluviométrica,Convencional,Santander,Los Santos,6.7592,-73.0928,1460,11/15/1973,,Andes,Magdalena Cauca,Sogamoso,Río Sogamoso,2.7309091091156,3.4872727394104,4,4,0.601449251174927,0.829710125923157,1,1,1.04999995231628,2020,04,19,0,0,0,0,19.2116279602051,2020-04-01,16.9547882080078,15.0904893875122,14.9058027267456
24060050,Pluviométrica,Convencional,Santander,Los Santos,6.7592,-73.0928,1460,11/15/1973,,Andes,Magdalena Cauca,Sogamoso,Río Sogamoso,2.7309091091156,3.4872727394104,4,4,0.601449251174927,0.829710125923157,1,1,1.04999995231628,2020,04,20,15,15,15.7499992847443,0,24.4439010620117,2020-04-01,20.3269996643066,16.3193683624268,15.5876169204712
24060050,Pluviométrica,Convencional,Santander,Los Santos,6.7592,-73.0928,1460,11/15/1973,,Andes,Magdalena Cauca,Sogamoso,Río Sogamoso,2.7309091091156,3.4872727394104,4,4,0.601449251174927,0.829710125923157,1,1,1.04999995231628,2020,04,21,0,0,0,0,14.2777423858643,2020-04-01,6.04809713363648,15.3539686203003,10.0635719299316
24060050,Pluviométrica,Convencional,Santander,Los Santos,6.7592,-73.0928,1460,11/15/1973,,Andes,Magdalena Cauca,Sogamoso,Río Sogamoso,2.7309091091156,3.4872727394104,4,4,0.601449251174927,0.829710125923157,1,1,1.04999995231628,2020,04,22,6,6,6.29999971389771,0,8.65955924987793,2020-04-01,0,7.20558595657349,0
24060050,Pluviométrica,Convencional,Santander,Los Santos,6.7592,-73.0928,1460,11/15/1973,,Andes,Magdalena Cauca,Sogamoso,Río Sogamoso,2.7309091091156,3.4872727394104,4,4,0.601449251174927,0.829710125923157,1,1,1.04999995231628,2020,04,23,8.7,8.7,9.13499958515167,0,6.51512384414673,2020-04-01,0,6.55690908432007,0
24060050,Pluviométrica,Convencional,Santander,Los Santos,6.7592,-73.0928,1460,11/15/1973,,Andes,Magdalena Cauca,Sogamoso,Río Sogamoso,2.7309091091156,3.4872727394104,4,4,0.601449251174927,0.829710125923157,1,1,1.04999995231628,2020,04,24,0,0,0,0,12.0495538711548,2020-04-01,3.69543981552124,10.4431552886963,7.44393157958984
24060050,Pluviométrica,Convencional,Santander,Los Santos,6.7592,-73.0928,1460,11/15/1973,,Andes,Magdalena Cauca,Sogamoso,Río Sogamoso,2.7309091091156,3.4872727394104,4,4,0.601449251174927,0.829710125923157,1,1,1.03999996185303,2020,05,25,0,0,0,0,24.8538875579834,2020-05-01,14.6225004196167,12.0098609924316,8.6880350112915
24060050,Pluviométrica,Convencional,Santander,Los Santos,6.7592,-73.0928,1460,11/15/1973,,Andes,Magdalena Cauca,Sogamoso,Río Sogamoso,2.7309091091156,3.4872727394104,4,4,0.601449251174927,0.829710125923157,1,1,1.03999996185303,2020,05,26,0,0,0,0,19.7340698242188,2020-05-01,9.97345161437988,7.37805223464966,4.85826587677002
24060050,Pluviométrica,Convencional,Santander,Los Santos,6.7592,-73.0928,1460,11/15/1973,,Andes,Magdalena Cauca,Sogamoso,Río Sogamoso,2.7309091091156,3.4872727394104,4,4,0.601449251174927,0.829710125923157,1,1,1.03999996185303,2020,05,27,0,0,0,0,16.4262142181397,2020-05-01,3.33728957176209,18.6442241668701,7.29548263549805
24060050,Pluviométrica,Convencional,Santander,Los Santos,6.7592,-73.0928,1460,11/15/1973,,Andes,Magdalena Cauca,Sogamoso,Río Sogamoso,2.7309091091156,3.4872727394104,4,4,0.601449251174927,0.829710125923157,1,1,1.03999996185303,2020,05,28,0,0,0,0,25.2482452392578,2020-05-01,13.3479461669922,11.9435110092163,7.36107730865479
24060050,Pluviométrica,Convencional,Santander,Los Santos,6.7592,-73.0928,1460,11/15/1973,,Andes,Magdalena Cauca,Sogamoso,Río Sogamoso,2.7309091091156,3.4872727394104,4,4,0.601449251174927,0.829710125923157,1,1,1.03999996185303,2020,05,29,0,0,0,0,25.3857707977295,2020-05-01,14.8969383239746,20.426248550415,14.7463254928589
24060050,Pluviométrica,Convencional,Santander,Los Santos,6.7592,-73.0928,1460,11/15/1973,,Andes,Magdalena Cauca,Sogamoso,Río Sogamoso,2.7309091091156,3.4872727394104,4,4,0.601449251174927,0.829710125923157,1,1,1.03999996185303,2020,05,30,18,18,18.7199993133545,0,67.2454376220703,2020-05-01,48.2019996643066,67.7609710693359,52.1405067443848
24060050,Pluviométrica,Convencional,Santander,Los Santos,6.7592,-73.0928,1460,11/15/1973,,Andes,Magdalena Cauca,Sogamoso,Río Sogamoso,2.7309091091156,3.4872727394104,4,4,0.601449251174927,0.829710125923157,1,1,1.04999995231628,2020,06,31,3.2,3.2,3.35999984741211,0,23.3249416351318,2020-06-01,16.4356384277344,12.8892641067505,11.0751485824585
24060050,Pluviométrica,Convencional,Santander,Los Santos,6.7592,-73.0928,1460,11/15/1973,,Andes,Magdalena Cauca,Sogamoso,Río Sogamoso,2.7309091091156,3.4872727394104,4,4,0.601449251174927,0.829710125923157,1,1,1.04999995231628,2020,06,32,9.7,9.7,10.184999537468,0,25.314380645752,2020-06-01,17.9585437774658,30.222074508667,31.1420783996582
24060050,Pluviométrica,Convencional,Santander,Los Santos,6.7592,-73.0928,1460,11/15/1973,,Andes,Magdalena Cauca,Sogamoso,Río Sogamoso,2.7309091091156,3.4872727394104,4,4,0.601449251174927,0.829710125923157,1,1,1.04999995231628,2020,06,33,26.6,26.6,27.9299987316132,0,19.0070991516113,2020-06-01,5.77081775665283,16.7766513824463,10.699146270752
24060050,Pluviométrica,Convencional,Santander,Los Santos,6.7592,-73.0928,1460,11/15/1973,,Andes,Magdalena Cauca,Sogamoso,Río Sogamoso,2.7309091091156,3.4872727394104,4,4,0.601449251174927,0.829710125923157,1,1,1.04999995231628,2020,06,34,0,0,0,0,21.1804485321045,2020-06-01,13.9230270385742,13.4109563827515,12.87389087677
24060050,Pluviométrica,Convencional,Santander,Los Santos,6.7592,-73.0928,1460,11/15/1973,,Andes,Magdalena Cauca,Sogamoso,Río Sogamoso,2.7309091091156,3.4872727394104,4,4,0.601449251174927,0.829710125923157,1,1,1.04999995231628,2020,06,35,5.2,5.2,5.45999975204468,0,12.3896465301514,2020-06-01,0,7.66351413726807,0
24060050,Pluviométrica,Convencional,Santander,Los Santos,6.7592,-73.0928,1460,11/15/1973,,Andes,Magdalena Cauca,Sogamoso,Río Sogamoso,2.7309091091156,3.4872727394104,4,4,0.601449251174927,0.829710125923157,1,1,1.04999995231628,2020,06,36,0,0,0,0,12.6967277526855,2020-06-01,0,7.53311824798584,0
24060050,Pluviométrica,Convencional,Santander,Los Santos,6.7592,-73.0928,1460,11/15/1973,,Andes,Magdalena Cauca,Sogamoso,Río Sogamoso,2.7309091091156,3.4872727394104,4,4,0.601449251174927,0.829710125923157,1,1,1.04999995231628,2020,07,37,5.3,5.3,5.56499974727631,0,13.2055501937866,2020-07-01,5.3989748954773,8.1793270111084,4.56342029571533
24060050,Pluviométrica,Convencional,Santander,Los Santos,6.7592,-73.0928,1460,11/15/1973,,Andes,Magdalena Cauca,Sogamoso,Río Sogamoso,2.7309091091156,3.4872727394104,4,4,0.601449251174927,0.829710125923157,1,1,1.04999995231628,2020,07,38,9.3,9.3,9.76499955654144,0,14.2575664520264,2020-07-01,6.84412479400635,14.8308811187744,8.77976131439209
24060050,Pluviométrica,Convencional,Santander,Los Santos,6.7592,-73.0928,1460,11/15/1973,,Andes,Magdalena Cauca,Sogamoso,Río Sogamoso,2.7309091091156,3.4872727394104,4,4,0.601449251174927,0.829710125923157,1,1,1.04999995231628,2020,07,39,0,0,0,0,13.2678890228271,2020-07-01,6.17261505126953,13.7299613952637,14.5012321472168
24060050,Pluviométrica,Convencional,Santander,Los Santos,6.7592,-73.0928,1460,11/15/1973,,Andes,Magdalena Cauca,Sogamoso,Río Sogamoso,2.7309091091156,3.4872727394104,4,4,0.601449251174927,0.829710125923157,1,1,1.04999995231628,2020,07,40,28.7,28.7,30.1349986314774,0,12.183403968811,2020-07-01,3.094482421875,10.5061798095703,4.94136953353882
24060050,Pluviométrica,Convencional,Santander,Los Santos,6.7592,-73.0928,1460,11/15/1973,,Andes,Magdalena Cauca,Sogamoso,Río Sogamoso,2.7309091091156,3.4872727394104,4,4,0.601449251174927,0.829710125923157,1,1,1.04999995231628,2020,07,41,12.2,12.2,12.8099994182587,0,17.2824668884277,2020-07-01,13.9785127639771,18.5914440155029,16.6235027313232
24060050,Pluviométrica,Convencional,Santander,Los Santos,6.7592,-73.0928,1460,11/15/1973,,Andes,Magdalena Cauca,Sogamoso,Río Sogamoso,2.7309091091156,3.4872727394104,4,4,0.601449251174927,0.829710125923157,1,1,1.04999995231628,2020,07,42,3.5,3.5,3.67499983310699,0,20.5785274505615,2020-07-01,7.45082139968872,17.1807861328125,10.1111259460449
24060050,Pluviométrica,Convencional,Santander,Los Santos,6.7592,-73.0928,1460,11/15/1973,,Andes,Magdalena Cauca,Sogamoso,Río Sogamoso,2.7309091091156,3.4872727394104,4,4,0.601449251174927,0.829710125923157,1,1,1.04999995231628,2020,08,43,0,0,0,0,17.6872482299805,2020-08-01,3.60798978805542,17.4383316040039,7.15570306777954
24060050,Pluviométrica,Convencional,Santander,Los Santos,6.7592,-73.0928,1460,11/15/1973,,Andes,Magdalena Cauca,Sogamoso,Río Sogamoso,2.7309091091156,3.4872727394104,4,4,0.601449251174927,0.829710125923157,1,1,1.04999995231628,2020,08,44,25.2,25.2,26.4599987983704,0,18.7382698059082,2020-08-01,3.13628506660461,15.3349857330322,4.65120029449463
24060050,Pluviométrica,Convencional,Santander,Los Santos,6.7592,-73.0928,1460,11/15/1973,,Andes,Magdalena Cauca,Sogamoso,Río Sogamoso,2.7309091091156,3.4872727394104,4,4,0.601449251174927,0.829710125923157,1,1,1.04999995231628,2020,08,45,10.5,10.5,11.024999499321,0,31.4997119903564,2020-08-01,20.0876235961914,23.430233001709,20.4779415130615
24060050,Pluviométrica,Convencional,Santander,Los Santos,6.7592,-73.0928,1460,11/15/1973,,Andes,Magdalena Cauca,Sogamoso,Río Sogamoso,2.7309091091156,3.4872727394104,4,4,0.601449251174927,0.829710125923157,1,1,1.04999995231628,2020,08,46,4.3,4.3,4.51499979496002,0,30.1616172790527,2020-08-01,19.5922336578369,24.2897720336914,19.5199928283691
24060050,Pluviométrica,Convencional,Santander,Los Santos,6.7592,-73.0928,1460,11/15/1973,,Andes,Magdalena Cauca,Sogamoso,Río Sogamoso,2.7309091091156,3.4872727394104,4,4,0.601449251174927,0.829710125923157,1,1,1.04999995231628,2020,08,47,0,0,0,0,37.4570693969727,2020-08-01,36.5213050842285,30.6241836547852,26.6845207214356
24060050,Pluviométrica,Convencional,Santander,Los Santos,6.7592,-73.0928,1460,11/15/1973,,Andes,Magdalena Cauca,Sogamoso,Río Sogamoso,2.7309091091156,3.4872727394104,4,4,0.601449251174927,0.829710125923157,1,1,1.04999995231628,2020,08,48,0,0,0,0,23.3306751251221,2020-08-01,5.06164932250977,14.4573535919189,6.8500452041626
24060050,Pluviométrica,Convencional,Santander,Los Santos,6.7592,-73.0928,1460,11/15/1973,,Andes,Magdalena Cauca,Sogamoso,Río Sogamoso,2.7309091091156,3.4872727394104,4,4,0.601449251174927,0.829710125923157,1,1,1.04999995231628,2020,09,49,22.7,22.7,23.8349989175797,0,19.8912143707275,2020-09-01,13.5500431060791,33.5515441894531,24.2758350372315
24060050,Pluviométrica,Convencional,Santander,Los Santos,6.7592,-73.0928,1460,11/15/1973,,Andes,Magdalena Cauca,Sogamoso,Río Sogamoso,2.7309091091156,3.4872727394104,4,4,0.601449251174927,0.829710125923157,1,1,1.04999995231628,2020,09,50,0,0,0,0,22.4827098846436,2020-09-01,20.9049167633057,16.7299175262451,15.5369834899902
24060050,Pluviométrica,Convencional,Santander,Los Santos,6.7592,-73.0928,1460,11/15/1973,,Andes,Magdalena Cauca,Sogamoso,Río Sogamoso,2.7309091091156,3.4872727394104,4,4,0.601449251174927,0.829710125923157,1,1,1.04999995231628,2020,09,51,0,0,0,0,11.9242868423462,2020-09-01,3.56397771835327,8.20994281768799,3.76031613349915
24060050,Pluviométrica,Convencional,Santander,Los Santos,6.7592,-73.0928,1460,11/15/1973,,Andes,Magdalena Cauca,Sogamoso,Río Sogamoso,2.7309091091156,3.4872727394104,4,4,0.601449251174927,0.829710125923157,1,1,1.04999995231628,2020,09,52,0,0,0,0,12.0392904281616,2020-09-01,5.36774253845215,18.7361278533936,10.3735942840576
24060050,Pluviométrica,Convencional,Santander,Los Santos,6.7592,-73.0928,1460,11/15/1973,,Andes,Magdalena Cauca,Sogamoso,Río Sogamoso,2.7309091091156,3.4872727394104,4,4,0.601449251174927,0.829710125923157,1,1,1.04999995231628,2020,09,53,0,0,0,0,9.91045475006104,2020-09-01,2.24424695968628,10.7882061004639,4.04676580429077
24060050,Pluviométrica,Convencional,Santander,Los Santos,6.7592,-73.0928,1460,11/15/1973,,Andes,Magdalena Cauca,Sogamoso,Río Sogamoso,2.7309091091156,3.4872727394104,4,4,0.601449251174927,0.829710125923157,1,1,1.04999995231628,2020,09,54,0,0,0,0,10.7750415802002,2020-09-01,7.21329641342163,8.63706302642822,8.42773151397705
24060050,Pluviométrica,Convencional,Santander,Los Santos,6.7592,-73.0928,1460,11/15/1973,,Andes,Magdalena Cauca,Sogamoso,Río Sogamoso,2.7309091091156,3.4872727394104,4,4,0.601449251174927,0.829710125923157,1,1,1.03999996185303,2020,10,55,0,0,0,0,15.2273721694946,2020-10-01,0.0907523334026337,26.7795104980469,0.498671680688858
24060050,Pluviométrica,Convencional,Santander,Los Santos,6.7592,-73.0928,1460,11/15/1973,,Andes,Magdalena Cauca,Sogamoso,Río Sogamoso,2.7309091091156,3.4872727394104,4,4,0.601449251174927,0.829710125923157,1,1,1.03999996185303,2020,10,56,24,24,24.9599990844727,0,25.4325065612793,2020-10-01,12.3406791687012,16.3762321472168,13.2093706130981
24060050,Pluviométrica,Convencional,Santander,Los Santos,6.7592,-73.0928,1460,11/15/1973,,Andes,Magdalena Cauca,Sogamoso,Río Sogamoso,2.7309091091156,3.4872727394104,4,4,0.601449251174927,0.829710125923157,1,1,1.03999996185303,2020,10,57,29.2,29.2,30.3679988861084,0,35.7459983825684,2020-10-01,26.6738948822022,22.6125183105469,22.3158187866211
24060050,Pluviométrica,Convencional,Santander,Los Santos,6.7592,-73.0928,1460,11/15/1973,,Andes,Magdalena Cauca,Sogamoso,Río Sogamoso,2.7309091091156,3.4872727394104,4,4,0.601449251174927,0.829710125923157,1,1,1.03999996185303,2020,10,58,9.3,9.3,9.67199964523315,0,53.7292327880859,2020-10-01,53.3514099121094,40.8649559020996,49.1425437927246
24060050,Pluviométrica,Convencional,Santander,Los Santos,6.7592,-73.0928,1460,11/15/1973,,Andes,Magdalena Cauca,Sogamoso,Río Sogamoso,2.7309091091156,3.4872727394104,4,4,0.601449251174927,0.829710125923157,1,1,1.03999996185303,2020,10,59,5.8,5.8,6.03199977874756,0,17.0160446166992,2020-10-01,3.35751676559448,20.9395942687988,7.38732576370239
24060050,Pluviométrica,Convencional,Santander,Los Santos,6.7592,-73.0928,1460,11/15/1973,,Andes,Magdalena Cauca,Sogamoso,Río Sogamoso,2.7309091091156,3.4872727394104,4,4,0.601449251174927,0.829710125923157,1,1,1.03999996185303,2020,10,60,1.5,1.5,1.55999994277954,0,34.127384185791,2020-10-01,13.2236452102661,43.5609893798828,28.1139049530029
24060050,Pluviométrica,Convencional,Santander,Los Santos,6.7592,-73.0928,1460,11/15/1973,,Andes,Magdalena Cauca,Sogamoso,Río Sogamoso,2.7309091091156,3.4872727394104,4,4,0.601449251174927,0.829710125923157,1,1,1.03999996185303,2020,11,61,14.3,14.3,14.8719994544983,0,16.7585163116455,2020-11-01,5.01739883422852,22.1133098602295,13.8295993804932
24060050,Pluviométrica,Convencional,Santander,Los Santos,6.7592,-73.0928,1460,11/15/1973,,Andes,Magdalena Cauca,Sogamoso,Río Sogamoso,2.7309091091156,3.4872727394104,4,4,0.601449251174927,0.829710125923157,1,1,1.03999996185303,2020,11,62,5.2,5.2,5.40799980163574,0,20.4999294281006,2020-11-01,8.95189094543457,30.4558601379395,17.7636871337891
24060050,Pluviométrica,Convencional,Santander,Los Santos,6.7592,-73.0928,1460,11/15/1973,,Andes,Magdalena Cauca,Sogamoso,Río Sogamoso,2.7309091091156,3.4872727394104,4,4,0.601449251174927,0.829710125923157,1,1,1.03999996185303,2020,11,63,10.6,10.6,11.0239995956421,0,36.2025451660156,2020-11-01,22.0642642974854,29.5483379364014,26.4013042449951
24060050,Pluviométrica,Convencional,Santander,Los Santos,6.7592,-73.0928,1460,11/15/1973,,Andes,Magdalena Cauca,Sogamoso,Río Sogamoso,2.7309091091156,3.4872727394104,4,4,0.601449251174927,0.829710125923157,1,1,1.03999996185303,2020,11,64,0,0,0,0,26.9706535339355,2020-11-01,12.2772722244263,31.4188938140869,18.3110160827637
24060050,Pluviométrica,Convencional,Santander,Los Santos,6.7592,-73.0928,1460,11/15/1973,,Andes,Magdalena Cauca,Sogamoso,Río Sogamoso,2.7309091091156,3.4872727394104,4,4,0.601449251174927,0.829710125923157,1,1,1.03999996185303,2020,11,65,0,0,0,0,11.0398321151733,2020-11-01,0.558928608894348,5.29165935516357,0.516881227493286
24060050,Pluviométrica,Convencional,Santander,Los Santos,6.7592,-73.0928,1460,11/15/1973,,Andes,Magdalena Cauca,Sogamoso,Río Sogamoso,2.7309091091156,3.4872727394104,4,4,0.601449251174927,0.829710125923157,1,1,1.03999996185303,2020,11,66,7.2,7.2,7.4879997253418,0,33.890869140625,2020-11-01,19.3457527160645,29.1080780029297,20.6533889770508
24060050,Pluviométrica,Convencional,Santander,Los Santos,6.7592,-73.0928,1460,11/15/1973,,Andes,Magdalena Cauca,Sogamoso,Río Sogamoso,2.7309091091156,3.4872727394104,4,4,0.601449251174927,0.829710125923157,1,1,1.05999994277954,2020,12,67,0,0,0,0,7.13118076324463,2020-12-01,0.941994071006775,4.94435930252075,1.15253293514252
24060050,Pluviométrica,Convencional,Santander,Los Santos,6.7592,-73.0928,1460,11/15/1973,,Andes,Magdalena Cauca,Sogamoso,Río Sogamoso,2.7309091091156,3.4872727394104,4,4,0.601449251174927,0.829710125923157,1,1,1.05999994277954,2020,12,68,0,0,0,0,4.9330644607544,2020-12-01,0.520382642745972,4.24403953552246,1.47572934627533
24060050,Pluviométrica,Convencional,Santander,Los Santos,6.7592,-73.0928,1460,11/15/1973,,Andes,Magdalena Cauca,Sogamoso,Río Sogamoso,2.7309091091156,3.4872727394104,4,4,0.601449251174927,0.829710125923157,1,1,1.05999994277954,2020,12,69,0,0,0,0,4.77511072158814,2020-12-01,0,3.32844662666321,0
24060050,Pluviométrica,Convencional,Santander,Los Santos,6.7592,-73.0928,1460,11/15/1973,,Andes,Magdalena Cauca,Sogamoso,Río Sogamoso,2.7309091091156,3.4872727394104,4,4,0.601449251174927,0.829710125923157,1,1,1.05999994277954,2020,12,70,0,0,0,0,4.99596738815308,2020-12-01,0,3.44741868972778,0
24060050,Pluviométrica,Convencional,Santander,Los Santos,6.7592,-73.0928,1460,11/15/1973,,Andes,Magdalena Cauca,Sogamoso,Río Sogamoso,2.7309091091156,3.4872727394104,4,4,0.601449251174927,0.829710125923157,1,1,1.05999994277954,2020,12,71,0,0,0,0,5.13272619247437,2020-12-01,0,4.13557720184326,0
24060050,Pluviométrica,Convencional,Santander,Los Santos,6.7592,-73.0928,1460,11/15/1973,,Andes,Magdalena Cauca,Sogamoso,Río Sogamoso,2.7309091091156,3.4872727394104,4,4,0.601449251174927,0.829710125923157,1,1,1.05999994277954,2020,12,72,5.2,5.2,5.51199970245361,0,7.45804357528687,2020-12-01,0,11.3360147476196,0
24060050,Pluviométrica,Convencional,Santander,Los Santos,6.7592,-73.0928,1460,11/15/1973,,Andes,Magdalena Cauca,Sogamoso,Río Sogamoso,2.7309091091156,3.4872727394104,4,4,0.601449251174927,0.829710125923157,1,1,1.07000005245209,2021,01,1,0,0,0,0,4.52473020553589,2021-01-01,0,3.02326011657715,0
24060050,Pluviométrica,Convencional,Santander,Los Santos,6.7592,-73.0928,1460,11/15/1973,,Andes,Magdalena Cauca,Sogamoso,Río Sogamoso,2.7309091091156,3.4872727394104,4,4,0.601449251174927,0.829710125923157,1,1,1.07000005245209,2021,01,2,0,0,0,0,12.4522666931152,2021-01-01,5.5746808052063,8.56616306304932,5.66998529434204
24060050,Pluviométrica,Convencional,Santander,Los Santos,6.7592,-73.0928,1460,11/15/1973,,Andes,Magdalena Cauca,Sogamoso,Río Sogamoso,2.7309091091156,3.4872727394104,4,4,0.601449251174927,0.829710125923157,1,1,1.07000005245209,2021,01,3,0,0,0,0,5.93729066848755,2021-01-01,0,2.68083763122559,0
24060050,Pluviométrica,Convencional,Santander,Los Santos,6.7592,-73.0928,1460,11/15/1973,,Andes,Magdalena Cauca,Sogamoso,Río Sogamoso,2.7309091091156,3.4872727394104,4,4,0.601449251174927,0.829710125923157,1,1,1.07000005245209,2021,01,4,0,0,0,0,4.52931594848633,2021-01-01,0,1.80918264389038,0
24060050,Pluviométrica,Convencional,Santander,Los Santos,6.7592,-73.0928,1460,11/15/1973,,Andes,Magdalena Cauca,Sogamoso,Río Sogamoso,2.7309091091156,3.4872727394104,4,4,0.601449251174927,0.829710125923157,1,1,1.07000005245209,2021,01,5,0,0,0,0,4.14520931243897,2021-01-01,0,1.78194582462311,0
24060050,Pluviométrica,Convencional,Santander,Los Santos,6.7592,-73.0928,1460,11/15/1973,,Andes,Magdalena Cauca,Sogamoso,Río Sogamoso,2.7309091091156,3.4872727394104,4,4,0.601449251174927,0.829710125923157,1,1,1.07000005245209,2021,01,6,0,0,0,0,6.52637147903442,2021-01-01,0,2.41396689414978,0
24060050,Pluviométrica,Convencional,Santander,Los Santos,6.7592,-73.0928,1460,11/15/1973,,Andes,Magdalena Cauca,Sogamoso,Río Sogamoso,2.7309091091156,3.4872727394104,4,4,0.601449251174927,0.829710125923157,1,1,1.05999994277954,2021,02,7,8.5,8.5,9.0099995136261,0,18.8635349273682,2021-02-01,24.1299304962158,21.4294834136963,22.5103549957275
24060050,Pluviométrica,Convencional,Santander,Los Santos,6.7592,-73.0928,1460,11/15/1973,,Andes,Magdalena Cauca,Sogamoso,Río Sogamoso,2.7309091091156,3.4872727394104,4,4,0.601449251174927,0.829710125923157,1,1,1.05999994277954,2021,02,8,0,0,0,0,12.8844337463379,2021-02-01,13.6580867767334,23.723123550415,34.9287643432617
24060050,Pluviométrica,Convencional,Santander,Los Santos,6.7592,-73.0928,1460,11/15/1973,,Andes,Magdalena Cauca,Sogamoso,Río Sogamoso,2.7309091091156,3.4872727394104,4,4,0.601449251174927,0.829710125923157,1,1,1.05999994277954,2021,02,9,3,3,3.17999982833862,0,6.69929265975952,2021-02-01,2.70256662368774,10.5415124893188,7.7235107421875
24060050,Pluviométrica,Convencional,Santander,Los Santos,6.7592,-73.0928,1460,11/15/1973,,Andes,Magdalena Cauca,Sogamoso,Río Sogamoso,2.7309091091156,3.4872727394104,4,4,0.601449251174927,0.829710125923157,1,1,1.05999994277954,2021,02,10,6.5,6.5,6.88999962806702,0,5.98955774307251,2021-02-01,2.74523162841797,7.67081356048584,5.02471780776978
24060050,Pluviométrica,Convencional,Santander,Los Santos,6.7592,-73.0928,1460,11/15/1973,,Andes,Magdalena Cauca,Sogamoso,Río Sogamoso,2.7309091091156,3.4872727394104,4,4,0.601449251174927,0.829710125923157,1,1,1.05999994277954,2021,02,11,40.6,40.6,43.0359976768494,0,5.14134120941162,2021-02-01,0.215412616729736,10.8089017868042,0.780046999454498
24060050,Pluviométrica,Convencional,Santander,Los Santos,6.7592,-73.0928,1460,11/15/1973,,Andes,Magdalena Cauca,Sogamoso,Río Sogamoso,2.7309091091156,3.4872727394104,4,4,0.601449251174927,0.829710125923157,1,1,1.05999994277954,2021,02,12,0,0,0,0,2.69483852386475,2021-02-01,0,5.11405801773071,0
24060050,Pluviométrica,Convencional,Santander,Los Santos,6.7592,-73.0928,1460,11/15/1973,,Andes,Magdalena Cauca,Sogamoso,Río Sogamoso,2.7309091091156,3.4872727394104,4,4,0.601449251174927,0.829710125923157,1,1,1.05999994277954,2021,03,13,0,0,0,0,5.55098581314087,2021-03-01,0,2.87835693359375,0
24060050,Pluviométrica,Convencional,Santander,Los Santos,6.7592,-73.0928,1460,11/15/1973,,Andes,Magdalena Cauca,Sogamoso,Río Sogamoso,2.7309091091156,3.4872727394104,4,4,0.601449251174927,0.829710125923157,1,1,1.05999994277954,2021,03,14,0,0,0,0,11.1093626022339,2021-03-01,8.57822036743164,14.083607673645,8.86528491973877
24060050,Pluviométrica,Convencional,Santander,Los Santos,6.7592,-73.0928,1460,11/15/1973,,Andes,Magdalena Cauca,Sogamoso,Río Sogamoso,2.7309091091156,3.4872727394104,4,4,0.601449251174927,0.829710125923157,1,1,1.05999994277954,2021,03,15,0,0,0,0,8.88690280914307,2021-03-01,1.75178503990173,11.2661428451538,1.81040716171265
24060050,Pluviométrica,Convencional,Santander,Los Santos,6.7592,-73.0928,1460,11/15/1973,,Andes,Magdalena Cauca,Sogamoso,Río Sogamoso,2.7309091091156,3.4872727394104,4,4,0.601449251174927,0.829710125923157,1,1,1.05999994277954,2021,03,16,0,0,0,0,15.3698253631592,2021-03-01,13.3273677825928,19.4847011566162,13.7733592987061
24060050,Pluviométrica,Convencional,Santander,Los Santos,6.7592,-73.0928,1460,11/15/1973,,Andes,Magdalena Cauca,Sogamoso,Río Sogamoso,2.7309091091156,3.4872727394104,4,4,0.601449251174927,0.829710125923157,1,1,1.05999994277954,2021,03,17,13,13,13.779999256134,0,11.4467468261719,2021-03-01,7.94705486297607,14.5113210678101,8.21299743652344
24060050,Pluviométrica,Convencional,Santander,Los Santos,6.7592,-73.0928,1460,11/15/1973,,Andes,Magdalena Cauca,Sogamoso,Río Sogamoso,2.7309091091156,3.4872727394104,4,4,0.601449251174927,0.829710125923157,1,1,1.05999994277954,2021,03,18,14.8,14.8,15.6879991531372,0,39.6653633117676,2021-03-01,41.5839500427246,50.2847442626953,42.975528717041
24060050,Pluviométrica,Convencional,Santander,Los Santos,6.7592,-73.0928,1460,11/15/1973,,Andes,Magdalena Cauca,Sogamoso,Río Sogamoso,2.7309091091156,3.4872727394104,4,4,0.601449251174927,0.829710125923157,1,1,1.04999995231628,2021,04,19,0,0,0,0,35.8692970275879,2021-04-01,38.3762664794922,35.5996398925781,30.8008995056152
24060050,Pluviométrica,Convencional,Santander,Los Santos,6.7592,-73.0928,1460,11/15/1973,,Andes,Magdalena Cauca,Sogamoso,Río Sogamoso,2.7309091091156,3.4872727394104,4,4,0.601449251174927,0.829710125923157,1,1,1.04999995231628,2021,04,20,0,0,0,0,19.44850730896,2021-04-01,14.9524774551392,19.3022975921631,12.0009002685547
24060050,Pluviométrica,Convencional,Santander,Los Santos,6.7592,-73.0928,1460,11/15/1973,,Andes,Magdalena Cauca,Sogamoso,Río Sogamoso,2.7309091091156,3.4872727394104,4,4,0.601449251174927,0.829710125923157,1,1,1.04999995231628,2021,04,21,0,0,0,0,17.9831008911133,2021-04-01,11.8632221221924,17.8479080200195,9.52145576477051
24060050,Pluviométrica,Convencional,Santander,Los Santos,6.7592,-73.0928,1460,11/15/1973,,Andes,Magdalena Cauca,Sogamoso,Río Sogamoso,2.7309091091156,3.4872727394104,4,4,0.601449251174927,0.829710125923157,1,1,1.04999995231628,2021,04,22,0,0,0,0,14.6392335891724,2021-04-01,8.30874443054199,14.5291795730591,6.66862154006958
24060050,Pluviométrica,Convencional,Santander,Los Santos,6.7592,-73.0928,1460,11/15/1973,,Andes,Magdalena Cauca,Sogamoso,Río Sogamoso,2.7309091091156,3.4872727394104,4,4,0.601449251174927,0.829710125923157,1,1,1.04999995231628,2021,04,23,0,0,0,0,9.34242820739746,2021-04-01,2.10242199897766,3.82154488563538,0.871916949748993
24060050,Pluviométrica,Convencional,Santander,Los Santos,6.7592,-73.0928,1460,11/15/1973,,Andes,Magdalena Cauca,Sogamoso,Río Sogamoso,2.7309091091156,3.4872727394104,4,4,0.601449251174927,0.829710125923157,1,1,1.04999995231628,2021,04,24,0,0,0,0,31.267219543457,2021-04-01,27.2513465881348,31.0321598052979,21.8720073699951
24060050,Pluviométrica,Convencional,Santander,Los Santos,6.7592,-73.0928,1460,11/15/1973,,Andes,Magdalena Cauca,Sogamoso,Río Sogamoso,2.7309091091156,3.4872727394104,4,4,0.601449251174927,0.829710125923157,1,1,1.03999996185303,2021,05,25,7.3,7.3,7.5919997215271,0,20.2730178833008,2021-05-01,9.99639320373535,20.2730178833008,10.9505491256714
24060050,Pluviométrica,Convencional,Santander,Los Santos,6.7592,-73.0928,1460,11/15/1973,,Andes,Magdalena Cauca,Sogamoso,Río Sogamoso,2.7309091091156,3.4872727394104,4,4,0.601449251174927,0.829710125923157,1,1,1.03999996185303,2021,05,26,5,5,5.19999980926514,0,16.5192012786865,2021-05-01,3.80568504333496,16.5192012786865,2.12220072746277
24060050,Pluviométrica,Convencional,Santander,Los Santos,6.7592,-73.0928,1460,11/15/1973,,Andes,Magdalena Cauca,Sogamoso,Río Sogamoso,2.7309091091156,3.4872727394104,4,4,0.601449251174927,0.829710125923157,1,1,1.03999996185303,2021,05,27,0,0,0,0,17.5275268554688,2021-05-01,4.72804307937622,17.5275268554688,5.17933511734009
24060050,Pluviométrica,Convencional,Santander,Los Santos,6.7592,-73.0928,1460,11/15/1973,,Andes,Magdalena Cauca,Sogamoso,Río Sogamoso,2.7309091091156,3.4872727394104,4,4,0.601449251174927,0.829710125923157,1,1,1.03999996185303,2021,05,28,42,42,43.6799983978271,0,37.6385650634766,2021-05-01,30.1680221557617,37.6385650634766,33.0475616455078
24060050,Pluviométrica,Convencional,Santander,Los Santos,6.7592,-73.0928,1460,11/15/1973,,Andes,Magdalena Cauca,Sogamoso,Río Sogamoso,2.7309091091156,3.4872727394104,4,4,0.601449251174927,0.829710125923157,1,1,1.03999996185303,2021,05,29,0,0,0,0,25.3857707977295,2021-05-01,13.4924144744873,25.3857707977295,14.7802658081055
24060050,Pluviométrica,Convencional,Santander,Los Santos,6.7592,-73.0928,1460,11/15/1973,,Andes,Magdalena Cauca,Sogamoso,Río Sogamoso,2.7309091091156,3.4872727394104,4,4,0.601449251174927,0.829710125923157,1,1,1.03999996185303,2021,05,30,20.3,20.3,21.1119992256165,0,36.4338722229004,2021-05-01,16.8734188079834,36.4338722229004,18.4839878082275
24060050,Pluviométrica,Convencional,Santander,Los Santos,6.7592,-73.0928,1460,11/15/1973,,Andes,Magdalena Cauca,Sogamoso,Río Sogamoso,2.7309091091156,3.4872727394104,4,4,0.601449251174927,0.829710125923157,1,1,1.04999995231628,2021,06,31,8.5,8.5,8.92499959468842,0,39.6654510498047,2021-06-01,39.1864776611328,28.0326080322266,32.4866371154785
24060050,Pluviométrica,Convencional,Santander,Los Santos,6.7592,-73.0928,1460,11/15/1973,,Andes,Magdalena Cauca,Sogamoso,Río Sogamoso,2.7309091091156,3.4872727394104,4,4,0.601449251174927,0.829710125923157,1,1,1.04999995231628,2021,06,32,0,0,0,0,27.0360126495361,2021-06-01,19.9987678527832,19.1070537567139,16.5795135498047
24060050,Pluviométrica,Convencional,Santander,Los Santos,6.7592,-73.0928,1460,11/15/1973,,Andes,Magdalena Cauca,Sogamoso,Río Sogamoso,2.7309091091156,3.4872727394104,4,4,0.601449251174927,0.829710125923157,1,1,1.04999995231628,2021,06,33,9.2,9.2,9.65999956130981,0,27.8420429229736,2021-06-01,23.6099338531494,19.6766967773438,19.5732669830322
24060050,Pluviométrica,Convencional,Santander,Los Santos,6.7592,-73.0928,1460,11/15/1973,,Andes,Magdalena Cauca,Sogamoso,Río Sogamoso,2.7309091091156,3.4872727394104,4,4,0.601449251174927,0.829710125923157,1,1,1.04999995231628,2021,06,34,0,0,0,0,21.6328773498535,2021-06-01,15.5177822113037,15.288519859314,12.8646554946899
24060050,Pluviométrica,Convencional,Santander,Los Santos,6.7592,-73.0928,1460,11/15/1973,,Andes,Magdalena Cauca,Sogamoso,Río Sogamoso,2.7309091091156,3.4872727394104,4,4,0.601449251174927,0.829710125923157,1,1,1.04999995231628,2021,06,35,0,0,0,0,16.0859870910645,2021-06-01,4.55592918395996,11.3683853149414,3.77698731422424
24060050,Pluviométrica,Convencional,Santander,Los Santos,6.7592,-73.0928,1460,11/15/1973,,Andes,Magdalena Cauca,Sogamoso,Río Sogamoso,2.7309091091156,3.4872727394104,4,4,0.601449251174927,0.829710125923157,1,1,1.04999995231628,2021,06,36,0,0,0,0,18.630859375,2021-06-01,10.0921611785889,13.1669149398804,8.36667156219482
24060050,Pluviométrica,Convencional,Santander,Los Santos,6.7592,-73.0928,1460,11/15/1973,,Andes,Magdalena Cauca,Sogamoso,Río Sogamoso,2.7309091091156,3.4872727394104,4,4,0.601449251174927,0.829710125923157,1,1,1.04999995231628,2021,07,37,0,0,0,0,9.90616130828857,2021-07-01,0.19436976313591,9.83064556121826,0.231309965252876
24060050,Pluviométrica,Convencional,Santander,Los Santos,6.7592,-73.0928,1460,11/15/1973,,Andes,Magdalena Cauca,Sogamoso,Río Sogamoso,2.7309091091156,3.4872727394104,4,4,0.601449251174927,0.829710125923157,1,1,1.04999995231628,2021,07,38,0,0,0,0,17.4752578735352,2021-07-01,15.3965120315552,17.3420429229736,18.3226356506348
24060050,Pluviométrica,Convencional,Santander,Los Santos,6.7592,-73.0928,1460,11/15/1973,,Andes,Magdalena Cauca,Sogamoso,Río Sogamoso,2.7309091091156,3.4872727394104,4,4,0.601449251174927,0.829710125923157,1,1,1.04999995231628,2021,07,39,0,0,0,0,16.0113658905029,2021-07-01,13.1439447402954,15.8893089294434,15.6419658660889
24060050,Pluviométrica,Convencional,Santander,Los Santos,6.7592,-73.0928,1460,11/15/1973,,Andes,Magdalena Cauca,Sogamoso,Río Sogamoso,2.7309091091156,3.4872727394104,4,4,0.601449251174927,0.829710125923157,1,1,1.04999995231628,2021,07,40,3.2,3.2,3.35999984741211,0,14.3865966796875,2021-07-01,8.24759006500244,14.276927947998,9.81505298614502
24060050,Pluviométrica,Convencional,Santander,Los Santos,6.7592,-73.0928,1460,11/15/1973,,Andes,Magdalena Cauca,Sogamoso,Río Sogamoso,2.7309091091156,3.4872727394104,4,4,0.601449251174927,0.829710125923157,1,1,1.04999995231628,2021,07,41,6.2,6.2,6.50999970436096,0,31.1017456054688,2021-07-01,47.8397026062012,30.864652633667,56.9316864013672
24060050,Pluviométrica,Convencional,Santander,Los Santos,6.7592,-73.0928,1460,11/15/1973,,Andes,Magdalena Cauca,Sogamoso,Río Sogamoso,2.7309091091156,3.4872727394104,4,4,0.601449251174927,0.829710125923157,1,1,1.04999995231628,2021,07,42,0,0,0,0,23.8320941925049,2021-07-01,10.7675085067749,23.6504230499268,12.8138847351074
24060050,Pluviométrica,Convencional,Santander,Los Santos,6.7592,-73.0928,1460,11/15/1973,,Andes,Magdalena Cauca,Sogamoso,Río Sogamoso,2.7309091091156,3.4872727394104,4,4,0.601449251174927,0.829710125923157,1,1,1.04999995231628,2021,08,43,7.2,7.2,7.55999965667725,0,20.8567333221436,2021-08-01,11.1807718276978,20.8567333221436,25.1602478027344
24060050,Pluviométrica,Convencional,Santander,Los Santos,6.7592,-73.0928,1460,11/15/1973,,Andes,Magdalena Cauca,Sogamoso,Río Sogamoso,2.7309091091156,3.4872727394104,4,4,0.601449251174927,0.829710125923157,1,1,1.04999995231628,2021,08,44,29.3,29.3,30.7649986028671,0,18.7382698059082,2021-08-01,3.13628506660461,18.7382698059082,7.05762672424316
24060050,Pluviométrica,Convencional,Santander,Los Santos,6.7592,-73.0928,1460,11/15/1973,,Andes,Magdalena Cauca,Sogamoso,Río Sogamoso,2.7309091091156,3.4872727394104,4,4,0.601449251174927,0.829710125923157,1,1,1.04999995231628,2021,08,45,6.3,6.3,6.61499969959259,0,24.7836952209473,2021-08-01,12.2924737930298,24.7836952209473,27.6619300842285
24060050,Pluviométrica,Convencional,Santander,Los Santos,6.7592,-73.0928,1460,11/15/1973,,Andes,Magdalena Cauca,Sogamoso,Río Sogamoso,2.7309091091156,3.4872727394104,4,4,0.601449251174927,0.829710125923157,1,1,1.04999995231628,2021,08,46,9.4,9.4,9.86999955177307,0,24.9049644470215,2021-08-01,10.8564252853394,24.9049644470215,24.4303665161133
24060050,Pluviométrica,Convencional,Santander,Los Santos,6.7592,-73.0928,1460,11/15/1973,,Andes,Magdalena Cauca,Sogamoso,Río Sogamoso,2.7309091091156,3.4872727394104,4,4,0.601449251174927,0.829710125923157,1,1,1.04999995231628,2021,08,47,14.7,14.7,15.4349992990494,0,20.7470932006836,2021-08-01,8.8842363357544,20.7470932006836,19.9923229217529
24060050,Pluviométrica,Convencional,Santander,Los Santos,6.7592,-73.0928,1460,11/15/1973,,Andes,Magdalena Cauca,Sogamoso,Río Sogamoso,2.7309091091156,3.4872727394104,4,4,0.601449251174927,0.829710125923157,1,1,1.04999995231628,2021,08,48,63.3,63.3,66.4649969816208,0,31.1385059356689,2021-08-01,15.8978328704834,31.1385059356689,35.7751197814941
24060050,Pluviométrica,Convencional,Santander,Los Santos,6.7592,-73.0928,1460,11/15/1973,,Andes,Magdalena Cauca,Sogamoso,Río Sogamoso,2.7309091091156,3.4872727394104,4,4,0.601449251174927,0.829710125923157,1,1,1.04999995231628,2021,09,49,38.5,38.5,40.4249981641769,0,11.2959928512573,2021-09-01,2.31352281570435,19.2917556762695,2.65237617492676
24060050,Pluviométrica,Convencional,Santander,Los Santos,6.7592,-73.0928,1460,11/15/1973,,Andes,Magdalena Cauca,Sogamoso,Río Sogamoso,2.7309091091156,3.4872727394104,4,4,0.601449251174927,0.829710125923157,1,1,1.04999995231628,2021,09,50,12.5,12.5,13.1249994039536,0,11.1649990081787,2021-09-01,3.51652336120605,19.0680389404297,7.95722579956055
24060050,Pluviométrica,Convencional,Santander,Los Santos,6.7592,-73.0928,1460,11/15/1973,,Andes,Magdalena Cauca,Sogamoso,Río Sogamoso,2.7309091091156,3.4872727394104,4,4,0.601449251174927,0.829710125923157,1,1,1.04999995231628,2021,09,51,18,18,18.8999991416931,0,12.559549331665,2021-09-01,3.56397771835327,21.44970703125,3.42032885551453
24060050,Pluviométrica,Convencional,Santander,Los Santos,6.7592,-73.0928,1460,11/15/1973,,Andes,Magdalena Cauca,Sogamoso,Río Sogamoso,2.7309091091156,3.4872727394104,4,4,0.601449251174927,0.829710125923157,1,1,1.04999995231628,2021,09,52,0,0,0,0,8.99454689025879,2021-09-01,0.0626534968614578,15.3612518310547,0.141772985458374
24060050,Pluviométrica,Convencional,Santander,Los Santos,6.7592,-73.0928,1460,11/15/1973,,Andes,Magdalena Cauca,Sogamoso,Río Sogamoso,2.7309091091156,3.4872727394104,4,4,0.601449251174927,0.829710125923157,1,1,1.04999995231628,2021,09,53,0,0,0,0,20.5474052429199,2021-09-01,17.875244140625,35.0916938781738,40.4482879638672
24060050,Pluviométrica,Convencional,Santander,Los Santos,6.7592,-73.0928,1460,11/15/1973,,Andes,Magdalena Cauca,Sogamoso,Río Sogamoso,2.7309091091156,3.4872727394104,4,4,0.601449251174927,0.829710125923157,1,1,1.04999995231628,2021,09,54,38.6,38.6,40.5299981594086,0,16.232105255127,2021-09-01,7.21329641342163,27.7218475341797,16.322322845459
24060050,Pluviométrica,Convencional,Santander,Los Santos,6.7592,-73.0928,1460,11/15/1973,,Andes,Magdalena Cauca,Sogamoso,Río Sogamoso,2.7309091091156,3.4872727394104,4,4,0.601449251174927,0.829710125923157,1,1,1.03999996185303,2021,10,55,0,0,0,0,43.6402587890625,2021-10-01,34.7824440002441,23.326208114624,18.583589553833
24060050,Pluviométrica,Convencional,Santander,Los Santos,6.7592,-73.0928,1460,11/15/1973,,Andes,Magdalena Cauca,Sogamoso,Río Sogamoso,2.7309091091156,3.4872727394104,4,4,0.601449251174927,0.829710125923157,1,1,1.03999996185303,2021,10,56,10.3,10.3,10.7119996070862,0,21.7399215698242,2021-10-01,6.68216228485107,20.172082901001,7.0823860168457
24060050,Pluviométrica,Convencional,Santander,Los Santos,6.7592,-73.0928,1460,11/15/1973,,Andes,Magdalena Cauca,Sogamoso,Río Sogamoso,2.7309091091156,3.4872727394104,4,4,0.601449251174927,0.829710125923157,1,1,1.03999996185303,2021,10,57,40.7,40.7,42.3279984474182,0,26.5087642669678,2021-10-01,15.4266233444214,22.8997459411621,16.0455455780029
24060050,Pluviométrica,Convencional,Santander,Los Santos,6.7592,-73.0928,1460,11/15/1973,,Andes,Magdalena Cauca,Sogamoso,Río Sogamoso,2.7309091091156,3.4872727394104,4,4,0.601449251174927,0.829710125923157,1,1,1.03999996185303,2021,10,58,3.5,3.5,3.6399998664856,0,21.063346862793,2021-10-01,8.72468566894531,12.6101245880127,7.90678405761719
24060050,Pluviométrica,Convencional,Santander,Los Santos,6.7592,-73.0928,1460,11/15/1973,,Andes,Magdalena Cauca,Sogamoso,Río Sogamoso,2.7309091091156,3.4872727394104,4,4,0.601449251174927,0.829710125923157,1,1,1.03999996185303,2021,10,59,5.3,5.3,5.51199979782105,0,19.5138378143311,2021-10-01,5.71923828125,8.4870138168335,3.14355707168579
24060050,Pluviométrica,Convencional,Santander,Los Santos,6.7592,-73.0928,1460,11/15/1973,,Andes,Magdalena Cauca,Sogamoso,Río Sogamoso,2.7309091091156,3.4872727394104,4,4,0.601449251174927,0.829710125923157,1,1,1.03999996185303,2021,10,60,12.2,12.2,12.6879995346069,0,57.319263458252,2021-10-01,39.3902893066406,37.0698051452637,29.9595832824707
24060050,Pluviométrica,Convencional,Santander,Los Santos,6.7592,-73.0928,1460,11/15/1973,,Andes,Magdalena Cauca,Sogamoso,Río Sogamoso,2.7309091091156,3.4872727394104,4,4,0.601449251174927,0.829710125923157,1,1,1.03999996185303,2021,11,61,3.8,3.8,3.9519998550415,0,16.7585163116455,2021-11-01,6.26487255096436,12.3865394592285,9.53811073303223
24060050,Pluviométrica,Convencional,Santander,Los Santos,6.7592,-73.0928,1460,11/15/1973,,Andes,Magdalena Cauca,Sogamoso,Río Sogamoso,2.7309091091156,3.4872727394104,4,4,0.601449251174927,0.829710125923157,1,1,1.03999996185303,2021,11,62,0,0,0,0,10.4639587402344,2021-11-01,0.195481553673744,4.19811630249023,0.142901033163071
24060050,Pluviométrica,Convencional,Santander,Los Santos,6.7592,-73.0928,1460,11/15/1973,,Andes,Magdalena Cauca,Sogamoso,Río Sogamoso,2.7309091091156,3.4872727394104,4,4,0.601449251174927,0.829710125923157,1,1,1.03999996185303,2021,11,63,0,0,0,0,10.6548671722412,2021-11-01,0,7.59950923919678,0
24060050,Pluviométrica,Convencional,Santander,Los Santos,6.7592,-73.0928,1460,11/15/1973,,Andes,Magdalena Cauca,Sogamoso,Río Sogamoso,2.7309091091156,3.4872727394104,4,4,0.601449251174927,0.829710125923157,1,1,1.03999996185303,2021,11,64,0,0,0,0,11.0596752166748,2021-11-01,0,4.56299257278442,0
24060050,Pluviométrica,Convencional,Santander,Los Santos,6.7592,-73.0928,1460,11/15/1973,,Andes,Magdalena Cauca,Sogamoso,Río Sogamoso,2.7309091091156,3.4872727394104,4,4,0.601449251174927,0.829710125923157,1,1,1.03999996185303,2021,11,65,9.8,9.8,10.1919996261597,0,28.2458019256592,2021-11-01,15.982424736023,32.9909210205078,28.0123119354248
24060050,Pluviométrica,Convencional,Santander,Los Santos,6.7592,-73.0928,1460,11/15/1973,,Andes,Magdalena Cauca,Sogamoso,Río Sogamoso,2.7309091091156,3.4872727394104,4,4,0.601449251174927,0.829710125923157,1,1,1.03999996185303,2021,11,66,8.5,8.5,8.83999967575073,0,30.0310249328613,2021-11-01,19.3457527160645,17.9187660217285,11.8589487075806
24060050,Pluviométrica,Convencional,Santander,Los Santos,6.7592,-73.0928,1460,11/15/1973,,Andes,Magdalena Cauca,Sogamoso,Río Sogamoso,2.7309091091156,3.4872727394104,4,4,0.601449251174927,0.829710125923157,1,1,1.05999994277954,2021,12,67,0,0,0,0,11.2770204544067,2021-12-01,5.64203310012817,53.4628753662109,8.42216491699219
24060050,Pluviométrica,Convencional,Santander,Los Santos,6.7592,-73.0928,1460,11/15/1973,,Andes,Magdalena Cauca,Sogamoso,Río Sogamoso,2.7309091091156,3.4872727394104,4,4,0.601449251174927,0.829710125923157,1,1,1.05999994277954,2021,12,68,0,0,0,0,4.9330644607544,2021-12-01,0.520382642745972,4.0731201171875,0.352309465408325
24060050,Pluviométrica,Convencional,Santander,Los Santos,6.7592,-73.0928,1460,11/15/1973,,Andes,Magdalena Cauca,Sogamoso,Río Sogamoso,2.7309091091156,3.4872727394104,4,4,0.601449251174927,0.829710125923157,1,1,1.05999994277954,2021,12,69,0,0,0,0,6.9454836845398,2021-12-01,1.53526771068573,32.3490180969238,4.79465913772583
24060050,Pluviométrica,Convencional,Santander,Los Santos,6.7592,-73.0928,1460,11/15/1973,,Andes,Magdalena Cauca,Sogamoso,Río Sogamoso,2.7309091091156,3.4872727394104,4,4,0.601449251174927,0.829710125923157,1,1,1.05999994277954,2021,12,70,10.3,10.3,10.9179994106293,0,6.50980472564697,2021-12-01,0.030738951638341,15.5314960479736,0.0325561761856079
24060050,Pluviométrica,Convencional,Santander,Los Santos,6.7592,-73.0928,1460,11/15/1973,,Andes,Magdalena Cauca,Sogamoso,Río Sogamoso,2.7309091091156,3.4872727394104,4,4,0.601449251174927,0.829710125923157,1,1,1.05999994277954,2021,12,71,36.7,36.7,38.9019979000092,0,6.68800258636475,2021-12-01,1.75355982780457,10.8606071472168,3.15140056610107
24060050,Pluviométrica,Convencional,Santander,Los Santos,6.7592,-73.0928,1460,11/15/1973,,Andes,Magdalena Cauca,Sogamoso,Río Sogamoso,2.7309091091156,3.4872727394104,4,4,0.601449251174927,0.829710125923157,1,1,1.05999994277954,2021,12,72,34,34,36.0399980545044,0,7.45804357528687,2021-12-01,0,10.7024221420288,0
24060050,Pluviométrica,Convencional,Santander,Los Santos,6.7592,-73.0928,1460,11/15/1973,,Andes,Magdalena Cauca,Sogamoso,Río Sogamoso,2.7309091091156,3.4872727394104,4,4,0.601449251174927,0.829710125923157,1,1,1.07000005245209,2022,01,1,0,0,0,0,4.52473020553589,2022-01-01,0,2.42084550857544,0
24060050,Pluviométrica,Convencional,Santander,Los Santos,6.7592,-73.0928,1460,11/15/1973,,Andes,Magdalena Cauca,Sogamoso,Río Sogamoso,2.7309091091156,3.4872727394104,4,4,0.601449251174927,0.829710125923157,1,1,1.07000005245209,2022,01,2,0,0,0,0,5.92273187637329,2022-01-01,0.157569408416748,3.03303647041321,0.141836538910866
24060050,Pluviométrica,Convencional,Santander,Los Santos,6.7592,-73.0928,1460,11/15/1973,,Andes,Magdalena Cauca,Sogamoso,Río Sogamoso,2.7309091091156,3.4872727394104,4,4,0.601449251174927,0.829710125923157,1,1,1.07000005245209,2022,01,3,0,0,0,0,4.62817335128784,2022-01-01,0.794964492321014,3.63399577140808,0.902265429496765
24060050,Pluviométrica,Convencional,Santander,Los Santos,6.7592,-73.0928,1460,11/15/1973,,Andes,Magdalena Cauca,Sogamoso,Río Sogamoso,2.7309091091156,3.4872727394104,4,4,0.601449251174927,0.829710125923157,1,1,1.07000005245209,2022,01,4,0,0,0,0,4.52931594848633,2022-01-01,0,2.53405094146729,0
24060050,Pluviométrica,Convencional,Santander,Los Santos,6.7592,-73.0928,1460,11/15/1973,,Andes,Magdalena Cauca,Sogamoso,Río Sogamoso,2.7309091091156,3.4872727394104,4,4,0.601449251174927,0.829710125923157,1,1,1.07000005245209,2022,01,5,0,0,0,0,4.14520931243897,2022-01-01,0,3.87130045890808,0
24060050,Pluviométrica,Convencional,Santander,Los Santos,6.7592,-73.0928,1460,11/15/1973,,Andes,Magdalena Cauca,Sogamoso,Río Sogamoso,2.7309091091156,3.4872727394104,4,4,0.601449251174927,0.829710125923157,1,1,1.07000005245209,2022,01,6,5.5,5.5,5.88500028848648,0,5.24703168869019,2022-01-01,0,4.30087804794312,0
24060050,Pluviométrica,Convencional,Santander,Los Santos,6.7592,-73.0928,1460,11/15/1973,,Andes,Magdalena Cauca,Sogamoso,Río Sogamoso,2.7309091091156,3.4872727394104,4,4,0.601449251174927,0.829710125923157,1,1,1.05999994277954,2022,02,7,3.2,3.2,3.39199981689453,0,5.11566686630249,2022-02-01,0,8.33877182006836,0
24060050,Pluviométrica,Convencional,Santander,Los Santos,6.7592,-73.0928,1460,11/15/1973,,Andes,Magdalena Cauca,Sogamoso,Río Sogamoso,2.7309091091156,3.4872727394104,4,4,0.601449251174927,0.829710125923157,1,1,1.05999994277954,2022,02,8,7.5,7.5,7.94999957084656,0,12.8844337463379,2022-02-01,15.3041725158691,20.7122955322266,22.8123512268066
24060050,Pluviométrica,Convencional,Santander,Los Santos,6.7592,-73.0928,1460,11/15/1973,,Andes,Magdalena Cauca,Sogamoso,Río Sogamoso,2.7309091091156,3.4872727394104,4,4,0.601449251174927,0.829710125923157,1,1,1.05999994277954,2022,02,9,0,0,0,0,5.81566762924194,2022-02-01,2.70256662368774,7.46169948577881,4.40133047103882
24060050,Pluviométrica,Convencional,Santander,Los Santos,6.7592,-73.0928,1460,11/15/1973,,Andes,Magdalena Cauca,Sogamoso,Río Sogamoso,2.7309091091156,3.4872727394104,4,4,0.601449251174927,0.829710125923157,1,1,1.05999994277954,2022,02,10,0,0,0,0,5.07951068878174,2022-02-01,1.19419276714325,4.05475282669067,1.44969940185547
24060050,Pluviométrica,Convencional,Santander,Los Santos,6.7592,-73.0928,1460,11/15/1973,,Andes,Magdalena Cauca,Sogamoso,Río Sogamoso,2.7309091091156,3.4872727394104,4,4,0.601449251174927,0.829710125923157,1,1,1.05999994277954,2022,02,11,0,0,0,0,5.14134120941162,2022-02-01,0.215412616729736,4.63457775115967,0.418947458267212
24060050,Pluviométrica,Convencional,Santander,Los Santos,6.7592,-73.0928,1460,11/15/1973,,Andes,Magdalena Cauca,Sogamoso,Río Sogamoso,2.7309091091156,3.4872727394104,4,4,0.601449251174927,0.829710125923157,1,1,1.05999994277954,2022,02,12,32.1,32.1,34.0259981632233,0,9.50369834899902,2022-02-01,13.4342250823975,20.4114475250244,18.0012550354004
24060050,Pluviométrica,Convencional,Santander,Los Santos,6.7592,-73.0928,1460,11/15/1973,,Andes,Magdalena Cauca,Sogamoso,Río Sogamoso,2.7309091091156,3.4872727394104,4,4,0.601449251174927,0.829710125923157,1,1,1.05999994277954,2022,03,13,12.5,12.5,13.2499992847443,0,34.4433250427246,2022-03-01,58.2587928771973,45.6037750244141,61.924072265625
24060050,Pluviométrica,Convencional,Santander,Los Santos,6.7592,-73.0928,1460,11/15/1973,,Andes,Magdalena Cauca,Sogamoso,Río Sogamoso,2.7309091091156,3.4872727394104,4,4,0.601449251174927,0.829710125923157,1,1,1.05999994277954,2022,03,14,9.5,9.5,10.0699994564056,0,7.17108678817749,2022-03-01,0,12.30149269104,0
24060050,Pluviométrica,Convencional,Santander,Los Santos,6.7592,-73.0928,1460,11/15/1973,,Andes,Magdalena Cauca,Sogamoso,Río Sogamoso,2.7309091091156,3.4872727394104,4,4,0.601449251174927,0.829710125923157,1,1,1.05999994277954,2022,03,15,9.9,9.9,10.4939994335175,0,10.249439239502,2022-03-01,3.37491679191589,21.3498725891113,14.8633365631104
24060050,Pluviométrica,Convencional,Santander,Los Santos,6.7592,-73.0928,1460,11/15/1973,,Andes,Magdalena Cauca,Sogamoso,Río Sogamoso,2.7309091091156,3.4872727394104,4,4,0.601449251174927,0.829710125923157,1,1,1.05999994277954,2022,03,16,0,0,0,0,6.36893367767334,2022-03-01,0,4.95885801315308,0
24060050,Pluviométrica,Convencional,Santander,Los Santos,6.7592,-73.0928,1460,11/15/1973,,Andes,Magdalena Cauca,Sogamoso,Río Sogamoso,2.7309091091156,3.4872727394104,4,4,0.601449251174927,0.829710125923157,1,1,1.05999994277954,2022,03,17,11.5,11.5,12.1899993419647,0,7.18813562393189,2022-03-01,1.38373291492462,11.5834407806397,4.14130592346191
24060050,Pluviométrica,Convencional,Santander,Los Santos,6.7592,-73.0928,1460,11/15/1973,,Andes,Magdalena Cauca,Sogamoso,Río Sogamoso,2.7309091091156,3.4872727394104,4,4,0.601449251174927,0.829710125923157,1,1,1.05999994277954,2022,03,18,19.8,19.8,20.9879988670349,0,20.3937015533447,2022-03-01,12.6878147125244,27.1331214904785,24.0560169219971
24060050,Pluviométrica,Convencional,Santander,Los Santos,6.7592,-73.0928,1460,11/15/1973,,Andes,Magdalena Cauca,Sogamoso,Río Sogamoso,2.7309091091156,3.4872727394104,4,4,0.601449251174927,0.829710125923157,1,1,1.04999995231628,2022,04,19,15,15,15.7499992847443,0,17.8965473175049,2022-04-01,14.4346160888672,26.6908130645752,19.2424869537354
24060050,Pluviométrica,Convencional,Santander,Los Santos,6.7592,-73.0928,1460,11/15/1973,,Andes,Magdalena Cauca,Sogamoso,Río Sogamoso,2.7309091091156,3.4872727394104,4,4,0.601449251174927,0.829710125923157,1,1,1.04999995231628,2022,04,20,0,0,0,0,14.4531106948853,2022-04-01,8.38361740112305,13.8454246520996,9.53254985809326
24060050,Pluviométrica,Convencional,Santander,Los Santos,6.7592,-73.0928,1460,11/15/1973,,Andes,Magdalena Cauca,Sogamoso,Río Sogamoso,2.7309091091156,3.4872727394104,4,4,0.601449251174927,0.829710125923157,1,1,1.04999995231628,2022,04,21,17.7,17.7,18.5849991559982,0,13.3514013290405,2022-04-01,4.88507223129273,8.50695991516113,5.15368986129761
24060050,Pluviométrica,Convencional,Santander,Los Santos,6.7592,-73.0928,1460,11/15/1973,,Andes,Magdalena Cauca,Sogamoso,Río Sogamoso,2.7309091091156,3.4872727394104,4,4,0.601449251174927,0.829710125923157,1,1,1.04999995231628,2022,04,22,87.9,87.9,92.2949958086014,0,21.5388603210449,2022-04-01,17.4282264709473,32.8770561218262,31.457691192627
24060050,Pluviométrica,Convencional,Santander,Los Santos,6.7592,-73.0928,1460,11/15/1973,,Andes,Magdalena Cauca,Sogamoso,Río Sogamoso,2.7309091091156,3.4872727394104,4,4,0.601449251174927,0.829710125923157,1,1,1.04999995231628,2022,04,23,19.5,19.5,20.4749990701675,0,15.4682540893555,2022-04-01,9.50186634063721,16.6022567749023,12.2868204116821
24060050,Pluviométrica,Convencional,Santander,Los Santos,6.7592,-73.0928,1460,11/15/1973,,Andes,Magdalena Cauca,Sogamoso,Río Sogamoso,2.7309091091156,3.4872727394104,4,4,0.601449251174927,0.829710125923157,1,1,1.04999995231628,2022,04,24,17.5,17.5,18.374999165535,0,28.2328491210938,2022-04-01,22.2922077178955,31.7421932220459,28.7947826385498
24060050,Pluviométrica,Convencional,Santander,Los Santos,6.7592,-73.0928,1460,11/15/1973,,Andes,Magdalena Cauca,Sogamoso,Río Sogamoso,2.7309091091156,3.4872727394104,4,4,0.601449251174927,0.829710125923157,1,1,1.03999996185303,2022,05,25,16.1,16.1,16.7439993858337,0,28.9257659912109,2022-05-01,23.2138442993164,12.1267385482788,10.6042461395264
24060050,Pluviométrica,Convencional,Santander,Los Santos,6.7592,-73.0928,1460,11/15/1973,,Andes,Magdalena Cauca,Sogamoso,Río Sogamoso,2.7309091091156,3.4872727394104,4,4,0.601449251174927,0.829710125923157,1,1,1.03999996185303,2022,05,26,17.6,17.6,18.3039993286133,0,22.4131259918213,2022-05-01,9.97345161437988,45.3754844665527,25.8846893310547
24060050,Pluviométrica,Convencional,Santander,Los Santos,6.7592,-73.0928,1460,11/15/1973,,Andes,Magdalena Cauca,Sogamoso,Río Sogamoso,2.7309091091156,3.4872727394104,4,4,0.601449251174927,0.829710125923157,1,1,1.03999996185303,2022,05,27,8.5,8.5,8.83999967575073,0,31.2939262390137,2022-05-01,20.026330947876,22.558765411377,15.5080595016479
24060050,Pluviométrica,Convencional,Santander,Los Santos,6.7592,-73.0928,1460,11/15/1973,,Andes,Magdalena Cauca,Sogamoso,Río Sogamoso,2.7309091091156,3.4872727394104,4,4,0.601449251174927,0.829710125923157,1,1,1.03999996185303,2022,05,28,19,19,19.7599992752075,0,16.8002986907959,2022-05-01,3.53623604774475,17.3295021057129,7.66838121414185
24060050,Pluviométrica,Convencional,Santander,Los Santos,6.7592,-73.0928,1460,11/15/1973,,Andes,Magdalena Cauca,Sogamoso,Río Sogamoso,2.7309091091156,3.4872727394104,4,4,0.601449251174927,0.829710125923157,1,1,1.03999996185303,2022,05,29,10.7,10.7,11.1279995918274,0,31.7567901611328,2022-05-01,21.9195518493652,29.4646873474121,21.8472213745117
24060050,Pluviométrica,Convencional,Santander,Los Santos,6.7592,-73.0928,1460,11/15/1973,,Andes,Magdalena Cauca,Sogamoso,Río Sogamoso,2.7309091091156,3.4872727394104,4,4,0.601449251174927,0.829710125923157,1,1,1.03999996185303,2022,05,30,7.5,7.5,7.79999971389771,0,37.8032760620117,2022-05-01,21.0505638122559,19.2585792541504,14.4562397003174
24060050,Pluviométrica,Convencional,Santander,Los Santos,6.7592,-73.0928,1460,11/15/1973,,Andes,Magdalena Cauca,Sogamoso,Río Sogamoso,2.7309091091156,3.4872727394104,4,4,0.601449251174927,0.829710125923157,1,1,1.04999995231628,2022,06,31,5.3,5.3,5.56499974727631,0,22.000036239624,2022-06-01,16.4356384277344,20.7612152099609,23.8404331207275
24060050,Pluviométrica,Convencional,Santander,Los Santos,6.7592,-73.0928,1460,11/15/1973,,Andes,Magdalena Cauca,Sogamoso,Río Sogamoso,2.7309091091156,3.4872727394104,4,4,0.601449251174927,0.829710125923157,1,1,1.04999995231628,2022,06,32,7.6,7.6,7.97999963760376,0,16.2758255004883,2022-06-01,2.31682467460632,17.0943832397461,5.41427898406982
24060050,Pluviométrica,Convencional,Santander,Los Santos,6.7592,-73.0928,1460,11/15/1973,,Andes,Magdalena Cauca,Sogamoso,Río Sogamoso,2.7309091091156,3.4872727394104,4,4,0.601449251174927,0.829710125923157,1,1,1.04999995231628,2022,06,33,8.2,8.2,8.60999960899353,0,22.6065216064453,2022-06-01,12.9064626693726,27.8278789520264,27.944673538208
24060050,Pluviométrica,Convencional,Santander,Los Santos,6.7592,-73.0928,1460,11/15/1973,,Andes,Magdalena Cauca,Sogamoso,Río Sogamoso,2.7309091091156,3.4872727394104,4,4,0.601449251174927,0.829710125923157,1,1,1.04999995231628,2022,06,34,5,5,5.24999976158142,0,30.4552440643311,2022-06-01,31.0666427612305,26.6137523651123,32.1360664367676
24060050,Pluviométrica,Convencional,Santander,Los Santos,6.7592,-73.0928,1460,11/15/1973,,Andes,Magdalena Cauca,Sogamoso,Río Sogamoso,2.7309091091156,3.4872727394104,4,4,0.601449251174927,0.829710125923157,1,1,1.04999995231628,2022,06,35,9.4,9.4,9.86999955177307,0,19.3202857971191,2022-06-01,8.74758720397949,16.7199687957764,12.1127052307129
24060050,Pluviométrica,Convencional,Santander,Los Santos,6.7592,-73.0928,1460,11/15/1973,,Andes,Magdalena Cauca,Sogamoso,Río Sogamoso,2.7309091091156,3.4872727394104,4,4,0.601449251174927,0.829710125923157,1,1,1.04999995231628,2022,06,36,9.3,9.3,9.76499955654144,0,15.4355564117432,2022-06-01,5.74167776107788,23.8036575317383,15.3803634643555
24060050,Pluviométrica,Convencional,Santander,Los Santos,6.7592,-73.0928,1460,11/15/1973,,Andes,Magdalena Cauca,Sogamoso,Río Sogamoso,2.7309091091156,3.4872727394104,4,4,0.601449251174927,0.829710125923157,1,1,1.04999995231628,2022,07,37,0,0,0,0,9.90616130828857,2022-07-01,0.19436976313591,8.91244029998779,0.620947778224945
24060050,Pluviométrica,Convencional,Santander,Los Santos,6.7592,-73.0928,1460,11/15/1973,,Andes,Magdalena Cauca,Sogamoso,Río Sogamoso,2.7309091091156,3.4872727394104,4,4,0.601449251174927,0.829710125923157,1,1,1.04999995231628,2022,07,38,7.2,7.2,7.55999965667725,0,11.9592170715332,2022-07-01,2.09279775619507,10.3890714645386,4.33003807067871
24060050,Pluviométrica,Convencional,Santander,Los Santos,6.7592,-73.0928,1460,11/15/1973,,Andes,Magdalena Cauca,Sogamoso,Río Sogamoso,2.7309091091156,3.4872727394104,4,4,0.601449251174927,0.829710125923157,1,1,1.04999995231628,2022,07,39,0,0,0,0,11.8961534500122,2022-07-01,3.24120783805847,8.57527828216553,5.52692556381226
24060050,Pluviométrica,Convencional,Santander,Los Santos,6.7592,-73.0928,1460,11/15/1973,,Andes,Magdalena Cauca,Sogamoso,Río Sogamoso,2.7309091091156,3.4872727394104,4,4,0.601449251174927,0.829710125923157,1,1,1.04999995231628,2022,07,40,6.5,6.5,6.82499969005585,0,22.2717056274414,2022-07-01,24.7375373840332,24.7393035888672,35.7875556945801
24060050,Pluviométrica,Convencional,Santander,Los Santos,6.7592,-73.0928,1460,11/15/1973,,Andes,Magdalena Cauca,Sogamoso,Río Sogamoso,2.7309091091156,3.4872727394104,4,4,0.601449251174927,0.829710125923157,1,1,1.04999995231628,2022,07,41,13.5,13.5,14.1749993562698,0,12.3470115661621,2022-07-01,4.14784574508667,9.97205257415771,8.15794181823731
24060050,Pluviométrica,Convencional,Santander,Los Santos,6.7592,-73.0928,1460,11/15/1973,,Andes,Magdalena Cauca,Sogamoso,Río Sogamoso,2.7309091091156,3.4872727394104,4,4,0.601449251174927,0.829710125923157,1,1,1.04999995231628,2022,07,42,23.3,23.3,24.4649988889694,0,21.879955291748,2022-07-01,8.55638408660889,25.4663944244385,23.3684425354004
24060050,Pluviométrica,Convencional,Santander,Los Santos,6.7592,-73.0928,1460,11/15/1973,,Andes,Magdalena Cauca,Sogamoso,Río Sogamoso,2.7309091091156,3.4872727394104,4,4,0.601449251174927,0.829710125923157,1,1,1.04999995231628,2022,08,43,5.2,5.2,5.45999975204468,0,17.0533485412598,2022-08-01,3.60798978805542,18.6576023101807,8.25554656982422
24060050,Pluviométrica,Convencional,Santander,Los Santos,6.7592,-73.0928,1460,11/15/1973,,Andes,Magdalena Cauca,Sogamoso,Río Sogamoso,2.7309091091156,3.4872727394104,4,4,0.601449251174927,0.829710125923157,1,1,1.04999995231628,2022,08,44,9.5,9.5,9.9749995470047,0,20.7529640197754,2022-08-01,7.20746803283691,22.3134078979492,14.3788280487061
24060050,Pluviométrica,Convencional,Santander,Los Santos,6.7592,-73.0928,1460,11/15/1973,,Andes,Magdalena Cauca,Sogamoso,Río Sogamoso,2.7309091091156,3.4872727394104,4,4,0.601449251174927,0.829710125923157,1,1,1.04999995231628,2022,08,45,0,0,0,0,20.7540855407715,2022-08-01,5.47171974182129,19.668041229248,10.9926471710205
24060050,Pluviométrica,Convencional,Santander,Los Santos,6.7592,-73.0928,1460,11/15/1973,,Andes,Magdalena Cauca,Sogamoso,Río Sogamoso,2.7309091091156,3.4872727394104,4,4,0.601449251174927,0.829710125923157,1,1,1.04999995231628,2022,08,46,0,0,0,0,15.7058162689209,2022-08-01,0.179323077201843,13.9427661895752,0.563889503479004
24060050,Pluviométrica,Convencional,Santander,Los Santos,6.7592,-73.0928,1460,11/15/1973,,Andes,Magdalena Cauca,Sogamoso,Río Sogamoso,2.7309091091156,3.4872727394104,4,4,0.601449251174927,0.829710125923157,1,1,1.04999995231628,2022,08,47,14.5,14.5,15.2249993085861,0,30.8361339569092,2022-08-01,21.273265838623,30.9033126831055,24.853630065918
24060050,Pluviométrica,Convencional,Santander,Los Santos,6.7592,-73.0928,1460,11/15/1973,,Andes,Magdalena Cauca,Sogamoso,Río Sogamoso,2.7309091091156,3.4872727394104,4,4,0.601449251174927,0.829710125923157,1,1,1.04999995231628,2022,08,48,16.7,16.7,17.5349992036819,0,23.3306751251221,2022-08-01,6.04675674438477,37.2689781188965,20.5929870605469
24060050,Pluviométrica,Convencional,Santander,Los Santos,6.7592,-73.0928,1460,11/15/1973,,Andes,Magdalena Cauca,Sogamoso,Río Sogamoso,2.7309091091156,3.4872727394104,4,4,0.601449251174927,0.829710125923157,1,1,1.04999995231628,2022,09,49,25.1,25.1,26.3549988031387,0,21.323751449585,2022-09-01,14.5715465545654,25.5927581787109,20.7502956390381
24060050,Pluviométrica,Convencional,Santander,Los Santos,6.7592,-73.0928,1460,11/15/1973,,Andes,Magdalena Cauca,Sogamoso,Río Sogamoso,2.7309091091156,3.4872727394104,4,4,0.601449251174927,0.829710125923157,1,1,1.04999995231628,2022,09,50,9.7,9.7,10.184999537468,0,11.1649990081787,2022-09-01,2.49367666244507,14.7526178359985,4.47443819046021
24060050,Pluviométrica,Convencional,Santander,Los Santos,6.7592,-73.0928,1460,11/15/1973,,Andes,Magdalena Cauca,Sogamoso,Río Sogamoso,2.7309091091156,3.4872727394104,4,4,0.601449251174927,0.829710125923157,1,1,1.04999995231628,2022,09,51,17,17,17.8499991893768,0,14.4653415679932,2022-09-01,6.42879343032837,18.7258338928223,13.959321975708
24060050,Pluviométrica,Convencional,Santander,Los Santos,6.7592,-73.0928,1460,11/15/1973,,Andes,Magdalena Cauca,Sogamoso,Río Sogamoso,2.7309091091156,3.4872727394104,4,4,0.601449251174927,0.829710125923157,1,1,1.04999995231628,2022,09,52,34.5,34.5,36.2249983549118,0,14.4750862121582,2022-09-01,6.30983352661133,23.211462020874,17.1731128692627
24060050,Pluviométrica,Convencional,Santander,Los Santos,6.7592,-73.0928,1460,11/15/1973,,Andes,Magdalena Cauca,Sogamoso,Río Sogamoso,2.7309091091156,3.4872727394104,4,4,0.601449251174927,0.829710125923157,1,1,1.04999995231628,2022,09,53,81,81,85.049996137619,0,21.7292881011963,2022-09-01,17.875244140625,33.2127723693848,29.1275329589844
24060050,Pluviométrica,Convencional,Santander,Los Santos,6.7592,-73.0928,1460,11/15/1973,,Andes,Magdalena Cauca,Sogamoso,Río Sogamoso,2.7309091091156,3.4872727394104,4,4,0.601449251174927,0.829710125923157,1,1,1.04999995231628,2022,09,54,5.8,5.8,6.08999972343445,0,18.6574668884277,2022-09-01,13.4862718582153,21.0550060272217,20.8415908813477
24060050,Pluviométrica,Convencional,Santander,Los Santos,6.7592,-73.0928,1460,11/15/1973,,Andes,Magdalena Cauca,Sogamoso,Río Sogamoso,2.7309091091156,3.4872727394104,4,4,0.601449251174927,0.829710125923157,1,1,1.03999996185303,2022,10,55,16.8,16.8,17.4719993591309,0,38.6679992675781,2022-10-01,29.3048057556152,42.6203536987305,38.4081764221191
24060050,Pluviométrica,Convencional,Santander,Los Santos,6.7592,-73.0928,1460,11/15/1973,,Andes,Magdalena Cauca,Sogamoso,Río Sogamoso,2.7309091091156,3.4872727394104,4,4,0.601449251174927,0.829710125923157,1,1,1.03999996185303,2022,10,56,0,0,0,0,30.6021232604981,2022-10-01,17.9991970062256,53.3404579162598,39.9146308898926
24060050,Pluviométrica,Convencional,Santander,Los Santos,6.7592,-73.0928,1460,11/15/1973,,Andes,Magdalena Cauca,Sogamoso,Río Sogamoso,2.7309091091156,3.4872727394104,4,4,0.601449251174927,0.829710125923157,1,1,1.03999996185303,2022,10,57,6.3,6.3,6.55199975967407,0,31.1273803710938,2022-10-01,20.5390205383301,43.3476791381836,34.563606262207
24060050,Pluviométrica,Convencional,Santander,Los Santos,6.7592,-73.0928,1460,11/15/1973,,Andes,Magdalena Cauca,Sogamoso,Río Sogamoso,2.7309091091156,3.4872727394104,4,4,0.601449251174927,0.829710125923157,1,1,1.03999996185303,2022,10,58,15.8,15.8,16.4319993972778,0,41.7782974243164,2022-10-01,41.0790596008301,90.4847564697266,99.7532806396485
24060050,Pluviométrica,Convencional,Santander,Los Santos,6.7592,-73.0928,1460,11/15/1973,,Andes,Magdalena Cauca,Sogamoso,Río Sogamoso,2.7309091091156,3.4872727394104,4,4,0.601449251174927,0.829710125923157,1,1,1.03999996185303,2022,10,59,55.6,55.6,57.8239978790283,0,32.0028114318848,2022-10-01,24.6130104064941,52.2319793701172,41.2151145935059
24060050,Pluviométrica,Convencional,Santander,Los Santos,6.7592,-73.0928,1460,11/15/1973,,Andes,Magdalena Cauca,Sogamoso,Río Sogamoso,2.7309091091156,3.4872727394104,4,4,0.601449251174927,0.829710125923157,1,1,1.03999996185303,2022,10,60,0,0,0,0,25.0522956848145,2022-10-01,0.193358778953552,68.455322265625,1.31847643852234
24060050,Pluviométrica,Convencional,Santander,Los Santos,6.7592,-73.0928,1460,11/15/1973,,Andes,Magdalena Cauca,Sogamoso,Río Sogamoso,2.7309091091156,3.4872727394104,4,4,0.601449251174927,0.829710125923157,1,1,1.03999996185303,2022,11,61,6.6,6.6,6.86399974822998,0,25.551570892334,2022-11-01,18.7396087646484,25.7616519927979,29.1668148040772
24060050,Pluviométrica,Convencional,Santander,Los Santos,6.7592,-73.0928,1460,11/15/1973,,Andes,Magdalena Cauca,Sogamoso,Río Sogamoso,2.7309091091156,3.4872727394104,4,4,0.601449251174927,0.829710125923157,1,1,1.03999996185303,2022,11,62,6.5,6.5,6.75999975204468,0,46.8443565368652,2022-11-01,31.0865097045898,32.0170402526855,21.9159107208252
24060050,Pluviométrica,Convencional,Santander,Los Santos,6.7592,-73.0928,1460,11/15/1973,,Andes,Magdalena Cauca,Sogamoso,Río Sogamoso,2.7309091091156,3.4872727394104,4,4,0.601449251174927,0.829710125923157,1,1,1.03999996185303,2022,11,63,5.2,5.2,5.40799980163574,0,11.9322509765625,2022-11-01,0,13.4387941360474,0
24060050,Pluviométrica,Convencional,Santander,Los Santos,6.7592,-73.0928,1460,11/15/1973,,Andes,Magdalena Cauca,Sogamoso,Río Sogamoso,2.7309091091156,3.4872727394104,4,4,0.601449251174927,0.829710125923157,1,1,1.03999996185303,2022,11,64,0,0,0,0,37.5779762268066,2022-11-01,23.4438610076904,22.3509502410889,18.215124130249
24060050,Pluviométrica,Convencional,Santander,Los Santos,6.7592,-73.0928,1460,11/15/1973,,Andes,Magdalena Cauca,Sogamoso,Río Sogamoso,2.7309091091156,3.4872727394104,4,4,0.601449251174927,0.829710125923157,1,1,1.03999996185303,2022,11,65,0,0,0,0,13.6869039535522,2022-11-01,2.12016201019287,12.0324563980103,2.97523880004883
24060050,Pluviométrica,Convencional,Santander,Los Santos,6.7592,-73.0928,1460,11/15/1973,,Andes,Magdalena Cauca,Sogamoso,Río Sogamoso,2.7309091091156,3.4872727394104,4,4,0.601449251174927,0.829710125923157,1,1,1.03999996185303,2022,11,66,13.3,13.3,13.8319994926453,0,31.3176422119141,2022-11-01,15.6127061843872,20.5763111114502,15.4797439575195
24060050,Pluviométrica,Convencional,Santander,Los Santos,6.7592,-73.0928,1460,11/15/1973,,Andes,Magdalena Cauca,Sogamoso,Río Sogamoso,2.7309091091156,3.4872727394104,4,4,0.601449251174927,0.829710125923157,1,1,1.05999994277954,2022,12,67,0,0,0,0,5.47284460067749,2022-12-01,0,4.51562881469727,0
24060050,Pluviométrica,Convencional,Santander,Los Santos,6.7592,-73.0928,1460,11/15/1973,,Andes,Magdalena Cauca,Sogamoso,Río Sogamoso,2.7309091091156,3.4872727394104,4,4,0.601449251174927,0.829710125923157,1,1,1.05999994277954,2022,12,68,9.2,9.2,9.75199947357178,0,4.9330644607544,2022-12-01,0.520382642745972,4.11452198028564,0.765160799026489
24060050,Pluviométrica,Convencional,Santander,Los Santos,6.7592,-73.0928,1460,11/15/1973,,Andes,Magdalena Cauca,Sogamoso,Río Sogamoso,2.7309091091156,3.4872727394104,4,4,0.601449251174927,0.829710125923157,1,1,1.05999994277954,2022,12,69,0,0,0,0,4.77511072158814,2022-12-01,0,5.60364484786987,0
24060050,Pluviométrica,Convencional,Santander,Los Santos,6.7592,-73.0928,1460,11/15/1973,,Andes,Magdalena Cauca,Sogamoso,Río Sogamoso,2.7309091091156,3.4872727394104,4,4,0.601449251174927,0.829710125923157,1,1,1.05999994277954,2022,12,70,0,0,0,0,4.99596738815308,2022-12-01,0,2.49236130714417,0
24060050,Pluviométrica,Convencional,Santander,Los Santos,6.7592,-73.0928,1460,11/15/1973,,Andes,Magdalena Cauca,Sogamoso,Río Sogamoso,2.7309091091156,3.4872727394104,4,4,0.601449251174927,0.829710125923157,1,1,1.05999994277954,2022,12,71,0,0,0,0,5.13272619247437,2022-12-01,0,2.39492464065552,0
24060050,Pluviométrica,Convencional,Santander,Los Santos,6.7592,-73.0928,1460,11/15/1973,,Andes,Magdalena Cauca,Sogamoso,Río Sogamoso,2.7309091091156,3.4872727394104,4,4,0.601449251174927,0.829710125923157,1,1,1.05999994277954,2022,12,72,21.7,21.7,23.001998758316,0,8.44977951049805,2022-12-01,0.144093096256256,7.02084112167358,0.212894469499588
24060050,Pluviométrica,Convencional,Santander,Los Santos,6.7592,-73.0928,1460,11/15/1973,,Andes,Magdalena Cauca,Sogamoso,Río Sogamoso,2.7309091091156,3.4872727394104,4,4,0.601449251174927,0.829710125923157,1,1,1.07000005245209,2023,01,1,11.3,11.3,12.0910005927086,0,17.3233051300049,2023-01-01,12.6334199905396,16.4682121276855,9.78060913085938
24060050,Pluviométrica,Convencional,Santander,Los Santos,6.7592,-73.0928,1460,11/15/1973,,Andes,Magdalena Cauca,Sogamoso,Río Sogamoso,2.7309091091156,3.4872727394104,4,4,0.601449251174927,0.829710125923157,1,1,1.07000005245209,2023,01,2,31.2,31.2,33.3840016365051,0,25.5113353729248,2023-01-01,23.3851432800293,38.3305244445801,43.8390426635742
24060050,Pluviométrica,Convencional,Santander,Los Santos,6.7592,-73.0928,1460,11/15/1973,,Andes,Magdalena Cauca,Sogamoso,Río Sogamoso,2.7309091091156,3.4872727394104,4,4,0.601449251174927,0.829710125923157,1,1,1.07000005245209,2023,01,3,0,0,0,0,9.8646411895752,2023-01-01,3.70642232894897,9.44907093048096,3.71722292900085
24060050,Pluviométrica,Convencional,Santander,Los Santos,6.7592,-73.0928,1460,11/15/1973,,Andes,Magdalena Cauca,Sogamoso,Río Sogamoso,2.7309091091156,3.4872727394104,4,4,0.601449251174927,0.829710125923157,1,1,1.07000005245209,2023,01,4,0,0,0,0,5.81047105789185,2023-01-01,0,4.0466799736023,0
24060050,Pluviométrica,Convencional,Santander,Los Santos,6.7592,-73.0928,1460,11/15/1973,,Andes,Magdalena Cauca,Sogamoso,Río Sogamoso,2.7309091091156,3.4872727394104,4,4,0.601449251174927,0.829710125923157,1,1,1.07000005245209,2023,01,5,0,0,0,0,12.2843599319458,2023-01-01,10.5930652618408,5.79388570785523,4.07677316665649
24060050,Pluviométrica,Convencional,Santander,Los Santos,6.7592,-73.0928,1460,11/15/1973,,Andes,Magdalena Cauca,Sogamoso,Río Sogamoso,2.7309091091156,3.4872727394104,4,4,0.601449251174927,0.829710125923157,1,1,1.07000005245209,2023,01,6,0,0,0,0,5.24703168869019,2023-01-01,0,2.55730986595154,0
24060050,Pluviométrica,Convencional,Santander,Los Santos,6.7592,-73.0928,1460,11/15/1973,,Andes,Magdalena Cauca,Sogamoso,Río Sogamoso,2.7309091091156,3.4872727394104,4,4,0.601449251174927,0.829710125923157,1,1,1.05999994277954,2023,02,7,5.2,5.2,5.51199970245361,0,5.11566686630249,2023-02-01,0,3.65929055213928,0
24060050,Pluviométrica,Convencional,Santander,Los Santos,6.7592,-73.0928,1460,11/15/1973,,Andes,Magdalena Cauca,Sogamoso,Río Sogamoso,2.7309091091156,3.4872727394104,4,4,0.601449251174927,0.829710125923157,1,1,1.05999994277954,2023,02,8,13.5,13.5,14.3099992275238,0,5.8155574798584,2023-02-01,2.13548469543457,9.93120861053467,6.32666969299316
24060050,Pluviométrica,Convencional,Santander,Los Santos,6.7592,-73.0928,1460,11/15/1973,,Andes,Magdalena Cauca,Sogamoso,Río Sogamoso,2.7309091091156,3.4872727394104,4,4,0.601449251174927,0.829710125923157,1,1,1.05999994277954,2023,02,9,19.7,19.7,20.881998872757,0,9.35017108917236,2023-02-01,9.14806270599365,11.7244701385498,13.3473453521729
24060050,Pluviométrica,Convencional,Santander,Los Santos,6.7592,-73.0928,1460,11/15/1973,,Andes,Magdalena Cauca,Sogamoso,Río Sogamoso,2.7309091091156,3.4872727394104,4,4,0.601449251174927,0.829710125923157,1,1,1.05999994277954,2023,02,10,0,0,0,0,12.3598852157593,2023-02-01,15.1535415649414,14.7194967269897,12.9214115142822
24060050,Pluviométrica,Convencional,Santander,Los Santos,6.7592,-73.0928,1460,11/15/1973,,Andes,Magdalena Cauca,Sogamoso,Río Sogamoso,2.7309091091156,3.4872727394104,4,4,0.601449251174927,0.829710125923157,1,1,1.05999994277954,2023,02,11,25,25,26.4999985694885,0,6.98358917236328,2023-02-01,2.787682056427,11.7948303222656,9.62023258209229
24060050,Pluviométrica,Convencional,Santander,Los Santos,6.7592,-73.0928,1460,11/15/1973,,Andes,Magdalena Cauca,Sogamoso,Río Sogamoso,2.7309091091156,3.4872727394104,4,4,0.601449251174927,0.829710125923157,1,1,1.05999994277954,2023,02,12,4.5,4.5,4.76999974250794,0,2.12743330001831,2023-02-01,0,3.26690340042114,0
24060050,Pluviométrica,Convencional,Santander,Los Santos,6.7592,-73.0928,1460,11/15/1973,,Andes,Magdalena Cauca,Sogamoso,Río Sogamoso,2.7309091091156,3.4872727394104,4,4,0.601449251174927,0.829710125923157,1,1,1.05999994277954,2023,03,13,14.2,14.2,15.0519991874695,0,18.6838665008545,2023-03-01,25.7303791046143,16.9946365356445,18.3147964477539
24060050,Pluviométrica,Convencional,Santander,Los Santos,6.7592,-73.0928,1460,11/15/1973,,Andes,Magdalena Cauca,Sogamoso,Río Sogamoso,2.7309091091156,3.4872727394104,4,4,0.601449251174927,0.829710125923157,1,1,1.05999994277954,2023,03,14,35,35,37.0999979972839,0,16.0322074890137,2023-03-01,16.2756252288818,33.6830825805664,27.4695358276367
24060050,Pluviométrica,Convencional,Santander,Los Santos,6.7592,-73.0928,1460,11/15/1973,,Andes,Magdalena Cauca,Sogamoso,Río Sogamoso,2.7309091091156,3.4872727394104,4,4,0.601449251174927,0.829710125923157,1,1,1.05999994277954,2023,03,15,33.9,33.9,35.9339980602264,0,10.7036180496216,2023-03-01,3.37491679191589,24.2110118865967,11.8641147613525
24060050,Pluviométrica,Convencional,Santander,Los Santos,6.7592,-73.0928,1460,11/15/1973,,Andes,Magdalena Cauca,Sogamoso,Río Sogamoso,2.7309091091156,3.4872727394104,4,4,0.601449251174927,0.829710125923157,1,1,1.05999994277954,2023,03,16,14.2,14.2,15.0519991874695,0,6.77806520462036,2023-03-01,0.867590427398682,10.0375556945801,2.47533750534058
24060050,Pluviométrica,Convencional,Santander,Los Santos,6.7592,-73.0928,1460,11/15/1973,,Andes,Magdalena Cauca,Sogamoso,Río Sogamoso,2.7309091091156,3.4872727394104,4,4,0.601449251174927,0.829710125923157,1,1,1.05999994277954,2023,03,17,0,0,0,0,4.0909628868103,2023-03-01,0,3.87064695358276,0
24060050,Pluviométrica,Convencional,Santander,Los Santos,6.7592,-73.0928,1460,11/15/1973,,Andes,Magdalena Cauca,Sogamoso,Río Sogamoso,2.7309091091156,3.4872727394104,4,4,0.601449251174927,0.829710125923157,1,1,1.05999994277954,2023,03,18,0,0,0,0,22.3208675384522,2023-03-01,16.6281967163086,18.0731086730957,14.5630798339844
24060050,Pluviométrica,Convencional,Santander,Los Santos,6.7592,-73.0928,1460,11/15/1973,,Andes,Magdalena Cauca,Sogamoso,Río Sogamoso,2.7309091091156,3.4872727394104,4,4,0.601449251174927,0.829710125923157,1,1,1.04999995231628,2023,04,19,3.2,3.2,3.35999984741211,0,12.1978693008423,2023-04-01,4.98396348953247,9.72837066650391,5.31596612930298
24060050,Pluviométrica,Convencional,Santander,Los Santos,6.7592,-73.0928,1460,11/15/1973,,Andes,Magdalena Cauca,Sogamoso,Río Sogamoso,2.7309091091156,3.4872727394104,4,4,0.601449251174927,0.829710125923157,1,1,1.04999995231628,2023,04,20,0,0,0,0,10.8200969696045,2023-04-01,3.60626411437988,8.77216911315918,4.08420610427856
24060050,Pluviométrica,Convencional,Santander,Los Santos,6.7592,-73.0928,1460,11/15/1973,,Andes,Magdalena Cauca,Sogamoso,Río Sogamoso,2.7309091091156,3.4872727394104,4,4,0.601449251174927,0.829710125923157,1,1,1.04999995231628,2023,04,21,15.2,15.2,15.9599992752075,0,20.2989482879639,2023-04-01,13.0262470245361,17.3579883575439,13.3933544158936
24060050,Pluviométrica,Convencional,Santander,Los Santos,6.7592,-73.0928,1460,11/15/1973,,Andes,Magdalena Cauca,Sogamoso,Río Sogamoso,2.7309091091156,3.4872727394104,4,4,0.601449251174927,0.829710125923157,1,1,1.04999995231628,2023,04,22,0,0,0,0,34.8781318664551,2023-04-01,35.6671981811523,29.2328968048096,30.1240406036377
24060050,Pluviométrica,Convencional,Santander,Los Santos,6.7592,-73.0928,1460,11/15/1973,,Andes,Magdalena Cauca,Sogamoso,Río Sogamoso,2.7309091091156,3.4872727394104,4,4,0.601449251174927,0.829710125923157,1,1,1.04999995231628,2023,04,23,0,0,0,0,29.1335582733154,2023-04-01,26.1506156921387,23.516450881958,20.699951171875
24060050,Pluviométrica,Convencional,Santander,Los Santos,6.7592,-73.0928,1460,11/15/1973,,Andes,Magdalena Cauca,Sogamoso,Río Sogamoso,2.7309091091156,3.4872727394104,4,4,0.601449251174927,0.829710125923157,1,1,1.04999995231628,2023,04,24,0,0,0,0,24.1870250701904,2023-04-01,16.0932846069336,22.4250221252441,17.7892894744873
24060050,Pluviométrica,Convencional,Santander,Los Santos,6.7592,-73.0928,1460,11/15/1973,,Andes,Magdalena Cauca,Sogamoso,Río Sogamoso,2.7309091091156,3.4872727394104,4,4,0.601449251174927,0.829710125923157,1,1,1.03999996185303,2023,05,25,0,0,0,0,9.58432769775391,2023-05-01,0,3.60042548179626,0
24060050,Pluviométrica,Convencional,Santander,Los Santos,6.7592,-73.0928,1460,11/15/1973,,Andes,Magdalena Cauca,Sogamoso,Río Sogamoso,2.7309091091156,3.4872727394104,4,4,0.601449251174927,0.829710125923157,1,1,1.03999996185303,2023,05,26,0,0,0,0,27.771240234375,2023-05-01,18.1971416473389,13.7176055908203,8.99533176422119
24060050,Pluviométrica,Convencional,Santander,Los Santos,6.7592,-73.0928,1460,11/15/1973,,Andes,Magdalena Cauca,Sogamoso,Río Sogamoso,2.7309091091156,3.4872727394104,4,4,0.601449251174927,0.829710125923157,1,1,1.03999996185303,2023,05,27,23.2,23.2,24.1279991149902,0,57.1747589111328,2023-05-01,54.7951698303223,43.2243156433105,37.0623207092285
24060050,Pluviométrica,Convencional,Santander,Los Santos,6.7592,-73.0928,1460,11/15/1973,,Andes,Magdalena Cauca,Sogamoso,Río Sogamoso,2.7309091091156,3.4872727394104,4,4,0.601449251174927,0.829710125923157,1,1,1.03999996185303,2023,05,28,19.6,19.6,20.3839992523193,0,31.4434032440186,2023-05-01,23.8604946136475,19.1188716888428,13.8275585174561
24060050,Pluviométrica,Convencional,Santander,Los Santos,6.7592,-73.0928,1460,11/15/1973,,Andes,Magdalena Cauca,Sogamoso,Río Sogamoso,2.7309091091156,3.4872727394104,4,4,0.601449251174927,0.829710125923157,1,1,1.03999996185303,2023,05,29,48.5,48.5,50.4399981498718,0,34.0735206604004,2023-05-01,23.3240737915039,36.5885429382324,26.0423641204834
24060050,Pluviométrica,Convencional,Santander,Los Santos,6.7592,-73.0928,1460,11/15/1973,,Andes,Magdalena Cauca,Sogamoso,Río Sogamoso,2.7309091091156,3.4872727394104,4,4,0.601449251174927,0.829710125923157,1,1,1.03999996185303,2023,05,30,63.6,63.6,66.1439975738526,0,31.6409587860107,2023-05-01,12.6962757110596,37.7781143188477,28.3176212310791
24060050,Pluviométrica,Convencional,Santander,Los Santos,6.7592,-73.0928,1460,11/15/1973,,Andes,Magdalena Cauca,Sogamoso,Río Sogamoso,2.7309091091156,3.4872727394104,4,4,0.601449251174927,0.829710125923157,1,1,1.04999995231628,2023,06,31,33,33,34.6499984264374,0,38.3405418395996,2023-06-01,39.1864776611328,29.2732467651367,33.2116355895996
24060050,Pluviométrica,Convencional,Santander,Los Santos,6.7592,-73.0928,1460,11/15/1973,,Andes,Magdalena Cauca,Sogamoso,Río Sogamoso,2.7309091091156,3.4872727394104,4,4,0.601449251174927,0.829710125923157,1,1,1.04999995231628,2023,06,32,12.6,12.6,13.2299993991852,0,16.2758255004883,2023-06-01,2.99689960479736,18.1325664520264,8.47211360931397
24060050,Pluviométrica,Convencional,Santander,Los Santos,6.7592,-73.0928,1460,11/15/1973,,Andes,Magdalena Cauca,Sogamoso,Río Sogamoso,2.7309091091156,3.4872727394104,4,4,0.601449251174927,0.829710125923157,1,1,1.04999995231628,2023,06,33,0,0,0,0,19.9887619018555,2023-06-01,10.0522060394287,12.7114820480347,10.4363203048706
24060050,Pluviométrica,Convencional,Santander,Los Santos,6.7592,-73.0928,1460,11/15/1973,,Andes,Magdalena Cauca,Sogamoso,Río Sogamoso,2.7309091091156,3.4872727394104,4,4,0.601449251174927,0.829710125923157,1,1,1.04999995231628,2023,06,34,4.5,4.5,4.72499978542328,0,12.5842905044556,2023-06-01,0,10.6747236251831,0
24060050,Pluviométrica,Convencional,Santander,Los Santos,6.7592,-73.0928,1460,11/15/1973,,Andes,Magdalena Cauca,Sogamoso,Río Sogamoso,2.7309091091156,3.4872727394104,4,4,0.601449251174927,0.829710125923157,1,1,1.04999995231628,2023,06,35,14,14,14.699999332428,0,22.0925445556641,2023-06-01,16.2925720214844,28.1566295623779,27.4512538909912
24060050,Pluviométrica,Convencional,Santander,Los Santos,6.7592,-73.0928,1460,11/15/1973,,Andes,Magdalena Cauca,Sogamoso,Río Sogamoso,2.7309091091156,3.4872727394104,4,4,0.601449251174927,0.829710125923157,1,1,1.04999995231628,2023,06,36,9.7,9.7,10.184999537468,0,20.913215637207,2023-06-01,16.1828384399414,14.362886428833,18.127161026001
24060050,Pluviométrica,Convencional,Santander,Los Santos,6.7592,-73.0928,1460,11/15/1973,,Andes,Magdalena Cauca,Sogamoso,Río Sogamoso,2.7309091091156,3.4872727394104,4,4,0.601449251174927,0.829710125923157,1,1,1.04999995231628,2023,07,37,0,0,0,0,28.2884693145752,2023-07-01,34.3442039489746,17.4729118347168,20.5958709716797
24060050,Pluviométrica,Convencional,Santander,Los Santos,6.7592,-73.0928,1460,11/15/1973,,Andes,Magdalena Cauca,Sogamoso,Río Sogamoso,2.7309091091156,3.4872727394104,4,4,0.601449251174927,0.829710125923157,1,1,1.04999995231628,2023,07,38,11.3,11.3,11.864999461174,0,11.4995470046997,2023-07-01,1.14253175258636,5.49421739578247,1.38276505470276
24060050,Pluviométrica,Convencional,Santander,Los Santos,6.7592,-73.0928,1460,11/15/1973,,Andes,Magdalena Cauca,Sogamoso,Río Sogamoso,2.7309091091156,3.4872727394104,4,4,0.601449251174927,0.829710125923157,1,1,1.04999995231628,2023,07,39,0,0,0,0,13.2678890228271,2023-07-01,6.17261505126953,9.0391960144043,11.1241855621338
24060050,Pluviométrica,Convencional,Santander,Los Santos,6.7592,-73.0928,1460,11/15/1973,,Andes,Magdalena Cauca,Sogamoso,Río Sogamoso,2.7309091091156,3.4872727394104,4,4,0.601449251174927,0.829710125923157,1,1,1.04999995231628,2023,07,40,10.5,10.5,11.024999499321,0,12.0674476623535,2023-07-01,4.12510395050049,4.63057470321655,2.25836229324341
24060050,Pluviométrica,Convencional,Santander,Los Santos,6.7592,-73.0928,1460,11/15/1973,,Andes,Magdalena Cauca,Sogamoso,Río Sogamoso,2.7309091091156,3.4872727394104,4,4,0.601449251174927,0.829710125923157,1,1,1.04999995231628,2023,07,41,0,0,0,0,20.7372875213623,2023-07-01,22.7168846130371,13.1162481307983,16.186408996582
24060050,Pluviométrica,Convencional,Santander,Los Santos,6.7592,-73.0928,1460,11/15/1973,,Andes,Magdalena Cauca,Sogamoso,Río Sogamoso,2.7309091091156,3.4872727394104,4,4,0.601449251174927,0.829710125923157,1,1,1.04999995231628,2023,07,42,16.7,16.7,17.5349992036819,0,40.0999221801758,2023-07-01,43.9343795776367,33.1279296875,36.803352355957
24060050,Pluviométrica,Convencional,Santander,Los Santos,6.7592,-73.0928,1460,11/15/1973,,Andes,Magdalena Cauca,Sogamoso,Río Sogamoso,2.7309091091156,3.4872727394104,4,4,0.601449251174927,0.829710125923157,1,1,1.04999995231628,2023,08,43,17,17,17.8499991893768,0,22.1245307922363,2023-08-01,12.2625970840454,15.3246850967407,16.5356674194336
24060050,Pluviométrica,Convencional,Santander,Los Santos,6.7592,-73.0928,1460,11/15/1973,,Andes,Magdalena Cauca,Sogamoso,Río Sogamoso,2.7309091091156,3.4872727394104,4,4,0.601449251174927,0.829710125923157,1,1,1.04999995231628,2023,08,44,15.2,15.2,15.9599992752075,0,21.4245281219482,2023-08-01,6.18967247009277,21.7542629241943,9.54555797576904
24060050,Pluviométrica,Convencional,Santander,Los Santos,6.7592,-73.0928,1460,11/15/1973,,Andes,Magdalena Cauca,Sogamoso,Río Sogamoso,2.7309091091156,3.4872727394104,4,4,0.601449251174927,0.829710125923157,1,1,1.04999995231628,2023,08,45,10.2,10.2,10.7099995136261,0,20.7540855407715,2023-08-01,4.4973258972168,10.7359828948975,3.12319350242615
24060050,Pluviométrica,Convencional,Santander,Los Santos,6.7592,-73.0928,1460,11/15/1973,,Andes,Magdalena Cauca,Sogamoso,Río Sogamoso,2.7309091091156,3.4872727394104,4,4,0.601449251174927,0.829710125923157,1,1,1.04999995231628,2023,08,46,6.3,6.3,6.61499969959259,0,26.2191276550293,2023-08-01,16.6802978515625,21.1978378295898,15.9296360015869
24060050,Pluviométrica,Convencional,Santander,Los Santos,6.7592,-73.0928,1460,11/15/1973,,Andes,Magdalena Cauca,Sogamoso,Río Sogamoso,2.7309091091156,3.4872727394104,4,4,0.601449251174927,0.829710125923157,1,1,1.04999995231628,2023,08,47,0,0,0,0,23.2693557739258,2023-08-01,11.7432432174683,41.0748176574707,29.0854015350342
24060050,Pluviométrica,Convencional,Santander,Los Santos,6.7592,-73.0928,1460,11/15/1973,,Andes,Magdalena Cauca,Sogamoso,Río Sogamoso,2.7309091091156,3.4872727394104,4,4,0.601449251174927,0.829710125923157,1,1,1.04999995231628,2023,08,48,0,0,0,0,25.4600849151611,2023-08-01,8.01697254180908,10.5982255935669,5.51356410980225
24060050,Pluviométrica,Convencional,Santander,Los Santos,6.7592,-73.0928,1460,11/15/1973,,Andes,Magdalena Cauca,Sogamoso,Río Sogamoso,2.7309091091156,3.4872727394104,4,4,0.601449251174927,0.829710125923157,1,1,1.04999995231628,2023,09,49,6.2,6.2,6.50999970436096,0,23.4725589752197,2023-09-01,18.6575527191162,11.5407915115356,8.09932994842529
24060050,Pluviométrica,Convencional,Santander,Los Santos,6.7592,-73.0928,1460,11/15/1973,,Andes,Magdalena Cauca,Sogamoso,Río Sogamoso,2.7309091091156,3.4872727394104,4,4,0.601449251174927,0.829710125923157,1,1,1.04999995231628,2023,09,50,0,0,0,0,11.8307476043701,2023-09-01,4.53936958312988,7.74963665008545,4.37124252319336
24060050,Pluviométrica,Convencional,Santander,Los Santos,6.7592,-73.0928,1460,11/15/1973,,Andes,Magdalena Cauca,Sogamoso,Río Sogamoso,2.7309091091156,3.4872727394104,4,4,0.601449251174927,0.829710125923157,1,1,1.04999995231628,2023,09,51,11.2,11.2,11.7599994659424,0,15.7358684539795,2023-09-01,9.29360866546631,14.9834260940552,15.1403656005859
24060050,Pluviométrica,Convencional,Santander,Los Santos,6.7592,-73.0928,1460,11/15/1973,,Andes,Magdalena Cauca,Sogamoso,Río Sogamoso,2.7309091091156,3.4872727394104,4,4,0.601449251174927,0.829710125923157,1,1,1.04999995231628,2023,09,52,0,0,0,0,7.77664947509766,2023-09-01,0.0626534968614578,4.55489158630371,0.0924364626407623
24060050,Pluviométrica,Convencional,Santander,Los Santos,6.7592,-73.0928,1460,11/15/1973,,Andes,Magdalena Cauca,Sogamoso,Río Sogamoso,2.7309091091156,3.4872727394104,4,4,0.601449251174927,0.829710125923157,1,1,1.04999995231628,2023,09,53,0,0,0,0,19.3655223846436,2023-09-01,16.036304473877,7.72909879684448,5.55081224441528
24060050,Pluviométrica,Convencional,Santander,Los Santos,6.7592,-73.0928,1460,11/15/1973,,Andes,Magdalena Cauca,Sogamoso,Río Sogamoso,2.7309091091156,3.4872727394104,4,4,0.601449251174927,0.829710125923157,1,1,1.04999995231628,2023,09,54,0,0,0,0,19.8701477050781,2023-09-01,16.1746883392334,16.1785354614258,14.0391578674316
24060050,Pluviométrica,Convencional,Santander,Los Santos,6.7592,-73.0928,1460,11/15/1973,,Andes,Magdalena Cauca,Sogamoso,Río Sogamoso,2.7309091091156,3.4872727394104,4,4,0.601449251174927,0.829710125923157,1,1,1.03999996185303,2023,10,55,7.2,7.2,7.4879997253418,0,36.537036895752,2023-10-01,27.4789295196533,31.9738349914551,26.046501159668
24060050,Pluviométrica,Convencional,Santander,Los Santos,6.7592,-73.0928,1460,11/15/1973,,Andes,Magdalena Cauca,Sogamoso,Río Sogamoso,2.7309091091156,3.4872727394104,4,4,0.601449251174927,0.829710125923157,1,1,1.03999996185303,2023,10,56,19.2,19.2,19.9679992675781,0,35.0332221984863,2023-10-01,21.771541595459,33.097110748291,21.6346588134766
24060050,Pluviométrica,Convencional,Santander,Los Santos,6.7592,-73.0928,1460,11/15/1973,,Andes,Magdalena Cauca,Sogamoso,Río Sogamoso,2.7309091091156,3.4872727394104,4,4,0.601449251174927,0.829710125923157,1,1,1.03999996185303,2023,10,57,0,0,0,0,18.811071395874,2023-10-01,2.13438773155212,15.0648765563965,3.62951040267944
24060050,Pluviométrica,Convencional,Santander,Los Santos,6.7592,-73.0928,1460,11/15/1973,,Andes,Magdalena Cauca,Sogamoso,Río Sogamoso,2.7309091091156,3.4872727394104,4,4,0.601449251174927,0.829710125923157,1,1,1.03999996185303,2023,10,58,8.2,8.2,8.52799968719483,0,37.7946548461914,2023-10-01,33.2693824768066,25.2869911193848,23.051383972168
24060050,Pluviométrica,Convencional,Santander,Los Santos,6.7592,-73.0928,1460,11/15/1973,,Andes,Magdalena Cauca,Sogamoso,Río Sogamoso,2.7309091091156,3.4872727394104,4,4,0.601449251174927,0.829710125923157,1,1,1.03999996185303,2023,10,59,16.2,16.2,16.847999382019,0,21.1790351867676,2023-10-01,6.90009832382202,23.970458984375,9.54786014556885
24060050,Pluviométrica,Convencional,Santander,Los Santos,6.7592,-73.0928,1460,11/15/1973,,Andes,Magdalena Cauca,Sogamoso,Río Sogamoso,2.7309091091156,3.4872727394104,4,4,0.601449251174927,0.829710125923157,1,1,1.03999996185303,2023,10,60,4.5,4.5,4.67999982833862,0,64.3776626586914,2023-10-01,46.5266494750977,57.9071044921875,45.062385559082
24060050,Pluviométrica,Convencional,Santander,Los Santos,6.7592,-73.0928,1460,11/15/1973,,Andes,Magdalena Cauca,Sogamoso,Río Sogamoso,2.7309091091156,3.4872727394104,4,4,0.601449251174927,0.829710125923157,1,1,1.03999996185303,2023,11,61,15.2,15.2,15.807999420166,0,19.2708168029785,2023-11-01,7.51234579086304,19.2092933654785,12.4505891799927
24060050,Pluviométrica,Convencional,Santander,Los Santos,6.7592,-73.0928,1460,11/15/1973,,Andes,Magdalena Cauca,Sogamoso,Río Sogamoso,2.7309091091156,3.4872727394104,4,4,0.601449251174927,0.829710125923157,1,1,1.03999996185303,2023,11,62,15,15,15.5999994277954,0,11.7184553146362,2023-11-01,0.343985795974731,9.45546627044678,0.583466351032257
24060050,Pluviométrica,Convencional,Santander,Los Santos,6.7592,-73.0928,1460,11/15/1973,,Andes,Magdalena Cauca,Sogamoso,Río Sogamoso,2.7309091091156,3.4872727394104,4,4,0.601449251174927,0.829710125923157,1,1,1.03999996185303,2023,11,63,0,0,0,0,55.3632965087891,2023-11-01,42.6943588256836,17.1917953491211,14.3884878158569
24060050,Pluviométrica,Convencional,Santander,Los Santos,6.7592,-73.0928,1460,11/15/1973,,Andes,Magdalena Cauca,Sogamoso,Río Sogamoso,2.7309091091156,3.4872727394104,4,4,0.601449251174927,0.829710125923157,1,1,1.03999996185303,2023,11,64,27.5,27.5,28.5999989509583,0,32.2743148803711,2023-11-01,18.4809322357178,26.5930309295654,20.8209686279297
24060050,Pluviométrica,Convencional,Santander,Los Santos,6.7592,-73.0928,1460,11/15/1973,,Andes,Magdalena Cauca,Sogamoso,Río Sogamoso,2.7309091091156,3.4872727394104,4,4,0.601449251174927,0.829710125923157,1,1,1.03999996185303,2023,11,65,0,0,0,0,13.6869039535522,2023-11-01,0.859956860542297,4.3783483505249,0.645444750785828
24060050,Pluviométrica,Convencional,Santander,Los Santos,6.7592,-73.0928,1460,11/15/1973,,Andes,Magdalena Cauca,Sogamoso,Río Sogamoso,2.7309091091156,3.4872727394104,4,4,0.601449251174927,0.829710125923157,1,1,1.03999996185303,2023,11,66,0,0,0,0,10.7318429946899,2023-11-01,0.458773493766785,3.29759192466736,0.283877640962601
24060050,Pluviométrica,Convencional,Santander,Los Santos,6.7592,-73.0928,1460,11/15/1973,,Andes,Magdalena Cauca,Sogamoso,Río Sogamoso,2.7309091091156,3.4872727394104,4,4,0.601449251174927,0.829710125923157,1,1,1.05999994277954,2023,12,67,0,0,0,0,5.47284460067749,2023-12-01,0,2.80540323257446,0
24060050,Pluviométrica,Convencional,Santander,Los Santos,6.7592,-73.0928,1460,11/15/1973,,Andes,Magdalena Cauca,Sogamoso,Río Sogamoso,2.7309091091156,3.4872727394104,4,4,0.601449251174927,0.829710125923157,1,1,1.05999994277954,2023,12,68,0,0,0,0,13.90172290802,2023-12-01,11.4582281112671,5.95070314407349,5.99077939987183
24060050,Pluviométrica,Convencional,Santander,Los Santos,6.7592,-73.0928,1460,11/15/1973,,Andes,Magdalena Cauca,Sogamoso,Río Sogamoso,2.7309091091156,3.4872727394104,4,4,0.601449251174927,0.829710125923157,1,1,1.05999994277954,2023,12,69,0,0,0,0,6.9454836845398,2023-12-01,1.53526771068573,4.18815994262695,1.82588672637939
24060050,Pluviométrica,Convencional,Santander,Los Santos,6.7592,-73.0928,1460,11/15/1973,,Andes,Magdalena Cauca,Sogamoso,Río Sogamoso,2.7309091091156,3.4872727394104,4,4,0.601449251174927,0.829710125923157,1,1,1.05999994277954,2023,12,70,25.3,25.3,26.8179985523224,0,6.50980472564697,2023-12-01,0.0502034425735474,7.94669198989868,0.116795964539051
24060050,Pluviométrica,Convencional,Santander,Los Santos,6.7592,-73.0928,1460,11/15/1973,,Andes,Magdalena Cauca,Sogamoso,Río Sogamoso,2.7309091091156,3.4872727394104,4,4,0.601449251174927,0.829710125923157,1,1,1.05999994277954,2023,12,71,0,0,0,0,7.46564149856567,2023-12-01,3.10763049125671,5.95792055130005,4.32814598083496
24060050,Pluviométrica,Convencional,Santander,Los Santos,6.7592,-73.0928,1460,11/15/1973,,Andes,Magdalena Cauca,Sogamoso,Río Sogamoso,2.7309091091156,3.4872727394104,4,4,0.601449251174927,0.829710125923157,1,1,1.05999994277954,2023,12,72,0,0,0,0,18.1398639678955,2023-12-01,12.0599737167358,9.49058723449707,8.04615020751953
