gauge_code,category,tecnology,state,municipality,latitude,longitude,elevation,instalation_date,suspention_date,nat_region,hidrographic_area,hidrographic_zone,hidrographic_subzone,mean_gauges_v2,mean_gauges_v3,max_gauges_v2,max_gauges_v3,mean_gauges_v2_005,mean_gauges_v3_005,max_gauges_v2_005,max_gauges_v3_005,factor,year,month,pentad_id,pcp_ideam,pcp_ideam_flag,pcp_ideam_flag_scale,na_count_ideam,chirpv2,date,chirpv3,chirpsv2,chirpsv3
25025030,Meteorológica Especial,Automática con Telemetría,Córdoba,Ayapel,8.2951,-75.1646,20,12/11/2014,,Caribe,Magdalena Cauca,Bajo Magdalena- Cauca -San Jorge,Bajo San Jorge - La Mojana,1.23272728919983,1.47272729873657,2,2,0.659420311450958,0.66304349899292,1,1,1.08000004291534,2001,01,1,0,0,0,0,1.75986647605896,2001-01-01,0,0.858040511608124,0
25025030,Meteorológica Especial,Automática con Telemetría,Córdoba,Ayapel,8.2951,-75.1646,20,12/11/2014,,Caribe,Magdalena Cauca,Bajo Magdalena- Cauca -San Jorge,Bajo San Jorge - La Mojana,1.23272728919983,1.47272729873657,2,2,0.659420311450958,0.66304349899292,1,1,1.08000004291534,2001,01,2,0,0,0,0,4.09099912643433,2001-01-01,1.013054728508,2.58177256584168,1.56502509117126
25025030,Meteorológica Especial,Automática con Telemetría,Córdoba,Ayapel,8.2951,-75.1646,20,12/11/2014,,Caribe,Magdalena Cauca,Bajo Magdalena- Cauca -San Jorge,Bajo San Jorge - La Mojana,1.23272728919983,1.47272729873657,2,2,0.659420311450958,0.66304349899292,1,1,1.08000004291534,2001,01,3,0,0,0,0,1.51010096073151,2001-01-01,0,0.885312020778656,0
25025030,Meteorológica Especial,Automática con Telemetría,Córdoba,Ayapel,8.2951,-75.1646,20,12/11/2014,,Caribe,Magdalena Cauca,Bajo Magdalena- Cauca -San Jorge,Bajo San Jorge - La Mojana,1.23272728919983,1.47272729873657,2,2,0.659420311450958,0.66304349899292,1,1,1.08000004291534,2001,01,4,0,0,0,0,14.8441019058228,2001-01-01,19.164026260376,4.88473224639893,9.41465950012207
25025030,Meteorológica Especial,Automática con Telemetría,Córdoba,Ayapel,8.2951,-75.1646,20,12/11/2014,,Caribe,Magdalena Cauca,Bajo Magdalena- Cauca -San Jorge,Bajo San Jorge - La Mojana,1.23272728919983,1.47272729873657,2,2,0.659420311450958,0.66304349899292,1,1,1.08000004291534,2001,01,5,0,0,0,0,1.41628217697144,2001-01-01,0,0.753726422786713,0
25025030,Meteorológica Especial,Automática con Telemetría,Córdoba,Ayapel,8.2951,-75.1646,20,12/11/2014,,Caribe,Magdalena Cauca,Bajo Magdalena- Cauca -San Jorge,Bajo San Jorge - La Mojana,1.23272728919983,1.47272729873657,2,2,0.659420311450958,0.66304349899292,1,1,1.08000004291534,2001,01,6,0,0,0,0,2.98064732551575,2001-01-01,0,1.51452600955963,0
25025030,Meteorológica Especial,Automática con Telemetría,Córdoba,Ayapel,8.2951,-75.1646,20,12/11/2014,,Caribe,Magdalena Cauca,Bajo Magdalena- Cauca -San Jorge,Bajo San Jorge - La Mojana,1.23272728919983,1.47272729873657,2,2,0.659420311450958,0.66304349899292,1,1,1.11000001430511,2001,02,7,0,0,0,0,1.82033491134644,2001-02-01,0.206891357898712,0.963374078273773,0.195469722151756
25025030,Meteorológica Especial,Automática con Telemetría,Córdoba,Ayapel,8.2951,-75.1646,20,12/11/2014,,Caribe,Magdalena Cauca,Bajo Magdalena- Cauca -San Jorge,Bajo San Jorge - La Mojana,1.23272728919983,1.47272729873657,2,2,0.659420311450958,0.66304349899292,1,1,1.11000001430511,2001,02,8,0,0,0,0,4.58947896957398,2001-02-01,5.26934480667114,2.08209562301636,2.99406385421753
25025030,Meteorológica Especial,Automática con Telemetría,Córdoba,Ayapel,8.2951,-75.1646,20,12/11/2014,,Caribe,Magdalena Cauca,Bajo Magdalena- Cauca -San Jorge,Bajo San Jorge - La Mojana,1.23272728919983,1.47272729873657,2,2,0.659420311450958,0.66304349899292,1,1,1.11000001430511,2001,02,9,0,0,0,0,1.77907001972198,2001-02-01,1.03784084320068,0.93182772397995,0.757714748382568
25025030,Meteorológica Especial,Automática con Telemetría,Córdoba,Ayapel,8.2951,-75.1646,20,12/11/2014,,Caribe,Magdalena Cauca,Bajo Magdalena- Cauca -San Jorge,Bajo San Jorge - La Mojana,1.23272728919983,1.47272729873657,2,2,0.659420311450958,0.66304349899292,1,1,1.11000001430511,2001,02,10,0,0,0,0,1.77141332626343,2001-02-01,1.249680519104,0.954537928104401,0.892064034938812
25025030,Meteorológica Especial,Automática con Telemetría,Córdoba,Ayapel,8.2951,-75.1646,20,12/11/2014,,Caribe,Magdalena Cauca,Bajo Magdalena- Cauca -San Jorge,Bajo San Jorge - La Mojana,1.23272728919983,1.47272729873657,2,2,0.659420311450958,0.66304349899292,1,1,1.11000001430511,2001,02,11,0.3,0.3,0.333000004291534,0,1.76139271259308,2001-02-01,0.214416339993477,1.04554963111877,0.208267539739609
25025030,Meteorológica Especial,Automática con Telemetría,Córdoba,Ayapel,8.2951,-75.1646,20,12/11/2014,,Caribe,Magdalena Cauca,Bajo Magdalena- Cauca -San Jorge,Bajo San Jorge - La Mojana,1.23272728919983,1.47272729873657,2,2,0.659420311450958,0.66304349899292,1,1,1.11000001430511,2001,02,12,0,0,0,0,1.04386961460114,2001-02-01,0,0.667297899723053,0
25025030,Meteorológica Especial,Automática con Telemetría,Córdoba,Ayapel,8.2951,-75.1646,20,12/11/2014,,Caribe,Magdalena Cauca,Bajo Magdalena- Cauca -San Jorge,Bajo San Jorge - La Mojana,1.23272728919983,1.47272729873657,2,2,0.659420311450958,0.66304349899292,1,1,1.10000002384186,2001,03,13,3.2,3.2,3.52000007629395,0,2.48476123809814,2001-03-01,0,3.34624457359314,0
25025030,Meteorológica Especial,Automática con Telemetría,Córdoba,Ayapel,8.2951,-75.1646,20,12/11/2014,,Caribe,Magdalena Cauca,Bajo Magdalena- Cauca -San Jorge,Bajo San Jorge - La Mojana,1.23272728919983,1.47272729873657,2,2,0.659420311450958,0.66304349899292,1,1,1.10000002384186,2001,03,14,9.8,9.8,10.7800002336502,0,2.15907073020935,2001-03-01,0,4.83009624481201,0
25025030,Meteorológica Especial,Automática con Telemetría,Córdoba,Ayapel,8.2951,-75.1646,20,12/11/2014,,Caribe,Magdalena Cauca,Bajo Magdalena- Cauca -San Jorge,Bajo San Jorge - La Mojana,1.23272728919983,1.47272729873657,2,2,0.659420311450958,0.66304349899292,1,1,1.10000002384186,2001,03,15,0,0,0,0,4.24420261383057,2001-03-01,0,3.27248907089233,0
25025030,Meteorológica Especial,Automática con Telemetría,Córdoba,Ayapel,8.2951,-75.1646,20,12/11/2014,,Caribe,Magdalena Cauca,Bajo Magdalena- Cauca -San Jorge,Bajo San Jorge - La Mojana,1.23272728919983,1.47272729873657,2,2,0.659420311450958,0.66304349899292,1,1,1.10000002384186,2001,03,16,8,8,8.80000019073486,0,5.51552295684815,2001-03-01,3.92105031013489,7.13295030593872,10.1241121292114
25025030,Meteorológica Especial,Automática con Telemetría,Córdoba,Ayapel,8.2951,-75.1646,20,12/11/2014,,Caribe,Magdalena Cauca,Bajo Magdalena- Cauca -San Jorge,Bajo San Jorge - La Mojana,1.23272728919983,1.47272729873657,2,2,0.659420311450958,0.66304349899292,1,1,1.10000002384186,2001,03,17,0,0,0,0,1.65181958675385,2001-03-01,0,2.71208024024963,0
25025030,Meteorológica Especial,Automática con Telemetría,Córdoba,Ayapel,8.2951,-75.1646,20,12/11/2014,,Caribe,Magdalena Cauca,Bajo Magdalena- Cauca -San Jorge,Bajo San Jorge - La Mojana,1.23272728919983,1.47272729873657,2,2,0.659420311450958,0.66304349899292,1,1,1.10000002384186,2001,03,18,28.4,28.4,31.2400006771088,0,22.0477123260498,2001-03-01,22.438606262207,30.5650196075439,39.1179924011231
25025030,Meteorológica Especial,Automática con Telemetría,Córdoba,Ayapel,8.2951,-75.1646,20,12/11/2014,,Caribe,Magdalena Cauca,Bajo Magdalena- Cauca -San Jorge,Bajo San Jorge - La Mojana,1.23272728919983,1.47272729873657,2,2,0.659420311450958,0.66304349899292,1,1,1.05999994277954,2001,04,19,0,0,0,0,1.33416974544525,2001-04-01,0,0.865871429443359,0
25025030,Meteorológica Especial,Automática con Telemetría,Córdoba,Ayapel,8.2951,-75.1646,20,12/11/2014,,Caribe,Magdalena Cauca,Bajo Magdalena- Cauca -San Jorge,Bajo San Jorge - La Mojana,1.23272728919983,1.47272729873657,2,2,0.659420311450958,0.66304349899292,1,1,1.05999994277954,2001,04,20,0,0,0,0,23.4508743286133,2001-04-01,24.6821384429932,9.99524974822998,10.3058128356934
25025030,Meteorológica Especial,Automática con Telemetría,Córdoba,Ayapel,8.2951,-75.1646,20,12/11/2014,,Caribe,Magdalena Cauca,Bajo Magdalena- Cauca -San Jorge,Bajo San Jorge - La Mojana,1.23272728919983,1.47272729873657,2,2,0.659420311450958,0.66304349899292,1,1,1.05999994277954,2001,04,21,12.5,12.5,13.2499992847443,0,40.0834159851074,2001-04-01,42.0132560729981,21.520357131958,23.563512802124
25025030,Meteorológica Especial,Automática con Telemetría,Córdoba,Ayapel,8.2951,-75.1646,20,12/11/2014,,Caribe,Magdalena Cauca,Bajo Magdalena- Cauca -San Jorge,Bajo San Jorge - La Mojana,1.23272728919983,1.47272729873657,2,2,0.659420311450958,0.66304349899292,1,1,1.05999994277954,2001,04,22,2.4,2.4,2.5439998626709,0,35.6429061889648,2001-04-01,40.2493362426758,27.1939926147461,31.5138530731201
25025030,Meteorológica Especial,Automática con Telemetría,Córdoba,Ayapel,8.2951,-75.1646,20,12/11/2014,,Caribe,Magdalena Cauca,Bajo Magdalena- Cauca -San Jorge,Bajo San Jorge - La Mojana,1.23272728919983,1.47272729873657,2,2,0.659420311450958,0.66304349899292,1,1,1.05999994277954,2001,04,23,0,0,0,0,1.18941271305084,2001-04-01,0,0.967388272285461,0
25025030,Meteorológica Especial,Automática con Telemetría,Córdoba,Ayapel,8.2951,-75.1646,20,12/11/2014,,Caribe,Magdalena Cauca,Bajo Magdalena- Cauca -San Jorge,Bajo San Jorge - La Mojana,1.23272728919983,1.47272729873657,2,2,0.659420311450958,0.66304349899292,1,1,1.05999994277954,2001,04,24,23.3,23.3,24.6979986667633,0,52.419979095459,2001-04-01,53.6599426269531,28.8788986206055,30.4360160827637
25025030,Meteorológica Especial,Automática con Telemetría,Córdoba,Ayapel,8.2951,-75.1646,20,12/11/2014,,Caribe,Magdalena Cauca,Bajo Magdalena- Cauca -San Jorge,Bajo San Jorge - La Mojana,1.23272728919983,1.47272729873657,2,2,0.659420311450958,0.66304349899292,1,1,1.04999995231628,2001,05,25,0,0,0,0,23.5087547302246,2001-05-01,19.7839584350586,10.2115087509155,9.25670623779297
25025030,Meteorológica Especial,Automática con Telemetría,Córdoba,Ayapel,8.2951,-75.1646,20,12/11/2014,,Caribe,Magdalena Cauca,Bajo Magdalena- Cauca -San Jorge,Bajo San Jorge - La Mojana,1.23272728919983,1.47272729873657,2,2,0.659420311450958,0.66304349899292,1,1,1.04999995231628,2001,05,26,101.6,1.2,1.25999994277954,1,61.0121765136719,2001-05-01,56.1107521057129,77.0253982543945,72.8168182373047
25025030,Meteorológica Especial,Automática con Telemetría,Córdoba,Ayapel,8.2951,-75.1646,20,12/11/2014,,Caribe,Magdalena Cauca,Bajo Magdalena- Cauca -San Jorge,Bajo San Jorge - La Mojana,1.23272728919983,1.47272729873657,2,2,0.659420311450958,0.66304349899292,1,1,1.04999995231628,2001,05,27,32,32,33.5999984741211,0,39.4446144104004,2001-05-01,34.1905937194824,37.7254142761231,37.027530670166
25025030,Meteorológica Especial,Automática con Telemetría,Córdoba,Ayapel,8.2951,-75.1646,20,12/11/2014,,Caribe,Magdalena Cauca,Bajo Magdalena- Cauca -San Jorge,Bajo San Jorge - La Mojana,1.23272728919983,1.47272729873657,2,2,0.659420311450958,0.66304349899292,1,1,1.04999995231628,2001,05,28,27.8,27.8,29.1899986743927,0,44.1885795593262,2001-05-01,39.8255577087402,43.3523139953613,44.6831283569336
25025030,Meteorológica Especial,Automática con Telemetría,Córdoba,Ayapel,8.2951,-75.1646,20,12/11/2014,,Caribe,Magdalena Cauca,Bajo Magdalena- Cauca -San Jorge,Bajo San Jorge - La Mojana,1.23272728919983,1.47272729873657,2,2,0.659420311450958,0.66304349899292,1,1,1.04999995231628,2001,05,29,1.3,1.3,1.36499993801117,0,50.6659240722656,2001-05-01,49.3299331665039,29.5705490112305,30.559720993042
25025030,Meteorológica Especial,Automática con Telemetría,Córdoba,Ayapel,8.2951,-75.1646,20,12/11/2014,,Caribe,Magdalena Cauca,Bajo Magdalena- Cauca -San Jorge,Bajo San Jorge - La Mojana,1.23272728919983,1.47272729873657,2,2,0.659420311450958,0.66304349899292,1,1,1.04999995231628,2001,05,30,22.9,22.9,24.0449989080429,0,75.7360458374023,2001-05-01,66.5516891479492,62.1449775695801,63.0085868835449
25025030,Meteorológica Especial,Automática con Telemetría,Córdoba,Ayapel,8.2951,-75.1646,20,12/11/2014,,Caribe,Magdalena Cauca,Bajo Magdalena- Cauca -San Jorge,Bajo San Jorge - La Mojana,1.23272728919983,1.47272729873657,2,2,0.659420311450958,0.66304349899292,1,1,1.04999995231628,2001,06,31,62.5,62.5,65.6249970197678,0,43.0814476013184,2001-06-01,46.2963943481445,36.1310844421387,38.3708534240723
25025030,Meteorológica Especial,Automática con Telemetría,Córdoba,Ayapel,8.2951,-75.1646,20,12/11/2014,,Caribe,Magdalena Cauca,Bajo Magdalena- Cauca -San Jorge,Bajo San Jorge - La Mojana,1.23272728919983,1.47272729873657,2,2,0.659420311450958,0.66304349899292,1,1,1.04999995231628,2001,06,32,41.4,41.4,43.4699980258942,0,40.7431640625,2001-06-01,44.5099830627441,38.1289978027344,41.0520286560059
25025030,Meteorológica Especial,Automática con Telemetría,Córdoba,Ayapel,8.2951,-75.1646,20,12/11/2014,,Caribe,Magdalena Cauca,Bajo Magdalena- Cauca -San Jorge,Bajo San Jorge - La Mojana,1.23272728919983,1.47272729873657,2,2,0.659420311450958,0.66304349899292,1,1,1.04999995231628,2001,06,33,22.4,22.4,23.5199989318848,0,40.3825073242188,2001-06-01,44.978443145752,40.0901756286621,45.7233619689941
25025030,Meteorológica Especial,Automática con Telemetría,Córdoba,Ayapel,8.2951,-75.1646,20,12/11/2014,,Caribe,Magdalena Cauca,Bajo Magdalena- Cauca -San Jorge,Bajo San Jorge - La Mojana,1.23272728919983,1.47272729873657,2,2,0.659420311450958,0.66304349899292,1,1,1.04999995231628,2001,06,34,22,22,23.0999989509583,0,37.7404594421387,2001-06-01,46.4604949951172,34.5768013000488,39.4741859436035
25025030,Meteorológica Especial,Automática con Telemetría,Córdoba,Ayapel,8.2951,-75.1646,20,12/11/2014,,Caribe,Magdalena Cauca,Bajo Magdalena- Cauca -San Jorge,Bajo San Jorge - La Mojana,1.23272728919983,1.47272729873657,2,2,0.659420311450958,0.66304349899292,1,1,1.04999995231628,2001,06,35,87.3,87.3,91.6649958372116,0,48.3175315856934,2001-06-01,64.0311431884766,54.0520057678223,60.2865257263184
25025030,Meteorológica Especial,Automática con Telemetría,Córdoba,Ayapel,8.2951,-75.1646,20,12/11/2014,,Caribe,Magdalena Cauca,Bajo Magdalena- Cauca -San Jorge,Bajo San Jorge - La Mojana,1.23272728919983,1.47272729873657,2,2,0.659420311450958,0.66304349899292,1,1,1.04999995231628,2001,06,36,53.2,53.2,55.8599974632263,0,23.9461650848389,2001-06-01,32.5197105407715,33.2172660827637,42.6311721801758
25025030,Meteorológica Especial,Automática con Telemetría,Córdoba,Ayapel,8.2951,-75.1646,20,12/11/2014,,Caribe,Magdalena Cauca,Bajo Magdalena- Cauca -San Jorge,Bajo San Jorge - La Mojana,1.23272728919983,1.47272729873657,2,2,0.659420311450958,0.66304349899292,1,1,1.04999995231628,2001,07,37,28.4,28.4,29.8199986457825,0,28.624906539917,2001-07-01,30.1081638336182,21.203405380249,22.6309661865234
25025030,Meteorológica Especial,Automática con Telemetría,Córdoba,Ayapel,8.2951,-75.1646,20,12/11/2014,,Caribe,Magdalena Cauca,Bajo Magdalena- Cauca -San Jorge,Bajo San Jorge - La Mojana,1.23272728919983,1.47272729873657,2,2,0.659420311450958,0.66304349899292,1,1,1.04999995231628,2001,07,38,26.8,26.8,28.1399987220764,0,52.0814323425293,2001-07-01,61.7145347595215,50.0094604492188,57.4107170104981
25025030,Meteorológica Especial,Automática con Telemetría,Córdoba,Ayapel,8.2951,-75.1646,20,12/11/2014,,Caribe,Magdalena Cauca,Bajo Magdalena- Cauca -San Jorge,Bajo San Jorge - La Mojana,1.23272728919983,1.47272729873657,2,2,0.659420311450958,0.66304349899292,1,1,1.04999995231628,2001,07,39,42.7,42.7,44.8349979639053,0,56.8982696533203,2001-07-01,69.6502990722656,47.046688079834,54.8914642333984
25025030,Meteorológica Especial,Automática con Telemetría,Córdoba,Ayapel,8.2951,-75.1646,20,12/11/2014,,Caribe,Magdalena Cauca,Bajo Magdalena- Cauca -San Jorge,Bajo San Jorge - La Mojana,1.23272728919983,1.47272729873657,2,2,0.659420311450958,0.66304349899292,1,1,1.04999995231628,2001,07,40,2,2,2.09999990463257,0,35.7590599060059,2001-07-01,43.1340599060059,19.7608699798584,25.7935123443604
25025030,Meteorológica Especial,Automática con Telemetría,Córdoba,Ayapel,8.2951,-75.1646,20,12/11/2014,,Caribe,Magdalena Cauca,Bajo Magdalena- Cauca -San Jorge,Bajo San Jorge - La Mojana,1.23272728919983,1.47272729873657,2,2,0.659420311450958,0.66304349899292,1,1,1.04999995231628,2001,07,41,17.4,17.4,18.2699991703033,0,47.2292594909668,2001-07-01,54.7651329040527,40.3728675842285,45.8530502319336
25025030,Meteorológica Especial,Automática con Telemetría,Córdoba,Ayapel,8.2951,-75.1646,20,12/11/2014,,Caribe,Magdalena Cauca,Bajo Magdalena- Cauca -San Jorge,Bajo San Jorge - La Mojana,1.23272728919983,1.47272729873657,2,2,0.659420311450958,0.66304349899292,1,1,1.04999995231628,2001,07,42,15.8,15.8,16.5899992465973,0,81.7557830810547,2001-07-01,87.2707595825195,64.6924896240234,75.271125793457
25025030,Meteorológica Especial,Automática con Telemetría,Córdoba,Ayapel,8.2951,-75.1646,20,12/11/2014,,Caribe,Magdalena Cauca,Bajo Magdalena- Cauca -San Jorge,Bajo San Jorge - La Mojana,1.23272728919983,1.47272729873657,2,2,0.659420311450958,0.66304349899292,1,1,1.04999995231628,2001,08,43,50.2,50.2,52.7099976062775,0,71.9914398193359,2001-08-01,81.6937713623047,58.0243186950684,67.038688659668
25025030,Meteorológica Especial,Automática con Telemetría,Córdoba,Ayapel,8.2951,-75.1646,20,12/11/2014,,Caribe,Magdalena Cauca,Bajo Magdalena- Cauca -San Jorge,Bajo San Jorge - La Mojana,1.23272728919983,1.47272729873657,2,2,0.659420311450958,0.66304349899292,1,1,1.04999995231628,2001,08,44,2.2,2.2,2.30999989509583,0,41.918830871582,2001-08-01,41.6206779479981,36.632251739502,38.1886520385742
25025030,Meteorológica Especial,Automática con Telemetría,Córdoba,Ayapel,8.2951,-75.1646,20,12/11/2014,,Caribe,Magdalena Cauca,Bajo Magdalena- Cauca -San Jorge,Bajo San Jorge - La Mojana,1.23272728919983,1.47272729873657,2,2,0.659420311450958,0.66304349899292,1,1,1.04999995231628,2001,08,45,0,0,0,0,52.0538330078125,2001-08-01,56.1872978210449,23.6010093688965,28.5931167602539
25025030,Meteorológica Especial,Automática con Telemetría,Córdoba,Ayapel,8.2951,-75.1646,20,12/11/2014,,Caribe,Magdalena Cauca,Bajo Magdalena- Cauca -San Jorge,Bajo San Jorge - La Mojana,1.23272728919983,1.47272729873657,2,2,0.659420311450958,0.66304349899292,1,1,1.04999995231628,2001,08,46,11.4,11.4,11.9699994564056,0,52.7848434448242,2001-08-01,58.5791206359863,24.4385585784912,26.9818630218506
25025030,Meteorológica Especial,Automática con Telemetría,Córdoba,Ayapel,8.2951,-75.1646,20,12/11/2014,,Caribe,Magdalena Cauca,Bajo Magdalena- Cauca -San Jorge,Bajo San Jorge - La Mojana,1.23272728919983,1.47272729873657,2,2,0.659420311450958,0.66304349899292,1,1,1.04999995231628,2001,08,47,122.7,41.9,43.9949980020523,1,76.6434097290039,2001-08-01,85.770133972168,83.9374542236328,92.2713241577148
25025030,Meteorológica Especial,Automática con Telemetría,Córdoba,Ayapel,8.2951,-75.1646,20,12/11/2014,,Caribe,Magdalena Cauca,Bajo Magdalena- Cauca -San Jorge,Bajo San Jorge - La Mojana,1.23272728919983,1.47272729873657,2,2,0.659420311450958,0.66304349899292,1,1,1.04999995231628,2001,08,48,77.6,77.6,81.4799962997437,0,59.3700523376465,2001-08-01,52.9871063232422,63.8368110656738,67.7032928466797
25025030,Meteorológica Especial,Automática con Telemetría,Córdoba,Ayapel,8.2951,-75.1646,20,12/11/2014,,Caribe,Magdalena Cauca,Bajo Magdalena- Cauca -San Jorge,Bajo San Jorge - La Mojana,1.23272728919983,1.47272729873657,2,2,0.659420311450958,0.66304349899292,1,1,1.04999995231628,2001,09,49,155,75,78.7499964237213,1,63.8687438964844,2001-09-01,79.278564453125,89.6308059692383,95.5390014648438
25025030,Meteorológica Especial,Automática con Telemetría,Córdoba,Ayapel,8.2951,-75.1646,20,12/11/2014,,Caribe,Magdalena Cauca,Bajo Magdalena- Cauca -San Jorge,Bajo San Jorge - La Mojana,1.23272728919983,1.47272729873657,2,2,0.659420311450958,0.66304349899292,1,1,1.04999995231628,2001,09,50,39,39,40.9499981403351,0,52.42431640625,2001-09-01,61.6882781982422,29.5947818756104,31.0856990814209
25025030,Meteorológica Especial,Automática con Telemetría,Córdoba,Ayapel,8.2951,-75.1646,20,12/11/2014,,Caribe,Magdalena Cauca,Bajo Magdalena- Cauca -San Jorge,Bajo San Jorge - La Mojana,1.23272728919983,1.47272729873657,2,2,0.659420311450958,0.66304349899292,1,1,1.04999995231628,2001,09,51,37,37,38.8499982357025,0,70.5408630371094,2001-09-01,87.6776428222656,65.8352966308594,76.7680969238281
25025030,Meteorológica Especial,Automática con Telemetría,Córdoba,Ayapel,8.2951,-75.1646,20,12/11/2014,,Caribe,Magdalena Cauca,Bajo Magdalena- Cauca -San Jorge,Bajo San Jorge - La Mojana,1.23272728919983,1.47272729873657,2,2,0.659420311450958,0.66304349899292,1,1,1.04999995231628,2001,09,52,38,38,39.8999981880188,0,48.6883659362793,2001-09-01,53.7874641418457,48.6958351135254,52.8337097167969
25025030,Meteorológica Especial,Automática con Telemetría,Córdoba,Ayapel,8.2951,-75.1646,20,12/11/2014,,Caribe,Magdalena Cauca,Bajo Magdalena- Cauca -San Jorge,Bajo San Jorge - La Mojana,1.23272728919983,1.47272729873657,2,2,0.659420311450958,0.66304349899292,1,1,1.04999995231628,2001,09,53,4,4,4.19999980926514,0,42.0760116577149,2001-09-01,38.7544097900391,27.8322582244873,25.4139881134033
25025030,Meteorológica Especial,Automática con Telemetría,Córdoba,Ayapel,8.2951,-75.1646,20,12/11/2014,,Caribe,Magdalena Cauca,Bajo Magdalena- Cauca -San Jorge,Bajo San Jorge - La Mojana,1.23272728919983,1.47272729873657,2,2,0.659420311450958,0.66304349899292,1,1,1.04999995231628,2001,09,54,45,45,47.2499978542328,0,43.601936340332,2001-09-01,39.5095596313477,64.8185043334961,62.669490814209
25025030,Meteorológica Especial,Automática con Telemetría,Córdoba,Ayapel,8.2951,-75.1646,20,12/11/2014,,Caribe,Magdalena Cauca,Bajo Magdalena- Cauca -San Jorge,Bajo San Jorge - La Mojana,1.23272728919983,1.47272729873657,2,2,0.659420311450958,0.66304349899292,1,1,1.04999995231628,2001,10,55,2,2,2.09999990463257,0,43.0615196228027,2001-10-01,42.645393371582,29.8247718811035,29.9439373016357
25025030,Meteorológica Especial,Automática con Telemetría,Córdoba,Ayapel,8.2951,-75.1646,20,12/11/2014,,Caribe,Magdalena Cauca,Bajo Magdalena- Cauca -San Jorge,Bajo San Jorge - La Mojana,1.23272728919983,1.47272729873657,2,2,0.659420311450958,0.66304349899292,1,1,1.04999995231628,2001,10,56,36,36,37.7999982833862,0,53.1987419128418,2001-10-01,47.1784362792969,65.9567031860352,63.8837661743164
25025030,Meteorológica Especial,Automática con Telemetría,Córdoba,Ayapel,8.2951,-75.1646,20,12/11/2014,,Caribe,Magdalena Cauca,Bajo Magdalena- Cauca -San Jorge,Bajo San Jorge - La Mojana,1.23272728919983,1.47272729873657,2,2,0.659420311450958,0.66304349899292,1,1,1.04999995231628,2001,10,57,28,28,29.399998664856,0,50.3823547363281,2001-10-01,39.5900459289551,44.290657043457,36.8706130981445
25025030,Meteorológica Especial,Automática con Telemetría,Córdoba,Ayapel,8.2951,-75.1646,20,12/11/2014,,Caribe,Magdalena Cauca,Bajo Magdalena- Cauca -San Jorge,Bajo San Jorge - La Mojana,1.23272728919983,1.47272729873657,2,2,0.659420311450958,0.66304349899292,1,1,1.04999995231628,2001,10,58,27,27,28.3499987125397,0,49.8715934753418,2001-10-01,36.3849105834961,41.1101951599121,37.1691818237305
25025030,Meteorológica Especial,Automática con Telemetría,Córdoba,Ayapel,8.2951,-75.1646,20,12/11/2014,,Caribe,Magdalena Cauca,Bajo Magdalena- Cauca -San Jorge,Bajo San Jorge - La Mojana,1.23272728919983,1.47272729873657,2,2,0.659420311450958,0.66304349899292,1,1,1.04999995231628,2001,10,59,6,6,6.29999971389771,0,40.7223930358887,2001-10-01,35.5457534790039,33.0336418151856,32.541431427002
25025030,Meteorológica Especial,Automática con Telemetría,Córdoba,Ayapel,8.2951,-75.1646,20,12/11/2014,,Caribe,Magdalena Cauca,Bajo Magdalena- Cauca -San Jorge,Bajo San Jorge - La Mojana,1.23272728919983,1.47272729873657,2,2,0.659420311450958,0.66304349899292,1,1,1.04999995231628,2001,10,60,13,13,13.6499993801117,0,52.4562568664551,2001-10-01,36.7699203491211,51.8835945129395,47.8017768859863
25025030,Meteorológica Especial,Automática con Telemetría,Córdoba,Ayapel,8.2951,-75.1646,20,12/11/2014,,Caribe,Magdalena Cauca,Bajo Magdalena- Cauca -San Jorge,Bajo San Jorge - La Mojana,1.23272728919983,1.47272729873657,2,2,0.659420311450958,0.66304349899292,1,1,1.04999995231628,2001,11,61,0.2,0.2,0.209999990463257,0,7.31694316864014,2001-11-01,0,7.75422477722168,0
25025030,Meteorológica Especial,Automática con Telemetría,Córdoba,Ayapel,8.2951,-75.1646,20,12/11/2014,,Caribe,Magdalena Cauca,Bajo Magdalena- Cauca -San Jorge,Bajo San Jorge - La Mojana,1.23272728919983,1.47272729873657,2,2,0.659420311450958,0.66304349899292,1,1,1.04999995231628,2001,11,62,60.4,60.4,63.4199971199036,0,58.5484199523926,2001-11-01,47.1461906433106,62.3817939758301,60.828483581543
25025030,Meteorológica Especial,Automática con Telemetría,Córdoba,Ayapel,8.2951,-75.1646,20,12/11/2014,,Caribe,Magdalena Cauca,Bajo Magdalena- Cauca -San Jorge,Bajo San Jorge - La Mojana,1.23272728919983,1.47272729873657,2,2,0.659420311450958,0.66304349899292,1,1,1.04999995231628,2001,11,63,71,71,74.5499966144562,0,84.4881744384766,2001-11-01,76.1921920776367,81.4832305908203,77.1200561523438
25025030,Meteorológica Especial,Automática con Telemetría,Córdoba,Ayapel,8.2951,-75.1646,20,12/11/2014,,Caribe,Magdalena Cauca,Bajo Magdalena- Cauca -San Jorge,Bajo San Jorge - La Mojana,1.23272728919983,1.47272729873657,2,2,0.659420311450958,0.66304349899292,1,1,1.04999995231628,2001,11,64,22.3,22.3,23.4149989366531,0,41.9833068847656,2001-11-01,32.586368560791,40.3757362365723,43.3351516723633
25025030,Meteorológica Especial,Automática con Telemetría,Córdoba,Ayapel,8.2951,-75.1646,20,12/11/2014,,Caribe,Magdalena Cauca,Bajo Magdalena- Cauca -San Jorge,Bajo San Jorge - La Mojana,1.23272728919983,1.47272729873657,2,2,0.659420311450958,0.66304349899292,1,1,1.04999995231628,2001,11,65,16,16,16.7999992370605,0,46.5899200439453,2001-11-01,39.1583061218262,31.0930213928223,28.5255241394043
25025030,Meteorológica Especial,Automática con Telemetría,Córdoba,Ayapel,8.2951,-75.1646,20,12/11/2014,,Caribe,Magdalena Cauca,Bajo Magdalena- Cauca -San Jorge,Bajo San Jorge - La Mojana,1.23272728919983,1.47272729873657,2,2,0.659420311450958,0.66304349899292,1,1,1.04999995231628,2001,11,66,0,0,0,0,7.8826494216919,2001-11-01,1.13812577724457,3.12230753898621,0.78606903553009
25025030,Meteorológica Especial,Automática con Telemetría,Córdoba,Ayapel,8.2951,-75.1646,20,12/11/2014,,Caribe,Magdalena Cauca,Bajo Magdalena- Cauca -San Jorge,Bajo San Jorge - La Mojana,1.23272728919983,1.47272729873657,2,2,0.659420311450958,0.66304349899292,1,1,1.07000005245209,2001,12,67,1,1,1.07000005245209,0,3.53123235702515,2001-12-01,0,3.16273427009583,0
25025030,Meteorológica Especial,Automática con Telemetría,Córdoba,Ayapel,8.2951,-75.1646,20,12/11/2014,,Caribe,Magdalena Cauca,Bajo Magdalena- Cauca -San Jorge,Bajo San Jorge - La Mojana,1.23272728919983,1.47272729873657,2,2,0.659420311450958,0.66304349899292,1,1,1.07000005245209,2001,12,68,0,0,0,0,25.2360286712647,2001-12-01,22.056058883667,9.42149353027344,7.50610637664795
25025030,Meteorológica Especial,Automática con Telemetría,Córdoba,Ayapel,8.2951,-75.1646,20,12/11/2014,,Caribe,Magdalena Cauca,Bajo Magdalena- Cauca -San Jorge,Bajo San Jorge - La Mojana,1.23272728919983,1.47272729873657,2,2,0.659420311450958,0.66304349899292,1,1,1.07000005245209,2001,12,69,3,3,3.21000015735626,0,33.7078666687012,2001-12-01,30.3301239013672,28.6989059448242,22.5099544525147
25025030,Meteorológica Especial,Automática con Telemetría,Córdoba,Ayapel,8.2951,-75.1646,20,12/11/2014,,Caribe,Magdalena Cauca,Bajo Magdalena- Cauca -San Jorge,Bajo San Jorge - La Mojana,1.23272728919983,1.47272729873657,2,2,0.659420311450958,0.66304349899292,1,1,1.07000005245209,2001,12,70,9.6,9.6,10.27200050354,0,25.6501483917236,2001-12-01,16.90212059021,33.7907752990723,21.189359664917
25025030,Meteorológica Especial,Automática con Telemetría,Córdoba,Ayapel,8.2951,-75.1646,20,12/11/2014,,Caribe,Magdalena Cauca,Bajo Magdalena- Cauca -San Jorge,Bajo San Jorge - La Mojana,1.23272728919983,1.47272729873657,2,2,0.659420311450958,0.66304349899292,1,1,1.07000005245209,2001,12,71,0,0,0,0,47.4448852539063,2001-12-01,37.8131713867188,30.0117492675781,20.9559516906738
25025030,Meteorológica Especial,Automática con Telemetría,Córdoba,Ayapel,8.2951,-75.1646,20,12/11/2014,,Caribe,Magdalena Cauca,Bajo Magdalena- Cauca -San Jorge,Bajo San Jorge - La Mojana,1.23272728919983,1.47272729873657,2,2,0.659420311450958,0.66304349899292,1,1,1.07000005245209,2001,12,72,0,0,0,0,40.5118751525879,2001-12-01,21.1555500030518,27.4745388031006,25.4155502319336
25025030,Meteorológica Especial,Automática con Telemetría,Córdoba,Ayapel,8.2951,-75.1646,20,12/11/2014,,Caribe,Magdalena Cauca,Bajo Magdalena- Cauca -San Jorge,Bajo San Jorge - La Mojana,1.23272728919983,1.47272729873657,2,2,0.659420311450958,0.66304349899292,1,1,1.08000004291534,2002,01,1,0,0,0,0,1.75986647605896,2002-01-01,0,1.1246143579483,0
25025030,Meteorológica Especial,Automática con Telemetría,Córdoba,Ayapel,8.2951,-75.1646,20,12/11/2014,,Caribe,Magdalena Cauca,Bajo Magdalena- Cauca -San Jorge,Bajo San Jorge - La Mojana,1.23272728919983,1.47272729873657,2,2,0.659420311450958,0.66304349899292,1,1,1.08000004291534,2002,01,2,6.3,6.3,6.80400027036667,0,1.57782387733459,2002-01-01,0,1.44557106494904,0
25025030,Meteorológica Especial,Automática con Telemetría,Córdoba,Ayapel,8.2951,-75.1646,20,12/11/2014,,Caribe,Magdalena Cauca,Bajo Magdalena- Cauca -San Jorge,Bajo San Jorge - La Mojana,1.23272728919983,1.47272729873657,2,2,0.659420311450958,0.66304349899292,1,1,1.08000004291534,2002,01,3,0,0,0,0,1.51010096073151,2002-01-01,0,0.98808628320694,0
25025030,Meteorológica Especial,Automática con Telemetría,Córdoba,Ayapel,8.2951,-75.1646,20,12/11/2014,,Caribe,Magdalena Cauca,Bajo Magdalena- Cauca -San Jorge,Bajo San Jorge - La Mojana,1.23272728919983,1.47272729873657,2,2,0.659420311450958,0.66304349899292,1,1,1.08000004291534,2002,01,4,0,0,0,0,1.49548804759979,2002-01-01,0,0.930818557739258,0
25025030,Meteorológica Especial,Automática con Telemetría,Córdoba,Ayapel,8.2951,-75.1646,20,12/11/2014,,Caribe,Magdalena Cauca,Bajo Magdalena- Cauca -San Jorge,Bajo San Jorge - La Mojana,1.23272728919983,1.47272729873657,2,2,0.659420311450958,0.66304349899292,1,1,1.08000004291534,2002,01,5,0,0,0,0,11.2852687835693,2002-01-01,18.3321151733398,4.01941633224487,11.3697052001953
25025030,Meteorológica Especial,Automática con Telemetría,Córdoba,Ayapel,8.2951,-75.1646,20,12/11/2014,,Caribe,Magdalena Cauca,Bajo Magdalena- Cauca -San Jorge,Bajo San Jorge - La Mojana,1.23272728919983,1.47272729873657,2,2,0.659420311450958,0.66304349899292,1,1,1.08000004291534,2002,01,6,0,0,0,1,2.98064732551575,2002-01-01,0,1.59688425064087,0
25025030,Meteorológica Especial,Automática con Telemetría,Córdoba,Ayapel,8.2951,-75.1646,20,12/11/2014,,Caribe,Magdalena Cauca,Bajo Magdalena- Cauca -San Jorge,Bajo San Jorge - La Mojana,1.23272728919983,1.47272729873657,2,2,0.659420311450958,0.66304349899292,1,1,1.11000001430511,2002,02,7,0,0,0,0,22.6822624206543,2002-02-01,27.6285953521729,14.8945713043213,18.0349254608154
25025030,Meteorológica Especial,Automática con Telemetría,Córdoba,Ayapel,8.2951,-75.1646,20,12/11/2014,,Caribe,Magdalena Cauca,Bajo Magdalena- Cauca -San Jorge,Bajo San Jorge - La Mojana,1.23272728919983,1.47272729873657,2,2,0.659420311450958,0.66304349899292,1,1,1.11000001430511,2002,02,8,0,0,0,0,1.78382575511932,2002-02-01,1.63348829746246,1.0275856256485,1.0760852098465
25025030,Meteorológica Especial,Automática con Telemetría,Córdoba,Ayapel,8.2951,-75.1646,20,12/11/2014,,Caribe,Magdalena Cauca,Bajo Magdalena- Cauca -San Jorge,Bajo San Jorge - La Mojana,1.23272728919983,1.47272729873657,2,2,0.659420311450958,0.66304349899292,1,1,1.11000001430511,2002,02,9,0,0,0,0,1.77907001972198,2002-02-01,1.03784084320068,1.00897371768951,0.707205951213837
25025030,Meteorológica Especial,Automática con Telemetría,Córdoba,Ayapel,8.2951,-75.1646,20,12/11/2014,,Caribe,Magdalena Cauca,Bajo Magdalena- Cauca -San Jorge,Bajo San Jorge - La Mojana,1.23272728919983,1.47272729873657,2,2,0.659420311450958,0.66304349899292,1,1,1.11000001430511,2002,02,10,0,0,0,0,1.77141332626343,2002-02-01,1.249680519104,1.002685546875,0.813545405864716
25025030,Meteorológica Especial,Automática con Telemetría,Córdoba,Ayapel,8.2951,-75.1646,20,12/11/2014,,Caribe,Magdalena Cauca,Bajo Magdalena- Cauca -San Jorge,Bajo San Jorge - La Mojana,1.23272728919983,1.47272729873657,2,2,0.659420311450958,0.66304349899292,1,1,1.11000001430511,2002,02,11,0,0,0,0,1.76139271259308,2002-02-01,0.214416339993477,0.914623260498047,0.155655384063721
25025030,Meteorológica Especial,Automática con Telemetría,Córdoba,Ayapel,8.2951,-75.1646,20,12/11/2014,,Caribe,Magdalena Cauca,Bajo Magdalena- Cauca -San Jorge,Bajo San Jorge - La Mojana,1.23272728919983,1.47272729873657,2,2,0.659420311450958,0.66304349899292,1,1,1.11000001430511,2002,02,12,0,0,0,0,1.04386961460114,2002-02-01,0,0.700614511966705,0
25025030,Meteorológica Especial,Automática con Telemetría,Córdoba,Ayapel,8.2951,-75.1646,20,12/11/2014,,Caribe,Magdalena Cauca,Bajo Magdalena- Cauca -San Jorge,Bajo San Jorge - La Mojana,1.23272728919983,1.47272729873657,2,2,0.659420311450958,0.66304349899292,1,1,1.10000002384186,2002,03,13,0,0,0,0,2.48476123809814,2002-03-01,0,1.61629390716553,0
25025030,Meteorológica Especial,Automática con Telemetría,Córdoba,Ayapel,8.2951,-75.1646,20,12/11/2014,,Caribe,Magdalena Cauca,Bajo Magdalena- Cauca -San Jorge,Bajo San Jorge - La Mojana,1.23272728919983,1.47272729873657,2,2,0.659420311450958,0.66304349899292,1,1,1.10000002384186,2002,03,14,0,0,0,0,2.15907073020935,2002-03-01,0,1.46392035484314,0
25025030,Meteorológica Especial,Automática con Telemetría,Córdoba,Ayapel,8.2951,-75.1646,20,12/11/2014,,Caribe,Magdalena Cauca,Bajo Magdalena- Cauca -San Jorge,Bajo San Jorge - La Mojana,1.23272728919983,1.47272729873657,2,2,0.659420311450958,0.66304349899292,1,1,1.10000002384186,2002,03,15,2,2,2.20000004768372,1,1.85659372806549,2002-03-01,0,1.54513561725616,0
25025030,Meteorológica Especial,Automática con Telemetría,Córdoba,Ayapel,8.2951,-75.1646,20,12/11/2014,,Caribe,Magdalena Cauca,Bajo Magdalena- Cauca -San Jorge,Bajo San Jorge - La Mojana,1.23272728919983,1.47272729873657,2,2,0.659420311450958,0.66304349899292,1,1,1.10000002384186,2002,03,16,7,7,7.70000016689301,0,12.8567800521851,2002-03-01,17.7369480133057,20.2905826568604,29.8006019592285
25025030,Meteorológica Especial,Automática con Telemetría,Córdoba,Ayapel,8.2951,-75.1646,20,12/11/2014,,Caribe,Magdalena Cauca,Bajo Magdalena- Cauca -San Jorge,Bajo San Jorge - La Mojana,1.23272728919983,1.47272729873657,2,2,0.659420311450958,0.66304349899292,1,1,1.10000002384186,2002,03,17,26,26,28.6000006198883,0,16.5216808319092,2002-03-01,27.482837677002,23.9729785919189,28.8067588806152
25025030,Meteorológica Especial,Automática con Telemetría,Córdoba,Ayapel,8.2951,-75.1646,20,12/11/2014,,Caribe,Magdalena Cauca,Bajo Magdalena- Cauca -San Jorge,Bajo San Jorge - La Mojana,1.23272728919983,1.47272729873657,2,2,0.659420311450958,0.66304349899292,1,1,1.10000002384186,2002,03,18,0,0,0,0,5.32506656646729,2002-03-01,0,5.57920503616333,0
25025030,Meteorológica Especial,Automática con Telemetría,Córdoba,Ayapel,8.2951,-75.1646,20,12/11/2014,,Caribe,Magdalena Cauca,Bajo Magdalena- Cauca -San Jorge,Bajo San Jorge - La Mojana,1.23272728919983,1.47272729873657,2,2,0.659420311450958,0.66304349899292,1,1,1.05999994277954,2002,04,19,65,65,68.8999962806702,0,36.8995590209961,2002-04-01,41.382453918457,35.2876968383789,37.3501777648926
25025030,Meteorológica Especial,Automática con Telemetría,Córdoba,Ayapel,8.2951,-75.1646,20,12/11/2014,,Caribe,Magdalena Cauca,Bajo Magdalena- Cauca -San Jorge,Bajo San Jorge - La Mojana,1.23272728919983,1.47272729873657,2,2,0.659420311450958,0.66304349899292,1,1,1.05999994277954,2002,04,20,10,10,10.5999994277954,0,37.1465797424316,2002-04-01,40.2498054504395,28.3225021362305,29.1129131317139
25025030,Meteorológica Especial,Automática con Telemetría,Córdoba,Ayapel,8.2951,-75.1646,20,12/11/2014,,Caribe,Magdalena Cauca,Bajo Magdalena- Cauca -San Jorge,Bajo San Jorge - La Mojana,1.23272728919983,1.47272729873657,2,2,0.659420311450958,0.66304349899292,1,1,1.05999994277954,2002,04,21,2,2,2.11999988555908,0,7.76408576965332,2002-04-01,4.90893507003784,5.70692539215088,6.39329433441162
25025030,Meteorológica Especial,Automática con Telemetría,Córdoba,Ayapel,8.2951,-75.1646,20,12/11/2014,,Caribe,Magdalena Cauca,Bajo Magdalena- Cauca -San Jorge,Bajo San Jorge - La Mojana,1.23272728919983,1.47272729873657,2,2,0.659420311450958,0.66304349899292,1,1,1.05999994277954,2002,04,22,79,79,83.7399954795838,0,25.6112880706787,2002-04-01,25.9645252227783,60.3890571594238,58.6842842102051
25025030,Meteorológica Especial,Automática con Telemetría,Córdoba,Ayapel,8.2951,-75.1646,20,12/11/2014,,Caribe,Magdalena Cauca,Bajo Magdalena- Cauca -San Jorge,Bajo San Jorge - La Mojana,1.23272728919983,1.47272729873657,2,2,0.659420311450958,0.66304349899292,1,1,1.05999994277954,2002,04,23,83,83,87.9799952507019,0,52.5333442687988,2002-04-01,63.5984954833984,62.6792678833008,65.1435165405274
25025030,Meteorológica Especial,Automática con Telemetría,Córdoba,Ayapel,8.2951,-75.1646,20,12/11/2014,,Caribe,Magdalena Cauca,Bajo Magdalena- Cauca -San Jorge,Bajo San Jorge - La Mojana,1.23272728919983,1.47272729873657,2,2,0.659420311450958,0.66304349899292,1,1,1.05999994277954,2002,04,24,14,14,14.8399991989136,0,19.3600902557373,2002-04-01,17.3544654846191,19.603099822998,21.2054786682129
25025030,Meteorológica Especial,Automática con Telemetría,Córdoba,Ayapel,8.2951,-75.1646,20,12/11/2014,,Caribe,Magdalena Cauca,Bajo Magdalena- Cauca -San Jorge,Bajo San Jorge - La Mojana,1.23272728919983,1.47272729873657,2,2,0.659420311450958,0.66304349899292,1,1,1.04999995231628,2002,05,25,24,24,25.1999988555908,1,22.4625129699707,2002-05-01,18.6655387878418,19.1563625335693,18.6018466949463
25025030,Meteorológica Especial,Automática con Telemetría,Córdoba,Ayapel,8.2951,-75.1646,20,12/11/2014,,Caribe,Magdalena Cauca,Bajo Magdalena- Cauca -San Jorge,Bajo San Jorge - La Mojana,1.23272728919983,1.47272729873657,2,2,0.659420311450958,0.66304349899292,1,1,1.04999995231628,2002,05,26,2,2,2.09999990463257,0,30.1688117980957,2002-05-01,24.1348876953125,20.985466003418,23.3058052062988
25025030,Meteorológica Especial,Automática con Telemetría,Córdoba,Ayapel,8.2951,-75.1646,20,12/11/2014,,Caribe,Magdalena Cauca,Bajo Magdalena- Cauca -San Jorge,Bajo San Jorge - La Mojana,1.23272728919983,1.47272729873657,2,2,0.659420311450958,0.66304349899292,1,1,1.04999995231628,2002,05,27,8,8,8.39999961853027,0,48.8745803833008,2002-05-01,43.5357093811035,18.2356338500977,17.4067039489746
25025030,Meteorológica Especial,Automática con Telemetría,Córdoba,Ayapel,8.2951,-75.1646,20,12/11/2014,,Caribe,Magdalena Cauca,Bajo Magdalena- Cauca -San Jorge,Bajo San Jorge - La Mojana,1.23272728919983,1.47272729873657,2,2,0.659420311450958,0.66304349899292,1,1,1.04999995231628,2002,05,28,66,66,69.2999968528748,0,49.3800315856934,2002-05-01,44.1518898010254,65.3498840332031,66.4454879760742
25025030,Meteorológica Especial,Automática con Telemetría,Córdoba,Ayapel,8.2951,-75.1646,20,12/11/2014,,Caribe,Magdalena Cauca,Bajo Magdalena- Cauca -San Jorge,Bajo San Jorge - La Mojana,1.23272728919983,1.47272729873657,2,2,0.659420311450958,0.66304349899292,1,1,1.04999995231628,2002,05,29,101,101,106.049995183945,0,75.3550872802734,2002-05-01,74.4485931396484,90.5776596069336,89.2822647094727
25025030,Meteorológica Especial,Automática con Telemetría,Córdoba,Ayapel,8.2951,-75.1646,20,12/11/2014,,Caribe,Magdalena Cauca,Bajo Magdalena- Cauca -San Jorge,Bajo San Jorge - La Mojana,1.23272728919983,1.47272729873657,2,2,0.659420311450958,0.66304349899292,1,1,1.04999995231628,2002,05,30,74,74,77.699996471405,0,31.2496433258057,2002-05-01,25.4942569732666,42.3133316040039,41.6042709350586
25025030,Meteorológica Especial,Automática con Telemetría,Córdoba,Ayapel,8.2951,-75.1646,20,12/11/2014,,Caribe,Magdalena Cauca,Bajo Magdalena- Cauca -San Jorge,Bajo San Jorge - La Mojana,1.23272728919983,1.47272729873657,2,2,0.659420311450958,0.66304349899292,1,1,1.04999995231628,2002,06,31,44,44,46.1999979019165,0,56.6664657592774,2002-06-01,62.111083984375,40.5349845886231,43.7346267700195
25025030,Meteorológica Especial,Automática con Telemetría,Córdoba,Ayapel,8.2951,-75.1646,20,12/11/2014,,Caribe,Magdalena Cauca,Bajo Magdalena- Cauca -San Jorge,Bajo San Jorge - La Mojana,1.23272728919983,1.47272729873657,2,2,0.659420311450958,0.66304349899292,1,1,1.04999995231628,2002,06,32,67,67,70.349996805191,0,30.6464767456055,2002-06-01,33.8754005432129,57.7332420349121,64.1210556030273
25025030,Meteorológica Especial,Automática con Telemetría,Córdoba,Ayapel,8.2951,-75.1646,20,12/11/2014,,Caribe,Magdalena Cauca,Bajo Magdalena- Cauca -San Jorge,Bajo San Jorge - La Mojana,1.23272728919983,1.47272729873657,2,2,0.659420311450958,0.66304349899292,1,1,1.04999995231628,2002,06,33,101,35,36.7499983310699,1,50.1296081542969,2002-06-01,55.5330276489258,51.0823249816895,55.6561126708984
25025030,Meteorológica Especial,Automática con Telemetría,Córdoba,Ayapel,8.2951,-75.1646,20,12/11/2014,,Caribe,Magdalena Cauca,Bajo Magdalena- Cauca -San Jorge,Bajo San Jorge - La Mojana,1.23272728919983,1.47272729873657,2,2,0.659420311450958,0.66304349899292,1,1,1.04999995231628,2002,06,34,33,33,34.6499984264374,0,42.477481842041,2002-06-01,51.9294013977051,26.8446941375732,31.6003589630127
25025030,Meteorológica Especial,Automática con Telemetría,Córdoba,Ayapel,8.2951,-75.1646,20,12/11/2014,,Caribe,Magdalena Cauca,Bajo Magdalena- Cauca -San Jorge,Bajo San Jorge - La Mojana,1.23272728919983,1.47272729873657,2,2,0.659420311450958,0.66304349899292,1,1,1.04999995231628,2002,06,35,0,0,0,0,23.7441310882568,2002-06-01,26.8652248382568,7.94602870941162,9.06910514831543
25025030,Meteorológica Especial,Automática con Telemetría,Córdoba,Ayapel,8.2951,-75.1646,20,12/11/2014,,Caribe,Magdalena Cauca,Bajo Magdalena- Cauca -San Jorge,Bajo San Jorge - La Mojana,1.23272728919983,1.47272729873657,2,2,0.659420311450958,0.66304349899292,1,1,1.04999995231628,2002,06,36,30,30,31.4999985694885,0,40.5677032470703,2002-06-01,56.1831703186035,23.8522415161133,29.4098434448242
25025030,Meteorológica Especial,Automática con Telemetría,Córdoba,Ayapel,8.2951,-75.1646,20,12/11/2014,,Caribe,Magdalena Cauca,Bajo Magdalena- Cauca -San Jorge,Bajo San Jorge - La Mojana,1.23272728919983,1.47272729873657,2,2,0.659420311450958,0.66304349899292,1,1,1.04999995231628,2002,07,37,128,43,45.1499979496002,1,45.9972839355469,2002-07-01,53.097599029541,52.2353668212891,55.8838233947754
25025030,Meteorológica Especial,Automática con Telemetría,Córdoba,Ayapel,8.2951,-75.1646,20,12/11/2014,,Caribe,Magdalena Cauca,Bajo Magdalena- Cauca -San Jorge,Bajo San Jorge - La Mojana,1.23272728919983,1.47272729873657,2,2,0.659420311450958,0.66304349899292,1,1,1.04999995231628,2002,07,38,52,52,54.5999975204468,0,44.7995223999023,2002-07-01,55.830509185791,37.8535575866699,43.1888275146484
25025030,Meteorológica Especial,Automática con Telemetría,Córdoba,Ayapel,8.2951,-75.1646,20,12/11/2014,,Caribe,Magdalena Cauca,Bajo Magdalena- Cauca -San Jorge,Bajo San Jorge - La Mojana,1.23272728919983,1.47272729873657,2,2,0.659420311450958,0.66304349899292,1,1,1.04999995231628,2002,07,39,51,51,53.5499975681305,0,49.7499694824219,2002-07-01,59.4391784667969,59.2256240844727,68.53857421875
25025030,Meteorológica Especial,Automática con Telemetría,Córdoba,Ayapel,8.2951,-75.1646,20,12/11/2014,,Caribe,Magdalena Cauca,Bajo Magdalena- Cauca -San Jorge,Bajo San Jorge - La Mojana,1.23272728919983,1.47272729873657,2,2,0.659420311450958,0.66304349899292,1,1,1.04999995231628,2002,07,40,138,43,45.1499979496002,1,74.7841415405274,2002-07-01,89.2989807128906,71.3552093505859,80.3854827880859
25025030,Meteorológica Especial,Automática con Telemetría,Córdoba,Ayapel,8.2951,-75.1646,20,12/11/2014,,Caribe,Magdalena Cauca,Bajo Magdalena- Cauca -San Jorge,Bajo San Jorge - La Mojana,1.23272728919983,1.47272729873657,2,2,0.659420311450958,0.66304349899292,1,1,1.04999995231628,2002,07,41,61,61,64.0499970912933,0,39.3114738464356,2002-07-01,41.364372253418,28.7426719665527,29.9172916412354
25025030,Meteorológica Especial,Automática con Telemetría,Córdoba,Ayapel,8.2951,-75.1646,20,12/11/2014,,Caribe,Magdalena Cauca,Bajo Magdalena- Cauca -San Jorge,Bajo San Jorge - La Mojana,1.23272728919983,1.47272729873657,2,2,0.659420311450958,0.66304349899292,1,1,1.04999995231628,2002,07,42,164,164,172.199992179871,0,70.9880752563477,2002-07-01,75.3048934936524,98.2858047485352,105.104156494141
25025030,Meteorológica Especial,Automática con Telemetría,Córdoba,Ayapel,8.2951,-75.1646,20,12/11/2014,,Caribe,Magdalena Cauca,Bajo Magdalena- Cauca -San Jorge,Bajo San Jorge - La Mojana,1.23272728919983,1.47272729873657,2,2,0.659420311450958,0.66304349899292,1,1,1.04999995231628,2002,08,43,48,48,50.3999977111817,0,64.5301208496094,2002-08-01,72.6674346923828,37.2673301696777,44.6890029907227
25025030,Meteorológica Especial,Automática con Telemetría,Córdoba,Ayapel,8.2951,-75.1646,20,12/11/2014,,Caribe,Magdalena Cauca,Bajo Magdalena- Cauca -San Jorge,Bajo San Jorge - La Mojana,1.23272728919983,1.47272729873657,2,2,0.659420311450958,0.66304349899292,1,1,1.04999995231628,2002,08,44,25,25,26.2499988079071,0,38.6730918884277,2002-08-01,38.9377746582031,20.1011562347412,20.8179721832275
25025030,Meteorológica Especial,Automática con Telemetría,Córdoba,Ayapel,8.2951,-75.1646,20,12/11/2014,,Caribe,Magdalena Cauca,Bajo Magdalena- Cauca -San Jorge,Bajo San Jorge - La Mojana,1.23272728919983,1.47272729873657,2,2,0.659420311450958,0.66304349899292,1,1,1.04999995231628,2002,08,45,52,52,54.5999975204468,0,36.6456527709961,2002-08-01,38.7675895690918,38.873176574707,46.4535217285156
25025030,Meteorológica Especial,Automática con Telemetría,Córdoba,Ayapel,8.2951,-75.1646,20,12/11/2014,,Caribe,Magdalena Cauca,Bajo Magdalena- Cauca -San Jorge,Bajo San Jorge - La Mojana,1.23272728919983,1.47272729873657,2,2,0.659420311450958,0.66304349899292,1,1,1.04999995231628,2002,08,46,10,10,10.4999995231628,0,48.9616088867188,2002-08-01,55.1252632141113,27.7767009735107,32.3520660400391
25025030,Meteorológica Especial,Automática con Telemetría,Córdoba,Ayapel,8.2951,-75.1646,20,12/11/2014,,Caribe,Magdalena Cauca,Bajo Magdalena- Cauca -San Jorge,Bajo San Jorge - La Mojana,1.23272728919983,1.47272729873657,2,2,0.659420311450958,0.66304349899292,1,1,1.04999995231628,2002,08,47,49,49,51.4499976634979,0,58.3462409973145,2002-08-01,63.9755477905274,47.5331115722656,57.9778251647949
25025030,Meteorológica Especial,Automática con Telemetría,Córdoba,Ayapel,8.2951,-75.1646,20,12/11/2014,,Caribe,Magdalena Cauca,Bajo Magdalena- Cauca -San Jorge,Bajo San Jorge - La Mojana,1.23272728919983,1.47272729873657,2,2,0.659420311450958,0.66304349899292,1,1,1.04999995231628,2002,08,48,63,63,66.1499969959259,0,82.1857147216797,2002-08-01,79.4668350219727,65.1155853271484,69.6115493774414
25025030,Meteorológica Especial,Automática con Telemetría,Córdoba,Ayapel,8.2951,-75.1646,20,12/11/2014,,Caribe,Magdalena Cauca,Bajo Magdalena- Cauca -San Jorge,Bajo San Jorge - La Mojana,1.23272728919983,1.47272729873657,2,2,0.659420311450958,0.66304349899292,1,1,1.04999995231628,2002,09,49,88,88,92.399995803833,0,60.0644073486328,2002-09-01,73.260009765625,85.5910339355469,92.8054733276367
25025030,Meteorológica Especial,Automática con Telemetría,Córdoba,Ayapel,8.2951,-75.1646,20,12/11/2014,,Caribe,Magdalena Cauca,Bajo Magdalena- Cauca -San Jorge,Bajo San Jorge - La Mojana,1.23272728919983,1.47272729873657,2,2,0.659420311450958,0.66304349899292,1,1,1.04999995231628,2002,09,50,149,72,75.5999965667725,1,49.8442306518555,2002-09-01,57.6266441345215,84.5515747070313,90.4592895507812
25025030,Meteorológica Especial,Automática con Telemetría,Córdoba,Ayapel,8.2951,-75.1646,20,12/11/2014,,Caribe,Magdalena Cauca,Bajo Magdalena- Cauca -San Jorge,Bajo San Jorge - La Mojana,1.23272728919983,1.47272729873657,2,2,0.659420311450958,0.66304349899292,1,1,1.04999995231628,2002,09,51,78,78,81.8999962806702,0,50.6359672546387,2002-09-01,54.7232780456543,50.5310249328613,49.2925643920898
25025030,Meteorológica Especial,Automática con Telemetría,Córdoba,Ayapel,8.2951,-75.1646,20,12/11/2014,,Caribe,Magdalena Cauca,Bajo Magdalena- Cauca -San Jorge,Bajo San Jorge - La Mojana,1.23272728919983,1.47272729873657,2,2,0.659420311450958,0.66304349899292,1,1,1.04999995231628,2002,09,52,70,70,73.4999966621399,0,61.3024291992188,2002-09-01,73.0223617553711,70.8253707885742,73.0505752563477
25025030,Meteorológica Especial,Automática con Telemetría,Córdoba,Ayapel,8.2951,-75.1646,20,12/11/2014,,Caribe,Magdalena Cauca,Bajo Magdalena- Cauca -San Jorge,Bajo San Jorge - La Mojana,1.23272728919983,1.47272729873657,2,2,0.659420311450958,0.66304349899292,1,1,1.04999995231628,2002,09,53,101,31,32.5499985218048,1,52.8677597045899,2002-09-01,56.6518249511719,63.9014472961426,69.9788436889649
25025030,Meteorológica Especial,Automática con Telemetría,Córdoba,Ayapel,8.2951,-75.1646,20,12/11/2014,,Caribe,Magdalena Cauca,Bajo Magdalena- Cauca -San Jorge,Bajo San Jorge - La Mojana,1.23272728919983,1.47272729873657,2,2,0.659420311450958,0.66304349899292,1,1,1.04999995231628,2002,09,54,101,31,32.5499985218048,1,54.8429412841797,2002-09-01,54.2131233215332,77.1270904541016,83.8240051269531
25025030,Meteorológica Especial,Automática con Telemetría,Córdoba,Ayapel,8.2951,-75.1646,20,12/11/2014,,Caribe,Magdalena Cauca,Bajo Magdalena- Cauca -San Jorge,Bajo San Jorge - La Mojana,1.23272728919983,1.47272729873657,2,2,0.659420311450958,0.66304349899292,1,1,1.04999995231628,2002,10,55,1,1,1.04999995231628,0,37.853889465332,2002-10-01,37.2062034606934,21.2707405090332,21.4277477264404
25025030,Meteorológica Especial,Automática con Telemetría,Córdoba,Ayapel,8.2951,-75.1646,20,12/11/2014,,Caribe,Magdalena Cauca,Bajo Magdalena- Cauca -San Jorge,Bajo San Jorge - La Mojana,1.23272728919983,1.47272729873657,2,2,0.659420311450958,0.66304349899292,1,1,1.04999995231628,2002,10,56,70,70,73.4999966621399,0,43.3786315917969,2002-10-01,40.6949310302734,68.3768615722656,71.3620452880859
25025030,Meteorológica Especial,Automática con Telemetría,Córdoba,Ayapel,8.2951,-75.1646,20,12/11/2014,,Caribe,Magdalena Cauca,Bajo Magdalena- Cauca -San Jorge,Bajo San Jorge - La Mojana,1.23272728919983,1.47272729873657,2,2,0.659420311450958,0.66304349899292,1,1,1.04999995231628,2002,10,57,42,42,44.0999979972839,0,73.6665649414063,2002-10-01,57.9583053588867,58.4233779907227,52.9326057434082
25025030,Meteorológica Especial,Automática con Telemetría,Córdoba,Ayapel,8.2951,-75.1646,20,12/11/2014,,Caribe,Magdalena Cauca,Bajo Magdalena- Cauca -San Jorge,Bajo San Jorge - La Mojana,1.23272728919983,1.47272729873657,2,2,0.659420311450958,0.66304349899292,1,1,1.04999995231628,2002,10,58,64,64,67.1999969482422,0,27.887228012085,2002-10-01,17.9410381317139,33.277229309082,28.3177757263184
25025030,Meteorológica Especial,Automática con Telemetría,Córdoba,Ayapel,8.2951,-75.1646,20,12/11/2014,,Caribe,Magdalena Cauca,Bajo Magdalena- Cauca -San Jorge,Bajo San Jorge - La Mojana,1.23272728919983,1.47272729873657,2,2,0.659420311450958,0.66304349899292,1,1,1.04999995231628,2002,10,59,10,10,10.4999995231628,0,68.8151245117188,2002-10-01,64.1931915283203,54.7287254333496,53.828254699707
25025030,Meteorológica Especial,Automática con Telemetría,Córdoba,Ayapel,8.2951,-75.1646,20,12/11/2014,,Caribe,Magdalena Cauca,Bajo Magdalena- Cauca -San Jorge,Bajo San Jorge - La Mojana,1.23272728919983,1.47272729873657,2,2,0.659420311450958,0.66304349899292,1,1,1.04999995231628,2002,10,60,61,61,64.0499970912933,0,90.0883941650391,2002-10-01,71.5462036132813,77.1566314697266,78.6370849609375
25025030,Meteorológica Especial,Automática con Telemetría,Córdoba,Ayapel,8.2951,-75.1646,20,12/11/2014,,Caribe,Magdalena Cauca,Bajo Magdalena- Cauca -San Jorge,Bajo San Jorge - La Mojana,1.23272728919983,1.47272729873657,2,2,0.659420311450958,0.66304349899292,1,1,1.04999995231628,2002,11,61,79,79,82.9499962329865,0,36.079517364502,2002-11-01,23.848934173584,41.3526573181152,37.4418601989746
25025030,Meteorológica Especial,Automática con Telemetría,Córdoba,Ayapel,8.2951,-75.1646,20,12/11/2014,,Caribe,Magdalena Cauca,Bajo Magdalena- Cauca -San Jorge,Bajo San Jorge - La Mojana,1.23272728919983,1.47272729873657,2,2,0.659420311450958,0.66304349899292,1,1,1.04999995231628,2002,11,62,32,32,33.5999984741211,0,46.1709709167481,2002-11-01,41.5507011413574,29.6137409210205,33.0396003723145
25025030,Meteorológica Especial,Automática con Telemetría,Córdoba,Ayapel,8.2951,-75.1646,20,12/11/2014,,Caribe,Magdalena Cauca,Bajo Magdalena- Cauca -San Jorge,Bajo San Jorge - La Mojana,1.23272728919983,1.47272729873657,2,2,0.659420311450958,0.66304349899292,1,1,1.04999995231628,2002,11,63,38,38,39.8999981880188,0,57.4556503295899,2002-11-01,48.6529960632324,38.5413589477539,39.2415542602539
25025030,Meteorológica Especial,Automática con Telemetría,Córdoba,Ayapel,8.2951,-75.1646,20,12/11/2014,,Caribe,Magdalena Cauca,Bajo Magdalena- Cauca -San Jorge,Bajo San Jorge - La Mojana,1.23272728919983,1.47272729873657,2,2,0.659420311450958,0.66304349899292,1,1,1.04999995231628,2002,11,64,20,20,20.9999990463257,0,35.5703430175781,2002-11-01,21.4875774383545,26.2117500305176,23.2102546691895
25025030,Meteorológica Especial,Automática con Telemetría,Córdoba,Ayapel,8.2951,-75.1646,20,12/11/2014,,Caribe,Magdalena Cauca,Bajo Magdalena- Cauca -San Jorge,Bajo San Jorge - La Mojana,1.23272728919983,1.47272729873657,2,2,0.659420311450958,0.66304349899292,1,1,1.04999995231628,2002,11,65,54,54,56.6999974250794,0,73.4984512329102,2002-11-01,61.7800025939942,36.4749908447266,34.5232086181641
25025030,Meteorológica Especial,Automática con Telemetría,Córdoba,Ayapel,8.2951,-75.1646,20,12/11/2014,,Caribe,Magdalena Cauca,Bajo Magdalena- Cauca -San Jorge,Bajo San Jorge - La Mojana,1.23272728919983,1.47272729873657,2,2,0.659420311450958,0.66304349899292,1,1,1.04999995231628,2002,11,66,0,0,0,0,20.3290424346924,2002-11-01,11.3122415542603,10.0536994934082,8.28803062438965
25025030,Meteorológica Especial,Automática con Telemetría,Córdoba,Ayapel,8.2951,-75.1646,20,12/11/2014,,Caribe,Magdalena Cauca,Bajo Magdalena- Cauca -San Jorge,Bajo San Jorge - La Mojana,1.23272728919983,1.47272729873657,2,2,0.659420311450958,0.66304349899292,1,1,1.07000005245209,2002,12,67,0,0,0,0,22.0128173828125,2002-12-01,17.9173603057861,8.02324390411377,15.6836109161377
25025030,Meteorológica Especial,Automática con Telemetría,Córdoba,Ayapel,8.2951,-75.1646,20,12/11/2014,,Caribe,Magdalena Cauca,Bajo Magdalena- Cauca -San Jorge,Bajo San Jorge - La Mojana,1.23272728919983,1.47272729873657,2,2,0.659420311450958,0.66304349899292,1,1,1.07000005245209,2002,12,68,0,0,0,0,3.12290096282959,2002-12-01,0.317108899354935,2.82348442077637,1.0743522644043
25025030,Meteorológica Especial,Automática con Telemetría,Córdoba,Ayapel,8.2951,-75.1646,20,12/11/2014,,Caribe,Magdalena Cauca,Bajo Magdalena- Cauca -San Jorge,Bajo San Jorge - La Mojana,1.23272728919983,1.47272729873657,2,2,0.659420311450958,0.66304349899292,1,1,1.07000005245209,2002,12,69,0,0,0,0,4.06251239776611,2002-12-01,0,5.43067407608032,0
25025030,Meteorológica Especial,Automática con Telemetría,Córdoba,Ayapel,8.2951,-75.1646,20,12/11/2014,,Caribe,Magdalena Cauca,Bajo Magdalena- Cauca -San Jorge,Bajo San Jorge - La Mojana,1.23272728919983,1.47272729873657,2,2,0.659420311450958,0.66304349899292,1,1,1.07000005245209,2002,12,70,1,1,1.07000005245209,0,6.7833948135376,2002-12-01,0,5.20504188537598,0
25025030,Meteorológica Especial,Automática con Telemetría,Córdoba,Ayapel,8.2951,-75.1646,20,12/11/2014,,Caribe,Magdalena Cauca,Bajo Magdalena- Cauca -San Jorge,Bajo San Jorge - La Mojana,1.23272728919983,1.47272729873657,2,2,0.659420311450958,0.66304349899292,1,1,1.07000005245209,2002,12,71,0,0,0,0,4.07698822021484,2002-12-01,0,4.03158044815064,0
25025030,Meteorológica Especial,Automática con Telemetría,Córdoba,Ayapel,8.2951,-75.1646,20,12/11/2014,,Caribe,Magdalena Cauca,Bajo Magdalena- Cauca -San Jorge,Bajo San Jorge - La Mojana,1.23272728919983,1.47272729873657,2,2,0.659420311450958,0.66304349899292,1,1,1.07000005245209,2002,12,72,0,0,0,0,5.72954702377319,2002-12-01,0,2.92250537872314,0
25025030,Meteorológica Especial,Automática con Telemetría,Córdoba,Ayapel,8.2951,-75.1646,20,12/11/2014,,Caribe,Magdalena Cauca,Bajo Magdalena- Cauca -San Jorge,Bajo San Jorge - La Mojana,1.23272728919983,1.47272729873657,2,2,0.659420311450958,0.66304349899292,1,1,1.08000004291534,2003,01,1,0,0,0,0,1.75986647605896,2003-01-01,0,1.30404019355774,0
25025030,Meteorológica Especial,Automática con Telemetría,Córdoba,Ayapel,8.2951,-75.1646,20,12/11/2014,,Caribe,Magdalena Cauca,Bajo Magdalena- Cauca -San Jorge,Bajo San Jorge - La Mojana,1.23272728919983,1.47272729873657,2,2,0.659420311450958,0.66304349899292,1,1,1.08000004291534,2003,01,2,0,0,0,0,4.07802104949951,2003-01-01,0.992486894130707,3.60824584960938,1.6385155916214
25025030,Meteorológica Especial,Automática con Telemetría,Córdoba,Ayapel,8.2951,-75.1646,20,12/11/2014,,Caribe,Magdalena Cauca,Bajo Magdalena- Cauca -San Jorge,Bajo San Jorge - La Mojana,1.23272728919983,1.47272729873657,2,2,0.659420311450958,0.66304349899292,1,1,1.08000004291534,2003,01,3,0,0,0,0,1.51010096073151,2003-01-01,0,1.09552419185638,0
25025030,Meteorológica Especial,Automática con Telemetría,Córdoba,Ayapel,8.2951,-75.1646,20,12/11/2014,,Caribe,Magdalena Cauca,Bajo Magdalena- Cauca -San Jorge,Bajo San Jorge - La Mojana,1.23272728919983,1.47272729873657,2,2,0.659420311450958,0.66304349899292,1,1,1.08000004291534,2003,01,4,0,0,0,0,1.49548804759979,2003-01-01,0,1.27610182762146,0
25025030,Meteorológica Especial,Automática con Telemetría,Córdoba,Ayapel,8.2951,-75.1646,20,12/11/2014,,Caribe,Magdalena Cauca,Bajo Magdalena- Cauca -San Jorge,Bajo San Jorge - La Mojana,1.23272728919983,1.47272729873657,2,2,0.659420311450958,0.66304349899292,1,1,1.08000004291534,2003,01,5,1,1,1.08000004291534,0,1.41628217697144,2003-01-01,0,1.21521663665771,0
25025030,Meteorológica Especial,Automática con Telemetría,Córdoba,Ayapel,8.2951,-75.1646,20,12/11/2014,,Caribe,Magdalena Cauca,Bajo Magdalena- Cauca -San Jorge,Bajo San Jorge - La Mojana,1.23272728919983,1.47272729873657,2,2,0.659420311450958,0.66304349899292,1,1,1.08000004291534,2003,01,6,0,0,0,0,2.98064732551575,2003-01-01,0,1.87747287750244,0
25025030,Meteorológica Especial,Automática con Telemetría,Córdoba,Ayapel,8.2951,-75.1646,20,12/11/2014,,Caribe,Magdalena Cauca,Bajo Magdalena- Cauca -San Jorge,Bajo San Jorge - La Mojana,1.23272728919983,1.47272729873657,2,2,0.659420311450958,0.66304349899292,1,1,1.11000001430511,2003,02,7,0,0,0,0,1.82033491134644,2003-02-01,0.206891357898712,1.75018179416657,0.338503271341324
25025030,Meteorológica Especial,Automática con Telemetría,Córdoba,Ayapel,8.2951,-75.1646,20,12/11/2014,,Caribe,Magdalena Cauca,Bajo Magdalena- Cauca -San Jorge,Bajo San Jorge - La Mojana,1.23272728919983,1.47272729873657,2,2,0.659420311450958,0.66304349899292,1,1,1.11000001430511,2003,02,8,0,0,0,0,7.06129312515259,2003-02-01,7.08727312088013,6.99846172332764,7.64453601837158
25025030,Meteorológica Especial,Automática con Telemetría,Córdoba,Ayapel,8.2951,-75.1646,20,12/11/2014,,Caribe,Magdalena Cauca,Bajo Magdalena- Cauca -San Jorge,Bajo San Jorge - La Mojana,1.23272728919983,1.47272729873657,2,2,0.659420311450958,0.66304349899292,1,1,1.11000001430511,2003,02,9,3.5,3.5,3.8850000500679,0,3.34978866577148,2003-02-01,2.7280764579773,2.88501024246216,2.68296957015991
25025030,Meteorológica Especial,Automática con Telemetría,Córdoba,Ayapel,8.2951,-75.1646,20,12/11/2014,,Caribe,Magdalena Cauca,Bajo Magdalena- Cauca -San Jorge,Bajo San Jorge - La Mojana,1.23272728919983,1.47272729873657,2,2,0.659420311450958,0.66304349899292,1,1,1.11000001430511,2003,02,10,0,0,0,0,1.77141332626343,2003-02-01,1.249680519104,1.74570727348328,1.55331492424011
25025030,Meteorológica Especial,Automática con Telemetría,Córdoba,Ayapel,8.2951,-75.1646,20,12/11/2014,,Caribe,Magdalena Cauca,Bajo Magdalena- Cauca -San Jorge,Bajo San Jorge - La Mojana,1.23272728919983,1.47272729873657,2,2,0.659420311450958,0.66304349899292,1,1,1.11000001430511,2003,02,11,8,8,8.88000011444092,0,1.76139271259308,2003-02-01,0.214416339993477,3.8951678276062,1.20811069011688
25025030,Meteorológica Especial,Automática con Telemetría,Córdoba,Ayapel,8.2951,-75.1646,20,12/11/2014,,Caribe,Magdalena Cauca,Bajo Magdalena- Cauca -San Jorge,Bajo San Jorge - La Mojana,1.23272728919983,1.47272729873657,2,2,0.659420311450958,0.66304349899292,1,1,1.11000001430511,2003,02,12,0,0,0,0,12.3195724487305,2003-02-01,18.0818309783936,6.55169010162354,9.40194416046143
25025030,Meteorológica Especial,Automática con Telemetría,Córdoba,Ayapel,8.2951,-75.1646,20,12/11/2014,,Caribe,Magdalena Cauca,Bajo Magdalena- Cauca -San Jorge,Bajo San Jorge - La Mojana,1.23272728919983,1.47272729873657,2,2,0.659420311450958,0.66304349899292,1,1,1.10000002384186,2003,03,13,0,0,0,0,2.48476123809814,2003-03-01,0,1.29647386074066,0
25025030,Meteorológica Especial,Automática con Telemetría,Córdoba,Ayapel,8.2951,-75.1646,20,12/11/2014,,Caribe,Magdalena Cauca,Bajo Magdalena- Cauca -San Jorge,Bajo San Jorge - La Mojana,1.23272728919983,1.47272729873657,2,2,0.659420311450958,0.66304349899292,1,1,1.10000002384186,2003,03,14,0,0,0,0,2.15907073020935,2003-03-01,0,1.36249685287476,0
25025030,Meteorológica Especial,Automática con Telemetría,Córdoba,Ayapel,8.2951,-75.1646,20,12/11/2014,,Caribe,Magdalena Cauca,Bajo Magdalena- Cauca -San Jorge,Bajo San Jorge - La Mojana,1.23272728919983,1.47272729873657,2,2,0.659420311450958,0.66304349899292,1,1,1.10000002384186,2003,03,15,0,0,0,0,6.24651432037354,2003-03-01,4.17050933837891,4.36735725402832,4.88950872421265
25025030,Meteorológica Especial,Automática con Telemetría,Córdoba,Ayapel,8.2951,-75.1646,20,12/11/2014,,Caribe,Magdalena Cauca,Bajo Magdalena- Cauca -San Jorge,Bajo San Jorge - La Mojana,1.23272728919983,1.47272729873657,2,2,0.659420311450958,0.66304349899292,1,1,1.10000002384186,2003,03,16,44,44,48.4000010490418,0,14.3657646179199,2003-03-01,22.7916641235352,20.9662837982178,27.3587532043457
25025030,Meteorológica Especial,Automática con Telemetría,Córdoba,Ayapel,8.2951,-75.1646,20,12/11/2014,,Caribe,Magdalena Cauca,Bajo Magdalena- Cauca -San Jorge,Bajo San Jorge - La Mojana,1.23272728919983,1.47272729873657,2,2,0.659420311450958,0.66304349899292,1,1,1.10000002384186,2003,03,17,0,0,0,0,2.08393549919128,2003-03-01,0,1.14827311038971,0
25025030,Meteorológica Especial,Automática con Telemetría,Córdoba,Ayapel,8.2951,-75.1646,20,12/11/2014,,Caribe,Magdalena Cauca,Bajo Magdalena- Cauca -San Jorge,Bajo San Jorge - La Mojana,1.23272728919983,1.47272729873657,2,2,0.659420311450958,0.66304349899292,1,1,1.10000002384186,2003,03,18,24.4,24.4,26.8400005817413,0,10.4528903961182,2003-03-01,6.32891845703125,10.2564840316772,10.0570621490479
25025030,Meteorológica Especial,Automática con Telemetría,Córdoba,Ayapel,8.2951,-75.1646,20,12/11/2014,,Caribe,Magdalena Cauca,Bajo Magdalena- Cauca -San Jorge,Bajo San Jorge - La Mojana,1.23272728919983,1.47272729873657,2,2,0.659420311450958,0.66304349899292,1,1,1.05999994277954,2003,04,19,0,0,0,0,3.57791328430176,2003-04-01,0,2.2782609462738,0
25025030,Meteorológica Especial,Automática con Telemetría,Córdoba,Ayapel,8.2951,-75.1646,20,12/11/2014,,Caribe,Magdalena Cauca,Bajo Magdalena- Cauca -San Jorge,Bajo San Jorge - La Mojana,1.23272728919983,1.47272729873657,2,2,0.659420311450958,0.66304349899292,1,1,1.05999994277954,2003,04,20,34.7,34.7,36.7819980144501,0,35.0170211791992,2003-04-01,38.6102905273438,38.5746269226074,38.0426025390625
25025030,Meteorológica Especial,Automática con Telemetría,Córdoba,Ayapel,8.2951,-75.1646,20,12/11/2014,,Caribe,Magdalena Cauca,Bajo Magdalena- Cauca -San Jorge,Bajo San Jorge - La Mojana,1.23272728919983,1.47272729873657,2,2,0.659420311450958,0.66304349899292,1,1,1.05999994277954,2003,04,21,21,21,22.2599987983704,0,29.987361907959,2003-04-01,29.8747215270996,41.7909202575684,41.4668006896973
25025030,Meteorológica Especial,Automática con Telemetría,Córdoba,Ayapel,8.2951,-75.1646,20,12/11/2014,,Caribe,Magdalena Cauca,Bajo Magdalena- Cauca -San Jorge,Bajo San Jorge - La Mojana,1.23272728919983,1.47272729873657,2,2,0.659420311450958,0.66304349899292,1,1,1.05999994277954,2003,04,22,68,68,72.0799961090088,0,6.60794496536255,2003-04-01,2.88259220123291,12.5699491500855,11.1341695785522
25025030,Meteorológica Especial,Automática con Telemetría,Córdoba,Ayapel,8.2951,-75.1646,20,12/11/2014,,Caribe,Magdalena Cauca,Bajo Magdalena- Cauca -San Jorge,Bajo San Jorge - La Mojana,1.23272728919983,1.47272729873657,2,2,0.659420311450958,0.66304349899292,1,1,1.05999994277954,2003,04,23,19,19,20.1399989128113,0,60.1725730895996,2003-04-01,75.334342956543,68.0871734619141,77.2029266357422
25025030,Meteorológica Especial,Automática con Telemetría,Córdoba,Ayapel,8.2951,-75.1646,20,12/11/2014,,Caribe,Magdalena Cauca,Bajo Magdalena- Cauca -San Jorge,Bajo San Jorge - La Mojana,1.23272728919983,1.47272729873657,2,2,0.659420311450958,0.66304349899292,1,1,1.05999994277954,2003,04,24,62,62,65.7199964523316,0,46.2658615112305,2003-04-01,48.242862701416,32.2160377502441,33.8819694519043
25025030,Meteorológica Especial,Automática con Telemetría,Córdoba,Ayapel,8.2951,-75.1646,20,12/11/2014,,Caribe,Magdalena Cauca,Bajo Magdalena- Cauca -San Jorge,Bajo San Jorge - La Mojana,1.23272728919983,1.47272729873657,2,2,0.659420311450958,0.66304349899292,1,1,1.04999995231628,2003,05,25,70,70,73.4999966621399,0,40.2618598937988,2003-05-01,38.5362243652344,39.0028610229492,38.0657386779785
25025030,Meteorológica Especial,Automática con Telemetría,Córdoba,Ayapel,8.2951,-75.1646,20,12/11/2014,,Caribe,Magdalena Cauca,Bajo Magdalena- Cauca -San Jorge,Bajo San Jorge - La Mojana,1.23272728919983,1.47272729873657,2,2,0.659420311450958,0.66304349899292,1,1,1.04999995231628,2003,05,26,34,34,35.6999983787537,0,61.1074333190918,2003-05-01,57.9061813354492,43.0093955993652,43.4987869262695
25025030,Meteorológica Especial,Automática con Telemetría,Córdoba,Ayapel,8.2951,-75.1646,20,12/11/2014,,Caribe,Magdalena Cauca,Bajo Magdalena- Cauca -San Jorge,Bajo San Jorge - La Mojana,1.23272728919983,1.47272729873657,2,2,0.659420311450958,0.66304349899292,1,1,1.04999995231628,2003,05,27,38,38,39.8999981880188,0,42.070125579834,2003-05-01,38.5254020690918,34.8810768127441,36.2197799682617
25025030,Meteorológica Especial,Automática con Telemetría,Córdoba,Ayapel,8.2951,-75.1646,20,12/11/2014,,Caribe,Magdalena Cauca,Bajo Magdalena- Cauca -San Jorge,Bajo San Jorge - La Mojana,1.23272728919983,1.47272729873657,2,2,0.659420311450958,0.66304349899292,1,1,1.04999995231628,2003,05,28,110,35,36.7499983310699,1,92.2636489868164,2003-05-01,87.0402755737305,68.3785552978516,66.5698471069336
25025030,Meteorológica Especial,Automática con Telemetría,Córdoba,Ayapel,8.2951,-75.1646,20,12/11/2014,,Caribe,Magdalena Cauca,Bajo Magdalena- Cauca -San Jorge,Bajo San Jorge - La Mojana,1.23272728919983,1.47272729873657,2,2,0.659420311450958,0.66304349899292,1,1,1.04999995231628,2003,05,29,111,111,116.549994707108,0,60.8850173950195,2003-05-01,60.0914649963379,64.3906326293945,65.8427352905274
25025030,Meteorológica Especial,Automática con Telemetría,Córdoba,Ayapel,8.2951,-75.1646,20,12/11/2014,,Caribe,Magdalena Cauca,Bajo Magdalena- Cauca -San Jorge,Bajo San Jorge - La Mojana,1.23272728919983,1.47272729873657,2,2,0.659420311450958,0.66304349899292,1,1,1.04999995231628,2003,05,30,2,2,2.09999990463257,0,24.5566501617432,2003-05-01,19.1755428314209,11.3333234786987,11.1930074691772
25025030,Meteorológica Especial,Automática con Telemetría,Córdoba,Ayapel,8.2951,-75.1646,20,12/11/2014,,Caribe,Magdalena Cauca,Bajo Magdalena- Cauca -San Jorge,Bajo San Jorge - La Mojana,1.23272728919983,1.47272729873657,2,2,0.659420311450958,0.66304349899292,1,1,1.04999995231628,2003,06,31,1.2,1.2,1.25999994277954,0,38.2955856323242,2003-06-01,41.6199111938477,26.9979057312012,31.2719879150391
25025030,Meteorológica Especial,Automática con Telemetría,Córdoba,Ayapel,8.2951,-75.1646,20,12/11/2014,,Caribe,Magdalena Cauca,Bajo Magdalena- Cauca -San Jorge,Bajo San Jorge - La Mojana,1.23272728919983,1.47272729873657,2,2,0.659420311450958,0.66304349899292,1,1,1.04999995231628,2003,06,32,3.5,3.5,3.67499983310699,0,53.8816795349121,2003-06-01,62.4913558959961,30.4118957519531,35.03173828125
25025030,Meteorológica Especial,Automática con Telemetría,Córdoba,Ayapel,8.2951,-75.1646,20,12/11/2014,,Caribe,Magdalena Cauca,Bajo Magdalena- Cauca -San Jorge,Bajo San Jorge - La Mojana,1.23272728919983,1.47272729873657,2,2,0.659420311450958,0.66304349899292,1,1,1.04999995231628,2003,06,33,15,15,15.7499992847443,0,51.967658996582,2003-06-01,58.7507743835449,28.3094615936279,32.4640693664551
25025030,Meteorológica Especial,Automática con Telemetría,Córdoba,Ayapel,8.2951,-75.1646,20,12/11/2014,,Caribe,Magdalena Cauca,Bajo Magdalena- Cauca -San Jorge,Bajo San Jorge - La Mojana,1.23272728919983,1.47272729873657,2,2,0.659420311450958,0.66304349899292,1,1,1.04999995231628,2003,06,34,60,60,62.9999971389771,0,55.9755172729492,2003-06-01,71.1536865234375,59.9139633178711,72.5920257568359
25025030,Meteorológica Especial,Automática con Telemetría,Córdoba,Ayapel,8.2951,-75.1646,20,12/11/2014,,Caribe,Magdalena Cauca,Bajo Magdalena- Cauca -San Jorge,Bajo San Jorge - La Mojana,1.23272728919983,1.47272729873657,2,2,0.659420311450958,0.66304349899292,1,1,1.04999995231628,2003,06,35,17,17,17.8499991893768,0,49.0196342468262,2003-06-01,64.0311431884766,38.4018402099609,47.7692756652832
25025030,Meteorológica Especial,Automática con Telemetría,Córdoba,Ayapel,8.2951,-75.1646,20,12/11/2014,,Caribe,Magdalena Cauca,Bajo Magdalena- Cauca -San Jorge,Bajo San Jorge - La Mojana,1.23272728919983,1.47272729873657,2,2,0.659420311450958,0.66304349899292,1,1,1.04999995231628,2003,06,36,102,102,107.099995136261,0,45.8406219482422,2003-06-01,60.5832710266113,63.6420059204102,71.3622970581055
25025030,Meteorológica Especial,Automática con Telemetría,Córdoba,Ayapel,8.2951,-75.1646,20,12/11/2014,,Caribe,Magdalena Cauca,Bajo Magdalena- Cauca -San Jorge,Bajo San Jorge - La Mojana,1.23272728919983,1.47272729873657,2,2,0.659420311450958,0.66304349899292,1,1,1.04999995231628,2003,07,37,20,20,20.9999990463257,0,41.2080001831055,2003-07-01,50.2713928222656,23.3087692260742,28.263240814209
25025030,Meteorológica Especial,Automática con Telemetría,Córdoba,Ayapel,8.2951,-75.1646,20,12/11/2014,,Caribe,Magdalena Cauca,Bajo Magdalena- Cauca -San Jorge,Bajo San Jorge - La Mojana,1.23272728919983,1.47272729873657,2,2,0.659420311450958,0.66304349899292,1,1,1.04999995231628,2003,07,38,64,64,67.1999969482422,0,66.5550689697266,2003-07-01,78.9927978515625,63.2480316162109,70.3468627929688
25025030,Meteorológica Especial,Automática con Telemetría,Córdoba,Ayapel,8.2951,-75.1646,20,12/11/2014,,Caribe,Magdalena Cauca,Bajo Magdalena- Cauca -San Jorge,Bajo San Jorge - La Mojana,1.23272728919983,1.47272729873657,2,2,0.659420311450958,0.66304349899292,1,1,1.04999995231628,2003,07,39,11,11,11.5499994754791,0,33.4410095214844,2003-07-01,39.8654174804688,30.006721496582,34.5110397338867
25025030,Meteorológica Especial,Automática con Telemetría,Córdoba,Ayapel,8.2951,-75.1646,20,12/11/2014,,Caribe,Magdalena Cauca,Bajo Magdalena- Cauca -San Jorge,Bajo San Jorge - La Mojana,1.23272728919983,1.47272729873657,2,2,0.659420311450958,0.66304349899292,1,1,1.04999995231628,2003,07,40,57,57,59.8499972820282,0,48.4872589111328,2003-07-01,58.1393127441406,46.2007942199707,55.3992118835449
25025030,Meteorológica Especial,Automática con Telemetría,Córdoba,Ayapel,8.2951,-75.1646,20,12/11/2014,,Caribe,Magdalena Cauca,Bajo Magdalena- Cauca -San Jorge,Bajo San Jorge - La Mojana,1.23272728919983,1.47272729873657,2,2,0.659420311450958,0.66304349899292,1,1,1.04999995231628,2003,07,41,118,29,30.4499986171722,1,45.4697532653809,2003-07-01,50.2982139587402,67.2364883422852,73.1605606079102
25025030,Meteorológica Especial,Automática con Telemetría,Córdoba,Ayapel,8.2951,-75.1646,20,12/11/2014,,Caribe,Magdalena Cauca,Bajo Magdalena- Cauca -San Jorge,Bajo San Jorge - La Mojana,1.23272728919983,1.47272729873657,2,2,0.659420311450958,0.66304349899292,1,1,1.04999995231628,2003,07,42,31,31,32.5499985218048,0,91.9660339355469,2003-07-01,98.6250839233399,73.341667175293,83.688232421875
25025030,Meteorológica Especial,Automática con Telemetría,Córdoba,Ayapel,8.2951,-75.1646,20,12/11/2014,,Caribe,Magdalena Cauca,Bajo Magdalena- Cauca -San Jorge,Bajo San Jorge - La Mojana,1.23272728919983,1.47272729873657,2,2,0.659420311450958,0.66304349899292,1,1,1.04999995231628,2003,08,43,125,42,44.0999979972839,1,55.5935516357422,2003-08-01,65.3571243286133,63.4323883056641,72.5273284912109
25025030,Meteorológica Especial,Automática con Telemetría,Córdoba,Ayapel,8.2951,-75.1646,20,12/11/2014,,Caribe,Magdalena Cauca,Bajo Magdalena- Cauca -San Jorge,Bajo San Jorge - La Mojana,1.23272728919983,1.47272729873657,2,2,0.659420311450958,0.66304349899292,1,1,1.04999995231628,2003,08,44,26,26,27.2999987602234,0,55.4704971313477,2003-08-01,60.0208053588867,43.8412170410156,50.552173614502
25025030,Meteorológica Especial,Automática con Telemetría,Córdoba,Ayapel,8.2951,-75.1646,20,12/11/2014,,Caribe,Magdalena Cauca,Bajo Magdalena- Cauca -San Jorge,Bajo San Jorge - La Mojana,1.23272728919983,1.47272729873657,2,2,0.659420311450958,0.66304349899292,1,1,1.04999995231628,2003,08,45,176,1,1.04999995231628,2,65.6481857299805,2003-08-01,73.8073425292969,83.9669876098633,93.0290985107422
25025030,Meteorológica Especial,Automática con Telemetría,Córdoba,Ayapel,8.2951,-75.1646,20,12/11/2014,,Caribe,Magdalena Cauca,Bajo Magdalena- Cauca -San Jorge,Bajo San Jorge - La Mojana,1.23272728919983,1.47272729873657,2,2,0.659420311450958,0.66304349899292,1,1,1.04999995231628,2003,08,46,48,48,50.3999977111817,0,70.7187881469727,2003-08-01,82.9760894775391,57.712329864502,66.7986068725586
25025030,Meteorológica Especial,Automática con Telemetría,Córdoba,Ayapel,8.2951,-75.1646,20,12/11/2014,,Caribe,Magdalena Cauca,Bajo Magdalena- Cauca -San Jorge,Bajo San Jorge - La Mojana,1.23272728919983,1.47272729873657,2,2,0.659420311450958,0.66304349899292,1,1,1.04999995231628,2003,08,47,54,54,56.6999974250794,0,38.9871025085449,2003-08-01,40.9160003662109,38.9244575500488,43.1894912719727
25025030,Meteorológica Especial,Automática con Telemetría,Córdoba,Ayapel,8.2951,-75.1646,20,12/11/2014,,Caribe,Magdalena Cauca,Bajo Magdalena- Cauca -San Jorge,Bajo San Jorge - La Mojana,1.23272728919983,1.47272729873657,2,2,0.659420311450958,0.66304349899292,1,1,1.04999995231628,2003,08,48,69,69,72.4499967098236,0,73.1945266723633,2003-08-01,69.212028503418,72.2766952514649,83.2669296264649
25025030,Meteorológica Especial,Automática con Telemetría,Córdoba,Ayapel,8.2951,-75.1646,20,12/11/2014,,Caribe,Magdalena Cauca,Bajo Magdalena- Cauca -San Jorge,Bajo San Jorge - La Mojana,1.23272728919983,1.47272729873657,2,2,0.659420311450958,0.66304349899292,1,1,1.04999995231628,2003,09,49,36,36,37.7999982833862,0,43.2054786682129,2003-09-01,49.9256439208984,36.9615173339844,42.7347412109375
25025030,Meteorológica Especial,Automática con Telemetría,Córdoba,Ayapel,8.2951,-75.1646,20,12/11/2014,,Caribe,Magdalena Cauca,Bajo Magdalena- Cauca -San Jorge,Bajo San Jorge - La Mojana,1.23272728919983,1.47272729873657,2,2,0.659420311450958,0.66304349899292,1,1,1.04999995231628,2003,09,50,17,17,17.8499991893768,0,55.1588821411133,2003-09-01,65.9978485107422,29.8733921051025,34.1901512145996
25025030,Meteorológica Especial,Automática con Telemetría,Córdoba,Ayapel,8.2951,-75.1646,20,12/11/2014,,Caribe,Magdalena Cauca,Bajo Magdalena- Cauca -San Jorge,Bajo San Jorge - La Mojana,1.23272728919983,1.47272729873657,2,2,0.659420311450958,0.66304349899292,1,1,1.04999995231628,2003,09,51,39,39,40.9499981403351,0,45.3330459594727,2003-09-01,46.5452079772949,32.8745269775391,33.9602241516113
25025030,Meteorológica Especial,Automática con Telemetría,Córdoba,Ayapel,8.2951,-75.1646,20,12/11/2014,,Caribe,Magdalena Cauca,Bajo Magdalena- Cauca -San Jorge,Bajo San Jorge - La Mojana,1.23272728919983,1.47272729873657,2,2,0.659420311450958,0.66304349899292,1,1,1.04999995231628,2003,09,52,46,46,48.2999978065491,0,44.9359397888184,2003-09-01,50.2562561035156,61.2685127258301,68.1012802124024
25025030,Meteorológica Especial,Automática con Telemetría,Córdoba,Ayapel,8.2951,-75.1646,20,12/11/2014,,Caribe,Magdalena Cauca,Bajo Magdalena- Cauca -San Jorge,Bajo San Jorge - La Mojana,1.23272728919983,1.47272729873657,2,2,0.659420311450958,0.66304349899292,1,1,1.04999995231628,2003,09,53,74,74,77.699996471405,0,67.5876159667969,2003-09-01,80.3380584716797,86.6177291870117,92.2108764648438
25025030,Meteorológica Especial,Automática con Telemetría,Córdoba,Ayapel,8.2951,-75.1646,20,12/11/2014,,Caribe,Magdalena Cauca,Bajo Magdalena- Cauca -San Jorge,Bajo San Jorge - La Mojana,1.23272728919983,1.47272729873657,2,2,0.659420311450958,0.66304349899292,1,1,1.04999995231628,2003,09,54,26,26,27.2999987602234,2,51.1803207397461,2003-09-01,50.1388549804688,59.3133392333984,60.8072242736817
25025030,Meteorológica Especial,Automática con Telemetría,Córdoba,Ayapel,8.2951,-75.1646,20,12/11/2014,,Caribe,Magdalena Cauca,Bajo Magdalena- Cauca -San Jorge,Bajo San Jorge - La Mojana,1.23272728919983,1.47272729873657,2,2,0.659420311450958,0.66304349899292,1,1,1.04999995231628,2003,10,55,0,0,0,0,44.9017448425293,2003-10-01,43.5158348083496,21.7242164611816,23.8282699584961
25025030,Meteorológica Especial,Automática con Telemetría,Córdoba,Ayapel,8.2951,-75.1646,20,12/11/2014,,Caribe,Magdalena Cauca,Bajo Magdalena- Cauca -San Jorge,Bajo San Jorge - La Mojana,1.23272728919983,1.47272729873657,2,2,0.659420311450958,0.66304349899292,1,1,1.04999995231628,2003,10,56,21,21,22.049998998642,0,52.5517959594727,2003-10-01,44.5480575561523,56.7024650573731,57.9609642028809
25025030,Meteorológica Especial,Automática con Telemetría,Córdoba,Ayapel,8.2951,-75.1646,20,12/11/2014,,Caribe,Magdalena Cauca,Bajo Magdalena- Cauca -San Jorge,Bajo San Jorge - La Mojana,1.23272728919983,1.47272729873657,2,2,0.659420311450958,0.66304349899292,1,1,1.04999995231628,2003,10,57,79,79,82.9499962329865,0,51.2075271606445,2003-10-01,41.3105316162109,52.2856216430664,57.0129814147949
25025030,Meteorológica Especial,Automática con Telemetría,Córdoba,Ayapel,8.2951,-75.1646,20,12/11/2014,,Caribe,Magdalena Cauca,Bajo Magdalena- Cauca -San Jorge,Bajo San Jorge - La Mojana,1.23272728919983,1.47272729873657,2,2,0.659420311450958,0.66304349899292,1,1,1.04999995231628,2003,10,58,96,96,100.799995422363,0,22.4412651062012,2003-10-01,13.1318683624268,42.4368667602539,17.843433380127
25025030,Meteorológica Especial,Automática con Telemetría,Córdoba,Ayapel,8.2951,-75.1646,20,12/11/2014,,Caribe,Magdalena Cauca,Bajo Magdalena- Cauca -San Jorge,Bajo San Jorge - La Mojana,1.23272728919983,1.47272729873657,2,2,0.659420311450958,0.66304349899292,1,1,1.04999995231628,2003,10,59,13,13,13.6499993801117,0,55.6244812011719,2003-10-01,48.5996131896973,29.7569255828857,31.0201244354248
25025030,Meteorológica Especial,Automática con Telemetría,Córdoba,Ayapel,8.2951,-75.1646,20,12/11/2014,,Caribe,Magdalena Cauca,Bajo Magdalena- Cauca -San Jorge,Bajo San Jorge - La Mojana,1.23272728919983,1.47272729873657,2,2,0.659420311450958,0.66304349899292,1,1,1.04999995231628,2003,10,60,49,49,51.4499976634979,0,55.4104843139649,2003-10-01,39.3039512634277,51.67529296875,53.8010025024414
25025030,Meteorológica Especial,Automática con Telemetría,Córdoba,Ayapel,8.2951,-75.1646,20,12/11/2014,,Caribe,Magdalena Cauca,Bajo Magdalena- Cauca -San Jorge,Bajo San Jorge - La Mojana,1.23272728919983,1.47272729873657,2,2,0.659420311450958,0.66304349899292,1,1,1.04999995231628,2003,11,61,143.6,143.6,150.779993152618,0,34.9290161132813,2003-11-01,22.7717266082764,56.0254211425781,40.8939476013184
25025030,Meteorológica Especial,Automática con Telemetría,Córdoba,Ayapel,8.2951,-75.1646,20,12/11/2014,,Caribe,Magdalena Cauca,Bajo Magdalena- Cauca -San Jorge,Bajo San Jorge - La Mojana,1.23272728919983,1.47272729873657,2,2,0.659420311450958,0.66304349899292,1,1,1.04999995231628,2003,11,62,113,113,118.64999461174,0,75.3593215942383,2003-11-01,65.3325958251953,99.8276977539063,98.7299118041992
25025030,Meteorológica Especial,Automática con Telemetría,Córdoba,Ayapel,8.2951,-75.1646,20,12/11/2014,,Caribe,Magdalena Cauca,Bajo Magdalena- Cauca -San Jorge,Bajo San Jorge - La Mojana,1.23272728919983,1.47272729873657,2,2,0.659420311450958,0.66304349899292,1,1,1.04999995231628,2003,11,63,59,59,61.9499971866608,0,82.987922668457,2003-11-01,75.8654022216797,55.1696929931641,59.7562484741211
25025030,Meteorológica Especial,Automática con Telemetría,Córdoba,Ayapel,8.2951,-75.1646,20,12/11/2014,,Caribe,Magdalena Cauca,Bajo Magdalena- Cauca -San Jorge,Bajo San Jorge - La Mojana,1.23272728919983,1.47272729873657,2,2,0.659420311450958,0.66304349899292,1,1,1.04999995231628,2003,11,64,39,39,40.9499981403351,0,40.8614006042481,2003-11-01,30.2812175750732,35.1067886352539,33.3550262451172
25025030,Meteorológica Especial,Automática con Telemetría,Córdoba,Ayapel,8.2951,-75.1646,20,12/11/2014,,Caribe,Magdalena Cauca,Bajo Magdalena- Cauca -San Jorge,Bajo San Jorge - La Mojana,1.23272728919983,1.47272729873657,2,2,0.659420311450958,0.66304349899292,1,1,1.04999995231628,2003,11,65,1,1,1.04999995231628,0,83.0593566894531,2003-11-01,72.4141387939453,39.9587593078613,38.6581954956055
25025030,Meteorológica Especial,Automática con Telemetría,Córdoba,Ayapel,8.2951,-75.1646,20,12/11/2014,,Caribe,Magdalena Cauca,Bajo Magdalena- Cauca -San Jorge,Bajo San Jorge - La Mojana,1.23272728919983,1.47272729873657,2,2,0.659420311450958,0.66304349899292,1,1,1.04999995231628,2003,11,66,5,5,5.24999976158142,0,47.123218536377,2003-11-01,40.6432609558105,34.6117095947266,32.7322540283203
25025030,Meteorológica Especial,Automática con Telemetría,Córdoba,Ayapel,8.2951,-75.1646,20,12/11/2014,,Caribe,Magdalena Cauca,Bajo Magdalena- Cauca -San Jorge,Bajo San Jorge - La Mojana,1.23272728919983,1.47272729873657,2,2,0.659420311450958,0.66304349899292,1,1,1.07000005245209,2003,12,67,7,7,7.49000036716461,0,39.0602874755859,2003-12-01,34.6798362731934,31.3363475799561,32.7854881286621
25025030,Meteorológica Especial,Automática con Telemetría,Córdoba,Ayapel,8.2951,-75.1646,20,12/11/2014,,Caribe,Magdalena Cauca,Bajo Magdalena- Cauca -San Jorge,Bajo San Jorge - La Mojana,1.23272728919983,1.47272729873657,2,2,0.659420311450958,0.66304349899292,1,1,1.07000005245209,2003,12,68,12,12,12.840000629425,0,10.9447889328003,2003-12-01,7.78225517272949,12.6456098556519,12.0381994247437
25025030,Meteorológica Especial,Automática con Telemetría,Córdoba,Ayapel,8.2951,-75.1646,20,12/11/2014,,Caribe,Magdalena Cauca,Bajo Magdalena- Cauca -San Jorge,Bajo San Jorge - La Mojana,1.23272728919983,1.47272729873657,2,2,0.659420311450958,0.66304349899292,1,1,1.07000005245209,2003,12,69,7,7,7.49000036716461,0,22.2322425842285,2003-12-01,18.9997158050537,10.8117237091064,9.85369682312012
25025030,Meteorológica Especial,Automática con Telemetría,Córdoba,Ayapel,8.2951,-75.1646,20,12/11/2014,,Caribe,Magdalena Cauca,Bajo Magdalena- Cauca -San Jorge,Bajo San Jorge - La Mojana,1.23272728919983,1.47272729873657,2,2,0.659420311450958,0.66304349899292,1,1,1.07000005245209,2003,12,70,0,0,0,0,17.9658374786377,2003-12-01,8.8612003326416,8.40444946289063,5.52732181549072
25025030,Meteorológica Especial,Automática con Telemetría,Córdoba,Ayapel,8.2951,-75.1646,20,12/11/2014,,Caribe,Magdalena Cauca,Bajo Magdalena- Cauca -San Jorge,Bajo San Jorge - La Mojana,1.23272728919983,1.47272729873657,2,2,0.659420311450958,0.66304349899292,1,1,1.07000005245209,2003,12,71,0,0,0,0,29.4982089996338,2003-12-01,18.8000926971436,8.73480892181397,5.96482849121094
25025030,Meteorológica Especial,Automática con Telemetría,Córdoba,Ayapel,8.2951,-75.1646,20,12/11/2014,,Caribe,Magdalena Cauca,Bajo Magdalena- Cauca -San Jorge,Bajo San Jorge - La Mojana,1.23272728919983,1.47272729873657,2,2,0.659420311450958,0.66304349899292,1,1,1.07000005245209,2003,12,72,2,2,2.14000010490417,0,10.4725923538208,2003-12-01,0,6.42159843444824,0
25025030,Meteorológica Especial,Automática con Telemetría,Córdoba,Ayapel,8.2951,-75.1646,20,12/11/2014,,Caribe,Magdalena Cauca,Bajo Magdalena- Cauca -San Jorge,Bajo San Jorge - La Mojana,1.23272728919983,1.47272729873657,2,2,0.659420311450958,0.66304349899292,1,1,1.08000004291534,2004,01,1,0,0,0,5,7.20547389984131,2004-01-01,3.76474142074585,2.29618453979492,1.95112907886505
25025030,Meteorológica Especial,Automática con Telemetría,Córdoba,Ayapel,8.2951,-75.1646,20,12/11/2014,,Caribe,Magdalena Cauca,Bajo Magdalena- Cauca -San Jorge,Bajo San Jorge - La Mojana,1.23272728919983,1.47272729873657,2,2,0.659420311450958,0.66304349899292,1,1,1.08000004291534,2004,01,2,0,0,0,5,19.5224742889404,2004-01-01,24.0436973571777,8.507004737854,11.2369394302368
25025030,Meteorológica Especial,Automática con Telemetría,Córdoba,Ayapel,8.2951,-75.1646,20,12/11/2014,,Caribe,Magdalena Cauca,Bajo Magdalena- Cauca -San Jorge,Bajo San Jorge - La Mojana,1.23272728919983,1.47272729873657,2,2,0.659420311450958,0.66304349899292,1,1,1.08000004291534,2004,01,3,0,0,0,5,3.16390776634216,2004-01-01,0,1.73218858242035,0
25025030,Meteorológica Especial,Automática con Telemetría,Córdoba,Ayapel,8.2951,-75.1646,20,12/11/2014,,Caribe,Magdalena Cauca,Bajo Magdalena- Cauca -San Jorge,Bajo San Jorge - La Mojana,1.23272728919983,1.47272729873657,2,2,0.659420311450958,0.66304349899292,1,1,1.08000004291534,2004,01,4,0,0,0,5,1.49548804759979,2004-01-01,0,0.742388427257538,0
25025030,Meteorológica Especial,Automática con Telemetría,Córdoba,Ayapel,8.2951,-75.1646,20,12/11/2014,,Caribe,Magdalena Cauca,Bajo Magdalena- Cauca -San Jorge,Bajo San Jorge - La Mojana,1.23272728919983,1.47272729873657,2,2,0.659420311450958,0.66304349899292,1,1,1.08000004291534,2004,01,5,0,0,0,5,1.41628217697144,2004-01-01,0,0.750962436199188,0
25025030,Meteorológica Especial,Automática con Telemetría,Córdoba,Ayapel,8.2951,-75.1646,20,12/11/2014,,Caribe,Magdalena Cauca,Bajo Magdalena- Cauca -San Jorge,Bajo San Jorge - La Mojana,1.23272728919983,1.47272729873657,2,2,0.659420311450958,0.66304349899292,1,1,1.08000004291534,2004,01,6,0,0,0,6,2.98064732551575,2004-01-01,0,1.32373118400574,0
25025030,Meteorológica Especial,Automática con Telemetría,Córdoba,Ayapel,8.2951,-75.1646,20,12/11/2014,,Caribe,Magdalena Cauca,Bajo Magdalena- Cauca -San Jorge,Bajo San Jorge - La Mojana,1.23272728919983,1.47272729873657,2,2,0.659420311450958,0.66304349899292,1,1,1.11000001430511,2004,02,7,0,0,0,5,1.82033491134644,2004-02-01,0.206891357898712,1.31566643714905,0.277943283319473
25025030,Meteorológica Especial,Automática con Telemetría,Córdoba,Ayapel,8.2951,-75.1646,20,12/11/2014,,Caribe,Magdalena Cauca,Bajo Magdalena- Cauca -San Jorge,Bajo San Jorge - La Mojana,1.23272728919983,1.47272729873657,2,2,0.659420311450958,0.66304349899292,1,1,1.11000001430511,2004,02,8,0,0,0,5,1.78382575511932,2004-02-01,1.63348829746246,1.33175778388977,1.62231349945068
25025030,Meteorológica Especial,Automática con Telemetría,Córdoba,Ayapel,8.2951,-75.1646,20,12/11/2014,,Caribe,Magdalena Cauca,Bajo Magdalena- Cauca -San Jorge,Bajo San Jorge - La Mojana,1.23272728919983,1.47272729873657,2,2,0.659420311450958,0.66304349899292,1,1,1.11000001430511,2004,02,9,0,0,0,5,1.77907001972198,2004-02-01,1.03784084320068,1.51241385936737,1.04471480846405
25025030,Meteorológica Especial,Automática con Telemetría,Córdoba,Ayapel,8.2951,-75.1646,20,12/11/2014,,Caribe,Magdalena Cauca,Bajo Magdalena- Cauca -San Jorge,Bajo San Jorge - La Mojana,1.23272728919983,1.47272729873657,2,2,0.659420311450958,0.66304349899292,1,1,1.11000001430511,2004,02,10,0,0,0,5,1.77141332626343,2004-02-01,1.249680519104,1.32183027267456,1.05758905410767
25025030,Meteorológica Especial,Automática con Telemetría,Córdoba,Ayapel,8.2951,-75.1646,20,12/11/2014,,Caribe,Magdalena Cauca,Bajo Magdalena- Cauca -San Jorge,Bajo San Jorge - La Mojana,1.23272728919983,1.47272729873657,2,2,0.659420311450958,0.66304349899292,1,1,1.11000001430511,2004,02,11,0,0,0,5,1.76139271259308,2004-02-01,0.214416339993477,1.28760755062103,0.249972984194756
25025030,Meteorológica Especial,Automática con Telemetría,Córdoba,Ayapel,8.2951,-75.1646,20,12/11/2014,,Caribe,Magdalena Cauca,Bajo Magdalena- Cauca -San Jorge,Bajo San Jorge - La Mojana,1.23272728919983,1.47272729873657,2,2,0.659420311450958,0.66304349899292,1,1,1.11000001430511,2004,02,12,0,0,0,4,1.04386961460114,2004-02-01,0,1.03798961639404,0
25025030,Meteorológica Especial,Automática con Telemetría,Córdoba,Ayapel,8.2951,-75.1646,20,12/11/2014,,Caribe,Magdalena Cauca,Bajo Magdalena- Cauca -San Jorge,Bajo San Jorge - La Mojana,1.23272728919983,1.47272729873657,2,2,0.659420311450958,0.66304349899292,1,1,1.10000002384186,2004,03,13,0,0,0,5,2.48476123809814,2004-03-01,0,2.41378617286682,0
25025030,Meteorológica Especial,Automática con Telemetría,Córdoba,Ayapel,8.2951,-75.1646,20,12/11/2014,,Caribe,Magdalena Cauca,Bajo Magdalena- Cauca -San Jorge,Bajo San Jorge - La Mojana,1.23272728919983,1.47272729873657,2,2,0.659420311450958,0.66304349899292,1,1,1.10000002384186,2004,03,14,0,0,0,5,4.58413743972778,2004-03-01,0,4.49867153167725,0
25025030,Meteorológica Especial,Automática con Telemetría,Córdoba,Ayapel,8.2951,-75.1646,20,12/11/2014,,Caribe,Magdalena Cauca,Bajo Magdalena- Cauca -San Jorge,Bajo San Jorge - La Mojana,1.23272728919983,1.47272729873657,2,2,0.659420311450958,0.66304349899292,1,1,1.10000002384186,2004,03,15,0,0,0,5,1.85659372806549,2004-03-01,0,2.08532476425171,0
25025030,Meteorológica Especial,Automática con Telemetría,Córdoba,Ayapel,8.2951,-75.1646,20,12/11/2014,,Caribe,Magdalena Cauca,Bajo Magdalena- Cauca -San Jorge,Bajo San Jorge - La Mojana,1.23272728919983,1.47272729873657,2,2,0.659420311450958,0.66304349899292,1,1,1.10000002384186,2004,03,16,0,0,0,5,1.65410470962524,2004-03-01,0,1.8377640247345,0
25025030,Meteorológica Especial,Automática con Telemetría,Córdoba,Ayapel,8.2951,-75.1646,20,12/11/2014,,Caribe,Magdalena Cauca,Bajo Magdalena- Cauca -San Jorge,Bajo San Jorge - La Mojana,1.23272728919983,1.47272729873657,2,2,0.659420311450958,0.66304349899292,1,1,1.10000002384186,2004,03,17,0,0,0,5,1.65181958675385,2004-03-01,0,2.56131720542908,0
25025030,Meteorológica Especial,Automática con Telemetría,Córdoba,Ayapel,8.2951,-75.1646,20,12/11/2014,,Caribe,Magdalena Cauca,Bajo Magdalena- Cauca -San Jorge,Bajo San Jorge - La Mojana,1.23272728919983,1.47272729873657,2,2,0.659420311450958,0.66304349899292,1,1,1.10000002384186,2004,03,18,0,0,0,6,2.69006586074829,2004-03-01,0,3.04048991203308,0
25025030,Meteorológica Especial,Automática con Telemetría,Córdoba,Ayapel,8.2951,-75.1646,20,12/11/2014,,Caribe,Magdalena Cauca,Bajo Magdalena- Cauca -San Jorge,Bajo San Jorge - La Mojana,1.23272728919983,1.47272729873657,2,2,0.659420311450958,0.66304349899292,1,1,1.05999994277954,2004,04,19,1,1,1.05999994277954,0,14.6873502731323,2004-04-01,12.6130104064941,13.1729431152344,10.6364965438843
25025030,Meteorológica Especial,Automática con Telemetría,Córdoba,Ayapel,8.2951,-75.1646,20,12/11/2014,,Caribe,Magdalena Cauca,Bajo Magdalena- Cauca -San Jorge,Bajo San Jorge - La Mojana,1.23272728919983,1.47272729873657,2,2,0.659420311450958,0.66304349899292,1,1,1.05999994277954,2004,04,20,3,3,3.17999982833862,0,14.8970432281494,2004-04-01,13.5227899551392,19.0362510681152,24.1341381072998
25025030,Meteorológica Especial,Automática con Telemetría,Córdoba,Ayapel,8.2951,-75.1646,20,12/11/2014,,Caribe,Magdalena Cauca,Bajo Magdalena- Cauca -San Jorge,Bajo San Jorge - La Mojana,1.23272728919983,1.47272729873657,2,2,0.659420311450958,0.66304349899292,1,1,1.05999994277954,2004,04,21,7,7,7.41999959945679,0,24.9369068145752,2004-04-01,22.8402462005615,21.4815254211426,18.8994159698486
25025030,Meteorológica Especial,Automática con Telemetría,Córdoba,Ayapel,8.2951,-75.1646,20,12/11/2014,,Caribe,Magdalena Cauca,Bajo Magdalena- Cauca -San Jorge,Bajo San Jorge - La Mojana,1.23272728919983,1.47272729873657,2,2,0.659420311450958,0.66304349899292,1,1,1.05999994277954,2004,04,22,68,68,72.0799961090088,0,32.3157768249512,2004-04-01,34.3605651855469,53.551082611084,50.5538063049317
25025030,Meteorológica Especial,Automática con Telemetría,Córdoba,Ayapel,8.2951,-75.1646,20,12/11/2014,,Caribe,Magdalena Cauca,Bajo Magdalena- Cauca -San Jorge,Bajo San Jorge - La Mojana,1.23272728919983,1.47272729873657,2,2,0.659420311450958,0.66304349899292,1,1,1.05999994277954,2004,04,23,80,10,10.5999994277954,1,26.0761661529541,2004-04-01,29.8679714202881,40.9051742553711,41.0317268371582
25025030,Meteorológica Especial,Automática con Telemetría,Córdoba,Ayapel,8.2951,-75.1646,20,12/11/2014,,Caribe,Magdalena Cauca,Bajo Magdalena- Cauca -San Jorge,Bajo San Jorge - La Mojana,1.23272728919983,1.47272729873657,2,2,0.659420311450958,0.66304349899292,1,1,1.05999994277954,2004,04,24,0,0,0,0,21.5260620117188,2004-04-01,18.1832313537598,12.7637634277344,10.8487501144409
25025030,Meteorológica Especial,Automática con Telemetría,Córdoba,Ayapel,8.2951,-75.1646,20,12/11/2014,,Caribe,Magdalena Cauca,Bajo Magdalena- Cauca -San Jorge,Bajo San Jorge - La Mojana,1.23272728919983,1.47272729873657,2,2,0.659420311450958,0.66304349899292,1,1,1.04999995231628,2004,05,25,37,37,38.8499982357025,0,50.2709159851074,2004-05-01,49.2182540893555,43.2551727294922,44.3662719726563
25025030,Meteorológica Especial,Automática con Telemetría,Córdoba,Ayapel,8.2951,-75.1646,20,12/11/2014,,Caribe,Magdalena Cauca,Bajo Magdalena- Cauca -San Jorge,Bajo San Jorge - La Mojana,1.23272728919983,1.47272729873657,2,2,0.659420311450958,0.66304349899292,1,1,1.04999995231628,2004,05,26,33,33,34.6499984264374,0,57.8619270324707,2004-05-01,52.067756652832,50.5701217651367,51.6324348449707
25025030,Meteorológica Especial,Automática con Telemetría,Córdoba,Ayapel,8.2951,-75.1646,20,12/11/2014,,Caribe,Magdalena Cauca,Bajo Magdalena- Cauca -San Jorge,Bajo San Jorge - La Mojana,1.23272728919983,1.47272729873657,2,2,0.659420311450958,0.66304349899292,1,1,1.04999995231628,2004,05,27,24,24,25.1999988555908,0,71.5342483520508,2004-05-01,67.7094879150391,51.3350143432617,54.3265914916992
25025030,Meteorológica Especial,Automática con Telemetría,Córdoba,Ayapel,8.2951,-75.1646,20,12/11/2014,,Caribe,Magdalena Cauca,Bajo Magdalena- Cauca -San Jorge,Bajo San Jorge - La Mojana,1.23272728919983,1.47272729873657,2,2,0.659420311450958,0.66304349899292,1,1,1.04999995231628,2004,05,28,55,55,57.7499973773956,0,51.3177452087402,2004-05-01,46.0860176086426,46.4733772277832,44.5209617614746
25025030,Meteorológica Especial,Automática con Telemetría,Córdoba,Ayapel,8.2951,-75.1646,20,12/11/2014,,Caribe,Magdalena Cauca,Bajo Magdalena- Cauca -San Jorge,Bajo San Jorge - La Mojana,1.23272728919983,1.47272729873657,2,2,0.659420311450958,0.66304349899292,1,1,1.04999995231628,2004,05,29,75,75,78.7499964237213,0,41.5534477233887,2004-05-01,39.7337532043457,62.1717376708984,69.0918579101563
25025030,Meteorológica Especial,Automática con Telemetría,Córdoba,Ayapel,8.2951,-75.1646,20,12/11/2014,,Caribe,Magdalena Cauca,Bajo Magdalena- Cauca -San Jorge,Bajo San Jorge - La Mojana,1.23272728919983,1.47272729873657,2,2,0.659420311450958,0.66304349899292,1,1,1.04999995231628,2004,05,30,57.6,57.6,60.479997253418,0,94.557487487793,2004-05-01,86.1539154052734,94.3908767700195,91.4383544921875
25025030,Meteorológica Especial,Automática con Telemetría,Córdoba,Ayapel,8.2951,-75.1646,20,12/11/2014,,Caribe,Magdalena Cauca,Bajo Magdalena- Cauca -San Jorge,Bajo San Jorge - La Mojana,1.23272728919983,1.47272729873657,2,2,0.659420311450958,0.66304349899292,1,1,1.04999995231628,2004,06,31,16.6,16.6,17.4299992084503,0,63.4106521606445,2004-06-01,69.0597915649414,38.5509948730469,42.2362403869629
25025030,Meteorológica Especial,Automática con Telemetría,Córdoba,Ayapel,8.2951,-75.1646,20,12/11/2014,,Caribe,Magdalena Cauca,Bajo Magdalena- Cauca -San Jorge,Bajo San Jorge - La Mojana,1.23272728919983,1.47272729873657,2,2,0.659420311450958,0.66304349899292,1,1,1.04999995231628,2004,06,32,52.2,52.2,54.80999751091,0,42.3272399902344,2004-06-01,48.2784194946289,44.7648811340332,51.1972274780274
25025030,Meteorológica Especial,Automática con Telemetría,Córdoba,Ayapel,8.2951,-75.1646,20,12/11/2014,,Caribe,Magdalena Cauca,Bajo Magdalena- Cauca -San Jorge,Bajo San Jorge - La Mojana,1.23272728919983,1.47272729873657,2,2,0.659420311450958,0.66304349899292,1,1,1.04999995231628,2004,06,33,22,22,23.0999989509583,0,42.6698875427246,2004-06-01,47.8762016296387,30.6281719207764,34.6979751586914
25025030,Meteorológica Especial,Automática con Telemetría,Córdoba,Ayapel,8.2951,-75.1646,20,12/11/2014,,Caribe,Magdalena Cauca,Bajo Magdalena- Cauca -San Jorge,Bajo San Jorge - La Mojana,1.23272728919983,1.47272729873657,2,2,0.659420311450958,0.66304349899292,1,1,1.04999995231628,2004,06,34,183.4,70.4,73.9199966430664,1,60.6365623474121,2004-06-01,75.5739212036133,100.729904174805,113.016647338867
25025030,Meteorológica Especial,Automática con Telemetría,Córdoba,Ayapel,8.2951,-75.1646,20,12/11/2014,,Caribe,Magdalena Cauca,Bajo Magdalena- Cauca -San Jorge,Bajo San Jorge - La Mojana,1.23272728919983,1.47272729873657,2,2,0.659420311450958,0.66304349899292,1,1,1.04999995231628,2004,06,35,0,0,0,0,23.838134765625,2004-06-01,29.934419631958,8.80620193481445,11.017466545105
25025030,Meteorológica Especial,Automática con Telemetría,Córdoba,Ayapel,8.2951,-75.1646,20,12/11/2014,,Caribe,Magdalena Cauca,Bajo Magdalena- Cauca -San Jorge,Bajo San Jorge - La Mojana,1.23272728919983,1.47272729873657,2,2,0.659420311450958,0.66304349899292,1,1,1.04999995231628,2004,06,36,4.5,4.5,4.72499978542328,0,21.7567176818848,2004-06-01,27.3227653503418,13.120436668396,15.5602836608887
25025030,Meteorológica Especial,Automática con Telemetría,Córdoba,Ayapel,8.2951,-75.1646,20,12/11/2014,,Caribe,Magdalena Cauca,Bajo Magdalena- Cauca -San Jorge,Bajo San Jorge - La Mojana,1.23272728919983,1.47272729873657,2,2,0.659420311450958,0.66304349899292,1,1,1.04999995231628,2004,07,37,97.8,14.8,15.539999294281,1,44.1029281616211,2004-07-01,49.6340179443359,70.8195877075195,76.6069488525391
25025030,Meteorológica Especial,Automática con Telemetría,Córdoba,Ayapel,8.2951,-75.1646,20,12/11/2014,,Caribe,Magdalena Cauca,Bajo Magdalena- Cauca -San Jorge,Bajo San Jorge - La Mojana,1.23272728919983,1.47272729873657,2,2,0.659420311450958,0.66304349899292,1,1,1.04999995231628,2004,07,38,37.8,37.8,39.6899981975555,0,50.3062553405762,2004-07-01,60.5848045349121,47.3725814819336,59.6118087768555
25025030,Meteorológica Especial,Automática con Telemetría,Córdoba,Ayapel,8.2951,-75.1646,20,12/11/2014,,Caribe,Magdalena Cauca,Bajo Magdalena- Cauca -San Jorge,Bajo San Jorge - La Mojana,1.23272728919983,1.47272729873657,2,2,0.659420311450958,0.66304349899292,1,1,1.04999995231628,2004,07,39,1,1,1.04999995231628,0,60.4724159240723,2004-07-01,71.9194412231445,35.1979751586914,41.8585891723633
25025030,Meteorológica Especial,Automática con Telemetría,Córdoba,Ayapel,8.2951,-75.1646,20,12/11/2014,,Caribe,Magdalena Cauca,Bajo Magdalena- Cauca -San Jorge,Bajo San Jorge - La Mojana,1.23272728919983,1.47272729873657,2,2,0.659420311450958,0.66304349899292,1,1,1.04999995231628,2004,07,40,120,120,125.999994277954,0,61.4036445617676,2004-07-01,73.421989440918,70.4431457519531,79.269905090332
25025030,Meteorológica Especial,Automática con Telemetría,Córdoba,Ayapel,8.2951,-75.1646,20,12/11/2014,,Caribe,Magdalena Cauca,Bajo Magdalena- Cauca -San Jorge,Bajo San Jorge - La Mojana,1.23272728919983,1.47272729873657,2,2,0.659420311450958,0.66304349899292,1,1,1.04999995231628,2004,07,41,33,33,34.6499984264374,0,57.7863235473633,2004-07-01,65.9324340820313,35.6569023132324,41.0895042419434
25025030,Meteorológica Especial,Automática con Telemetría,Córdoba,Ayapel,8.2951,-75.1646,20,12/11/2014,,Caribe,Magdalena Cauca,Bajo Magdalena- Cauca -San Jorge,Bajo San Jorge - La Mojana,1.23272728919983,1.47272729873657,2,2,0.659420311450958,0.66304349899292,1,1,1.04999995231628,2004,07,42,14.7,14.7,15.4349992990494,0,74.9287338256836,2004-07-01,79.689567565918,38.558406829834,41.8670845031738
25025030,Meteorológica Especial,Automática con Telemetría,Córdoba,Ayapel,8.2951,-75.1646,20,12/11/2014,,Caribe,Magdalena Cauca,Bajo Magdalena- Cauca -San Jorge,Bajo San Jorge - La Mojana,1.23272728919983,1.47272729873657,2,2,0.659420311450958,0.66304349899292,1,1,1.04999995231628,2004,08,43,105.7,22.7,23.8349989175797,1,87.1601943969727,2004-08-01,98.867431640625,113.907341003418,128.507034301758
25025030,Meteorológica Especial,Automática con Telemetría,Córdoba,Ayapel,8.2951,-75.1646,20,12/11/2014,,Caribe,Magdalena Cauca,Bajo Magdalena- Cauca -San Jorge,Bajo San Jorge - La Mojana,1.23272728919983,1.47272729873657,2,2,0.659420311450958,0.66304349899292,1,1,1.04999995231628,2004,08,44,125,58,60.8999972343445,1,29.8948554992676,2004-08-01,28.5269317626953,69.3801498413086,80.7071075439453
25025030,Meteorológica Especial,Automática con Telemetría,Córdoba,Ayapel,8.2951,-75.1646,20,12/11/2014,,Caribe,Magdalena Cauca,Bajo Magdalena- Cauca -San Jorge,Bajo San Jorge - La Mojana,1.23272728919983,1.47272729873657,2,2,0.659420311450958,0.66304349899292,1,1,1.04999995231628,2004,08,45,13.5,13.5,14.1749993562698,0,40.6936988830566,2004-08-01,44.8391304016113,34.1905937194824,40.1652565002441
25025030,Meteorológica Especial,Automática con Telemetría,Córdoba,Ayapel,8.2951,-75.1646,20,12/11/2014,,Caribe,Magdalena Cauca,Bajo Magdalena- Cauca -San Jorge,Bajo San Jorge - La Mojana,1.23272728919983,1.47272729873657,2,2,0.659420311450958,0.66304349899292,1,1,1.04999995231628,2004,08,46,17.5,17.5,18.374999165535,0,74.0760040283203,2004-08-01,88.2811126708984,59.2457275390625,69.5728607177734
25025030,Meteorológica Especial,Automática con Telemetría,Córdoba,Ayapel,8.2951,-75.1646,20,12/11/2014,,Caribe,Magdalena Cauca,Bajo Magdalena- Cauca -San Jorge,Bajo San Jorge - La Mojana,1.23272728919983,1.47272729873657,2,2,0.659420311450958,0.66304349899292,1,1,1.04999995231628,2004,08,47,27.8,27.8,29.1899986743927,0,55.2856369018555,2004-08-01,58.045352935791,65.3418350219727,70.3694686889649
25025030,Meteorológica Especial,Automática con Telemetría,Córdoba,Ayapel,8.2951,-75.1646,20,12/11/2014,,Caribe,Magdalena Cauca,Bajo Magdalena- Cauca -San Jorge,Bajo San Jorge - La Mojana,1.23272728919983,1.47272729873657,2,2,0.659420311450958,0.66304349899292,1,1,1.04999995231628,2004,08,48,100,100,104.999995231628,0,83.7178268432617,2004-08-01,78.6396408081055,70.6672592163086,70.9068298339844
25025030,Meteorológica Especial,Automática con Telemetría,Córdoba,Ayapel,8.2951,-75.1646,20,12/11/2014,,Caribe,Magdalena Cauca,Bajo Magdalena- Cauca -San Jorge,Bajo San Jorge - La Mojana,1.23272728919983,1.47272729873657,2,2,0.659420311450958,0.66304349899292,1,1,1.04999995231628,2004,09,49,52,52,54.5999975204468,1,36.2728652954102,2004-09-01,33.3870658874512,30.7447338104248,27.9837532043457
25025030,Meteorológica Especial,Automática con Telemetría,Córdoba,Ayapel,8.2951,-75.1646,20,12/11/2014,,Caribe,Magdalena Cauca,Bajo Magdalena- Cauca -San Jorge,Bajo San Jorge - La Mojana,1.23272728919983,1.47272729873657,2,2,0.659420311450958,0.66304349899292,1,1,1.04999995231628,2004,09,50,23.2,23.2,24.3599988937378,0,50.4752197265625,2004-09-01,56.4388618469238,29.1271572113037,30.1562042236328
25025030,Meteorológica Especial,Automática con Telemetría,Córdoba,Ayapel,8.2951,-75.1646,20,12/11/2014,,Caribe,Magdalena Cauca,Bajo Magdalena- Cauca -San Jorge,Bajo San Jorge - La Mojana,1.23272728919983,1.47272729873657,2,2,0.659420311450958,0.66304349899292,1,1,1.04999995231628,2004,09,51,30,30,31.4999985694885,0,39.6795501708984,2004-09-01,39.9670333862305,48.9105339050293,52.613883972168
25025030,Meteorológica Especial,Automática con Telemetría,Córdoba,Ayapel,8.2951,-75.1646,20,12/11/2014,,Caribe,Magdalena Cauca,Bajo Magdalena- Cauca -San Jorge,Bajo San Jorge - La Mojana,1.23272728919983,1.47272729873657,2,2,0.659420311450958,0.66304349899292,1,1,1.04999995231628,2004,09,52,63,63,66.1499969959259,1,43.884651184082,2004-09-01,46.468318939209,64.5242691040039,69.4058837890625
25025030,Meteorológica Especial,Automática con Telemetría,Córdoba,Ayapel,8.2951,-75.1646,20,12/11/2014,,Caribe,Magdalena Cauca,Bajo Magdalena- Cauca -San Jorge,Bajo San Jorge - La Mojana,1.23272728919983,1.47272729873657,2,2,0.659420311450958,0.66304349899292,1,1,1.04999995231628,2004,09,53,140,7,7.34999966621399,1,46.4147491455078,2004-09-01,47.2507705688477,53.5009498596191,50.8588066101074
25025030,Meteorológica Especial,Automática con Telemetría,Córdoba,Ayapel,8.2951,-75.1646,20,12/11/2014,,Caribe,Magdalena Cauca,Bajo Magdalena- Cauca -San Jorge,Bajo San Jorge - La Mojana,1.23272728919983,1.47272729873657,2,2,0.659420311450958,0.66304349899292,1,1,1.04999995231628,2004,09,54,67,67,70.349996805191,0,57.861011505127,2004-09-01,55.1843566894531,61.8212127685547,58.0742454528809
25025030,Meteorológica Especial,Automática con Telemetría,Córdoba,Ayapel,8.2951,-75.1646,20,12/11/2014,,Caribe,Magdalena Cauca,Bajo Magdalena- Cauca -San Jorge,Bajo San Jorge - La Mojana,1.23272728919983,1.47272729873657,2,2,0.659420311450958,0.66304349899292,1,1,1.04999995231628,2004,10,55,85,5,5.24999976158142,1,41.7134284973145,2004-10-01,39.0892105102539,50.0652809143066,47.3308258056641
25025030,Meteorológica Especial,Automática con Telemetría,Córdoba,Ayapel,8.2951,-75.1646,20,12/11/2014,,Caribe,Magdalena Cauca,Bajo Magdalena- Cauca -San Jorge,Bajo San Jorge - La Mojana,1.23272728919983,1.47272729873657,2,2,0.659420311450958,0.66304349899292,1,1,1.04999995231628,2004,10,56,33,33,34.6499984264374,0,43.3876152038574,2004-10-01,38.6796951293945,50.1706581115723,45.6906623840332
25025030,Meteorológica Especial,Automática con Telemetría,Córdoba,Ayapel,8.2951,-75.1646,20,12/11/2014,,Caribe,Magdalena Cauca,Bajo Magdalena- Cauca -San Jorge,Bajo San Jorge - La Mojana,1.23272728919983,1.47272729873657,2,2,0.659420311450958,0.66304349899292,1,1,1.04999995231628,2004,10,57,23,23,24.1499989032745,0,88.1685485839844,2004-10-01,75.0718383789063,76.5298919677734,63.9777870178223
25025030,Meteorológica Especial,Automática con Telemetría,Córdoba,Ayapel,8.2951,-75.1646,20,12/11/2014,,Caribe,Magdalena Cauca,Bajo Magdalena- Cauca -San Jorge,Bajo San Jorge - La Mojana,1.23272728919983,1.47272729873657,2,2,0.659420311450958,0.66304349899292,1,1,1.04999995231628,2004,10,58,5,5,5.24999976158142,0,72.5441055297852,2004-10-01,58.3380661010742,45.2599983215332,42.0261116027832
25025030,Meteorológica Especial,Automática con Telemetría,Córdoba,Ayapel,8.2951,-75.1646,20,12/11/2014,,Caribe,Magdalena Cauca,Bajo Magdalena- Cauca -San Jorge,Bajo San Jorge - La Mojana,1.23272728919983,1.47272729873657,2,2,0.659420311450958,0.66304349899292,1,1,1.04999995231628,2004,10,59,8,8,8.39999961853027,0,37.8396644592285,2004-10-01,32.819450378418,27.8609237670898,27.8944473266602
25025030,Meteorológica Especial,Automática con Telemetría,Córdoba,Ayapel,8.2951,-75.1646,20,12/11/2014,,Caribe,Magdalena Cauca,Bajo Magdalena- Cauca -San Jorge,Bajo San Jorge - La Mojana,1.23272728919983,1.47272729873657,2,2,0.659420311450958,0.66304349899292,1,1,1.04999995231628,2004,10,60,44,44,46.1999979019165,0,67.8085479736328,2004-10-01,51.3196754455566,49.6774597167969,46.4814682006836
25025030,Meteorológica Especial,Automática con Telemetría,Córdoba,Ayapel,8.2951,-75.1646,20,12/11/2014,,Caribe,Magdalena Cauca,Bajo Magdalena- Cauca -San Jorge,Bajo San Jorge - La Mojana,1.23272728919983,1.47272729873657,2,2,0.659420311450958,0.66304349899292,1,1,1.04999995231628,2004,11,61,39,39,40.9499981403351,0,55.4911918640137,2004-11-01,42.0468444824219,50.2892990112305,50.0945281982422
25025030,Meteorológica Especial,Automática con Telemetría,Córdoba,Ayapel,8.2951,-75.1646,20,12/11/2014,,Caribe,Magdalena Cauca,Bajo Magdalena- Cauca -San Jorge,Bajo San Jorge - La Mojana,1.23272728919983,1.47272729873657,2,2,0.659420311450958,0.66304349899292,1,1,1.04999995231628,2004,11,62,67,67,70.349996805191,0,81.7600784301758,2004-11-01,72.9930419921875,82.9031448364258,88.3556594848633
25025030,Meteorológica Especial,Automática con Telemetría,Córdoba,Ayapel,8.2951,-75.1646,20,12/11/2014,,Caribe,Magdalena Cauca,Bajo Magdalena- Cauca -San Jorge,Bajo San Jorge - La Mojana,1.23272728919983,1.47272729873657,2,2,0.659420311450958,0.66304349899292,1,1,1.04999995231628,2004,11,63,5,5,5.24999976158142,0,8.70069980621338,2004-11-01,0,10.3636131286621,0
25025030,Meteorológica Especial,Automática con Telemetría,Córdoba,Ayapel,8.2951,-75.1646,20,12/11/2014,,Caribe,Magdalena Cauca,Bajo Magdalena- Cauca -San Jorge,Bajo San Jorge - La Mojana,1.23272728919983,1.47272729873657,2,2,0.659420311450958,0.66304349899292,1,1,1.04999995231628,2004,11,64,6,6,6.29999971389771,0,47.1853675842285,2004-11-01,35.1892967224121,47.6233024597168,44.9815063476563
25025030,Meteorológica Especial,Automática con Telemetría,Córdoba,Ayapel,8.2951,-75.1646,20,12/11/2014,,Caribe,Magdalena Cauca,Bajo Magdalena- Cauca -San Jorge,Bajo San Jorge - La Mojana,1.23272728919983,1.47272729873657,2,2,0.659420311450958,0.66304349899292,1,1,1.04999995231628,2004,11,65,12,12,12.5999994277954,0,35.0576896667481,2004-11-01,26.5907001495361,24.0674591064453,21.3184986114502
25025030,Meteorológica Especial,Automática con Telemetría,Córdoba,Ayapel,8.2951,-75.1646,20,12/11/2014,,Caribe,Magdalena Cauca,Bajo Magdalena- Cauca -San Jorge,Bajo San Jorge - La Mojana,1.23272728919983,1.47272729873657,2,2,0.659420311450958,0.66304349899292,1,1,1.04999995231628,2004,11,66,10,10,10.4999995231628,1,37.7539939880371,2004-11-01,28.7528800964355,19.2148571014404,15.163013458252
25025030,Meteorológica Especial,Automática con Telemetría,Córdoba,Ayapel,8.2951,-75.1646,20,12/11/2014,,Caribe,Magdalena Cauca,Bajo Magdalena- Cauca -San Jorge,Bajo San Jorge - La Mojana,1.23272728919983,1.47272729873657,2,2,0.659420311450958,0.66304349899292,1,1,1.07000005245209,2004,12,67,17,17,18.1900008916855,0,3.53123235702515,2004-12-01,0,5.72541522979736,0
25025030,Meteorológica Especial,Automática con Telemetría,Córdoba,Ayapel,8.2951,-75.1646,20,12/11/2014,,Caribe,Magdalena Cauca,Bajo Magdalena- Cauca -San Jorge,Bajo San Jorge - La Mojana,1.23272728919983,1.47272729873657,2,2,0.659420311450958,0.66304349899292,1,1,1.07000005245209,2004,12,68,17,17,18.1900008916855,0,23.9107990264893,2004-12-01,22.7457885742188,21.9086284637451,27.3099727630615
25025030,Meteorológica Especial,Automática con Telemetría,Córdoba,Ayapel,8.2951,-75.1646,20,12/11/2014,,Caribe,Magdalena Cauca,Bajo Magdalena- Cauca -San Jorge,Bajo San Jorge - La Mojana,1.23272728919983,1.47272729873657,2,2,0.659420311450958,0.66304349899292,1,1,1.07000005245209,2004,12,69,23,23,24.610001206398,0,8.89223766326904,2004-12-01,3.60109424591064,9.91281509399414,7.97187805175781
25025030,Meteorológica Especial,Automática con Telemetría,Córdoba,Ayapel,8.2951,-75.1646,20,12/11/2014,,Caribe,Magdalena Cauca,Bajo Magdalena- Cauca -San Jorge,Bajo San Jorge - La Mojana,1.23272728919983,1.47272729873657,2,2,0.659420311450958,0.66304349899292,1,1,1.07000005245209,2004,12,70,0,0,0,0,3.51933002471924,2004-12-01,0,2.04085850715637,0
25025030,Meteorológica Especial,Automática con Telemetría,Córdoba,Ayapel,8.2951,-75.1646,20,12/11/2014,,Caribe,Magdalena Cauca,Bajo Magdalena- Cauca -San Jorge,Bajo San Jorge - La Mojana,1.23272728919983,1.47272729873657,2,2,0.659420311450958,0.66304349899292,1,1,1.07000005245209,2004,12,71,0,0,0,0,6.59783792495728,2004-12-01,0,3.06086802482605,0
25025030,Meteorológica Especial,Automática con Telemetría,Córdoba,Ayapel,8.2951,-75.1646,20,12/11/2014,,Caribe,Magdalena Cauca,Bajo Magdalena- Cauca -San Jorge,Bajo San Jorge - La Mojana,1.23272728919983,1.47272729873657,2,2,0.659420311450958,0.66304349899292,1,1,1.07000005245209,2004,12,72,0,0,0,1,5.72954702377319,2004-12-01,0,3.83201885223389,0
25025030,Meteorológica Especial,Automática con Telemetría,Córdoba,Ayapel,8.2951,-75.1646,20,12/11/2014,,Caribe,Magdalena Cauca,Bajo Magdalena- Cauca -San Jorge,Bajo San Jorge - La Mojana,1.23272728919983,1.47272729873657,2,2,0.659420311450958,0.66304349899292,1,1,1.08000004291534,2005,01,1,0,0,0,0,1.75986647605896,2005-01-01,0,1.40297591686249,0
25025030,Meteorológica Especial,Automática con Telemetría,Córdoba,Ayapel,8.2951,-75.1646,20,12/11/2014,,Caribe,Magdalena Cauca,Bajo Magdalena- Cauca -San Jorge,Bajo San Jorge - La Mojana,1.23272728919983,1.47272729873657,2,2,0.659420311450958,0.66304349899292,1,1,1.08000004291534,2005,01,2,2,2,2.16000008583069,0,4.10419797897339,2005-01-01,0,3.75929832458496,0
25025030,Meteorológica Especial,Automática con Telemetría,Córdoba,Ayapel,8.2951,-75.1646,20,12/11/2014,,Caribe,Magdalena Cauca,Bajo Magdalena- Cauca -San Jorge,Bajo San Jorge - La Mojana,1.23272728919983,1.47272729873657,2,2,0.659420311450958,0.66304349899292,1,1,1.08000004291534,2005,01,3,0,0,0,0,8.33745098114014,2005-01-01,3.49933624267578,5.17722702026367,4.14224100112915
25025030,Meteorológica Especial,Automática con Telemetría,Córdoba,Ayapel,8.2951,-75.1646,20,12/11/2014,,Caribe,Magdalena Cauca,Bajo Magdalena- Cauca -San Jorge,Bajo San Jorge - La Mojana,1.23272728919983,1.47272729873657,2,2,0.659420311450958,0.66304349899292,1,1,1.08000004291534,2005,01,4,20,20,21.6000008583069,0,1.49548804759979,2005-01-01,0,1.90879642963409,0
25025030,Meteorológica Especial,Automática con Telemetría,Córdoba,Ayapel,8.2951,-75.1646,20,12/11/2014,,Caribe,Magdalena Cauca,Bajo Magdalena- Cauca -San Jorge,Bajo San Jorge - La Mojana,1.23272728919983,1.47272729873657,2,2,0.659420311450958,0.66304349899292,1,1,1.08000004291534,2005,01,5,0,0,0,0,2.96734213829041,2005-01-01,0.616095900535584,2.76687812805176,1.70635044574738
25025030,Meteorológica Especial,Automática con Telemetría,Córdoba,Ayapel,8.2951,-75.1646,20,12/11/2014,,Caribe,Magdalena Cauca,Bajo Magdalena- Cauca -San Jorge,Bajo San Jorge - La Mojana,1.23272728919983,1.47272729873657,2,2,0.659420311450958,0.66304349899292,1,1,1.08000004291534,2005,01,6,0,0,0,0,2.98064732551575,2005-01-01,0,2.05389213562012,0
25025030,Meteorológica Especial,Automática con Telemetría,Córdoba,Ayapel,8.2951,-75.1646,20,12/11/2014,,Caribe,Magdalena Cauca,Bajo Magdalena- Cauca -San Jorge,Bajo San Jorge - La Mojana,1.23272728919983,1.47272729873657,2,2,0.659420311450958,0.66304349899292,1,1,1.11000001430511,2005,02,7,0,0,0,0,1.82033491134644,2005-02-01,0.206891357898712,1.00428855419159,0.21171635389328
25025030,Meteorológica Especial,Automática con Telemetría,Córdoba,Ayapel,8.2951,-75.1646,20,12/11/2014,,Caribe,Magdalena Cauca,Bajo Magdalena- Cauca -San Jorge,Bajo San Jorge - La Mojana,1.23272728919983,1.47272729873657,2,2,0.659420311450958,0.66304349899292,1,1,1.11000001430511,2005,02,8,0,0,0,0,1.78382575511932,2005-02-01,1.63348829746246,1.13748610019684,1.51725339889526
25025030,Meteorológica Especial,Automática con Telemetría,Córdoba,Ayapel,8.2951,-75.1646,20,12/11/2014,,Caribe,Magdalena Cauca,Bajo Magdalena- Cauca -San Jorge,Bajo San Jorge - La Mojana,1.23272728919983,1.47272729873657,2,2,0.659420311450958,0.66304349899292,1,1,1.11000001430511,2005,02,9,0,0,0,0,1.77907001972198,2005-02-01,1.03784084320068,0.993695378303528,0.896148860454559
25025030,Meteorológica Especial,Automática con Telemetría,Córdoba,Ayapel,8.2951,-75.1646,20,12/11/2014,,Caribe,Magdalena Cauca,Bajo Magdalena- Cauca -San Jorge,Bajo San Jorge - La Mojana,1.23272728919983,1.47272729873657,2,2,0.659420311450958,0.66304349899292,1,1,1.11000001430511,2005,02,10,0,0,0,0,1.77141332626343,2005-02-01,1.249680519104,1.13255703449249,1.1616245508194
25025030,Meteorológica Especial,Automática con Telemetría,Córdoba,Ayapel,8.2951,-75.1646,20,12/11/2014,,Caribe,Magdalena Cauca,Bajo Magdalena- Cauca -San Jorge,Bajo San Jorge - La Mojana,1.23272728919983,1.47272729873657,2,2,0.659420311450958,0.66304349899292,1,1,1.11000001430511,2005,02,11,0,0,0,0,1.76139271259308,2005-02-01,0.214416339993477,0.981584846973419,0.207011982798576
25025030,Meteorológica Especial,Automática con Telemetría,Córdoba,Ayapel,8.2951,-75.1646,20,12/11/2014,,Caribe,Magdalena Cauca,Bajo Magdalena- Cauca -San Jorge,Bajo San Jorge - La Mojana,1.23272728919983,1.47272729873657,2,2,0.659420311450958,0.66304349899292,1,1,1.11000001430511,2005,02,12,0,0,0,0,1.04386961460114,2005-02-01,0,0.702335476875305,0
25025030,Meteorológica Especial,Automática con Telemetría,Córdoba,Ayapel,8.2951,-75.1646,20,12/11/2014,,Caribe,Magdalena Cauca,Bajo Magdalena- Cauca -San Jorge,Bajo San Jorge - La Mojana,1.23272728919983,1.47272729873657,2,2,0.659420311450958,0.66304349899292,1,1,1.10000002384186,2005,03,13,0,0,0,0,2.48476123809814,2005-03-01,0,1.99903321266174,0
25025030,Meteorológica Especial,Automática con Telemetría,Córdoba,Ayapel,8.2951,-75.1646,20,12/11/2014,,Caribe,Magdalena Cauca,Bajo Magdalena- Cauca -San Jorge,Bajo San Jorge - La Mojana,1.23272728919983,1.47272729873657,2,2,0.659420311450958,0.66304349899292,1,1,1.10000002384186,2005,03,14,0,0,0,0,4.41832113265991,2005-03-01,0.718751311302185,5.19476079940796,3.24904227256775
25025030,Meteorológica Especial,Automática con Telemetría,Córdoba,Ayapel,8.2951,-75.1646,20,12/11/2014,,Caribe,Magdalena Cauca,Bajo Magdalena- Cauca -San Jorge,Bajo San Jorge - La Mojana,1.23272728919983,1.47272729873657,2,2,0.659420311450958,0.66304349899292,1,1,1.10000002384186,2005,03,15,0,0,0,0,1.85659372806549,2005-03-01,0,1.4540148973465,0
25025030,Meteorológica Especial,Automática con Telemetría,Córdoba,Ayapel,8.2951,-75.1646,20,12/11/2014,,Caribe,Magdalena Cauca,Bajo Magdalena- Cauca -San Jorge,Bajo San Jorge - La Mojana,1.23272728919983,1.47272729873657,2,2,0.659420311450958,0.66304349899292,1,1,1.10000002384186,2005,03,16,0,0,0,0,2.91979193687439,2005-03-01,0,2.37685608863831,0
25025030,Meteorológica Especial,Automática con Telemetría,Córdoba,Ayapel,8.2951,-75.1646,20,12/11/2014,,Caribe,Magdalena Cauca,Bajo Magdalena- Cauca -San Jorge,Bajo San Jorge - La Mojana,1.23272728919983,1.47272729873657,2,2,0.659420311450958,0.66304349899292,1,1,1.10000002384186,2005,03,17,29,29,31.9000006914139,0,15.9764528274536,2005-03-01,26.3182830810547,15.8151330947876,22.2233982086182
25025030,Meteorológica Especial,Automática con Telemetría,Córdoba,Ayapel,8.2951,-75.1646,20,12/11/2014,,Caribe,Magdalena Cauca,Bajo Magdalena- Cauca -San Jorge,Bajo San Jorge - La Mojana,1.23272728919983,1.47272729873657,2,2,0.659420311450958,0.66304349899292,1,1,1.10000002384186,2005,03,18,0,0,0,0,8.31002712249756,2005-03-01,3.35165286064148,4.2979154586792,3.24041438102722
25025030,Meteorológica Especial,Automática con Telemetría,Córdoba,Ayapel,8.2951,-75.1646,20,12/11/2014,,Caribe,Magdalena Cauca,Bajo Magdalena- Cauca -San Jorge,Bajo San Jorge - La Mojana,1.23272728919983,1.47272729873657,2,2,0.659420311450958,0.66304349899292,1,1,1.05999994277954,2005,04,19,66,66,69.9599962234497,0,31.8187885284424,2005-04-01,35.0265617370606,61.4451942443848,61.4691352844238
25025030,Meteorológica Especial,Automática con Telemetría,Córdoba,Ayapel,8.2951,-75.1646,20,12/11/2014,,Caribe,Magdalena Cauca,Bajo Magdalena- Cauca -San Jorge,Bajo San Jorge - La Mojana,1.23272728919983,1.47272729873657,2,2,0.659420311450958,0.66304349899292,1,1,1.05999994277954,2005,04,20,71,71,75.2599959373474,0,57.5421905517578,2005-04-01,62.9741249084473,52.8424530029297,49.6656532287598
25025030,Meteorológica Especial,Automática con Telemetría,Córdoba,Ayapel,8.2951,-75.1646,20,12/11/2014,,Caribe,Magdalena Cauca,Bajo Magdalena- Cauca -San Jorge,Bajo San Jorge - La Mojana,1.23272728919983,1.47272729873657,2,2,0.659420311450958,0.66304349899292,1,1,1.05999994277954,2005,04,21,122,0,0,1,52.7097206115723,2005-04-01,58.0225219726563,64.9771194458008,64.0118865966797
25025030,Meteorológica Especial,Automática con Telemetría,Córdoba,Ayapel,8.2951,-75.1646,20,12/11/2014,,Caribe,Magdalena Cauca,Bajo Magdalena- Cauca -San Jorge,Bajo San Jorge - La Mojana,1.23272728919983,1.47272729873657,2,2,0.659420311450958,0.66304349899292,1,1,1.05999994277954,2005,04,22,6,6,6.35999965667725,0,38.7639007568359,2005-04-01,43.3434829711914,23.0377178192139,21.7655582427979
25025030,Meteorológica Especial,Automática con Telemetría,Córdoba,Ayapel,8.2951,-75.1646,20,12/11/2014,,Caribe,Magdalena Cauca,Bajo Magdalena- Cauca -San Jorge,Bajo San Jorge - La Mojana,1.23272728919983,1.47272729873657,2,2,0.659420311450958,0.66304349899292,1,1,1.05999994277954,2005,04,23,20,20,21.1999988555908,0,28.6657314300537,2005-04-01,34.9279365539551,30.9516124725342,32.6934204101563
25025030,Meteorológica Especial,Automática con Telemetría,Córdoba,Ayapel,8.2951,-75.1646,20,12/11/2014,,Caribe,Magdalena Cauca,Bajo Magdalena- Cauca -San Jorge,Bajo San Jorge - La Mojana,1.23272728919983,1.47272729873657,2,2,0.659420311450958,0.66304349899292,1,1,1.05999994277954,2005,04,24,89,89,94.3399949073792,0,31.706428527832,2005-04-01,31.5093574523926,34.6396026611328,38.5361137390137
25025030,Meteorológica Especial,Automática con Telemetría,Córdoba,Ayapel,8.2951,-75.1646,20,12/11/2014,,Caribe,Magdalena Cauca,Bajo Magdalena- Cauca -San Jorge,Bajo San Jorge - La Mojana,1.23272728919983,1.47272729873657,2,2,0.659420311450958,0.66304349899292,1,1,1.04999995231628,2005,05,25,11,11,11.5499994754791,0,31.9851398468018,2005-05-01,28.0124645233154,34.6014366149902,30.7754974365234
25025030,Meteorológica Especial,Automática con Telemetría,Córdoba,Ayapel,8.2951,-75.1646,20,12/11/2014,,Caribe,Magdalena Cauca,Bajo Magdalena- Cauca -San Jorge,Bajo San Jorge - La Mojana,1.23272728919983,1.47272729873657,2,2,0.659420311450958,0.66304349899292,1,1,1.04999995231628,2005,05,26,41,41,43.0499980449677,0,70.0383987426758,2005-05-01,64.3766479492188,54.0730133056641,62.033504486084
25025030,Meteorológica Especial,Automática con Telemetría,Córdoba,Ayapel,8.2951,-75.1646,20,12/11/2014,,Caribe,Magdalena Cauca,Bajo Magdalena- Cauca -San Jorge,Bajo San Jorge - La Mojana,1.23272728919983,1.47272729873657,2,2,0.659420311450958,0.66304349899292,1,1,1.04999995231628,2005,05,27,60,60,62.9999971389771,0,64.824592590332,2005-05-01,61.0663909912109,53.7040824890137,64.6180038452149
25025030,Meteorológica Especial,Automática con Telemetría,Córdoba,Ayapel,8.2951,-75.1646,20,12/11/2014,,Caribe,Magdalena Cauca,Bajo Magdalena- Cauca -San Jorge,Bajo San Jorge - La Mojana,1.23272728919983,1.47272729873657,2,2,0.659420311450958,0.66304349899292,1,1,1.04999995231628,2005,05,28,119,119,124.949994325638,0,46.9733543395996,2005-05-01,41.7415046691895,58.0514488220215,61.7489585876465
25025030,Meteorológica Especial,Automática con Telemetría,Córdoba,Ayapel,8.2951,-75.1646,20,12/11/2014,,Caribe,Magdalena Cauca,Bajo Magdalena- Cauca -San Jorge,Bajo San Jorge - La Mojana,1.23272728919983,1.47272729873657,2,2,0.659420311450958,0.66304349899292,1,1,1.04999995231628,2005,05,29,93,18,18.8999991416931,1,28.7302017211914,2005-05-01,26.2298316955566,47.3934669494629,49.5578994750977
25025030,Meteorológica Especial,Automática con Telemetría,Córdoba,Ayapel,8.2951,-75.1646,20,12/11/2014,,Caribe,Magdalena Cauca,Bajo Magdalena- Cauca -San Jorge,Bajo San Jorge - La Mojana,1.23272728919983,1.47272729873657,2,2,0.659420311450958,0.66304349899292,1,1,1.04999995231628,2005,05,30,16,16,16.7999992370605,0,41.505672454834,2005-05-01,35.1767578125,28.6692657470703,27.7560291290283
25025030,Meteorológica Especial,Automática con Telemetría,Córdoba,Ayapel,8.2951,-75.1646,20,12/11/2014,,Caribe,Magdalena Cauca,Bajo Magdalena- Cauca -San Jorge,Bajo San Jorge - La Mojana,1.23272728919983,1.47272729873657,2,2,0.659420311450958,0.66304349899292,1,1,1.04999995231628,2005,06,31,2,2,2.09999990463257,0,69.0434494018555,2005-06-01,74.7297515869141,35.118782043457,35.0477104187012
25025030,Meteorológica Especial,Automática con Telemetría,Córdoba,Ayapel,8.2951,-75.1646,20,12/11/2014,,Caribe,Magdalena Cauca,Bajo Magdalena- Cauca -San Jorge,Bajo San Jorge - La Mojana,1.23272728919983,1.47272729873657,2,2,0.659420311450958,0.66304349899292,1,1,1.04999995231628,2005,06,32,77.2,7,7.34999966621399,1,40.1751098632813,2005-06-01,45.6121940612793,41.6117477416992,42.2958374023438
25025030,Meteorológica Especial,Automática con Telemetría,Córdoba,Ayapel,8.2951,-75.1646,20,12/11/2014,,Caribe,Magdalena Cauca,Bajo Magdalena- Cauca -San Jorge,Bajo San Jorge - La Mojana,1.23272728919983,1.47272729873657,2,2,0.659420311450958,0.66304349899292,1,1,1.04999995231628,2005,06,33,31,31,32.5499985218048,0,58.6238861083984,2005-06-01,68.9842224121094,61.8949890136719,66.3799667358398
25025030,Meteorológica Especial,Automática con Telemetría,Córdoba,Ayapel,8.2951,-75.1646,20,12/11/2014,,Caribe,Magdalena Cauca,Bajo Magdalena- Cauca -San Jorge,Bajo San Jorge - La Mojana,1.23272728919983,1.47272729873657,2,2,0.659420311450958,0.66304349899292,1,1,1.04999995231628,2005,06,34,88,88,92.399995803833,0,43.1759071350098,2005-06-01,54.7667465209961,62.9919319152832,71.2024383544922
25025030,Meteorológica Especial,Automática con Telemetría,Córdoba,Ayapel,8.2951,-75.1646,20,12/11/2014,,Caribe,Magdalena Cauca,Bajo Magdalena- Cauca -San Jorge,Bajo San Jorge - La Mojana,1.23272728919983,1.47272729873657,2,2,0.659420311450958,0.66304349899292,1,1,1.04999995231628,2005,06,35,94,17,17.8499991893768,1,49.0196342468262,2005-06-01,64.0311431884766,88.5613174438477,94.8060836791992
25025030,Meteorológica Especial,Automática con Telemetría,Córdoba,Ayapel,8.2951,-75.1646,20,12/11/2014,,Caribe,Magdalena Cauca,Bajo Magdalena- Cauca -San Jorge,Bajo San Jorge - La Mojana,1.23272728919983,1.47272729873657,2,2,0.659420311450958,0.66304349899292,1,1,1.04999995231628,2005,06,36,208,61,64.0499970912933,1,37.6606063842773,2005-06-01,49.9728126525879,54.1216697692871,81.3499526977539
25025030,Meteorológica Especial,Automática con Telemetría,Córdoba,Ayapel,8.2951,-75.1646,20,12/11/2014,,Caribe,Magdalena Cauca,Bajo Magdalena- Cauca -San Jorge,Bajo San Jorge - La Mojana,1.23272728919983,1.47272729873657,2,2,0.659420311450958,0.66304349899292,1,1,1.04999995231628,2005,07,37,35,35,36.7499983310699,1,26.9249725341797,2005-07-01,27.9626655578613,32.1380043029785,33.0538711547852
25025030,Meteorológica Especial,Automática con Telemetría,Córdoba,Ayapel,8.2951,-75.1646,20,12/11/2014,,Caribe,Magdalena Cauca,Bajo Magdalena- Cauca -San Jorge,Bajo San Jorge - La Mojana,1.23272728919983,1.47272729873657,2,2,0.659420311450958,0.66304349899292,1,1,1.04999995231628,2005,07,38,14,14,14.699999332428,1,40.3800773620605,2005-07-01,50.2053871154785,28.4888534545898,32.2890357971191
25025030,Meteorológica Especial,Automática con Telemetría,Córdoba,Ayapel,8.2951,-75.1646,20,12/11/2014,,Caribe,Magdalena Cauca,Bajo Magdalena- Cauca -San Jorge,Bajo San Jorge - La Mojana,1.23272728919983,1.47272729873657,2,2,0.659420311450958,0.66304349899292,1,1,1.04999995231628,2005,07,39,91,91,95.5499956607819,0,65.9337768554688,2005-07-01,82.2919540405274,81.249755859375,95.927604675293
25025030,Meteorológica Especial,Automática con Telemetría,Córdoba,Ayapel,8.2951,-75.1646,20,12/11/2014,,Caribe,Magdalena Cauca,Bajo Magdalena- Cauca -San Jorge,Bajo San Jorge - La Mojana,1.23272728919983,1.47272729873657,2,2,0.659420311450958,0.66304349899292,1,1,1.04999995231628,2005,07,40,36,36,37.7999982833862,0,60.6546897888184,2005-07-01,72.4705047607422,55.7362060546875,65.5018768310547
25025030,Meteorológica Especial,Automática con Telemetría,Córdoba,Ayapel,8.2951,-75.1646,20,12/11/2014,,Caribe,Magdalena Cauca,Bajo Magdalena- Cauca -San Jorge,Bajo San Jorge - La Mojana,1.23272728919983,1.47272729873657,2,2,0.659420311450958,0.66304349899292,1,1,1.04999995231628,2005,07,41,44,44,46.1999979019165,0,47.2292594909668,2005-07-01,53.6484031677246,57.1866569519043,63.9439201354981
25025030,Meteorológica Especial,Automática con Telemetría,Córdoba,Ayapel,8.2951,-75.1646,20,12/11/2014,,Caribe,Magdalena Cauca,Bajo Magdalena- Cauca -San Jorge,Bajo San Jorge - La Mojana,1.23272728919983,1.47272729873657,2,2,0.659420311450958,0.66304349899292,1,1,1.04999995231628,2005,07,42,1,1,1.04999995231628,0,54.2057151794434,2005-07-01,54.3167228698731,47.634880065918,55.6109466552734
25025030,Meteorológica Especial,Automática con Telemetría,Córdoba,Ayapel,8.2951,-75.1646,20,12/11/2014,,Caribe,Magdalena Cauca,Bajo Magdalena- Cauca -San Jorge,Bajo San Jorge - La Mojana,1.23272728919983,1.47272729873657,2,2,0.659420311450958,0.66304349899292,1,1,1.04999995231628,2005,08,43,76,9,9.44999957084656,1,68.8243942260742,2005-08-01,77.862434387207,74.2550201416016,81.2466278076172
25025030,Meteorológica Especial,Automática con Telemetría,Córdoba,Ayapel,8.2951,-75.1646,20,12/11/2014,,Caribe,Magdalena Cauca,Bajo Magdalena- Cauca -San Jorge,Bajo San Jorge - La Mojana,1.23272728919983,1.47272729873657,2,2,0.659420311450958,0.66304349899292,1,1,1.04999995231628,2005,08,44,29,29,30.4499986171722,0,43.8859443664551,2005-08-01,43.9536437988281,59.4838562011719,63.8053512573242
25025030,Meteorológica Especial,Automática con Telemetría,Córdoba,Ayapel,8.2951,-75.1646,20,12/11/2014,,Caribe,Magdalena Cauca,Bajo Magdalena- Cauca -San Jorge,Bajo San Jorge - La Mojana,1.23272728919983,1.47272729873657,2,2,0.659420311450958,0.66304349899292,1,1,1.04999995231628,2005,08,45,90,90,94.4999957084656,0,74.2207946777344,2005-08-01,85.3502502441406,53.2442970275879,61.6172866821289
25025030,Meteorológica Especial,Automática con Telemetría,Córdoba,Ayapel,8.2951,-75.1646,20,12/11/2014,,Caribe,Magdalena Cauca,Bajo Magdalena- Cauca -San Jorge,Bajo San Jorge - La Mojana,1.23272728919983,1.47272729873657,2,2,0.659420311450958,0.66304349899292,1,1,1.04999995231628,2005,08,46,95,95,99.749995470047,0,49.5753593444824,2005-08-01,55.886604309082,69.4569320678711,79.1069793701172
25025030,Meteorológica Especial,Automática con Telemetría,Córdoba,Ayapel,8.2951,-75.1646,20,12/11/2014,,Caribe,Magdalena Cauca,Bajo Magdalena- Cauca -San Jorge,Bajo San Jorge - La Mojana,1.23272728919983,1.47272729873657,2,2,0.659420311450958,0.66304349899292,1,1,1.04999995231628,2005,08,47,189,26,27.2999987602234,2,63.0236701965332,2005-08-01,70.7287368774414,114.684356689453,130.178253173828
25025030,Meteorológica Especial,Automática con Telemetría,Córdoba,Ayapel,8.2951,-75.1646,20,12/11/2014,,Caribe,Magdalena Cauca,Bajo Magdalena- Cauca -San Jorge,Bajo San Jorge - La Mojana,1.23272728919983,1.47272729873657,2,2,0.659420311450958,0.66304349899292,1,1,1.04999995231628,2005,08,48,103,103,108.149995088577,1,91.6995849609375,2005-08-01,86.6795425415039,76.2533187866211,76.0986175537109
25025030,Meteorológica Especial,Automática con Telemetría,Córdoba,Ayapel,8.2951,-75.1646,20,12/11/2014,,Caribe,Magdalena Cauca,Bajo Magdalena- Cauca -San Jorge,Bajo San Jorge - La Mojana,1.23272728919983,1.47272729873657,2,2,0.659420311450958,0.66304349899292,1,1,1.04999995231628,2005,09,49,81,81,85.049996137619,0,38.8293266296387,2005-09-01,40.8018074035645,73.7476959228516,79.3367919921875
25025030,Meteorológica Especial,Automática con Telemetría,Córdoba,Ayapel,8.2951,-75.1646,20,12/11/2014,,Caribe,Magdalena Cauca,Bajo Magdalena- Cauca -San Jorge,Bajo San Jorge - La Mojana,1.23272728919983,1.47272729873657,2,2,0.659420311450958,0.66304349899292,1,1,1.04999995231628,2005,09,50,8,8,8.39999961853027,0,36.9016952514648,2005-09-01,35.0613136291504,20.2424907684326,20.3909320831299
25025030,Meteorológica Especial,Automática con Telemetría,Córdoba,Ayapel,8.2951,-75.1646,20,12/11/2014,,Caribe,Magdalena Cauca,Bajo Magdalena- Cauca -San Jorge,Bajo San Jorge - La Mojana,1.23272728919983,1.47272729873657,2,2,0.659420311450958,0.66304349899292,1,1,1.04999995231628,2005,09,51,56,56,58.7999973297119,0,59.8265495300293,2005-09-01,67.8675689697266,76.984977722168,79.4081878662109
25025030,Meteorológica Especial,Automática con Telemetría,Córdoba,Ayapel,8.2951,-75.1646,20,12/11/2014,,Caribe,Magdalena Cauca,Bajo Magdalena- Cauca -San Jorge,Bajo San Jorge - La Mojana,1.23272728919983,1.47272729873657,2,2,0.659420311450958,0.66304349899292,1,1,1.04999995231628,2005,09,52,15,15,15.7499992847443,0,53.7529182434082,2005-09-01,59.3064346313477,48.9619522094727,53.909839630127
25025030,Meteorológica Especial,Automática con Telemetría,Córdoba,Ayapel,8.2951,-75.1646,20,12/11/2014,,Caribe,Magdalena Cauca,Bajo Magdalena- Cauca -San Jorge,Bajo San Jorge - La Mojana,1.23272728919983,1.47272729873657,2,2,0.659420311450958,0.66304349899292,1,1,1.04999995231628,2005,09,53,26,26,27.2999987602234,1,57.9592971801758,2005-09-01,61.9654655456543,41.493480682373,40.6336135864258
25025030,Meteorológica Especial,Automática con Telemetría,Córdoba,Ayapel,8.2951,-75.1646,20,12/11/2014,,Caribe,Magdalena Cauca,Bajo Magdalena- Cauca -San Jorge,Bajo San Jorge - La Mojana,1.23272728919983,1.47272729873657,2,2,0.659420311450958,0.66304349899292,1,1,1.04999995231628,2005,09,54,44,44,46.1999979019165,0,40.7481536865234,2005-09-01,34.4617538452148,71.0713653564453,70.577278137207
25025030,Meteorológica Especial,Automática con Telemetría,Córdoba,Ayapel,8.2951,-75.1646,20,12/11/2014,,Caribe,Magdalena Cauca,Bajo Magdalena- Cauca -San Jorge,Bajo San Jorge - La Mojana,1.23272728919983,1.47272729873657,2,2,0.659420311450958,0.66304349899292,1,1,1.04999995231628,2005,10,55,8,8,8.39999961853027,0,35.984058380127,2005-10-01,32.0851516723633,16.5435733795166,14.0037460327148
25025030,Meteorológica Especial,Automática con Telemetría,Córdoba,Ayapel,8.2951,-75.1646,20,12/11/2014,,Caribe,Magdalena Cauca,Bajo Magdalena- Cauca -San Jorge,Bajo San Jorge - La Mojana,1.23272728919983,1.47272729873657,2,2,0.659420311450958,0.66304349899292,1,1,1.04999995231628,2005,10,56,24,24,25.1999988555908,0,59.8222541809082,2005-10-01,56.6409645080567,35.9779968261719,35.3622398376465
25025030,Meteorológica Especial,Automática con Telemetría,Córdoba,Ayapel,8.2951,-75.1646,20,12/11/2014,,Caribe,Magdalena Cauca,Bajo Magdalena- Cauca -San Jorge,Bajo San Jorge - La Mojana,1.23272728919983,1.47272729873657,2,2,0.659420311450958,0.66304349899292,1,1,1.04999995231628,2005,10,57,75,75,78.7499964237213,0,48.8550872802734,2005-10-01,39.1617431640625,46.1987953186035,42.9004173278809
25025030,Meteorológica Especial,Automática con Telemetría,Córdoba,Ayapel,8.2951,-75.1646,20,12/11/2014,,Caribe,Magdalena Cauca,Bajo Magdalena- Cauca -San Jorge,Bajo San Jorge - La Mojana,1.23272728919983,1.47272729873657,2,2,0.659420311450958,0.66304349899292,1,1,1.04999995231628,2005,10,58,83.4,15.6,16.379999256134,1,50.0738029479981,2005-10-01,37.5252723693848,63.9729614257813,58.3098678588867
25025030,Meteorológica Especial,Automática con Telemetría,Córdoba,Ayapel,8.2951,-75.1646,20,12/11/2014,,Caribe,Magdalena Cauca,Bajo Magdalena- Cauca -San Jorge,Bajo San Jorge - La Mojana,1.23272728919983,1.47272729873657,2,2,0.659420311450958,0.66304349899292,1,1,1.04999995231628,2005,10,59,64.7,64.7,67.9349969148636,0,55.6244812011719,2005-10-01,48.5996131896973,49.928150177002,48.5377082824707
25025030,Meteorológica Especial,Automática con Telemetría,Córdoba,Ayapel,8.2951,-75.1646,20,12/11/2014,,Caribe,Magdalena Cauca,Bajo Magdalena- Cauca -San Jorge,Bajo San Jorge - La Mojana,1.23272728919983,1.47272729873657,2,2,0.659420311450958,0.66304349899292,1,1,1.04999995231628,2005,10,60,38,38,39.8999981880188,0,41.2370185852051,2005-10-01,28.7271270751953,54.503059387207,52.5644645690918
25025030,Meteorológica Especial,Automática con Telemetría,Córdoba,Ayapel,8.2951,-75.1646,20,12/11/2014,,Caribe,Magdalena Cauca,Bajo Magdalena- Cauca -San Jorge,Bajo San Jorge - La Mojana,1.23272728919983,1.47272729873657,2,2,0.659420311450958,0.66304349899292,1,1,1.04999995231628,2005,11,61,16.6,16.6,17.4299992084503,0,63.9274635314941,2005-11-01,47.7638130187988,57.5975799560547,54.1532592773438
25025030,Meteorológica Especial,Automática con Telemetría,Córdoba,Ayapel,8.2951,-75.1646,20,12/11/2014,,Caribe,Magdalena Cauca,Bajo Magdalena- Cauca -San Jorge,Bajo San Jorge - La Mojana,1.23272728919983,1.47272729873657,2,2,0.659420311450958,0.66304349899292,1,1,1.04999995231628,2005,11,62,63.5,63.5,66.6749969720841,0,65.631477355957,2005-11-01,56.6396636962891,67.9791564941406,66.0236053466797
25025030,Meteorológica Especial,Automática con Telemetría,Córdoba,Ayapel,8.2951,-75.1646,20,12/11/2014,,Caribe,Magdalena Cauca,Bajo Magdalena- Cauca -San Jorge,Bajo San Jorge - La Mojana,1.23272728919983,1.47272729873657,2,2,0.659420311450958,0.66304349899292,1,1,1.04999995231628,2005,11,63,76.7,76.7,80.534996342659,0,93.4987258911133,2005-11-01,85.3716278076172,90.2876968383789,94.4033126831055
25025030,Meteorológica Especial,Automática con Telemetría,Córdoba,Ayapel,8.2951,-75.1646,20,12/11/2014,,Caribe,Magdalena Cauca,Bajo Magdalena- Cauca -San Jorge,Bajo San Jorge - La Mojana,1.23272728919983,1.47272729873657,2,2,0.659420311450958,0.66304349899292,1,1,1.04999995231628,2005,11,64,174.8,49.4,51.8699976444245,1,44.3501167297363,2005-11-01,33.6555213928223,70.4162216186523,63.549934387207
25025030,Meteorológica Especial,Automática con Telemetría,Córdoba,Ayapel,8.2951,-75.1646,20,12/11/2014,,Caribe,Magdalena Cauca,Bajo Magdalena- Cauca -San Jorge,Bajo San Jorge - La Mojana,1.23272728919983,1.47272729873657,2,2,0.659420311450958,0.66304349899292,1,1,1.04999995231628,2005,11,65,10,10,10.4999995231628,0,14.5559520721436,2005-11-01,5.22576284408569,12.9112186431885,10.8473014831543
25025030,Meteorológica Especial,Automática con Telemetría,Córdoba,Ayapel,8.2951,-75.1646,20,12/11/2014,,Caribe,Magdalena Cauca,Bajo Magdalena- Cauca -San Jorge,Bajo San Jorge - La Mojana,1.23272728919983,1.47272729873657,2,2,0.659420311450958,0.66304349899292,1,1,1.04999995231628,2005,11,66,0,0,0,0,7.8826494216919,2005-11-01,1.34097182750702,4.54646968841553,1.24952828884125
25025030,Meteorológica Especial,Automática con Telemetría,Córdoba,Ayapel,8.2951,-75.1646,20,12/11/2014,,Caribe,Magdalena Cauca,Bajo Magdalena- Cauca -San Jorge,Bajo San Jorge - La Mojana,1.23272728919983,1.47272729873657,2,2,0.659420311450958,0.66304349899292,1,1,1.07000005245209,2005,12,67,3,3,3.21000015735626,0,7.87984132766724,2005-12-01,3.0525279045105,4.65148782730103,4.26770257949829
25025030,Meteorológica Especial,Automática con Telemetría,Córdoba,Ayapel,8.2951,-75.1646,20,12/11/2014,,Caribe,Magdalena Cauca,Bajo Magdalena- Cauca -San Jorge,Bajo San Jorge - La Mojana,1.23272728919983,1.47272729873657,2,2,0.659420311450958,0.66304349899292,1,1,1.07000005245209,2005,12,68,6,6,6.42000031471252,0,11.7758636474609,2005-12-01,7.63180637359619,9.53236865997314,7.13163185119629
25025030,Meteorológica Especial,Automática con Telemetría,Córdoba,Ayapel,8.2951,-75.1646,20,12/11/2014,,Caribe,Magdalena Cauca,Bajo Magdalena- Cauca -San Jorge,Bajo San Jorge - La Mojana,1.23272728919983,1.47272729873657,2,2,0.659420311450958,0.66304349899292,1,1,1.07000005245209,2005,12,69,8.4,8.4,8.98800044059754,0,24.1448497772217,2005-12-01,20.0297527313232,13.0827970504761,12.8614406585693
25025030,Meteorológica Especial,Automática con Telemetría,Córdoba,Ayapel,8.2951,-75.1646,20,12/11/2014,,Caribe,Magdalena Cauca,Bajo Magdalena- Cauca -San Jorge,Bajo San Jorge - La Mojana,1.23272728919983,1.47272729873657,2,2,0.659420311450958,0.66304349899292,1,1,1.07000005245209,2005,12,70,2,2,2.14000010490417,0,3.51933002471924,2005-12-01,0,3.31214451789856,0
25025030,Meteorológica Especial,Automática con Telemetría,Córdoba,Ayapel,8.2951,-75.1646,20,12/11/2014,,Caribe,Magdalena Cauca,Bajo Magdalena- Cauca -San Jorge,Bajo San Jorge - La Mojana,1.23272728919983,1.47272729873657,2,2,0.659420311450958,0.66304349899292,1,1,1.07000005245209,2005,12,71,1,1,1.07000005245209,0,9.09767913818359,2005-12-01,1.96468055248261,7.13661479949951,2.65138339996338
25025030,Meteorológica Especial,Automática con Telemetría,Córdoba,Ayapel,8.2951,-75.1646,20,12/11/2014,,Caribe,Magdalena Cauca,Bajo Magdalena- Cauca -San Jorge,Bajo San Jorge - La Mojana,1.23272728919983,1.47272729873657,2,2,0.659420311450958,0.66304349899292,1,1,1.07000005245209,2005,12,72,0,0,0,0,5.72954702377319,2005-12-01,0,2.44089078903198,0
25025030,Meteorológica Especial,Automática con Telemetría,Córdoba,Ayapel,8.2951,-75.1646,20,12/11/2014,,Caribe,Magdalena Cauca,Bajo Magdalena- Cauca -San Jorge,Bajo San Jorge - La Mojana,1.23272728919983,1.47272729873657,2,2,0.659420311450958,0.66304349899292,1,1,1.08000004291534,2006,01,1,17.4,17.4,18.792000746727,0,7.99379825592041,2006-01-01,4.82475709915161,14.7494316101074,12.3292503356934
25025030,Meteorológica Especial,Automática con Telemetría,Córdoba,Ayapel,8.2951,-75.1646,20,12/11/2014,,Caribe,Magdalena Cauca,Bajo Magdalena- Cauca -San Jorge,Bajo San Jorge - La Mojana,1.23272728919983,1.47272729873657,2,2,0.659420311450958,0.66304349899292,1,1,1.08000004291534,2006,01,2,7,7,7.56000030040741,0,1.57782387733459,2006-01-01,0,2.11871790885925,0
25025030,Meteorológica Especial,Automática con Telemetría,Córdoba,Ayapel,8.2951,-75.1646,20,12/11/2014,,Caribe,Magdalena Cauca,Bajo Magdalena- Cauca -San Jorge,Bajo San Jorge - La Mojana,1.23272728919983,1.47272729873657,2,2,0.659420311450958,0.66304349899292,1,1,1.08000004291534,2006,01,3,0,0,0,0,1.51010096073151,2006-01-01,0,1.28592336177826,0
25025030,Meteorológica Especial,Automática con Telemetría,Córdoba,Ayapel,8.2951,-75.1646,20,12/11/2014,,Caribe,Magdalena Cauca,Bajo Magdalena- Cauca -San Jorge,Bajo San Jorge - La Mojana,1.23272728919983,1.47272729873657,2,2,0.659420311450958,0.66304349899292,1,1,1.08000004291534,2006,01,4,0,0,0,0,1.49548804759979,2006-01-01,0,1.29643023014069,0
25025030,Meteorológica Especial,Automática con Telemetría,Córdoba,Ayapel,8.2951,-75.1646,20,12/11/2014,,Caribe,Magdalena Cauca,Bajo Magdalena- Cauca -San Jorge,Bajo San Jorge - La Mojana,1.23272728919983,1.47272729873657,2,2,0.659420311450958,0.66304349899292,1,1,1.08000004291534,2006,01,5,0,0,0,0,7.81946706771851,2006-01-01,10.9504404067993,4.45117998123169,10.2779636383057
25025030,Meteorológica Especial,Automática con Telemetría,Córdoba,Ayapel,8.2951,-75.1646,20,12/11/2014,,Caribe,Magdalena Cauca,Bajo Magdalena- Cauca -San Jorge,Bajo San Jorge - La Mojana,1.23272728919983,1.47272729873657,2,2,0.659420311450958,0.66304349899292,1,1,1.08000004291534,2006,01,6,0,0,0,0,17.3915061950684,2006-01-01,24.3603076934815,11.8866367340088,19.6860847473145
25025030,Meteorológica Especial,Automática con Telemetría,Córdoba,Ayapel,8.2951,-75.1646,20,12/11/2014,,Caribe,Magdalena Cauca,Bajo Magdalena- Cauca -San Jorge,Bajo San Jorge - La Mojana,1.23272728919983,1.47272729873657,2,2,0.659420311450958,0.66304349899292,1,1,1.11000001430511,2006,02,7,0,0,0,0,26.0489921569824,2006-02-01,32.1727905273438,11.4061527252197,13.9569272994995
25025030,Meteorológica Especial,Automática con Telemetría,Córdoba,Ayapel,8.2951,-75.1646,20,12/11/2014,,Caribe,Magdalena Cauca,Bajo Magdalena- Cauca -San Jorge,Bajo San Jorge - La Mojana,1.23272728919983,1.47272729873657,2,2,0.659420311450958,0.66304349899292,1,1,1.11000001430511,2006,02,8,5,5,5.55000007152557,0,1.78382575511932,2006-02-01,1.63348829746246,1.83105099201202,2.46166205406189
25025030,Meteorológica Especial,Automática con Telemetría,Córdoba,Ayapel,8.2951,-75.1646,20,12/11/2014,,Caribe,Magdalena Cauca,Bajo Magdalena- Cauca -San Jorge,Bajo San Jorge - La Mojana,1.23272728919983,1.47272729873657,2,2,0.659420311450958,0.66304349899292,1,1,1.11000001430511,2006,02,9,0,0,0,0,1.77907001972198,2006-02-01,1.03784084320068,1.48620712757111,1.43276679515839
25025030,Meteorológica Especial,Automática con Telemetría,Córdoba,Ayapel,8.2951,-75.1646,20,12/11/2014,,Caribe,Magdalena Cauca,Bajo Magdalena- Cauca -San Jorge,Bajo San Jorge - La Mojana,1.23272728919983,1.47272729873657,2,2,0.659420311450958,0.66304349899292,1,1,1.11000001430511,2006,02,10,0,0,0,0,1.77141332626343,2006-02-01,1.249680519104,1.31553816795349,1.20105278491974
25025030,Meteorológica Especial,Automática con Telemetría,Córdoba,Ayapel,8.2951,-75.1646,20,12/11/2014,,Caribe,Magdalena Cauca,Bajo Magdalena- Cauca -San Jorge,Bajo San Jorge - La Mojana,1.23272728919983,1.47272729873657,2,2,0.659420311450958,0.66304349899292,1,1,1.11000001430511,2006,02,11,0,0,0,0,1.76139271259308,2006-02-01,0.214416339993477,1.32012796401978,0.264126837253571
25025030,Meteorológica Especial,Automática con Telemetría,Córdoba,Ayapel,8.2951,-75.1646,20,12/11/2014,,Caribe,Magdalena Cauca,Bajo Magdalena- Cauca -San Jorge,Bajo San Jorge - La Mojana,1.23272728919983,1.47272729873657,2,2,0.659420311450958,0.66304349899292,1,1,1.11000001430511,2006,02,12,0,0,0,0,1.04386961460114,2006-02-01,0,1.04130113124847,0
25025030,Meteorológica Especial,Automática con Telemetría,Córdoba,Ayapel,8.2951,-75.1646,20,12/11/2014,,Caribe,Magdalena Cauca,Bajo Magdalena- Cauca -San Jorge,Bajo San Jorge - La Mojana,1.23272728919983,1.47272729873657,2,2,0.659420311450958,0.66304349899292,1,1,1.10000002384186,2006,03,13,0,0,0,0,3.13477420806885,2006-03-01,0,1.73705458641052,0
25025030,Meteorológica Especial,Automática con Telemetría,Córdoba,Ayapel,8.2951,-75.1646,20,12/11/2014,,Caribe,Magdalena Cauca,Bajo Magdalena- Cauca -San Jorge,Bajo San Jorge - La Mojana,1.23272728919983,1.47272729873657,2,2,0.659420311450958,0.66304349899292,1,1,1.10000002384186,2006,03,14,1,1,1.10000002384186,2,10.6676177978516,2006-03-01,11.2192935943604,7.13117837905884,6.52041816711426
25025030,Meteorológica Especial,Automática con Telemetría,Córdoba,Ayapel,8.2951,-75.1646,20,12/11/2014,,Caribe,Magdalena Cauca,Bajo Magdalena- Cauca -San Jorge,Bajo San Jorge - La Mojana,1.23272728919983,1.47272729873657,2,2,0.659420311450958,0.66304349899292,1,1,1.10000002384186,2006,03,15,0,0,0,1,2.34021162986755,2006-03-01,0,1.47746479511261,0
25025030,Meteorológica Especial,Automática con Telemetría,Córdoba,Ayapel,8.2951,-75.1646,20,12/11/2014,,Caribe,Magdalena Cauca,Bajo Magdalena- Cauca -San Jorge,Bajo San Jorge - La Mojana,1.23272728919983,1.47272729873657,2,2,0.659420311450958,0.66304349899292,1,1,1.10000002384186,2006,03,16,15,15,16.5000003576279,0,11.0213031768799,2006-03-01,14.7096109390259,12.9888200759888,18.1517753601074
25025030,Meteorológica Especial,Automática con Telemetría,Córdoba,Ayapel,8.2951,-75.1646,20,12/11/2014,,Caribe,Magdalena Cauca,Bajo Magdalena- Cauca -San Jorge,Bajo San Jorge - La Mojana,1.23272728919983,1.47272729873657,2,2,0.659420311450958,0.66304349899292,1,1,1.10000002384186,2006,03,17,8,8,8.80000019073486,0,28.9682197570801,2006-03-01,59.2016906738281,26.1889133453369,35.7495002746582
25025030,Meteorológica Especial,Automática con Telemetría,Córdoba,Ayapel,8.2951,-75.1646,20,12/11/2014,,Caribe,Magdalena Cauca,Bajo Magdalena- Cauca -San Jorge,Bajo San Jorge - La Mojana,1.23272728919983,1.47272729873657,2,2,0.659420311450958,0.66304349899292,1,1,1.10000002384186,2006,03,18,24,24,26.4000005722046,1,33.630069732666,2006-03-01,37.6353988647461,32.3393363952637,35.4379234313965
25025030,Meteorológica Especial,Automática con Telemetría,Córdoba,Ayapel,8.2951,-75.1646,20,12/11/2014,,Caribe,Magdalena Cauca,Bajo Magdalena- Cauca -San Jorge,Bajo San Jorge - La Mojana,1.23272728919983,1.47272729873657,2,2,0.659420311450958,0.66304349899292,1,1,1.05999994277954,2006,04,19,12,12,12.7199993133545,1,5.7638783454895,2006-04-01,3.35619640350342,9.70069885253906,10.0789289474487
25025030,Meteorológica Especial,Automática con Telemetría,Córdoba,Ayapel,8.2951,-75.1646,20,12/11/2014,,Caribe,Magdalena Cauca,Bajo Magdalena- Cauca -San Jorge,Bajo San Jorge - La Mojana,1.23272728919983,1.47272729873657,2,2,0.659420311450958,0.66304349899292,1,1,1.05999994277954,2006,04,20,4,4,4.23999977111816,0,41.2094993591309,2006-04-01,43.3244285583496,27.7700786590576,25.6229724884033
25025030,Meteorológica Especial,Automática con Telemetría,Córdoba,Ayapel,8.2951,-75.1646,20,12/11/2014,,Caribe,Magdalena Cauca,Bajo Magdalena- Cauca -San Jorge,Bajo San Jorge - La Mojana,1.23272728919983,1.47272729873657,2,2,0.659420311450958,0.66304349899292,1,1,1.05999994277954,2006,04,21,46,46,48.7599973678589,0,14.4384832382202,2006-04-01,12.0632209777832,30.8261890411377,26.4572906494141
25025030,Meteorológica Especial,Automática con Telemetría,Córdoba,Ayapel,8.2951,-75.1646,20,12/11/2014,,Caribe,Magdalena Cauca,Bajo Magdalena- Cauca -San Jorge,Bajo San Jorge - La Mojana,1.23272728919983,1.47272729873657,2,2,0.659420311450958,0.66304349899292,1,1,1.05999994277954,2006,04,22,29,29,30.7399983406067,0,21.5937404632568,2006-04-01,22.593225479126,35.1551055908203,35.8144226074219
25025030,Meteorológica Especial,Automática con Telemetría,Córdoba,Ayapel,8.2951,-75.1646,20,12/11/2014,,Caribe,Magdalena Cauca,Bajo Magdalena- Cauca -San Jorge,Bajo San Jorge - La Mojana,1.23272728919983,1.47272729873657,2,2,0.659420311450958,0.66304349899292,1,1,1.05999994277954,2006,04,23,9,9,9.53999948501587,1,45.2875480651856,2006-04-01,52.4192352294922,42.8895149230957,41.790641784668
25025030,Meteorológica Especial,Automática con Telemetría,Córdoba,Ayapel,8.2951,-75.1646,20,12/11/2014,,Caribe,Magdalena Cauca,Bajo Magdalena- Cauca -San Jorge,Bajo San Jorge - La Mojana,1.23272728919983,1.47272729873657,2,2,0.659420311450958,0.66304349899292,1,1,1.05999994277954,2006,04,24,71.2,71.2,75.4719959259033,0,33.0779113769531,2006-04-01,33.9297637939453,66.7386169433594,70.3996963500977
25025030,Meteorológica Especial,Automática con Telemetría,Córdoba,Ayapel,8.2951,-75.1646,20,12/11/2014,,Caribe,Magdalena Cauca,Bajo Magdalena- Cauca -San Jorge,Bajo San Jorge - La Mojana,1.23272728919983,1.47272729873657,2,2,0.659420311450958,0.66304349899292,1,1,1.04999995231628,2006,05,25,84,84,88.1999959945679,1,54.1331939697266,2006-05-01,52.5212478637695,100.306747436523,107.029251098633
25025030,Meteorológica Especial,Automática con Telemetría,Córdoba,Ayapel,8.2951,-75.1646,20,12/11/2014,,Caribe,Magdalena Cauca,Bajo Magdalena- Cauca -San Jorge,Bajo San Jorge - La Mojana,1.23272728919983,1.47272729873657,2,2,0.659420311450958,0.66304349899292,1,1,1.04999995231628,2006,05,26,17,17,17.8499991893768,0,79.3136672973633,2006-05-01,77.1473083496094,59.0406532287598,58.0221710205078
25025030,Meteorológica Especial,Automática con Telemetría,Córdoba,Ayapel,8.2951,-75.1646,20,12/11/2014,,Caribe,Magdalena Cauca,Bajo Magdalena- Cauca -San Jorge,Bajo San Jorge - La Mojana,1.23272728919983,1.47272729873657,2,2,0.659420311450958,0.66304349899292,1,1,1.04999995231628,2006,05,27,57,57,59.8499972820282,0,41.9023818969727,2006-05-01,38.3556213378906,36.1901206970215,33.3580856323242
25025030,Meteorológica Especial,Automática con Telemetría,Córdoba,Ayapel,8.2951,-75.1646,20,12/11/2014,,Caribe,Magdalena Cauca,Bajo Magdalena- Cauca -San Jorge,Bajo San Jorge - La Mojana,1.23272728919983,1.47272729873657,2,2,0.659420311450958,0.66304349899292,1,1,1.04999995231628,2006,05,28,39,39,40.9499981403351,0,61.244686126709,2006-05-01,56.0204658508301,46.1020278930664,54.3877220153809
25025030,Meteorológica Especial,Automática con Telemetría,Córdoba,Ayapel,8.2951,-75.1646,20,12/11/2014,,Caribe,Magdalena Cauca,Bajo Magdalena- Cauca -San Jorge,Bajo San Jorge - La Mojana,1.23272728919983,1.47272729873657,2,2,0.659420311450958,0.66304349899292,1,1,1.04999995231628,2006,05,29,59,59,61.9499971866608,0,30.0590019226074,2006-05-01,26.7518043518066,42.4792633056641,39.40478515625
25025030,Meteorológica Especial,Automática con Telemetría,Córdoba,Ayapel,8.2951,-75.1646,20,12/11/2014,,Caribe,Magdalena Cauca,Bajo Magdalena- Cauca -San Jorge,Bajo San Jorge - La Mojana,1.23272728919983,1.47272729873657,2,2,0.659420311450958,0.66304349899292,1,1,1.04999995231628,2006,05,30,21,21,22.049998998642,1,82.1674118041992,2006-05-01,71.7616882324219,44.3565406799316,44.9191818237305
25025030,Meteorológica Especial,Automática con Telemetría,Córdoba,Ayapel,8.2951,-75.1646,20,12/11/2014,,Caribe,Magdalena Cauca,Bajo Magdalena- Cauca -San Jorge,Bajo San Jorge - La Mojana,1.23272728919983,1.47272729873657,2,2,0.659420311450958,0.66304349899292,1,1,1.04999995231628,2006,06,31,22,22,23.0999989509583,0,73.622917175293,2006-06-01,80.936653137207,57.6387710571289,60.4723358154297
25025030,Meteorológica Especial,Automática con Telemetría,Córdoba,Ayapel,8.2951,-75.1646,20,12/11/2014,,Caribe,Magdalena Cauca,Bajo Magdalena- Cauca -San Jorge,Bajo San Jorge - La Mojana,1.23272728919983,1.47272729873657,2,2,0.659420311450958,0.66304349899292,1,1,1.04999995231628,2006,06,32,155,62,65.0999970436096,1,62.6406936645508,2006-06-01,74.1792449951172,104.456802368164,112.20174407959
25025030,Meteorológica Especial,Automática con Telemetría,Córdoba,Ayapel,8.2951,-75.1646,20,12/11/2014,,Caribe,Magdalena Cauca,Bajo Magdalena- Cauca -San Jorge,Bajo San Jorge - La Mojana,1.23272728919983,1.47272729873657,2,2,0.659420311450958,0.66304349899292,1,1,1.04999995231628,2006,06,33,20,20,20.9999990463257,0,30.3096179962158,2006-06-01,32.2176361083984,23.0161037445068,21.8931732177734
25025030,Meteorológica Especial,Automática con Telemetría,Córdoba,Ayapel,8.2951,-75.1646,20,12/11/2014,,Caribe,Magdalena Cauca,Bajo Magdalena- Cauca -San Jorge,Bajo San Jorge - La Mojana,1.23272728919983,1.47272729873657,2,2,0.659420311450958,0.66304349899292,1,1,1.04999995231628,2006,06,34,68,68,71.3999967575073,0,43.8743324279785,2006-06-01,55.712532043457,50.2588958740234,58.0796508789063
25025030,Meteorológica Especial,Automática con Telemetría,Córdoba,Ayapel,8.2951,-75.1646,20,12/11/2014,,Caribe,Magdalena Cauca,Bajo Magdalena- Cauca -San Jorge,Bajo San Jorge - La Mojana,1.23272728919983,1.47272729873657,2,2,0.659420311450958,0.66304349899292,1,1,1.04999995231628,2006,06,35,15,15,15.7499992847443,0,40.7589721679688,2006-06-01,53.5058555603027,23.4336109161377,26.6961078643799
25025030,Meteorológica Especial,Automática con Telemetría,Córdoba,Ayapel,8.2951,-75.1646,20,12/11/2014,,Caribe,Magdalena Cauca,Bajo Magdalena- Cauca -San Jorge,Bajo San Jorge - La Mojana,1.23272728919983,1.47272729873657,2,2,0.659420311450958,0.66304349899292,1,1,1.04999995231628,2006,06,36,11,11,11.5499994754791,0,37.0828399658203,2006-06-01,51.2287445068359,18.887674331665,20.3819580078125
25025030,Meteorológica Especial,Automática con Telemetría,Córdoba,Ayapel,8.2951,-75.1646,20,12/11/2014,,Caribe,Magdalena Cauca,Bajo Magdalena- Cauca -San Jorge,Bajo San Jorge - La Mojana,1.23272728919983,1.47272729873657,2,2,0.659420311450958,0.66304349899292,1,1,1.04999995231628,2006,07,37,28,28,29.399998664856,0,53.057991027832,2006-07-01,58.8176345825195,40.7281951904297,43.2920036315918
25025030,Meteorológica Especial,Automática con Telemetría,Córdoba,Ayapel,8.2951,-75.1646,20,12/11/2014,,Caribe,Magdalena Cauca,Bajo Magdalena- Cauca -San Jorge,Bajo San Jorge - La Mojana,1.23272728919983,1.47272729873657,2,2,0.659420311450958,0.66304349899292,1,1,1.04999995231628,2006,07,38,13,13,13.6499993801117,0,33.3089714050293,2006-07-01,40.0801658630371,24.9537143707275,28.3187141418457
25025030,Meteorológica Especial,Automática con Telemetría,Córdoba,Ayapel,8.2951,-75.1646,20,12/11/2014,,Caribe,Magdalena Cauca,Bajo Magdalena- Cauca -San Jorge,Bajo San Jorge - La Mojana,1.23272728919983,1.47272729873657,2,2,0.659420311450958,0.66304349899292,1,1,1.04999995231628,2006,07,39,44,44,46.1999979019165,0,70.9044570922852,2006-07-01,86.3048477172852,44.9616928100586,51.3337440490723
25025030,Meteorológica Especial,Automática con Telemetría,Córdoba,Ayapel,8.2951,-75.1646,20,12/11/2014,,Caribe,Magdalena Cauca,Bajo Magdalena- Cauca -San Jorge,Bajo San Jorge - La Mojana,1.23272728919983,1.47272729873657,2,2,0.659420311450958,0.66304349899292,1,1,1.04999995231628,2006,07,40,18.9,18.9,19.8449990987778,0,50.2608261108399,2006-07-01,59.2659072875977,29.8117599487305,34.2416954040527
25025030,Meteorológica Especial,Automática con Telemetría,Córdoba,Ayapel,8.2951,-75.1646,20,12/11/2014,,Caribe,Magdalena Cauca,Bajo Magdalena- Cauca -San Jorge,Bajo San Jorge - La Mojana,1.23272728919983,1.47272729873657,2,2,0.659420311450958,0.66304349899292,1,1,1.04999995231628,2006,07,41,19,19,19.9499990940094,0,55.1470565795898,2006-07-01,64.8157043457031,37.3644943237305,41.7433547973633
25025030,Meteorológica Especial,Automática con Telemetría,Córdoba,Ayapel,8.2951,-75.1646,20,12/11/2014,,Caribe,Magdalena Cauca,Bajo Magdalena- Cauca -San Jorge,Bajo San Jorge - La Mojana,1.23272728919983,1.47272729873657,2,2,0.659420311450958,0.66304349899292,1,1,1.04999995231628,2006,07,42,66,66,69.2999968528748,0,65.5214233398438,2006-07-01,71.5558471679688,85.2921676635742,102.541343688965
25025030,Meteorológica Especial,Automática con Telemetría,Córdoba,Ayapel,8.2951,-75.1646,20,12/11/2014,,Caribe,Magdalena Cauca,Bajo Magdalena- Cauca -San Jorge,Bajo San Jorge - La Mojana,1.23272728919983,1.47272729873657,2,2,0.659420311450958,0.66304349899292,1,1,1.04999995231628,2006,08,43,68,68,71.3999967575073,0,45.7708930969238,2006-08-01,51.1354904174805,55.1533241271973,62.6476287841797
25025030,Meteorológica Especial,Automática con Telemetría,Córdoba,Ayapel,8.2951,-75.1646,20,12/11/2014,,Caribe,Magdalena Cauca,Bajo Magdalena- Cauca -San Jorge,Bajo San Jorge - La Mojana,1.23272728919983,1.47272729873657,2,2,0.659420311450958,0.66304349899292,1,1,1.04999995231628,2006,08,44,61,61,64.0499970912933,0,49.4020500183106,2006-08-01,50.5053672790527,60.9180374145508,67.3914031982422
25025030,Meteorológica Especial,Automática con Telemetría,Córdoba,Ayapel,8.2951,-75.1646,20,12/11/2014,,Caribe,Magdalena Cauca,Bajo Magdalena- Cauca -San Jorge,Bajo San Jorge - La Mojana,1.23272728919983,1.47272729873657,2,2,0.659420311450958,0.66304349899292,1,1,1.04999995231628,2006,08,45,31,31,32.5499985218048,0,59.0320625305176,2006-08-01,63.4621238708496,49.933780670166,59.8045883178711
25025030,Meteorológica Especial,Automática con Telemetría,Córdoba,Ayapel,8.2951,-75.1646,20,12/11/2014,,Caribe,Magdalena Cauca,Bajo Magdalena- Cauca -San Jorge,Bajo San Jorge - La Mojana,1.23272728919983,1.47272729873657,2,2,0.659420311450958,0.66304349899292,1,1,1.04999995231628,2006,08,46,143.4,143.4,150.569993162155,0,76.0343933105469,2006-08-01,87.0831985473633,106.686180114746,114.459548950195
25025030,Meteorológica Especial,Automática con Telemetría,Córdoba,Ayapel,8.2951,-75.1646,20,12/11/2014,,Caribe,Magdalena Cauca,Bajo Magdalena- Cauca -San Jorge,Bajo San Jorge - La Mojana,1.23272728919983,1.47272729873657,2,2,0.659420311450958,0.66304349899292,1,1,1.04999995231628,2006,08,47,30.2,30.2,31.7099985599518,1,65.8345031738281,2006-08-01,72.895149230957,54.4045486450195,64.5532836914063
25025030,Meteorológica Especial,Automática con Telemetría,Córdoba,Ayapel,8.2951,-75.1646,20,12/11/2014,,Caribe,Magdalena Cauca,Bajo Magdalena- Cauca -San Jorge,Bajo San Jorge - La Mojana,1.23272728919983,1.47272729873657,2,2,0.659420311450958,0.66304349899292,1,1,1.04999995231628,2006,08,48,43,43,45.1499979496002,0,70.3333435058594,2006-08-01,64.0341796875,51.038516998291,55.7763214111328
25025030,Meteorológica Especial,Automática con Telemetría,Córdoba,Ayapel,8.2951,-75.1646,20,12/11/2014,,Caribe,Magdalena Cauca,Bajo Magdalena- Cauca -San Jorge,Bajo San Jorge - La Mojana,1.23272728919983,1.47272729873657,2,2,0.659420311450958,0.66304349899292,1,1,1.04999995231628,2006,09,49,109,34,35.6999983787537,1,56.7136383056641,2006-09-01,66.8605880737305,58.2310409545899,62.4913673400879
25025030,Meteorológica Especial,Automática con Telemetría,Córdoba,Ayapel,8.2951,-75.1646,20,12/11/2014,,Caribe,Magdalena Cauca,Bajo Magdalena- Cauca -San Jorge,Bajo San Jorge - La Mojana,1.23272728919983,1.47272729873657,2,2,0.659420311450958,0.66304349899292,1,1,1.04999995231628,2006,09,50,34,34,35.6999983787537,0,45.5879325866699,2006-09-01,49.836971282959,45.3611106872559,46.8407440185547
25025030,Meteorológica Especial,Automática con Telemetría,Córdoba,Ayapel,8.2951,-75.1646,20,12/11/2014,,Caribe,Magdalena Cauca,Bajo Magdalena- Cauca -San Jorge,Bajo San Jorge - La Mojana,1.23272728919983,1.47272729873657,2,2,0.659420311450958,0.66304349899292,1,1,1.04999995231628,2006,09,51,90,90,94.4999957084656,0,65.3478851318359,2006-09-01,79.5948715209961,78.8228607177734,83.4870986938477
25025030,Meteorológica Especial,Automática con Telemetría,Córdoba,Ayapel,8.2951,-75.1646,20,12/11/2014,,Caribe,Magdalena Cauca,Bajo Magdalena- Cauca -San Jorge,Bajo San Jorge - La Mojana,1.23272728919983,1.47272729873657,2,2,0.659420311450958,0.66304349899292,1,1,1.04999995231628,2006,09,52,59,59,61.9499971866608,0,53.7862243652344,2006-09-01,59.3757095336914,62.0806045532227,64.9077072143555
25025030,Meteorológica Especial,Automática con Telemetría,Córdoba,Ayapel,8.2951,-75.1646,20,12/11/2014,,Caribe,Magdalena Cauca,Bajo Magdalena- Cauca -San Jorge,Bajo San Jorge - La Mojana,1.23272728919983,1.47272729873657,2,2,0.659420311450958,0.66304349899292,1,1,1.04999995231628,2006,09,53,58.5,58.5,61.4249972105026,0,34.6836967468262,2006-09-01,29.0208835601807,37.7137603759766,34.696834564209
25025030,Meteorológica Especial,Automática con Telemetría,Córdoba,Ayapel,8.2951,-75.1646,20,12/11/2014,,Caribe,Magdalena Cauca,Bajo Magdalena- Cauca -San Jorge,Bajo San Jorge - La Mojana,1.23272728919983,1.47272729873657,2,2,0.659420311450958,0.66304349899292,1,1,1.04999995231628,2006,09,54,28,28,29.399998664856,0,46.9849090576172,2006-09-01,44.254451751709,25.6631393432617,25.122652053833
25025030,Meteorológica Especial,Automática con Telemetría,Córdoba,Ayapel,8.2951,-75.1646,20,12/11/2014,,Caribe,Magdalena Cauca,Bajo Magdalena- Cauca -San Jorge,Bajo San Jorge - La Mojana,1.23272728919983,1.47272729873657,2,2,0.659420311450958,0.66304349899292,1,1,1.04999995231628,2006,10,55,23.9,23.9,25.0949988603592,0,46.0947151184082,2006-10-01,45.8134651184082,37.9698524475098,38.6443099975586
25025030,Meteorológica Especial,Automática con Telemetría,Córdoba,Ayapel,8.2951,-75.1646,20,12/11/2014,,Caribe,Magdalena Cauca,Bajo Magdalena- Cauca -San Jorge,Bajo San Jorge - La Mojana,1.23272728919983,1.47272729873657,2,2,0.659420311450958,0.66304349899292,1,1,1.04999995231628,2006,10,56,21,21,22.049998998642,0,67.9970474243164,2006-10-01,63.5952568054199,43.7129974365234,45.0445938110352
25025030,Meteorológica Especial,Automática con Telemetría,Córdoba,Ayapel,8.2951,-75.1646,20,12/11/2014,,Caribe,Magdalena Cauca,Bajo Magdalena- Cauca -San Jorge,Bajo San Jorge - La Mojana,1.23272728919983,1.47272729873657,2,2,0.659420311450958,0.66304349899292,1,1,1.04999995231628,2006,10,57,52,52,54.5999975204468,0,43.8519744873047,2006-10-01,34.5917434692383,46.5427284240723,47.0276908874512
25025030,Meteorológica Especial,Automática con Telemetría,Córdoba,Ayapel,8.2951,-75.1646,20,12/11/2014,,Caribe,Magdalena Cauca,Bajo Magdalena- Cauca -San Jorge,Bajo San Jorge - La Mojana,1.23272728919983,1.47272729873657,2,2,0.659420311450958,0.66304349899292,1,1,1.04999995231628,2006,10,58,26,26,27.2999987602234,0,26.7980327606201,2006-10-01,17.9410381317139,34.2507133483887,28.2211074829102
25025030,Meteorológica Especial,Automática con Telemetría,Córdoba,Ayapel,8.2951,-75.1646,20,12/11/2014,,Caribe,Magdalena Cauca,Bajo Magdalena- Cauca -San Jorge,Bajo San Jorge - La Mojana,1.23272728919983,1.47272729873657,2,2,0.659420311450958,0.66304349899292,1,1,1.04999995231628,2006,10,59,48.2,48.2,50.6099977016449,0,41.3346252441406,2006-10-01,36.124755859375,64.477653503418,57.9031639099121
25025030,Meteorológica Especial,Automática con Telemetría,Córdoba,Ayapel,8.2951,-75.1646,20,12/11/2014,,Caribe,Magdalena Cauca,Bajo Magdalena- Cauca -San Jorge,Bajo San Jorge - La Mojana,1.23272728919983,1.47272729873657,2,2,0.659420311450958,0.66304349899292,1,1,1.04999995231628,2006,10,60,24,24,25.1999988555908,0,88.6297836303711,2006-10-01,68.1698684692383,52.7565727233887,49.5637741088867
25025030,Meteorológica Especial,Automática con Telemetría,Córdoba,Ayapel,8.2951,-75.1646,20,12/11/2014,,Caribe,Magdalena Cauca,Bajo Magdalena- Cauca -San Jorge,Bajo San Jorge - La Mojana,1.23272728919983,1.47272729873657,2,2,0.659420311450958,0.66304349899292,1,1,1.04999995231628,2006,11,61,4,4,4.19999980926514,0,19.9724750518799,2006-11-01,6.61363983154297,11.5933485031128,9.96358585357666
25025030,Meteorológica Especial,Automática con Telemetría,Córdoba,Ayapel,8.2951,-75.1646,20,12/11/2014,,Caribe,Magdalena Cauca,Bajo Magdalena- Cauca -San Jorge,Bajo San Jorge - La Mojana,1.23272728919983,1.47272729873657,2,2,0.659420311450958,0.66304349899292,1,1,1.04999995231628,2006,11,62,22.7,22.7,23.8349989175797,0,51.7086181640625,2006-11-01,41.3669242858887,46.8369560241699,51.0560111999512
25025030,Meteorológica Especial,Automática con Telemetría,Córdoba,Ayapel,8.2951,-75.1646,20,12/11/2014,,Caribe,Magdalena Cauca,Bajo Magdalena- Cauca -San Jorge,Bajo San Jorge - La Mojana,1.23272728919983,1.47272729873657,2,2,0.659420311450958,0.66304349899292,1,1,1.04999995231628,2006,11,63,38.3,38.3,40.2149981737137,0,58.4310531616211,2006-11-01,49.6466751098633,66.9883728027344,66.1648178100586
25025030,Meteorológica Especial,Automática con Telemetría,Córdoba,Ayapel,8.2951,-75.1646,20,12/11/2014,,Caribe,Magdalena Cauca,Bajo Magdalena- Cauca -San Jorge,Bajo San Jorge - La Mojana,1.23272728919983,1.47272729873657,2,2,0.659420311450958,0.66304349899292,1,1,1.04999995231628,2006,11,64,51,51,53.5499975681305,0,29.2990760803223,2006-11-01,16.6203994750977,35.9236755371094,25.6442909240723
25025030,Meteorológica Especial,Automática con Telemetría,Córdoba,Ayapel,8.2951,-75.1646,20,12/11/2014,,Caribe,Magdalena Cauca,Bajo Magdalena- Cauca -San Jorge,Bajo San Jorge - La Mojana,1.23272728919983,1.47272729873657,2,2,0.659420311450958,0.66304349899292,1,1,1.04999995231628,2006,11,65,16,16,16.7999992370605,0,45.3085594177246,2006-11-01,32.8745040893555,21.4855175018311,20.1631526947022
25025030,Meteorológica Especial,Automática con Telemetría,Córdoba,Ayapel,8.2951,-75.1646,20,12/11/2014,,Caribe,Magdalena Cauca,Bajo Magdalena- Cauca -San Jorge,Bajo San Jorge - La Mojana,1.23272728919983,1.47272729873657,2,2,0.659420311450958,0.66304349899292,1,1,1.04999995231628,2006,11,66,105,0,0,1,40.1084365844727,2006-11-01,33.5957717895508,45.3340606689453,42.4739799499512
25025030,Meteorológica Especial,Automática con Telemetría,Córdoba,Ayapel,8.2951,-75.1646,20,12/11/2014,,Caribe,Magdalena Cauca,Bajo Magdalena- Cauca -San Jorge,Bajo San Jorge - La Mojana,1.23272728919983,1.47272729873657,2,2,0.659420311450958,0.66304349899292,1,1,1.07000005245209,2006,12,67,20,20,21.4000010490417,0,6.79268884658814,2006-12-01,0,12.1977510452271,0
25025030,Meteorológica Especial,Automática con Telemetría,Córdoba,Ayapel,8.2951,-75.1646,20,12/11/2014,,Caribe,Magdalena Cauca,Bajo Magdalena- Cauca -San Jorge,Bajo San Jorge - La Mojana,1.23272728919983,1.47272729873657,2,2,0.659420311450958,0.66304349899292,1,1,1.07000005245209,2006,12,68,87,19,20.3300009965897,1,43.6723518371582,2006-12-01,45.5517654418945,83.5962905883789,85.1550674438477
25025030,Meteorológica Especial,Automática con Telemetría,Córdoba,Ayapel,8.2951,-75.1646,20,12/11/2014,,Caribe,Magdalena Cauca,Bajo Magdalena- Cauca -San Jorge,Bajo San Jorge - La Mojana,1.23272728919983,1.47272729873657,2,2,0.659420311450958,0.66304349899292,1,1,1.07000005245209,2006,12,69,1,1,1.07000005245209,0,11.821870803833,2006-12-01,6.75661563873291,14.0205926895142,8.97965240478516
25025030,Meteorológica Especial,Automática con Telemetría,Córdoba,Ayapel,8.2951,-75.1646,20,12/11/2014,,Caribe,Magdalena Cauca,Bajo Magdalena- Cauca -San Jorge,Bajo San Jorge - La Mojana,1.23272728919983,1.47272729873657,2,2,0.659420311450958,0.66304349899292,1,1,1.07000005245209,2006,12,70,2,2,2.14000010490417,0,5.69537353515625,2006-12-01,0,5.11241865158081,0
25025030,Meteorológica Especial,Automática con Telemetría,Córdoba,Ayapel,8.2951,-75.1646,20,12/11/2014,,Caribe,Magdalena Cauca,Bajo Magdalena- Cauca -San Jorge,Bajo San Jorge - La Mojana,1.23272728919983,1.47272729873657,2,2,0.659420311450958,0.66304349899292,1,1,1.07000005245209,2006,12,71,6.1,6.1,6.52700031995773,1,7.84250640869141,2006-12-01,0,6.87630128860474,0
25025030,Meteorológica Especial,Automática con Telemetría,Córdoba,Ayapel,8.2951,-75.1646,20,12/11/2014,,Caribe,Magdalena Cauca,Bajo Magdalena- Cauca -San Jorge,Bajo San Jorge - La Mojana,1.23272728919983,1.47272729873657,2,2,0.659420311450958,0.66304349899292,1,1,1.07000005245209,2006,12,72,0,0,0,0,35.8734970092773,2006-12-01,18.9996566772461,13.7113924026489,7.72055149078369
25025030,Meteorológica Especial,Automática con Telemetría,Córdoba,Ayapel,8.2951,-75.1646,20,12/11/2014,,Caribe,Magdalena Cauca,Bajo Magdalena- Cauca -San Jorge,Bajo San Jorge - La Mojana,1.23272728919983,1.47272729873657,2,2,0.659420311450958,0.66304349899292,1,1,1.08000004291534,2007,01,1,0,0,0,0,1.75986647605896,2007-01-01,0,0.852857768535614,0
25025030,Meteorológica Especial,Automática con Telemetría,Córdoba,Ayapel,8.2951,-75.1646,20,12/11/2014,,Caribe,Magdalena Cauca,Bajo Magdalena- Cauca -San Jorge,Bajo San Jorge - La Mojana,1.23272728919983,1.47272729873657,2,2,0.659420311450958,0.66304349899292,1,1,1.08000004291534,2007,01,2,0,0,0,0,1.57782387733459,2007-01-01,0,0.83210039138794,0
25025030,Meteorológica Especial,Automática con Telemetría,Córdoba,Ayapel,8.2951,-75.1646,20,12/11/2014,,Caribe,Magdalena Cauca,Bajo Magdalena- Cauca -San Jorge,Bajo San Jorge - La Mojana,1.23272728919983,1.47272729873657,2,2,0.659420311450958,0.66304349899292,1,1,1.08000004291534,2007,01,3,0,0,0,0,1.51010096073151,2007-01-01,0,0.795826613903046,0
25025030,Meteorológica Especial,Automática con Telemetría,Córdoba,Ayapel,8.2951,-75.1646,20,12/11/2014,,Caribe,Magdalena Cauca,Bajo Magdalena- Cauca -San Jorge,Bajo San Jorge - La Mojana,1.23272728919983,1.47272729873657,2,2,0.659420311450958,0.66304349899292,1,1,1.08000004291534,2007,01,4,0,0,0,0,1.49548804759979,2007-01-01,0,0.844375193119049,0
25025030,Meteorológica Especial,Automática con Telemetría,Córdoba,Ayapel,8.2951,-75.1646,20,12/11/2014,,Caribe,Magdalena Cauca,Bajo Magdalena- Cauca -San Jorge,Bajo San Jorge - La Mojana,1.23272728919983,1.47272729873657,2,2,0.659420311450958,0.66304349899292,1,1,1.08000004291534,2007,01,5,0,0,0,0,1.41628217697144,2007-01-01,0,0.85956734418869,0
25025030,Meteorológica Especial,Automática con Telemetría,Córdoba,Ayapel,8.2951,-75.1646,20,12/11/2014,,Caribe,Magdalena Cauca,Bajo Magdalena- Cauca -San Jorge,Bajo San Jorge - La Mojana,1.23272728919983,1.47272729873657,2,2,0.659420311450958,0.66304349899292,1,1,1.08000004291534,2007,01,6,0,0,0,0,2.98064732551575,2007-01-01,0,1.61477613449097,0
25025030,Meteorológica Especial,Automática con Telemetría,Córdoba,Ayapel,8.2951,-75.1646,20,12/11/2014,,Caribe,Magdalena Cauca,Bajo Magdalena- Cauca -San Jorge,Bajo San Jorge - La Mojana,1.23272728919983,1.47272729873657,2,2,0.659420311450958,0.66304349899292,1,1,1.11000001430511,2007,02,7,0,0,0,5,1.82033491134644,2007-02-01,0.206891357898712,1.23016238212585,0.179820105433464
25025030,Meteorológica Especial,Automática con Telemetría,Córdoba,Ayapel,8.2951,-75.1646,20,12/11/2014,,Caribe,Magdalena Cauca,Bajo Magdalena- Cauca -San Jorge,Bajo San Jorge - La Mojana,1.23272728919983,1.47272729873657,2,2,0.659420311450958,0.66304349899292,1,1,1.11000001430511,2007,02,8,0,0,0,5,1.78382575511932,2007-02-01,1.63348829746246,1.34667575359344,1.260861992836
25025030,Meteorológica Especial,Automática con Telemetría,Córdoba,Ayapel,8.2951,-75.1646,20,12/11/2014,,Caribe,Magdalena Cauca,Bajo Magdalena- Cauca -San Jorge,Bajo San Jorge - La Mojana,1.23272728919983,1.47272729873657,2,2,0.659420311450958,0.66304349899292,1,1,1.11000001430511,2007,02,9,0,0,0,5,1.77907001972198,2007-02-01,1.03784084320068,1.96883678436279,1.52424311637878
25025030,Meteorológica Especial,Automática con Telemetría,Córdoba,Ayapel,8.2951,-75.1646,20,12/11/2014,,Caribe,Magdalena Cauca,Bajo Magdalena- Cauca -San Jorge,Bajo San Jorge - La Mojana,1.23272728919983,1.47272729873657,2,2,0.659420311450958,0.66304349899292,1,1,1.11000001430511,2007,02,10,0,0,0,5,7.01215744018555,2007-02-01,11.0588998794556,7.26620960235596,15.2600402832031
25025030,Meteorológica Especial,Automática con Telemetría,Córdoba,Ayapel,8.2951,-75.1646,20,12/11/2014,,Caribe,Magdalena Cauca,Bajo Magdalena- Cauca -San Jorge,Bajo San Jorge - La Mojana,1.23272728919983,1.47272729873657,2,2,0.659420311450958,0.66304349899292,1,1,1.11000001430511,2007,02,11,0,0,0,5,5.11049175262451,2007-02-01,3.99723505973816,3.12816905975342,2.70787715911865
25025030,Meteorológica Especial,Automática con Telemetría,Córdoba,Ayapel,8.2951,-75.1646,20,12/11/2014,,Caribe,Magdalena Cauca,Bajo Magdalena- Cauca -San Jorge,Bajo San Jorge - La Mojana,1.23272728919983,1.47272729873657,2,2,0.659420311450958,0.66304349899292,1,1,1.11000001430511,2007,02,12,0,0,0,3,1.04386961460114,2007-02-01,0,0.755007386207581,0
25025030,Meteorológica Especial,Automática con Telemetría,Córdoba,Ayapel,8.2951,-75.1646,20,12/11/2014,,Caribe,Magdalena Cauca,Bajo Magdalena- Cauca -San Jorge,Bajo San Jorge - La Mojana,1.23272728919983,1.47272729873657,2,2,0.659420311450958,0.66304349899292,1,1,1.10000002384186,2007,03,13,0,0,0,5,7.55486297607422,2007-03-01,7.65552425384522,7.37639713287354,5.58764743804932
25025030,Meteorológica Especial,Automática con Telemetría,Córdoba,Ayapel,8.2951,-75.1646,20,12/11/2014,,Caribe,Magdalena Cauca,Bajo Magdalena- Cauca -San Jorge,Bajo San Jorge - La Mojana,1.23272728919983,1.47272729873657,2,2,0.659420311450958,0.66304349899292,1,1,1.10000002384186,2007,03,14,0,0,0,5,16.5369758605957,2007-03-01,22.0706367492676,15.2410278320313,15.2535047531128
25025030,Meteorológica Especial,Automática con Telemetría,Córdoba,Ayapel,8.2951,-75.1646,20,12/11/2014,,Caribe,Magdalena Cauca,Bajo Magdalena- Cauca -San Jorge,Bajo San Jorge - La Mojana,1.23272728919983,1.47272729873657,2,2,0.659420311450958,0.66304349899292,1,1,1.10000002384186,2007,03,15,0,0,0,5,8.95973110198975,2007-03-01,8.38901805877686,5.91939926147461,7.5430121421814
25025030,Meteorológica Especial,Automática con Telemetría,Córdoba,Ayapel,8.2951,-75.1646,20,12/11/2014,,Caribe,Magdalena Cauca,Bajo Magdalena- Cauca -San Jorge,Bajo San Jorge - La Mojana,1.23272728919983,1.47272729873657,2,2,0.659420311450958,0.66304349899292,1,1,1.10000002384186,2007,03,16,0,0,0,5,7.66075372695923,2007-03-01,6.66554355621338,11.983983039856,10.7042322158813
25025030,Meteorológica Especial,Automática con Telemetría,Córdoba,Ayapel,8.2951,-75.1646,20,12/11/2014,,Caribe,Magdalena Cauca,Bajo Magdalena- Cauca -San Jorge,Bajo San Jorge - La Mojana,1.23272728919983,1.47272729873657,2,2,0.659420311450958,0.66304349899292,1,1,1.10000002384186,2007,03,17,0,0,0,5,13.4485769271851,2007-03-01,21.7894668579102,33.8470611572266,47.7239379882813
25025030,Meteorológica Especial,Automática con Telemetría,Córdoba,Ayapel,8.2951,-75.1646,20,12/11/2014,,Caribe,Magdalena Cauca,Bajo Magdalena- Cauca -San Jorge,Bajo San Jorge - La Mojana,1.23272728919983,1.47272729873657,2,2,0.659420311450958,0.66304349899292,1,1,1.10000002384186,2007,03,18,0,0,0,6,17.152624130249,2007-03-01,13.8901262283325,17.6245403289795,11.2845134735107
25025030,Meteorológica Especial,Automática con Telemetría,Córdoba,Ayapel,8.2951,-75.1646,20,12/11/2014,,Caribe,Magdalena Cauca,Bajo Magdalena- Cauca -San Jorge,Bajo San Jorge - La Mojana,1.23272728919983,1.47272729873657,2,2,0.659420311450958,0.66304349899292,1,1,1.05999994277954,2007,04,19,23.5,23.5,24.9099986553192,0,32.154483795166,2007-04-01,35.4465026855469,47.0018424987793,42.3023681640625
25025030,Meteorológica Especial,Automática con Telemetría,Córdoba,Ayapel,8.2951,-75.1646,20,12/11/2014,,Caribe,Magdalena Cauca,Bajo Magdalena- Cauca -San Jorge,Bajo San Jorge - La Mojana,1.23272728919983,1.47272729873657,2,2,0.659420311450958,0.66304349899292,1,1,1.05999994277954,2007,04,20,66.2,66.2,70.1719962120056,0,46.6837387084961,2007-04-01,52.6288070678711,80.2867126464844,79.7450942993164
25025030,Meteorológica Especial,Automática con Telemetría,Córdoba,Ayapel,8.2951,-75.1646,20,12/11/2014,,Caribe,Magdalena Cauca,Bajo Magdalena- Cauca -San Jorge,Bajo San Jorge - La Mojana,1.23272728919983,1.47272729873657,2,2,0.659420311450958,0.66304349899292,1,1,1.05999994277954,2007,04,21,0,0,0,0,12.0653648376465,2007-04-01,9.21338081359863,6.78497076034546,6.05550193786621
25025030,Meteorológica Especial,Automática con Telemetría,Córdoba,Ayapel,8.2951,-75.1646,20,12/11/2014,,Caribe,Magdalena Cauca,Bajo Magdalena- Cauca -San Jorge,Bajo San Jorge - La Mojana,1.23272728919983,1.47272729873657,2,2,0.659420311450958,0.66304349899292,1,1,1.05999994277954,2007,04,22,17.1,17.1,18.1259990215302,0,15.7846240997314,2007-04-01,14.4293365478516,27.7406425476074,24.842866897583
25025030,Meteorológica Especial,Automática con Telemetría,Córdoba,Ayapel,8.2951,-75.1646,20,12/11/2014,,Caribe,Magdalena Cauca,Bajo Magdalena- Cauca -San Jorge,Bajo San Jorge - La Mojana,1.23272728919983,1.47272729873657,2,2,0.659420311450958,0.66304349899292,1,1,1.05999994277954,2007,04,23,42.7,42.7,45.2619975566864,0,29.0135326385498,2007-04-01,32.8644065856934,40.6902198791504,52.4501457214356
25025030,Meteorológica Especial,Automática con Telemetría,Córdoba,Ayapel,8.2951,-75.1646,20,12/11/2014,,Caribe,Magdalena Cauca,Bajo Magdalena- Cauca -San Jorge,Bajo San Jorge - La Mojana,1.23272728919983,1.47272729873657,2,2,0.659420311450958,0.66304349899292,1,1,1.05999994277954,2007,04,24,124.5,53.5,56.7099969387055,1,28.5134658813477,2007-04-01,26.2110118865967,57.2633781433106,59.1651000976563
25025030,Meteorológica Especial,Automática con Telemetría,Córdoba,Ayapel,8.2951,-75.1646,20,12/11/2014,,Caribe,Magdalena Cauca,Bajo Magdalena- Cauca -San Jorge,Bajo San Jorge - La Mojana,1.23272728919983,1.47272729873657,2,2,0.659420311450958,0.66304349899292,1,1,1.04999995231628,2007,05,25,55,55,57.7499973773956,0,32.5044364929199,2007-05-01,29.4002780914307,42.7771453857422,44.5327415466309
25025030,Meteorológica Especial,Automática con Telemetría,Córdoba,Ayapel,8.2951,-75.1646,20,12/11/2014,,Caribe,Magdalena Cauca,Bajo Magdalena- Cauca -San Jorge,Bajo San Jorge - La Mojana,1.23272728919983,1.47272729873657,2,2,0.659420311450958,0.66304349899292,1,1,1.04999995231628,2007,05,26,95,18,18.8999991416931,1,61.1074333190918,2007-05-01,57.9061813354492,60.8428001403809,58.3045654296875
25025030,Meteorológica Especial,Automática con Telemetría,Córdoba,Ayapel,8.2951,-75.1646,20,12/11/2014,,Caribe,Magdalena Cauca,Bajo Magdalena- Cauca -San Jorge,Bajo San Jorge - La Mojana,1.23272728919983,1.47272729873657,2,2,0.659420311450958,0.66304349899292,1,1,1.04999995231628,2007,05,27,72,72,75.5999965667725,0,44.5548515319824,2007-05-01,40.1198539733887,60.23291015625,60.746223449707
25025030,Meteorológica Especial,Automática con Telemetría,Córdoba,Ayapel,8.2951,-75.1646,20,12/11/2014,,Caribe,Magdalena Cauca,Bajo Magdalena- Cauca -San Jorge,Bajo San Jorge - La Mojana,1.23272728919983,1.47272729873657,2,2,0.659420311450958,0.66304349899292,1,1,1.04999995231628,2007,05,28,67,67,70.349996805191,0,76.2025833129883,2007-05-01,70.1098937988281,86.5719146728516,87.4850387573242
25025030,Meteorológica Especial,Automática con Telemetría,Córdoba,Ayapel,8.2951,-75.1646,20,12/11/2014,,Caribe,Magdalena Cauca,Bajo Magdalena- Cauca -San Jorge,Bajo San Jorge - La Mojana,1.23272728919983,1.47272729873657,2,2,0.659420311450958,0.66304349899292,1,1,1.04999995231628,2007,05,29,74.1,1.5,1.57499992847443,1,45.0554428100586,2007-05-01,45.1763534545898,35.1608467102051,33.7958297729492
25025030,Meteorológica Especial,Automática con Telemetría,Córdoba,Ayapel,8.2951,-75.1646,20,12/11/2014,,Caribe,Magdalena Cauca,Bajo Magdalena- Cauca -San Jorge,Bajo San Jorge - La Mojana,1.23272728919983,1.47272729873657,2,2,0.659420311450958,0.66304349899292,1,1,1.04999995231628,2007,05,30,42.1,42.1,44.2049979925156,0,67.8708190917969,2007-05-01,57.4006652832031,66.404296875,68.5110778808594
25025030,Meteorológica Especial,Automática con Telemetría,Córdoba,Ayapel,8.2951,-75.1646,20,12/11/2014,,Caribe,Magdalena Cauca,Bajo Magdalena- Cauca -San Jorge,Bajo San Jorge - La Mojana,1.23272728919983,1.47272729873657,2,2,0.659420311450958,0.66304349899292,1,1,1.04999995231628,2007,06,31,61,61,64.0499970912933,0,32.1460151672363,2007-06-01,34.4610252380371,50.7279777526856,62.1728744506836
25025030,Meteorológica Especial,Automática con Telemetría,Córdoba,Ayapel,8.2951,-75.1646,20,12/11/2014,,Caribe,Magdalena Cauca,Bajo Magdalena- Cauca -San Jorge,Bajo San Jorge - La Mojana,1.23272728919983,1.47272729873657,2,2,0.659420311450958,0.66304349899292,1,1,1.04999995231628,2007,06,32,57.3,57.3,60.1649972677231,0,48.2377967834473,2007-06-01,54.640495300293,39.4751930236816,44.7146148681641
25025030,Meteorológica Especial,Automática con Telemetría,Córdoba,Ayapel,8.2951,-75.1646,20,12/11/2014,,Caribe,Magdalena Cauca,Bajo Magdalena- Cauca -San Jorge,Bajo San Jorge - La Mojana,1.23272728919983,1.47272729873657,2,2,0.659420311450958,0.66304349899292,1,1,1.04999995231628,2007,06,33,105.6,105.6,110.8799949646,0,48.0060386657715,2007-06-01,55.5330276489258,63.9491882324219,68.6100540161133
25025030,Meteorológica Especial,Automática con Telemetría,Córdoba,Ayapel,8.2951,-75.1646,20,12/11/2014,,Caribe,Magdalena Cauca,Bajo Magdalena- Cauca -San Jorge,Bajo San Jorge - La Mojana,1.23272728919983,1.47272729873657,2,2,0.659420311450958,0.66304349899292,1,1,1.04999995231628,2007,06,34,66,0,0,1,32.6995162963867,2007-06-01,41.5258140563965,34.3297653198242,43.8574028015137
25025030,Meteorológica Especial,Automática con Telemetría,Córdoba,Ayapel,8.2951,-75.1646,20,12/11/2014,,Caribe,Magdalena Cauca,Bajo Magdalena- Cauca -San Jorge,Bajo San Jorge - La Mojana,1.23272728919983,1.47272729873657,2,2,0.659420311450958,0.66304349899292,1,1,1.04999995231628,2007,06,35,148.3,14.5,15.2249993085861,1,51.1259231567383,2007-06-01,65.0091934204102,84.6957931518555,94.6272888183594
25025030,Meteorológica Especial,Automática con Telemetría,Córdoba,Ayapel,8.2951,-75.1646,20,12/11/2014,,Caribe,Magdalena Cauca,Bajo Magdalena- Cauca -San Jorge,Bajo San Jorge - La Mojana,1.23272728919983,1.47272729873657,2,2,0.659420311450958,0.66304349899292,1,1,1.04999995231628,2007,06,36,4.3,4.3,4.51499979496002,0,60.4369163513184,2007-06-01,81.3710632324219,28.1840801239014,34.4962768554688
25025030,Meteorológica Especial,Automática con Telemetría,Córdoba,Ayapel,8.2951,-75.1646,20,12/11/2014,,Caribe,Magdalena Cauca,Bajo Magdalena- Cauca -San Jorge,Bajo San Jorge - La Mojana,1.23272728919983,1.47272729873657,2,2,0.659420311450958,0.66304349899292,1,1,1.04999995231628,2007,07,37,6.1,6.1,6.40499970912933,0,20.0472965240479,2007-07-01,17.1547050476074,14.3522090911865,13.9524898529053
25025030,Meteorológica Especial,Automática con Telemetría,Córdoba,Ayapel,8.2951,-75.1646,20,12/11/2014,,Caribe,Magdalena Cauca,Bajo Magdalena- Cauca -San Jorge,Bajo San Jorge - La Mojana,1.23272728919983,1.47272729873657,2,2,0.659420311450958,0.66304349899292,1,1,1.04999995231628,2007,07,38,85.7,85.7,89.9849959135056,0,67.1704025268555,2007-07-01,83.179443359375,89.8774032592774,109.459655761719
25025030,Meteorológica Especial,Automática con Telemetría,Córdoba,Ayapel,8.2951,-75.1646,20,12/11/2014,,Caribe,Magdalena Cauca,Bajo Magdalena- Cauca -San Jorge,Bajo San Jorge - La Mojana,1.23272728919983,1.47272729873657,2,2,0.659420311450958,0.66304349899292,1,1,1.04999995231628,2007,07,39,5.4,5.4,5.66999974250794,0,54.8878135681152,2007-07-01,65.9676742553711,38.3945960998535,42.5915832519531
25025030,Meteorológica Especial,Automática con Telemetría,Córdoba,Ayapel,8.2951,-75.1646,20,12/11/2014,,Caribe,Magdalena Cauca,Bajo Magdalena- Cauca -San Jorge,Bajo San Jorge - La Mojana,1.23272728919983,1.47272729873657,2,2,0.659420311450958,0.66304349899292,1,1,1.04999995231628,2007,07,40,79.2,79.2,83.1599962234497,0,65.0701446533203,2007-07-01,73.5924072265625,85.9855422973633,96.9074020385742
25025030,Meteorológica Especial,Automática con Telemetría,Córdoba,Ayapel,8.2951,-75.1646,20,12/11/2014,,Caribe,Magdalena Cauca,Bajo Magdalena- Cauca -San Jorge,Bajo San Jorge - La Mojana,1.23272728919983,1.47272729873657,2,2,0.659420311450958,0.66304349899292,1,1,1.04999995231628,2007,07,41,9,9,9.44999957084656,0,54.2672958374024,2007-07-01,60.3487854003906,27.8605918884277,30.3944835662842
25025030,Meteorológica Especial,Automática con Telemetría,Córdoba,Ayapel,8.2951,-75.1646,20,12/11/2014,,Caribe,Magdalena Cauca,Bajo Magdalena- Cauca -San Jorge,Bajo San Jorge - La Mojana,1.23272728919983,1.47272729873657,2,2,0.659420311450958,0.66304349899292,1,1,1.04999995231628,2007,07,42,128.8,128.8,135.239993858337,0,75.9739761352539,2007-07-01,80.8515319824219,99.0856246948242,112.670295715332
25025030,Meteorológica Especial,Automática con Telemetría,Córdoba,Ayapel,8.2951,-75.1646,20,12/11/2014,,Caribe,Magdalena Cauca,Bajo Magdalena- Cauca -San Jorge,Bajo San Jorge - La Mojana,1.23272728919983,1.47272729873657,2,2,0.659420311450958,0.66304349899292,1,1,1.04999995231628,2007,08,43,152,152,159.599992752075,0,79.3905868530274,2007-08-01,91.8069305419922,139.045669555664,165.575561523438
25025030,Meteorológica Especial,Automática con Telemetría,Córdoba,Ayapel,8.2951,-75.1646,20,12/11/2014,,Caribe,Magdalena Cauca,Bajo Magdalena- Cauca -San Jorge,Bajo San Jorge - La Mojana,1.23272728919983,1.47272729873657,2,2,0.659420311450958,0.66304349899292,1,1,1.04999995231628,2007,08,44,30.9,30.9,32.4449985265732,0,54.2788505554199,2007-08-01,57.4459266662598,81.3162994384766,97.7043685913086
25025030,Meteorológica Especial,Automática con Telemetría,Córdoba,Ayapel,8.2951,-75.1646,20,12/11/2014,,Caribe,Magdalena Cauca,Bajo Magdalena- Cauca -San Jorge,Bajo San Jorge - La Mojana,1.23272728919983,1.47272729873657,2,2,0.659420311450958,0.66304349899292,1,1,1.04999995231628,2007,08,45,52,52,54.5999975204468,0,60.9622077941895,2007-08-01,68.1459197998047,69.7060623168945,85.4457092285156
25025030,Meteorológica Especial,Automática con Telemetría,Córdoba,Ayapel,8.2951,-75.1646,20,12/11/2014,,Caribe,Magdalena Cauca,Bajo Magdalena- Cauca -San Jorge,Bajo San Jorge - La Mojana,1.23272728919983,1.47272729873657,2,2,0.659420311450958,0.66304349899292,1,1,1.04999995231628,2007,08,46,29,29,30.4499986171722,0,77.2625274658203,2007-08-01,88.5450439453125,87.1277923583985,96.290397644043
25025030,Meteorológica Especial,Automática con Telemetría,Córdoba,Ayapel,8.2951,-75.1646,20,12/11/2014,,Caribe,Magdalena Cauca,Bajo Magdalena- Cauca -San Jorge,Bajo San Jorge - La Mojana,1.23272728919983,1.47272729873657,2,2,0.659420311450958,0.66304349899292,1,1,1.04999995231628,2007,08,47,42,42,44.0999979972839,0,68.0213088989258,2007-08-01,74.3528747558594,72.5798645019531,82.9107131958008
25025030,Meteorológica Especial,Automática con Telemetría,Córdoba,Ayapel,8.2951,-75.1646,20,12/11/2014,,Caribe,Magdalena Cauca,Bajo Magdalena- Cauca -San Jorge,Bajo San Jorge - La Mojana,1.23272728919983,1.47272729873657,2,2,0.659420311450958,0.66304349899292,1,1,1.04999995231628,2007,08,48,79.6,79.6,83.5799962043762,0,62.7278289794922,2007-08-01,55.2419281005859,63.2719955444336,65.264518737793
25025030,Meteorológica Especial,Automática con Telemetría,Córdoba,Ayapel,8.2951,-75.1646,20,12/11/2014,,Caribe,Magdalena Cauca,Bajo Magdalena- Cauca -San Jorge,Bajo San Jorge - La Mojana,1.23272728919983,1.47272729873657,2,2,0.659420311450958,0.66304349899292,1,1,1.04999995231628,2007,09,49,41.8,41.8,43.8899980068207,0,38.6617393493652,2007-09-01,39.4003868103027,39.028694152832,40.7946853637695
25025030,Meteorológica Especial,Automática con Telemetría,Córdoba,Ayapel,8.2951,-75.1646,20,12/11/2014,,Caribe,Magdalena Cauca,Bajo Magdalena- Cauca -San Jorge,Bajo San Jorge - La Mojana,1.23272728919983,1.47272729873657,2,2,0.659420311450958,0.66304349899292,1,1,1.04999995231628,2007,09,50,70.1,70.1,73.6049966573715,0,52.42431640625,2007-09-01,59.5334968566895,56.81689453125,61.8081245422363
25025030,Meteorológica Especial,Automática con Telemetría,Córdoba,Ayapel,8.2951,-75.1646,20,12/11/2014,,Caribe,Magdalena Cauca,Bajo Magdalena- Cauca -San Jorge,Bajo San Jorge - La Mojana,1.23272728919983,1.47272729873657,2,2,0.659420311450958,0.66304349899292,1,1,1.04999995231628,2007,09,51,93.2,93.2,97.8599955558777,0,59.3298568725586,2007-09-01,68.161979675293,71.0734329223633,74.3490142822266
25025030,Meteorológica Especial,Automática con Telemetría,Córdoba,Ayapel,8.2951,-75.1646,20,12/11/2014,,Caribe,Magdalena Cauca,Bajo Magdalena- Cauca -San Jorge,Bajo San Jorge - La Mojana,1.23272728919983,1.47272729873657,2,2,0.659420311450958,0.66304349899292,1,1,1.04999995231628,2007,09,52,0,0,0,0,29.5305004119873,2007-09-01,24.5369167327881,36.5410690307617,39.0118217468262
25025030,Meteorológica Especial,Automática con Telemetría,Córdoba,Ayapel,8.2951,-75.1646,20,12/11/2014,,Caribe,Magdalena Cauca,Bajo Magdalena- Cauca -San Jorge,Bajo San Jorge - La Mojana,1.23272728919983,1.47272729873657,2,2,0.659420311450958,0.66304349899292,1,1,1.04999995231628,2007,09,53,27.2,27.2,28.5599987030029,0,55.0128631591797,2007-09-01,58.7232398986816,62.197151184082,68.061164855957
25025030,Meteorológica Especial,Automática con Telemetría,Córdoba,Ayapel,8.2951,-75.1646,20,12/11/2014,,Caribe,Magdalena Cauca,Bajo Magdalena- Cauca -San Jorge,Bajo San Jorge - La Mojana,1.23272728919983,1.47272729873657,2,2,0.659420311450958,0.66304349899292,1,1,1.04999995231628,2007,09,54,24.2,24.2,25.4099988460541,0,39.2578468322754,2007-09-01,33.4166145324707,42.201057434082,47.4375267028809
25025030,Meteorológica Especial,Automática con Telemetría,Córdoba,Ayapel,8.2951,-75.1646,20,12/11/2014,,Caribe,Magdalena Cauca,Bajo Magdalena- Cauca -San Jorge,Bajo San Jorge - La Mojana,1.23272728919983,1.47272729873657,2,2,0.659420311450958,0.66304349899292,1,1,1.04999995231628,2007,10,55,26.7,26.7,28.0349987268448,0,54.7477531433106,2007-10-01,53.8040466308594,43.3657684326172,44.2062301635742
25025030,Meteorológica Especial,Automática con Telemetría,Córdoba,Ayapel,8.2951,-75.1646,20,12/11/2014,,Caribe,Magdalena Cauca,Bajo Magdalena- Cauca -San Jorge,Bajo San Jorge - La Mojana,1.23272728919983,1.47272729873657,2,2,0.659420311450958,0.66304349899292,1,1,1.04999995231628,2007,10,56,12,12,12.5999994277954,0,43.0309600830078,2007-10-01,39.3371925354004,44.6255912780762,46.7752914428711
25025030,Meteorológica Especial,Automática con Telemetría,Córdoba,Ayapel,8.2951,-75.1646,20,12/11/2014,,Caribe,Magdalena Cauca,Bajo Magdalena- Cauca -San Jorge,Bajo San Jorge - La Mojana,1.23272728919983,1.47272729873657,2,2,0.659420311450958,0.66304349899292,1,1,1.04999995231628,2007,10,57,17.5,17.5,18.374999165535,0,42.973747253418,2007-10-01,33.7895469665527,54.7718696594238,49.4589691162109
25025030,Meteorológica Especial,Automática con Telemetría,Córdoba,Ayapel,8.2951,-75.1646,20,12/11/2014,,Caribe,Magdalena Cauca,Bajo Magdalena- Cauca -San Jorge,Bajo San Jorge - La Mojana,1.23272728919983,1.47272729873657,2,2,0.659420311450958,0.66304349899292,1,1,1.04999995231628,2007,10,58,184.7,11.3,11.864999461174,2,102.371574401855,2007-10-01,86.6095504760742,111.40510559082,112.52596282959
25025030,Meteorológica Especial,Automática con Telemetría,Córdoba,Ayapel,8.2951,-75.1646,20,12/11/2014,,Caribe,Magdalena Cauca,Bajo Magdalena- Cauca -San Jorge,Bajo San Jorge - La Mojana,1.23272728919983,1.47272729873657,2,2,0.659420311450958,0.66304349899292,1,1,1.04999995231628,2007,10,59,96,96,100.799995422363,0,36.9377403259277,2007-10-01,30.9268932342529,45.8286514282227,42.5002937316895
25025030,Meteorológica Especial,Automática con Telemetría,Córdoba,Ayapel,8.2951,-75.1646,20,12/11/2014,,Caribe,Magdalena Cauca,Bajo Magdalena- Cauca -San Jorge,Bajo San Jorge - La Mojana,1.23272728919983,1.47272729873657,2,2,0.659420311450958,0.66304349899292,1,1,1.04999995231628,2007,10,60,25,25,26.2499988079071,0,84.7540512084961,2007-10-01,65.0298690795898,58.6552314758301,57.9279289245606
25025030,Meteorológica Especial,Automática con Telemetría,Córdoba,Ayapel,8.2951,-75.1646,20,12/11/2014,,Caribe,Magdalena Cauca,Bajo Magdalena- Cauca -San Jorge,Bajo San Jorge - La Mojana,1.23272728919983,1.47272729873657,2,2,0.659420311450958,0.66304349899292,1,1,1.04999995231628,2007,11,61,4.5,4.5,4.72499978542328,0,26.8754920959473,2007-11-01,14.1540822982788,24.013219833374,15.6882448196411
25025030,Meteorológica Especial,Automática con Telemetría,Córdoba,Ayapel,8.2951,-75.1646,20,12/11/2014,,Caribe,Magdalena Cauca,Bajo Magdalena- Cauca -San Jorge,Bajo San Jorge - La Mojana,1.23272728919983,1.47272729873657,2,2,0.659420311450958,0.66304349899292,1,1,1.04999995231628,2007,11,62,115,115,120.749994516373,0,49.4286956787109,2007-11-01,41.3669242858887,54.1501579284668,55.1622772216797
25025030,Meteorológica Especial,Automática con Telemetría,Córdoba,Ayapel,8.2951,-75.1646,20,12/11/2014,,Caribe,Magdalena Cauca,Bajo Magdalena- Cauca -San Jorge,Bajo San Jorge - La Mojana,1.23272728919983,1.47272729873657,2,2,0.659420311450958,0.66304349899292,1,1,1.04999995231628,2007,11,63,13.2,13.2,13.859999370575,0,25.1934204101563,2007-11-01,15.7860555648804,19.2998886108398,16.8482608795166
25025030,Meteorológica Especial,Automática con Telemetría,Córdoba,Ayapel,8.2951,-75.1646,20,12/11/2014,,Caribe,Magdalena Cauca,Bajo Magdalena- Cauca -San Jorge,Bajo San Jorge - La Mojana,1.23272728919983,1.47272729873657,2,2,0.659420311450958,0.66304349899292,1,1,1.04999995231628,2007,11,64,11.2,11.2,11.7599994659424,0,55.6383972167969,2007-11-01,39.7394943237305,24.8844375610352,19.2755393981934
25025030,Meteorológica Especial,Automática con Telemetría,Córdoba,Ayapel,8.2951,-75.1646,20,12/11/2014,,Caribe,Magdalena Cauca,Bajo Magdalena- Cauca -San Jorge,Bajo San Jorge - La Mojana,1.23272728919983,1.47272729873657,2,2,0.659420311450958,0.66304349899292,1,1,1.04999995231628,2007,11,65,82.2,82.2,86.3099960803986,0,65.810302734375,2007-11-01,52.9826736450195,58.64013671875,58.6353454589844
25025030,Meteorológica Especial,Automática con Telemetría,Córdoba,Ayapel,8.2951,-75.1646,20,12/11/2014,,Caribe,Magdalena Cauca,Bajo Magdalena- Cauca -San Jorge,Bajo San Jorge - La Mojana,1.23272728919983,1.47272729873657,2,2,0.659420311450958,0.66304349899292,1,1,1.04999995231628,2007,11,66,12.4,12.4,13.0199994087219,0,7.8826494216919,2007-11-01,1.13812577724457,7.71222925186157,2.71194767951965
25025030,Meteorológica Especial,Automática con Telemetría,Córdoba,Ayapel,8.2951,-75.1646,20,12/11/2014,,Caribe,Magdalena Cauca,Bajo Magdalena- Cauca -San Jorge,Bajo San Jorge - La Mojana,1.23272728919983,1.47272729873657,2,2,0.659420311450958,0.66304349899292,1,1,1.07000005245209,2007,12,67,0,0,0,0,3.53123235702515,2007-12-01,0,3.22358441352844,0
25025030,Meteorológica Especial,Automática con Telemetría,Córdoba,Ayapel,8.2951,-75.1646,20,12/11/2014,,Caribe,Magdalena Cauca,Bajo Magdalena- Cauca -San Jorge,Bajo San Jorge - La Mojana,1.23272728919983,1.47272729873657,2,2,0.659420311450958,0.66304349899292,1,1,1.07000005245209,2007,12,68,0,0,0,0,3.12290096282959,2007-12-01,0.317108899354935,3.26163220405579,0.544918060302734
25025030,Meteorológica Especial,Automática con Telemetría,Córdoba,Ayapel,8.2951,-75.1646,20,12/11/2014,,Caribe,Magdalena Cauca,Bajo Magdalena- Cauca -San Jorge,Bajo San Jorge - La Mojana,1.23272728919983,1.47272729873657,2,2,0.659420311450958,0.66304349899292,1,1,1.07000005245209,2007,12,69,27,27,28.8900014162064,0,6.23592519760132,2007-12-01,4.11099672317505,14.8022432327271,16.340202331543
25025030,Meteorológica Especial,Automática con Telemetría,Córdoba,Ayapel,8.2951,-75.1646,20,12/11/2014,,Caribe,Magdalena Cauca,Bajo Magdalena- Cauca -San Jorge,Bajo San Jorge - La Mojana,1.23272728919983,1.47272729873657,2,2,0.659420311450958,0.66304349899292,1,1,1.07000005245209,2007,12,70,37.1,37.1,39.6970019459724,0,22.4109172821045,2007-12-01,12.9248924255371,46.5553512573242,24.0159130096436
25025030,Meteorológica Especial,Automática con Telemetría,Córdoba,Ayapel,8.2951,-75.1646,20,12/11/2014,,Caribe,Magdalena Cauca,Bajo Magdalena- Cauca -San Jorge,Bajo San Jorge - La Mojana,1.23272728919983,1.47272729873657,2,2,0.659420311450958,0.66304349899292,1,1,1.07000005245209,2007,12,71,27.2,27.2,29.1040014266968,0,21.6494026184082,2007-12-01,10.8018741607666,22.8369064331055,11.8553552627563
25025030,Meteorológica Especial,Automática con Telemetría,Córdoba,Ayapel,8.2951,-75.1646,20,12/11/2014,,Caribe,Magdalena Cauca,Bajo Magdalena- Cauca -San Jorge,Bajo San Jorge - La Mojana,1.23272728919983,1.47272729873657,2,2,0.659420311450958,0.66304349899292,1,1,1.07000005245209,2007,12,72,0,0,0,0,8.89157772064209,2007-12-01,0,5.09379100799561,0
25025030,Meteorológica Especial,Automática con Telemetría,Córdoba,Ayapel,8.2951,-75.1646,20,12/11/2014,,Caribe,Magdalena Cauca,Bajo Magdalena- Cauca -San Jorge,Bajo San Jorge - La Mojana,1.23272728919983,1.47272729873657,2,2,0.659420311450958,0.66304349899292,1,1,1.08000004291534,2008,01,1,0,0,0,0,1.75986647605896,2008-01-01,0,0.929824650287628,0
25025030,Meteorológica Especial,Automática con Telemetría,Córdoba,Ayapel,8.2951,-75.1646,20,12/11/2014,,Caribe,Magdalena Cauca,Bajo Magdalena- Cauca -San Jorge,Bajo San Jorge - La Mojana,1.23272728919983,1.47272729873657,2,2,0.659420311450958,0.66304349899292,1,1,1.08000004291534,2008,01,2,0,0,0,0,7.16691112518311,2008-01-01,5.88768100738525,4.17661619186401,5.90838193893433
25025030,Meteorológica Especial,Automática con Telemetría,Córdoba,Ayapel,8.2951,-75.1646,20,12/11/2014,,Caribe,Magdalena Cauca,Bajo Magdalena- Cauca -San Jorge,Bajo San Jorge - La Mojana,1.23272728919983,1.47272729873657,2,2,0.659420311450958,0.66304349899292,1,1,1.08000004291534,2008,01,3,0,0,0,0,3.16390776634216,2008-01-01,0,1.43808460235596,0
25025030,Meteorológica Especial,Automática con Telemetría,Córdoba,Ayapel,8.2951,-75.1646,20,12/11/2014,,Caribe,Magdalena Cauca,Bajo Magdalena- Cauca -San Jorge,Bajo San Jorge - La Mojana,1.23272728919983,1.47272729873657,2,2,0.659420311450958,0.66304349899292,1,1,1.08000004291534,2008,01,4,0,0,0,0,3.13329124450684,2008-01-01,0.722511053085327,1.41978073120117,0.774691879749298
25025030,Meteorológica Especial,Automática con Telemetría,Córdoba,Ayapel,8.2951,-75.1646,20,12/11/2014,,Caribe,Magdalena Cauca,Bajo Magdalena- Cauca -San Jorge,Bajo San Jorge - La Mojana,1.23272728919983,1.47272729873657,2,2,0.659420311450958,0.66304349899292,1,1,1.08000004291534,2008,01,5,0,0,0,0,1.41628217697144,2008-01-01,0,0.751573145389557,0
25025030,Meteorológica Especial,Automática con Telemetría,Córdoba,Ayapel,8.2951,-75.1646,20,12/11/2014,,Caribe,Magdalena Cauca,Bajo Magdalena- Cauca -San Jorge,Bajo San Jorge - La Mojana,1.23272728919983,1.47272729873657,2,2,0.659420311450958,0.66304349899292,1,1,1.08000004291534,2008,01,6,0,0,0,0,2.98064732551575,2008-01-01,0,1.38961791992188,0
25025030,Meteorológica Especial,Automática con Telemetría,Córdoba,Ayapel,8.2951,-75.1646,20,12/11/2014,,Caribe,Magdalena Cauca,Bajo Magdalena- Cauca -San Jorge,Bajo San Jorge - La Mojana,1.23272728919983,1.47272729873657,2,2,0.659420311450958,0.66304349899292,1,1,1.11000001430511,2008,02,7,0,0,0,0,1.82033491134644,2008-02-01,0.206891357898712,2.28868126869202,0.293932110071182
25025030,Meteorológica Especial,Automática con Telemetría,Córdoba,Ayapel,8.2951,-75.1646,20,12/11/2014,,Caribe,Magdalena Cauca,Bajo Magdalena- Cauca -San Jorge,Bajo San Jorge - La Mojana,1.23272728919983,1.47272729873657,2,2,0.659420311450958,0.66304349899292,1,1,1.11000001430511,2008,02,8,13.5,13.5,14.9850001931191,0,1.78382575511932,2008-02-01,1.63348829746246,3.04128336906433,6.59560585021973
25025030,Meteorológica Especial,Automática con Telemetría,Córdoba,Ayapel,8.2951,-75.1646,20,12/11/2014,,Caribe,Magdalena Cauca,Bajo Magdalena- Cauca -San Jorge,Bajo San Jorge - La Mojana,1.23272728919983,1.47272729873657,2,2,0.659420311450958,0.66304349899292,1,1,1.11000001430511,2008,02,9,0,0,0,0,7.04246759414673,2008-02-01,9.45380401611328,6.5462236404419,12.9683923721313
25025030,Meteorológica Especial,Automática con Telemetría,Córdoba,Ayapel,8.2951,-75.1646,20,12/11/2014,,Caribe,Magdalena Cauca,Bajo Magdalena- Cauca -San Jorge,Bajo San Jorge - La Mojana,1.23272728919983,1.47272729873657,2,2,0.659420311450958,0.66304349899292,1,1,1.11000001430511,2008,02,10,0.5,0.5,0.555000007152557,0,14.3760013580322,2008-02-01,17.5983753204346,13.5511360168457,10.8252286911011
25025030,Meteorológica Especial,Automática con Telemetría,Córdoba,Ayapel,8.2951,-75.1646,20,12/11/2014,,Caribe,Magdalena Cauca,Bajo Magdalena- Cauca -San Jorge,Bajo San Jorge - La Mojana,1.23272728919983,1.47272729873657,2,2,0.659420311450958,0.66304349899292,1,1,1.11000001430511,2008,02,11,0,0,0,0,1.76139271259308,2008-02-01,0.214416339993477,2.3093683719635,0.36748406291008
25025030,Meteorológica Especial,Automática con Telemetría,Córdoba,Ayapel,8.2951,-75.1646,20,12/11/2014,,Caribe,Magdalena Cauca,Bajo Magdalena- Cauca -San Jorge,Bajo San Jorge - La Mojana,1.23272728919983,1.47272729873657,2,2,0.659420311450958,0.66304349899292,1,1,1.11000001430511,2008,02,12,0,0,0,0,1.04386961460114,2008-02-01,0,1.55457818508148,0
25025030,Meteorológica Especial,Automática con Telemetría,Córdoba,Ayapel,8.2951,-75.1646,20,12/11/2014,,Caribe,Magdalena Cauca,Bajo Magdalena- Cauca -San Jorge,Bajo San Jorge - La Mojana,1.23272728919983,1.47272729873657,2,2,0.659420311450958,0.66304349899292,1,1,1.10000002384186,2008,03,13,1.5,1.5,1.65000003576279,0,8.84890460968018,2008-03-01,10.0677375793457,9.07572746276855,8.53531455993652
25025030,Meteorológica Especial,Automática con Telemetría,Córdoba,Ayapel,8.2951,-75.1646,20,12/11/2014,,Caribe,Magdalena Cauca,Bajo Magdalena- Cauca -San Jorge,Bajo San Jorge - La Mojana,1.23272728919983,1.47272729873657,2,2,0.659420311450958,0.66304349899292,1,1,1.10000002384186,2008,03,14,0,0,0,0,7.13603687286377,2008-03-01,4.71962547302246,10.4838542938232,8.64314365386963
25025030,Meteorológica Especial,Automática con Telemetría,Córdoba,Ayapel,8.2951,-75.1646,20,12/11/2014,,Caribe,Magdalena Cauca,Bajo Magdalena- Cauca -San Jorge,Bajo San Jorge - La Mojana,1.23272728919983,1.47272729873657,2,2,0.659420311450958,0.66304349899292,1,1,1.10000002384186,2008,03,15,3.6,3.6,3.96000008583069,0,8.01264572143555,2008-03-01,6.5937442779541,12.1714744567871,16.7042865753174
25025030,Meteorológica Especial,Automática con Telemetría,Córdoba,Ayapel,8.2951,-75.1646,20,12/11/2014,,Caribe,Magdalena Cauca,Bajo Magdalena- Cauca -San Jorge,Bajo San Jorge - La Mojana,1.23272728919983,1.47272729873657,2,2,0.659420311450958,0.66304349899292,1,1,1.10000002384186,2008,03,16,0,0,0,0,2.07776594161987,2008-03-01,0,2.22109436988831,0
25025030,Meteorológica Especial,Automática con Telemetría,Córdoba,Ayapel,8.2951,-75.1646,20,12/11/2014,,Caribe,Magdalena Cauca,Bajo Magdalena- Cauca -San Jorge,Bajo San Jorge - La Mojana,1.23272728919983,1.47272729873657,2,2,0.659420311450958,0.66304349899292,1,1,1.10000002384186,2008,03,17,12.4,12.4,13.640000295639,0,15.9764528274536,2008-03-01,27.2240467071533,16.0194835662842,17.9164352416992
25025030,Meteorológica Especial,Automática con Telemetría,Córdoba,Ayapel,8.2951,-75.1646,20,12/11/2014,,Caribe,Magdalena Cauca,Bajo Magdalena- Cauca -San Jorge,Bajo San Jorge - La Mojana,1.23272728919983,1.47272729873657,2,2,0.659420311450958,0.66304349899292,1,1,1.10000002384186,2008,03,18,0,0,0,0,9.55890846252441,2008-03-01,5.08683013916016,9.7103385925293,16.3210353851318
25025030,Meteorológica Especial,Automática con Telemetría,Córdoba,Ayapel,8.2951,-75.1646,20,12/11/2014,,Caribe,Magdalena Cauca,Bajo Magdalena- Cauca -San Jorge,Bajo San Jorge - La Mojana,1.23272728919983,1.47272729873657,2,2,0.659420311450958,0.66304349899292,1,1,1.05999994277954,2008,04,19,0,0,0,0,3.48442435264587,2008-04-01,0,4.17217540740967,0
25025030,Meteorológica Especial,Automática con Telemetría,Córdoba,Ayapel,8.2951,-75.1646,20,12/11/2014,,Caribe,Magdalena Cauca,Bajo Magdalena- Cauca -San Jorge,Bajo San Jorge - La Mojana,1.23272728919983,1.47272729873657,2,2,0.659420311450958,0.66304349899292,1,1,1.05999994277954,2008,04,20,0,0,0,0,11.1837501525879,2008-04-01,8.15542507171631,7.60966444015503,6.11207866668701
25025030,Meteorológica Especial,Automática con Telemetría,Córdoba,Ayapel,8.2951,-75.1646,20,12/11/2014,,Caribe,Magdalena Cauca,Bajo Magdalena- Cauca -San Jorge,Bajo San Jorge - La Mojana,1.23272728919983,1.47272729873657,2,2,0.659420311450958,0.66304349899292,1,1,1.05999994277954,2008,04,21,27.5,27.5,29.1499984264374,0,10.6316041946411,2008-04-01,6.63071203231812,20.0874977111816,15.7943830490112
25025030,Meteorológica Especial,Automática con Telemetría,Córdoba,Ayapel,8.2951,-75.1646,20,12/11/2014,,Caribe,Magdalena Cauca,Bajo Magdalena- Cauca -San Jorge,Bajo San Jorge - La Mojana,1.23272728919983,1.47272729873657,2,2,0.659420311450958,0.66304349899292,1,1,1.05999994277954,2008,04,22,0,0,0,0,22.4934253692627,2008-04-01,22.87082862854,10.5179719924927,9.60307884216309
25025030,Meteorológica Especial,Automática con Telemetría,Córdoba,Ayapel,8.2951,-75.1646,20,12/11/2014,,Caribe,Magdalena Cauca,Bajo Magdalena- Cauca -San Jorge,Bajo San Jorge - La Mojana,1.23272728919983,1.47272729873657,2,2,0.659420311450958,0.66304349899292,1,1,1.05999994277954,2008,04,23,59.8,59.8,63.3879965782166,0,40.4949989318848,2008-04-01,48.7323875427246,94.9622650146484,111.70622253418
25025030,Meteorológica Especial,Automática con Telemetría,Córdoba,Ayapel,8.2951,-75.1646,20,12/11/2014,,Caribe,Magdalena Cauca,Bajo Magdalena- Cauca -San Jorge,Bajo San Jorge - La Mojana,1.23272728919983,1.47272729873657,2,2,0.659420311450958,0.66304349899292,1,1,1.05999994277954,2008,04,24,72.3,72.3,76.6379958629608,0,27.081714630127,2008-04-01,24.5675296783447,52.4848327636719,47.366138458252
25025030,Meteorológica Especial,Automática con Telemetría,Córdoba,Ayapel,8.2951,-75.1646,20,12/11/2014,,Caribe,Magdalena Cauca,Bajo Magdalena- Cauca -San Jorge,Bajo San Jorge - La Mojana,1.23272728919983,1.47272729873657,2,2,0.659420311450958,0.66304349899292,1,1,1.04999995231628,2008,05,25,27.5,27.5,28.8749986886978,0,48.3430213928223,2008-05-01,44.6662292480469,52.5783157348633,49.6859283447266
25025030,Meteorológica Especial,Automática con Telemetría,Córdoba,Ayapel,8.2951,-75.1646,20,12/11/2014,,Caribe,Magdalena Cauca,Bajo Magdalena- Cauca -San Jorge,Bajo San Jorge - La Mojana,1.23272728919983,1.47272729873657,2,2,0.659420311450958,0.66304349899292,1,1,1.04999995231628,2008,05,26,23.3,23.3,24.4649988889694,0,66.3654479980469,2008-05-01,61.5122756958008,43.5082359313965,45.6007766723633
25025030,Meteorológica Especial,Automática con Telemetría,Córdoba,Ayapel,8.2951,-75.1646,20,12/11/2014,,Caribe,Magdalena Cauca,Bajo Magdalena- Cauca -San Jorge,Bajo San Jorge - La Mojana,1.23272728919983,1.47272729873657,2,2,0.659420311450958,0.66304349899292,1,1,1.04999995231628,2008,05,27,9.4,9.4,9.86999955177307,0,30.5725555419922,2008-05-01,27.132080078125,28.0696525573731,27.6930541992188
25025030,Meteorológica Especial,Automática con Telemetría,Córdoba,Ayapel,8.2951,-75.1646,20,12/11/2014,,Caribe,Magdalena Cauca,Bajo Magdalena- Cauca -San Jorge,Bajo San Jorge - La Mojana,1.23272728919983,1.47272729873657,2,2,0.659420311450958,0.66304349899292,1,1,1.04999995231628,2008,05,28,93.5,93.5,98.1749955415726,0,75.6463470458984,2008-05-01,69.54638671875,91.3527297973633,90.8807754516602
25025030,Meteorológica Especial,Automática con Telemetría,Córdoba,Ayapel,8.2951,-75.1646,20,12/11/2014,,Caribe,Magdalena Cauca,Bajo Magdalena- Cauca -San Jorge,Bajo San Jorge - La Mojana,1.23272728919983,1.47272729873657,2,2,0.659420311450958,0.66304349899292,1,1,1.04999995231628,2008,05,29,43.8,43.8,45.9899979114532,0,47.5548515319824,2008-05-01,46.0537147521973,41.7230644226074,44.3044662475586
25025030,Meteorológica Especial,Automática con Telemetría,Córdoba,Ayapel,8.2951,-75.1646,20,12/11/2014,,Caribe,Magdalena Cauca,Bajo Magdalena- Cauca -San Jorge,Bajo San Jorge - La Mojana,1.23272728919983,1.47272729873657,2,2,0.659420311450958,0.66304349899292,1,1,1.04999995231628,2008,05,30,45.8,45.8,48.0899978160858,0,42.5883598327637,2008-05-01,36.198902130127,41.4520416259766,39.6459121704102
25025030,Meteorológica Especial,Automática con Telemetría,Córdoba,Ayapel,8.2951,-75.1646,20,12/11/2014,,Caribe,Magdalena Cauca,Bajo Magdalena- Cauca -San Jorge,Bajo San Jorge - La Mojana,1.23272728919983,1.47272729873657,2,2,0.659420311450958,0.66304349899292,1,1,1.04999995231628,2008,06,31,130.8,4.8,5.03999977111816,1,67.5644378662109,2008-06-01,76.9441452026367,55.6240539550781,64.4713668823242
25025030,Meteorológica Especial,Automática con Telemetría,Córdoba,Ayapel,8.2951,-75.1646,20,12/11/2014,,Caribe,Magdalena Cauca,Bajo Magdalena- Cauca -San Jorge,Bajo San Jorge - La Mojana,1.23272728919983,1.47272729873657,2,2,0.659420311450958,0.66304349899292,1,1,1.04999995231628,2008,06,32,15.6,15.6,16.379999256134,0,45.8525886535645,2008-06-01,50.8034706115723,49.5526466369629,53.4974479675293
25025030,Meteorológica Especial,Automática con Telemetría,Córdoba,Ayapel,8.2951,-75.1646,20,12/11/2014,,Caribe,Magdalena Cauca,Bajo Magdalena- Cauca -San Jorge,Bajo San Jorge - La Mojana,1.23272728919983,1.47272729873657,2,2,0.659420311450958,0.66304349899292,1,1,1.04999995231628,2008,06,33,58,58,60.8999972343445,0,26.0624771118164,2008-06-01,26.8371639251709,38.8105850219727,36.8409309387207
25025030,Meteorológica Especial,Automática con Telemetría,Córdoba,Ayapel,8.2951,-75.1646,20,12/11/2014,,Caribe,Magdalena Cauca,Bajo Magdalena- Cauca -San Jorge,Bajo San Jorge - La Mojana,1.23272728919983,1.47272729873657,2,2,0.659420311450958,0.66304349899292,1,1,1.04999995231628,2008,06,34,20.2,20.2,21.2099990367889,0,18.032564163208,2008-06-01,21.6644172668457,20.6880187988281,25.4172611236572
25025030,Meteorológica Especial,Automática con Telemetría,Córdoba,Ayapel,8.2951,-75.1646,20,12/11/2014,,Caribe,Magdalena Cauca,Bajo Magdalena- Cauca -San Jorge,Bajo San Jorge - La Mojana,1.23272728919983,1.47272729873657,2,2,0.659420311450958,0.66304349899292,1,1,1.04999995231628,2008,06,35,51.5,51.5,54.0749975442886,0,51.7569236755371,2008-06-01,65.1583938598633,81.2308502197266,98.5369491577148
25025030,Meteorológica Especial,Automática con Telemetría,Córdoba,Ayapel,8.2951,-75.1646,20,12/11/2014,,Caribe,Magdalena Cauca,Bajo Magdalena- Cauca -San Jorge,Bajo San Jorge - La Mojana,1.23272728919983,1.47272729873657,2,2,0.659420311450958,0.66304349899292,1,1,1.04999995231628,2008,06,36,39,39,40.9499981403351,0,39.1141548156738,2008-06-01,51.0078735351563,49.5813217163086,62.5771369934082
25025030,Meteorológica Especial,Automática con Telemetría,Córdoba,Ayapel,8.2951,-75.1646,20,12/11/2014,,Caribe,Magdalena Cauca,Bajo Magdalena- Cauca -San Jorge,Bajo San Jorge - La Mojana,1.23272728919983,1.47272729873657,2,2,0.659420311450958,0.66304349899292,1,1,1.04999995231628,2008,07,37,176.7,82.7,86.8349960565567,1,89.4543914794922,2008-07-01,109.026809692383,120.52458190918,135.291748046875
25025030,Meteorológica Especial,Automática con Telemetría,Córdoba,Ayapel,8.2951,-75.1646,20,12/11/2014,,Caribe,Magdalena Cauca,Bajo Magdalena- Cauca -San Jorge,Bajo San Jorge - La Mojana,1.23272728919983,1.47272729873657,2,2,0.659420311450958,0.66304349899292,1,1,1.04999995231628,2008,07,38,9.9,9.9,10.3949995279312,0,66.0128402709961,2008-07-01,82.8311157226563,65.2529830932617,74.2135314941406
25025030,Meteorológica Especial,Automática con Telemetría,Córdoba,Ayapel,8.2951,-75.1646,20,12/11/2014,,Caribe,Magdalena Cauca,Bajo Magdalena- Cauca -San Jorge,Bajo San Jorge - La Mojana,1.23272728919983,1.47272729873657,2,2,0.659420311450958,0.66304349899292,1,1,1.04999995231628,2008,07,39,149.8,69.8,73.2899966716766,1,71.4877014160156,2008-07-01,89.3145904541016,93.2595367431641,109.046356201172
25025030,Meteorológica Especial,Automática con Telemetría,Córdoba,Ayapel,8.2951,-75.1646,20,12/11/2014,,Caribe,Magdalena Cauca,Bajo Magdalena- Cauca -San Jorge,Bajo San Jorge - La Mojana,1.23272728919983,1.47272729873657,2,2,0.659420311450958,0.66304349899292,1,1,1.04999995231628,2008,07,40,60.4,60.4,63.4199971199036,0,39.7796249389648,2008-07-01,48.2129936218262,63.7846794128418,75.7032775878906
25025030,Meteorológica Especial,Automática con Telemetría,Córdoba,Ayapel,8.2951,-75.1646,20,12/11/2014,,Caribe,Magdalena Cauca,Bajo Magdalena- Cauca -San Jorge,Bajo San Jorge - La Mojana,1.23272728919983,1.47272729873657,2,2,0.659420311450958,0.66304349899292,1,1,1.04999995231628,2008,07,41,57.7,57.7,60.5849972486496,0,48.1090202331543,2008-07-01,54.7651329040527,47.4244689941406,49.2032585144043
25025030,Meteorológica Especial,Automática con Telemetría,Córdoba,Ayapel,8.2951,-75.1646,20,12/11/2014,,Caribe,Magdalena Cauca,Bajo Magdalena- Cauca -San Jorge,Bajo San Jorge - La Mojana,1.23272728919983,1.47272729873657,2,2,0.659420311450958,0.66304349899292,1,1,1.04999995231628,2008,07,42,123.1,46.3,48.614997792244,1,101.406127929688,2008-07-01,107.953155517578,110.587280273438,116.188911437988
25025030,Meteorológica Especial,Automática con Telemetría,Córdoba,Ayapel,8.2951,-75.1646,20,12/11/2014,,Caribe,Magdalena Cauca,Bajo Magdalena- Cauca -San Jorge,Bajo San Jorge - La Mojana,1.23272728919983,1.47272729873657,2,2,0.659420311450958,0.66304349899292,1,1,1.04999995231628,2008,08,43,24.5,24.5,25.724998831749,0,64.0704193115234,2008-08-01,72.1113128662109,53.6812629699707,59.9790878295899
25025030,Meteorológica Especial,Automática con Telemetría,Córdoba,Ayapel,8.2951,-75.1646,20,12/11/2014,,Caribe,Magdalena Cauca,Bajo Magdalena- Cauca -San Jorge,Bajo San Jorge - La Mojana,1.23272728919983,1.47272729873657,2,2,0.659420311450958,0.66304349899292,1,1,1.04999995231628,2008,08,44,59.5,59.5,62.4749971628189,0,37.8405685424805,2008-08-01,37.9504127502441,50.050724029541,51.7960319519043
25025030,Meteorológica Especial,Automática con Telemetría,Córdoba,Ayapel,8.2951,-75.1646,20,12/11/2014,,Caribe,Magdalena Cauca,Bajo Magdalena- Cauca -San Jorge,Bajo San Jorge - La Mojana,1.23272728919983,1.47272729873657,2,2,0.659420311450958,0.66304349899292,1,1,1.04999995231628,2008,08,45,8.7,8.7,9.13499958515167,0,67.4425659179688,2008-08-01,74.769157409668,40.1409339904785,43.861946105957
25025030,Meteorológica Especial,Automática con Telemetría,Córdoba,Ayapel,8.2951,-75.1646,20,12/11/2014,,Caribe,Magdalena Cauca,Bajo Magdalena- Cauca -San Jorge,Bajo San Jorge - La Mojana,1.23272728919983,1.47272729873657,2,2,0.659420311450958,0.66304349899292,1,1,1.04999995231628,2008,08,46,70.3,70.3,73.8149966478348,0,72.6936264038086,2008-08-01,86.6000137329102,81.97265625,96.9320678710938
25025030,Meteorológica Especial,Automática con Telemetría,Córdoba,Ayapel,8.2951,-75.1646,20,12/11/2014,,Caribe,Magdalena Cauca,Bajo Magdalena- Cauca -San Jorge,Bajo San Jorge - La Mojana,1.23272728919983,1.47272729873657,2,2,0.659420311450958,0.66304349899292,1,1,1.04999995231628,2008,08,47,129,47,49.3499977588654,1,69.9473037719727,2008-08-01,78.9411697387695,89.8022079467773,97.2425079345703
25025030,Meteorológica Especial,Automática con Telemetría,Córdoba,Ayapel,8.2951,-75.1646,20,12/11/2014,,Caribe,Magdalena Cauca,Bajo Magdalena- Cauca -San Jorge,Bajo San Jorge - La Mojana,1.23272728919983,1.47272729873657,2,2,0.659420311450958,0.66304349899292,1,1,1.04999995231628,2008,08,48,49.8,49.8,52.289997625351,0,84.2636566162109,2008-08-01,79.1894454956055,86.070671081543,88.2369384765625
25025030,Meteorológica Especial,Automática con Telemetría,Córdoba,Ayapel,8.2951,-75.1646,20,12/11/2014,,Caribe,Magdalena Cauca,Bajo Magdalena- Cauca -San Jorge,Bajo San Jorge - La Mojana,1.23272728919983,1.47272729873657,2,2,0.659420311450958,0.66304349899292,1,1,1.04999995231628,2008,09,49,41.6,41.6,43.6799980163574,0,50.6217765808106,2008-09-01,57.2184906005859,46.8809623718262,48.3942260742188
25025030,Meteorológica Especial,Automática con Telemetría,Córdoba,Ayapel,8.2951,-75.1646,20,12/11/2014,,Caribe,Magdalena Cauca,Bajo Magdalena- Cauca -San Jorge,Bajo San Jorge - La Mojana,1.23272728919983,1.47272729873657,2,2,0.659420311450958,0.66304349899292,1,1,1.04999995231628,2008,09,50,11.7,11.7,12.2849994421005,0,47.8316764831543,2008-09-01,53.3730239868164,66.9222106933594,76.930778503418
25025030,Meteorológica Especial,Automática con Telemetría,Córdoba,Ayapel,8.2951,-75.1646,20,12/11/2014,,Caribe,Magdalena Cauca,Bajo Magdalena- Cauca -San Jorge,Bajo San Jorge - La Mojana,1.23272728919983,1.47272729873657,2,2,0.659420311450958,0.66304349899292,1,1,1.04999995231628,2008,09,51,172.5,75.5,79.2749963998795,1,56.0386505126953,2008-09-01,66.5287246704102,83.2327575683594,89.3738403320313
25025030,Meteorológica Especial,Automática con Telemetría,Córdoba,Ayapel,8.2951,-75.1646,20,12/11/2014,,Caribe,Magdalena Cauca,Bajo Magdalena- Cauca -San Jorge,Bajo San Jorge - La Mojana,1.23272728919983,1.47272729873657,2,2,0.659420311450958,0.66304349899292,1,1,1.04999995231628,2008,09,52,120.1,53.7,56.3849974393845,1,72.4873733520508,2008-09-01,90.301872253418,83.1307067871094,90.0148468017578
25025030,Meteorológica Especial,Automática con Telemetría,Córdoba,Ayapel,8.2951,-75.1646,20,12/11/2014,,Caribe,Magdalena Cauca,Bajo Magdalena- Cauca -San Jorge,Bajo San Jorge - La Mojana,1.23272728919983,1.47272729873657,2,2,0.659420311450958,0.66304349899292,1,1,1.04999995231628,2008,09,53,72.6,4,4.19999980926514,1,39.451961517334,2008-09-01,37.1684722900391,69.1060028076172,75.571891784668
25025030,Meteorológica Especial,Automática con Telemetría,Córdoba,Ayapel,8.2951,-75.1646,20,12/11/2014,,Caribe,Magdalena Cauca,Bajo Magdalena- Cauca -San Jorge,Bajo San Jorge - La Mojana,1.23272728919983,1.47272729873657,2,2,0.659420311450958,0.66304349899292,1,1,1.04999995231628,2008,09,54,111.2,41.2,43.2599980354309,1,41.568904876709,2008-09-01,36.6580619812012,80.4406356811523,71.305549621582
25025030,Meteorológica Especial,Automática con Telemetría,Córdoba,Ayapel,8.2951,-75.1646,20,12/11/2014,,Caribe,Magdalena Cauca,Bajo Magdalena- Cauca -San Jorge,Bajo San Jorge - La Mojana,1.23272728919983,1.47272729873657,2,2,0.659420311450958,0.66304349899292,1,1,1.04999995231628,2008,10,55,26.8,26.8,28.1399987220764,0,64.1941452026367,2008-10-01,61.3365440368652,68.9126281738281,62.4379959106445
25025030,Meteorológica Especial,Automática con Telemetría,Córdoba,Ayapel,8.2951,-75.1646,20,12/11/2014,,Caribe,Magdalena Cauca,Bajo Magdalena- Cauca -San Jorge,Bajo San Jorge - La Mojana,1.23272728919983,1.47272729873657,2,2,0.659420311450958,0.66304349899292,1,1,1.04999995231628,2008,10,56,87.3,87.3,91.6649958372116,0,73.7647171020508,2008-10-01,69.3001327514649,97.2501525878906,91.9933319091797
25025030,Meteorológica Especial,Automática con Telemetría,Córdoba,Ayapel,8.2951,-75.1646,20,12/11/2014,,Caribe,Magdalena Cauca,Bajo Magdalena- Cauca -San Jorge,Bajo San Jorge - La Mojana,1.23272728919983,1.47272729873657,2,2,0.659420311450958,0.66304349899292,1,1,1.04999995231628,2008,10,57,90.8,90.8,95.3399956703186,0,47.9833831787109,2008-10-01,37.3342971801758,89.0770416259766,84.3206787109375
25025030,Meteorológica Especial,Automática con Telemetría,Córdoba,Ayapel,8.2951,-75.1646,20,12/11/2014,,Caribe,Magdalena Cauca,Bajo Magdalena- Cauca -San Jorge,Bajo San Jorge - La Mojana,1.23272728919983,1.47272729873657,2,2,0.659420311450958,0.66304349899292,1,1,1.04999995231628,2008,10,58,98.4,17.6,18.4799991607666,1,59.5798263549805,2008-10-01,48.9325180053711,78.2544174194336,73.7733993530274
25025030,Meteorológica Especial,Automática con Telemetría,Córdoba,Ayapel,8.2951,-75.1646,20,12/11/2014,,Caribe,Magdalena Cauca,Bajo Magdalena- Cauca -San Jorge,Bajo San Jorge - La Mojana,1.23272728919983,1.47272729873657,2,2,0.659420311450958,0.66304349899292,1,1,1.04999995231628,2008,10,59,9.8,9.8,10.2899995326996,0,34.3034858703613,2008-10-01,30.5742683410645,31.6863327026367,30.3894100189209
25025030,Meteorológica Especial,Automática con Telemetría,Córdoba,Ayapel,8.2951,-75.1646,20,12/11/2014,,Caribe,Magdalena Cauca,Bajo Magdalena- Cauca -San Jorge,Bajo San Jorge - La Mojana,1.23272728919983,1.47272729873657,2,2,0.659420311450958,0.66304349899292,1,1,1.04999995231628,2008,10,60,127.9,30.1,31.6049985647202,1,84.4489364624024,2008-10-01,63.736026763916,108.9892578125,99.5462951660156
25025030,Meteorológica Especial,Automática con Telemetría,Córdoba,Ayapel,8.2951,-75.1646,20,12/11/2014,,Caribe,Magdalena Cauca,Bajo Magdalena- Cauca -San Jorge,Bajo San Jorge - La Mojana,1.23272728919983,1.47272729873657,2,2,0.659420311450958,0.66304349899292,1,1,1.04999995231628,2008,11,61,106.9,106.9,112.244994902611,0,58.0835266113281,2008-11-01,43.3739013671875,83.0065078735352,75.6332168579102
25025030,Meteorológica Especial,Automática con Telemetría,Córdoba,Ayapel,8.2951,-75.1646,20,12/11/2014,,Caribe,Magdalena Cauca,Bajo Magdalena- Cauca -San Jorge,Bajo San Jorge - La Mojana,1.23272728919983,1.47272729873657,2,2,0.659420311450958,0.66304349899292,1,1,1.04999995231628,2008,11,62,4.4,4.4,4.61999979019165,0,20.9295330047607,2008-11-01,11.3147373199463,14.9278049468994,12.522497177124
25025030,Meteorológica Especial,Automática con Telemetría,Córdoba,Ayapel,8.2951,-75.1646,20,12/11/2014,,Caribe,Magdalena Cauca,Bajo Magdalena- Cauca -San Jorge,Bajo San Jorge - La Mojana,1.23272728919983,1.47272729873657,2,2,0.659420311450958,0.66304349899292,1,1,1.04999995231628,2008,11,63,0.6,0.6,0.629999971389771,0,15.7575855255127,2008-11-01,3.77018570899963,9.31676387786865,5.54091835021973
25025030,Meteorológica Especial,Automática con Telemetría,Córdoba,Ayapel,8.2951,-75.1646,20,12/11/2014,,Caribe,Magdalena Cauca,Bajo Magdalena- Cauca -San Jorge,Bajo San Jorge - La Mojana,1.23272728919983,1.47272729873657,2,2,0.659420311450958,0.66304349899292,1,1,1.04999995231628,2008,11,64,5.8,5.8,6.08999972343445,0,65.3748016357422,2008-11-01,50.3606719970703,65.6511306762695,60.9507522583008
25025030,Meteorológica Especial,Automática con Telemetría,Córdoba,Ayapel,8.2951,-75.1646,20,12/11/2014,,Caribe,Magdalena Cauca,Bajo Magdalena- Cauca -San Jorge,Bajo San Jorge - La Mojana,1.23272728919983,1.47272729873657,2,2,0.659420311450958,0.66304349899292,1,1,1.04999995231628,2008,11,65,22.1,22.1,23.2049989461899,0,64.1814575195313,2008-11-01,55.1766815185547,63.9446907043457,65.1043090820313
25025030,Meteorológica Especial,Automática con Telemetría,Córdoba,Ayapel,8.2951,-75.1646,20,12/11/2014,,Caribe,Magdalena Cauca,Bajo Magdalena- Cauca -San Jorge,Bajo San Jorge - La Mojana,1.23272728919983,1.47272729873657,2,2,0.659420311450958,0.66304349899292,1,1,1.04999995231628,2008,11,66,196.8,90.2,94.7099956989288,1,20.3290424346924,2008-11-01,13.8037605285645,34.3377494812012,25.7920055389404
25025030,Meteorológica Especial,Automática con Telemetría,Córdoba,Ayapel,8.2951,-75.1646,20,12/11/2014,,Caribe,Magdalena Cauca,Bajo Magdalena- Cauca -San Jorge,Bajo San Jorge - La Mojana,1.23272728919983,1.47272729873657,2,2,0.659420311450958,0.66304349899292,1,1,1.07000005245209,2008,12,67,0.2,0.2,0.214000010490417,0,11.2702798843384,2008-12-01,7.78136730194092,10.3078279495239,9.17519950866699
25025030,Meteorológica Especial,Automática con Telemetría,Córdoba,Ayapel,8.2951,-75.1646,20,12/11/2014,,Caribe,Magdalena Cauca,Bajo Magdalena- Cauca -San Jorge,Bajo San Jorge - La Mojana,1.23272728919983,1.47272729873657,2,2,0.659420311450958,0.66304349899292,1,1,1.07000005245209,2008,12,68,0,0,0,0,9.88114166259766,2008-12-01,6.55474662780762,4.90641307830811,3.40389323234558
25025030,Meteorológica Especial,Automática con Telemetría,Córdoba,Ayapel,8.2951,-75.1646,20,12/11/2014,,Caribe,Magdalena Cauca,Bajo Magdalena- Cauca -San Jorge,Bajo San Jorge - La Mojana,1.23272728919983,1.47272729873657,2,2,0.659420311450958,0.66304349899292,1,1,1.07000005245209,2008,12,69,10,10,10.7000005245209,0,22.4015026092529,2008-12-01,17.0581436157227,11.8707265853882,10.3333539962769
25025030,Meteorológica Especial,Automática con Telemetría,Córdoba,Ayapel,8.2951,-75.1646,20,12/11/2014,,Caribe,Magdalena Cauca,Bajo Magdalena- Cauca -San Jorge,Bajo San Jorge - La Mojana,1.23272728919983,1.47272729873657,2,2,0.659420311450958,0.66304349899292,1,1,1.07000005245209,2008,12,70,0,0,0,0,3.51933002471924,2008-12-01,0,1.83205246925354,0
25025030,Meteorológica Especial,Automática con Telemetría,Córdoba,Ayapel,8.2951,-75.1646,20,12/11/2014,,Caribe,Magdalena Cauca,Bajo Magdalena- Cauca -San Jorge,Bajo San Jorge - La Mojana,1.23272728919983,1.47272729873657,2,2,0.659420311450958,0.66304349899292,1,1,1.07000005245209,2008,12,71,0.5,0.5,0.535000026226044,0,4.07698822021484,2008-12-01,0,2.61961078643799,0
25025030,Meteorológica Especial,Automática con Telemetría,Córdoba,Ayapel,8.2951,-75.1646,20,12/11/2014,,Caribe,Magdalena Cauca,Bajo Magdalena- Cauca -San Jorge,Bajo San Jorge - La Mojana,1.23272728919983,1.47272729873657,2,2,0.659420311450958,0.66304349899292,1,1,1.07000005245209,2008,12,72,0,0,0,0,5.72954702377319,2008-12-01,0,2.42782282829285,0
25025030,Meteorológica Especial,Automática con Telemetría,Córdoba,Ayapel,8.2951,-75.1646,20,12/11/2014,,Caribe,Magdalena Cauca,Bajo Magdalena- Cauca -San Jorge,Bajo San Jorge - La Mojana,1.23272728919983,1.47272729873657,2,2,0.659420311450958,0.66304349899292,1,1,1.08000004291534,2009,01,1,0,0,0,0,1.75986647605896,2009-01-01,0,1.10782277584076,0
25025030,Meteorológica Especial,Automática con Telemetría,Córdoba,Ayapel,8.2951,-75.1646,20,12/11/2014,,Caribe,Magdalena Cauca,Bajo Magdalena- Cauca -San Jorge,Bajo San Jorge - La Mojana,1.23272728919983,1.47272729873657,2,2,0.659420311450958,0.66304349899292,1,1,1.08000004291534,2009,01,2,0,0,0,0,1.57782387733459,2009-01-01,0,1.19702219963074,0
25025030,Meteorológica Especial,Automática con Telemetría,Córdoba,Ayapel,8.2951,-75.1646,20,12/11/2014,,Caribe,Magdalena Cauca,Bajo Magdalena- Cauca -San Jorge,Bajo San Jorge - La Mojana,1.23272728919983,1.47272729873657,2,2,0.659420311450958,0.66304349899292,1,1,1.08000004291534,2009,01,3,0,0,0,0,1.51010096073151,2009-01-01,0,0.952007293701172,0
25025030,Meteorológica Especial,Automática con Telemetría,Córdoba,Ayapel,8.2951,-75.1646,20,12/11/2014,,Caribe,Magdalena Cauca,Bajo Magdalena- Cauca -San Jorge,Bajo San Jorge - La Mojana,1.23272728919983,1.47272729873657,2,2,0.659420311450958,0.66304349899292,1,1,1.08000004291534,2009,01,4,0,0,0,0,1.49548804759979,2009-01-01,0,0.965338587760925,0
25025030,Meteorológica Especial,Automática con Telemetría,Córdoba,Ayapel,8.2951,-75.1646,20,12/11/2014,,Caribe,Magdalena Cauca,Bajo Magdalena- Cauca -San Jorge,Bajo San Jorge - La Mojana,1.23272728919983,1.47272729873657,2,2,0.659420311450958,0.66304349899292,1,1,1.08000004291534,2009,01,5,2.3,2.3,2.48400009870529,0,16.1102924346924,2009-01-01,39.7667121887207,8.28923225402832,21.555721282959
25025030,Meteorológica Especial,Automática con Telemetría,Córdoba,Ayapel,8.2951,-75.1646,20,12/11/2014,,Caribe,Magdalena Cauca,Bajo Magdalena- Cauca -San Jorge,Bajo San Jorge - La Mojana,1.23272728919983,1.47272729873657,2,2,0.659420311450958,0.66304349899292,1,1,1.08000004291534,2009,01,6,0.2,0.2,0.216000008583069,0,4.67015552520752,2009-01-01,2.54383134841919,2.36359596252441,2.44043445587158
25025030,Meteorológica Especial,Automática con Telemetría,Córdoba,Ayapel,8.2951,-75.1646,20,12/11/2014,,Caribe,Magdalena Cauca,Bajo Magdalena- Cauca -San Jorge,Bajo San Jorge - La Mojana,1.23272728919983,1.47272729873657,2,2,0.659420311450958,0.66304349899292,1,1,1.11000001430511,2009,02,7,0.5,0.5,0.555000007152557,0,22.340238571167,2009-02-01,23.9535369873047,12.874400138855,13.1570463180542
25025030,Meteorológica Especial,Automática con Telemetría,Córdoba,Ayapel,8.2951,-75.1646,20,12/11/2014,,Caribe,Magdalena Cauca,Bajo Magdalena- Cauca -San Jorge,Bajo San Jorge - La Mojana,1.23272728919983,1.47272729873657,2,2,0.659420311450958,0.66304349899292,1,1,1.11000001430511,2009,02,8,0,0,0,0,1.78382575511932,2009-02-01,1.63348829746246,1.08474051952362,1.07498860359192
25025030,Meteorológica Especial,Automática con Telemetría,Córdoba,Ayapel,8.2951,-75.1646,20,12/11/2014,,Caribe,Magdalena Cauca,Bajo Magdalena- Cauca -San Jorge,Bajo San Jorge - La Mojana,1.23272728919983,1.47272729873657,2,2,0.659420311450958,0.66304349899292,1,1,1.11000001430511,2009,02,9,5,5,5.55000007152557,0,11.9729166030884,2009-02-01,14.503381729126,6.04492473602295,7.67908620834351
25025030,Meteorológica Especial,Automática con Telemetría,Córdoba,Ayapel,8.2951,-75.1646,20,12/11/2014,,Caribe,Magdalena Cauca,Bajo Magdalena- Cauca -San Jorge,Bajo San Jorge - La Mojana,1.23272728919983,1.47272729873657,2,2,0.659420311450958,0.66304349899292,1,1,1.11000001430511,2009,02,10,0.4,0.4,0.444000005722046,0,16.9543781280518,2009-02-01,21.03297996521,5.245924949646,5.827552318573
25025030,Meteorológica Especial,Automática con Telemetría,Córdoba,Ayapel,8.2951,-75.1646,20,12/11/2014,,Caribe,Magdalena Cauca,Bajo Magdalena- Cauca -San Jorge,Bajo San Jorge - La Mojana,1.23272728919983,1.47272729873657,2,2,0.659420311450958,0.66304349899292,1,1,1.11000001430511,2009,02,11,0,0,0,0,5.83002281188965,2009-02-01,4.89801931381226,4.34628629684448,4.49981927871704
25025030,Meteorológica Especial,Automática con Telemetría,Córdoba,Ayapel,8.2951,-75.1646,20,12/11/2014,,Caribe,Magdalena Cauca,Bajo Magdalena- Cauca -San Jorge,Bajo San Jorge - La Mojana,1.23272728919983,1.47272729873657,2,2,0.659420311450958,0.66304349899292,1,1,1.11000001430511,2009,02,12,1.6,1.6,1.77600002288818,0,4.05402612686157,2009-02-01,2.21720147132874,2.28863954544067,1.63514077663422
25025030,Meteorológica Especial,Automática con Telemetría,Córdoba,Ayapel,8.2951,-75.1646,20,12/11/2014,,Caribe,Magdalena Cauca,Bajo Magdalena- Cauca -San Jorge,Bajo San Jorge - La Mojana,1.23272728919983,1.47272729873657,2,2,0.659420311450958,0.66304349899292,1,1,1.10000002384186,2009,03,13,12.4,12.4,13.640000295639,0,10.2188148498535,2009-03-01,13.8227891921997,10.7110357284546,11.4507656097412
25025030,Meteorológica Especial,Automática con Telemetría,Córdoba,Ayapel,8.2951,-75.1646,20,12/11/2014,,Caribe,Magdalena Cauca,Bajo Magdalena- Cauca -San Jorge,Bajo San Jorge - La Mojana,1.23272728919983,1.47272729873657,2,2,0.659420311450958,0.66304349899292,1,1,1.10000002384186,2009,03,14,0,0,0,0,3.26045513153076,2009-03-01,0,3.71127223968506,0
25025030,Meteorológica Especial,Automática con Telemetría,Córdoba,Ayapel,8.2951,-75.1646,20,12/11/2014,,Caribe,Magdalena Cauca,Bajo Magdalena- Cauca -San Jorge,Bajo San Jorge - La Mojana,1.23272728919983,1.47272729873657,2,2,0.659420311450958,0.66304349899292,1,1,1.10000002384186,2009,03,15,0,0,0,0,1.85659372806549,2009-03-01,0,1.97268784046173,0
25025030,Meteorológica Especial,Automática con Telemetría,Córdoba,Ayapel,8.2951,-75.1646,20,12/11/2014,,Caribe,Magdalena Cauca,Bajo Magdalena- Cauca -San Jorge,Bajo San Jorge - La Mojana,1.23272728919983,1.47272729873657,2,2,0.659420311450958,0.66304349899292,1,1,1.10000002384186,2009,03,16,2.5,2.5,2.75000005960465,0,2.93581318855286,2009-03-01,0,7.05720949172974,0
25025030,Meteorológica Especial,Automática con Telemetría,Córdoba,Ayapel,8.2951,-75.1646,20,12/11/2014,,Caribe,Magdalena Cauca,Bajo Magdalena- Cauca -San Jorge,Bajo San Jorge - La Mojana,1.23272728919983,1.47272729873657,2,2,0.659420311450958,0.66304349899292,1,1,1.10000002384186,2009,03,17,103.7,14.7,16.1700003504753,1,13.8698892593384,2009-03-01,23.6009941101074,31.28369140625,55.7085685729981
25025030,Meteorológica Especial,Automática con Telemetría,Córdoba,Ayapel,8.2951,-75.1646,20,12/11/2014,,Caribe,Magdalena Cauca,Bajo Magdalena- Cauca -San Jorge,Bajo San Jorge - La Mojana,1.23272728919983,1.47272729873657,2,2,0.659420311450958,0.66304349899292,1,1,1.10000002384186,2009,03,18,0,0,0,0,7.10715818405151,2009-03-01,1.68040382862091,8.18953609466553,2.59700322151184
25025030,Meteorológica Especial,Automática con Telemetría,Córdoba,Ayapel,8.2951,-75.1646,20,12/11/2014,,Caribe,Magdalena Cauca,Bajo Magdalena- Cauca -San Jorge,Bajo San Jorge - La Mojana,1.23272728919983,1.47272729873657,2,2,0.659420311450958,0.66304349899292,1,1,1.05999994277954,2009,04,19,3.8,3.8,4.02799978256226,0,6.35143089294434,2009-04-01,2.27099823951721,3.73440384864807,2.30913090705872
25025030,Meteorológica Especial,Automática con Telemetría,Córdoba,Ayapel,8.2951,-75.1646,20,12/11/2014,,Caribe,Magdalena Cauca,Bajo Magdalena- Cauca -San Jorge,Bajo San Jorge - La Mojana,1.23272728919983,1.47272729873657,2,2,0.659420311450958,0.66304349899292,1,1,1.05999994277954,2009,04,20,0,0,0,0,1.37005019187927,2009-04-01,0,1.23188722133636,0
25025030,Meteorológica Especial,Automática con Telemetría,Córdoba,Ayapel,8.2951,-75.1646,20,12/11/2014,,Caribe,Magdalena Cauca,Bajo Magdalena- Cauca -San Jorge,Bajo San Jorge - La Mojana,1.23272728919983,1.47272729873657,2,2,0.659420311450958,0.66304349899292,1,1,1.05999994277954,2009,04,21,19.9,19.9,21.0939988613129,0,16.3031196594238,2009-04-01,14.3024349212646,15.5623798370361,10.6956567764282
25025030,Meteorológica Especial,Automática con Telemetría,Córdoba,Ayapel,8.2951,-75.1646,20,12/11/2014,,Caribe,Magdalena Cauca,Bajo Magdalena- Cauca -San Jorge,Bajo San Jorge - La Mojana,1.23272728919983,1.47272729873657,2,2,0.659420311450958,0.66304349899292,1,1,1.05999994277954,2009,04,22,13.4,13.4,14.2039992332459,0,15.0068397521973,2009-04-01,10.9727878570557,24.4389400482178,24.1070137023926
25025030,Meteorológica Especial,Automática con Telemetría,Córdoba,Ayapel,8.2951,-75.1646,20,12/11/2014,,Caribe,Magdalena Cauca,Bajo Magdalena- Cauca -San Jorge,Bajo San Jorge - La Mojana,1.23272728919983,1.47272729873657,2,2,0.659420311450958,0.66304349899292,1,1,1.05999994277954,2009,04,23,37.9,37.9,40.1739978313446,0,39.850643157959,2009-04-01,47.8893737792969,36.8431091308594,39.5766487121582
25025030,Meteorológica Especial,Automática con Telemetría,Córdoba,Ayapel,8.2951,-75.1646,20,12/11/2014,,Caribe,Magdalena Cauca,Bajo Magdalena- Cauca -San Jorge,Bajo San Jorge - La Mojana,1.23272728919983,1.47272729873657,2,2,0.659420311450958,0.66304349899292,1,1,1.05999994277954,2009,04,24,22.4,22.4,23.7439987182617,0,36.2400436401367,2009-04-01,36.7202873229981,34.559627532959,41.2203788757324
25025030,Meteorológica Especial,Automática con Telemetría,Córdoba,Ayapel,8.2951,-75.1646,20,12/11/2014,,Caribe,Magdalena Cauca,Bajo Magdalena- Cauca -San Jorge,Bajo San Jorge - La Mojana,1.23272728919983,1.47272729873657,2,2,0.659420311450958,0.66304349899292,1,1,1.04999995231628,2009,05,25,39.1,39.1,41.0549981355667,0,54.1331939697266,2009-05-01,51.6955032348633,53.7376976013184,51.7585945129395
25025030,Meteorológica Especial,Automática con Telemetría,Córdoba,Ayapel,8.2951,-75.1646,20,12/11/2014,,Caribe,Magdalena Cauca,Bajo Magdalena- Cauca -San Jorge,Bajo San Jorge - La Mojana,1.23272728919983,1.47272729873657,2,2,0.659420311450958,0.66304349899292,1,1,1.04999995231628,2009,05,26,7.1,7.1,7.45499966144562,0,40.5261917114258,2009-05-01,37.9839591979981,25.6491584777832,29.7794208526611
25025030,Meteorológica Especial,Automática con Telemetría,Córdoba,Ayapel,8.2951,-75.1646,20,12/11/2014,,Caribe,Magdalena Cauca,Bajo Magdalena- Cauca -San Jorge,Bajo San Jorge - La Mojana,1.23272728919983,1.47272729873657,2,2,0.659420311450958,0.66304349899292,1,1,1.04999995231628,2009,05,27,25.9,25.9,27.1949987649918,0,63.6905136108399,2009-05-01,56.4859504699707,36.7412185668945,34.8710403442383
25025030,Meteorológica Especial,Automática con Telemetría,Córdoba,Ayapel,8.2951,-75.1646,20,12/11/2014,,Caribe,Magdalena Cauca,Bajo Magdalena- Cauca -San Jorge,Bajo San Jorge - La Mojana,1.23272728919983,1.47272729873657,2,2,0.659420311450958,0.66304349899292,1,1,1.04999995231628,2009,05,28,3.9,3.9,4.09499981403351,0,31.0873508453369,2009-05-01,28.447301864624,24.5902194976807,25.1218395233154
25025030,Meteorológica Especial,Automática con Telemetría,Córdoba,Ayapel,8.2951,-75.1646,20,12/11/2014,,Caribe,Magdalena Cauca,Bajo Magdalena- Cauca -San Jorge,Bajo San Jorge - La Mojana,1.23272728919983,1.47272729873657,2,2,0.659420311450958,0.66304349899292,1,1,1.04999995231628,2009,05,29,1,1,1.04999995231628,0,41.722900390625,2009-05-01,38.1574783325195,22.1042785644531,19.477611541748
25025030,Meteorológica Especial,Automática con Telemetría,Córdoba,Ayapel,8.2951,-75.1646,20,12/11/2014,,Caribe,Magdalena Cauca,Bajo Magdalena- Cauca -San Jorge,Bajo San Jorge - La Mojana,1.23272728919983,1.47272729873657,2,2,0.659420311450958,0.66304349899292,1,1,1.04999995231628,2009,05,30,18.5,18.5,19.4249991178513,0,46.213737487793,2009-05-01,39.6215362548828,32.9723129272461,31.8909854888916
25025030,Meteorológica Especial,Automática con Telemetría,Córdoba,Ayapel,8.2951,-75.1646,20,12/11/2014,,Caribe,Magdalena Cauca,Bajo Magdalena- Cauca -San Jorge,Bajo San Jorge - La Mojana,1.23272728919983,1.47272729873657,2,2,0.659420311450958,0.66304349899292,1,1,1.04999995231628,2009,06,31,36.6,36.6,38.429998254776,0,39.2218818664551,2009-06-01,40.0061683654785,39.762020111084,41.7944869995117
25025030,Meteorológica Especial,Automática con Telemetría,Córdoba,Ayapel,8.2951,-75.1646,20,12/11/2014,,Caribe,Magdalena Cauca,Bajo Magdalena- Cauca -San Jorge,Bajo San Jorge - La Mojana,1.23272728919983,1.47272729873657,2,2,0.659420311450958,0.66304349899292,1,1,1.04999995231628,2009,06,32,135.9,35.9,37.6949982881546,1,42.9329147338867,2009-06-01,48.1062622070313,65.1029510498047,71.2521362304688
25025030,Meteorológica Especial,Automática con Telemetría,Córdoba,Ayapel,8.2951,-75.1646,20,12/11/2014,,Caribe,Magdalena Cauca,Bajo Magdalena- Cauca -San Jorge,Bajo San Jorge - La Mojana,1.23272728919983,1.47272729873657,2,2,0.659420311450958,0.66304349899292,1,1,1.04999995231628,2009,06,33,72,72,75.5999965667725,0,21.815336227417,2009-06-01,21.4566879272461,38.1165771484375,41.1945953369141
25025030,Meteorológica Especial,Automática con Telemetría,Córdoba,Ayapel,8.2951,-75.1646,20,12/11/2014,,Caribe,Magdalena Cauca,Bajo Magdalena- Cauca -San Jorge,Bajo San Jorge - La Mojana,1.23272728919983,1.47272729873657,2,2,0.659420311450958,0.66304349899292,1,1,1.04999995231628,2009,06,34,21,21,22.049998998642,0,38.9853515625,2009-06-01,46.2547187805176,17.5891380310059,20.1565113067627
25025030,Meteorológica Especial,Automática con Telemetría,Córdoba,Ayapel,8.2951,-75.1646,20,12/11/2014,,Caribe,Magdalena Cauca,Bajo Magdalena- Cauca -San Jorge,Bajo San Jorge - La Mojana,1.23272728919983,1.47272729873657,2,2,0.659420311450958,0.66304349899292,1,1,1.04999995231628,2009,06,35,4.8,4.8,5.03999977111816,0,60.0407943725586,2009-06-01,81.3566131591797,33.9140815734863,42.3066482543945
25025030,Meteorológica Especial,Automática con Telemetría,Córdoba,Ayapel,8.2951,-75.1646,20,12/11/2014,,Caribe,Magdalena Cauca,Bajo Magdalena- Cauca -San Jorge,Bajo San Jorge - La Mojana,1.23272728919983,1.47272729873657,2,2,0.659420311450958,0.66304349899292,1,1,1.04999995231628,2009,06,36,31.9,31.9,33.4949984788895,0,40.5677032470703,2009-06-01,49.9728126525879,42.4076232910156,47.5477409362793
25025030,Meteorológica Especial,Automática con Telemetría,Córdoba,Ayapel,8.2951,-75.1646,20,12/11/2014,,Caribe,Magdalena Cauca,Bajo Magdalena- Cauca -San Jorge,Bajo San Jorge - La Mojana,1.23272728919983,1.47272729873657,2,2,0.659420311450958,0.66304349899292,1,1,1.04999995231628,2009,07,37,92.7,20.7,21.7349990129471,1,64.3236312866211,2009-07-01,79.4546661376953,63.0054206848145,67.5478897094727
25025030,Meteorológica Especial,Automática con Telemetría,Córdoba,Ayapel,8.2951,-75.1646,20,12/11/2014,,Caribe,Magdalena Cauca,Bajo Magdalena- Cauca -San Jorge,Bajo San Jorge - La Mojana,1.23272728919983,1.47272729873657,2,2,0.659420311450958,0.66304349899292,1,1,1.04999995231628,2009,07,38,164.6,54.6,57.3299973964691,1,56.2900733947754,2009-07-01,68.2057876586914,90.8155822753906,95.3397064208984
25025030,Meteorológica Especial,Automática con Telemetría,Córdoba,Ayapel,8.2951,-75.1646,20,12/11/2014,,Caribe,Magdalena Cauca,Bajo Magdalena- Cauca -San Jorge,Bajo San Jorge - La Mojana,1.23272728919983,1.47272729873657,2,2,0.659420311450958,0.66304349899292,1,1,1.04999995231628,2009,07,39,8.5,8.5,8.92499959468842,0,49.5489311218262,2009-07-01,59.1886291503906,23.5118274688721,27.7433376312256
25025030,Meteorológica Especial,Automática con Telemetría,Córdoba,Ayapel,8.2951,-75.1646,20,12/11/2014,,Caribe,Magdalena Cauca,Bajo Magdalena- Cauca -San Jorge,Bajo San Jorge - La Mojana,1.23272728919983,1.47272729873657,2,2,0.659420311450958,0.66304349899292,1,1,1.04999995231628,2009,07,40,28.5,28.5,29.9249986410141,0,67.7194137573242,2009-07-01,81.4456939697266,67.5616149902344,76.8744277954102
25025030,Meteorológica Especial,Automática con Telemetría,Córdoba,Ayapel,8.2951,-75.1646,20,12/11/2014,,Caribe,Magdalena Cauca,Bajo Magdalena- Cauca -San Jorge,Bajo San Jorge - La Mojana,1.23272728919983,1.47272729873657,2,2,0.659420311450958,0.66304349899292,1,1,1.04999995231628,2009,07,41,85.2,85.2,89.4599959373474,0,31.3936824798584,2009-07-01,34.6639938354492,62.2678527832031,79.0191421508789
25025030,Meteorológica Especial,Automática con Telemetría,Córdoba,Ayapel,8.2951,-75.1646,20,12/11/2014,,Caribe,Magdalena Cauca,Bajo Magdalena- Cauca -San Jorge,Bajo San Jorge - La Mojana,1.23272728919983,1.47272729873657,2,2,0.659420311450958,0.66304349899292,1,1,1.04999995231628,2009,07,42,125.2,125.2,131.459994029999,0,57.5467872619629,2009-07-01,60.3587799072266,83.2662353515625,84.2370529174805
25025030,Meteorológica Especial,Automática con Telemetría,Córdoba,Ayapel,8.2951,-75.1646,20,12/11/2014,,Caribe,Magdalena Cauca,Bajo Magdalena- Cauca -San Jorge,Bajo San Jorge - La Mojana,1.23272728919983,1.47272729873657,2,2,0.659420311450958,0.66304349899292,1,1,1.04999995231628,2009,08,43,67,67,70.349996805191,0,53.4553985595703,2009-08-01,59.2697792053223,50.7185249328613,54.7877922058106
25025030,Meteorológica Especial,Automática con Telemetría,Córdoba,Ayapel,8.2951,-75.1646,20,12/11/2014,,Caribe,Magdalena Cauca,Bajo Magdalena- Cauca -San Jorge,Bajo San Jorge - La Mojana,1.23272728919983,1.47272729873657,2,2,0.659420311450958,0.66304349899292,1,1,1.04999995231628,2009,08,44,99.8,31.8,33.3899984836578,1,75.7367553710938,2009-08-01,82.8946380615234,103.918525695801,114.784057617188
25025030,Meteorológica Especial,Automática con Telemetría,Córdoba,Ayapel,8.2951,-75.1646,20,12/11/2014,,Caribe,Magdalena Cauca,Bajo Magdalena- Cauca -San Jorge,Bajo San Jorge - La Mojana,1.23272728919983,1.47272729873657,2,2,0.659420311450958,0.66304349899292,1,1,1.04999995231628,2009,08,45,79.4,79.4,83.369996213913,0,49.8778991699219,2009-08-01,55.9451065063477,60.542724609375,68.2385711669922
25025030,Meteorológica Especial,Automática con Telemetría,Córdoba,Ayapel,8.2951,-75.1646,20,12/11/2014,,Caribe,Magdalena Cauca,Bajo Magdalena- Cauca -San Jorge,Bajo San Jorge - La Mojana,1.23272728919983,1.47272729873657,2,2,0.659420311450958,0.66304349899292,1,1,1.04999995231628,2009,08,46,55.9,55.9,58.6949973344803,0,84.8471298217774,2009-08-01,99.0622863769531,56.1813697814942,61.0053634643555
25025030,Meteorológica Especial,Automática con Telemetría,Córdoba,Ayapel,8.2951,-75.1646,20,12/11/2014,,Caribe,Magdalena Cauca,Bajo Magdalena- Cauca -San Jorge,Bajo San Jorge - La Mojana,1.23272728919983,1.47272729873657,2,2,0.659420311450958,0.66304349899292,1,1,1.04999995231628,2009,08,47,34.5,34.5,36.2249983549118,0,63.9165115356445,2009-08-01,68.3259811401367,52.7266159057617,54.4332733154297
25025030,Meteorológica Especial,Automática con Telemetría,Córdoba,Ayapel,8.2951,-75.1646,20,12/11/2014,,Caribe,Magdalena Cauca,Bajo Magdalena- Cauca -San Jorge,Bajo San Jorge - La Mojana,1.23272728919983,1.47272729873657,2,2,0.659420311450958,0.66304349899292,1,1,1.04999995231628,2009,08,48,54,54,56.6999974250794,0,64.2633743286133,2009-08-01,57.9081573486328,69.325798034668,72.4914093017578
25025030,Meteorológica Especial,Automática con Telemetría,Córdoba,Ayapel,8.2951,-75.1646,20,12/11/2014,,Caribe,Magdalena Cauca,Bajo Magdalena- Cauca -San Jorge,Bajo San Jorge - La Mojana,1.23272728919983,1.47272729873657,2,2,0.659420311450958,0.66304349899292,1,1,1.04999995231628,2009,09,49,12.1,12.1,12.704999423027,0,51.1003684997559,2009-09-01,59.0786399841309,22.3323650360107,24.0939292907715
25025030,Meteorológica Especial,Automática con Telemetría,Córdoba,Ayapel,8.2951,-75.1646,20,12/11/2014,,Caribe,Magdalena Cauca,Bajo Magdalena- Cauca -San Jorge,Bajo San Jorge - La Mojana,1.23272728919983,1.47272729873657,2,2,0.659420311450958,0.66304349899292,1,1,1.04999995231628,2009,09,50,29.3,29.3,30.7649986028671,0,43.5370140075684,2009-09-01,46.6047897338867,33.5338668823242,35.9794807434082
25025030,Meteorológica Especial,Automática con Telemetría,Córdoba,Ayapel,8.2951,-75.1646,20,12/11/2014,,Caribe,Magdalena Cauca,Bajo Magdalena- Cauca -San Jorge,Bajo San Jorge - La Mojana,1.23272728919983,1.47272729873657,2,2,0.659420311450958,0.66304349899292,1,1,1.04999995231628,2009,09,51,103.5,35.5,37.2749983072281,1,60.516716003418,2009-09-01,71.0659255981445,97.7573013305664,103.466888427734
25025030,Meteorológica Especial,Automática con Telemetría,Córdoba,Ayapel,8.2951,-75.1646,20,12/11/2014,,Caribe,Magdalena Cauca,Bajo Magdalena- Cauca -San Jorge,Bajo San Jorge - La Mojana,1.23272728919983,1.47272729873657,2,2,0.659420311450958,0.66304349899292,1,1,1.04999995231628,2009,09,52,9.1,9.1,9.55499956607819,0,51.4919509887695,2009-09-01,56.9608726501465,33.3490676879883,34.6083717346191
25025030,Meteorológica Especial,Automática con Telemetría,Córdoba,Ayapel,8.2951,-75.1646,20,12/11/2014,,Caribe,Magdalena Cauca,Bajo Magdalena- Cauca -San Jorge,Bajo San Jorge - La Mojana,1.23272728919983,1.47272729873657,2,2,0.659420311450958,0.66304349899292,1,1,1.04999995231628,2009,09,53,25.6,25.6,26.8799987792969,0,36.1384201049805,2009-09-01,33.2717971801758,31.4022903442383,30.6819763183594
25025030,Meteorológica Especial,Automática con Telemetría,Córdoba,Ayapel,8.2951,-75.1646,20,12/11/2014,,Caribe,Magdalena Cauca,Bajo Magdalena- Cauca -San Jorge,Bajo San Jorge - La Mojana,1.23272728919983,1.47272729873657,2,2,0.659420311450958,0.66304349899292,1,1,1.04999995231628,2009,09,54,6.5,6.5,6.82499969005585,0,42.2384643554688,2009-09-01,36.5520362854004,34.0124435424805,33.7695388793945
25025030,Meteorológica Especial,Automática con Telemetría,Córdoba,Ayapel,8.2951,-75.1646,20,12/11/2014,,Caribe,Magdalena Cauca,Bajo Magdalena- Cauca -San Jorge,Bajo San Jorge - La Mojana,1.23272728919983,1.47272729873657,2,2,0.659420311450958,0.66304349899292,1,1,1.04999995231628,2009,10,55,43.8,43.8,45.9899979114532,0,58.7583160400391,2009-10-01,56.9457206726074,57.6798706054688,56.5732231140137
25025030,Meteorológica Especial,Automática con Telemetría,Córdoba,Ayapel,8.2951,-75.1646,20,12/11/2014,,Caribe,Magdalena Cauca,Bajo Magdalena- Cauca -San Jorge,Bajo San Jorge - La Mojana,1.23272728919983,1.47272729873657,2,2,0.659420311450958,0.66304349899292,1,1,1.04999995231628,2009,10,56,1.2,1.2,1.25999994277954,0,24.7014350891113,2009-10-01,20.5493392944336,11.2106342315674,11.0820684432983
25025030,Meteorológica Especial,Automática con Telemetría,Córdoba,Ayapel,8.2951,-75.1646,20,12/11/2014,,Caribe,Magdalena Cauca,Bajo Magdalena- Cauca -San Jorge,Bajo San Jorge - La Mojana,1.23272728919983,1.47272729873657,2,2,0.659420311450958,0.66304349899292,1,1,1.04999995231628,2009,10,57,10.1,10.1,10.6049995183945,0,37.832447052002,2009-10-01,32.0057106018066,27.3767681121826,24.7908744812012
25025030,Meteorológica Especial,Automática con Telemetría,Córdoba,Ayapel,8.2951,-75.1646,20,12/11/2014,,Caribe,Magdalena Cauca,Bajo Magdalena- Cauca -San Jorge,Bajo San Jorge - La Mojana,1.23272728919983,1.47272729873657,2,2,0.659420311450958,0.66304349899292,1,1,1.04999995231628,2009,10,58,180.1,5.3,5.56499974727631,2,48.5818748474121,2009-10-01,38.1395530700684,66.199462890625,68.2133407592774
25025030,Meteorológica Especial,Automática con Telemetría,Córdoba,Ayapel,8.2951,-75.1646,20,12/11/2014,,Caribe,Magdalena Cauca,Bajo Magdalena- Cauca -San Jorge,Bajo San Jorge - La Mojana,1.23272728919983,1.47272729873657,2,2,0.659420311450958,0.66304349899292,1,1,1.04999995231628,2009,10,59,0,0,0,0,51.2276000976563,2009-10-01,45.480899810791,16.6420249938965,14.2471170425415
25025030,Meteorológica Especial,Automática con Telemetría,Córdoba,Ayapel,8.2951,-75.1646,20,12/11/2014,,Caribe,Magdalena Cauca,Bajo Magdalena- Cauca -San Jorge,Bajo San Jorge - La Mojana,1.23272728919983,1.47272729873657,2,2,0.659420311450958,0.66304349899292,1,1,1.04999995231628,2009,10,60,29.5,29.5,30.9749985933304,0,61.499641418457,2009-10-01,44.0965766906738,50.6083793640137,43.0607109069824
25025030,Meteorológica Especial,Automática con Telemetría,Córdoba,Ayapel,8.2951,-75.1646,20,12/11/2014,,Caribe,Magdalena Cauca,Bajo Magdalena- Cauca -San Jorge,Bajo San Jorge - La Mojana,1.23272728919983,1.47272729873657,2,2,0.659420311450958,0.66304349899292,1,1,1.04999995231628,2009,11,61,4.6,4.6,4.82999978065491,0,20.025426864624,2009-11-01,4.49528503417969,16.2541408538818,8.52511596679688
25025030,Meteorológica Especial,Automática con Telemetría,Córdoba,Ayapel,8.2951,-75.1646,20,12/11/2014,,Caribe,Magdalena Cauca,Bajo Magdalena- Cauca -San Jorge,Bajo San Jorge - La Mojana,1.23272728919983,1.47272729873657,2,2,0.659420311450958,0.66304349899292,1,1,1.04999995231628,2009,11,62,36,36,37.7999982833862,0,54.5801849365234,2009-11-01,45.4343566894531,53.048999786377,43.0980453491211
25025030,Meteorológica Especial,Automática con Telemetría,Córdoba,Ayapel,8.2951,-75.1646,20,12/11/2014,,Caribe,Magdalena Cauca,Bajo Magdalena- Cauca -San Jorge,Bajo San Jorge - La Mojana,1.23272728919983,1.47272729873657,2,2,0.659420311450958,0.66304349899292,1,1,1.04999995231628,2009,11,63,16.8,16.8,17.6399991989136,0,13.3986263275147,2009-11-01,6.1733603477478,17.3194198608398,12.454231262207
25025030,Meteorológica Especial,Automática con Telemetría,Córdoba,Ayapel,8.2951,-75.1646,20,12/11/2014,,Caribe,Magdalena Cauca,Bajo Magdalena- Cauca -San Jorge,Bajo San Jorge - La Mojana,1.23272728919983,1.47272729873657,2,2,0.659420311450958,0.66304349899292,1,1,1.04999995231628,2009,11,64,50.6,50.6,53.129997587204,0,26.8692932128906,2009-11-01,15.4799737930298,22.7667617797852,22.2044544219971
25025030,Meteorológica Especial,Automática con Telemetría,Córdoba,Ayapel,8.2951,-75.1646,20,12/11/2014,,Caribe,Magdalena Cauca,Bajo Magdalena- Cauca -San Jorge,Bajo San Jorge - La Mojana,1.23272728919983,1.47272729873657,2,2,0.659420311450958,0.66304349899292,1,1,1.04999995231628,2009,11,65,5.5,5.5,5.77499973773956,0,70.9357376098633,2009-11-01,60.5232429504395,39.0611343383789,38.4924049377441
25025030,Meteorológica Especial,Automática con Telemetría,Córdoba,Ayapel,8.2951,-75.1646,20,12/11/2014,,Caribe,Magdalena Cauca,Bajo Magdalena- Cauca -San Jorge,Bajo San Jorge - La Mojana,1.23272728919983,1.47272729873657,2,2,0.659420311450958,0.66304349899292,1,1,1.04999995231628,2009,11,66,0,0,0,1,27.7968807220459,2009-11-01,21.2783222198486,9.88866901397705,7.57897663116455
25025030,Meteorológica Especial,Automática con Telemetría,Córdoba,Ayapel,8.2951,-75.1646,20,12/11/2014,,Caribe,Magdalena Cauca,Bajo Magdalena- Cauca -San Jorge,Bajo San Jorge - La Mojana,1.23272728919983,1.47272729873657,2,2,0.659420311450958,0.66304349899292,1,1,1.07000005245209,2009,12,67,0,0,0,0,3.53123235702515,2009-12-01,0,1.6735292673111,0
25025030,Meteorológica Especial,Automática con Telemetría,Córdoba,Ayapel,8.2951,-75.1646,20,12/11/2014,,Caribe,Magdalena Cauca,Bajo Magdalena- Cauca -San Jorge,Bajo San Jorge - La Mojana,1.23272728919983,1.47272729873657,2,2,0.659420311450958,0.66304349899292,1,1,1.07000005245209,2009,12,68,0,0,0,0,3.12290096282959,2009-12-01,0.317108899354935,1.75585460662842,0.383604168891907
25025030,Meteorológica Especial,Automática con Telemetría,Córdoba,Ayapel,8.2951,-75.1646,20,12/11/2014,,Caribe,Magdalena Cauca,Bajo Magdalena- Cauca -San Jorge,Bajo San Jorge - La Mojana,1.23272728919983,1.47272729873657,2,2,0.659420311450958,0.66304349899292,1,1,1.07000005245209,2009,12,69,0,0,0,0,3.10621047019959,2009-12-01,0,1.54727697372437,0
25025030,Meteorológica Especial,Automática con Telemetría,Córdoba,Ayapel,8.2951,-75.1646,20,12/11/2014,,Caribe,Magdalena Cauca,Bajo Magdalena- Cauca -San Jorge,Bajo San Jorge - La Mojana,1.23272728919983,1.47272729873657,2,2,0.659420311450958,0.66304349899292,1,1,1.07000005245209,2009,12,70,2.2,2.2,2.35400011539459,0,12.371657371521,2009-12-01,3.75132513046265,5.23906326293945,2.60894465446472
25025030,Meteorológica Especial,Automática con Telemetría,Córdoba,Ayapel,8.2951,-75.1646,20,12/11/2014,,Caribe,Magdalena Cauca,Bajo Magdalena- Cauca -San Jorge,Bajo San Jorge - La Mojana,1.23272728919983,1.47272729873657,2,2,0.659420311450958,0.66304349899292,1,1,1.07000005245209,2009,12,71,7.2,7.2,7.70400037765503,0,27.3488597869873,2009-12-01,16.8892974853516,16.6826076507568,12.8883190155029
25025030,Meteorológica Especial,Automática con Telemetría,Córdoba,Ayapel,8.2951,-75.1646,20,12/11/2014,,Caribe,Magdalena Cauca,Bajo Magdalena- Cauca -San Jorge,Bajo San Jorge - La Mojana,1.23272728919983,1.47272729873657,2,2,0.659420311450958,0.66304349899292,1,1,1.07000005245209,2009,12,72,2.5,2.5,2.67500013113022,0,34.1878166198731,2009-12-01,17.8104972839355,11.9378690719605,8.53145217895508
25025030,Meteorológica Especial,Automática con Telemetría,Córdoba,Ayapel,8.2951,-75.1646,20,12/11/2014,,Caribe,Magdalena Cauca,Bajo Magdalena- Cauca -San Jorge,Bajo San Jorge - La Mojana,1.23272728919983,1.47272729873657,2,2,0.659420311450958,0.66304349899292,1,1,1.08000004291534,2010,01,1,0,0,0,0,1.75986647605896,2010-01-01,0,0.977965712547302,0
25025030,Meteorológica Especial,Automática con Telemetría,Córdoba,Ayapel,8.2951,-75.1646,20,12/11/2014,,Caribe,Magdalena Cauca,Bajo Magdalena- Cauca -San Jorge,Bajo San Jorge - La Mojana,1.23272728919983,1.47272729873657,2,2,0.659420311450958,0.66304349899292,1,1,1.08000004291534,2010,01,2,0,0,0,0,1.57782387733459,2010-01-01,0,0.892373323440552,0
25025030,Meteorológica Especial,Automática con Telemetría,Córdoba,Ayapel,8.2951,-75.1646,20,12/11/2014,,Caribe,Magdalena Cauca,Bajo Magdalena- Cauca -San Jorge,Bajo San Jorge - La Mojana,1.23272728919983,1.47272729873657,2,2,0.659420311450958,0.66304349899292,1,1,1.08000004291534,2010,01,3,0,0,0,0,1.51010096073151,2010-01-01,0,0.853013932704926,0
25025030,Meteorológica Especial,Automática con Telemetría,Córdoba,Ayapel,8.2951,-75.1646,20,12/11/2014,,Caribe,Magdalena Cauca,Bajo Magdalena- Cauca -San Jorge,Bajo San Jorge - La Mojana,1.23272728919983,1.47272729873657,2,2,0.659420311450958,0.66304349899292,1,1,1.08000004291534,2010,01,4,0,0,0,0,1.49548804759979,2010-01-01,0,0.840108394622803,0
25025030,Meteorológica Especial,Automática con Telemetría,Córdoba,Ayapel,8.2951,-75.1646,20,12/11/2014,,Caribe,Magdalena Cauca,Bajo Magdalena- Cauca -San Jorge,Bajo San Jorge - La Mojana,1.23272728919983,1.47272729873657,2,2,0.659420311450958,0.66304349899292,1,1,1.08000004291534,2010,01,5,0,0,0,0,1.41628217697144,2010-01-01,0,0.771728336811066,0
25025030,Meteorológica Especial,Automática con Telemetría,Córdoba,Ayapel,8.2951,-75.1646,20,12/11/2014,,Caribe,Magdalena Cauca,Bajo Magdalena- Cauca -San Jorge,Bajo San Jorge - La Mojana,1.23272728919983,1.47272729873657,2,2,0.659420311450958,0.66304349899292,1,1,1.08000004291534,2010,01,6,0,0,0,0,2.98064732551575,2010-01-01,0,1.46301603317261,0
25025030,Meteorológica Especial,Automática con Telemetría,Córdoba,Ayapel,8.2951,-75.1646,20,12/11/2014,,Caribe,Magdalena Cauca,Bajo Magdalena- Cauca -San Jorge,Bajo San Jorge - La Mojana,1.23272728919983,1.47272729873657,2,2,0.659420311450958,0.66304349899292,1,1,1.11000001430511,2010,02,7,5.1,5.1,5.66100007295609,0,1.82033491134644,2010-02-01,0.206891357898712,1.67674398422241,0.311333298683167
25025030,Meteorológica Especial,Automática con Telemetría,Córdoba,Ayapel,8.2951,-75.1646,20,12/11/2014,,Caribe,Magdalena Cauca,Bajo Magdalena- Cauca -San Jorge,Bajo San Jorge - La Mojana,1.23272728919983,1.47272729873657,2,2,0.659420311450958,0.66304349899292,1,1,1.11000001430511,2010,02,8,0,0,0,0,1.78382575511932,2010-02-01,1.63348829746246,1.15221583843231,1.14417099952698
25025030,Meteorológica Especial,Automática con Telemetría,Córdoba,Ayapel,8.2951,-75.1646,20,12/11/2014,,Caribe,Magdalena Cauca,Bajo Magdalena- Cauca -San Jorge,Bajo San Jorge - La Mojana,1.23272728919983,1.47272729873657,2,2,0.659420311450958,0.66304349899292,1,1,1.11000001430511,2010,02,9,0,0,0,0,1.77907001972198,2010-02-01,1.03784084320068,1.13969433307648,0.784879446029663
25025030,Meteorológica Especial,Automática con Telemetría,Córdoba,Ayapel,8.2951,-75.1646,20,12/11/2014,,Caribe,Magdalena Cauca,Bajo Magdalena- Cauca -San Jorge,Bajo San Jorge - La Mojana,1.23272728919983,1.47272729873657,2,2,0.659420311450958,0.66304349899292,1,1,1.11000001430511,2010,02,10,0,0,0,0,1.77141332626343,2010-02-01,1.249680519104,1.14490401744843,1.04624450206757
25025030,Meteorológica Especial,Automática con Telemetría,Córdoba,Ayapel,8.2951,-75.1646,20,12/11/2014,,Caribe,Magdalena Cauca,Bajo Magdalena- Cauca -San Jorge,Bajo San Jorge - La Mojana,1.23272728919983,1.47272729873657,2,2,0.659420311450958,0.66304349899292,1,1,1.11000001430511,2010,02,11,25.4,25.4,28.1940003633499,0,29.2837715148926,2010-02-01,46.871223449707,30.7712993621826,35.848274230957
25025030,Meteorológica Especial,Automática con Telemetría,Córdoba,Ayapel,8.2951,-75.1646,20,12/11/2014,,Caribe,Magdalena Cauca,Bajo Magdalena- Cauca -San Jorge,Bajo San Jorge - La Mojana,1.23272728919983,1.47272729873657,2,2,0.659420311450958,0.66304349899292,1,1,1.11000001430511,2010,02,12,0,0,0,0,5.50049638748169,2010-02-01,6.09697151184082,2.96333193778992,3.60781168937683
25025030,Meteorológica Especial,Automática con Telemetría,Córdoba,Ayapel,8.2951,-75.1646,20,12/11/2014,,Caribe,Magdalena Cauca,Bajo Magdalena- Cauca -San Jorge,Bajo San Jorge - La Mojana,1.23272728919983,1.47272729873657,2,2,0.659420311450958,0.66304349899292,1,1,1.10000002384186,2010,03,13,36,36,39.6000008583069,0,18.9625911712647,2010-03-01,27.6574745178223,19.0315113067627,22.3293762207031
25025030,Meteorológica Especial,Automática con Telemetría,Córdoba,Ayapel,8.2951,-75.1646,20,12/11/2014,,Caribe,Magdalena Cauca,Bajo Magdalena- Cauca -San Jorge,Bajo San Jorge - La Mojana,1.23272728919983,1.47272729873657,2,2,0.659420311450958,0.66304349899292,1,1,1.10000002384186,2010,03,14,8.4,8.4,9.24000020027161,0,3.83914804458618,2010-03-01,0,4.80568742752075,0
25025030,Meteorológica Especial,Automática con Telemetría,Córdoba,Ayapel,8.2951,-75.1646,20,12/11/2014,,Caribe,Magdalena Cauca,Bajo Magdalena- Cauca -San Jorge,Bajo San Jorge - La Mojana,1.23272728919983,1.47272729873657,2,2,0.659420311450958,0.66304349899292,1,1,1.10000002384186,2010,03,15,0,0,0,0,2.80367875099182,2010-03-01,0,1.2817873954773,0
25025030,Meteorológica Especial,Automática con Telemetría,Córdoba,Ayapel,8.2951,-75.1646,20,12/11/2014,,Caribe,Magdalena Cauca,Bajo Magdalena- Cauca -San Jorge,Bajo San Jorge - La Mojana,1.23272728919983,1.47272729873657,2,2,0.659420311450958,0.66304349899292,1,1,1.10000002384186,2010,03,16,5.9,5.9,6.49000014066696,0,10.5139122009277,2010-03-01,14.5788354873657,10.0228490829468,13.4396963119507
25025030,Meteorológica Especial,Automática con Telemetría,Córdoba,Ayapel,8.2951,-75.1646,20,12/11/2014,,Caribe,Magdalena Cauca,Bajo Magdalena- Cauca -San Jorge,Bajo San Jorge - La Mojana,1.23272728919983,1.47272729873657,2,2,0.659420311450958,0.66304349899292,1,1,1.10000002384186,2010,03,17,1.8,1.8,1.98000004291534,0,7.22171640396118,2010-03-01,9.32371807098389,5.11669540405273,5.80211734771729
25025030,Meteorológica Especial,Automática con Telemetría,Córdoba,Ayapel,8.2951,-75.1646,20,12/11/2014,,Caribe,Magdalena Cauca,Bajo Magdalena- Cauca -San Jorge,Bajo San Jorge - La Mojana,1.23272728919983,1.47272729873657,2,2,0.659420311450958,0.66304349899292,1,1,1.10000002384186,2010,03,18,5,5,5.50000011920929,0,18.1600666046143,2010-03-01,15.2460136413574,17.2258243560791,18.7474269866943
25025030,Meteorológica Especial,Automática con Telemetría,Córdoba,Ayapel,8.2951,-75.1646,20,12/11/2014,,Caribe,Magdalena Cauca,Bajo Magdalena- Cauca -San Jorge,Bajo San Jorge - La Mojana,1.23272728919983,1.47272729873657,2,2,0.659420311450958,0.66304349899292,1,1,1.05999994277954,2010,04,19,18.7,18.7,19.8219989299774,0,27.6862277984619,2010-04-01,29.856840133667,38.0476188659668,43.8029556274414
25025030,Meteorológica Especial,Automática con Telemetría,Córdoba,Ayapel,8.2951,-75.1646,20,12/11/2014,,Caribe,Magdalena Cauca,Bajo Magdalena- Cauca -San Jorge,Bajo San Jorge - La Mojana,1.23272728919983,1.47272729873657,2,2,0.659420311450958,0.66304349899292,1,1,1.05999994277954,2010,04,20,51.2,51.2,54.2719970703125,0,45.716480255127,2010-04-01,52.3199920654297,53.5109748840332,57.8978462219238
25025030,Meteorológica Especial,Automática con Telemetría,Córdoba,Ayapel,8.2951,-75.1646,20,12/11/2014,,Caribe,Magdalena Cauca,Bajo Magdalena- Cauca -San Jorge,Bajo San Jorge - La Mojana,1.23272728919983,1.47272729873657,2,2,0.659420311450958,0.66304349899292,1,1,1.05999994277954,2010,04,21,30.6,30.6,32.435998249054,0,45.227912902832,2010-04-01,48.1731948852539,57.0966949462891,56.6391067504883
25025030,Meteorológica Especial,Automática con Telemetría,Córdoba,Ayapel,8.2951,-75.1646,20,12/11/2014,,Caribe,Magdalena Cauca,Bajo Magdalena- Cauca -San Jorge,Bajo San Jorge - La Mojana,1.23272728919983,1.47272729873657,2,2,0.659420311450958,0.66304349899292,1,1,1.05999994277954,2010,04,22,27.9,27.9,29.5739984035492,0,21.3336753845215,2010-04-01,19.7244758605957,25.2436351776123,23.4214878082275
25025030,Meteorológica Especial,Automática con Telemetría,Córdoba,Ayapel,8.2951,-75.1646,20,12/11/2014,,Caribe,Magdalena Cauca,Bajo Magdalena- Cauca -San Jorge,Bajo San Jorge - La Mojana,1.23272728919983,1.47272729873657,2,2,0.659420311450958,0.66304349899292,1,1,1.05999994277954,2010,04,23,28.1,28.1,29.7859983921051,0,23.9329204559326,2010-04-01,27.9140892028809,29.0705623626709,32.0858345031738
25025030,Meteorológica Especial,Automática con Telemetría,Córdoba,Ayapel,8.2951,-75.1646,20,12/11/2014,,Caribe,Magdalena Cauca,Bajo Magdalena- Cauca -San Jorge,Bajo San Jorge - La Mojana,1.23272728919983,1.47272729873657,2,2,0.659420311450958,0.66304349899292,1,1,1.05999994277954,2010,04,24,17,17,18.0199990272522,0,58.8086853027344,2010-04-01,60.1786346435547,39.5270843505859,42.9763526916504
25025030,Meteorológica Especial,Automática con Telemetría,Córdoba,Ayapel,8.2951,-75.1646,20,12/11/2014,,Caribe,Magdalena Cauca,Bajo Magdalena- Cauca -San Jorge,Bajo San Jorge - La Mojana,1.23272728919983,1.47272729873657,2,2,0.659420311450958,0.66304349899292,1,1,1.04999995231628,2010,05,25,35.7,35.7,37.4849982976914,0,43.8468208312988,2010-05-01,40.6889953613281,38.678825378418,39.1387062072754
25025030,Meteorológica Especial,Automática con Telemetría,Córdoba,Ayapel,8.2951,-75.1646,20,12/11/2014,,Caribe,Magdalena Cauca,Bajo Magdalena- Cauca -San Jorge,Bajo San Jorge - La Mojana,1.23272728919983,1.47272729873657,2,2,0.659420311450958,0.66304349899292,1,1,1.04999995231628,2010,05,26,35.2,35.2,36.9599983215332,0,36.1655082702637,2010-05-01,33.5738945007324,44.7608108520508,49.2069664001465
25025030,Meteorológica Especial,Automática con Telemetría,Córdoba,Ayapel,8.2951,-75.1646,20,12/11/2014,,Caribe,Magdalena Cauca,Bajo Magdalena- Cauca -San Jorge,Bajo San Jorge - La Mojana,1.23272728919983,1.47272729873657,2,2,0.659420311450958,0.66304349899292,1,1,1.04999995231628,2010,05,27,60.8,60.8,63.8399971008301,0,70.3474884033203,2010-05-01,64.7887954711914,64.8050308227539,65.3600006103516
25025030,Meteorológica Especial,Automática con Telemetría,Córdoba,Ayapel,8.2951,-75.1646,20,12/11/2014,,Caribe,Magdalena Cauca,Bajo Magdalena- Cauca -San Jorge,Bajo San Jorge - La Mojana,1.23272728919983,1.47272729873657,2,2,0.659420311450958,0.66304349899292,1,1,1.04999995231628,2010,05,28,3.2,3.2,3.35999984741211,0,52.1866264343262,2010-05-01,47.8238220214844,22.5280323028564,22.5633964538574
25025030,Meteorológica Especial,Automática con Telemetría,Córdoba,Ayapel,8.2951,-75.1646,20,12/11/2014,,Caribe,Magdalena Cauca,Bajo Magdalena- Cauca -San Jorge,Bajo San Jorge - La Mojana,1.23272728919983,1.47272729873657,2,2,0.659420311450958,0.66304349899292,1,1,1.04999995231628,2010,05,29,134.5,134.5,141.22499358654,0,45.7897338867188,2010-05-01,45.0871315002441,69.1298828125,70.3750762939453
25025030,Meteorológica Especial,Automática con Telemetría,Córdoba,Ayapel,8.2951,-75.1646,20,12/11/2014,,Caribe,Magdalena Cauca,Bajo Magdalena- Cauca -San Jorge,Bajo San Jorge - La Mojana,1.23272728919983,1.47272729873657,2,2,0.659420311450958,0.66304349899292,1,1,1.04999995231628,2010,05,30,47.4,47.4,49.7699977397919,0,50.1475067138672,2010-05-01,44.2273826599121,37.276798248291,37.2891540527344
25025030,Meteorológica Especial,Automática con Telemetría,Córdoba,Ayapel,8.2951,-75.1646,20,12/11/2014,,Caribe,Magdalena Cauca,Bajo Magdalena- Cauca -San Jorge,Bajo San Jorge - La Mojana,1.23272728919983,1.47272729873657,2,2,0.659420311450958,0.66304349899292,1,1,1.04999995231628,2010,06,31,28.2,28.2,29.6099986553192,0,42.1390686035156,2010-06-01,44.3044929504395,38.3398246765137,40.9102783203125
25025030,Meteorológica Especial,Automática con Telemetría,Córdoba,Ayapel,8.2951,-75.1646,20,12/11/2014,,Caribe,Magdalena Cauca,Bajo Magdalena- Cauca -San Jorge,Bajo San Jorge - La Mojana,1.23272728919983,1.47272729873657,2,2,0.659420311450958,0.66304349899292,1,1,1.04999995231628,2010,06,32,248.7,248.7,261.13498814106,0,51.6919250488281,2010-06-01,59.7941513061524,123.090606689453,140.605255126953
25025030,Meteorológica Especial,Automática con Telemetría,Córdoba,Ayapel,8.2951,-75.1646,20,12/11/2014,,Caribe,Magdalena Cauca,Bajo Magdalena- Cauca -San Jorge,Bajo San Jorge - La Mojana,1.23272728919983,1.47272729873657,2,2,0.659420311450958,0.66304349899292,1,1,1.04999995231628,2010,06,33,121.7,121.7,127.784994196892,0,41.0933265686035,2010-06-01,47.679931640625,106.234855651855,122.228446960449
25025030,Meteorológica Especial,Automática con Telemetría,Córdoba,Ayapel,8.2951,-75.1646,20,12/11/2014,,Caribe,Magdalena Cauca,Bajo Magdalena- Cauca -San Jorge,Bajo San Jorge - La Mojana,1.23272728919983,1.47272729873657,2,2,0.659420311450958,0.66304349899292,1,1,1.04999995231628,2010,06,34,20.2,20.2,21.2099990367889,0,76.5583190917969,2010-06-01,99.0260772705078,65.5382308959961,72.8829803466797
25025030,Meteorológica Especial,Automática con Telemetría,Córdoba,Ayapel,8.2951,-75.1646,20,12/11/2014,,Caribe,Magdalena Cauca,Bajo Magdalena- Cauca -San Jorge,Bajo San Jorge - La Mojana,1.23272728919983,1.47272729873657,2,2,0.659420311450958,0.66304349899292,1,1,1.04999995231628,2010,06,35,34.2,34.2,35.9099983692169,0,30.0630035400391,2010-06-01,36.6457328796387,34.6195297241211,36.2013702392578
25025030,Meteorológica Especial,Automática con Telemetría,Córdoba,Ayapel,8.2951,-75.1646,20,12/11/2014,,Caribe,Magdalena Cauca,Bajo Magdalena- Cauca -San Jorge,Bajo San Jorge - La Mojana,1.23272728919983,1.47272729873657,2,2,0.659420311450958,0.66304349899292,1,1,1.04999995231628,2010,06,36,31.5,31.5,33.074998497963,0,34.1635780334473,2010-06-01,42.9136199951172,33.0615463256836,36.3866844177246
25025030,Meteorológica Especial,Automática con Telemetría,Córdoba,Ayapel,8.2951,-75.1646,20,12/11/2014,,Caribe,Magdalena Cauca,Bajo Magdalena- Cauca -San Jorge,Bajo San Jorge - La Mojana,1.23272728919983,1.47272729873657,2,2,0.659420311450958,0.66304349899292,1,1,1.04999995231628,2010,07,37,97.4,97.4,102.269995355606,0,56.4436988830567,2010-07-01,70.568717956543,76.4352264404297,90.1169204711914
25025030,Meteorológica Especial,Automática con Telemetría,Córdoba,Ayapel,8.2951,-75.1646,20,12/11/2014,,Caribe,Magdalena Cauca,Bajo Magdalena- Cauca -San Jorge,Bajo San Jorge - La Mojana,1.23272728919983,1.47272729873657,2,2,0.659420311450958,0.66304349899292,1,1,1.04999995231628,2010,07,38,49.7,49.7,52.1849976301193,0,34.3296928405762,2010-07-01,41.3793563842773,63.9786605834961,77.0702209472656
25025030,Meteorológica Especial,Automática con Telemetría,Córdoba,Ayapel,8.2951,-75.1646,20,12/11/2014,,Caribe,Magdalena Cauca,Bajo Magdalena- Cauca -San Jorge,Bajo San Jorge - La Mojana,1.23272728919983,1.47272729873657,2,2,0.659420311450958,0.66304349899292,1,1,1.04999995231628,2010,07,39,77.1,77.1,80.9549963235855,0,86.9211196899414,2010-07-01,107.771865844727,84.5357818603516,95.2110824584961
25025030,Meteorológica Especial,Automática con Telemetría,Córdoba,Ayapel,8.2951,-75.1646,20,12/11/2014,,Caribe,Magdalena Cauca,Bajo Magdalena- Cauca -San Jorge,Bajo San Jorge - La Mojana,1.23272728919983,1.47272729873657,2,2,0.659420311450958,0.66304349899292,1,1,1.04999995231628,2010,07,40,59.7,59.7,62.6849971532822,0,44.4125442504883,2010-07-01,51.8360977172852,62.4684371948242,74.0365905761719
25025030,Meteorológica Especial,Automática con Telemetría,Córdoba,Ayapel,8.2951,-75.1646,20,12/11/2014,,Caribe,Magdalena Cauca,Bajo Magdalena- Cauca -San Jorge,Bajo San Jorge - La Mojana,1.23272728919983,1.47272729873657,2,2,0.659420311450958,0.66304349899292,1,1,1.04999995231628,2010,07,41,53.7,53.7,56.3849974393845,0,38.008544921875,2010-07-01,41.9298095703125,52.1370429992676,60.6024856567383
25025030,Meteorológica Especial,Automática con Telemetría,Córdoba,Ayapel,8.2951,-75.1646,20,12/11/2014,,Caribe,Magdalena Cauca,Bajo Magdalena- Cauca -San Jorge,Bajo San Jorge - La Mojana,1.23272728919983,1.47272729873657,2,2,0.659420311450958,0.66304349899292,1,1,1.04999995231628,2010,07,42,172.1,172.1,180.704991793633,0,120.92000579834,2010-07-01,133.139770507813,134.7021484375,147.595275878906
25025030,Meteorológica Especial,Automática con Telemetría,Córdoba,Ayapel,8.2951,-75.1646,20,12/11/2014,,Caribe,Magdalena Cauca,Bajo Magdalena- Cauca -San Jorge,Bajo San Jorge - La Mojana,1.23272728919983,1.47272729873657,2,2,0.659420311450958,0.66304349899292,1,1,1.04999995231628,2010,08,43,87.6,87.6,91.9799958229065,0,48.8414764404297,2010-08-01,53.6880912780762,70.2261581420899,75.7072525024414
25025030,Meteorológica Especial,Automática con Telemetría,Córdoba,Ayapel,8.2951,-75.1646,20,12/11/2014,,Caribe,Magdalena Cauca,Bajo Magdalena- Cauca -San Jorge,Bajo San Jorge - La Mojana,1.23272728919983,1.47272729873657,2,2,0.659420311450958,0.66304349899292,1,1,1.04999995231628,2010,08,44,42.1,42.1,44.2049979925156,0,58.1802864074707,2010-08-01,64.3864822387695,47.3049774169922,52.1951904296875
25025030,Meteorológica Especial,Automática con Telemetría,Córdoba,Ayapel,8.2951,-75.1646,20,12/11/2014,,Caribe,Magdalena Cauca,Bajo Magdalena- Cauca -San Jorge,Bajo San Jorge - La Mojana,1.23272728919983,1.47272729873657,2,2,0.659420311450958,0.66304349899292,1,1,1.04999995231628,2010,08,45,166.5,166.5,174.824992060661,0,74.6052169799805,2010-08-01,84.6288757324219,103.877944946289,107.168312072754
25025030,Meteorológica Especial,Automática con Telemetría,Córdoba,Ayapel,8.2951,-75.1646,20,12/11/2014,,Caribe,Magdalena Cauca,Bajo Magdalena- Cauca -San Jorge,Bajo San Jorge - La Mojana,1.23272728919983,1.47272729873657,2,2,0.659420311450958,0.66304349899292,1,1,1.04999995231628,2010,08,46,52.6,52.6,55.2299974918366,0,77.9927825927734,2010-08-01,95.4685592651367,65.6411819458008,73.6529235839844
25025030,Meteorológica Especial,Automática con Telemetría,Córdoba,Ayapel,8.2951,-75.1646,20,12/11/2014,,Caribe,Magdalena Cauca,Bajo Magdalena- Cauca -San Jorge,Bajo San Jorge - La Mojana,1.23272728919983,1.47272729873657,2,2,0.659420311450958,0.66304349899292,1,1,1.04999995231628,2010,08,47,185.2,185.2,194.459991168976,0,43.7778053283691,2010-08-01,46.622428894043,69.8600921630859,81.7590484619141
25025030,Meteorológica Especial,Automática con Telemetría,Córdoba,Ayapel,8.2951,-75.1646,20,12/11/2014,,Caribe,Magdalena Cauca,Bajo Magdalena- Cauca -San Jorge,Bajo San Jorge - La Mojana,1.23272728919983,1.47272729873657,2,2,0.659420311450958,0.66304349899292,1,1,1.04999995231628,2010,08,48,86.4,86.4,90.719995880127,0,71.9167175292969,2010-08-01,65.6212158203125,90.451904296875,93.7968826293945
25025030,Meteorológica Especial,Automática con Telemetría,Córdoba,Ayapel,8.2951,-75.1646,20,12/11/2014,,Caribe,Magdalena Cauca,Bajo Magdalena- Cauca -San Jorge,Bajo San Jorge - La Mojana,1.23272728919983,1.47272729873657,2,2,0.659420311450958,0.66304349899292,1,1,1.04999995231628,2010,09,49,93.3,93.3,97.9649955511093,0,70.8408432006836,2010-09-01,91.4116134643555,105.177871704102,121.086799621582
25025030,Meteorológica Especial,Automática con Telemetría,Córdoba,Ayapel,8.2951,-75.1646,20,12/11/2014,,Caribe,Magdalena Cauca,Bajo Magdalena- Cauca -San Jorge,Bajo San Jorge - La Mojana,1.23272728919983,1.47272729873657,2,2,0.659420311450958,0.66304349899292,1,1,1.04999995231628,2010,09,50,162,162,170.099992275238,0,35.427734375,2010-09-01,32.7429542541504,78.2914810180664,84.9253997802734
25025030,Meteorológica Especial,Automática con Telemetría,Córdoba,Ayapel,8.2951,-75.1646,20,12/11/2014,,Caribe,Magdalena Cauca,Bajo Magdalena- Cauca -San Jorge,Bajo San Jorge - La Mojana,1.23272728919983,1.47272729873657,2,2,0.659420311450958,0.66304349899292,1,1,1.04999995231628,2010,09,51,52.9,52.9,55.5449974775314,0,49.474048614502,2010-09-01,52.9419174194336,64.0049591064453,65.8387451171875
25025030,Meteorológica Especial,Automática con Telemetría,Córdoba,Ayapel,8.2951,-75.1646,20,12/11/2014,,Caribe,Magdalena Cauca,Bajo Magdalena- Cauca -San Jorge,Bajo San Jorge - La Mojana,1.23272728919983,1.47272729873657,2,2,0.659420311450958,0.66304349899292,1,1,1.04999995231628,2010,09,52,45.8,45.8,48.0899978160858,0,48.8398742675781,2010-09-01,51.8062934875488,68.1348495483399,63.1771087646484
25025030,Meteorológica Especial,Automática con Telemetría,Córdoba,Ayapel,8.2951,-75.1646,20,12/11/2014,,Caribe,Magdalena Cauca,Bajo Magdalena- Cauca -San Jorge,Bajo San Jorge - La Mojana,1.23272728919983,1.47272729873657,2,2,0.659420311450958,0.66304349899292,1,1,1.04999995231628,2010,09,53,6.8,6.8,7.13999967575073,0,53.1978225708008,2010-09-01,58.214656829834,37.4554176330566,36.53369140625
25025030,Meteorológica Especial,Automática con Telemetría,Córdoba,Ayapel,8.2951,-75.1646,20,12/11/2014,,Caribe,Magdalena Cauca,Bajo Magdalena- Cauca -San Jorge,Bajo San Jorge - La Mojana,1.23272728919983,1.47272729873657,2,2,0.659420311450958,0.66304349899292,1,1,1.04999995231628,2010,09,54,125.7,125.7,131.984994006157,0,57.8867111206055,2010-09-01,60.5902557373047,78.1118545532227,79.7043075561524
25025030,Meteorológica Especial,Automática con Telemetría,Córdoba,Ayapel,8.2951,-75.1646,20,12/11/2014,,Caribe,Magdalena Cauca,Bajo Magdalena- Cauca -San Jorge,Bajo San Jorge - La Mojana,1.23272728919983,1.47272729873657,2,2,0.659420311450958,0.66304349899292,1,1,1.04999995231628,2010,10,55,67,67,70.349996805191,0,43.894905090332,2010-10-01,44.5674438476563,78.361457824707,81.0780410766602
25025030,Meteorológica Especial,Automática con Telemetría,Córdoba,Ayapel,8.2951,-75.1646,20,12/11/2014,,Caribe,Magdalena Cauca,Bajo Magdalena- Cauca -San Jorge,Bajo San Jorge - La Mojana,1.23272728919983,1.47272729873657,2,2,0.659420311450958,0.66304349899292,1,1,1.04999995231628,2010,10,56,25.6,25.6,26.8799987792969,0,57.1708869934082,2010-10-01,51.0367317199707,38.1126518249512,34.0278167724609
25025030,Meteorológica Especial,Automática con Telemetría,Córdoba,Ayapel,8.2951,-75.1646,20,12/11/2014,,Caribe,Magdalena Cauca,Bajo Magdalena- Cauca -San Jorge,Bajo San Jorge - La Mojana,1.23272728919983,1.47272729873657,2,2,0.659420311450958,0.66304349899292,1,1,1.04999995231628,2010,10,57,10.2,10.2,10.7099995136261,0,46.9022903442383,2010-10-01,35.4117202758789,38.9297256469727,31.8686962127686
25025030,Meteorológica Especial,Automática con Telemetría,Córdoba,Ayapel,8.2951,-75.1646,20,12/11/2014,,Caribe,Magdalena Cauca,Bajo Magdalena- Cauca -San Jorge,Bajo San Jorge - La Mojana,1.23272728919983,1.47272729873657,2,2,0.659420311450958,0.66304349899292,1,1,1.04999995231628,2010,10,58,93.9,93.9,98.5949955224991,0,51.8494491577149,2010-10-01,41.9868888854981,72.0406723022461,65.0852584838867
25025030,Meteorológica Especial,Automática con Telemetría,Córdoba,Ayapel,8.2951,-75.1646,20,12/11/2014,,Caribe,Magdalena Cauca,Bajo Magdalena- Cauca -San Jorge,Bajo San Jorge - La Mojana,1.23272728919983,1.47272729873657,2,2,0.659420311450958,0.66304349899292,1,1,1.04999995231628,2010,10,59,100.1,100.1,105.10499522686,0,53.4260406494141,2010-10-01,47.5600471496582,57.7375869750977,53.6575241088867
25025030,Meteorológica Especial,Automática con Telemetría,Córdoba,Ayapel,8.2951,-75.1646,20,12/11/2014,,Caribe,Magdalena Cauca,Bajo Magdalena- Cauca -San Jorge,Bajo San Jorge - La Mojana,1.23272728919983,1.47272729873657,2,2,0.659420311450958,0.66304349899292,1,1,1.04999995231628,2010,10,60,5.4,5.4,5.66999974250794,0,35.6613998413086,2010-10-01,29.4432678222656,19.7875785827637,18.4844341278076
25025030,Meteorológica Especial,Automática con Telemetría,Córdoba,Ayapel,8.2951,-75.1646,20,12/11/2014,,Caribe,Magdalena Cauca,Bajo Magdalena- Cauca -San Jorge,Bajo San Jorge - La Mojana,1.23272728919983,1.47272729873657,2,2,0.659420311450958,0.66304349899292,1,1,1.04999995231628,2010,11,61,72.8,72.8,76.4399965286255,0,62.7721405029297,2010-11-01,48.8455238342285,74.4965591430664,72.1456451416016
25025030,Meteorológica Especial,Automática con Telemetría,Córdoba,Ayapel,8.2951,-75.1646,20,12/11/2014,,Caribe,Magdalena Cauca,Bajo Magdalena- Cauca -San Jorge,Bajo San Jorge - La Mojana,1.23272728919983,1.47272729873657,2,2,0.659420311450958,0.66304349899292,1,1,1.04999995231628,2010,11,62,56,56,58.7999973297119,0,10.6841421127319,2010-11-01,3.24794292449951,17.1305198669434,11.8768758773804
25025030,Meteorológica Especial,Automática con Telemetría,Córdoba,Ayapel,8.2951,-75.1646,20,12/11/2014,,Caribe,Magdalena Cauca,Bajo Magdalena- Cauca -San Jorge,Bajo San Jorge - La Mojana,1.23272728919983,1.47272729873657,2,2,0.659420311450958,0.66304349899292,1,1,1.04999995231628,2010,11,63,31.3,31.3,32.8649985074997,0,67.6546783447266,2010-11-01,56.6400108337402,48.9601249694824,44.2032699584961
25025030,Meteorológica Especial,Automática con Telemetría,Córdoba,Ayapel,8.2951,-75.1646,20,12/11/2014,,Caribe,Magdalena Cauca,Bajo Magdalena- Cauca -San Jorge,Bajo San Jorge - La Mojana,1.23272728919983,1.47272729873657,2,2,0.659420311450958,0.66304349899292,1,1,1.04999995231628,2010,11,64,5.6,5.6,5.87999973297119,0,31.9072933197022,2010-11-01,22.8112869262695,32.5322418212891,27.6557369232178
25025030,Meteorológica Especial,Automática con Telemetría,Córdoba,Ayapel,8.2951,-75.1646,20,12/11/2014,,Caribe,Magdalena Cauca,Bajo Magdalena- Cauca -San Jorge,Bajo San Jorge - La Mojana,1.23272728919983,1.47272729873657,2,2,0.659420311450958,0.66304349899292,1,1,1.04999995231628,2010,11,65,41,41,43.0499980449677,0,41.7444496154785,2010-11-01,33.1596488952637,43.4448127746582,38.4632301330566
25025030,Meteorológica Especial,Automática con Telemetría,Córdoba,Ayapel,8.2951,-75.1646,20,12/11/2014,,Caribe,Magdalena Cauca,Bajo Magdalena- Cauca -San Jorge,Bajo San Jorge - La Mojana,1.23272728919983,1.47272729873657,2,2,0.659420311450958,0.66304349899292,1,1,1.04999995231628,2010,11,66,82.3,82.3,86.4149960756302,0,48.9557495117188,2010-11-01,43.7019996643066,57.2286911010742,58.5591926574707
25025030,Meteorológica Especial,Automática con Telemetría,Córdoba,Ayapel,8.2951,-75.1646,20,12/11/2014,,Caribe,Magdalena Cauca,Bajo Magdalena- Cauca -San Jorge,Bajo San Jorge - La Mojana,1.23272728919983,1.47272729873657,2,2,0.659420311450958,0.66304349899292,1,1,1.07000005245209,2010,12,67,80.3,80.3,85.9210042119026,0,44.8430099487305,2010-12-01,40.7863349914551,62.1758117675781,51.3735771179199
25025030,Meteorológica Especial,Automática con Telemetría,Córdoba,Ayapel,8.2951,-75.1646,20,12/11/2014,,Caribe,Magdalena Cauca,Bajo Magdalena- Cauca -San Jorge,Bajo San Jorge - La Mojana,1.23272728919983,1.47272729873657,2,2,0.659420311450958,0.66304349899292,1,1,1.07000005245209,2010,12,68,1.9,1.9,2.03300009965897,0,21.3902683258057,2010-12-01,20.9465026855469,25.3115081787109,27.6798419952393
25025030,Meteorológica Especial,Automática con Telemetría,Córdoba,Ayapel,8.2951,-75.1646,20,12/11/2014,,Caribe,Magdalena Cauca,Bajo Magdalena- Cauca -San Jorge,Bajo San Jorge - La Mojana,1.23272728919983,1.47272729873657,2,2,0.659420311450958,0.66304349899292,1,1,1.07000005245209,2010,12,69,34.6,34.6,37.0220018148422,0,13.6255283355713,2010-12-01,9.7293815612793,25.2107906341553,20.8368129730225
25025030,Meteorológica Especial,Automática con Telemetría,Córdoba,Ayapel,8.2951,-75.1646,20,12/11/2014,,Caribe,Magdalena Cauca,Bajo Magdalena- Cauca -San Jorge,Bajo San Jorge - La Mojana,1.23272728919983,1.47272729873657,2,2,0.659420311450958,0.66304349899292,1,1,1.07000005245209,2010,12,70,10.5,10.5,11.2350005507469,0,42.5248985290527,2010-12-01,35.3005905151367,44.8049964904785,33.8543701171875
25025030,Meteorológica Especial,Automática con Telemetría,Córdoba,Ayapel,8.2951,-75.1646,20,12/11/2014,,Caribe,Magdalena Cauca,Bajo Magdalena- Cauca -San Jorge,Bajo San Jorge - La Mojana,1.23272728919983,1.47272729873657,2,2,0.659420311450958,0.66304349899292,1,1,1.07000005245209,2010,12,71,1.4,1.4,1.49800007343292,0,4.07698822021484,2010-12-01,0,4.0442156791687,0
25025030,Meteorológica Especial,Automática con Telemetría,Córdoba,Ayapel,8.2951,-75.1646,20,12/11/2014,,Caribe,Magdalena Cauca,Bajo Magdalena- Cauca -San Jorge,Bajo San Jorge - La Mojana,1.23272728919983,1.47272729873657,2,2,0.659420311450958,0.66304349899292,1,1,1.07000005245209,2010,12,72,38.7,38.7,41.4090020298958,1,37.3498458862305,2010-12-01,20.0411415100098,40.6600761413574,25.5448837280273
25025030,Meteorológica Especial,Automática con Telemetría,Córdoba,Ayapel,8.2951,-75.1646,20,12/11/2014,,Caribe,Magdalena Cauca,Bajo Magdalena- Cauca -San Jorge,Bajo San Jorge - La Mojana,1.23272728919983,1.47272729873657,2,2,0.659420311450958,0.66304349899292,1,1,1.08000004291534,2011,01,1,8.2,8.2,8.85600035190582,0,4.54852533340454,2011-01-01,1.35026013851166,5.03039264678955,5.52230358123779
25025030,Meteorológica Especial,Automática con Telemetría,Córdoba,Ayapel,8.2951,-75.1646,20,12/11/2014,,Caribe,Magdalena Cauca,Bajo Magdalena- Cauca -San Jorge,Bajo San Jorge - La Mojana,1.23272728919983,1.47272729873657,2,2,0.659420311450958,0.66304349899292,1,1,1.08000004291534,2011,01,2,6.4,6.4,6.9120002746582,0,14.1169157028198,2011-01-01,16.8921203613281,11.8633413314819,17.8389186859131
25025030,Meteorológica Especial,Automática con Telemetría,Córdoba,Ayapel,8.2951,-75.1646,20,12/11/2014,,Caribe,Magdalena Cauca,Bajo Magdalena- Cauca -San Jorge,Bajo San Jorge - La Mojana,1.23272728919983,1.47272729873657,2,2,0.659420311450958,0.66304349899292,1,1,1.08000004291534,2011,01,3,0,0,0,0,1.51010096073151,2011-01-01,0,1.16980910301209,0
25025030,Meteorológica Especial,Automática con Telemetría,Córdoba,Ayapel,8.2951,-75.1646,20,12/11/2014,,Caribe,Magdalena Cauca,Bajo Magdalena- Cauca -San Jorge,Bajo San Jorge - La Mojana,1.23272728919983,1.47272729873657,2,2,0.659420311450958,0.66304349899292,1,1,1.08000004291534,2011,01,4,0,0,0,0,3.13329124450684,2011-01-01,0,2.10394215583801,0
25025030,Meteorológica Especial,Automática con Telemetría,Córdoba,Ayapel,8.2951,-75.1646,20,12/11/2014,,Caribe,Magdalena Cauca,Bajo Magdalena- Cauca -San Jorge,Bajo San Jorge - La Mojana,1.23272728919983,1.47272729873657,2,2,0.659420311450958,0.66304349899292,1,1,1.08000004291534,2011,01,5,0,0,0,0,1.41628217697144,2011-01-01,0,1.19720590114594,0
25025030,Meteorológica Especial,Automática con Telemetría,Córdoba,Ayapel,8.2951,-75.1646,20,12/11/2014,,Caribe,Magdalena Cauca,Bajo Magdalena- Cauca -San Jorge,Bajo San Jorge - La Mojana,1.23272728919983,1.47272729873657,2,2,0.659420311450958,0.66304349899292,1,1,1.08000004291534,2011,01,6,4.4,4.4,4.75200018882752,0,2.98064732551575,2011-01-01,0,4.13814735412598,0
25025030,Meteorológica Especial,Automática con Telemetría,Córdoba,Ayapel,8.2951,-75.1646,20,12/11/2014,,Caribe,Magdalena Cauca,Bajo Magdalena- Cauca -San Jorge,Bajo San Jorge - La Mojana,1.23272728919983,1.47272729873657,2,2,0.659420311450958,0.66304349899292,1,1,1.11000001430511,2011,02,7,0,0,0,0,1.82033491134644,2011-02-01,0.206891357898712,1.72012436389923,0.269301414489746
25025030,Meteorológica Especial,Automática con Telemetría,Córdoba,Ayapel,8.2951,-75.1646,20,12/11/2014,,Caribe,Magdalena Cauca,Bajo Magdalena- Cauca -San Jorge,Bajo San Jorge - La Mojana,1.23272728919983,1.47272729873657,2,2,0.659420311450958,0.66304349899292,1,1,1.11000001430511,2011,02,8,0,0,0,0,1.78382575511932,2011-02-01,1.63348829746246,1.6720906496048,2.35531067848206
25025030,Meteorológica Especial,Automática con Telemetría,Córdoba,Ayapel,8.2951,-75.1646,20,12/11/2014,,Caribe,Magdalena Cauca,Bajo Magdalena- Cauca -San Jorge,Bajo San Jorge - La Mojana,1.23272728919983,1.47272729873657,2,2,0.659420311450958,0.66304349899292,1,1,1.11000001430511,2011,02,9,0,0,0,0,1.77907001972198,2011-02-01,1.03784084320068,1.5691933631897,1.05054831504822
25025030,Meteorológica Especial,Automática con Telemetría,Córdoba,Ayapel,8.2951,-75.1646,20,12/11/2014,,Caribe,Magdalena Cauca,Bajo Magdalena- Cauca -San Jorge,Bajo San Jorge - La Mojana,1.23272728919983,1.47272729873657,2,2,0.659420311450958,0.66304349899292,1,1,1.11000001430511,2011,02,10,52,52,57.720000743866,0,29.3435478210449,2011-02-01,41.2941589355469,28.521110534668,28.9563522338867
25025030,Meteorológica Especial,Automática con Telemetría,Córdoba,Ayapel,8.2951,-75.1646,20,12/11/2014,,Caribe,Magdalena Cauca,Bajo Magdalena- Cauca -San Jorge,Bajo San Jorge - La Mojana,1.23272728919983,1.47272729873657,2,2,0.659420311450958,0.66304349899292,1,1,1.11000001430511,2011,02,11,0,0,0,0,1.76139271259308,2011-02-01,0.214416339993477,2.02219724655151,0.405149549245834
25025030,Meteorológica Especial,Automática con Telemetría,Córdoba,Ayapel,8.2951,-75.1646,20,12/11/2014,,Caribe,Magdalena Cauca,Bajo Magdalena- Cauca -San Jorge,Bajo San Jorge - La Mojana,1.23272728919983,1.47272729873657,2,2,0.659420311450958,0.66304349899292,1,1,1.11000001430511,2011,02,12,20.2,20.2,22.4220002889633,0,5.50049638748169,2011-02-01,6.09697151184082,13.9034414291382,20.4339256286621
25025030,Meteorológica Especial,Automática con Telemetría,Córdoba,Ayapel,8.2951,-75.1646,20,12/11/2014,,Caribe,Magdalena Cauca,Bajo Magdalena- Cauca -San Jorge,Bajo San Jorge - La Mojana,1.23272728919983,1.47272729873657,2,2,0.659420311450958,0.66304349899292,1,1,1.10000002384186,2011,03,13,21,21,23.100000500679,0,13.3038063049316,2011-03-01,17.1857490539551,20.1704788208008,24.6244735717773
25025030,Meteorológica Especial,Automática con Telemetría,Córdoba,Ayapel,8.2951,-75.1646,20,12/11/2014,,Caribe,Magdalena Cauca,Bajo Magdalena- Cauca -San Jorge,Bajo San Jorge - La Mojana,1.23272728919983,1.47272729873657,2,2,0.659420311450958,0.66304349899292,1,1,1.10000002384186,2011,03,14,43.6,43.6,47.960001039505,0,22.0669364929199,2011-03-01,32.1558723449707,37.8392448425293,44.4526519775391
25025030,Meteorológica Especial,Automática con Telemetría,Córdoba,Ayapel,8.2951,-75.1646,20,12/11/2014,,Caribe,Magdalena Cauca,Bajo Magdalena- Cauca -San Jorge,Bajo San Jorge - La Mojana,1.23272728919983,1.47272729873657,2,2,0.659420311450958,0.66304349899292,1,1,1.10000002384186,2011,03,15,1.8,1.8,1.98000004291534,0,2.80367875099182,2011-03-01,0,3.06225109100342,0
25025030,Meteorológica Especial,Automática con Telemetría,Córdoba,Ayapel,8.2951,-75.1646,20,12/11/2014,,Caribe,Magdalena Cauca,Bajo Magdalena- Cauca -San Jorge,Bajo San Jorge - La Mojana,1.23272728919983,1.47272729873657,2,2,0.659420311450958,0.66304349899292,1,1,1.10000002384186,2011,03,16,41.4,41.4,45.5400009870529,0,14.3109750747681,2011-03-01,23.5741214752197,36.5591735839844,45.5982437133789
25025030,Meteorológica Especial,Automática con Telemetría,Córdoba,Ayapel,8.2951,-75.1646,20,12/11/2014,,Caribe,Magdalena Cauca,Bajo Magdalena- Cauca -San Jorge,Bajo San Jorge - La Mojana,1.23272728919983,1.47272729873657,2,2,0.659420311450958,0.66304349899292,1,1,1.10000002384186,2011,03,17,30.8,30.8,33.8800007343292,0,16.4594650268555,2011-03-01,27.352897644043,29.8004779815674,33.5148887634277
25025030,Meteorológica Especial,Automática con Telemetría,Córdoba,Ayapel,8.2951,-75.1646,20,12/11/2014,,Caribe,Magdalena Cauca,Bajo Magdalena- Cauca -San Jorge,Bajo San Jorge - La Mojana,1.23272728919983,1.47272729873657,2,2,0.659420311450958,0.66304349899292,1,1,1.10000002384186,2011,03,18,109.4,109.4,120.340002608299,0,33.2876358032227,2011-03-01,36.3200225830078,41.8706169128418,36.4706954956055
25025030,Meteorológica Especial,Automática con Telemetría,Córdoba,Ayapel,8.2951,-75.1646,20,12/11/2014,,Caribe,Magdalena Cauca,Bajo Magdalena- Cauca -San Jorge,Bajo San Jorge - La Mojana,1.23272728919983,1.47272729873657,2,2,0.659420311450958,0.66304349899292,1,1,1.05999994277954,2011,04,19,15,15,15.8999991416931,0,24.2702198028564,2011-04-01,24.6868801116943,28.4111518859863,27.5442810058594
25025030,Meteorológica Especial,Automática con Telemetría,Córdoba,Ayapel,8.2951,-75.1646,20,12/11/2014,,Caribe,Magdalena Cauca,Bajo Magdalena- Cauca -San Jorge,Bajo San Jorge - La Mojana,1.23272728919983,1.47272729873657,2,2,0.659420311450958,0.66304349899292,1,1,1.05999994277954,2011,04,20,58.5,58.5,62.0099966526032,0,32.283203125,2011-04-01,34.4077301025391,54.9835739135742,52.8123626708984
25025030,Meteorológica Especial,Automática con Telemetría,Córdoba,Ayapel,8.2951,-75.1646,20,12/11/2014,,Caribe,Magdalena Cauca,Bajo Magdalena- Cauca -San Jorge,Bajo San Jorge - La Mojana,1.23272728919983,1.47272729873657,2,2,0.659420311450958,0.66304349899292,1,1,1.05999994277954,2011,04,21,65.7,65.7,69.6419962406158,0,19.3104267120361,2011-04-01,17.9138565063477,32.9539756774902,32.3619384765625
25025030,Meteorológica Especial,Automática con Telemetría,Córdoba,Ayapel,8.2951,-75.1646,20,12/11/2014,,Caribe,Magdalena Cauca,Bajo Magdalena- Cauca -San Jorge,Bajo San Jorge - La Mojana,1.23272728919983,1.47272729873657,2,2,0.659420311450958,0.66304349899292,1,1,1.05999994277954,2011,04,22,48.4,48.4,51.3039972305298,0,37.4764060974121,2011-04-01,40.8940505981445,28.8827819824219,27.3703651428223
25025030,Meteorológica Especial,Automática con Telemetría,Córdoba,Ayapel,8.2951,-75.1646,20,12/11/2014,,Caribe,Magdalena Cauca,Bajo Magdalena- Cauca -San Jorge,Bajo San Jorge - La Mojana,1.23272728919983,1.47272729873657,2,2,0.659420311450958,0.66304349899292,1,1,1.05999994277954,2011,04,23,19.8,19.8,20.9879988670349,0,20.4391460418701,2011-04-01,24.1719436645508,28.4152050018311,41.0425033569336
25025030,Meteorológica Especial,Automática con Telemetría,Córdoba,Ayapel,8.2951,-75.1646,20,12/11/2014,,Caribe,Magdalena Cauca,Bajo Magdalena- Cauca -San Jorge,Bajo San Jorge - La Mojana,1.23272728919983,1.47272729873657,2,2,0.659420311450958,0.66304349899292,1,1,1.05999994277954,2011,04,24,3.7,3.7,3.9219997882843,0,43.5467758178711,2011-04-01,44.2893257141113,21.9058895111084,21.1480865478516
25025030,Meteorológica Especial,Automática con Telemetría,Córdoba,Ayapel,8.2951,-75.1646,20,12/11/2014,,Caribe,Magdalena Cauca,Bajo Magdalena- Cauca -San Jorge,Bajo San Jorge - La Mojana,1.23272728919983,1.47272729873657,2,2,0.659420311450958,0.66304349899292,1,1,1.04999995231628,2011,05,25,18.1,18.1,19.0049991369247,0,48.7259979248047,2011-05-01,46.7410049438477,34.5759162902832,34.5832099914551
25025030,Meteorológica Especial,Automática con Telemetría,Córdoba,Ayapel,8.2951,-75.1646,20,12/11/2014,,Caribe,Magdalena Cauca,Bajo Magdalena- Cauca -San Jorge,Bajo San Jorge - La Mojana,1.23272728919983,1.47272729873657,2,2,0.659420311450958,0.66304349899292,1,1,1.04999995231628,2011,05,26,2,2,2.09999990463257,0,55.2541847229004,2011-05-01,51.996208190918,28.3852596282959,27.5533885955811
25025030,Meteorológica Especial,Automática con Telemetría,Córdoba,Ayapel,8.2951,-75.1646,20,12/11/2014,,Caribe,Magdalena Cauca,Bajo Magdalena- Cauca -San Jorge,Bajo San Jorge - La Mojana,1.23272728919983,1.47272729873657,2,2,0.659420311450958,0.66304349899292,1,1,1.04999995231628,2011,05,27,42.1,42.1,44.2049979925156,0,71.5342483520508,2011-05-01,69.4361877441406,58.3021507263184,65.779670715332
25025030,Meteorológica Especial,Automática con Telemetría,Córdoba,Ayapel,8.2951,-75.1646,20,12/11/2014,,Caribe,Magdalena Cauca,Bajo Magdalena- Cauca -San Jorge,Bajo San Jorge - La Mojana,1.23272728919983,1.47272729873657,2,2,0.659420311450958,0.66304349899292,1,1,1.04999995231628,2011,05,28,8.3,8.3,8.71499960422516,0,36.2571792602539,2011-05-01,31.0322856903076,25.4543228149414,24.3480377197266
25025030,Meteorológica Especial,Automática con Telemetría,Córdoba,Ayapel,8.2951,-75.1646,20,12/11/2014,,Caribe,Magdalena Cauca,Bajo Magdalena- Cauca -San Jorge,Bajo San Jorge - La Mojana,1.23272728919983,1.47272729873657,2,2,0.659420311450958,0.66304349899292,1,1,1.04999995231628,2011,05,29,45,45,47.2499978542328,0,35.0578117370605,2011-05-01,35.5254020690918,24.1476078033447,24.9577922821045
25025030,Meteorológica Especial,Automática con Telemetría,Córdoba,Ayapel,8.2951,-75.1646,20,12/11/2014,,Caribe,Magdalena Cauca,Bajo Magdalena- Cauca -San Jorge,Bajo San Jorge - La Mojana,1.23272728919983,1.47272729873657,2,2,0.659420311450958,0.66304349899292,1,1,1.04999995231628,2011,05,30,120.3,120.3,126.314994263649,0,81.995002746582,2011-05-01,72.5129241943359,110.744590759277,123.977645874023
25025030,Meteorológica Especial,Automática con Telemetría,Córdoba,Ayapel,8.2951,-75.1646,20,12/11/2014,,Caribe,Magdalena Cauca,Bajo Magdalena- Cauca -San Jorge,Bajo San Jorge - La Mojana,1.23272728919983,1.47272729873657,2,2,0.659420311450958,0.66304349899292,1,1,1.04999995231628,2011,06,31,80.2,80.2,84.209996175766,0,53.6695213317871,2011-06-01,61.3068428039551,53.7580718994141,61.1222534179688
25025030,Meteorológica Especial,Automática con Telemetría,Córdoba,Ayapel,8.2951,-75.1646,20,12/11/2014,,Caribe,Magdalena Cauca,Bajo Magdalena- Cauca -San Jorge,Bajo San Jorge - La Mojana,1.23272728919983,1.47272729873657,2,2,0.659420311450958,0.66304349899292,1,1,1.04999995231628,2011,06,32,53,53,55.6499974727631,0,22.4952220916748,2011-06-01,22.0332813262939,34.3085708618164,34.4846305847168
25025030,Meteorológica Especial,Automática con Telemetría,Córdoba,Ayapel,8.2951,-75.1646,20,12/11/2014,,Caribe,Magdalena Cauca,Bajo Magdalena- Cauca -San Jorge,Bajo San Jorge - La Mojana,1.23272728919983,1.47272729873657,2,2,0.659420311450958,0.66304349899292,1,1,1.04999995231628,2011,06,33,33.3,33.3,34.9649984121323,0,28.1860446929932,2011-06-01,28.6306552886963,31.7067623138428,25.4822864532471
25025030,Meteorológica Especial,Automática con Telemetría,Córdoba,Ayapel,8.2951,-75.1646,20,12/11/2014,,Caribe,Magdalena Cauca,Bajo Magdalena- Cauca -San Jorge,Bajo San Jorge - La Mojana,1.23272728919983,1.47272729873657,2,2,0.659420311450958,0.66304349899292,1,1,1.04999995231628,2011,06,34,87.2,87.2,91.55999584198,0,58.7809028625488,2011-06-01,74.9526290893555,69.2549667358399,78.8194580078125
25025030,Meteorológica Especial,Automática con Telemetría,Córdoba,Ayapel,8.2951,-75.1646,20,12/11/2014,,Caribe,Magdalena Cauca,Bajo Magdalena- Cauca -San Jorge,Bajo San Jorge - La Mojana,1.23272728919983,1.47272729873657,2,2,0.659420311450958,0.66304349899292,1,1,1.04999995231628,2011,06,35,76.4,76.4,80.2199963569641,0,47.6154403686523,2011-06-01,62.0750465393066,71.0076522827148,87.1686401367188
25025030,Meteorológica Especial,Automática con Telemetría,Córdoba,Ayapel,8.2951,-75.1646,20,12/11/2014,,Caribe,Magdalena Cauca,Bajo Magdalena- Cauca -San Jorge,Bajo San Jorge - La Mojana,1.23272728919983,1.47272729873657,2,2,0.659420311450958,0.66304349899292,1,1,1.04999995231628,2011,06,36,47.8,47.8,50.1899977207184,0,46.5704307556152,2011-06-01,63.7014274597168,64.3811874389649,77.7690124511719
25025030,Meteorológica Especial,Automática con Telemetría,Córdoba,Ayapel,8.2951,-75.1646,20,12/11/2014,,Caribe,Magdalena Cauca,Bajo Magdalena- Cauca -San Jorge,Bajo San Jorge - La Mojana,1.23272728919983,1.47272729873657,2,2,0.659420311450958,0.66304349899292,1,1,1.04999995231628,2011,07,37,23.3,23.3,24.4649988889694,0,61.5222778320313,2011-07-01,72.7052764892578,48.5392417907715,56.7688674926758
25025030,Meteorológica Especial,Automática con Telemetría,Córdoba,Ayapel,8.2951,-75.1646,20,12/11/2014,,Caribe,Magdalena Cauca,Bajo Magdalena- Cauca -San Jorge,Bajo San Jorge - La Mojana,1.23272728919983,1.47272729873657,2,2,0.659420311450958,0.66304349899292,1,1,1.04999995231628,2011,07,38,86.7,86.7,91.0349958658218,0,67.7806167602539,2011-07-01,81.7060852050781,63.9345703125,70.2164611816406
25025030,Meteorológica Especial,Automática con Telemetría,Córdoba,Ayapel,8.2951,-75.1646,20,12/11/2014,,Caribe,Magdalena Cauca,Bajo Magdalena- Cauca -San Jorge,Bajo San Jorge - La Mojana,1.23272728919983,1.47272729873657,2,2,0.659420311450958,0.66304349899292,1,1,1.04999995231628,2011,07,39,152,152,159.599992752075,0,64.0927886962891,2011-07-01,76.4479370117188,84.6896362304688,93.7922286987305
25025030,Meteorológica Especial,Automática con Telemetría,Córdoba,Ayapel,8.2951,-75.1646,20,12/11/2014,,Caribe,Magdalena Cauca,Bajo Magdalena- Cauca -San Jorge,Bajo San Jorge - La Mojana,1.23272728919983,1.47272729873657,2,2,0.659420311450958,0.66304349899292,1,1,1.04999995231628,2011,07,40,39.4,39.4,41.3699981212616,0,25.3310813903809,2011-07-01,27.5945796966553,27.5698623657227,29.0677833557129
25025030,Meteorológica Especial,Automática con Telemetría,Córdoba,Ayapel,8.2951,-75.1646,20,12/11/2014,,Caribe,Magdalena Cauca,Bajo Magdalena- Cauca -San Jorge,Bajo San Jorge - La Mojana,1.23272728919983,1.47272729873657,2,2,0.659420311450958,0.66304349899292,1,1,1.04999995231628,2011,07,41,91.2,91.2,95.7599956512451,0,48.9887733459473,2011-07-01,55.8818664550781,53.9021873474121,58.700252532959
25025030,Meteorológica Especial,Automática con Telemetría,Córdoba,Ayapel,8.2951,-75.1646,20,12/11/2014,,Caribe,Magdalena Cauca,Bajo Magdalena- Cauca -San Jorge,Bajo San Jorge - La Mojana,1.23272728919983,1.47272729873657,2,2,0.659420311450958,0.66304349899292,1,1,1.04999995231628,2011,07,42,89.2,89.2,93.6599957466126,0,90.6075744628906,2011-07-01,100.604866027832,96.8242263793945,107.977569580078
25025030,Meteorológica Especial,Automática con Telemetría,Córdoba,Ayapel,8.2951,-75.1646,20,12/11/2014,,Caribe,Magdalena Cauca,Bajo Magdalena- Cauca -San Jorge,Bajo San Jorge - La Mojana,1.23272728919983,1.47272729873657,2,2,0.659420311450958,0.66304349899292,1,1,1.04999995231628,2011,08,43,69.7,69.7,73.184996676445,0,49.6131401062012,2011-08-01,54.6216087341309,61.160285949707,69.9068756103516
25025030,Meteorológica Especial,Automática con Telemetría,Córdoba,Ayapel,8.2951,-75.1646,20,12/11/2014,,Caribe,Magdalena Cauca,Bajo Magdalena- Cauca -San Jorge,Bajo San Jorge - La Mojana,1.23272728919983,1.47272729873657,2,2,0.659420311450958,0.66304349899292,1,1,1.04999995231628,2011,08,44,45.2,45.2,47.4599978446961,0,48.4266891479492,2011-08-01,48.1918487548828,46.2315711975098,50.8640327453613
25025030,Meteorológica Especial,Automática con Telemetría,Córdoba,Ayapel,8.2951,-75.1646,20,12/11/2014,,Caribe,Magdalena Cauca,Bajo Magdalena- Cauca -San Jorge,Bajo San Jorge - La Mojana,1.23272728919983,1.47272729873657,2,2,0.659420311450958,0.66304349899292,1,1,1.04999995231628,2011,08,45,164,164,172.199992179871,0,67.3502883911133,2011-08-01,84.164436340332,91.6693344116211,104.083587646484
25025030,Meteorológica Especial,Automática con Telemetría,Córdoba,Ayapel,8.2951,-75.1646,20,12/11/2014,,Caribe,Magdalena Cauca,Bajo Magdalena- Cauca -San Jorge,Bajo San Jorge - La Mojana,1.23272728919983,1.47272729873657,2,2,0.659420311450958,0.66304349899292,1,1,1.04999995231628,2011,08,46,21.5,21.5,22.5749989748001,0,36.8666877746582,2011-08-01,41.5626754760742,31.5197315216065,35.3813056945801
25025030,Meteorológica Especial,Automática con Telemetría,Córdoba,Ayapel,8.2951,-75.1646,20,12/11/2014,,Caribe,Magdalena Cauca,Bajo Magdalena- Cauca -San Jorge,Bajo San Jorge - La Mojana,1.23272728919983,1.47272729873657,2,2,0.659420311450958,0.66304349899292,1,1,1.04999995231628,2011,08,47,93,93,97.6499955654144,0,63.9165115356445,2011-08-01,70.6105651855469,52.7047500610352,54.9992256164551
25025030,Meteorológica Especial,Automática con Telemetría,Córdoba,Ayapel,8.2951,-75.1646,20,12/11/2014,,Caribe,Magdalena Cauca,Bajo Magdalena- Cauca -San Jorge,Bajo San Jorge - La Mojana,1.23272728919983,1.47272729873657,2,2,0.659420311450958,0.66304349899292,1,1,1.04999995231628,2011,08,48,42,42,44.0999979972839,0,42.5209770202637,2011-08-01,37.1427230834961,36.0439758300781,37.0164184570313
25025030,Meteorológica Especial,Automática con Telemetría,Córdoba,Ayapel,8.2951,-75.1646,20,12/11/2014,,Caribe,Magdalena Cauca,Bajo Magdalena- Cauca -San Jorge,Bajo San Jorge - La Mojana,1.23272728919983,1.47272729873657,2,2,0.659420311450958,0.66304349899292,1,1,1.04999995231628,2011,09,49,85.2,85.2,89.4599959373474,0,56.935230255127,2011-09-01,66.0659942626953,65.9502105712891,67.236328125
25025030,Meteorológica Especial,Automática con Telemetría,Córdoba,Ayapel,8.2951,-75.1646,20,12/11/2014,,Caribe,Magdalena Cauca,Bajo Magdalena- Cauca -San Jorge,Bajo San Jorge - La Mojana,1.23272728919983,1.47272729873657,2,2,0.659420311450958,0.66304349899292,1,1,1.04999995231628,2011,09,50,26.7,26.7,28.0349987268448,0,53.2679710388184,2011-09-01,63.0407485961914,63.6010437011719,71.4774551391602
25025030,Meteorológica Especial,Automática con Telemetría,Córdoba,Ayapel,8.2951,-75.1646,20,12/11/2014,,Caribe,Magdalena Cauca,Bajo Magdalena- Cauca -San Jorge,Bajo San Jorge - La Mojana,1.23272728919983,1.47272729873657,2,2,0.659420311450958,0.66304349899292,1,1,1.04999995231628,2011,09,51,52.4,52.4,55.0199975013733,0,43.3333320617676,2011-09-01,44.5223197937012,41.647388458252,41.8484611511231
25025030,Meteorológica Especial,Automática con Telemetría,Córdoba,Ayapel,8.2951,-75.1646,20,12/11/2014,,Caribe,Magdalena Cauca,Bajo Magdalena- Cauca -San Jorge,Bajo San Jorge - La Mojana,1.23272728919983,1.47272729873657,2,2,0.659420311450958,0.66304349899292,1,1,1.04999995231628,2011,09,52,32.8,32.8,34.4399984359741,0,56.8514175415039,2011-09-01,65.1373443603516,68.2029342651367,72.7887115478516
25025030,Meteorológica Especial,Automática con Telemetría,Córdoba,Ayapel,8.2951,-75.1646,20,12/11/2014,,Caribe,Magdalena Cauca,Bajo Magdalena- Cauca -San Jorge,Bajo San Jorge - La Mojana,1.23272728919983,1.47272729873657,2,2,0.659420311450958,0.66304349899292,1,1,1.04999995231628,2011,09,53,29.8,29.8,31.2899985790253,0,38.6367530822754,2011-09-01,34.7965850830078,51.0855331420899,52.1292304992676
25025030,Meteorológica Especial,Automática con Telemetría,Córdoba,Ayapel,8.2951,-75.1646,20,12/11/2014,,Caribe,Magdalena Cauca,Bajo Magdalena- Cauca -San Jorge,Bajo San Jorge - La Mojana,1.23272728919983,1.47272729873657,2,2,0.659420311450958,0.66304349899292,1,1,1.04999995231628,2011,09,54,35,35,36.7499983310699,0,37.2491722106934,2011-09-01,30.5992813110352,42.2063255310059,40.1863136291504
25025030,Meteorológica Especial,Automática con Telemetría,Córdoba,Ayapel,8.2951,-75.1646,20,12/11/2014,,Caribe,Magdalena Cauca,Bajo Magdalena- Cauca -San Jorge,Bajo San Jorge - La Mojana,1.23272728919983,1.47272729873657,2,2,0.659420311450958,0.66304349899292,1,1,1.04999995231628,2011,10,55,63.1,63.1,66.2549969911575,0,73.0623550415039,2011-10-01,71.7852096557617,62.3105621337891,59.6535377502442
25025030,Meteorológica Especial,Automática con Telemetría,Córdoba,Ayapel,8.2951,-75.1646,20,12/11/2014,,Caribe,Magdalena Cauca,Bajo Magdalena- Cauca -San Jorge,Bajo San Jorge - La Mojana,1.23272728919983,1.47272729873657,2,2,0.659420311450958,0.66304349899292,1,1,1.04999995231628,2011,10,56,2.8,2.8,2.9399998664856,0,73.8324127197266,2011-10-01,63.9748497009277,48.4746589660645,47.7612724304199
25025030,Meteorológica Especial,Automática con Telemetría,Córdoba,Ayapel,8.2951,-75.1646,20,12/11/2014,,Caribe,Magdalena Cauca,Bajo Magdalena- Cauca -San Jorge,Bajo San Jorge - La Mojana,1.23272728919983,1.47272729873657,2,2,0.659420311450958,0.66304349899292,1,1,1.04999995231628,2011,10,57,5.6,5.6,5.87999973297119,0,27.2090721130371,2011-10-01,19.3896083831787,31.0644378662109,24.3265113830566
25025030,Meteorológica Especial,Automática con Telemetría,Córdoba,Ayapel,8.2951,-75.1646,20,12/11/2014,,Caribe,Magdalena Cauca,Bajo Magdalena- Cauca -San Jorge,Bajo San Jorge - La Mojana,1.23272728919983,1.47272729873657,2,2,0.659420311450958,0.66304349899292,1,1,1.04999995231628,2011,10,58,3.2,3.2,3.35999984741211,0,22.7032241821289,2011-10-01,17.2470569610596,18.9571857452393,19.4406452178955
25025030,Meteorológica Especial,Automática con Telemetría,Córdoba,Ayapel,8.2951,-75.1646,20,12/11/2014,,Caribe,Magdalena Cauca,Bajo Magdalena- Cauca -San Jorge,Bajo San Jorge - La Mojana,1.23272728919983,1.47272729873657,2,2,0.659420311450958,0.66304349899292,1,1,1.04999995231628,2011,10,59,7.8,7.8,8.18999962806702,0,5.06035423278809,2011-10-01,1.81889152526855,6.08292055130005,3.25563192367554
25025030,Meteorológica Especial,Automática con Telemetría,Córdoba,Ayapel,8.2951,-75.1646,20,12/11/2014,,Caribe,Magdalena Cauca,Bajo Magdalena- Cauca -San Jorge,Bajo San Jorge - La Mojana,1.23272728919983,1.47272729873657,2,2,0.659420311450958,0.66304349899292,1,1,1.04999995231628,2011,10,60,4.6,4.6,4.82999978065491,0,75.7106704711914,2011-10-01,57.7032241821289,39.3036079406738,34.9936332702637
25025030,Meteorológica Especial,Automática con Telemetría,Córdoba,Ayapel,8.2951,-75.1646,20,12/11/2014,,Caribe,Magdalena Cauca,Bajo Magdalena- Cauca -San Jorge,Bajo San Jorge - La Mojana,1.23272728919983,1.47272729873657,2,2,0.659420311450958,0.66304349899292,1,1,1.04999995231628,2011,11,61,8.9,8.9,9.34499957561493,0,24.5744857788086,2011-11-01,15.2312879562378,23.0826377868652,20.8097667694092
25025030,Meteorológica Especial,Automática con Telemetría,Córdoba,Ayapel,8.2951,-75.1646,20,12/11/2014,,Caribe,Magdalena Cauca,Bajo Magdalena- Cauca -San Jorge,Bajo San Jorge - La Mojana,1.23272728919983,1.47272729873657,2,2,0.659420311450958,0.66304349899292,1,1,1.04999995231628,2011,11,62,16.1,16.1,16.9049992322922,0,69.9480895996094,2011-11-01,61.0164337158203,49.8650436401367,44.3181533813477
25025030,Meteorológica Especial,Automática con Telemetría,Córdoba,Ayapel,8.2951,-75.1646,20,12/11/2014,,Caribe,Magdalena Cauca,Bajo Magdalena- Cauca -San Jorge,Bajo San Jorge - La Mojana,1.23272728919983,1.47272729873657,2,2,0.659420311450958,0.66304349899292,1,1,1.04999995231628,2011,11,63,75.5,75.5,79.2749963998795,0,32.2702980041504,2011-11-01,24.1971645355225,55.6747703552246,55.1767425537109
25025030,Meteorológica Especial,Automática con Telemetría,Córdoba,Ayapel,8.2951,-75.1646,20,12/11/2014,,Caribe,Magdalena Cauca,Bajo Magdalena- Cauca -San Jorge,Bajo San Jorge - La Mojana,1.23272728919983,1.47272729873657,2,2,0.659420311450958,0.66304349899292,1,1,1.04999995231628,2011,11,64,98.8,98.8,103.739995288849,0,56.8926429748535,2011-11-01,50.6906394958496,74.9727020263672,67.2329635620117
25025030,Meteorológica Especial,Automática con Telemetría,Córdoba,Ayapel,8.2951,-75.1646,20,12/11/2014,,Caribe,Magdalena Cauca,Bajo Magdalena- Cauca -San Jorge,Bajo San Jorge - La Mojana,1.23272728919983,1.47272729873657,2,2,0.659420311450958,0.66304349899292,1,1,1.04999995231628,2011,11,65,36.9,36.9,38.7449982404709,0,44.0272102355957,2011-11-01,32.8745040893555,51.1411781311035,44.6778678894043
25025030,Meteorológica Especial,Automática con Telemetría,Córdoba,Ayapel,8.2951,-75.1646,20,12/11/2014,,Caribe,Magdalena Cauca,Bajo Magdalena- Cauca -San Jorge,Bajo San Jorge - La Mojana,1.23272728919983,1.47272729873657,2,2,0.659420311450958,0.66304349899292,1,1,1.04999995231628,2011,11,66,102.6,102.6,107.729995107651,0,77.2920455932617,2011-11-01,69.5722732543945,93.6425094604492,88.7682723999023
25025030,Meteorológica Especial,Automática con Telemetría,Córdoba,Ayapel,8.2951,-75.1646,20,12/11/2014,,Caribe,Magdalena Cauca,Bajo Magdalena- Cauca -San Jorge,Bajo San Jorge - La Mojana,1.23272728919983,1.47272729873657,2,2,0.659420311450958,0.66304349899292,1,1,1.07000005245209,2011,12,67,25.5,25.5,27.2850013375282,0,26.3614273071289,2011-12-01,21.3477058410645,38.174732208252,31.3963260650635
25025030,Meteorológica Especial,Automática con Telemetría,Córdoba,Ayapel,8.2951,-75.1646,20,12/11/2014,,Caribe,Magdalena Cauca,Bajo Magdalena- Cauca -San Jorge,Bajo San Jorge - La Mojana,1.23272728919983,1.47272729873657,2,2,0.659420311450958,0.66304349899292,1,1,1.07000005245209,2011,12,68,20.1,20.1,21.507001054287,0,12.7373046875,2011-12-01,8.74136447906494,19.0397434234619,12.7181129455566
25025030,Meteorológica Especial,Automática con Telemetría,Córdoba,Ayapel,8.2951,-75.1646,20,12/11/2014,,Caribe,Magdalena Cauca,Bajo Magdalena- Cauca -San Jorge,Bajo San Jorge - La Mojana,1.23272728919983,1.47272729873657,2,2,0.659420311450958,0.66304349899292,1,1,1.07000005245209,2011,12,69,1.3,1.3,1.39100006818771,0,43.270881652832,2011-12-01,37.5403861999512,30.20237159729,26.4294471740723
25025030,Meteorológica Especial,Automática con Telemetría,Córdoba,Ayapel,8.2951,-75.1646,20,12/11/2014,,Caribe,Magdalena Cauca,Bajo Magdalena- Cauca -San Jorge,Bajo San Jorge - La Mojana,1.23272728919983,1.47272729873657,2,2,0.659420311450958,0.66304349899292,1,1,1.07000005245209,2011,12,70,50.8,50.8,54.356002664566,0,32.8959045410156,2011-12-01,23.5261936187744,36.1426544189453,24.6612682342529
25025030,Meteorológica Especial,Automática con Telemetría,Córdoba,Ayapel,8.2951,-75.1646,20,12/11/2014,,Caribe,Magdalena Cauca,Bajo Magdalena- Cauca -San Jorge,Bajo San Jorge - La Mojana,1.23272728919983,1.47272729873657,2,2,0.659420311450958,0.66304349899292,1,1,1.07000005245209,2011,12,71,0,0,0,0,20.3942337036133,2011-12-01,10.8018741607666,9.03929996490479,6.76027202606201
25025030,Meteorológica Especial,Automática con Telemetría,Córdoba,Ayapel,8.2951,-75.1646,20,12/11/2014,,Caribe,Magdalena Cauca,Bajo Magdalena- Cauca -San Jorge,Bajo San Jorge - La Mojana,1.23272728919983,1.47272729873657,2,2,0.659420311450958,0.66304349899292,1,1,1.07000005245209,2011,12,72,0,0,0,0,8.89157772064209,2011-12-01,0,4.54736757278442,0
25025030,Meteorológica Especial,Automática con Telemetría,Córdoba,Ayapel,8.2951,-75.1646,20,12/11/2014,,Caribe,Magdalena Cauca,Bajo Magdalena- Cauca -San Jorge,Bajo San Jorge - La Mojana,1.23272728919983,1.47272729873657,2,2,0.659420311450958,0.66304349899292,1,1,1.08000004291534,2012,01,1,0,0,0,0,5.46482133865356,2012-01-01,1.39424169063568,6.10298490524292,4.7704668045044
25025030,Meteorológica Especial,Automática con Telemetría,Córdoba,Ayapel,8.2951,-75.1646,20,12/11/2014,,Caribe,Magdalena Cauca,Bajo Magdalena- Cauca -San Jorge,Bajo San Jorge - La Mojana,1.23272728919983,1.47272729873657,2,2,0.659420311450958,0.66304349899292,1,1,1.08000004291534,2012,01,2,0.9,0.9,0.97200003862381,0,1.57782387733459,2012-01-01,0,1.37372922897339,0
25025030,Meteorológica Especial,Automática con Telemetría,Córdoba,Ayapel,8.2951,-75.1646,20,12/11/2014,,Caribe,Magdalena Cauca,Bajo Magdalena- Cauca -San Jorge,Bajo San Jorge - La Mojana,1.23272728919983,1.47272729873657,2,2,0.659420311450958,0.66304349899292,1,1,1.08000004291534,2012,01,3,0,0,0,0,14.2500715255737,2012-01-01,13.0396919250488,6.49041223526001,8.73861789703369
25025030,Meteorológica Especial,Automática con Telemetría,Córdoba,Ayapel,8.2951,-75.1646,20,12/11/2014,,Caribe,Magdalena Cauca,Bajo Magdalena- Cauca -San Jorge,Bajo San Jorge - La Mojana,1.23272728919983,1.47272729873657,2,2,0.659420311450958,0.66304349899292,1,1,1.08000004291534,2012,01,4,0,0,0,0,1.49548804759979,2012-01-01,0,1.22136223316193,0
25025030,Meteorológica Especial,Automática con Telemetría,Córdoba,Ayapel,8.2951,-75.1646,20,12/11/2014,,Caribe,Magdalena Cauca,Bajo Magdalena- Cauca -San Jorge,Bajo San Jorge - La Mojana,1.23272728919983,1.47272729873657,2,2,0.659420311450958,0.66304349899292,1,1,1.08000004291534,2012,01,5,2,2,2.16000008583069,0,2.96734213829041,2012-01-01,0.616095900535584,2.37410998344421,1.14833724498749
25025030,Meteorológica Especial,Automática con Telemetría,Córdoba,Ayapel,8.2951,-75.1646,20,12/11/2014,,Caribe,Magdalena Cauca,Bajo Magdalena- Cauca -San Jorge,Bajo San Jorge - La Mojana,1.23272728919983,1.47272729873657,2,2,0.659420311450958,0.66304349899292,1,1,1.08000004291534,2012,01,6,0,0,0,0,2.98064732551575,2012-01-01,0,2.11696553230286,0
25025030,Meteorológica Especial,Automática con Telemetría,Córdoba,Ayapel,8.2951,-75.1646,20,12/11/2014,,Caribe,Magdalena Cauca,Bajo Magdalena- Cauca -San Jorge,Bajo San Jorge - La Mojana,1.23272728919983,1.47272729873657,2,2,0.659420311450958,0.66304349899292,1,1,1.11000001430511,2012,02,7,0,0,0,0,3.42220854759216,2012-02-01,1.96539711952209,1.40935206413269,0.853717267513275
25025030,Meteorológica Especial,Automática con Telemetría,Córdoba,Ayapel,8.2951,-75.1646,20,12/11/2014,,Caribe,Magdalena Cauca,Bajo Magdalena- Cauca -San Jorge,Bajo San Jorge - La Mojana,1.23272728919983,1.47272729873657,2,2,0.659420311450958,0.66304349899292,1,1,1.11000001430511,2012,02,8,4.2,4.2,4.66200006008148,0,19.4203643798828,2012-02-01,27.0368576049805,20.0468502044678,24.9156818389893
25025030,Meteorológica Especial,Automática con Telemetría,Córdoba,Ayapel,8.2951,-75.1646,20,12/11/2014,,Caribe,Magdalena Cauca,Bajo Magdalena- Cauca -San Jorge,Bajo San Jorge - La Mojana,1.23272728919983,1.47272729873657,2,2,0.659420311450958,0.66304349899292,1,1,1.11000001430511,2012,02,9,0,0,0,0,1.77907001972198,2012-02-01,1.03784084320068,0.974344670772552,0.605604290962219
25025030,Meteorológica Especial,Automática con Telemetría,Córdoba,Ayapel,8.2951,-75.1646,20,12/11/2014,,Caribe,Magdalena Cauca,Bajo Magdalena- Cauca -San Jorge,Bajo San Jorge - La Mojana,1.23272728919983,1.47272729873657,2,2,0.659420311450958,0.66304349899292,1,1,1.11000001430511,2012,02,10,0,0,0,0,1.77141332626343,2012-02-01,1.249680519104,1.00731372833252,0.740808308124542
25025030,Meteorológica Especial,Automática con Telemetría,Córdoba,Ayapel,8.2951,-75.1646,20,12/11/2014,,Caribe,Magdalena Cauca,Bajo Magdalena- Cauca -San Jorge,Bajo San Jorge - La Mojana,1.23272728919983,1.47272729873657,2,2,0.659420311450958,0.66304349899292,1,1,1.11000001430511,2012,02,11,0,0,0,0,1.76139271259308,2012-02-01,0.214416339993477,0.993343114852905,0.158719509840012
25025030,Meteorológica Especial,Automática con Telemetría,Córdoba,Ayapel,8.2951,-75.1646,20,12/11/2014,,Caribe,Magdalena Cauca,Bajo Magdalena- Cauca -San Jorge,Bajo San Jorge - La Mojana,1.23272728919983,1.47272729873657,2,2,0.659420311450958,0.66304349899292,1,1,1.11000001430511,2012,02,12,0,0,0,0,1.04386961460114,2012-02-01,0,0.690459489822388,0
25025030,Meteorológica Especial,Automática con Telemetría,Córdoba,Ayapel,8.2951,-75.1646,20,12/11/2014,,Caribe,Magdalena Cauca,Bajo Magdalena- Cauca -San Jorge,Bajo San Jorge - La Mojana,1.23272728919983,1.47272729873657,2,2,0.659420311450958,0.66304349899292,1,1,1.10000002384186,2012,03,13,0,0,0,0,23.0124568939209,2012-03-01,47.4322624206543,6.17670631408691,10.6415767669678
25025030,Meteorológica Especial,Automática con Telemetría,Córdoba,Ayapel,8.2951,-75.1646,20,12/11/2014,,Caribe,Magdalena Cauca,Bajo Magdalena- Cauca -San Jorge,Bajo San Jorge - La Mojana,1.23272728919983,1.47272729873657,2,2,0.659420311450958,0.66304349899292,1,1,1.10000002384186,2012,03,14,0,0,0,0,5.43050956726074,2012-03-01,1.38066911697388,2.52120113372803,0.808168768882752
25025030,Meteorológica Especial,Automática con Telemetría,Córdoba,Ayapel,8.2951,-75.1646,20,12/11/2014,,Caribe,Magdalena Cauca,Bajo Magdalena- Cauca -San Jorge,Bajo San Jorge - La Mojana,1.23272728919983,1.47272729873657,2,2,0.659420311450958,0.66304349899292,1,1,1.10000002384186,2012,03,15,1.8,1.8,1.98000004291534,0,9.97446441650391,2012-03-01,10.3125276565552,9.26887035369873,10.8484706878662
25025030,Meteorológica Especial,Automática con Telemetría,Córdoba,Ayapel,8.2951,-75.1646,20,12/11/2014,,Caribe,Magdalena Cauca,Bajo Magdalena- Cauca -San Jorge,Bajo San Jorge - La Mojana,1.23272728919983,1.47272729873657,2,2,0.659420311450958,0.66304349899292,1,1,1.10000002384186,2012,03,16,0,0,0,0,16.8423480987549,2012-03-01,28.0703182220459,7.0370306968689,9.16656303405762
25025030,Meteorológica Especial,Automática con Telemetría,Córdoba,Ayapel,8.2951,-75.1646,20,12/11/2014,,Caribe,Magdalena Cauca,Bajo Magdalena- Cauca -San Jorge,Bajo San Jorge - La Mojana,1.23272728919983,1.47272729873657,2,2,0.659420311450958,0.66304349899292,1,1,1.10000002384186,2012,03,17,0.4,0.4,0.440000009536743,0,9.65676116943359,2012-03-01,12.7318429946899,7.17158174514771,12.8327598571777
25025030,Meteorológica Especial,Automática con Telemetría,Córdoba,Ayapel,8.2951,-75.1646,20,12/11/2014,,Caribe,Magdalena Cauca,Bajo Magdalena- Cauca -San Jorge,Bajo San Jorge - La Mojana,1.23272728919983,1.47272729873657,2,2,0.659420311450958,0.66304349899292,1,1,1.10000002384186,2012,03,18,11,11,12.1000002622604,0,22.6721534729004,2012-03-01,24.1737823486328,17.240686416626,17.179479598999
25025030,Meteorológica Especial,Automática con Telemetría,Córdoba,Ayapel,8.2951,-75.1646,20,12/11/2014,,Caribe,Magdalena Cauca,Bajo Magdalena- Cauca -San Jorge,Bajo San Jorge - La Mojana,1.23272728919983,1.47272729873657,2,2,0.659420311450958,0.66304349899292,1,1,1.05999994277954,2012,04,19,25.4,25.4,26.9239985466003,0,45.772762298584,2012-04-01,52.4825782775879,23.7816467285156,34.2826499938965
25025030,Meteorológica Especial,Automática con Telemetría,Córdoba,Ayapel,8.2951,-75.1646,20,12/11/2014,,Caribe,Magdalena Cauca,Bajo Magdalena- Cauca -San Jorge,Bajo San Jorge - La Mojana,1.23272728919983,1.47272729873657,2,2,0.659420311450958,0.66304349899292,1,1,1.05999994277954,2012,04,20,70.3,70.3,74.5179959774017,0,28.6030693054199,2012-04-01,29.1028614044189,35.4389686584473,31.4606895446777
25025030,Meteorológica Especial,Automática con Telemetría,Córdoba,Ayapel,8.2951,-75.1646,20,12/11/2014,,Caribe,Magdalena Cauca,Bajo Magdalena- Cauca -San Jorge,Bajo San Jorge - La Mojana,1.23272728919983,1.47272729873657,2,2,0.659420311450958,0.66304349899292,1,1,1.05999994277954,2012,04,21,9.8,9.8,10.3879994392395,0,20.3453235626221,2012-04-01,20.0031909942627,17.85964012146,15.4983415603638
25025030,Meteorológica Especial,Automática con Telemetría,Córdoba,Ayapel,8.2951,-75.1646,20,12/11/2014,,Caribe,Magdalena Cauca,Bajo Magdalena- Cauca -San Jorge,Bajo San Jorge - La Mojana,1.23272728919983,1.47272729873657,2,2,0.659420311450958,0.66304349899292,1,1,1.05999994277954,2012,04,22,35,35,37.0999979972839,0,36.0124969482422,2012-04-01,38.2295455932617,36.2679023742676,46.6307945251465
25025030,Meteorológica Especial,Automática con Telemetría,Córdoba,Ayapel,8.2951,-75.1646,20,12/11/2014,,Caribe,Magdalena Cauca,Bajo Magdalena- Cauca -San Jorge,Bajo San Jorge - La Mojana,1.23272728919983,1.47272729873657,2,2,0.659420311450958,0.66304349899292,1,1,1.05999994277954,2012,04,23,82.7,82.7,87.6619952678681,0,38.8894805908203,2012-04-01,46.6318664550781,70.6252975463867,77.6117401123047
25025030,Meteorológica Especial,Automática con Telemetría,Córdoba,Ayapel,8.2951,-75.1646,20,12/11/2014,,Caribe,Magdalena Cauca,Bajo Magdalena- Cauca -San Jorge,Bajo San Jorge - La Mojana,1.23272728919983,1.47272729873657,2,2,0.659420311450958,0.66304349899292,1,1,1.05999994277954,2012,04,24,16.5,16.5,17.4899990558624,0,40.0270690917969,2012-04-01,41.0571403503418,31.0038089752197,32.19482421875
25025030,Meteorológica Especial,Automática con Telemetría,Córdoba,Ayapel,8.2951,-75.1646,20,12/11/2014,,Caribe,Magdalena Cauca,Bajo Magdalena- Cauca -San Jorge,Bajo San Jorge - La Mojana,1.23272728919983,1.47272729873657,2,2,0.659420311450958,0.66304349899292,1,1,1.04999995231628,2012,05,25,16.2,16.2,17.0099992275238,0,52.5882835388184,2012-05-01,51.6955032348633,36.9904479980469,35.3641586303711
25025030,Meteorológica Especial,Automática con Telemetría,Córdoba,Ayapel,8.2951,-75.1646,20,12/11/2014,,Caribe,Magdalena Cauca,Bajo Magdalena- Cauca -San Jorge,Bajo San Jorge - La Mojana,1.23272728919983,1.47272729873657,2,2,0.659420311450958,0.66304349899292,1,1,1.04999995231628,2012,05,26,28.3,28.3,29.7149986505508,0,56.9265403747559,2012-05-01,52.8404846191406,63.2027816772461,67.5892562866211
25025030,Meteorológica Especial,Automática con Telemetría,Córdoba,Ayapel,8.2951,-75.1646,20,12/11/2014,,Caribe,Magdalena Cauca,Bajo Magdalena- Cauca -San Jorge,Bajo San Jorge - La Mojana,1.23272728919983,1.47272729873657,2,2,0.659420311450958,0.66304349899292,1,1,1.04999995231628,2012,05,27,22.3,22.3,23.4149989366531,0,61.9474678039551,2012-05-01,58.2126502990723,48.6036415100098,59.5167503356934
25025030,Meteorológica Especial,Automática con Telemetría,Córdoba,Ayapel,8.2951,-75.1646,20,12/11/2014,,Caribe,Magdalena Cauca,Bajo Magdalena- Cauca -San Jorge,Bajo San Jorge - La Mojana,1.23272728919983,1.47272729873657,2,2,0.659420311450958,0.66304349899292,1,1,1.04999995231628,2012,05,28,61,61,64.0499970912933,0,57.7981338500977,2012-05-01,53.4354820251465,40.6646461486816,42.7884216308594
25025030,Meteorológica Especial,Automática con Telemetría,Córdoba,Ayapel,8.2951,-75.1646,20,12/11/2014,,Caribe,Magdalena Cauca,Bajo Magdalena- Cauca -San Jorge,Bajo San Jorge - La Mojana,1.23272728919983,1.47272729873657,2,2,0.659420311450958,0.66304349899292,1,1,1.04999995231628,2012,05,29,14.9,14.9,15.6449992895126,0,54.2199325561523,2012-05-01,52.1952285766602,32.0947380065918,34.4416847229004
25025030,Meteorológica Especial,Automática con Telemetría,Córdoba,Ayapel,8.2951,-75.1646,20,12/11/2014,,Caribe,Magdalena Cauca,Bajo Magdalena- Cauca -San Jorge,Bajo San Jorge - La Mojana,1.23272728919983,1.47272729873657,2,2,0.659420311450958,0.66304349899292,1,1,1.04999995231628,2012,05,30,107.3,107.3,112.664994883537,0,42.7304229736328,2012-05-01,35.4378509521484,61.7687034606934,66.3117218017578
25025030,Meteorológica Especial,Automática con Telemetría,Córdoba,Ayapel,8.2951,-75.1646,20,12/11/2014,,Caribe,Magdalena Cauca,Bajo Magdalena- Cauca -San Jorge,Bajo San Jorge - La Mojana,1.23272728919983,1.47272729873657,2,2,0.659420311450958,0.66304349899292,1,1,1.04999995231628,2012,06,31,16.3,16.3,17.1149992227554,0,30.7308444976807,2012-06-01,31.9187240600586,24.8934993743897,26.4397735595703
25025030,Meteorológica Especial,Automática con Telemetría,Córdoba,Ayapel,8.2951,-75.1646,20,12/11/2014,,Caribe,Magdalena Cauca,Bajo Magdalena- Cauca -San Jorge,Bajo San Jorge - La Mojana,1.23272728919983,1.47272729873657,2,2,0.659420311450958,0.66304349899292,1,1,1.04999995231628,2012,06,32,43.2,43.2,45.3599979400635,0,15.9259672164917,2012-06-01,14.8407335281372,29.966911315918,29.6852798461914
25025030,Meteorológica Especial,Automática con Telemetría,Córdoba,Ayapel,8.2951,-75.1646,20,12/11/2014,,Caribe,Magdalena Cauca,Bajo Magdalena- Cauca -San Jorge,Bajo San Jorge - La Mojana,1.23272728919983,1.47272729873657,2,2,0.659420311450958,0.66304349899292,1,1,1.04999995231628,2012,06,33,65.7,65.7,68.9849968671799,0,62.1631660461426,2012-06-01,72.5712051391602,73.2656631469727,83.28125
25025030,Meteorológica Especial,Automática con Telemetría,Córdoba,Ayapel,8.2951,-75.1646,20,12/11/2014,,Caribe,Magdalena Cauca,Bajo Magdalena- Cauca -San Jorge,Bajo San Jorge - La Mojana,1.23272728919983,1.47272729873657,2,2,0.659420311450958,0.66304349899292,1,1,1.04999995231628,2012,06,34,63,63,66.1499969959259,0,22.223123550415,2012-06-01,24.5017585754395,34.1824760437012,40.4813842773438
25025030,Meteorológica Especial,Automática con Telemetría,Córdoba,Ayapel,8.2951,-75.1646,20,12/11/2014,,Caribe,Magdalena Cauca,Bajo Magdalena- Cauca -San Jorge,Bajo San Jorge - La Mojana,1.23272728919983,1.47272729873657,2,2,0.659420311450958,0.66304349899292,1,1,1.04999995231628,2012,06,35,78.8,78.8,82.7399962425232,0,38.4881706237793,2012-06-01,53.2725944519043,71.4960327148438,84.5798950195313
25025030,Meteorológica Especial,Automática con Telemetría,Córdoba,Ayapel,8.2951,-75.1646,20,12/11/2014,,Caribe,Magdalena Cauca,Bajo Magdalena- Cauca -San Jorge,Bajo San Jorge - La Mojana,1.23272728919983,1.47272729873657,2,2,0.659420311450958,0.66304349899292,1,1,1.04999995231628,2012,06,36,51.6,51.6,54.1799975395203,0,34.0267372131348,2012-06-01,45.8325729370117,45.5486068725586,46.9706382751465
25025030,Meteorológica Especial,Automática con Telemetría,Córdoba,Ayapel,8.2951,-75.1646,20,12/11/2014,,Caribe,Magdalena Cauca,Bajo Magdalena- Cauca -San Jorge,Bajo San Jorge - La Mojana,1.23272728919983,1.47272729873657,2,2,0.659420311450958,0.66304349899292,1,1,1.04999995231628,2012,07,37,20.1,20.1,21.1049990415573,0,66.600830078125,2012-07-01,79.1149597167969,43.9946212768555,51.9710655212402
25025030,Meteorológica Especial,Automática con Telemetría,Córdoba,Ayapel,8.2951,-75.1646,20,12/11/2014,,Caribe,Magdalena Cauca,Bajo Magdalena- Cauca -San Jorge,Bajo San Jorge - La Mojana,1.23272728919983,1.47272729873657,2,2,0.659420311450958,0.66304349899292,1,1,1.04999995231628,2012,07,38,4.5,4.5,4.72499978542328,0,54.5223007202149,2012-07-01,69.330810546875,36.5903739929199,39.1578330993652
25025030,Meteorológica Especial,Automática con Telemetría,Córdoba,Ayapel,8.2951,-75.1646,20,12/11/2014,,Caribe,Magdalena Cauca,Bajo Magdalena- Cauca -San Jorge,Bajo San Jorge - La Mojana,1.23272728919983,1.47272729873657,2,2,0.659420311450958,0.66304349899292,1,1,1.04999995231628,2012,07,39,82,82,86.0999960899353,0,48.6591186523438,2012-07-01,60.318473815918,46.8315086364746,53.5964202880859
25025030,Meteorológica Especial,Automática con Telemetría,Córdoba,Ayapel,8.2951,-75.1646,20,12/11/2014,,Caribe,Magdalena Cauca,Bajo Magdalena- Cauca -San Jorge,Bajo San Jorge - La Mojana,1.23272728919983,1.47272729873657,2,2,0.659420311450958,0.66304349899292,1,1,1.04999995231628,2012,07,40,39.8,39.8,41.7899981021881,0,48.291431427002,2012-07-01,56.7639312744141,27.1472206115723,29.5265064239502
25025030,Meteorológica Especial,Automática con Telemetría,Córdoba,Ayapel,8.2951,-75.1646,20,12/11/2014,,Caribe,Magdalena Cauca,Bajo Magdalena- Cauca -San Jorge,Bajo San Jorge - La Mojana,1.23272728919983,1.47272729873657,2,2,0.659420311450958,0.66304349899292,1,1,1.04999995231628,2012,07,41,56,56,58.7999973297119,0,41.9507331848145,2012-07-01,48.0647583007813,46.3342399597168,54.1381874084473
25025030,Meteorológica Especial,Automática con Telemetría,Córdoba,Ayapel,8.2951,-75.1646,20,12/11/2014,,Caribe,Magdalena Cauca,Bajo Magdalena- Cauca -San Jorge,Bajo San Jorge - La Mojana,1.23272728919983,1.47272729873657,2,2,0.659420311450958,0.66304349899292,1,1,1.04999995231628,2012,07,42,74.9,74.9,78.6449964284897,0,108.069915771484,2012-07-01,117.692993164063,103.312797546387,111.487442016602
25025030,Meteorológica Especial,Automática con Telemetría,Córdoba,Ayapel,8.2951,-75.1646,20,12/11/2014,,Caribe,Magdalena Cauca,Bajo Magdalena- Cauca -San Jorge,Bajo San Jorge - La Mojana,1.23272728919983,1.47272729873657,2,2,0.659420311450958,0.66304349899292,1,1,1.04999995231628,2012,08,43,69.8,69.8,73.2899966716766,0,40.0075149536133,2012-08-01,41.8391609191895,78.28955078125,89.3441772460938
25025030,Meteorológica Especial,Automática con Telemetría,Córdoba,Ayapel,8.2951,-75.1646,20,12/11/2014,,Caribe,Magdalena Cauca,Bajo Magdalena- Cauca -San Jorge,Bajo San Jorge - La Mojana,1.23272728919983,1.47272729873657,2,2,0.659420311450958,0.66304349899292,1,1,1.04999995231628,2012,08,44,117.1,117.1,122.954994416237,0,60.7154273986816,2012-08-01,62.0729675292969,75.9150772094727,72.0069732666016
25025030,Meteorológica Especial,Automática con Telemetría,Córdoba,Ayapel,8.2951,-75.1646,20,12/11/2014,,Caribe,Magdalena Cauca,Bajo Magdalena- Cauca -San Jorge,Bajo San Jorge - La Mojana,1.23272728919983,1.47272729873657,2,2,0.659420311450958,0.66304349899292,1,1,1.04999995231628,2012,08,45,66.6,66.6,69.9299968242645,0,92.1333312988281,2012-08-01,105.062515258789,101.159523010254,107.161491394043
25025030,Meteorológica Especial,Automática con Telemetría,Córdoba,Ayapel,8.2951,-75.1646,20,12/11/2014,,Caribe,Magdalena Cauca,Bajo Magdalena- Cauca -San Jorge,Bajo San Jorge - La Mojana,1.23272728919983,1.47272729873657,2,2,0.659420311450958,0.66304349899292,1,1,1.04999995231628,2012,08,46,52.2,52.2,54.80999751091,0,78.4918899536133,2012-08-01,93.0727462768555,109.086349487305,131.045608520508
25025030,Meteorológica Especial,Automática con Telemetría,Córdoba,Ayapel,8.2951,-75.1646,20,12/11/2014,,Caribe,Magdalena Cauca,Bajo Magdalena- Cauca -San Jorge,Bajo San Jorge - La Mojana,1.23272728919983,1.47272729873657,2,2,0.659420311450958,0.66304349899292,1,1,1.04999995231628,2012,08,47,74.4,74.4,78.1199964523316,0,75.0641708374024,2012-08-01,83.1757736206055,83.5952606201172,88.1410369873047
25025030,Meteorológica Especial,Automática con Telemetría,Córdoba,Ayapel,8.2951,-75.1646,20,12/11/2014,,Caribe,Magdalena Cauca,Bajo Magdalena- Cauca -San Jorge,Bajo San Jorge - La Mojana,1.23272728919983,1.47272729873657,2,2,0.659420311450958,0.66304349899292,1,1,1.04999995231628,2012,08,48,114.8,114.8,120.539994525909,0,83.5891342163086,2012-08-01,76.3926467895508,81.9938125610352,83.0705184936524
25025030,Meteorológica Especial,Automática con Telemetría,Córdoba,Ayapel,8.2951,-75.1646,20,12/11/2014,,Caribe,Magdalena Cauca,Bajo Magdalena- Cauca -San Jorge,Bajo San Jorge - La Mojana,1.23272728919983,1.47272729873657,2,2,0.659420311450958,0.66304349899292,1,1,1.04999995231628,2012,09,49,79.4,79.4,83.369996213913,0,46.9933853149414,2012-09-01,51.4828720092774,57.9085502624512,63.8246536254883
25025030,Meteorológica Especial,Automática con Telemetría,Córdoba,Ayapel,8.2951,-75.1646,20,12/11/2014,,Caribe,Magdalena Cauca,Bajo Magdalena- Cauca -San Jorge,Bajo San Jorge - La Mojana,1.23272728919983,1.47272729873657,2,2,0.659420311450958,0.66304349899292,1,1,1.04999995231628,2012,09,50,31.7,31.7,33.2849984884262,0,47.1059761047363,2012-09-01,53.0691452026367,51.3978500366211,69.9895629882813
25025030,Meteorológica Especial,Automática con Telemetría,Córdoba,Ayapel,8.2951,-75.1646,20,12/11/2014,,Caribe,Magdalena Cauca,Bajo Magdalena- Cauca -San Jorge,Bajo San Jorge - La Mojana,1.23272728919983,1.47272729873657,2,2,0.659420311450958,0.66304349899292,1,1,1.04999995231628,2012,09,51,18,18,18.8999991416931,0,49.1352310180664,2012-09-01,54.0080413818359,39.0097465515137,45.0594749450684
25025030,Meteorológica Especial,Automática con Telemetría,Córdoba,Ayapel,8.2951,-75.1646,20,12/11/2014,,Caribe,Magdalena Cauca,Bajo Magdalena- Cauca -San Jorge,Bajo San Jorge - La Mojana,1.23272728919983,1.47272729873657,2,2,0.659420311450958,0.66304349899292,1,1,1.04999995231628,2012,09,52,178.1,178.1,187.00499150753,0,54.6856803894043,2012-09-01,60.4610252380371,71.7471160888672,75.2077102661133
25025030,Meteorológica Especial,Automática con Telemetría,Córdoba,Ayapel,8.2951,-75.1646,20,12/11/2014,,Caribe,Magdalena Cauca,Bajo Magdalena- Cauca -San Jorge,Bajo San Jorge - La Mojana,1.23272728919983,1.47272729873657,2,2,0.659420311450958,0.66304349899292,1,1,1.04999995231628,2012,09,53,41,41,43.0499980449677,0,45.329647064209,2012-09-01,45.7347030639649,50.341552734375,49.9059181213379
25025030,Meteorológica Especial,Automática con Telemetría,Córdoba,Ayapel,8.2951,-75.1646,20,12/11/2014,,Caribe,Magdalena Cauca,Bajo Magdalena- Cauca -San Jorge,Bajo San Jorge - La Mojana,1.23272728919983,1.47272729873657,2,2,0.659420311450958,0.66304349899292,1,1,1.04999995231628,2012,09,54,68,68,71.3999967575073,0,48.9448547363281,2012-09-01,47.0034332275391,43.6899566650391,44.4529304504395
25025030,Meteorológica Especial,Automática con Telemetría,Córdoba,Ayapel,8.2951,-75.1646,20,12/11/2014,,Caribe,Magdalena Cauca,Bajo Magdalena- Cauca -San Jorge,Bajo San Jorge - La Mojana,1.23272728919983,1.47272729873657,2,2,0.659420311450958,0.66304349899292,1,1,1.04999995231628,2012,10,55,30.2,30.2,31.7099985599518,0,72.9822158813477,2012-10-01,72.8315734863281,47.3607368469238,50.4832458496094
25025030,Meteorológica Especial,Automática con Telemetría,Córdoba,Ayapel,8.2951,-75.1646,20,12/11/2014,,Caribe,Magdalena Cauca,Bajo Magdalena- Cauca -San Jorge,Bajo San Jorge - La Mojana,1.23272728919983,1.47272729873657,2,2,0.659420311450958,0.66304349899292,1,1,1.04999995231628,2012,10,56,103.6,103.6,108.779995059967,0,57.6433372497559,2012-10-01,54.5611572265625,64.0925674438477,66.0310974121094
25025030,Meteorológica Especial,Automática con Telemetría,Córdoba,Ayapel,8.2951,-75.1646,20,12/11/2014,,Caribe,Magdalena Cauca,Bajo Magdalena- Cauca -San Jorge,Bajo San Jorge - La Mojana,1.23272728919983,1.47272729873657,2,2,0.659420311450958,0.66304349899292,1,1,1.04999995231628,2012,10,57,53,53,55.6499974727631,0,37.8278617858887,2012-10-01,29.08913230896,38.4198989868164,34.8291206359863
25025030,Meteorológica Especial,Automática con Telemetría,Córdoba,Ayapel,8.2951,-75.1646,20,12/11/2014,,Caribe,Magdalena Cauca,Bajo Magdalena- Cauca -San Jorge,Bajo San Jorge - La Mojana,1.23272728919983,1.47272729873657,2,2,0.659420311450958,0.66304349899292,1,1,1.04999995231628,2012,10,58,57.8,57.8,60.6899972438812,0,29.4379444122314,2012-10-01,19.2941246032715,31.6542453765869,27.8465690612793
25025030,Meteorológica Especial,Automática con Telemetría,Córdoba,Ayapel,8.2951,-75.1646,20,12/11/2014,,Caribe,Magdalena Cauca,Bajo Magdalena- Cauca -San Jorge,Bajo San Jorge - La Mojana,1.23272728919983,1.47272729873657,2,2,0.659420311450958,0.66304349899292,1,1,1.04999995231628,2012,10,59,9.4,9.4,9.86999955177307,0,48.3179016113281,2012-10-01,37.4875564575195,35.3355751037598,30.2530403137207
25025030,Meteorológica Especial,Automática con Telemetría,Córdoba,Ayapel,8.2951,-75.1646,20,12/11/2014,,Caribe,Magdalena Cauca,Bajo Magdalena- Cauca -San Jorge,Bajo San Jorge - La Mojana,1.23272728919983,1.47272729873657,2,2,0.659420311450958,0.66304349899292,1,1,1.04999995231628,2012,10,60,24.5,24.5,25.724998831749,0,67.9591979980469,2012-10-01,50.3765678405762,80.1575698852539,71.408203125
25025030,Meteorológica Especial,Automática con Telemetría,Córdoba,Ayapel,8.2951,-75.1646,20,12/11/2014,,Caribe,Magdalena Cauca,Bajo Magdalena- Cauca -San Jorge,Bajo San Jorge - La Mojana,1.23272728919983,1.47272729873657,2,2,0.659420311450958,0.66304349899292,1,1,1.04999995231628,2012,11,61,5.8,5.8,6.08999972343445,0,49.3829689025879,2012-11-01,34.6209983825684,39.2350540161133,30.7718124389648
25025030,Meteorológica Especial,Automática con Telemetría,Córdoba,Ayapel,8.2951,-75.1646,20,12/11/2014,,Caribe,Magdalena Cauca,Bajo Magdalena- Cauca -San Jorge,Bajo San Jorge - La Mojana,1.23272728919983,1.47272729873657,2,2,0.659420311450958,0.66304349899292,1,1,1.04999995231628,2012,11,62,0,0,0,0,15.212893486023,2012-11-01,5.53546905517578,13.7354669570923,12.8054075241089
25025030,Meteorológica Especial,Automática con Telemetría,Córdoba,Ayapel,8.2951,-75.1646,20,12/11/2014,,Caribe,Magdalena Cauca,Bajo Magdalena- Cauca -San Jorge,Bajo San Jorge - La Mojana,1.23272728919983,1.47272729873657,2,2,0.659420311450958,0.66304349899292,1,1,1.04999995231628,2012,11,63,46,46,48.2999978065491,0,32.5819778442383,2012-11-01,22.9955787658691,44.6491317749023,33.4106597900391
25025030,Meteorológica Especial,Automática con Telemetría,Córdoba,Ayapel,8.2951,-75.1646,20,12/11/2014,,Caribe,Magdalena Cauca,Bajo Magdalena- Cauca -San Jorge,Bajo San Jorge - La Mojana,1.23272728919983,1.47272729873657,2,2,0.659420311450958,0.66304349899292,1,1,1.04999995231628,2012,11,64,50.5,50.5,53.0249975919724,0,39.764518737793,2012-11-01,26.3547515869141,35.5896911621094,32.1728553771973
25025030,Meteorológica Especial,Automática con Telemetría,Córdoba,Ayapel,8.2951,-75.1646,20,12/11/2014,,Caribe,Magdalena Cauca,Bajo Magdalena- Cauca -San Jorge,Bajo San Jorge - La Mojana,1.23272728919983,1.47272729873657,2,2,0.659420311450958,0.66304349899292,1,1,1.04999995231628,2012,11,65,0,0,0,0,21.0204620361328,2012-11-01,12.7663288116455,12.3704452514648,8.52649974822998
25025030,Meteorológica Especial,Automática con Telemetría,Córdoba,Ayapel,8.2951,-75.1646,20,12/11/2014,,Caribe,Magdalena Cauca,Bajo Magdalena- Cauca -San Jorge,Bajo San Jorge - La Mojana,1.23272728919983,1.47272729873657,2,2,0.659420311450958,0.66304349899292,1,1,1.04999995231628,2012,11,66,27.5,27.5,28.8749986886978,0,20.3859062194824,2012-11-01,12.5580015182495,14.894811630249,8.98188304901123
25025030,Meteorológica Especial,Automática con Telemetría,Córdoba,Ayapel,8.2951,-75.1646,20,12/11/2014,,Caribe,Magdalena Cauca,Bajo Magdalena- Cauca -San Jorge,Bajo San Jorge - La Mojana,1.23272728919983,1.47272729873657,2,2,0.659420311450958,0.66304349899292,1,1,1.07000005245209,2012,12,67,1,1,1.07000005245209,0,3.23954129219055,2012-12-01,0,2.73834753036499,0
25025030,Meteorológica Especial,Automática con Telemetría,Córdoba,Ayapel,8.2951,-75.1646,20,12/11/2014,,Caribe,Magdalena Cauca,Bajo Magdalena- Cauca -San Jorge,Bajo San Jorge - La Mojana,1.23272728919983,1.47272729873657,2,2,0.659420311450958,0.66304349899292,1,1,1.07000005245209,2012,12,68,0,0,0,0,2.86493968963623,2012-12-01,0.317108899354935,1.7299519777298,0.34424364566803
25025030,Meteorológica Especial,Automática con Telemetría,Córdoba,Ayapel,8.2951,-75.1646,20,12/11/2014,,Caribe,Magdalena Cauca,Bajo Magdalena- Cauca -San Jorge,Bajo San Jorge - La Mojana,1.23272728919983,1.47272729873657,2,2,0.659420311450958,0.66304349899292,1,1,1.07000005245209,2012,12,69,16.2,16.2,17.3340008497238,0,22.5854187011719,2012-12-01,17.9696788787842,19.7375583648682,14.4871921539307
25025030,Meteorológica Especial,Automática con Telemetría,Córdoba,Ayapel,8.2951,-75.1646,20,12/11/2014,,Caribe,Magdalena Cauca,Bajo Magdalena- Cauca -San Jorge,Bajo San Jorge - La Mojana,1.23272728919983,1.47272729873657,2,2,0.659420311450958,0.66304349899292,1,1,1.07000005245209,2012,12,70,30,30,32.1000015735626,0,17.8238334655762,2012-12-01,11.5901660919189,18.3298397064209,13.4372615814209
25025030,Meteorológica Especial,Automática con Telemetría,Córdoba,Ayapel,8.2951,-75.1646,20,12/11/2014,,Caribe,Magdalena Cauca,Bajo Magdalena- Cauca -San Jorge,Bajo San Jorge - La Mojana,1.23272728919983,1.47272729873657,2,2,0.659420311450958,0.66304349899292,1,1,1.07000005245209,2012,12,71,0,0,0,0,36.1199378967285,2012-12-01,28.474796295166,16.7369251251221,12.4440317153931
25025030,Meteorológica Especial,Automática con Telemetría,Córdoba,Ayapel,8.2951,-75.1646,20,12/11/2014,,Caribe,Magdalena Cauca,Bajo Magdalena- Cauca -San Jorge,Bajo San Jorge - La Mojana,1.23272728919983,1.47272729873657,2,2,0.659420311450958,0.66304349899292,1,1,1.07000005245209,2012,12,72,0,0,0,0,18.2718639373779,2012-12-01,7.77258014678955,6.61918210983276,4.31959295272827
25025030,Meteorológica Especial,Automática con Telemetría,Córdoba,Ayapel,8.2951,-75.1646,20,12/11/2014,,Caribe,Magdalena Cauca,Bajo Magdalena- Cauca -San Jorge,Bajo San Jorge - La Mojana,1.23272728919983,1.47272729873657,2,2,0.659420311450958,0.66304349899292,1,1,1.08000004291534,2013,01,1,0,0,0,0,3.27060294151306,2013-01-01,0.192095160484314,1.88882994651794,0.224514603614807
25025030,Meteorológica Especial,Automática con Telemetría,Córdoba,Ayapel,8.2951,-75.1646,20,12/11/2014,,Caribe,Magdalena Cauca,Bajo Magdalena- Cauca -San Jorge,Bajo San Jorge - La Mojana,1.23272728919983,1.47272729873657,2,2,0.659420311450958,0.66304349899292,1,1,1.08000004291534,2013,01,2,0,0,0,0,1.47104859352112,2013-01-01,0,0.964069604873657,0
25025030,Meteorológica Especial,Automática con Telemetría,Córdoba,Ayapel,8.2951,-75.1646,20,12/11/2014,,Caribe,Magdalena Cauca,Bajo Magdalena- Cauca -San Jorge,Bajo San Jorge - La Mojana,1.23272728919983,1.47272729873657,2,2,0.659420311450958,0.66304349899292,1,1,1.08000004291534,2013,01,3,0,0,0,0,1.60339522361755,2013-01-01,0,0.955982744693756,0
25025030,Meteorológica Especial,Automática con Telemetría,Córdoba,Ayapel,8.2951,-75.1646,20,12/11/2014,,Caribe,Magdalena Cauca,Bajo Magdalena- Cauca -San Jorge,Bajo San Jorge - La Mojana,1.23272728919983,1.47272729873657,2,2,0.659420311450958,0.66304349899292,1,1,1.08000004291534,2013,01,4,0,0,0,0,1.71692776679993,2013-01-01,0,1.00158894062042,0
25025030,Meteorológica Especial,Automática con Telemetría,Córdoba,Ayapel,8.2951,-75.1646,20,12/11/2014,,Caribe,Magdalena Cauca,Bajo Magdalena- Cauca -San Jorge,Bajo San Jorge - La Mojana,1.23272728919983,1.47272729873657,2,2,0.659420311450958,0.66304349899292,1,1,1.08000004291534,2013,01,5,0,0,0,0,1.69380664825439,2013-01-01,0,0.974134206771851,0
25025030,Meteorológica Especial,Automática con Telemetría,Córdoba,Ayapel,8.2951,-75.1646,20,12/11/2014,,Caribe,Magdalena Cauca,Bajo Magdalena- Cauca -San Jorge,Bajo San Jorge - La Mojana,1.23272728919983,1.47272729873657,2,2,0.659420311450958,0.66304349899292,1,1,1.08000004291534,2013,01,6,0,0,0,0,4.12185001373291,2013-01-01,0,2.37454557418823,0
25025030,Meteorológica Especial,Automática con Telemetría,Córdoba,Ayapel,8.2951,-75.1646,20,12/11/2014,,Caribe,Magdalena Cauca,Bajo Magdalena- Cauca -San Jorge,Bajo San Jorge - La Mojana,1.23272728919983,1.47272729873657,2,2,0.659420311450958,0.66304349899292,1,1,1.11000001430511,2013,02,7,0,0,0,0,8.57984352111816,2013-02-01,5.4733943939209,3.63280749320984,3.4359073638916
25025030,Meteorológica Especial,Automática con Telemetría,Córdoba,Ayapel,8.2951,-75.1646,20,12/11/2014,,Caribe,Magdalena Cauca,Bajo Magdalena- Cauca -San Jorge,Bajo San Jorge - La Mojana,1.23272728919983,1.47272729873657,2,2,0.659420311450958,0.66304349899292,1,1,1.11000001430511,2013,02,8,0,0,0,0,2.83633923530579,2013-02-01,1.63348829746246,2.45580577850342,1.69211435317993
25025030,Meteorológica Especial,Automática con Telemetría,Córdoba,Ayapel,8.2951,-75.1646,20,12/11/2014,,Caribe,Magdalena Cauca,Bajo Magdalena- Cauca -San Jorge,Bajo San Jorge - La Mojana,1.23272728919983,1.47272729873657,2,2,0.659420311450958,0.66304349899292,1,1,1.11000001430511,2013,02,9,0,0,0,0,2.85800719261169,2013-02-01,1.03784084320068,1.81563699245453,0.768371224403381
25025030,Meteorológica Especial,Automática con Telemetría,Córdoba,Ayapel,8.2951,-75.1646,20,12/11/2014,,Caribe,Magdalena Cauca,Bajo Magdalena- Cauca -San Jorge,Bajo San Jorge - La Mojana,1.23272728919983,1.47272729873657,2,2,0.659420311450958,0.66304349899292,1,1,1.11000001430511,2013,02,10,0.7,0.7,0.77700001001358,0,2.48037576675415,2013-02-01,1.249680519104,2.00515389442444,1.08377242088318
25025030,Meteorológica Especial,Automática con Telemetría,Córdoba,Ayapel,8.2951,-75.1646,20,12/11/2014,,Caribe,Magdalena Cauca,Bajo Magdalena- Cauca -San Jorge,Bajo San Jorge - La Mojana,1.23272728919983,1.47272729873657,2,2,0.659420311450958,0.66304349899292,1,1,1.11000001430511,2013,02,11,0,0,0,0,2.14549684524536,2013-02-01,0.214416339993477,1.36749267578125,0.169266268610954
25025030,Meteorológica Especial,Automática con Telemetría,Córdoba,Ayapel,8.2951,-75.1646,20,12/11/2014,,Caribe,Magdalena Cauca,Bajo Magdalena- Cauca -San Jorge,Bajo San Jorge - La Mojana,1.23272728919983,1.47272729873657,2,2,0.659420311450958,0.66304349899292,1,1,1.11000001430511,2013,02,12,0,0,0,0,1.11158740520477,2013-02-01,0,0.901250243186951,0
25025030,Meteorológica Especial,Automática con Telemetría,Córdoba,Ayapel,8.2951,-75.1646,20,12/11/2014,,Caribe,Magdalena Cauca,Bajo Magdalena- Cauca -San Jorge,Bajo San Jorge - La Mojana,1.23272728919983,1.47272729873657,2,2,0.659420311450958,0.66304349899292,1,1,1.10000002384186,2013,03,13,12.3,12.3,13.5300002932549,0,18.3232307434082,2013-03-01,29.0748443603516,16.7919673919678,21.0731983184814
25025030,Meteorológica Especial,Automática con Telemetría,Córdoba,Ayapel,8.2951,-75.1646,20,12/11/2014,,Caribe,Magdalena Cauca,Bajo Magdalena- Cauca -San Jorge,Bajo San Jorge - La Mojana,1.23272728919983,1.47272729873657,2,2,0.659420311450958,0.66304349899292,1,1,1.10000002384186,2013,03,14,0,0,0,0,4.56089162826538,2013-03-01,2.30471611022949,3.31530356407166,2.18497204780579
25025030,Meteorológica Especial,Automática con Telemetría,Córdoba,Ayapel,8.2951,-75.1646,20,12/11/2014,,Caribe,Magdalena Cauca,Bajo Magdalena- Cauca -San Jorge,Bajo San Jorge - La Mojana,1.23272728919983,1.47272729873657,2,2,0.659420311450958,0.66304349899292,1,1,1.10000002384186,2013,03,15,12.5,12.5,13.7500002980232,0,18.591480255127,2013-03-01,31.877254486084,17.750862121582,21.5884075164795
25025030,Meteorológica Especial,Automática con Telemetría,Córdoba,Ayapel,8.2951,-75.1646,20,12/11/2014,,Caribe,Magdalena Cauca,Bajo Magdalena- Cauca -San Jorge,Bajo San Jorge - La Mojana,1.23272728919983,1.47272729873657,2,2,0.659420311450958,0.66304349899292,1,1,1.10000002384186,2013,03,16,28.2,28.2,31.0200006723404,0,11.1154985427856,2013-03-01,19.97633934021,15.8769760131836,20.1585597991943
25025030,Meteorológica Especial,Automática con Telemetría,Córdoba,Ayapel,8.2951,-75.1646,20,12/11/2014,,Caribe,Magdalena Cauca,Bajo Magdalena- Cauca -San Jorge,Bajo San Jorge - La Mojana,1.23272728919983,1.47272729873657,2,2,0.659420311450958,0.66304349899292,1,1,1.10000002384186,2013,03,17,0,0,0,0,9.81966781616211,2013-03-01,17.2606544494629,6.77016687393189,7.99960136413574
25025030,Meteorológica Especial,Automática con Telemetría,Córdoba,Ayapel,8.2951,-75.1646,20,12/11/2014,,Caribe,Magdalena Cauca,Bajo Magdalena- Cauca -San Jorge,Bajo San Jorge - La Mojana,1.23272728919983,1.47272729873657,2,2,0.659420311450958,0.66304349899292,1,1,1.10000002384186,2013,03,18,0.4,0.4,0.440000009536743,0,11.766209602356,2013-03-01,12.0275392532349,7.98450708389282,6.99891424179077
25025030,Meteorológica Especial,Automática con Telemetría,Córdoba,Ayapel,8.2951,-75.1646,20,12/11/2014,,Caribe,Magdalena Cauca,Bajo Magdalena- Cauca -San Jorge,Bajo San Jorge - La Mojana,1.23272728919983,1.47272729873657,2,2,0.659420311450958,0.66304349899292,1,1,1.05999994277954,2013,04,19,15,15,15.8999991416931,0,4.22104454040527,2013-04-01,2.27099823951721,8.02888107299805,6.41119861602783
25025030,Meteorológica Especial,Automática con Telemetría,Córdoba,Ayapel,8.2951,-75.1646,20,12/11/2014,,Caribe,Magdalena Cauca,Bajo Magdalena- Cauca -San Jorge,Bajo San Jorge - La Mojana,1.23272728919983,1.47272729873657,2,2,0.659420311450958,0.66304349899292,1,1,1.05999994277954,2013,04,20,0,0,0,0,1.1838641166687,2013-04-01,0,1.02490627765656,0
25025030,Meteorológica Especial,Automática con Telemetría,Córdoba,Ayapel,8.2951,-75.1646,20,12/11/2014,,Caribe,Magdalena Cauca,Bajo Magdalena- Cauca -San Jorge,Bajo San Jorge - La Mojana,1.23272728919983,1.47272729873657,2,2,0.659420311450958,0.66304349899292,1,1,1.05999994277954,2013,04,21,74,74,78.439995765686,0,26.7154750823975,2013-04-01,31.0082244873047,44.0633850097656,35.5471725463867
25025030,Meteorológica Especial,Automática con Telemetría,Córdoba,Ayapel,8.2951,-75.1646,20,12/11/2014,,Caribe,Magdalena Cauca,Bajo Magdalena- Cauca -San Jorge,Bajo San Jorge - La Mojana,1.23272728919983,1.47272729873657,2,2,0.659420311450958,0.66304349899292,1,1,1.05999994277954,2013,04,22,25.5,25.5,27.0299985408783,0,32.0734672546387,2013-04-01,39.8814697265625,74.4504623413086,89.1609039306641
25025030,Meteorológica Especial,Automática con Telemetría,Córdoba,Ayapel,8.2951,-75.1646,20,12/11/2014,,Caribe,Magdalena Cauca,Bajo Magdalena- Cauca -San Jorge,Bajo San Jorge - La Mojana,1.23272728919983,1.47272729873657,2,2,0.659420311450958,0.66304349899292,1,1,1.05999994277954,2013,04,23,48,48,50.879997253418,0,6.30665874481201,2013-04-01,3.99613952636719,9.47454929351807,11.5379266738892
25025030,Meteorológica Especial,Automática con Telemetría,Córdoba,Ayapel,8.2951,-75.1646,20,12/11/2014,,Caribe,Magdalena Cauca,Bajo Magdalena- Cauca -San Jorge,Bajo San Jorge - La Mojana,1.23272728919983,1.47272729873657,2,2,0.659420311450958,0.66304349899292,1,1,1.05999994277954,2013,04,24,51,51,54.0599970817566,0,27.175817489624,2013-04-01,28.1284084320068,44.4323959350586,37.0431671142578
25025030,Meteorológica Especial,Automática con Telemetría,Córdoba,Ayapel,8.2951,-75.1646,20,12/11/2014,,Caribe,Magdalena Cauca,Bajo Magdalena- Cauca -San Jorge,Bajo San Jorge - La Mojana,1.23272728919983,1.47272729873657,2,2,0.659420311450958,0.66304349899292,1,1,1.04999995231628,2013,05,25,76.2,76.2,80.0099963665009,0,34.2687110900879,2013-05-01,33.5290222167969,41.5864906311035,40.6873550415039
25025030,Meteorológica Especial,Automática con Telemetría,Córdoba,Ayapel,8.2951,-75.1646,20,12/11/2014,,Caribe,Magdalena Cauca,Bajo Magdalena- Cauca -San Jorge,Bajo San Jorge - La Mojana,1.23272728919983,1.47272729873657,2,2,0.659420311450958,0.66304349899292,1,1,1.04999995231628,2013,05,26,19.7,19.7,20.6849990606308,0,50.2620353698731,2013-05-01,51.1519241333008,32.2353782653809,31.951774597168
25025030,Meteorológica Especial,Automática con Telemetría,Córdoba,Ayapel,8.2951,-75.1646,20,12/11/2014,,Caribe,Magdalena Cauca,Bajo Magdalena- Cauca -San Jorge,Bajo San Jorge - La Mojana,1.23272728919983,1.47272729873657,2,2,0.659420311450958,0.66304349899292,1,1,1.04999995231628,2013,05,27,32.6,32.6,34.2299984455109,0,24.0844707489014,2013-05-01,22.815336227417,24.7175045013428,28.5749130249023
25025030,Meteorológica Especial,Automática con Telemetría,Córdoba,Ayapel,8.2951,-75.1646,20,12/11/2014,,Caribe,Magdalena Cauca,Bajo Magdalena- Cauca -San Jorge,Bajo San Jorge - La Mojana,1.23272728919983,1.47272729873657,2,2,0.659420311450958,0.66304349899292,1,1,1.04999995231628,2013,05,28,93.5,93.5,98.1749955415726,0,55.8129653930664,2013-05-01,51.712158203125,45.800708770752,46.7210731506348
25025030,Meteorológica Especial,Automática con Telemetría,Córdoba,Ayapel,8.2951,-75.1646,20,12/11/2014,,Caribe,Magdalena Cauca,Bajo Magdalena- Cauca -San Jorge,Bajo San Jorge - La Mojana,1.23272728919983,1.47272729873657,2,2,0.659420311450958,0.66304349899292,1,1,1.04999995231628,2013,05,29,10.6,10.6,11.1299994945526,0,46.8204078674317,2013-05-01,45.6131172180176,26.0790462493897,23.0096569061279
25025030,Meteorológica Especial,Automática con Telemetría,Córdoba,Ayapel,8.2951,-75.1646,20,12/11/2014,,Caribe,Magdalena Cauca,Bajo Magdalena- Cauca -San Jorge,Bajo San Jorge - La Mojana,1.23272728919983,1.47272729873657,2,2,0.659420311450958,0.66304349899292,1,1,1.04999995231628,2013,05,30,43.9,43.9,46.0949979066849,0,103.094970703125,2013-05-01,84.4172134399414,85.031120300293,84.636833190918
25025030,Meteorológica Especial,Automática con Telemetría,Córdoba,Ayapel,8.2951,-75.1646,20,12/11/2014,,Caribe,Magdalena Cauca,Bajo Magdalena- Cauca -San Jorge,Bajo San Jorge - La Mojana,1.23272728919983,1.47272729873657,2,2,0.659420311450958,0.66304349899292,1,1,1.04999995231628,2013,06,31,29.9,29.9,31.3949985742569,0,46.1722793579102,2013-06-01,51.4633750915527,45.0190086364746,51.0475807189942
25025030,Meteorológica Especial,Automática con Telemetría,Córdoba,Ayapel,8.2951,-75.1646,20,12/11/2014,,Caribe,Magdalena Cauca,Bajo Magdalena- Cauca -San Jorge,Bajo San Jorge - La Mojana,1.23272728919983,1.47272729873657,2,2,0.659420311450958,0.66304349899292,1,1,1.04999995231628,2013,06,32,3.3,3.3,3.46499984264374,0,38.6250152587891,2013-06-01,42.7118530273438,23.0233688354492,23.400333404541
25025030,Meteorológica Especial,Automática con Telemetría,Córdoba,Ayapel,8.2951,-75.1646,20,12/11/2014,,Caribe,Magdalena Cauca,Bajo Magdalena- Cauca -San Jorge,Bajo San Jorge - La Mojana,1.23272728919983,1.47272729873657,2,2,0.659420311450958,0.66304349899292,1,1,1.04999995231628,2013,06,33,88.1,88.1,92.5049957990646,0,62.1055946350098,2013-06-01,75.5953750610352,66.1295471191406,68.5234527587891
25025030,Meteorológica Especial,Automática con Telemetría,Córdoba,Ayapel,8.2951,-75.1646,20,12/11/2014,,Caribe,Magdalena Cauca,Bajo Magdalena- Cauca -San Jorge,Bajo San Jorge - La Mojana,1.23272728919983,1.47272729873657,2,2,0.659420311450958,0.66304349899292,1,1,1.04999995231628,2013,06,34,113.9,113.9,119.594994568825,0,41.1338577270508,2013-06-01,49.0920600891113,58.2478828430176,60.3169212341309
25025030,Meteorológica Especial,Automática con Telemetría,Córdoba,Ayapel,8.2951,-75.1646,20,12/11/2014,,Caribe,Magdalena Cauca,Bajo Magdalena- Cauca -San Jorge,Bajo San Jorge - La Mojana,1.23272728919983,1.47272729873657,2,2,0.659420311450958,0.66304349899292,1,1,1.04999995231628,2013,06,35,23.4,23.4,24.5699988842011,0,40.880859375,2013-06-01,53.2725944519043,37.3979682922363,42.9904365539551
25025030,Meteorológica Especial,Automática con Telemetría,Córdoba,Ayapel,8.2951,-75.1646,20,12/11/2014,,Caribe,Magdalena Cauca,Bajo Magdalena- Cauca -San Jorge,Bajo San Jorge - La Mojana,1.23272728919983,1.47272729873657,2,2,0.659420311450958,0.66304349899292,1,1,1.04999995231628,2013,06,36,127.4,127.4,133.769993925095,0,42.7729339599609,2013-06-01,56.1831703186035,65.9539184570313,94.339973449707
25025030,Meteorológica Especial,Automática con Telemetría,Córdoba,Ayapel,8.2951,-75.1646,20,12/11/2014,,Caribe,Magdalena Cauca,Bajo Magdalena- Cauca -San Jorge,Bajo San Jorge - La Mojana,1.23272728919983,1.47272729873657,2,2,0.659420311450958,0.66304349899292,1,1,1.04999995231628,2013,07,37,55,55,57.7499973773956,0,40.8909912109375,2013-07-01,45.9982681274414,24.0151081085205,25.3782844543457
25025030,Meteorológica Especial,Automática con Telemetría,Córdoba,Ayapel,8.2951,-75.1646,20,12/11/2014,,Caribe,Magdalena Cauca,Bajo Magdalena- Cauca -San Jorge,Bajo San Jorge - La Mojana,1.23272728919983,1.47272729873657,2,2,0.659420311450958,0.66304349899292,1,1,1.04999995231628,2013,07,38,48,48,50.3999977111817,0,39.601001739502,2013-07-01,47.9553413391113,37.2135391235352,39.5078964233398
25025030,Meteorológica Especial,Automática con Telemetría,Córdoba,Ayapel,8.2951,-75.1646,20,12/11/2014,,Caribe,Magdalena Cauca,Bajo Magdalena- Cauca -San Jorge,Bajo San Jorge - La Mojana,1.23272728919983,1.47272729873657,2,2,0.659420311450958,0.66304349899292,1,1,1.04999995231628,2013,07,39,6.4,6.4,6.71999969482422,0,28.5005874633789,2013-07-01,33.2022399902344,9.71533393859863,10.4048328399658
25025030,Meteorológica Especial,Automática con Telemetría,Córdoba,Ayapel,8.2951,-75.1646,20,12/11/2014,,Caribe,Magdalena Cauca,Bajo Magdalena- Cauca -San Jorge,Bajo San Jorge - La Mojana,1.23272728919983,1.47272729873657,2,2,0.659420311450958,0.66304349899292,1,1,1.04999995231628,2013,07,40,12.2,12.2,12.8099994182587,0,44.9067153930664,2013-07-01,52.2763366699219,31.4162693023682,34.3314781188965
25025030,Meteorológica Especial,Automática con Telemetría,Córdoba,Ayapel,8.2951,-75.1646,20,12/11/2014,,Caribe,Magdalena Cauca,Bajo Magdalena- Cauca -San Jorge,Bajo San Jorge - La Mojana,1.23272728919983,1.47272729873657,2,2,0.659420311450958,0.66304349899292,1,1,1.04999995231628,2013,07,41,15.7,15.7,16.4849992513657,0,31.1355648040772,2013-07-01,36.8974533081055,27.8804225921631,33.4631156921387
25025030,Meteorológica Especial,Automática con Telemetría,Córdoba,Ayapel,8.2951,-75.1646,20,12/11/2014,,Caribe,Magdalena Cauca,Bajo Magdalena- Cauca -San Jorge,Bajo San Jorge - La Mojana,1.23272728919983,1.47272729873657,2,2,0.659420311450958,0.66304349899292,1,1,1.04999995231628,2013,07,42,124.8,124.8,131.039994049072,0,98.1421737670899,2013-07-01,109.90055847168,84.19921875,92.8522720336914
25025030,Meteorológica Especial,Automática con Telemetría,Córdoba,Ayapel,8.2951,-75.1646,20,12/11/2014,,Caribe,Magdalena Cauca,Bajo Magdalena- Cauca -San Jorge,Bajo San Jorge - La Mojana,1.23272728919983,1.47272729873657,2,2,0.659420311450958,0.66304349899292,1,1,1.04999995231628,2013,08,43,44.8,44.8,47.0399978637695,0,73.608154296875,2013-08-01,84.385498046875,64.4252853393555,68.683952331543
25025030,Meteorológica Especial,Automática con Telemetría,Córdoba,Ayapel,8.2951,-75.1646,20,12/11/2014,,Caribe,Magdalena Cauca,Bajo Magdalena- Cauca -San Jorge,Bajo San Jorge - La Mojana,1.23272728919983,1.47272729873657,2,2,0.659420311450958,0.66304349899292,1,1,1.04999995231628,2013,08,44,140.1,140.1,147.104993319511,0,66.4768981933594,2013-08-01,72.4838027954102,98.7767944335938,98.1097259521484
25025030,Meteorológica Especial,Automática con Telemetría,Córdoba,Ayapel,8.2951,-75.1646,20,12/11/2014,,Caribe,Magdalena Cauca,Bajo Magdalena- Cauca -San Jorge,Bajo San Jorge - La Mojana,1.23272728919983,1.47272729873657,2,2,0.659420311450958,0.66304349899292,1,1,1.04999995231628,2013,08,45,105.2,105.2,110.459994983673,0,68.9695434570313,2013-08-01,79.9251556396484,74.9230041503906,74.9280090332031
25025030,Meteorológica Especial,Automática con Telemetría,Córdoba,Ayapel,8.2951,-75.1646,20,12/11/2014,,Caribe,Magdalena Cauca,Bajo Magdalena- Cauca -San Jorge,Bajo San Jorge - La Mojana,1.23272728919983,1.47272729873657,2,2,0.659420311450958,0.66304349899292,1,1,1.04999995231628,2013,08,46,79,79,82.9499962329865,0,67.6182403564453,2013-08-01,74.4613265991211,86.2087554931641,98.3323516845703
25025030,Meteorológica Especial,Automática con Telemetría,Córdoba,Ayapel,8.2951,-75.1646,20,12/11/2014,,Caribe,Magdalena Cauca,Bajo Magdalena- Cauca -San Jorge,Bajo San Jorge - La Mojana,1.23272728919983,1.47272729873657,2,2,0.659420311450958,0.66304349899292,1,1,1.04999995231628,2013,08,47,55.8,55.8,58.5899973392487,0,55.203784942627,2013-08-01,45.5896720886231,65.6017913818359,60.0104484558106
25025030,Meteorológica Especial,Automática con Telemetría,Córdoba,Ayapel,8.2951,-75.1646,20,12/11/2014,,Caribe,Magdalena Cauca,Bajo Magdalena- Cauca -San Jorge,Bajo San Jorge - La Mojana,1.23272728919983,1.47272729873657,2,2,0.659420311450958,0.66304349899292,1,1,1.04999995231628,2013,08,48,112,112,117.599994659424,0,93.1724090576172,2013-08-01,93.2451095581055,127.92301940918,130.439895629883
25025030,Meteorológica Especial,Automática con Telemetría,Córdoba,Ayapel,8.2951,-75.1646,20,12/11/2014,,Caribe,Magdalena Cauca,Bajo Magdalena- Cauca -San Jorge,Bajo San Jorge - La Mojana,1.23272728919983,1.47272729873657,2,2,0.659420311450958,0.66304349899292,1,1,1.04999995231628,2013,09,49,6,6,6.29999971389771,0,58.3910942077637,2013-09-01,72.3526306152344,41.6360855102539,44.2677612304688
25025030,Meteorológica Especial,Automática con Telemetría,Córdoba,Ayapel,8.2951,-75.1646,20,12/11/2014,,Caribe,Magdalena Cauca,Bajo Magdalena- Cauca -San Jorge,Bajo San Jorge - La Mojana,1.23272728919983,1.47272729873657,2,2,0.659420311450958,0.66304349899292,1,1,1.04999995231628,2013,09,50,86.6,86.6,90.9299958705902,0,54.4088325500488,2013-09-01,63.0361557006836,67.119873046875,67.9363479614258
25025030,Meteorológica Especial,Automática con Telemetría,Córdoba,Ayapel,8.2951,-75.1646,20,12/11/2014,,Caribe,Magdalena Cauca,Bajo Magdalena- Cauca -San Jorge,Bajo San Jorge - La Mojana,1.23272728919983,1.47272729873657,2,2,0.659420311450958,0.66304349899292,1,1,1.04999995231628,2013,09,51,139.3,139.3,146.264993357658,0,40.7621231079102,2013-09-01,42.2807388305664,54.8584060668945,55.689022064209
25025030,Meteorológica Especial,Automática con Telemetría,Córdoba,Ayapel,8.2951,-75.1646,20,12/11/2014,,Caribe,Magdalena Cauca,Bajo Magdalena- Cauca -San Jorge,Bajo San Jorge - La Mojana,1.23272728919983,1.47272729873657,2,2,0.659420311450958,0.66304349899292,1,1,1.04999995231628,2013,09,52,56,56,58.7999973297119,0,58.5235862731934,2013-09-01,71.3142395019531,42.4272041320801,44.4582595825195
25025030,Meteorológica Especial,Automática con Telemetría,Córdoba,Ayapel,8.2951,-75.1646,20,12/11/2014,,Caribe,Magdalena Cauca,Bajo Magdalena- Cauca -San Jorge,Bajo San Jorge - La Mojana,1.23272728919983,1.47272729873657,2,2,0.659420311450958,0.66304349899292,1,1,1.04999995231628,2013,09,53,4.1,4.1,4.30499980449677,0,52.6702156066895,2013-09-01,56.6518249511719,35.3541717529297,39.2574195861816
25025030,Meteorológica Especial,Automática con Telemetría,Córdoba,Ayapel,8.2951,-75.1646,20,12/11/2014,,Caribe,Magdalena Cauca,Bajo Magdalena- Cauca -San Jorge,Bajo San Jorge - La Mojana,1.23272728919983,1.47272729873657,2,2,0.659420311450958,0.66304349899292,1,1,1.04999995231628,2013,09,54,129.8,129.8,136.289993810654,0,69.6079864501953,2013-09-01,74.407356262207,56.672420501709,57.7322845458984
25025030,Meteorológica Especial,Automática con Telemetría,Córdoba,Ayapel,8.2951,-75.1646,20,12/11/2014,,Caribe,Magdalena Cauca,Bajo Magdalena- Cauca -San Jorge,Bajo San Jorge - La Mojana,1.23272728919983,1.47272729873657,2,2,0.659420311450958,0.66304349899292,1,1,1.04999995231628,2013,10,55,6.3,6.3,6.61499969959259,0,60.2531318664551,2013-10-01,47.4296379089356,29.1925220489502,28.7364845275879
25025030,Meteorológica Especial,Automática con Telemetría,Córdoba,Ayapel,8.2951,-75.1646,20,12/11/2014,,Caribe,Magdalena Cauca,Bajo Magdalena- Cauca -San Jorge,Bajo San Jorge - La Mojana,1.23272728919983,1.47272729873657,2,2,0.659420311450958,0.66304349899292,1,1,1.04999995231628,2013,10,56,43.9,43.9,46.0949979066849,0,57.3458404541016,2013-10-01,50.0204811096192,52.5691757202149,47.4097633361816
25025030,Meteorológica Especial,Automática con Telemetría,Córdoba,Ayapel,8.2951,-75.1646,20,12/11/2014,,Caribe,Magdalena Cauca,Bajo Magdalena- Cauca -San Jorge,Bajo San Jorge - La Mojana,1.23272728919983,1.47272729873657,2,2,0.659420311450958,0.66304349899292,1,1,1.04999995231628,2013,10,57,18.3,18.3,19.214999127388,0,69.6169815063477,2013-10-01,55.0580520629883,31.3588409423828,26.67893409729
25025030,Meteorológica Especial,Automática con Telemetría,Córdoba,Ayapel,8.2951,-75.1646,20,12/11/2014,,Caribe,Magdalena Cauca,Bajo Magdalena- Cauca -San Jorge,Bajo San Jorge - La Mojana,1.23272728919983,1.47272729873657,2,2,0.659420311450958,0.66304349899292,1,1,1.04999995231628,2013,10,58,20.8,20.8,21.8399990081787,0,39.711540222168,2013-10-01,28.5212135314941,28.5546703338623,28.3077850341797
25025030,Meteorológica Especial,Automática con Telemetría,Córdoba,Ayapel,8.2951,-75.1646,20,12/11/2014,,Caribe,Magdalena Cauca,Bajo Magdalena- Cauca -San Jorge,Bajo San Jorge - La Mojana,1.23272728919983,1.47272729873657,2,2,0.659420311450958,0.66304349899292,1,1,1.04999995231628,2013,10,59,7.9,7.9,8.29499962329865,0,69.0438461303711,2013-10-01,56.9161834716797,33.0667304992676,24.9509544372559
25025030,Meteorológica Especial,Automática con Telemetría,Córdoba,Ayapel,8.2951,-75.1646,20,12/11/2014,,Caribe,Magdalena Cauca,Bajo Magdalena- Cauca -San Jorge,Bajo San Jorge - La Mojana,1.23272728919983,1.47272729873657,2,2,0.659420311450958,0.66304349899292,1,1,1.04999995231628,2013,10,60,88,88,92.399995803833,0,72.7809829711914,2013-10-01,55.6098899841309,77.4184722900391,76.9136657714844
25025030,Meteorológica Especial,Automática con Telemetría,Córdoba,Ayapel,8.2951,-75.1646,20,12/11/2014,,Caribe,Magdalena Cauca,Bajo Magdalena- Cauca -San Jorge,Bajo San Jorge - La Mojana,1.23272728919983,1.47272729873657,2,2,0.659420311450958,0.66304349899292,1,1,1.04999995231628,2013,11,61,58.8,58.8,61.7399971961975,0,24.7165699005127,2013-11-01,13.0768766403198,47.0827293395996,32.0557365417481
25025030,Meteorológica Especial,Automática con Telemetría,Córdoba,Ayapel,8.2951,-75.1646,20,12/11/2014,,Caribe,Magdalena Cauca,Bajo Magdalena- Cauca -San Jorge,Bajo San Jorge - La Mojana,1.23272728919983,1.47272729873657,2,2,0.659420311450958,0.66304349899292,1,1,1.04999995231628,2013,11,62,33.6,33.6,35.2799983978272,0,54.4465370178223,2013-11-01,42.5227775573731,42.9977416992188,45.7517814636231
25025030,Meteorológica Especial,Automática con Telemetría,Córdoba,Ayapel,8.2951,-75.1646,20,12/11/2014,,Caribe,Magdalena Cauca,Bajo Magdalena- Cauca -San Jorge,Bajo San Jorge - La Mojana,1.23272728919983,1.47272729873657,2,2,0.659420311450958,0.66304349899292,1,1,1.04999995231628,2013,11,63,6.8,6.8,7.13999967575073,0,40.7172355651856,2013-11-01,31.4066886901855,17.9417381286621,16.8818454742432
25025030,Meteorológica Especial,Automática con Telemetría,Córdoba,Ayapel,8.2951,-75.1646,20,12/11/2014,,Caribe,Magdalena Cauca,Bajo Magdalena- Cauca -San Jorge,Bajo San Jorge - La Mojana,1.23272728919983,1.47272729873657,2,2,0.659420311450958,0.66304349899292,1,1,1.04999995231628,2013,11,64,13.6,13.6,14.2799993515015,0,22.6191730499268,2013-11-01,11.7532196044922,11.5374183654785,9.21729278564453
25025030,Meteorológica Especial,Automática con Telemetría,Córdoba,Ayapel,8.2951,-75.1646,20,12/11/2014,,Caribe,Magdalena Cauca,Bajo Magdalena- Cauca -San Jorge,Bajo San Jorge - La Mojana,1.23272728919983,1.47272729873657,2,2,0.659420311450958,0.66304349899292,1,1,1.04999995231628,2013,11,65,58,58,60.8999972343445,0,55.9381446838379,2013-11-01,45.4421119689941,62.1117248535156,61.183521270752
25025030,Meteorológica Especial,Automática con Telemetría,Córdoba,Ayapel,8.2951,-75.1646,20,12/11/2014,,Caribe,Magdalena Cauca,Bajo Magdalena- Cauca -San Jorge,Bajo San Jorge - La Mojana,1.23272728919983,1.47272729873657,2,2,0.659420311450958,0.66304349899292,1,1,1.04999995231628,2013,11,66,33.4,33.4,35.0699984073639,0,15.8057613372803,2013-11-01,8.78438663482666,17.0285396575928,13.8396778106689
25025030,Meteorológica Especial,Automática con Telemetría,Córdoba,Ayapel,8.2951,-75.1646,20,12/11/2014,,Caribe,Magdalena Cauca,Bajo Magdalena- Cauca -San Jorge,Bajo San Jorge - La Mojana,1.23272728919983,1.47272729873657,2,2,0.659420311450958,0.66304349899292,1,1,1.07000005245209,2013,12,67,0.6,0.6,0.642000031471252,0,13.0799684524536,2013-12-01,6.48287487030029,19.3389053344727,12.2170324325562
25025030,Meteorológica Especial,Automática con Telemetría,Córdoba,Ayapel,8.2951,-75.1646,20,12/11/2014,,Caribe,Magdalena Cauca,Bajo Magdalena- Cauca -San Jorge,Bajo San Jorge - La Mojana,1.23272728919983,1.47272729873657,2,2,0.659420311450958,0.66304349899292,1,1,1.07000005245209,2013,12,68,49.2,49.2,52.6440025806427,0,15.5340585708618,2013-12-01,12.1819276809692,30.1288967132568,25.9433135986328
25025030,Meteorológica Especial,Automática con Telemetría,Córdoba,Ayapel,8.2951,-75.1646,20,12/11/2014,,Caribe,Magdalena Cauca,Bajo Magdalena- Cauca -San Jorge,Bajo San Jorge - La Mojana,1.23272728919983,1.47272729873657,2,2,0.659420311450958,0.66304349899292,1,1,1.07000005245209,2013,12,69,0,0,0,0,31.2733287811279,2013-12-01,25.1799392700195,14.9535188674927,10.6205577850342
25025030,Meteorológica Especial,Automática con Telemetría,Córdoba,Ayapel,8.2951,-75.1646,20,12/11/2014,,Caribe,Magdalena Cauca,Bajo Magdalena- Cauca -San Jorge,Bajo San Jorge - La Mojana,1.23272728919983,1.47272729873657,2,2,0.659420311450958,0.66304349899292,1,1,1.07000005245209,2013,12,70,0,0,0,0,19.4725646972656,2013-12-01,12.5185213088989,16.7651920318604,15.7860441207886
25025030,Meteorológica Especial,Automática con Telemetría,Córdoba,Ayapel,8.2951,-75.1646,20,12/11/2014,,Caribe,Magdalena Cauca,Bajo Magdalena- Cauca -San Jorge,Bajo San Jorge - La Mojana,1.23272728919983,1.47272729873657,2,2,0.659420311450958,0.66304349899292,1,1,1.07000005245209,2013,12,71,0,0,0,0,3.16513109207153,2013-12-01,0,2.01450896263123,0
25025030,Meteorológica Especial,Automática con Telemetría,Córdoba,Ayapel,8.2951,-75.1646,20,12/11/2014,,Caribe,Magdalena Cauca,Bajo Magdalena- Cauca -San Jorge,Bajo San Jorge - La Mojana,1.23272728919983,1.47272729873657,2,2,0.659420311450958,0.66304349899292,1,1,1.07000005245209,2013,12,72,0,0,0,0,4.3560357093811,2013-12-01,0,2.58434557914734,0
25025030,Meteorológica Especial,Automática con Telemetría,Córdoba,Ayapel,8.2951,-75.1646,20,12/11/2014,,Caribe,Magdalena Cauca,Bajo Magdalena- Cauca -San Jorge,Bajo San Jorge - La Mojana,1.23272728919983,1.47272729873657,2,2,0.659420311450958,0.66304349899292,1,1,1.08000004291534,2014,01,1,0,0,0,0,4.04057931900024,2014-01-01,0.192095160484314,3.01897835731506,0.256397634744644
25025030,Meteorológica Especial,Automática con Telemetría,Córdoba,Ayapel,8.2951,-75.1646,20,12/11/2014,,Caribe,Magdalena Cauca,Bajo Magdalena- Cauca -San Jorge,Bajo San Jorge - La Mojana,1.23272728919983,1.47272729873657,2,2,0.659420311450958,0.66304349899292,1,1,1.08000004291534,2014,01,2,16,16,17.2800006866455,0,10.5010175704956,2014-01-01,12.0066757202148,7.49314165115356,10.8693580627441
25025030,Meteorológica Especial,Automática con Telemetría,Córdoba,Ayapel,8.2951,-75.1646,20,12/11/2014,,Caribe,Magdalena Cauca,Bajo Magdalena- Cauca -San Jorge,Bajo San Jorge - La Mojana,1.23272728919983,1.47272729873657,2,2,0.659420311450958,0.66304349899292,1,1,1.08000004291534,2014,01,3,0,0,0,0,1.60339522361755,2014-01-01,0,0.997163355350494,0
25025030,Meteorológica Especial,Automática con Telemetría,Córdoba,Ayapel,8.2951,-75.1646,20,12/11/2014,,Caribe,Magdalena Cauca,Bajo Magdalena- Cauca -San Jorge,Bajo San Jorge - La Mojana,1.23272728919983,1.47272729873657,2,2,0.659420311450958,0.66304349899292,1,1,1.08000004291534,2014,01,4,0,0,0,0,1.71692776679993,2014-01-01,0,1.06048202514648,0
25025030,Meteorológica Especial,Automática con Telemetría,Córdoba,Ayapel,8.2951,-75.1646,20,12/11/2014,,Caribe,Magdalena Cauca,Bajo Magdalena- Cauca -San Jorge,Bajo San Jorge - La Mojana,1.23272728919983,1.47272729873657,2,2,0.659420311450958,0.66304349899292,1,1,1.08000004291534,2014,01,5,0,0,0,0,16.1102924346924,2014-01-01,31.0972747802734,5.88243818283081,15.1616144180298
25025030,Meteorológica Especial,Automática con Telemetría,Córdoba,Ayapel,8.2951,-75.1646,20,12/11/2014,,Caribe,Magdalena Cauca,Bajo Magdalena- Cauca -San Jorge,Bajo San Jorge - La Mojana,1.23272728919983,1.47272729873657,2,2,0.659420311450958,0.66304349899292,1,1,1.08000004291534,2014,01,6,0,0,0,0,4.12185001373291,2014-01-01,0,2.23168563842773,0
25025030,Meteorológica Especial,Automática con Telemetría,Córdoba,Ayapel,8.2951,-75.1646,20,12/11/2014,,Caribe,Magdalena Cauca,Bajo Magdalena- Cauca -San Jorge,Bajo San Jorge - La Mojana,1.23272728919983,1.47272729873657,2,2,0.659420311450958,0.66304349899292,1,1,1.11000001430511,2014,02,7,0,0,0,0,2.63836097717285,2014-02-01,0.206891357898712,2.28754878044128,0.401517957448959
25025030,Meteorológica Especial,Automática con Telemetría,Córdoba,Ayapel,8.2951,-75.1646,20,12/11/2014,,Caribe,Magdalena Cauca,Bajo Magdalena- Cauca -San Jorge,Bajo San Jorge - La Mojana,1.23272728919983,1.47272729873657,2,2,0.659420311450958,0.66304349899292,1,1,1.11000001430511,2014,02,8,0,0,0,0,2.83633923530579,2014-02-01,1.63348829746246,2.49541735649109,2.42637515068054
25025030,Meteorológica Especial,Automática con Telemetría,Córdoba,Ayapel,8.2951,-75.1646,20,12/11/2014,,Caribe,Magdalena Cauca,Bajo Magdalena- Cauca -San Jorge,Bajo San Jorge - La Mojana,1.23272728919983,1.47272729873657,2,2,0.659420311450958,0.66304349899292,1,1,1.11000001430511,2014,02,9,2,2,2.22000002861023,0,13.2378463745117,2014-02-01,7.82718849182129,8.93596172332764,7.63339805603027
25025030,Meteorológica Especial,Automática con Telemetría,Córdoba,Ayapel,8.2951,-75.1646,20,12/11/2014,,Caribe,Magdalena Cauca,Bajo Magdalena- Cauca -San Jorge,Bajo San Jorge - La Mojana,1.23272728919983,1.47272729873657,2,2,0.659420311450958,0.66304349899292,1,1,1.11000001430511,2014,02,10,0,0,0,0,2.48037576675415,2014-02-01,1.249680519104,2.23691725730896,1.85440945625305
25025030,Meteorológica Especial,Automática con Telemetría,Córdoba,Ayapel,8.2951,-75.1646,20,12/11/2014,,Caribe,Magdalena Cauca,Bajo Magdalena- Cauca -San Jorge,Bajo San Jorge - La Mojana,1.23272728919983,1.47272729873657,2,2,0.659420311450958,0.66304349899292,1,1,1.11000001430511,2014,02,11,0,0,0,0,2.14549684524536,2014-02-01,0.214416339993477,1.99572598934174,0.387101054191589
25025030,Meteorológica Especial,Automática con Telemetría,Córdoba,Ayapel,8.2951,-75.1646,20,12/11/2014,,Caribe,Magdalena Cauca,Bajo Magdalena- Cauca -San Jorge,Bajo San Jorge - La Mojana,1.23272728919983,1.47272729873657,2,2,0.659420311450958,0.66304349899292,1,1,1.11000001430511,2014,02,12,1,1,1.11000001430511,0,1.11158740520477,2014-02-01,0,1.96357822418213,0
25025030,Meteorológica Especial,Automática con Telemetría,Córdoba,Ayapel,8.2951,-75.1646,20,12/11/2014,,Caribe,Magdalena Cauca,Bajo Magdalena- Cauca -San Jorge,Bajo San Jorge - La Mojana,1.23272728919983,1.47272729873657,2,2,0.659420311450958,0.66304349899292,1,1,1.10000002384186,2014,03,13,20,20,22.0000004768372,0,4.88384056091309,2014-03-01,2.92995452880859,5.18821668624878,3.98207688331604
25025030,Meteorológica Especial,Automática con Telemetría,Córdoba,Ayapel,8.2951,-75.1646,20,12/11/2014,,Caribe,Magdalena Cauca,Bajo Magdalena- Cauca -San Jorge,Bajo San Jorge - La Mojana,1.23272728919983,1.47272729873657,2,2,0.659420311450958,0.66304349899292,1,1,1.10000002384186,2014,03,14,2.5,2.5,2.75000005960465,0,9.61868858337402,2014-03-01,10.8508911132812,9.63435745239258,9.94315719604492
25025030,Meteorológica Especial,Automática con Telemetría,Córdoba,Ayapel,8.2951,-75.1646,20,12/11/2014,,Caribe,Magdalena Cauca,Bajo Magdalena- Cauca -San Jorge,Bajo San Jorge - La Mojana,1.23272728919983,1.47272729873657,2,2,0.659420311450958,0.66304349899292,1,1,1.10000002384186,2014,03,15,0,0,0,0,1.71206450462341,2014-03-01,0,1.27083933353424,0
25025030,Meteorológica Especial,Automática con Telemetría,Córdoba,Ayapel,8.2951,-75.1646,20,12/11/2014,,Caribe,Magdalena Cauca,Bajo Magdalena- Cauca -San Jorge,Bajo San Jorge - La Mojana,1.23272728919983,1.47272729873657,2,2,0.659420311450958,0.66304349899292,1,1,1.10000002384186,2014,03,16,0,0,0,0,1.45735704898834,2014-03-01,0,1.14370501041412,0
25025030,Meteorológica Especial,Automática con Telemetría,Córdoba,Ayapel,8.2951,-75.1646,20,12/11/2014,,Caribe,Magdalena Cauca,Bajo Magdalena- Cauca -San Jorge,Bajo San Jorge - La Mojana,1.23272728919983,1.47272729873657,2,2,0.659420311450958,0.66304349899292,1,1,1.10000002384186,2014,03,17,0,0,0,0,2.1245903968811,2014-03-01,0,2.60064578056335,0
25025030,Meteorológica Especial,Automática con Telemetría,Córdoba,Ayapel,8.2951,-75.1646,20,12/11/2014,,Caribe,Magdalena Cauca,Bajo Magdalena- Cauca -San Jorge,Bajo San Jorge - La Mojana,1.23272728919983,1.47272729873657,2,2,0.659420311450958,0.66304349899292,1,1,1.10000002384186,2014,03,18,0,0,0,0,2.3477680683136,2014-03-01,0,1.2954136133194,0
25025030,Meteorológica Especial,Automática con Telemetría,Córdoba,Ayapel,8.2951,-75.1646,20,12/11/2014,,Caribe,Magdalena Cauca,Bajo Magdalena- Cauca -San Jorge,Bajo San Jorge - La Mojana,1.23272728919983,1.47272729873657,2,2,0.659420311450958,0.66304349899292,1,1,1.05999994277954,2014,04,19,3.5,3.5,3.70999979972839,0,23.8910427093506,2014-04-01,30.0666923522949,16.276195526123,15.1760587692261
25025030,Meteorológica Especial,Automática con Telemetría,Córdoba,Ayapel,8.2951,-75.1646,20,12/11/2014,,Caribe,Magdalena Cauca,Bajo Magdalena- Cauca -San Jorge,Bajo San Jorge - La Mojana,1.23272728919983,1.47272729873657,2,2,0.659420311450958,0.66304349899292,1,1,1.05999994277954,2014,04,20,7.5,7.5,7.94999957084656,0,15.9164505004883,2014-04-01,17.6089763641357,18.5081634521484,20.7544384002686
25025030,Meteorológica Especial,Automática con Telemetría,Córdoba,Ayapel,8.2951,-75.1646,20,12/11/2014,,Caribe,Magdalena Cauca,Bajo Magdalena- Cauca -San Jorge,Bajo San Jorge - La Mojana,1.23272728919983,1.47272729873657,2,2,0.659420311450958,0.66304349899292,1,1,1.05999994277954,2014,04,21,165.2,165.2,175.11199054718,0,14.2511148452759,2014-04-01,16.6170272827148,21.1177196502686,20.0984554290772
25025030,Meteorológica Especial,Automática con Telemetría,Córdoba,Ayapel,8.2951,-75.1646,20,12/11/2014,,Caribe,Magdalena Cauca,Bajo Magdalena- Cauca -San Jorge,Bajo San Jorge - La Mojana,1.23272728919983,1.47272729873657,2,2,0.659420311450958,0.66304349899292,1,1,1.05999994277954,2014,04,22,2.5,2.5,2.64999985694885,0,39.8342781066895,2014-04-01,50.0176544189453,27.8150901794434,29.7692890167236
25025030,Meteorológica Especial,Automática con Telemetría,Córdoba,Ayapel,8.2951,-75.1646,20,12/11/2014,,Caribe,Magdalena Cauca,Bajo Magdalena- Cauca -San Jorge,Bajo San Jorge - La Mojana,1.23272728919983,1.47272729873657,2,2,0.659420311450958,0.66304349899292,1,1,1.05999994277954,2014,04,23,21.2,21.2,22.4719987869263,0,39.9669990539551,2014-04-01,54.1558151245117,30.3271255493164,35.2386245727539
25025030,Meteorológica Especial,Automática con Telemetría,Córdoba,Ayapel,8.2951,-75.1646,20,12/11/2014,,Caribe,Magdalena Cauca,Bajo Magdalena- Cauca -San Jorge,Bajo San Jorge - La Mojana,1.23272728919983,1.47272729873657,2,2,0.659420311450958,0.66304349899292,1,1,1.05999994277954,2014,04,24,18.1,18.1,19.1859989643097,0,54.4379768371582,2014-04-01,61.2582893371582,38.7075881958008,41.258544921875
25025030,Meteorológica Especial,Automática con Telemetría,Córdoba,Ayapel,8.2951,-75.1646,20,12/11/2014,,Caribe,Magdalena Cauca,Bajo Magdalena- Cauca -San Jorge,Bajo San Jorge - La Mojana,1.23272728919983,1.47272729873657,2,2,0.659420311450958,0.66304349899292,1,1,1.04999995231628,2014,05,25,32.7,32.7,34.3349984407425,0,24.2605743408203,2014-05-01,22.7942848205566,22.6108264923096,24.3152408599854
25025030,Meteorológica Especial,Automática con Telemetría,Córdoba,Ayapel,8.2951,-75.1646,20,12/11/2014,,Caribe,Magdalena Cauca,Bajo Magdalena- Cauca -San Jorge,Bajo San Jorge - La Mojana,1.23272728919983,1.47272729873657,2,2,0.659420311450958,0.66304349899292,1,1,1.04999995231628,2014,05,26,33.4,33.4,35.0699984073639,0,42.5219345092773,2014-05-01,41.8648185729981,54.9055862426758,52.262321472168
25025030,Meteorológica Especial,Automática con Telemetría,Córdoba,Ayapel,8.2951,-75.1646,20,12/11/2014,,Caribe,Magdalena Cauca,Bajo Magdalena- Cauca -San Jorge,Bajo San Jorge - La Mojana,1.23272728919983,1.47272729873657,2,2,0.659420311450958,0.66304349899292,1,1,1.04999995231628,2014,05,27,11.8,11.8,12.3899994373322,0,16.0394630432129,2014-05-01,13.3184947967529,11.1168012619019,8.31096458435059
25025030,Meteorológica Especial,Automática con Telemetría,Córdoba,Ayapel,8.2951,-75.1646,20,12/11/2014,,Caribe,Magdalena Cauca,Bajo Magdalena- Cauca -San Jorge,Bajo San Jorge - La Mojana,1.23272728919983,1.47272729873657,2,2,0.659420311450958,0.66304349899292,1,1,1.04999995231628,2014,05,28,25.3,25.3,26.564998793602,0,32.6696815490723,2014-05-01,34.5452117919922,27.2075386047363,20.8801651000977
25025030,Meteorológica Especial,Automática con Telemetría,Córdoba,Ayapel,8.2951,-75.1646,20,12/11/2014,,Caribe,Magdalena Cauca,Bajo Magdalena- Cauca -San Jorge,Bajo San Jorge - La Mojana,1.23272728919983,1.47272729873657,2,2,0.659420311450958,0.66304349899292,1,1,1.04999995231628,2014,05,29,3,3,3.14999985694885,0,8.29275798797607,2014-05-01,2.5201632976532,8.14888381958008,3.18628644943237
25025030,Meteorológica Especial,Automática con Telemetría,Córdoba,Ayapel,8.2951,-75.1646,20,12/11/2014,,Caribe,Magdalena Cauca,Bajo Magdalena- Cauca -San Jorge,Bajo San Jorge - La Mojana,1.23272728919983,1.47272729873657,2,2,0.659420311450958,0.66304349899292,1,1,1.04999995231628,2014,05,30,7.4,7.4,7.7699996471405,0,65.2329635620117,2014-05-01,58.6221809387207,41.2587623596191,22.3591461181641
25025030,Meteorológica Especial,Automática con Telemetría,Córdoba,Ayapel,8.2951,-75.1646,20,12/11/2014,,Caribe,Magdalena Cauca,Bajo Magdalena- Cauca -San Jorge,Bajo San Jorge - La Mojana,1.23272728919983,1.47272729873657,2,2,0.659420311450958,0.66304349899292,1,1,1.04999995231628,2014,06,31,18.8,18.8,19.7399991035461,0,23.706916809082,2014-06-01,25.7847690582275,32.6563987731934,32.0491981506348
25025030,Meteorológica Especial,Automática con Telemetría,Córdoba,Ayapel,8.2951,-75.1646,20,12/11/2014,,Caribe,Magdalena Cauca,Bajo Magdalena- Cauca -San Jorge,Bajo San Jorge - La Mojana,1.23272728919983,1.47272729873657,2,2,0.659420311450958,0.66304349899292,1,1,1.04999995231628,2014,06,32,100,100,104.999995231628,0,57.4447174072266,2014-06-01,60.8284759521484,68.079719543457,58.8628082275391
25025030,Meteorológica Especial,Automática con Telemetría,Córdoba,Ayapel,8.2951,-75.1646,20,12/11/2014,,Caribe,Magdalena Cauca,Bajo Magdalena- Cauca -San Jorge,Bajo San Jorge - La Mojana,1.23272728919983,1.47272729873657,2,2,0.659420311450958,0.66304349899292,1,1,1.04999995231628,2014,06,33,33.6,33.6,35.2799983978272,0,33.0342903137207,2014-06-01,38.3000907897949,46.4831581115723,45.168399810791
25025030,Meteorológica Especial,Automática con Telemetría,Córdoba,Ayapel,8.2951,-75.1646,20,12/11/2014,,Caribe,Magdalena Cauca,Bajo Magdalena- Cauca -San Jorge,Bajo San Jorge - La Mojana,1.23272728919983,1.47272729873657,2,2,0.659420311450958,0.66304349899292,1,1,1.04999995231628,2014,06,34,15.4,15.4,16.1699992656708,0,41.1104431152344,2014-06-01,52.8591499328613,33.4736824035645,30.5986614227295
25025030,Meteorológica Especial,Automática con Telemetría,Córdoba,Ayapel,8.2951,-75.1646,20,12/11/2014,,Caribe,Magdalena Cauca,Bajo Magdalena- Cauca -San Jorge,Bajo San Jorge - La Mojana,1.23272728919983,1.47272729873657,2,2,0.659420311450958,0.66304349899292,1,1,1.04999995231628,2014,06,35,41.1,41.1,43.1549980401993,0,62.1915245056152,2014-06-01,79.6799545288086,69.2119064331055,49.0899810791016
25025030,Meteorológica Especial,Automática con Telemetría,Córdoba,Ayapel,8.2951,-75.1646,20,12/11/2014,,Caribe,Magdalena Cauca,Bajo Magdalena- Cauca -San Jorge,Bajo San Jorge - La Mojana,1.23272728919983,1.47272729873657,2,2,0.659420311450958,0.66304349899292,1,1,1.04999995231628,2014,06,36,18.6,18.6,19.5299991130829,0,20.4759559631348,2014-06-01,26.1664390563965,36.5159950256348,53.852970123291
25025030,Meteorológica Especial,Automática con Telemetría,Córdoba,Ayapel,8.2951,-75.1646,20,12/11/2014,,Caribe,Magdalena Cauca,Bajo Magdalena- Cauca -San Jorge,Bajo San Jorge - La Mojana,1.23272728919983,1.47272729873657,2,2,0.659420311450958,0.66304349899292,1,1,1.04999995231628,2014,07,37,11,11,11.5499994754791,0,43.462890625,2014-07-01,50.2713928222656,25.0455513000488,30.9842319488525
25025030,Meteorológica Especial,Automática con Telemetría,Córdoba,Ayapel,8.2951,-75.1646,20,12/11/2014,,Caribe,Magdalena Cauca,Bajo Magdalena- Cauca -San Jorge,Bajo San Jorge - La Mojana,1.23272728919983,1.47272729873657,2,2,0.659420311450958,0.66304349899292,1,1,1.04999995231628,2014,07,38,17.2,17.2,18.0599991798401,0,35.454029083252,2014-07-01,42.6894683837891,25.7264881134033,14.3271551132202
25025030,Meteorológica Especial,Automática con Telemetría,Córdoba,Ayapel,8.2951,-75.1646,20,12/11/2014,,Caribe,Magdalena Cauca,Bajo Magdalena- Cauca -San Jorge,Bajo San Jorge - La Mojana,1.23272728919983,1.47272729873657,2,2,0.659420311450958,0.66304349899292,1,1,1.04999995231628,2014,07,39,28.2,28.2,29.6099986553192,0,39.8319702148438,2014-07-01,49.0200347900391,40.8235740661621,21.4015560150147
25025030,Meteorológica Especial,Automática con Telemetría,Córdoba,Ayapel,8.2951,-75.1646,20,12/11/2014,,Caribe,Magdalena Cauca,Bajo Magdalena- Cauca -San Jorge,Bajo San Jorge - La Mojana,1.23272728919983,1.47272729873657,2,2,0.659420311450958,0.66304349899292,1,1,1.04999995231628,2014,07,40,85,85,89.2499959468842,0,31.2721424102783,2014-07-01,34.3259658813477,37.9794807434082,24.7770156860352
25025030,Meteorológica Especial,Automática con Telemetría,Córdoba,Ayapel,8.2951,-75.1646,20,12/11/2014,,Caribe,Magdalena Cauca,Bajo Magdalena- Cauca -San Jorge,Bajo San Jorge - La Mojana,1.23272728919983,1.47272729873657,2,2,0.659420311450958,0.66304349899292,1,1,1.04999995231628,2014,07,41,1.5,1.5,1.57499992847443,0,33.6808853149414,2014-07-01,36.8974533081055,26.570650100708,24.8858776092529
25025030,Meteorológica Especial,Automática con Telemetría,Córdoba,Ayapel,8.2951,-75.1646,20,12/11/2014,,Caribe,Magdalena Cauca,Bajo Magdalena- Cauca -San Jorge,Bajo San Jorge - La Mojana,1.23272728919983,1.47272729873657,2,2,0.659420311450958,0.66304349899292,1,1,1.04999995231628,2014,07,42,73,73,76.6499965190888,0,72.9906692504883,2014-07-01,82.2885818481445,98.4082489013672,73.2010879516602
25025030,Meteorológica Especial,Automática con Telemetría,Córdoba,Ayapel,8.2951,-75.1646,20,12/11/2014,,Caribe,Magdalena Cauca,Bajo Magdalena- Cauca -San Jorge,Bajo San Jorge - La Mojana,1.23272728919983,1.47272729873657,2,2,0.659420311450958,0.66304349899292,1,1,1.04999995231628,2014,08,43,78.6,78.6,82.5299962520599,0,47.7590103149414,2014-08-01,52.2975311279297,101.922859191895,109.314262390137
25025030,Meteorológica Especial,Automática con Telemetría,Córdoba,Ayapel,8.2951,-75.1646,20,12/11/2014,,Caribe,Magdalena Cauca,Bajo Magdalena- Cauca -San Jorge,Bajo San Jorge - La Mojana,1.23272728919983,1.47272729873657,2,2,0.659420311450958,0.66304349899292,1,1,1.04999995231628,2014,08,44,82.4,82.4,86.5199960708618,0,96.3285064697266,2014-08-01,107.186584472656,152.388580322266,124.529022216797
25025030,Meteorológica Especial,Automática con Telemetría,Córdoba,Ayapel,8.2951,-75.1646,20,12/11/2014,,Caribe,Magdalena Cauca,Bajo Magdalena- Cauca -San Jorge,Bajo San Jorge - La Mojana,1.23272728919983,1.47272729873657,2,2,0.659420311450958,0.66304349899292,1,1,1.04999995231628,2014,08,45,40,40,41.9999980926514,0,61.3098983764649,2014-08-01,69.3417816162109,66.2400588989258,56.3174476623535
25025030,Meteorológica Especial,Automática con Telemetría,Córdoba,Ayapel,8.2951,-75.1646,20,12/11/2014,,Caribe,Magdalena Cauca,Bajo Magdalena- Cauca -San Jorge,Bajo San Jorge - La Mojana,1.23272728919983,1.47272729873657,2,2,0.659420311450958,0.66304349899292,1,1,1.04999995231628,2014,08,46,45.3,45.3,47.5649978399277,0,73.9136505126953,2014-08-01,87.0831985473633,79.4068298339844,90.6178894042969
25025030,Meteorológica Especial,Automática con Telemetría,Córdoba,Ayapel,8.2951,-75.1646,20,12/11/2014,,Caribe,Magdalena Cauca,Bajo Magdalena- Cauca -San Jorge,Bajo San Jorge - La Mojana,1.23272728919983,1.47272729873657,2,2,0.659420311450958,0.66304349899292,1,1,1.04999995231628,2014,08,47,21.8,21.8,22.889998960495,0,67.3602676391602,2014-08-01,76.322021484375,65.0615386962891,51.5508346557617
25025030,Meteorológica Especial,Automática con Telemetría,Córdoba,Ayapel,8.2951,-75.1646,20,12/11/2014,,Caribe,Magdalena Cauca,Bajo Magdalena- Cauca -San Jorge,Bajo San Jorge - La Mojana,1.23272728919983,1.47272729873657,2,2,0.659420311450958,0.66304349899292,1,1,1.04999995231628,2014,08,48,137.4,137.4,144.269993448257,0,79.4308090209961,2014-08-01,75.5353393554688,105.849182128906,103.114585876465
25025030,Meteorológica Especial,Automática con Telemetría,Córdoba,Ayapel,8.2951,-75.1646,20,12/11/2014,,Caribe,Magdalena Cauca,Bajo Magdalena- Cauca -San Jorge,Bajo San Jorge - La Mojana,1.23272728919983,1.47272729873657,2,2,0.659420311450958,0.66304349899292,1,1,1.04999995231628,2014,09,49,188,188,197.399991035461,0,47.7974281311035,2014-09-01,54.7780990600586,90.1689453125,92.5627059936524
25025030,Meteorológica Especial,Automática con Telemetría,Córdoba,Ayapel,8.2951,-75.1646,20,12/11/2014,,Caribe,Magdalena Cauca,Bajo Magdalena- Cauca -San Jorge,Bajo San Jorge - La Mojana,1.23272728919983,1.47272729873657,2,2,0.659420311450958,0.66304349899292,1,1,1.04999995231628,2014,09,50,46.5,46.5,48.8249977827072,0,49.8515815734863,2014-09-01,58.4561004638672,59.6681213378906,62.7331848144531
25025030,Meteorológica Especial,Automática con Telemetría,Córdoba,Ayapel,8.2951,-75.1646,20,12/11/2014,,Caribe,Magdalena Cauca,Bajo Magdalena- Cauca -San Jorge,Bajo San Jorge - La Mojana,1.23272728919983,1.47272729873657,2,2,0.659420311450958,0.66304349899292,1,1,1.04999995231628,2014,09,51,66,66,69.2999968528748,0,55.3296890258789,2014-09-01,68.9336929321289,70.6382369995117,82.8263626098633
25025030,Meteorológica Especial,Automática con Telemetría,Córdoba,Ayapel,8.2951,-75.1646,20,12/11/2014,,Caribe,Magdalena Cauca,Bajo Magdalena- Cauca -San Jorge,Bajo San Jorge - La Mojana,1.23272728919983,1.47272729873657,2,2,0.659420311450958,0.66304349899292,1,1,1.04999995231628,2014,09,52,29.2,29.2,30.6599986076355,0,54.1765403747559,2014-09-01,64.5264587402344,71.4735794067383,50.2023429870606
25025030,Meteorológica Especial,Automática con Telemetría,Córdoba,Ayapel,8.2951,-75.1646,20,12/11/2014,,Caribe,Magdalena Cauca,Bajo Magdalena- Cauca -San Jorge,Bajo San Jorge - La Mojana,1.23272728919983,1.47272729873657,2,2,0.659420311450958,0.66304349899292,1,1,1.04999995231628,2014,09,53,16.5,16.5,17.3249992132187,0,33.247615814209,2014-09-01,27.9581565856934,12.8661661148071,17.3780784606934
25025030,Meteorológica Especial,Automática con Telemetría,Córdoba,Ayapel,8.2951,-75.1646,20,12/11/2014,,Caribe,Magdalena Cauca,Bajo Magdalena- Cauca -San Jorge,Bajo San Jorge - La Mojana,1.23272728919983,1.47272729873657,2,2,0.659420311450958,0.66304349899292,1,1,1.04999995231628,2014,09,54,1.5,1.5,1.57499992847443,0,43.4728775024414,2014-09-01,37.5971755981445,23.7451858520508,27.7416305541992
25025030,Meteorológica Especial,Automática con Telemetría,Córdoba,Ayapel,8.2951,-75.1646,20,12/11/2014,,Caribe,Magdalena Cauca,Bajo Magdalena- Cauca -San Jorge,Bajo San Jorge - La Mojana,1.23272728919983,1.47272729873657,2,2,0.659420311450958,0.66304349899292,1,1,1.04999995231628,2014,10,55,56.2,56.2,59.0099973201752,0,65.6833343505859,2014-10-01,64.5479507446289,56.9260215759277,52.8736877441406
25025030,Meteorológica Especial,Automática con Telemetría,Córdoba,Ayapel,8.2951,-75.1646,20,12/11/2014,,Caribe,Magdalena Cauca,Bajo Magdalena- Cauca -San Jorge,Bajo San Jorge - La Mojana,1.23272728919983,1.47272729873657,2,2,0.659420311450958,0.66304349899292,1,1,1.04999995231628,2014,10,56,2,2,2.09999990463257,0,69.1122436523438,2014-10-01,60.9344596862793,40.8107299804688,33.7372245788574
25025030,Meteorológica Especial,Automática con Telemetría,Córdoba,Ayapel,8.2951,-75.1646,20,12/11/2014,,Caribe,Magdalena Cauca,Bajo Magdalena- Cauca -San Jorge,Bajo San Jorge - La Mojana,1.23272728919983,1.47272729873657,2,2,0.659420311450958,0.66304349899292,1,1,1.04999995231628,2014,10,57,31.6,31.6,33.1799984931946,0,47.2887954711914,2014-10-01,34.7562942504883,30.338098526001,27.4974956512451
25025030,Meteorológica Especial,Automática con Telemetría,Córdoba,Ayapel,8.2951,-75.1646,20,12/11/2014,,Caribe,Magdalena Cauca,Bajo Magdalena- Cauca -San Jorge,Bajo San Jorge - La Mojana,1.23272728919983,1.47272729873657,2,2,0.659420311450958,0.66304349899292,1,1,1.04999995231628,2014,10,58,9,9,9.44999957084656,0,57.0488204956055,2014-10-01,41.9868888854981,27.4753551483154,20.4536819458008
25025030,Meteorológica Especial,Automática con Telemetría,Córdoba,Ayapel,8.2951,-75.1646,20,12/11/2014,,Caribe,Magdalena Cauca,Bajo Magdalena- Cauca -San Jorge,Bajo San Jorge - La Mojana,1.23272728919983,1.47272729873657,2,2,0.659420311450958,0.66304349899292,1,1,1.04999995231628,2014,10,59,30.6,30.6,32.1299985408783,0,62.0647850036621,2014-10-01,52.7579002380371,28.8629932403564,31.8771324157715
25025030,Meteorológica Especial,Automática con Telemetría,Córdoba,Ayapel,8.2951,-75.1646,20,12/11/2014,,Caribe,Magdalena Cauca,Bajo Magdalena- Cauca -San Jorge,Bajo San Jorge - La Mojana,1.23272728919983,1.47272729873657,2,2,0.659420311450958,0.66304349899292,1,1,1.04999995231628,2014,10,60,5.4,5.4,5.66999974250794,0,62.0612983703613,2014-10-01,44.0965766906738,29.1971397399902,26.116060256958
25025030,Meteorológica Especial,Automática con Telemetría,Córdoba,Ayapel,8.2951,-75.1646,20,12/11/2014,,Caribe,Magdalena Cauca,Bajo Magdalena- Cauca -San Jorge,Bajo San Jorge - La Mojana,1.23272728919983,1.47272729873657,2,2,0.659420311450958,0.66304349899292,1,1,1.04999995231628,2014,11,61,56.2,56.2,59.0099973201752,0,37.6115875244141,2014-11-01,23.848934173584,77.2883224487305,56.0397148132324
25025030,Meteorológica Especial,Automática con Telemetría,Córdoba,Ayapel,8.2951,-75.1646,20,12/11/2014,,Caribe,Magdalena Cauca,Bajo Magdalena- Cauca -San Jorge,Bajo San Jorge - La Mojana,1.23272728919983,1.47272729873657,2,2,0.659420311450958,0.66304349899292,1,1,1.04999995231628,2014,11,62,17.2,17.2,18.0599991798401,0,61.240421295166,2014-11-01,47.1461906433106,57.2368812561035,66.2636108398438
25025030,Meteorológica Especial,Automática con Telemetría,Córdoba,Ayapel,8.2951,-75.1646,20,12/11/2014,,Caribe,Magdalena Cauca,Bajo Magdalena- Cauca -San Jorge,Bajo San Jorge - La Mojana,1.23272728919983,1.47272729873657,2,2,0.659420311450958,0.66304349899292,1,1,1.04999995231628,2014,11,63,40.7,40.7,42.7349980592728,0,12.8639297485352,2014-11-01,3.77018570899963,21.5104789733887,15.3162231445313
25025030,Meteorológica Especial,Automática con Telemetría,Córdoba,Ayapel,8.2951,-75.1646,20,12/11/2014,,Caribe,Magdalena Cauca,Bajo Magdalena- Cauca -San Jorge,Bajo San Jorge - La Mojana,1.23272728919983,1.47272729873657,2,2,0.659420311450958,0.66304349899292,1,1,1.04999995231628,2014,11,64,135,135,141.749993562698,0,90.5057830810547,2014-11-01,80.2399139404297,87.61865234375,118.88143157959
25025030,Meteorológica Especial,Automática con Telemetría,Córdoba,Ayapel,8.2951,-75.1646,20,12/11/2014,,Caribe,Magdalena Cauca,Bajo Magdalena- Cauca -San Jorge,Bajo San Jorge - La Mojana,1.23272728919983,1.47272729873657,2,2,0.659420311450958,0.66304349899292,1,1,1.04999995231628,2014,11,65,13.2,13.2,13.859999370575,0,22.1812553405762,2014-11-01,11.5095682144165,23.7256240844727,18.4168434143066
25025030,Meteorológica Especial,Automática con Telemetría,Córdoba,Ayapel,8.2951,-75.1646,20,12/11/2014,,Caribe,Magdalena Cauca,Bajo Magdalena- Cauca -San Jorge,Bajo San Jorge - La Mojana,1.23272728919983,1.47272729873657,2,2,0.659420311450958,0.66304349899292,1,1,1.04999995231628,2014,11,66,0,0,0,0,9.26596641540527,2014-11-01,1.13812577724457,7.30239629745483,1.65742325782776
25025030,Meteorológica Especial,Automática con Telemetría,Córdoba,Ayapel,8.2951,-75.1646,20,12/11/2014,,Caribe,Magdalena Cauca,Bajo Magdalena- Cauca -San Jorge,Bajo San Jorge - La Mojana,1.23272728919983,1.47272729873657,2,2,0.659420311450958,0.66304349899292,1,1,1.07000005245209,2014,12,67,47.2,47.2,50.5040024757385,0,43.2794456481934,2014-12-01,35.2221908569336,37.2409515380859,26.5011119842529
25025030,Meteorológica Especial,Automática con Telemetría,Córdoba,Ayapel,8.2951,-75.1646,20,12/11/2014,,Caribe,Magdalena Cauca,Bajo Magdalena- Cauca -San Jorge,Bajo San Jorge - La Mojana,1.23272728919983,1.47272729873657,2,2,0.659420311450958,0.66304349899292,1,1,1.07000005245209,2014,12,68,10.4,10.4,11.1280005455017,0,23.7206745147705,2014-12-01,19.8369445800781,16.9380664825439,16.207649230957
25025030,Meteorológica Especial,Automática con Telemetría,Córdoba,Ayapel,8.2951,-75.1646,20,12/11/2014,,Caribe,Magdalena Cauca,Bajo Magdalena- Cauca -San Jorge,Bajo San Jorge - La Mojana,1.23272728919983,1.47272729873657,2,2,0.659420311450958,0.66304349899292,1,1,1.07000005245209,2014,12,69,5.1,5.1,5.45700026750565,0,45.0035591125488,2014-12-01,40.6304969787598,25.0060958862305,15.220344543457
25025030,Meteorológica Especial,Automática con Telemetría,Córdoba,Ayapel,8.2951,-75.1646,20,12/11/2014,,Caribe,Magdalena Cauca,Bajo Magdalena- Cauca -San Jorge,Bajo San Jorge - La Mojana,1.23272728919983,1.47272729873657,2,2,0.659420311450958,0.66304349899292,1,1,1.07000005245209,2014,12,70,0,0,0,0,2.97718548774719,2014-12-01,0,1.84567058086395,0
25025030,Meteorológica Especial,Automática con Telemetría,Córdoba,Ayapel,8.2951,-75.1646,20,12/11/2014,,Caribe,Magdalena Cauca,Bajo Magdalena- Cauca -San Jorge,Bajo San Jorge - La Mojana,1.23272728919983,1.47272729873657,2,2,0.659420311450958,0.66304349899292,1,1,1.07000005245209,2014,12,71,0,0,0,0,3.16513109207153,2014-12-01,0,1.89521193504334,0
25025030,Meteorológica Especial,Automática con Telemetría,Córdoba,Ayapel,8.2951,-75.1646,20,12/11/2014,,Caribe,Magdalena Cauca,Bajo Magdalena- Cauca -San Jorge,Bajo San Jorge - La Mojana,1.23272728919983,1.47272729873657,2,2,0.659420311450958,0.66304349899292,1,1,1.07000005245209,2014,12,72,0,0,0,0,4.3560357093811,2014-12-01,0,3.07083773612976,0
25025030,Meteorológica Especial,Automática con Telemetría,Córdoba,Ayapel,8.2951,-75.1646,20,12/11/2014,,Caribe,Magdalena Cauca,Bajo Magdalena- Cauca -San Jorge,Bajo San Jorge - La Mojana,1.23272728919983,1.47272729873657,2,2,0.659420311450958,0.66304349899292,1,1,1.08000004291534,2015,01,1,0,0,0,0,1.52877521514893,2015-01-01,0,1.03799271583557,0
25025030,Meteorológica Especial,Automática con Telemetría,Córdoba,Ayapel,8.2951,-75.1646,20,12/11/2014,,Caribe,Magdalena Cauca,Bajo Magdalena- Cauca -San Jorge,Bajo San Jorge - La Mojana,1.23272728919983,1.47272729873657,2,2,0.659420311450958,0.66304349899292,1,1,1.08000004291534,2015,01,2,0,0,0,0,1.47104859352112,2015-01-01,0,1.01953971385956,0
25025030,Meteorológica Especial,Automática con Telemetría,Córdoba,Ayapel,8.2951,-75.1646,20,12/11/2014,,Caribe,Magdalena Cauca,Bajo Magdalena- Cauca -San Jorge,Bajo San Jorge - La Mojana,1.23272728919983,1.47272729873657,2,2,0.659420311450958,0.66304349899292,1,1,1.08000004291534,2015,01,3,0,0,0,0,9.07014560699463,2015-01-01,7.21879959106445,6.27578115463257,6.24435091018677
25025030,Meteorológica Especial,Automática con Telemetría,Córdoba,Ayapel,8.2951,-75.1646,20,12/11/2014,,Caribe,Magdalena Cauca,Bajo Magdalena- Cauca -San Jorge,Bajo San Jorge - La Mojana,1.23272728919983,1.47272729873657,2,2,0.659420311450958,0.66304349899292,1,1,1.08000004291534,2015,01,4,0,0,0,0,6.2530574798584,2015-01-01,2.10403227806091,2.63943314552307,2.20053791999817
25025030,Meteorológica Especial,Automática con Telemetría,Córdoba,Ayapel,8.2951,-75.1646,20,12/11/2014,,Caribe,Magdalena Cauca,Bajo Magdalena- Cauca -San Jorge,Bajo San Jorge - La Mojana,1.23272728919983,1.47272729873657,2,2,0.659420311450958,0.66304349899292,1,1,1.08000004291534,2015,01,5,7.7,7.7,8.31600033044815,0,16.1102924346924,2015-01-01,22.6887588500977,7.37669944763184,9.56633472442627
25025030,Meteorológica Especial,Automática con Telemetría,Córdoba,Ayapel,8.2951,-75.1646,20,12/11/2014,,Caribe,Magdalena Cauca,Bajo Magdalena- Cauca -San Jorge,Bajo San Jorge - La Mojana,1.23272728919983,1.47272729873657,2,2,0.659420311450958,0.66304349899292,1,1,1.08000004291534,2015,01,6,0,0,0,0,4.12185001373291,2015-01-01,0,2.23901605606079,0
25025030,Meteorológica Especial,Automática con Telemetría,Córdoba,Ayapel,8.2951,-75.1646,20,12/11/2014,,Caribe,Magdalena Cauca,Bajo Magdalena- Cauca -San Jorge,Bajo San Jorge - La Mojana,1.23272728919983,1.47272729873657,2,2,0.659420311450958,0.66304349899292,1,1,1.11000001430511,2015,02,7,0,0,0,0,6.79697895050049,2015-02-01,1.96539711952209,7.52175760269165,2.90079808235168
25025030,Meteorológica Especial,Automática con Telemetría,Córdoba,Ayapel,8.2951,-75.1646,20,12/11/2014,,Caribe,Magdalena Cauca,Bajo Magdalena- Cauca -San Jorge,Bajo San Jorge - La Mojana,1.23272728919983,1.47272729873657,2,2,0.659420311450958,0.66304349899292,1,1,1.11000001430511,2015,02,8,0,0,0,0,28.1392021179199,2015-02-01,25.2665538787842,40.6615867614746,12.1262378692627
25025030,Meteorológica Especial,Automática con Telemetría,Córdoba,Ayapel,8.2951,-75.1646,20,12/11/2014,,Caribe,Magdalena Cauca,Bajo Magdalena- Cauca -San Jorge,Bajo San Jorge - La Mojana,1.23272728919983,1.47272729873657,2,2,0.659420311450958,0.66304349899292,1,1,1.11000001430511,2015,02,9,0,0,0,0,9.29412364959717,2015-02-01,6.08741807937622,4.77950668334961,4.42764091491699
25025030,Meteorológica Especial,Automática con Telemetría,Córdoba,Ayapel,8.2951,-75.1646,20,12/11/2014,,Caribe,Magdalena Cauca,Bajo Magdalena- Cauca -San Jorge,Bajo San Jorge - La Mojana,1.23272728919983,1.47272729873657,2,2,0.659420311450958,0.66304349899292,1,1,1.11000001430511,2015,02,10,0,0,0,0,2.48037576675415,2015-02-01,1.249680519104,2.13066077232361,1.72518718242645
25025030,Meteorológica Especial,Automática con Telemetría,Córdoba,Ayapel,8.2951,-75.1646,20,12/11/2014,,Caribe,Magdalena Cauca,Bajo Magdalena- Cauca -San Jorge,Bajo San Jorge - La Mojana,1.23272728919983,1.47272729873657,2,2,0.659420311450958,0.66304349899292,1,1,1.11000001430511,2015,02,11,0,0,0,0,4.07744407653809,2015-02-01,1.74493825435638,2.24000358581543,1.46915876865387
25025030,Meteorológica Especial,Automática con Telemetría,Córdoba,Ayapel,8.2951,-75.1646,20,12/11/2014,,Caribe,Magdalena Cauca,Bajo Magdalena- Cauca -San Jorge,Bajo San Jorge - La Mojana,1.23272728919983,1.47272729873657,2,2,0.659420311450958,0.66304349899292,1,1,1.11000001430511,2015,02,12,0,0,0,0,1.11158740520477,2015-02-01,0,0.679525852203369,0
25025030,Meteorológica Especial,Automática con Telemetría,Córdoba,Ayapel,8.2951,-75.1646,20,12/11/2014,,Caribe,Magdalena Cauca,Bajo Magdalena- Cauca -San Jorge,Bajo San Jorge - La Mojana,1.23272728919983,1.47272729873657,2,2,0.659420311450958,0.66304349899292,1,1,1.10000002384186,2015,03,13,0,0,0,0,2.46434307098389,2015-03-01,0,5.31929445266724,0
25025030,Meteorológica Especial,Automática con Telemetría,Córdoba,Ayapel,8.2951,-75.1646,20,12/11/2014,,Caribe,Magdalena Cauca,Bajo Magdalena- Cauca -San Jorge,Bajo San Jorge - La Mojana,1.23272728919983,1.47272729873657,2,2,0.659420311450958,0.66304349899292,1,1,1.10000002384186,2015,03,14,0,0,0,0,2.04776573181152,2015-03-01,0,1.90180206298828,0
25025030,Meteorológica Especial,Automática con Telemetría,Córdoba,Ayapel,8.2951,-75.1646,20,12/11/2014,,Caribe,Magdalena Cauca,Bajo Magdalena- Cauca -San Jorge,Bajo San Jorge - La Mojana,1.23272728919983,1.47272729873657,2,2,0.659420311450958,0.66304349899292,1,1,1.10000002384186,2015,03,15,0,0,0,0,1.71206450462341,2015-03-01,0,1.65544021129608,0
25025030,Meteorológica Especial,Automática con Telemetría,Córdoba,Ayapel,8.2951,-75.1646,20,12/11/2014,,Caribe,Magdalena Cauca,Bajo Magdalena- Cauca -San Jorge,Bajo San Jorge - La Mojana,1.23272728919983,1.47272729873657,2,2,0.659420311450958,0.66304349899292,1,1,1.10000002384186,2015,03,16,25.7,25.7,28.2700006127357,0,2.88819313049316,2015-03-01,0,2.82155299186707,0
25025030,Meteorológica Especial,Automática con Telemetría,Córdoba,Ayapel,8.2951,-75.1646,20,12/11/2014,,Caribe,Magdalena Cauca,Bajo Magdalena- Cauca -San Jorge,Bajo San Jorge - La Mojana,1.23272728919983,1.47272729873657,2,2,0.659420311450958,0.66304349899292,1,1,1.10000002384186,2015,03,17,0,0,0,0,2.12751722335815,2015-03-01,0,2.03140115737915,0
25025030,Meteorológica Especial,Automática con Telemetría,Córdoba,Ayapel,8.2951,-75.1646,20,12/11/2014,,Caribe,Magdalena Cauca,Bajo Magdalena- Cauca -San Jorge,Bajo San Jorge - La Mojana,1.23272728919983,1.47272729873657,2,2,0.659420311450958,0.66304349899292,1,1,1.10000002384186,2015,03,18,16,16,17.6000003814697,0,15.4289350509644,2015-03-01,16.3654842376709,9.1202220916748,29.6151008605957
25025030,Meteorológica Especial,Automática con Telemetría,Córdoba,Ayapel,8.2951,-75.1646,20,12/11/2014,,Caribe,Magdalena Cauca,Bajo Magdalena- Cauca -San Jorge,Bajo San Jorge - La Mojana,1.23272728919983,1.47272729873657,2,2,0.659420311450958,0.66304349899292,1,1,1.05999994277954,2015,04,19,22.8,22.8,24.1679986953735,0,7.29448175430298,2015-04-01,17.5137977600098,4.17732763290405,19.434024810791
25025030,Meteorológica Especial,Automática con Telemetría,Córdoba,Ayapel,8.2951,-75.1646,20,12/11/2014,,Caribe,Magdalena Cauca,Bajo Magdalena- Cauca -San Jorge,Bajo San Jorge - La Mojana,1.23272728919983,1.47272729873657,2,2,0.659420311450958,0.66304349899292,1,1,1.05999994277954,2015,04,20,29,29,30.7399983406067,0,37.6786155700684,2015-04-01,47.6699066162109,33.4247512817383,24.2104759216309
25025030,Meteorológica Especial,Automática con Telemetría,Córdoba,Ayapel,8.2951,-75.1646,20,12/11/2014,,Caribe,Magdalena Cauca,Bajo Magdalena- Cauca -San Jorge,Bajo San Jorge - La Mojana,1.23272728919983,1.47272729873657,2,2,0.659420311450958,0.66304349899292,1,1,1.05999994277954,2015,04,21,1.5,1.5,1.58999991416931,0,31.5850276947022,2015-04-01,49.5756950378418,43.8654823303223,35.5260238647461
25025030,Meteorológica Especial,Automática con Telemetría,Córdoba,Ayapel,8.2951,-75.1646,20,12/11/2014,,Caribe,Magdalena Cauca,Bajo Magdalena- Cauca -San Jorge,Bajo San Jorge - La Mojana,1.23272728919983,1.47272729873657,2,2,0.659420311450958,0.66304349899292,1,1,1.05999994277954,2015,04,22,103.8,103.8,110.027994060516,0,24.4740867614746,2015-04-01,27.4920387268066,21.7109966278076,52.5967216491699
25025030,Meteorológica Especial,Automática con Telemetría,Córdoba,Ayapel,8.2951,-75.1646,20,12/11/2014,,Caribe,Magdalena Cauca,Bajo Magdalena- Cauca -San Jorge,Bajo San Jorge - La Mojana,1.23272728919983,1.47272729873657,2,2,0.659420311450958,0.66304349899292,1,1,1.05999994277954,2015,04,23,10.8,10.8,11.447999382019,0,16.8185329437256,2015-04-01,19.13498878479,7.05091857910156,10.4810514450073
25025030,Meteorológica Especial,Automática con Telemetría,Córdoba,Ayapel,8.2951,-75.1646,20,12/11/2014,,Caribe,Magdalena Cauca,Bajo Magdalena- Cauca -San Jorge,Bajo San Jorge - La Mojana,1.23272728919983,1.47272729873657,2,2,0.659420311450958,0.66304349899292,1,1,1.05999994277954,2015,04,24,8.2,8.2,8.69199953079224,0,15.4920330047607,2015-04-01,13.5835857391357,23.1132888793945,13.2935285568237
25025030,Meteorológica Especial,Automática con Telemetría,Córdoba,Ayapel,8.2951,-75.1646,20,12/11/2014,,Caribe,Magdalena Cauca,Bajo Magdalena- Cauca -San Jorge,Bajo San Jorge - La Mojana,1.23272728919983,1.47272729873657,2,2,0.659420311450958,0.66304349899292,1,1,1.04999995231628,2015,05,25,0.8,0.8,0.839999961853027,0,19.9713687896729,2015-05-01,17.0140399932861,19.9713687896729,8.32145214080811
25025030,Meteorológica Especial,Automática con Telemetría,Córdoba,Ayapel,8.2951,-75.1646,20,12/11/2014,,Caribe,Magdalena Cauca,Bajo Magdalena- Cauca -San Jorge,Bajo San Jorge - La Mojana,1.23272728919983,1.47272729873657,2,2,0.659420311450958,0.66304349899292,1,1,1.04999995231628,2015,05,26,44.6,44.6,46.8299978733063,0,42.5219345092773,2015-05-01,42.7091026306152,42.5219345092773,25.0919933319092
25025030,Meteorológica Especial,Automática con Telemetría,Córdoba,Ayapel,8.2951,-75.1646,20,12/11/2014,,Caribe,Magdalena Cauca,Bajo Magdalena- Cauca -San Jorge,Bajo San Jorge - La Mojana,1.23272728919983,1.47272729873657,2,2,0.659420311450958,0.66304349899292,1,1,1.04999995231628,2015,05,27,48,48,50.3999977111817,0,54.6554870605469,2015-05-01,55.6226005554199,54.6554870605469,43.0951156616211
25025030,Meteorológica Especial,Automática con Telemetría,Córdoba,Ayapel,8.2951,-75.1646,20,12/11/2014,,Caribe,Magdalena Cauca,Bajo Magdalena- Cauca -San Jorge,Bajo San Jorge - La Mojana,1.23272728919983,1.47272729873657,2,2,0.659420311450958,0.66304349899292,1,1,1.04999995231628,2015,05,28,74,74,77.699996471405,0,55.0149192810059,2015-05-01,56.0204658508301,55.0149192810059,74.9637908935547
25025030,Meteorológica Especial,Automática con Telemetría,Córdoba,Ayapel,8.2951,-75.1646,20,12/11/2014,,Caribe,Magdalena Cauca,Bajo Magdalena- Cauca -San Jorge,Bajo San Jorge - La Mojana,1.23272728919983,1.47272729873657,2,2,0.659420311450958,0.66304349899292,1,1,1.04999995231628,2015,05,29,90.8,90.8,95.3399956703186,0,44.7442512512207,2015-05-01,46.0537147521973,44.7442512512207,70.3889846801758
25025030,Meteorológica Especial,Automática con Telemetría,Córdoba,Ayapel,8.2951,-75.1646,20,12/11/2014,,Caribe,Magdalena Cauca,Bajo Magdalena- Cauca -San Jorge,Bajo San Jorge - La Mojana,1.23272728919983,1.47272729873657,2,2,0.659420311450958,0.66304349899292,1,1,1.04999995231628,2015,05,30,30,30,31.4999985694885,0,64.0834503173828,2015-05-01,57.4006652832031,64.0834503173828,47.2163276672363
25025030,Meteorológica Especial,Automática con Telemetría,Córdoba,Ayapel,8.2951,-75.1646,20,12/11/2014,,Caribe,Magdalena Cauca,Bajo Magdalena- Cauca -San Jorge,Bajo San Jorge - La Mojana,1.23272728919983,1.47272729873657,2,2,0.659420311450958,0.66304349899292,1,1,1.04999995231628,2015,06,31,19,19,19.9499990940094,0,51.3394546508789,2015-06-01,55.9376792907715,17.2281055450439,56.3050727844238
25025030,Meteorológica Especial,Automática con Telemetría,Córdoba,Ayapel,8.2951,-75.1646,20,12/11/2014,,Caribe,Magdalena Cauca,Bajo Magdalena- Cauca -San Jorge,Bajo San Jorge - La Mojana,1.23272728919983,1.47272729873657,2,2,0.659420311450958,0.66304349899292,1,1,1.04999995231628,2015,06,32,38.8,38.8,40.7399981498718,0,37.9169464111328,2015-06-01,44.5099830627441,13.2441387176514,62.2013397216797
25025030,Meteorológica Especial,Automática con Telemetría,Córdoba,Ayapel,8.2951,-75.1646,20,12/11/2014,,Caribe,Magdalena Cauca,Bajo Magdalena- Cauca -San Jorge,Bajo San Jorge - La Mojana,1.23272728919983,1.47272729873657,2,2,0.659420311450958,0.66304349899292,1,1,1.04999995231628,2015,06,33,45.2,45.2,47.4599978446961,0,46.6560821533203,2015-06-01,55.5330276489258,76.95263671875,41.0034408569336
25025030,Meteorológica Especial,Automática con Telemetría,Córdoba,Ayapel,8.2951,-75.1646,20,12/11/2014,,Caribe,Magdalena Cauca,Bajo Magdalena- Cauca -San Jorge,Bajo San Jorge - La Mojana,1.23272728919983,1.47272729873657,2,2,0.659420311450958,0.66304349899292,1,1,1.04999995231628,2015,06,34,4.5,4.5,4.72499978542328,0,14.8854894638062,2015-06-01,14.0981674194336,6.10807704925537,29.2161083221436
25025030,Meteorológica Especial,Automática con Telemetría,Córdoba,Ayapel,8.2951,-75.1646,20,12/11/2014,,Caribe,Magdalena Cauca,Bajo Magdalena- Cauca -San Jorge,Bajo San Jorge - La Mojana,1.23272728919983,1.47272729873657,2,2,0.659420311450958,0.66304349899292,1,1,1.04999995231628,2015,06,35,17.5,17.5,18.374999165535,0,25.9633922576904,2015-06-01,30.7774295806885,9.69189262390137,22.8529644012451
25025030,Meteorológica Especial,Automática con Telemetría,Córdoba,Ayapel,8.2951,-75.1646,20,12/11/2014,,Caribe,Magdalena Cauca,Bajo Magdalena- Cauca -San Jorge,Bajo San Jorge - La Mojana,1.23272728919983,1.47272729873657,2,2,0.659420311450958,0.66304349899292,1,1,1.04999995231628,2015,06,36,0,0,0,0,7.09776926040649,2015-06-01,5.46524667739868,2.88303279876709,3.76660203933716
25025030,Meteorológica Especial,Automática con Telemetría,Córdoba,Ayapel,8.2951,-75.1646,20,12/11/2014,,Caribe,Magdalena Cauca,Bajo Magdalena- Cauca -San Jorge,Bajo San Jorge - La Mojana,1.23272728919983,1.47272729873657,2,2,0.659420311450958,0.66304349899292,1,1,1.04999995231628,2015,07,37,0,0,0,0,3.16983723640442,2015-07-01,0,1.58105421066284,0
25025030,Meteorológica Especial,Automática con Telemetría,Córdoba,Ayapel,8.2951,-75.1646,20,12/11/2014,,Caribe,Magdalena Cauca,Bajo Magdalena- Cauca -San Jorge,Bajo San Jorge - La Mojana,1.23272728919983,1.47272729873657,2,2,0.659420311450958,0.66304349899292,1,1,1.04999995231628,2015,07,38,6.8,6.8,7.13999967575073,0,46.688835144043,2015-07-01,56.9555358886719,18.2979164123535,53.8983879089356
25025030,Meteorológica Especial,Automática con Telemetría,Córdoba,Ayapel,8.2951,-75.1646,20,12/11/2014,,Caribe,Magdalena Cauca,Bajo Magdalena- Cauca -San Jorge,Bajo San Jorge - La Mojana,1.23272728919983,1.47272729873657,2,2,0.659420311450958,0.66304349899292,1,1,1.04999995231628,2015,07,39,47,47,49.3499977588654,0,70.3395462036133,2015-07-01,87.4346923828125,54.5447502136231,66.3328628540039
25025030,Meteorológica Especial,Automática con Telemetría,Córdoba,Ayapel,8.2951,-75.1646,20,12/11/2014,,Caribe,Magdalena Cauca,Bajo Magdalena- Cauca -San Jorge,Bajo San Jorge - La Mojana,1.23272728919983,1.47272729873657,2,2,0.659420311450958,0.66304349899292,1,1,1.04999995231628,2015,07,40,147.2,147.2,154.559992980957,0,41.4980735778809,2015-07-01,50.0325431823731,32.1796493530273,74.5472640991211
25025030,Meteorológica Especial,Automática con Telemetría,Córdoba,Ayapel,8.2951,-75.1646,20,12/11/2014,,Caribe,Magdalena Cauca,Bajo Magdalena- Cauca -San Jorge,Bajo San Jorge - La Mojana,1.23272728919983,1.47272729873657,2,2,0.659420311450958,0.66304349899292,1,1,1.04999995231628,2015,07,41,45,45,47.2499978542328,0,29.6739692687988,2015-07-01,33.8569450378418,39.7426452636719,39.0851898193359
25025030,Meteorológica Especial,Automática con Telemetría,Córdoba,Ayapel,8.2951,-75.1646,20,12/11/2014,,Caribe,Magdalena Cauca,Bajo Magdalena- Cauca -San Jorge,Bajo San Jorge - La Mojana,1.23272728919983,1.47272729873657,2,2,0.659420311450958,0.66304349899292,1,1,1.04999995231628,2015,07,42,44.6,44.6,46.8299978733063,0,46.3794898986816,2015-07-01,51.8025169372559,91.4037170410156,28.6220779418945
25025030,Meteorológica Especial,Automática con Telemetría,Córdoba,Ayapel,8.2951,-75.1646,20,12/11/2014,,Caribe,Magdalena Cauca,Bajo Magdalena- Cauca -San Jorge,Bajo San Jorge - La Mojana,1.23272728919983,1.47272729873657,2,2,0.659420311450958,0.66304349899292,1,1,1.04999995231628,2015,08,43,12.4,12.4,13.0199994087219,0,48.6948356628418,2015-08-01,54.6216087341309,20.9010448455811,33.1721305847168
25025030,Meteorológica Especial,Automática con Telemetría,Córdoba,Ayapel,8.2951,-75.1646,20,12/11/2014,,Caribe,Magdalena Cauca,Bajo Magdalena- Cauca -San Jorge,Bajo San Jorge - La Mojana,1.23272728919983,1.47272729873657,2,2,0.659420311450958,0.66304349899292,1,1,1.04999995231628,2015,08,44,3,3,3.14999985694885,0,60.6991691589356,2015-08-01,64.3864822387695,33.052661895752,36.9276275634766
25025030,Meteorológica Especial,Automática con Telemetría,Córdoba,Ayapel,8.2951,-75.1646,20,12/11/2014,,Caribe,Magdalena Cauca,Bajo Magdalena- Cauca -San Jorge,Bajo San Jorge - La Mojana,1.23272728919983,1.47272729873657,2,2,0.659420311450958,0.66304349899292,1,1,1.04999995231628,2015,08,45,14.8,14.8,15.539999294281,0,53.6502647399902,2015-08-01,61.1102676391602,28.356990814209,37.8631553649902
25025030,Meteorológica Especial,Automática con Telemetría,Córdoba,Ayapel,8.2951,-75.1646,20,12/11/2014,,Caribe,Magdalena Cauca,Bajo Magdalena- Cauca -San Jorge,Bajo San Jorge - La Mojana,1.23272728919983,1.47272729873657,2,2,0.659420311450958,0.66304349899292,1,1,1.04999995231628,2015,08,46,43.3,43.3,45.4649979352951,0,67.6182403564453,2015-08-01,77.4999313354492,59.1681442260742,84.3445892333985
25025030,Meteorológica Especial,Automática con Telemetría,Córdoba,Ayapel,8.2951,-75.1646,20,12/11/2014,,Caribe,Magdalena Cauca,Bajo Magdalena- Cauca -San Jorge,Bajo San Jorge - La Mojana,1.23272728919983,1.47272729873657,2,2,0.659420311450958,0.66304349899292,1,1,1.04999995231628,2015,08,47,44,44,46.1999979019165,0,67.3602676391602,2015-08-01,78.6066055297852,47.9388198852539,104.740600585938
25025030,Meteorológica Especial,Automática con Telemetría,Córdoba,Ayapel,8.2951,-75.1646,20,12/11/2014,,Caribe,Magdalena Cauca,Bajo Magdalena- Cauca -San Jorge,Bajo San Jorge - La Mojana,1.23272728919983,1.47272729873657,2,2,0.659420311450958,0.66304349899292,1,1,1.04999995231628,2015,08,48,18.9,18.9,19.8449990987778,0,75.9410095214844,2015-08-01,76.3926467895508,67.6495666503906,42.4234771728516
25025030,Meteorológica Especial,Automática con Telemetría,Córdoba,Ayapel,8.2951,-75.1646,20,12/11/2014,,Caribe,Magdalena Cauca,Bajo Magdalena- Cauca -San Jorge,Bajo San Jorge - La Mojana,1.23272728919983,1.47272729873657,2,2,0.659420311450958,0.66304349899292,1,1,1.04999995231628,2015,09,49,82.7,82.7,86.8349960565567,0,47.9455223083496,2015-09-01,59.4244995117188,31.2578048706055,44.8386993408203
25025030,Meteorológica Especial,Automática con Telemetría,Córdoba,Ayapel,8.2951,-75.1646,20,12/11/2014,,Caribe,Magdalena Cauca,Bajo Magdalena- Cauca -San Jorge,Bajo San Jorge - La Mojana,1.23272728919983,1.47272729873657,2,2,0.659420311450958,0.66304349899292,1,1,1.04999995231628,2015,09,50,41,41,43.0499980449677,0,64.6286544799805,2015-09-01,81.0813293457031,58.6477432250977,63.502254486084
25025030,Meteorológica Especial,Automática con Telemetría,Córdoba,Ayapel,8.2951,-75.1646,20,12/11/2014,,Caribe,Magdalena Cauca,Bajo Magdalena- Cauca -San Jorge,Bajo San Jorge - La Mojana,1.23272728919983,1.47272729873657,2,2,0.659420311450958,0.66304349899292,1,1,1.04999995231628,2015,09,51,0,0,0,0,39.1786956787109,2015-09-01,40.1485023498535,35.5529937744141,13.3148078918457
25025030,Meteorológica Especial,Automática con Telemetría,Córdoba,Ayapel,8.2951,-75.1646,20,12/11/2014,,Caribe,Magdalena Cauca,Bajo Magdalena- Cauca -San Jorge,Bajo San Jorge - La Mojana,1.23272728919983,1.47272729873657,2,2,0.659420311450958,0.66304349899292,1,1,1.04999995231628,2015,09,52,18,18,18.8999991416931,0,63.873348236084,2015-09-01,78.5768432617188,96.1918029785156,37.157600402832
25025030,Meteorológica Especial,Automática con Telemetría,Córdoba,Ayapel,8.2951,-75.1646,20,12/11/2014,,Caribe,Magdalena Cauca,Bajo Magdalena- Cauca -San Jorge,Bajo San Jorge - La Mojana,1.23272728919983,1.47272729873657,2,2,0.659420311450958,0.66304349899292,1,1,1.04999995231628,2015,09,53,48,48,50.3999977111817,0,42.5992393493652,2015-09-01,41.773624420166,20.9394435882568,28.9984741210938
25025030,Meteorológica Especial,Automática con Telemetría,Córdoba,Ayapel,8.2951,-75.1646,20,12/11/2014,,Caribe,Magdalena Cauca,Bajo Magdalena- Cauca -San Jorge,Bajo San Jorge - La Mojana,1.23272728919983,1.47272729873657,2,2,0.659420311450958,0.66304349899292,1,1,1.04999995231628,2015,09,54,5.6,5.6,5.87999973297119,0,41.2327194213867,2015-09-01,35.5068969726563,56.8683815002441,16.9674453735352
25025030,Meteorológica Especial,Automática con Telemetría,Córdoba,Ayapel,8.2951,-75.1646,20,12/11/2014,,Caribe,Magdalena Cauca,Bajo Magdalena- Cauca -San Jorge,Bajo San Jorge - La Mojana,1.23272728919983,1.47272729873657,2,2,0.659420311450958,0.66304349899292,1,1,1.04999995231628,2015,10,55,100.4,100.4,105.419995212555,0,32.3762969970703,2015-10-01,29.7178974151611,29.0580425262451,18.66552734375
25025030,Meteorológica Especial,Automática con Telemetría,Córdoba,Ayapel,8.2951,-75.1646,20,12/11/2014,,Caribe,Magdalena Cauca,Bajo Magdalena- Cauca -San Jorge,Bajo San Jorge - La Mojana,1.23272728919983,1.47272729873657,2,2,0.659420311450958,0.66304349899292,1,1,1.04999995231628,2015,10,56,73.4,73.4,77.0699965000153,0,38.4085578918457,2015-10-01,32.4551544189453,115.042518615723,53.0808219909668
25025030,Meteorológica Especial,Automática con Telemetría,Córdoba,Ayapel,8.2951,-75.1646,20,12/11/2014,,Caribe,Magdalena Cauca,Bajo Magdalena- Cauca -San Jorge,Bajo San Jorge - La Mojana,1.23272728919983,1.47272729873657,2,2,0.659420311450958,0.66304349899292,1,1,1.04999995231628,2015,10,57,39.9,39.9,41.8949980974197,0,57.8055648803711,2015-10-01,46.7797431945801,69.0911560058594,54.7589645385742
25025030,Meteorológica Especial,Automática con Telemetría,Córdoba,Ayapel,8.2951,-75.1646,20,12/11/2014,,Caribe,Magdalena Cauca,Bajo Magdalena- Cauca -San Jorge,Bajo San Jorge - La Mojana,1.23272728919983,1.47272729873657,2,2,0.659420311450958,0.66304349899292,1,1,1.04999995231628,2015,10,58,40.8,40.8,42.8399980545044,0,68.6070022583008,2015-10-01,52.5670623779297,55.4978828430176,54.1871147155762
25025030,Meteorológica Especial,Automática con Telemetría,Córdoba,Ayapel,8.2951,-75.1646,20,12/11/2014,,Caribe,Magdalena Cauca,Bajo Magdalena- Cauca -San Jorge,Bajo San Jorge - La Mojana,1.23272728919983,1.47272729873657,2,2,0.659420311450958,0.66304349899292,1,1,1.04999995231628,2015,10,59,92.6,92.6,97.2299955844879,0,56.248893737793,2015-10-01,47.5600471496582,131.309127807617,47.2617950439453
25025030,Meteorológica Especial,Automática con Telemetría,Córdoba,Ayapel,8.2951,-75.1646,20,12/11/2014,,Caribe,Magdalena Cauca,Bajo Magdalena- Cauca -San Jorge,Bajo San Jorge - La Mojana,1.23272728919983,1.47272729873657,2,2,0.659420311450958,0.66304349899292,1,1,1.04999995231628,2015,10,60,2.5,2.5,2.62499988079071,0,48.6616935729981,2015-10-01,31.5365982055664,38.1454696655273,28.2859401702881
25025030,Meteorológica Especial,Automática con Telemetría,Córdoba,Ayapel,8.2951,-75.1646,20,12/11/2014,,Caribe,Magdalena Cauca,Bajo Magdalena- Cauca -San Jorge,Bajo San Jorge - La Mojana,1.23272728919983,1.47272729873657,2,2,0.659420311450958,0.66304349899292,1,1,1.04999995231628,2015,11,61,89.8,89.8,94.2899957180023,0,23.5442981719971,2015-11-01,10.9224634170532,21.1440238952637,19.5687866210938
25025030,Meteorológica Especial,Automática con Telemetría,Córdoba,Ayapel,8.2951,-75.1646,20,12/11/2014,,Caribe,Magdalena Cauca,Bajo Magdalena- Cauca -San Jorge,Bajo San Jorge - La Mojana,1.23272728919983,1.47272729873657,2,2,0.659420311450958,0.66304349899292,1,1,1.04999995231628,2015,11,62,18.4,18.4,19.3199991226196,0,30.6679344177246,2015-11-01,21.7174186706543,33.5090713500977,27.8207969665527
25025030,Meteorológica Especial,Automática con Telemetría,Córdoba,Ayapel,8.2951,-75.1646,20,12/11/2014,,Caribe,Magdalena Cauca,Bajo Magdalena- Cauca -San Jorge,Bajo San Jorge - La Mojana,1.23272728919983,1.47272729873657,2,2,0.659420311450958,0.66304349899292,1,1,1.04999995231628,2015,11,63,3.9,3.9,4.09499981403351,0,72.0522155761719,2015-11-01,68.6558837890625,78.7272720336914,41.1070289611816
25025030,Meteorológica Especial,Automática con Telemetría,Córdoba,Ayapel,8.2951,-75.1646,20,12/11/2014,,Caribe,Magdalena Cauca,Bajo Magdalena- Cauca -San Jorge,Bajo San Jorge - La Mojana,1.23272728919983,1.47272729873657,2,2,0.659420311450958,0.66304349899292,1,1,1.04999995231628,2015,11,64,33.6,33.6,35.2799983978272,0,62.6435966491699,2015-11-01,51.9074363708496,68.447021484375,34.2279853820801
25025030,Meteorológica Especial,Automática con Telemetría,Córdoba,Ayapel,8.2951,-75.1646,20,12/11/2014,,Caribe,Magdalena Cauca,Bajo Magdalena- Cauca -San Jorge,Bajo San Jorge - La Mojana,1.23272728919983,1.47272729873657,2,2,0.659420311450958,0.66304349899292,1,1,1.04999995231628,2015,11,65,8.4,8.4,8.81999959945679,0,23.4795970916748,2015-11-01,14.0230884552002,17.3419322967529,27.5124168395996
25025030,Meteorológica Especial,Automática con Telemetría,Córdoba,Ayapel,8.2951,-75.1646,20,12/11/2014,,Caribe,Magdalena Cauca,Bajo Magdalena- Cauca -San Jorge,Bajo San Jorge - La Mojana,1.23272728919983,1.47272729873657,2,2,0.659420311450958,0.66304349899292,1,1,1.04999995231628,2015,11,66,9.4,9.4,9.86999955177307,0,14.4978017807007,2015-11-01,5.06267976760864,7.71613168716431,5.69596433639526
25025030,Meteorológica Especial,Automática con Telemetría,Córdoba,Ayapel,8.2951,-75.1646,20,12/11/2014,,Caribe,Magdalena Cauca,Bajo Magdalena- Cauca -San Jorge,Bajo San Jorge - La Mojana,1.23272728919983,1.47272729873657,2,2,0.659420311450958,0.66304349899292,1,1,1.07000005245209,2015,12,67,10.6,10.6,11.3420005559921,0,28.8030014038086,2015-12-01,21.4433917999268,32.4582710266113,12.3302431106567
25025030,Meteorológica Especial,Automática con Telemetría,Córdoba,Ayapel,8.2951,-75.1646,20,12/11/2014,,Caribe,Magdalena Cauca,Bajo Magdalena- Cauca -San Jorge,Bajo San Jorge - La Mojana,1.23272728919983,1.47272729873657,2,2,0.659420311450958,0.66304349899292,1,1,1.07000005245209,2015,12,68,0,0,0,0,34.3458557128906,2015-12-01,28.9651546478272,38.7045478820801,17.3190536499023
25025030,Meteorológica Especial,Automática con Telemetría,Córdoba,Ayapel,8.2951,-75.1646,20,12/11/2014,,Caribe,Magdalena Cauca,Bajo Magdalena- Cauca -San Jorge,Bajo San Jorge - La Mojana,1.23272728919983,1.47272729873657,2,2,0.659420311450958,0.66304349899292,1,1,1.07000005245209,2015,12,69,0,0,0,0,11.6587104797363,2015-12-01,6.63927030563355,13.1382694244385,5.95082187652588
25025030,Meteorológica Especial,Automática con Telemetría,Córdoba,Ayapel,8.2951,-75.1646,20,12/11/2014,,Caribe,Magdalena Cauca,Bajo Magdalena- Cauca -San Jorge,Bajo San Jorge - La Mojana,1.23272728919983,1.47272729873657,2,2,0.659420311450958,0.66304349899292,1,1,1.07000005245209,2015,12,70,3.4,3.4,3.6380001783371,0,15.3487205505371,2015-12-01,8.55642318725586,8.49926471710205,7.96303653717041
25025030,Meteorológica Especial,Automática con Telemetría,Córdoba,Ayapel,8.2951,-75.1646,20,12/11/2014,,Caribe,Magdalena Cauca,Bajo Magdalena- Cauca -San Jorge,Bajo San Jorge - La Mojana,1.23272728919983,1.47272729873657,2,2,0.659420311450958,0.66304349899292,1,1,1.07000005245209,2015,12,71,0,0,0,0,3.16513109207153,2015-12-01,0,2.17912530899048,0
25025030,Meteorológica Especial,Automática con Telemetría,Córdoba,Ayapel,8.2951,-75.1646,20,12/11/2014,,Caribe,Magdalena Cauca,Bajo Magdalena- Cauca -San Jorge,Bajo San Jorge - La Mojana,1.23272728919983,1.47272729873657,2,2,0.659420311450958,0.66304349899292,1,1,1.07000005245209,2015,12,72,0.4,0.4,0.428000020980835,0,4.3560357093811,2015-12-01,0,2.69798374176025,0
25025030,Meteorológica Especial,Automática con Telemetría,Córdoba,Ayapel,8.2951,-75.1646,20,12/11/2014,,Caribe,Magdalena Cauca,Bajo Magdalena- Cauca -San Jorge,Bajo San Jorge - La Mojana,1.23272728919983,1.47272729873657,2,2,0.659420311450958,0.66304349899292,1,1,1.08000004291534,2016,01,1,5.8,5.8,6.264000248909,0,9.38587093353271,2016-01-01,10.6155853271484,12.0248966217041,8.01149845123291
25025030,Meteorológica Especial,Automática con Telemetría,Córdoba,Ayapel,8.2951,-75.1646,20,12/11/2014,,Caribe,Magdalena Cauca,Bajo Magdalena- Cauca -San Jorge,Bajo San Jorge - La Mojana,1.23272728919983,1.47272729873657,2,2,0.659420311450958,0.66304349899292,1,1,1.08000004291534,2016,01,2,0,0,0,0,6.0923433303833,2016-01-01,3.44008445739746,3.93030166625977,2.16673827171326
25025030,Meteorológica Especial,Automática con Telemetría,Córdoba,Ayapel,8.2951,-75.1646,20,12/11/2014,,Caribe,Magdalena Cauca,Bajo Magdalena- Cauca -San Jorge,Bajo San Jorge - La Mojana,1.23272728919983,1.47272729873657,2,2,0.659420311450958,0.66304349899292,1,1,1.08000004291534,2016,01,3,0,0,0,0,1.60339522361755,2016-01-01,0,1.03266191482544,0
25025030,Meteorológica Especial,Automática con Telemetría,Córdoba,Ayapel,8.2951,-75.1646,20,12/11/2014,,Caribe,Magdalena Cauca,Bajo Magdalena- Cauca -San Jorge,Bajo San Jorge - La Mojana,1.23272728919983,1.47272729873657,2,2,0.659420311450958,0.66304349899292,1,1,1.08000004291534,2016,01,4,0,0,0,0,1.71692776679993,2016-01-01,0,1.07660806179047,0
25025030,Meteorológica Especial,Automática con Telemetría,Córdoba,Ayapel,8.2951,-75.1646,20,12/11/2014,,Caribe,Magdalena Cauca,Bajo Magdalena- Cauca -San Jorge,Bajo San Jorge - La Mojana,1.23272728919983,1.47272729873657,2,2,0.659420311450958,0.66304349899292,1,1,1.08000004291534,2016,01,5,0,0,0,0,1.69380664825439,2016-01-01,0,1.06482374668121,0
25025030,Meteorológica Especial,Automática con Telemetría,Córdoba,Ayapel,8.2951,-75.1646,20,12/11/2014,,Caribe,Magdalena Cauca,Bajo Magdalena- Cauca -San Jorge,Bajo San Jorge - La Mojana,1.23272728919983,1.47272729873657,2,2,0.659420311450958,0.66304349899292,1,1,1.08000004291534,2016,01,6,0,0,0,0,4.12185001373291,2016-01-01,0,2.23175811767578,0
25025030,Meteorológica Especial,Automática con Telemetría,Córdoba,Ayapel,8.2951,-75.1646,20,12/11/2014,,Caribe,Magdalena Cauca,Bajo Magdalena- Cauca -San Jorge,Bajo San Jorge - La Mojana,1.23272728919983,1.47272729873657,2,2,0.659420311450958,0.66304349899292,1,1,1.11000001430511,2016,02,7,0,0,0,0,2.63836097717285,2016-02-01,0.206891357898712,1.48808920383453,0.221642851829529
25025030,Meteorológica Especial,Automática con Telemetría,Córdoba,Ayapel,8.2951,-75.1646,20,12/11/2014,,Caribe,Magdalena Cauca,Bajo Magdalena- Cauca -San Jorge,Bajo San Jorge - La Mojana,1.23272728919983,1.47272729873657,2,2,0.659420311450958,0.66304349899292,1,1,1.11000001430511,2016,02,8,0,0,0,0,2.83633923530579,2016-02-01,1.63348829746246,1.59975302219391,2.03637409210205
25025030,Meteorológica Especial,Automática con Telemetría,Córdoba,Ayapel,8.2951,-75.1646,20,12/11/2014,,Caribe,Magdalena Cauca,Bajo Magdalena- Cauca -San Jorge,Bajo San Jorge - La Mojana,1.23272728919983,1.47272729873657,2,2,0.659420311450958,0.66304349899292,1,1,1.11000001430511,2016,02,9,0,0,0,0,2.85800719261169,2016-02-01,1.03784084320068,1.61197400093079,0.917226433753967
25025030,Meteorológica Especial,Automática con Telemetría,Córdoba,Ayapel,8.2951,-75.1646,20,12/11/2014,,Caribe,Magdalena Cauca,Bajo Magdalena- Cauca -San Jorge,Bajo San Jorge - La Mojana,1.23272728919983,1.47272729873657,2,2,0.659420311450958,0.66304349899292,1,1,1.11000001430511,2016,02,10,0,0,0,0,2.48037576675415,2016-02-01,1.249680519104,1.39898240566254,1.05288219451904
25025030,Meteorológica Especial,Automática con Telemetría,Córdoba,Ayapel,8.2951,-75.1646,20,12/11/2014,,Caribe,Magdalena Cauca,Bajo Magdalena- Cauca -San Jorge,Bajo San Jorge - La Mojana,1.23272728919983,1.47272729873657,2,2,0.659420311450958,0.66304349899292,1,1,1.11000001430511,2016,02,11,0,0,0,0,2.14549684524536,2016-02-01,0.214416339993477,1.21010386943817,0.413316577672958
25025030,Meteorológica Especial,Automática con Telemetría,Córdoba,Ayapel,8.2951,-75.1646,20,12/11/2014,,Caribe,Magdalena Cauca,Bajo Magdalena- Cauca -San Jorge,Bajo San Jorge - La Mojana,1.23272728919983,1.47272729873657,2,2,0.659420311450958,0.66304349899292,1,1,1.11000001430511,2016,02,12,0,0,0,0,1.11158740520477,2016-02-01,0,0.626957893371582,0
25025030,Meteorológica Especial,Automática con Telemetría,Córdoba,Ayapel,8.2951,-75.1646,20,12/11/2014,,Caribe,Magdalena Cauca,Bajo Magdalena- Cauca -San Jorge,Bajo San Jorge - La Mojana,1.23272728919983,1.47272729873657,2,2,0.659420311450958,0.66304349899292,1,1,1.10000002384186,2016,03,13,0,0,0,0,2.46434307098389,2016-03-01,0,1.70599925518036,0
25025030,Meteorológica Especial,Automática con Telemetría,Córdoba,Ayapel,8.2951,-75.1646,20,12/11/2014,,Caribe,Magdalena Cauca,Bajo Magdalena- Cauca -San Jorge,Bajo San Jorge - La Mojana,1.23272728919983,1.47272729873657,2,2,0.659420311450958,0.66304349899292,1,1,1.10000002384186,2016,03,14,0,0,0,0,2.04776573181152,2016-03-01,0,1.46282470226288,0
25025030,Meteorológica Especial,Automática con Telemetría,Córdoba,Ayapel,8.2951,-75.1646,20,12/11/2014,,Caribe,Magdalena Cauca,Bajo Magdalena- Cauca -San Jorge,Bajo San Jorge - La Mojana,1.23272728919983,1.47272729873657,2,2,0.659420311450958,0.66304349899292,1,1,1.10000002384186,2016,03,15,0,0,0,1,1.71206450462341,2016-03-01,0,1.26256120204926,0
25025030,Meteorológica Especial,Automática con Telemetría,Córdoba,Ayapel,8.2951,-75.1646,20,12/11/2014,,Caribe,Magdalena Cauca,Bajo Magdalena- Cauca -San Jorge,Bajo San Jorge - La Mojana,1.23272728919983,1.47272729873657,2,2,0.659420311450958,0.66304349899292,1,1,1.10000002384186,2016,03,16,1,1,1.10000002384186,0,1.81506597995758,2016-03-01,0,1.3638973236084,0
25025030,Meteorológica Especial,Automática con Telemetría,Córdoba,Ayapel,8.2951,-75.1646,20,12/11/2014,,Caribe,Magdalena Cauca,Bajo Magdalena- Cauca -San Jorge,Bajo San Jorge - La Mojana,1.23272728919983,1.47272729873657,2,2,0.659420311450958,0.66304349899292,1,1,1.10000002384186,2016,03,17,0,0,0,0,1.42503798007965,2016-03-01,0,1.04658877849579,0
25025030,Meteorológica Especial,Automática con Telemetría,Córdoba,Ayapel,8.2951,-75.1646,20,12/11/2014,,Caribe,Magdalena Cauca,Bajo Magdalena- Cauca -San Jorge,Bajo San Jorge - La Mojana,1.23272728919983,1.47272729873657,2,2,0.659420311450958,0.66304349899292,1,1,1.10000002384186,2016,03,18,0,0,0,0,2.3477680683136,2016-03-01,0,1.51933813095093,0
25025030,Meteorológica Especial,Automática con Telemetría,Córdoba,Ayapel,8.2951,-75.1646,20,12/11/2014,,Caribe,Magdalena Cauca,Bajo Magdalena- Cauca -San Jorge,Bajo San Jorge - La Mojana,1.23272728919983,1.47272729873657,2,2,0.659420311450958,0.66304349899292,1,1,1.05999994277954,2016,04,19,0,0,0,0,6.67979431152344,2016-04-01,4.06426906585693,9.93120861053467,10.018985748291
25025030,Meteorológica Especial,Automática con Telemetría,Córdoba,Ayapel,8.2951,-75.1646,20,12/11/2014,,Caribe,Magdalena Cauca,Bajo Magdalena- Cauca -San Jorge,Bajo San Jorge - La Mojana,1.23272728919983,1.47272729873657,2,2,0.659420311450958,0.66304349899292,1,1,1.05999994277954,2016,04,20,0.8,0.8,0.847999954223633,0,14.6925621032715,2016-04-01,14.1426820755005,21.8442192077637,8.57646465301514
25025030,Meteorológica Especial,Automática con Telemetría,Córdoba,Ayapel,8.2951,-75.1646,20,12/11/2014,,Caribe,Magdalena Cauca,Bajo Magdalena- Cauca -San Jorge,Bajo San Jorge - La Mojana,1.23272728919983,1.47272729873657,2,2,0.659420311450958,0.66304349899292,1,1,1.05999994277954,2016,04,21,0,0,0,0,2.40997052192688,2016-04-01,0,3.58303236961365,0
25025030,Meteorológica Especial,Automática con Telemetría,Córdoba,Ayapel,8.2951,-75.1646,20,12/11/2014,,Caribe,Magdalena Cauca,Bajo Magdalena- Cauca -San Jorge,Bajo San Jorge - La Mojana,1.23272728919983,1.47272729873657,2,2,0.659420311450958,0.66304349899292,1,1,1.05999994277954,2016,04,22,10.8,10.8,11.447999382019,0,25.0586566925049,2016-04-01,31.62184715271,37.256046295166,33.8863754272461
25025030,Meteorológica Especial,Automática con Telemetría,Córdoba,Ayapel,8.2951,-75.1646,20,12/11/2014,,Caribe,Magdalena Cauca,Bajo Magdalena- Cauca -San Jorge,Bajo San Jorge - La Mojana,1.23272728919983,1.47272729873657,2,2,0.659420311450958,0.66304349899292,1,1,1.05999994277954,2016,04,23,72,72,76.319995880127,0,47.5115585327148,2016-04-01,64.1877517700195,70.6379776000977,69.4963150024414
25025030,Meteorológica Especial,Automática con Telemetría,Córdoba,Ayapel,8.2951,-75.1646,20,12/11/2014,,Caribe,Magdalena Cauca,Bajo Magdalena- Cauca -San Jorge,Bajo San Jorge - La Mojana,1.23272728919983,1.47272729873657,2,2,0.659420311450958,0.66304349899292,1,1,1.05999994277954,2016,04,24,14,14,14.8399991989136,0,19.3866291046143,2016-04-01,18.4318599700928,28.8231410980225,31.3403053283691
25025030,Meteorológica Especial,Automática con Telemetría,Córdoba,Ayapel,8.2951,-75.1646,20,12/11/2014,,Caribe,Magdalena Cauca,Bajo Magdalena- Cauca -San Jorge,Bajo San Jorge - La Mojana,1.23272728919983,1.47272729873657,2,2,0.659420311450958,0.66304349899292,1,1,1.04999995231628,2016,05,25,36,36,37.7999982833862,0,39.9876518249512,2016-05-01,43.4380111694336,25.5424518585205,24.1193790435791
25025030,Meteorológica Especial,Automática con Telemetría,Córdoba,Ayapel,8.2951,-75.1646,20,12/11/2014,,Caribe,Magdalena Cauca,Bajo Magdalena- Cauca -San Jorge,Bajo San Jorge - La Mojana,1.23272728919983,1.47272729873657,2,2,0.659420311450958,0.66304349899292,1,1,1.04999995231628,2016,05,26,60.6,60.6,63.6299971103668,0,61.0981788635254,2016-05-01,61.2833099365234,93.2858734130859,84.7181854248047
25025030,Meteorológica Especial,Automática con Telemetría,Córdoba,Ayapel,8.2951,-75.1646,20,12/11/2014,,Caribe,Magdalena Cauca,Bajo Magdalena- Cauca -San Jorge,Bajo San Jorge - La Mojana,1.23272728919983,1.47272729873657,2,2,0.659420311450958,0.66304349899292,1,1,1.04999995231628,2016,05,27,56,56,58.7999973297119,0,33.8731155395508,2016-05-01,31.5897102355957,65.0447692871094,37.7400245666504
25025030,Meteorológica Especial,Automática con Telemetría,Córdoba,Ayapel,8.2951,-75.1646,20,12/11/2014,,Caribe,Magdalena Cauca,Bajo Magdalena- Cauca -San Jorge,Bajo San Jorge - La Mojana,1.23272728919983,1.47272729873657,2,2,0.659420311450958,0.66304349899292,1,1,1.04999995231628,2016,05,28,99,99,103.949995279312,0,47.034481048584,2016-05-01,46.5421905517578,51.1678657531738,50.1808052062988
25025030,Meteorológica Especial,Automática con Telemetría,Córdoba,Ayapel,8.2951,-75.1646,20,12/11/2014,,Caribe,Magdalena Cauca,Bajo Magdalena- Cauca -San Jorge,Bajo San Jorge - La Mojana,1.23272728919983,1.47272729873657,2,2,0.659420311450958,0.66304349899292,1,1,1.04999995231628,2016,05,29,76.2,76.2,80.0099963665009,0,68.3198318481445,2016-05-01,70.6197814941406,70.4216384887695,44.7968864440918
25025030,Meteorológica Especial,Automática con Telemetría,Córdoba,Ayapel,8.2951,-75.1646,20,12/11/2014,,Caribe,Magdalena Cauca,Bajo Magdalena- Cauca -San Jorge,Bajo San Jorge - La Mojana,1.23272728919983,1.47272729873657,2,2,0.659420311450958,0.66304349899292,1,1,1.04999995231628,2016,05,30,53,53,55.6499974727631,0,76.7353210449219,2016-05-01,71.6239700317383,85.460693359375,74.7503662109375
25025030,Meteorológica Especial,Automática con Telemetría,Córdoba,Ayapel,8.2951,-75.1646,20,12/11/2014,,Caribe,Magdalena Cauca,Bajo Magdalena- Cauca -San Jorge,Bajo San Jorge - La Mojana,1.23272728919983,1.47272729873657,2,2,0.659420311450958,0.66304349899292,1,1,1.04999995231628,2016,06,31,71.2,71.2,74.7599966049194,0,26.241756439209,2016-06-01,29.0918617248535,30.7422389984131,30.9796485900879
25025030,Meteorológica Especial,Automática con Telemetría,Córdoba,Ayapel,8.2951,-75.1646,20,12/11/2014,,Caribe,Magdalena Cauca,Bajo Magdalena- Cauca -San Jorge,Bajo San Jorge - La Mojana,1.23272728919983,1.47272729873657,2,2,0.659420311450958,0.66304349899292,1,1,1.04999995231628,2016,06,32,39.2,39.2,41.1599981307983,0,43.5814895629883,2016-06-01,49.9044036865234,51.0557479858399,48.0968780517578
25025030,Meteorológica Especial,Automática con Telemetría,Córdoba,Ayapel,8.2951,-75.1646,20,12/11/2014,,Caribe,Magdalena Cauca,Bajo Magdalena- Cauca -San Jorge,Bajo San Jorge - La Mojana,1.23272728919983,1.47272729873657,2,2,0.659420311450958,0.66304349899292,1,1,1.04999995231628,2016,06,33,24.8,24.8,26.0399988174439,0,43.2026252746582,2016-06-01,51.0493049621582,50.6119117736817,33.0859298706055
25025030,Meteorológica Especial,Automática con Telemetría,Córdoba,Ayapel,8.2951,-75.1646,20,12/11/2014,,Caribe,Magdalena Cauca,Bajo Magdalena- Cauca -San Jorge,Bajo San Jorge - La Mojana,1.23272728919983,1.47272729873657,2,2,0.659420311450958,0.66304349899292,1,1,1.04999995231628,2016,06,34,96,96,100.799995422363,0,36.9893760681152,2016-06-01,49.0920600891113,43.3330841064453,61.0984573364258
25025030,Meteorológica Especial,Automática con Telemetría,Córdoba,Ayapel,8.2951,-75.1646,20,12/11/2014,,Caribe,Magdalena Cauca,Bajo Magdalena- Cauca -San Jorge,Bajo San Jorge - La Mojana,1.23272728919983,1.47272729873657,2,2,0.659420311450958,0.66304349899292,1,1,1.04999995231628,2016,06,35,97,97,101.84999537468,0,53.6672592163086,2016-06-01,67.9433517456055,62.8712387084961,64.9547576904297
25025030,Meteorológica Especial,Automática con Telemetría,Córdoba,Ayapel,8.2951,-75.1646,20,12/11/2014,,Caribe,Magdalena Cauca,Bajo Magdalena- Cauca -San Jorge,Bajo San Jorge - La Mojana,1.23272728919983,1.47272729873657,2,2,0.659420311450958,0.66304349899292,1,1,1.04999995231628,2016,06,36,2.8,2.8,2.9399998664856,0,29.3947505950928,2016-06-01,35.4819793701172,34.4359741210938,13.603964805603
25025030,Meteorológica Especial,Automática con Telemetría,Córdoba,Ayapel,8.2951,-75.1646,20,12/11/2014,,Caribe,Magdalena Cauca,Bajo Magdalena- Cauca -San Jorge,Bajo San Jorge - La Mojana,1.23272728919983,1.47272729873657,2,2,0.659420311450958,0.66304349899292,1,1,1.04999995231628,2016,07,37,106.4,106.4,111.719994926453,0,83.7559585571289,2016-07-01,99.4122924804688,90.0092086791992,84.7432174682617
25025030,Meteorológica Especial,Automática con Telemetría,Córdoba,Ayapel,8.2951,-75.1646,20,12/11/2014,,Caribe,Magdalena Cauca,Bajo Magdalena- Cauca -San Jorge,Bajo San Jorge - La Mojana,1.23272728919983,1.47272729873657,2,2,0.659420311450958,0.66304349899292,1,1,1.04999995231628,2016,07,38,35.1,35.1,36.8549983263016,0,37.9810371398926,2016-07-01,47.028018951416,28.6295413970947,28.2464389801025
25025030,Meteorológica Especial,Automática con Telemetría,Córdoba,Ayapel,8.2951,-75.1646,20,12/11/2014,,Caribe,Magdalena Cauca,Bajo Magdalena- Cauca -San Jorge,Bajo San Jorge - La Mojana,1.23272728919983,1.47272729873657,2,2,0.659420311450958,0.66304349899292,1,1,1.04999995231628,2016,07,39,44.4,44.4,46.619997882843,0,53.7782859802246,2016-07-01,67.0975189208984,46.809253692627,62.1418876647949
25025030,Meteorológica Especial,Automática con Telemetría,Córdoba,Ayapel,8.2951,-75.1646,20,12/11/2014,,Caribe,Magdalena Cauca,Bajo Magdalena- Cauca -San Jorge,Bajo San Jorge - La Mojana,1.23272728919983,1.47272729873657,2,2,0.659420311450958,0.66304349899292,1,1,1.04999995231628,2016,07,40,3.4,3.4,3.56999983787537,0,41.6656494140625,2016-07-01,50.2531700134277,37.6770095825195,56.7683181762695
25025030,Meteorológica Especial,Automática con Telemetría,Córdoba,Ayapel,8.2951,-75.1646,20,12/11/2014,,Caribe,Magdalena Cauca,Bajo Magdalena- Cauca -San Jorge,Bajo San Jorge - La Mojana,1.23272728919983,1.47272729873657,2,2,0.659420311450958,0.66304349899292,1,1,1.04999995231628,2016,07,41,115,115,120.749994516373,0,72.7090759277344,2016-07-01,89.3837661743164,67.5477066040039,68.1225357055664
25025030,Meteorológica Especial,Automática con Telemetría,Córdoba,Ayapel,8.2951,-75.1646,20,12/11/2014,,Caribe,Magdalena Cauca,Bajo Magdalena- Cauca -San Jorge,Bajo San Jorge - La Mojana,1.23272728919983,1.47272729873657,2,2,0.659420311450958,0.66304349899292,1,1,1.04999995231628,2016,07,42,37,37,38.8499982357025,0,75.8131713867188,2016-07-01,82.0134963989258,50.4402465820313,67.4562911987305
25025030,Meteorológica Especial,Automática con Telemetría,Córdoba,Ayapel,8.2951,-75.1646,20,12/11/2014,,Caribe,Magdalena Cauca,Bajo Magdalena- Cauca -San Jorge,Bajo San Jorge - La Mojana,1.23272728919983,1.47272729873657,2,2,0.659420311450958,0.66304349899292,1,1,1.04999995231628,2016,08,43,17.7,17.7,18.5849991559982,0,63.6679954528809,2016-08-01,73.2142715454102,76.3031311035156,82.7034759521484
25025030,Meteorológica Especial,Automática con Telemetría,Córdoba,Ayapel,8.2951,-75.1646,20,12/11/2014,,Caribe,Magdalena Cauca,Bajo Magdalena- Cauca -San Jorge,Bajo San Jorge - La Mojana,1.23272728919983,1.47272729873657,2,2,0.659420311450958,0.66304349899292,1,1,1.04999995231628,2016,08,44,102,102,107.099995136261,0,36.9004249572754,2016-08-01,36.6242561340332,70.7630996704102,58.1344566345215
25025030,Meteorológica Especial,Automática con Telemetría,Córdoba,Ayapel,8.2951,-75.1646,20,12/11/2014,,Caribe,Magdalena Cauca,Bajo Magdalena- Cauca -San Jorge,Bajo San Jorge - La Mojana,1.23272728919983,1.47272729873657,2,2,0.659420311450958,0.66304349899292,1,1,1.04999995231628,2016,08,45,103,103,108.149995088577,0,50.7779045104981,2016-08-01,56.4065437316895,70.0901794433594,75.607795715332
25025030,Meteorológica Especial,Automática con Telemetría,Córdoba,Ayapel,8.2951,-75.1646,20,12/11/2014,,Caribe,Magdalena Cauca,Bajo Magdalena- Cauca -San Jorge,Bajo San Jorge - La Mojana,1.23272728919983,1.47272729873657,2,2,0.659420311450958,0.66304349899292,1,1,1.04999995231628,2016,08,46,25,25,26.2499988079071,0,50.4838562011719,2016-08-01,58.3333969116211,39.350959777832,33.1712951660156
25025030,Meteorológica Especial,Automática con Telemetría,Córdoba,Ayapel,8.2951,-75.1646,20,12/11/2014,,Caribe,Magdalena Cauca,Bajo Magdalena- Cauca -San Jorge,Bajo San Jorge - La Mojana,1.23272728919983,1.47272729873657,2,2,0.659420311450958,0.66304349899292,1,1,1.04999995231628,2016,08,47,13.4,13.4,14.0699993610382,0,55.203784942627,2016-08-01,64.8991012573242,43.7089347839355,46.8928108215332
25025030,Meteorológica Especial,Automática con Telemetría,Córdoba,Ayapel,8.2951,-75.1646,20,12/11/2014,,Caribe,Magdalena Cauca,Bajo Magdalena- Cauca -San Jorge,Bajo San Jorge - La Mojana,1.23272728919983,1.47272729873657,2,2,0.659420311450958,0.66304349899292,1,1,1.04999995231628,2016,08,48,151.9,151.9,159.494992756844,0,84.0295257568359,2016-08-01,81.4601745605469,84.5772171020508,78.9048767089844
25025030,Meteorológica Especial,Automática con Telemetría,Córdoba,Ayapel,8.2951,-75.1646,20,12/11/2014,,Caribe,Magdalena Cauca,Bajo Magdalena- Cauca -San Jorge,Bajo San Jorge - La Mojana,1.23272728919983,1.47272729873657,2,2,0.659420311450958,0.66304349899292,1,1,1.04999995231628,2016,09,49,13,13,13.6499993801117,0,59.4730682373047,2016-09-01,73.599967956543,47.8375968933106,48.9913902282715
25025030,Meteorológica Especial,Automática con Telemetría,Córdoba,Ayapel,8.2951,-75.1646,20,12/11/2014,,Caribe,Magdalena Cauca,Bajo Magdalena- Cauca -San Jorge,Bajo San Jorge - La Mojana,1.23272728919983,1.47272729873657,2,2,0.659420311450958,0.66304349899292,1,1,1.04999995231628,2016,09,50,16.1,16.1,16.9049992322922,0,67.9870834350586,2016-09-01,90.7778625488281,41.6930274963379,40.1075172424316
25025030,Meteorológica Especial,Automática con Telemetría,Córdoba,Ayapel,8.2951,-75.1646,20,12/11/2014,,Caribe,Magdalena Cauca,Bajo Magdalena- Cauca -San Jorge,Bajo San Jorge - La Mojana,1.23272728919983,1.47272729873657,2,2,0.659420311450958,0.66304349899292,1,1,1.04999995231628,2016,09,51,46.6,46.6,48.9299977779389,0,52.6378593444824,2016-09-01,61.4708671569824,63.6358451843262,62.2968559265137
25025030,Meteorológica Especial,Automática con Telemetría,Córdoba,Ayapel,8.2951,-75.1646,20,12/11/2014,,Caribe,Magdalena Cauca,Bajo Magdalena- Cauca -San Jorge,Bajo San Jorge - La Mojana,1.23272728919983,1.47272729873657,2,2,0.659420311450958,0.66304349899292,1,1,1.04999995231628,2016,09,52,19.2,19.2,20.1599990844727,0,35.4755401611328,2016-09-01,31.0217094421387,35.5556602478027,26.1461315155029
25025030,Meteorológica Especial,Automática con Telemetría,Córdoba,Ayapel,8.2951,-75.1646,20,12/11/2014,,Caribe,Magdalena Cauca,Bajo Magdalena- Cauca -San Jorge,Bajo San Jorge - La Mojana,1.23272728919983,1.47272729873657,2,2,0.659420311450958,0.66304349899292,1,1,1.04999995231628,2016,09,53,28,28,29.399998664856,0,51.2315063476563,2016-09-01,55.5890960693359,35.1807136535645,33.2586631774902
25025030,Meteorológica Especial,Automática con Telemetría,Córdoba,Ayapel,8.2951,-75.1646,20,12/11/2014,,Caribe,Magdalena Cauca,Bajo Magdalena- Cauca -San Jorge,Bajo San Jorge - La Mojana,1.23272728919983,1.47272729873657,2,2,0.659420311450958,0.66304349899292,1,1,1.04999995231628,2016,09,54,27.2,27.2,28.5599987030029,0,30.7786750793457,2016-09-01,21.9200744628906,28.0892601013184,24.9130554199219
25025030,Meteorológica Especial,Automática con Telemetría,Córdoba,Ayapel,8.2951,-75.1646,20,12/11/2014,,Caribe,Magdalena Cauca,Bajo Magdalena- Cauca -San Jorge,Bajo San Jorge - La Mojana,1.23272728919983,1.47272729873657,2,2,0.659420311450958,0.66304349899292,1,1,1.04999995231628,2016,10,55,40.2,40.2,42.2099980831146,0,35.0012321472168,2016-10-01,32.3625793457031,49.7221717834473,28.0654830932617
25025030,Meteorológica Especial,Automática con Telemetría,Córdoba,Ayapel,8.2951,-75.1646,20,12/11/2014,,Caribe,Magdalena Cauca,Bajo Magdalena- Cauca -San Jorge,Bajo San Jorge - La Mojana,1.23272728919983,1.47272729873657,2,2,0.659420311450958,0.66304349899292,1,1,1.04999995231628,2016,10,56,10,10,10.4999995231628,3,62.3105049133301,2016-10-01,51.8266677856445,88.5172729492188,34.6828002929688
25025030,Meteorológica Especial,Automática con Telemetría,Córdoba,Ayapel,8.2951,-75.1646,20,12/11/2014,,Caribe,Magdalena Cauca,Bajo Magdalena- Cauca -San Jorge,Bajo San Jorge - La Mojana,1.23272728919983,1.47272729873657,2,2,0.659420311450958,0.66304349899292,1,1,1.04999995231628,2016,10,57,112,112,117.599994659424,0,24.9606132507324,2016-10-01,17.3547897338867,35.4586334228516,23.72776222229
25025030,Meteorológica Especial,Automática con Telemetría,Córdoba,Ayapel,8.2951,-75.1646,20,12/11/2014,,Caribe,Magdalena Cauca,Bajo Magdalena- Cauca -San Jorge,Bajo San Jorge - La Mojana,1.23272728919983,1.47272729873657,2,2,0.659420311450958,0.66304349899292,1,1,1.04999995231628,2016,10,58,51.6,51.6,54.1799975395203,0,60.7629203796387,2016-10-01,44.1117782592773,86.3188018798828,32.5473709106445
25025030,Meteorológica Especial,Automática con Telemetría,Córdoba,Ayapel,8.2951,-75.1646,20,12/11/2014,,Caribe,Magdalena Cauca,Bajo Magdalena- Cauca -San Jorge,Bajo San Jorge - La Mojana,1.23272728919983,1.47272729873657,2,2,0.659420311450958,0.66304349899292,1,1,1.04999995231628,2016,10,59,41.8,41.8,43.8899980068207,0,70.20703125,2016-10-01,61.0744743347168,99.7349395751953,48.8944129943848
25025030,Meteorológica Especial,Automática con Telemetría,Córdoba,Ayapel,8.2951,-75.1646,20,12/11/2014,,Caribe,Magdalena Cauca,Bajo Magdalena- Cauca -San Jorge,Bajo San Jorge - La Mojana,1.23272728919983,1.47272729873657,2,2,0.659420311450958,0.66304349899292,1,1,1.04999995231628,2016,10,60,135.8,135.8,142.589993524551,0,60.7213478088379,2016-10-01,44.0965766906738,86.2597351074219,58.0768280029297
25025030,Meteorológica Especial,Automática con Telemetría,Córdoba,Ayapel,8.2951,-75.1646,20,12/11/2014,,Caribe,Magdalena Cauca,Bajo Magdalena- Cauca -San Jorge,Bajo San Jorge - La Mojana,1.23272728919983,1.47272729873657,2,2,0.659420311450958,0.66304349899292,1,1,1.04999995231628,2016,11,61,34.6,34.6,36.3299983501434,0,54.0234222412109,2016-11-01,38.9298210144043,28.7869777679443,39.2940216064453
25025030,Meteorológica Especial,Automática con Telemetría,Córdoba,Ayapel,8.2951,-75.1646,20,12/11/2014,,Caribe,Magdalena Cauca,Bajo Magdalena- Cauca -San Jorge,Bajo San Jorge - La Mojana,1.23272728919983,1.47272729873657,2,2,0.659420311450958,0.66304349899292,1,1,1.04999995231628,2016,11,62,0,0,0,0,86.1513290405273,2016-11-01,79.5100860595703,39.9232940673828,46.0708885192871
25025030,Meteorológica Especial,Automática con Telemetría,Córdoba,Ayapel,8.2951,-75.1646,20,12/11/2014,,Caribe,Magdalena Cauca,Bajo Magdalena- Cauca -San Jorge,Bajo San Jorge - La Mojana,1.23272728919983,1.47272729873657,2,2,0.659420311450958,0.66304349899292,1,1,1.04999995231628,2016,11,63,30.3,30.3,31.8149985551834,0,80.1760864257813,2016-11-01,72.2606430053711,38.9987297058106,32.6573028564453
25025030,Meteorológica Especial,Automática con Telemetría,Córdoba,Ayapel,8.2951,-75.1646,20,12/11/2014,,Caribe,Magdalena Cauca,Bajo Magdalena- Cauca -San Jorge,Bajo San Jorge - La Mojana,1.23272728919983,1.47272729873657,2,2,0.659420311450958,0.66304349899292,1,1,1.04999995231628,2016,11,64,71.2,71.2,74.7599966049194,0,43.8821449279785,2016-11-01,31.2219333648682,55.6138000488281,61.2528991699219
25025030,Meteorológica Especial,Automática con Telemetría,Córdoba,Ayapel,8.2951,-75.1646,20,12/11/2014,,Caribe,Magdalena Cauca,Bajo Magdalena- Cauca -San Jorge,Bajo San Jorge - La Mojana,1.23272728919983,1.47272729873657,2,2,0.659420311450958,0.66304349899292,1,1,1.04999995231628,2016,11,65,5.8,5.8,6.08999972343445,0,58.5348243713379,2016-11-01,47.9556350708008,19.0772075653076,35.5326538085938
25025030,Meteorológica Especial,Automática con Telemetría,Córdoba,Ayapel,8.2951,-75.1646,20,12/11/2014,,Caribe,Magdalena Cauca,Bajo Magdalena- Cauca -San Jorge,Bajo San Jorge - La Mojana,1.23272728919983,1.47272729873657,2,2,0.659420311450958,0.66304349899292,1,1,1.04999995231628,2016,11,66,61.1,61.1,64.154997086525,0,55.0445175170898,2016-11-01,48.4826049804688,54.4299812316895,56.0802803039551
25025030,Meteorológica Especial,Automática con Telemetría,Córdoba,Ayapel,8.2951,-75.1646,20,12/11/2014,,Caribe,Magdalena Cauca,Bajo Magdalena- Cauca -San Jorge,Bajo San Jorge - La Mojana,1.23272728919983,1.47272729873657,2,2,0.659420311450958,0.66304349899292,1,1,1.07000005245209,2016,12,67,0,0,0,0,44.4858245849609,2016-12-01,36.370418548584,71.7807998657227,42.7292327880859
25025030,Meteorológica Especial,Automática con Telemetría,Córdoba,Ayapel,8.2951,-75.1646,20,12/11/2014,,Caribe,Magdalena Cauca,Bajo Magdalena- Cauca -San Jorge,Bajo San Jorge - La Mojana,1.23272728919983,1.47272729873657,2,2,0.659420311450958,0.66304349899292,1,1,1.07000005245209,2016,12,68,1.4,1.4,1.49800007343292,0,9.21120643615723,2016-12-01,5.41269016265869,17.9856739044189,16.1986789703369
25025030,Meteorológica Especial,Automática con Telemetría,Córdoba,Ayapel,8.2951,-75.1646,20,12/11/2014,,Caribe,Magdalena Cauca,Bajo Magdalena- Cauca -San Jorge,Bajo San Jorge - La Mojana,1.23272728919983,1.47272729873657,2,2,0.659420311450958,0.66304349899292,1,1,1.07000005245209,2016,12,69,0,0,0,0,35.8848533630371,2016-12-01,32.083381652832,16.5716533660889,20.0016937255859
25025030,Meteorológica Especial,Automática con Telemetría,Córdoba,Ayapel,8.2951,-75.1646,20,12/11/2014,,Caribe,Magdalena Cauca,Bajo Magdalena- Cauca -San Jorge,Bajo San Jorge - La Mojana,1.23272728919983,1.47272729873657,2,2,0.659420311450958,0.66304349899292,1,1,1.07000005245209,2016,12,70,0,0,0,0,4.00814723968506,2016-12-01,0,2.23489427566528,0
25025030,Meteorológica Especial,Automática con Telemetría,Córdoba,Ayapel,8.2951,-75.1646,20,12/11/2014,,Caribe,Magdalena Cauca,Bajo Magdalena- Cauca -San Jorge,Bajo San Jorge - La Mojana,1.23272728919983,1.47272729873657,2,2,0.659420311450958,0.66304349899292,1,1,1.07000005245209,2016,12,71,20,20,21.4000010490417,0,8.64535140991211,2016-12-01,3.0693302154541,9.39199542999268,9.34436988830566
25025030,Meteorológica Especial,Automática con Telemetría,Córdoba,Ayapel,8.2951,-75.1646,20,12/11/2014,,Caribe,Magdalena Cauca,Bajo Magdalena- Cauca -San Jorge,Bajo San Jorge - La Mojana,1.23272728919983,1.47272729873657,2,2,0.659420311450958,0.66304349899292,1,1,1.07000005245209,2016,12,72,0,0,0,1,13.8849239349365,2016-12-01,4.42660903930664,11.2684688568115,4.16605281829834
25025030,Meteorológica Especial,Automática con Telemetría,Córdoba,Ayapel,8.2951,-75.1646,20,12/11/2014,,Caribe,Magdalena Cauca,Bajo Magdalena- Cauca -San Jorge,Bajo San Jorge - La Mojana,1.23272728919983,1.47272729873657,2,2,0.659420311450958,0.66304349899292,1,1,1.08000004291534,2017,01,1,18,18,19.4400007724762,0,1.52877521514893,2017-01-01,0,1.10815846920013,0
25025030,Meteorológica Especial,Automática con Telemetría,Córdoba,Ayapel,8.2951,-75.1646,20,12/11/2014,,Caribe,Magdalena Cauca,Bajo Magdalena- Cauca -San Jorge,Bajo San Jorge - La Mojana,1.23272728919983,1.47272729873657,2,2,0.659420311450958,0.66304349899292,1,1,1.08000004291534,2017,01,2,42,42,45.3600018024445,0,20.0806560516357,2017-01-01,39.5387763977051,15.8878326416016,17.4840850830078
25025030,Meteorológica Especial,Automática con Telemetría,Córdoba,Ayapel,8.2951,-75.1646,20,12/11/2014,,Caribe,Magdalena Cauca,Bajo Magdalena- Cauca -San Jorge,Bajo San Jorge - La Mojana,1.23272728919983,1.47272729873657,2,2,0.659420311450958,0.66304349899292,1,1,1.08000004291534,2017,01,3,16,16,17.2800006866455,0,1.60339522361755,2017-01-01,0,1.32913374900818,0
25025030,Meteorológica Especial,Automática con Telemetría,Córdoba,Ayapel,8.2951,-75.1646,20,12/11/2014,,Caribe,Magdalena Cauca,Bajo Magdalena- Cauca -San Jorge,Bajo San Jorge - La Mojana,1.23272728919983,1.47272729873657,2,2,0.659420311450958,0.66304349899292,1,1,1.08000004291534,2017,01,4,0,0,0,0,1.71692776679993,2017-01-01,0,1.25213027000427,0
25025030,Meteorológica Especial,Automática con Telemetría,Córdoba,Ayapel,8.2951,-75.1646,20,12/11/2014,,Caribe,Magdalena Cauca,Bajo Magdalena- Cauca -San Jorge,Bajo San Jorge - La Mojana,1.23272728919983,1.47272729873657,2,2,0.659420311450958,0.66304349899292,1,1,1.08000004291534,2017,01,5,0,0,0,0,1.69380664825439,2017-01-01,0,1.22487378120422,0
25025030,Meteorológica Especial,Automática con Telemetría,Córdoba,Ayapel,8.2951,-75.1646,20,12/11/2014,,Caribe,Magdalena Cauca,Bajo Magdalena- Cauca -San Jorge,Bajo San Jorge - La Mojana,1.23272728919983,1.47272729873657,2,2,0.659420311450958,0.66304349899292,1,1,1.08000004291534,2017,01,6,0,0,0,0,4.12185001373291,2017-01-01,0,2.23770141601563,0
25025030,Meteorológica Especial,Automática con Telemetría,Córdoba,Ayapel,8.2951,-75.1646,20,12/11/2014,,Caribe,Magdalena Cauca,Bajo Magdalena- Cauca -San Jorge,Bajo San Jorge - La Mojana,1.23272728919983,1.47272729873657,2,2,0.659420311450958,0.66304349899292,1,1,1.11000001430511,2017,02,7,0,0,0,0,2.63836097717285,2017-02-01,0.206891357898712,1.44051706790924,0.254429131746292
25025030,Meteorológica Especial,Automática con Telemetría,Córdoba,Ayapel,8.2951,-75.1646,20,12/11/2014,,Caribe,Magdalena Cauca,Bajo Magdalena- Cauca -San Jorge,Bajo San Jorge - La Mojana,1.23272728919983,1.47272729873657,2,2,0.659420311450958,0.66304349899292,1,1,1.11000001430511,2017,02,8,0,0,0,0,2.83633923530579,2017-02-01,1.63348829746246,1.77039682865143,1.28308641910553
25025030,Meteorológica Especial,Automática con Telemetría,Córdoba,Ayapel,8.2951,-75.1646,20,12/11/2014,,Caribe,Magdalena Cauca,Bajo Magdalena- Cauca -San Jorge,Bajo San Jorge - La Mojana,1.23272728919983,1.47272729873657,2,2,0.659420311450958,0.66304349899292,1,1,1.11000001430511,2017,02,9,0,0,0,0,2.85800719261169,2017-02-01,1.03784084320068,1.41162896156311,0.872788786888123
25025030,Meteorológica Especial,Automática con Telemetría,Córdoba,Ayapel,8.2951,-75.1646,20,12/11/2014,,Caribe,Magdalena Cauca,Bajo Magdalena- Cauca -San Jorge,Bajo San Jorge - La Mojana,1.23272728919983,1.47272729873657,2,2,0.659420311450958,0.66304349899292,1,1,1.11000001430511,2017,02,10,0,0,0,0,2.48037576675415,2017-02-01,1.249680519104,1.26263010501862,1.00348806381226
25025030,Meteorológica Especial,Automática con Telemetría,Córdoba,Ayapel,8.2951,-75.1646,20,12/11/2014,,Caribe,Magdalena Cauca,Bajo Magdalena- Cauca -San Jorge,Bajo San Jorge - La Mojana,1.23272728919983,1.47272729873657,2,2,0.659420311450958,0.66304349899292,1,1,1.11000001430511,2017,02,11,0,0,0,0,2.14549684524536,2017-02-01,0.214416339993477,1.10090386867523,0.266943097114563
25025030,Meteorológica Especial,Automática con Telemetría,Córdoba,Ayapel,8.2951,-75.1646,20,12/11/2014,,Caribe,Magdalena Cauca,Bajo Magdalena- Cauca -San Jorge,Bajo San Jorge - La Mojana,1.23272728919983,1.47272729873657,2,2,0.659420311450958,0.66304349899292,1,1,1.11000001430511,2017,02,12,0,0,0,0,5.76837396621704,2017-02-01,6.09697151184082,3.37125205993652,3.22673225402832
25025030,Meteorológica Especial,Automática con Telemetría,Córdoba,Ayapel,8.2951,-75.1646,20,12/11/2014,,Caribe,Magdalena Cauca,Bajo Magdalena- Cauca -San Jorge,Bajo San Jorge - La Mojana,1.23272728919983,1.47272729873657,2,2,0.659420311450958,0.66304349899292,1,1,1.10000002384186,2017,03,13,0,0,0,0,3.06921720504761,2017-03-01,0,2.12472319602966,0
25025030,Meteorológica Especial,Automática con Telemetría,Córdoba,Ayapel,8.2951,-75.1646,20,12/11/2014,,Caribe,Magdalena Cauca,Bajo Magdalena- Cauca -San Jorge,Bajo San Jorge - La Mojana,1.23272728919983,1.47272729873657,2,2,0.659420311450958,0.66304349899292,1,1,1.10000002384186,2017,03,14,51,51,56.1000012159348,0,22.8757305145264,2017-03-01,41.0476875305176,39.5241470336914,40.925121307373
25025030,Meteorológica Especial,Automática con Telemetría,Córdoba,Ayapel,8.2951,-75.1646,20,12/11/2014,,Caribe,Magdalena Cauca,Bajo Magdalena- Cauca -San Jorge,Bajo San Jorge - La Mojana,1.23272728919983,1.47272729873657,2,2,0.659420311450958,0.66304349899292,1,1,1.10000002384186,2017,03,15,10.8,10.8,11.8800002574921,0,20.6222839355469,2017-03-01,35.3125,36.1397285461426,41.0950202941895
25025030,Meteorológica Especial,Automática con Telemetría,Córdoba,Ayapel,8.2951,-75.1646,20,12/11/2014,,Caribe,Magdalena Cauca,Bajo Magdalena- Cauca -San Jorge,Bajo San Jorge - La Mojana,1.23272728919983,1.47272729873657,2,2,0.659420311450958,0.66304349899292,1,1,1.10000002384186,2017,03,16,0,0,0,0,1.45735704898834,2017-03-01,0,1.71893656253815,0
25025030,Meteorológica Especial,Automática con Telemetría,Córdoba,Ayapel,8.2951,-75.1646,20,12/11/2014,,Caribe,Magdalena Cauca,Bajo Magdalena- Cauca -San Jorge,Bajo San Jorge - La Mojana,1.23272728919983,1.47272729873657,2,2,0.659420311450958,0.66304349899292,1,1,1.10000002384186,2017,03,17,46.5,46.5,51.1500011086464,0,7.72101068496704,2017-03-01,12.7318429946899,14.1814756393433,30.2510108947754
25025030,Meteorológica Especial,Automática con Telemetría,Córdoba,Ayapel,8.2951,-75.1646,20,12/11/2014,,Caribe,Magdalena Cauca,Bajo Magdalena- Cauca -San Jorge,Bajo San Jorge - La Mojana,1.23272728919983,1.47272729873657,2,2,0.659420311450958,0.66304349899292,1,1,1.10000002384186,2017,03,18,7.7,7.7,8.47000018358231,0,29.5565967559815,2017-03-01,38.9227867126465,33.1467971801758,27.5248069763184
25025030,Meteorológica Especial,Automática con Telemetría,Córdoba,Ayapel,8.2951,-75.1646,20,12/11/2014,,Caribe,Magdalena Cauca,Bajo Magdalena- Cauca -San Jorge,Bajo San Jorge - La Mojana,1.23272728919983,1.47272729873657,2,2,0.659420311450958,0.66304349899292,1,1,1.05999994277954,2017,04,19,0,0,0,0,9.78923797607422,2017-04-01,8.59621715545654,7.40637111663818,6.34069967269898
25025030,Meteorológica Especial,Automática con Telemetría,Córdoba,Ayapel,8.2951,-75.1646,20,12/11/2014,,Caribe,Magdalena Cauca,Bajo Magdalena- Cauca -San Jorge,Bajo San Jorge - La Mojana,1.23272728919983,1.47272729873657,2,2,0.659420311450958,0.66304349899292,1,1,1.05999994277954,2017,04,20,16.7,16.7,17.7019990444183,0,7.02847671508789,2017-04-01,3.54099607467651,6.32433080673218,8.75997161865234
25025030,Meteorológica Especial,Automática con Telemetría,Córdoba,Ayapel,8.2951,-75.1646,20,12/11/2014,,Caribe,Magdalena Cauca,Bajo Magdalena- Cauca -San Jorge,Bajo San Jorge - La Mojana,1.23272728919983,1.47272729873657,2,2,0.659420311450958,0.66304349899292,1,1,1.05999994277954,2017,04,21,12,12,12.7199993133545,0,16.1207695007324,2017-04-01,17.4635677337647,8.42677307128906,12.1767988204956
25025030,Meteorológica Especial,Automática con Telemetría,Córdoba,Ayapel,8.2951,-75.1646,20,12/11/2014,,Caribe,Magdalena Cauca,Bajo Magdalena- Cauca -San Jorge,Bajo San Jorge - La Mojana,1.23272728919983,1.47272729873657,2,2,0.659420311450958,0.66304349899292,1,1,1.05999994277954,2017,04,22,94.8,94.8,100.487994575501,0,42.3549842834473,2017-04-01,52.7428894042969,99.7627029418945,84.5212173461914
25025030,Meteorológica Especial,Automática con Telemetría,Córdoba,Ayapel,8.2951,-75.1646,20,12/11/2014,,Caribe,Magdalena Cauca,Bajo Magdalena- Cauca -San Jorge,Bajo San Jorge - La Mojana,1.23272728919983,1.47272729873657,2,2,0.659420311450958,0.66304349899292,1,1,1.05999994277954,2017,04,23,115,115,121.899993419647,0,17.9136714935303,2017-04-01,21.5520267486572,23.0714282989502,39.0878944396973
25025030,Meteorológica Especial,Automática con Telemetría,Córdoba,Ayapel,8.2951,-75.1646,20,12/11/2014,,Caribe,Magdalena Cauca,Bajo Magdalena- Cauca -San Jorge,Bajo San Jorge - La Mojana,1.23272728919983,1.47272729873657,2,2,0.659420311450958,0.66304349899292,1,1,1.05999994277954,2017,04,24,98.2,98.2,104.091994380951,0,37.0616760253906,2017-04-01,41.2464752197266,37.5321006774902,56.2907829284668
25025030,Meteorológica Especial,Automática con Telemetría,Córdoba,Ayapel,8.2951,-75.1646,20,12/11/2014,,Caribe,Magdalena Cauca,Bajo Magdalena- Cauca -San Jorge,Bajo San Jorge - La Mojana,1.23272728919983,1.47272729873657,2,2,0.659420311450958,0.66304349899292,1,1,1.04999995231628,2017,05,25,53.2,53.2,55.8599974632263,0,29.3812980651856,2017-05-01,27.0508613586426,33.7451057434082,27.8877105712891
25025030,Meteorológica Especial,Automática con Telemetría,Córdoba,Ayapel,8.2951,-75.1646,20,12/11/2014,,Caribe,Magdalena Cauca,Bajo Magdalena- Cauca -San Jorge,Bajo San Jorge - La Mojana,1.23272728919983,1.47272729873657,2,2,0.659420311450958,0.66304349899292,1,1,1.04999995231628,2017,05,26,98.8,98.8,103.739995288849,0,49.4880256652832,2017-05-01,51.1519241333008,45.3562126159668,46.7854347229004
25025030,Meteorológica Especial,Automática con Telemetría,Córdoba,Ayapel,8.2951,-75.1646,20,12/11/2014,,Caribe,Magdalena Cauca,Bajo Magdalena- Cauca -San Jorge,Bajo San Jorge - La Mojana,1.23272728919983,1.47272729873657,2,2,0.659420311450958,0.66304349899292,1,1,1.04999995231628,2017,05,27,57.2,57.2,60.0599972724915,0,65.1139831542969,2017-05-01,65.982795715332,68.1888961791992,56.4987144470215
25025030,Meteorológica Especial,Automática con Telemetría,Córdoba,Ayapel,8.2951,-75.1646,20,12/11/2014,,Caribe,Magdalena Cauca,Bajo Magdalena- Cauca -San Jorge,Bajo San Jorge - La Mojana,1.23272728919983,1.47272729873657,2,2,0.659420311450958,0.66304349899292,1,1,1.04999995231628,2017,05,28,65.4,65.4,68.669996881485,0,47.034481048584,2017-05-01,45.6805267333984,59.6401748657227,54.3802299499512
25025030,Meteorológica Especial,Automática con Telemetría,Córdoba,Ayapel,8.2951,-75.1646,20,12/11/2014,,Caribe,Magdalena Cauca,Bajo Magdalena- Cauca -San Jorge,Bajo San Jorge - La Mojana,1.23272728919983,1.47272729873657,2,2,0.659420311450958,0.66304349899292,1,1,1.04999995231628,2017,05,29,27.4,27.4,28.7699986934662,0,27.4554824829102,2017-05-01,26.7518043518066,31.8187160491943,29.0588264465332
25025030,Meteorológica Especial,Automática con Telemetría,Córdoba,Ayapel,8.2951,-75.1646,20,12/11/2014,,Caribe,Magdalena Cauca,Bajo Magdalena- Cauca -San Jorge,Bajo San Jorge - La Mojana,1.23272728919983,1.47272729873657,2,2,0.659420311450958,0.66304349899292,1,1,1.04999995231628,2017,05,30,60.2,60.2,63.2099971294403,0,70.4093856811524,2017-05-01,65.6366806030274,95.6556243896484,44.1123886108398
25025030,Meteorológica Especial,Automática con Telemetría,Córdoba,Ayapel,8.2951,-75.1646,20,12/11/2014,,Caribe,Magdalena Cauca,Bajo Magdalena- Cauca -San Jorge,Bajo San Jorge - La Mojana,1.23272728919983,1.47272729873657,2,2,0.659420311450958,0.66304349899292,1,1,1.04999995231628,2017,06,31,43,43,45.1499979496002,0,38.7906074523926,2017-06-01,43.4096298217774,38.2080726623535,43.4467086791992
25025030,Meteorológica Especial,Automática con Telemetría,Córdoba,Ayapel,8.2951,-75.1646,20,12/11/2014,,Caribe,Magdalena Cauca,Bajo Magdalena- Cauca -San Jorge,Bajo San Jorge - La Mojana,1.23272728919983,1.47272729873657,2,2,0.659420311450958,0.66304349899292,1,1,1.04999995231628,2017,06,32,115,115,120.749994516373,0,65.3590393066406,2017-06-01,77.5488662719727,51.8205642700195,64.5446929931641
25025030,Meteorológica Especial,Automática con Telemetría,Córdoba,Ayapel,8.2951,-75.1646,20,12/11/2014,,Caribe,Magdalena Cauca,Bajo Magdalena- Cauca -San Jorge,Bajo San Jorge - La Mojana,1.23272728919983,1.47272729873657,2,2,0.659420311450958,0.66304349899292,1,1,1.04999995231628,2017,06,33,121.8,121.8,127.889994192123,0,60.4699020385742,2017-06-01,72.5712051391602,87.7240142822266,112.927230834961
25025030,Meteorológica Especial,Automática con Telemetría,Córdoba,Ayapel,8.2951,-75.1646,20,12/11/2014,,Caribe,Magdalena Cauca,Bajo Magdalena- Cauca -San Jorge,Bajo San Jorge - La Mojana,1.23272728919983,1.47272729873657,2,2,0.659420311450958,0.66304349899292,1,1,1.04999995231628,2017,06,34,145.5,145.5,152.774993062019,0,36.9893760681152,2017-06-01,47.2005043029785,60.6786918640137,78.0853042602539
25025030,Meteorológica Especial,Automática con Telemetría,Córdoba,Ayapel,8.2951,-75.1646,20,12/11/2014,,Caribe,Magdalena Cauca,Bajo Magdalena- Cauca -San Jorge,Bajo San Jorge - La Mojana,1.23272728919983,1.47272729873657,2,2,0.659420311450958,0.66304349899292,1,1,1.04999995231628,2017,06,35,50,50,52.4999976158142,0,53.6672592163086,2017-06-01,68.9214019775391,45.1396827697754,59.9062309265137
25025030,Meteorológica Especial,Automática con Telemetría,Córdoba,Ayapel,8.2951,-75.1646,20,12/11/2014,,Caribe,Magdalena Cauca,Bajo Magdalena- Cauca -San Jorge,Bajo San Jorge - La Mojana,1.23272728919983,1.47272729873657,2,2,0.659420311450958,0.66304349899292,1,1,1.04999995231628,2017,06,36,53.5,53.5,56.1749974489212,0,56.8943557739258,2017-06-01,76.8843688964844,43.850959777832,43.968994140625
25025030,Meteorológica Especial,Automática con Telemetría,Córdoba,Ayapel,8.2951,-75.1646,20,12/11/2014,,Caribe,Magdalena Cauca,Bajo Magdalena- Cauca -San Jorge,Bajo San Jorge - La Mojana,1.23272728919983,1.47272729873657,2,2,0.659420311450958,0.66304349899292,1,1,1.04999995231628,2017,07,37,0,0,0,0,28.142707824707,2017-07-01,31.1809120178223,32.6806602478027,20.2358283996582
25025030,Meteorológica Especial,Automática con Telemetría,Córdoba,Ayapel,8.2951,-75.1646,20,12/11/2014,,Caribe,Magdalena Cauca,Bajo Magdalena- Cauca -San Jorge,Bajo San Jorge - La Mojana,1.23272728919983,1.47272729873657,2,2,0.659420311450958,0.66304349899292,1,1,1.04999995231628,2017,07,38,18.1,18.1,19.0049991369247,0,58.2065544128418,2017-07-01,72.7058868408203,26.5841598510742,34.2828521728516
25025030,Meteorológica Especial,Automática con Telemetría,Córdoba,Ayapel,8.2951,-75.1646,20,12/11/2014,,Caribe,Magdalena Cauca,Bajo Magdalena- Cauca -San Jorge,Bajo San Jorge - La Mojana,1.23272728919983,1.47272729873657,2,2,0.659420311450958,0.66304349899292,1,1,1.04999995231628,2017,07,39,74.8,74.8,78.5399964332581,0,58.1365127563477,2017-07-01,71.6168899536133,77.7587661743164,115.161102294922
25025030,Meteorológica Especial,Automática con Telemetría,Córdoba,Ayapel,8.2951,-75.1646,20,12/11/2014,,Caribe,Magdalena Cauca,Bajo Magdalena- Cauca -San Jorge,Bajo San Jorge - La Mojana,1.23272728919983,1.47272729873657,2,2,0.659420311450958,0.66304349899292,1,1,1.04999995231628,2017,07,40,96.9,96.9,101.744995379448,0,64.5064086914063,2017-07-01,82.5675888061524,84.9227752685547,77.1527938842774
25025030,Meteorológica Especial,Automática con Telemetría,Córdoba,Ayapel,8.2951,-75.1646,20,12/11/2014,,Caribe,Magdalena Cauca,Bajo Magdalena- Cauca -San Jorge,Bajo San Jorge - La Mojana,1.23272728919983,1.47272729873657,2,2,0.659420311450958,0.66304349899292,1,1,1.04999995231628,2017,07,41,11.2,11.2,11.7599994659424,0,36.2262001037598,2017-07-01,42.4811019897461,31.796257019043,47.7428398132324
25025030,Meteorológica Especial,Automática con Telemetría,Córdoba,Ayapel,8.2951,-75.1646,20,12/11/2014,,Caribe,Magdalena Cauca,Bajo Magdalena- Cauca -San Jorge,Bajo San Jorge - La Mojana,1.23272728919983,1.47272729873657,2,2,0.659420311450958,0.66304349899292,1,1,1.04999995231628,2017,07,42,58.5,58.5,61.4249972105026,0,109.306671142578,2017-07-01,121.520149230957,112.314758300781,95.5939178466797
25025030,Meteorológica Especial,Automática con Telemetría,Córdoba,Ayapel,8.2951,-75.1646,20,12/11/2014,,Caribe,Magdalena Cauca,Bajo Magdalena- Cauca -San Jorge,Bajo San Jorge - La Mojana,1.23272728919983,1.47272729873657,2,2,0.659420311450958,0.66304349899292,1,1,1.04999995231628,2017,08,43,18,18,18.8999991416931,0,43.0799026489258,2017-08-01,48.8114051818848,26.0311584472656,41.4524536132813
25025030,Meteorológica Especial,Automática con Telemetría,Córdoba,Ayapel,8.2951,-75.1646,20,12/11/2014,,Caribe,Magdalena Cauca,Bajo Magdalena- Cauca -San Jorge,Bajo San Jorge - La Mojana,1.23272728919983,1.47272729873657,2,2,0.659420311450958,0.66304349899292,1,1,1.04999995231628,2017,08,44,12,12,12.5999994277954,0,45.2918891906738,2017-08-01,47.0350875854492,27.8762035369873,52.5659484863281
25025030,Meteorológica Especial,Automática con Telemetría,Córdoba,Ayapel,8.2951,-75.1646,20,12/11/2014,,Caribe,Magdalena Cauca,Bajo Magdalena- Cauca -San Jorge,Bajo San Jorge - La Mojana,1.23272728919983,1.47272729873657,2,2,0.659420311450958,0.66304349899292,1,1,1.04999995231628,2017,08,45,99.6,99.6,104.579995250702,0,40.2459030151367,2017-08-01,42.2953796386719,71.8260269165039,38.4194831848145
25025030,Meteorológica Especial,Automática con Telemetría,Córdoba,Ayapel,8.2951,-75.1646,20,12/11/2014,,Caribe,Magdalena Cauca,Bajo Magdalena- Cauca -San Jorge,Bajo San Jorge - La Mojana,1.23272728919983,1.47272729873657,2,2,0.659420311450958,0.66304349899292,1,1,1.04999995231628,2017,08,46,108.7,108.7,114.13499481678,0,83.5627365112305,2017-08-01,81.0936584472656,120.481163024902,79.7530899047852
25025030,Meteorológica Especial,Automática con Telemetría,Córdoba,Ayapel,8.2951,-75.1646,20,12/11/2014,,Caribe,Magdalena Cauca,Bajo Magdalena- Cauca -San Jorge,Bajo San Jorge - La Mojana,1.23272728919983,1.47272729873657,2,2,0.659420311450958,0.66304349899292,1,1,1.04999995231628,2017,08,47,56.2,56.2,59.0099973201752,0,59.8793563842774,2017-08-01,67.1836853027344,57.7748489379883,66.7091903686524
25025030,Meteorológica Especial,Automática con Telemetría,Córdoba,Ayapel,8.2951,-75.1646,20,12/11/2014,,Caribe,Magdalena Cauca,Bajo Magdalena- Cauca -San Jorge,Bajo San Jorge - La Mojana,1.23272728919983,1.47272729873657,2,2,0.659420311450958,0.66304349899292,1,1,1.04999995231628,2017,08,48,144.9,144.9,152.14499309063,0,89.941520690918,2017-08-01,87.6276245117188,169.018524169922,114.95548248291
25025030,Meteorológica Especial,Automática con Telemetría,Córdoba,Ayapel,8.2951,-75.1646,20,12/11/2014,,Caribe,Magdalena Cauca,Bajo Magdalena- Cauca -San Jorge,Bajo San Jorge - La Mojana,1.23272728919983,1.47272729873657,2,2,0.659420311450958,0.66304349899292,1,1,1.04999995231628,2017,09,49,60,60,62.9999971389771,0,56.5172004699707,2017-09-01,71.0595626831055,37.5407791137695,52.6814117431641
25025030,Meteorológica Especial,Automática con Telemetría,Córdoba,Ayapel,8.2951,-75.1646,20,12/11/2014,,Caribe,Magdalena Cauca,Bajo Magdalena- Cauca -San Jorge,Bajo San Jorge - La Mojana,1.23272728919983,1.47272729873657,2,2,0.659420311450958,0.66304349899292,1,1,1.04999995231628,2017,09,50,44.6,44.6,46.8299978733063,0,60.8008918762207,2017-09-01,74.9370422363281,70.6139678955078,65.1950225830078
25025030,Meteorológica Especial,Automática con Telemetría,Córdoba,Ayapel,8.2951,-75.1646,20,12/11/2014,,Caribe,Magdalena Cauca,Bajo Magdalena- Cauca -San Jorge,Bajo San Jorge - La Mojana,1.23272728919983,1.47272729873657,2,2,0.659420311450958,0.66304349899292,1,1,1.04999995231628,2017,09,51,66.5,66.5,69.8249968290329,0,49.273063659668,2017-09-01,54.0080413818359,54.8853530883789,40.5710563659668
25025030,Meteorológica Especial,Automática con Telemetría,Córdoba,Ayapel,8.2951,-75.1646,20,12/11/2014,,Caribe,Magdalena Cauca,Bajo Magdalena- Cauca -San Jorge,Bajo San Jorge - La Mojana,1.23272728919983,1.47272729873657,2,2,0.659420311450958,0.66304349899292,1,1,1.04999995231628,2017,09,52,99.6,99.6,104.579995250702,0,66.6438674926758,2017-09-01,81.8192367553711,66.1369094848633,78.8633346557617
25025030,Meteorológica Especial,Automática con Telemetría,Córdoba,Ayapel,8.2951,-75.1646,20,12/11/2014,,Caribe,Magdalena Cauca,Bajo Magdalena- Cauca -San Jorge,Bajo San Jorge - La Mojana,1.23272728919983,1.47272729873657,2,2,0.659420311450958,0.66304349899292,1,1,1.04999995231628,2017,09,53,64.5,64.5,67.7249969244003,0,46.1960105895996,2017-09-01,47.0872688293457,63.7396430969238,59.3381271362305
25025030,Meteorológica Especial,Automática con Telemetría,Córdoba,Ayapel,8.2951,-75.1646,20,12/11/2014,,Caribe,Magdalena Cauca,Bajo Magdalena- Cauca -San Jorge,Bajo San Jorge - La Mojana,1.23272728919983,1.47272729873657,2,2,0.659420311450958,0.66304349899292,1,1,1.04999995231628,2017,09,54,26.2,26.2,27.5099987506867,0,63.6342582702637,2017-09-01,66.8610992431641,59.2867851257324,51.7823219299316
25025030,Meteorológica Especial,Automática con Telemetría,Córdoba,Ayapel,8.2951,-75.1646,20,12/11/2014,,Caribe,Magdalena Cauca,Bajo Magdalena- Cauca -San Jorge,Bajo San Jorge - La Mojana,1.23272728919983,1.47272729873657,2,2,0.659420311450958,0.66304349899292,1,1,1.04999995231628,2017,10,55,30.5,30.5,32.0249985456467,0,65.9534301757813,2017-10-01,62.7098541259766,78.5651245117188,65.6276550292969
25025030,Meteorológica Especial,Automática con Telemetría,Córdoba,Ayapel,8.2951,-75.1646,20,12/11/2014,,Caribe,Magdalena Cauca,Bajo Magdalena- Cauca -San Jorge,Bajo San Jorge - La Mojana,1.23272728919983,1.47272729873657,2,2,0.659420311450958,0.66304349899292,1,1,1.04999995231628,2017,10,56,122,122,128.099994182587,0,55.1545944213867,2017-10-01,45.955493927002,47.2489395141602,47.2253303527832
25025030,Meteorológica Especial,Automática con Telemetría,Córdoba,Ayapel,8.2951,-75.1646,20,12/11/2014,,Caribe,Magdalena Cauca,Bajo Magdalena- Cauca -San Jorge,Bajo San Jorge - La Mojana,1.23272728919983,1.47272729873657,2,2,0.659420311450958,0.66304349899292,1,1,1.04999995231628,2017,10,57,15,15,15.7499992847443,0,48.4052047729492,2017-10-01,36.6897964477539,24.532958984375,23.4742622375488
25025030,Meteorológica Especial,Automática con Telemetría,Córdoba,Ayapel,8.2951,-75.1646,20,12/11/2014,,Caribe,Magdalena Cauca,Bajo Magdalena- Cauca -San Jorge,Bajo San Jorge - La Mojana,1.23272728919983,1.47272729873657,2,2,0.659420311450958,0.66304349899292,1,1,1.04999995231628,2017,10,58,27,27,28.3499987125397,0,59.3604545593262,2017-10-01,43.9105567932129,57.8486938476563,61.7189102172852
25025030,Meteorológica Especial,Automática con Telemetría,Córdoba,Ayapel,8.2951,-75.1646,20,12/11/2014,,Caribe,Magdalena Cauca,Bajo Magdalena- Cauca -San Jorge,Bajo San Jorge - La Mojana,1.23272728919983,1.47272729873657,2,2,0.659420311450958,0.66304349899292,1,1,1.04999995231628,2017,10,59,20,20,20.9999990463257,0,107.428718566895,2017-10-01,97.4594879150391,80.536003112793,62.6953811645508
25025030,Meteorológica Especial,Automática con Telemetría,Córdoba,Ayapel,8.2951,-75.1646,20,12/11/2014,,Caribe,Magdalena Cauca,Bajo Magdalena- Cauca -San Jorge,Bajo San Jorge - La Mojana,1.23272728919983,1.47272729873657,2,2,0.659420311450958,0.66304349899292,1,1,1.04999995231628,2017,10,60,26,26,27.2999987602234,0,80.8207473754883,2017-10-01,61.8898773193359,52.0347747802734,30.6196517944336
25025030,Meteorológica Especial,Automática con Telemetría,Córdoba,Ayapel,8.2951,-75.1646,20,12/11/2014,,Caribe,Magdalena Cauca,Bajo Magdalena- Cauca -San Jorge,Bajo San Jorge - La Mojana,1.23272728919983,1.47272729873657,2,2,0.659420311450958,0.66304349899292,1,1,1.04999995231628,2017,11,61,10.4,10.4,10.9199995040894,0,30.5779457092285,2017-11-01,15.2312879562378,49.8247222900391,27.4074478149414
25025030,Meteorológica Especial,Automática con Telemetría,Córdoba,Ayapel,8.2951,-75.1646,20,12/11/2014,,Caribe,Magdalena Cauca,Bajo Magdalena- Cauca -San Jorge,Bajo San Jorge - La Mojana,1.23272728919983,1.47272729873657,2,2,0.659420311450958,0.66304349899292,1,1,1.04999995231628,2017,11,62,58,58,60.8999972343445,0,46.6861572265625,2017-11-01,39.2293205261231,18.3558502197266,25.9044208526611
25025030,Meteorológica Especial,Automática con Telemetría,Córdoba,Ayapel,8.2951,-75.1646,20,12/11/2014,,Caribe,Magdalena Cauca,Bajo Magdalena- Cauca -San Jorge,Bajo San Jorge - La Mojana,1.23272728919983,1.47272729873657,2,2,0.659420311450958,0.66304349899292,1,1,1.04999995231628,2017,11,63,6.2,6.2,6.50999970436096,0,34.9144630432129,2017-11-01,27.8019275665283,16.8115577697754,19.6069564819336
25025030,Meteorológica Especial,Automática con Telemetría,Córdoba,Ayapel,8.2951,-75.1646,20,12/11/2014,,Caribe,Magdalena Cauca,Bajo Magdalena- Cauca -San Jorge,Bajo San Jorge - La Mojana,1.23272728919983,1.47272729873657,2,2,0.659420311450958,0.66304349899292,1,1,1.04999995231628,2017,11,64,27,27,28.3499987125397,0,32.7299423217773,2017-11-01,21.5893993377686,48.5827789306641,50.0425529479981
25025030,Meteorológica Especial,Automática con Telemetría,Córdoba,Ayapel,8.2951,-75.1646,20,12/11/2014,,Caribe,Magdalena Cauca,Bajo Magdalena- Cauca -San Jorge,Bajo San Jorge - La Mojana,1.23272728919983,1.47272729873657,2,2,0.659420311450958,0.66304349899292,1,1,1.04999995231628,2017,11,65,54.6,54.6,57.3299973964691,0,39.059700012207,2017-11-01,27.8474578857422,21.5367031097412,26.6853485107422
25025030,Meteorológica Especial,Automática con Telemetría,Córdoba,Ayapel,8.2951,-75.1646,20,12/11/2014,,Caribe,Magdalena Cauca,Bajo Magdalena- Cauca -San Jorge,Bajo San Jorge - La Mojana,1.23272728919983,1.47272729873657,2,2,0.659420311450958,0.66304349899292,1,1,1.04999995231628,2017,11,66,2.5,2.5,2.62499988079071,0,23.6535148620606,2017-11-01,14.9872331619263,18.8830184936523,10.2795600891113
25025030,Meteorológica Especial,Automática con Telemetría,Córdoba,Ayapel,8.2951,-75.1646,20,12/11/2014,,Caribe,Magdalena Cauca,Bajo Magdalena- Cauca -San Jorge,Bajo San Jorge - La Mojana,1.23272728919983,1.47272729873657,2,2,0.659420311450958,0.66304349899292,1,1,1.07000005245209,2017,12,67,16,16,17.1200008392334,0,15.5329217910767,2017-12-01,12.257529258728,15.2758493423462,13.3456192016602
25025030,Meteorológica Especial,Automática con Telemetría,Córdoba,Ayapel,8.2951,-75.1646,20,12/11/2014,,Caribe,Magdalena Cauca,Bajo Magdalena- Cauca -San Jorge,Bajo San Jorge - La Mojana,1.23272728919983,1.47272729873657,2,2,0.659420311450958,0.66304349899292,1,1,1.07000005245209,2017,12,68,0,0,0,0,12.3987607955933,2017-12-01,11.063045501709,7.16733407974243,6.87937927246094
25025030,Meteorológica Especial,Automática con Telemetría,Córdoba,Ayapel,8.2951,-75.1646,20,12/11/2014,,Caribe,Magdalena Cauca,Bajo Magdalena- Cauca -San Jorge,Bajo San Jorge - La Mojana,1.23272728919983,1.47272729873657,2,2,0.659420311450958,0.66304349899292,1,1,1.07000005245209,2017,12,69,0,0,0,0,2.83213186264038,2017-12-01,0,1.65508830547333,0
25025030,Meteorológica Especial,Automática con Telemetría,Córdoba,Ayapel,8.2951,-75.1646,20,12/11/2014,,Caribe,Magdalena Cauca,Bajo Magdalena- Cauca -San Jorge,Bajo San Jorge - La Mojana,1.23272728919983,1.47272729873657,2,2,0.659420311450958,0.66304349899292,1,1,1.07000005245209,2017,12,70,0,0,0,0,2.97718548774719,2017-12-01,0,1.66187596321106,0
25025030,Meteorológica Especial,Automática con Telemetría,Córdoba,Ayapel,8.2951,-75.1646,20,12/11/2014,,Caribe,Magdalena Cauca,Bajo Magdalena- Cauca -San Jorge,Bajo San Jorge - La Mojana,1.23272728919983,1.47272729873657,2,2,0.659420311450958,0.66304349899292,1,1,1.07000005245209,2017,12,71,0,0,0,0,3.16513109207153,2017-12-01,0,1.72239410877228,0
25025030,Meteorológica Especial,Automática con Telemetría,Córdoba,Ayapel,8.2951,-75.1646,20,12/11/2014,,Caribe,Magdalena Cauca,Bajo Magdalena- Cauca -San Jorge,Bajo San Jorge - La Mojana,1.23272728919983,1.47272729873657,2,2,0.659420311450958,0.66304349899292,1,1,1.07000005245209,2017,12,72,5.4,5.4,5.77800028324127,0,22.0525379180908,2017-12-01,12.2338762283325,18.1748695373535,18.111686706543
25025030,Meteorológica Especial,Automática con Telemetría,Córdoba,Ayapel,8.2951,-75.1646,20,12/11/2014,,Caribe,Magdalena Cauca,Bajo Magdalena- Cauca -San Jorge,Bajo San Jorge - La Mojana,1.23272728919983,1.47272729873657,2,2,0.659420311450958,0.66304349899292,1,1,1.08000004291534,2018,01,1,6.4,6.4,6.9120002746582,0,24.658130645752,2018-01-01,31.0472526550293,66.0225524902344,26.6089324951172
25025030,Meteorológica Especial,Automática con Telemetría,Córdoba,Ayapel,8.2951,-75.1646,20,12/11/2014,,Caribe,Magdalena Cauca,Bajo Magdalena- Cauca -San Jorge,Bajo San Jorge - La Mojana,1.23272728919983,1.47272729873657,2,2,0.659420311450958,0.66304349899292,1,1,1.08000004291534,2018,01,2,61.6,61.6,66.5280026435852,0,16.3792495727539,2018-01-01,24.0436973571777,35.8862686157227,36.4655075073242
25025030,Meteorológica Especial,Automática con Telemetría,Córdoba,Ayapel,8.2951,-75.1646,20,12/11/2014,,Caribe,Magdalena Cauca,Bajo Magdalena- Cauca -San Jorge,Bajo San Jorge - La Mojana,1.23272728919983,1.47272729873657,2,2,0.659420311450958,0.66304349899292,1,1,1.08000004291534,2018,01,3,28,28,30.2400012016296,0,13.8484239578247,2018-01-01,15.3524227142334,16.194507598877,15.0804471969605
25025030,Meteorológica Especial,Automática con Telemetría,Córdoba,Ayapel,8.2951,-75.1646,20,12/11/2014,,Caribe,Magdalena Cauca,Bajo Magdalena- Cauca -San Jorge,Bajo San Jorge - La Mojana,1.23272728919983,1.47272729873657,2,2,0.659420311450958,0.66304349899292,1,1,1.08000004291534,2018,01,4,5.4,5.4,5.83200023174286,0,15.4676733016968,2018-01-01,22.9945659637451,28.3852977752686,20.928638458252
25025030,Meteorológica Especial,Automática con Telemetría,Córdoba,Ayapel,8.2951,-75.1646,20,12/11/2014,,Caribe,Magdalena Cauca,Bajo Magdalena- Cauca -San Jorge,Bajo San Jorge - La Mojana,1.23272728919983,1.47272729873657,2,2,0.659420311450958,0.66304349899292,1,1,1.08000004291534,2018,01,5,0,0,0,0,1.69380664825439,2018-01-01,0,1.01716935634613,0
25025030,Meteorológica Especial,Automática con Telemetría,Córdoba,Ayapel,8.2951,-75.1646,20,12/11/2014,,Caribe,Magdalena Cauca,Bajo Magdalena- Cauca -San Jorge,Bajo San Jorge - La Mojana,1.23272728919983,1.47272729873657,2,2,0.659420311450958,0.66304349899292,1,1,1.08000004291534,2018,01,6,0,0,0,0,4.12185001373291,2018-01-01,0,2.56558179855347,0
25025030,Meteorológica Especial,Automática con Telemetría,Córdoba,Ayapel,8.2951,-75.1646,20,12/11/2014,,Caribe,Magdalena Cauca,Bajo Magdalena- Cauca -San Jorge,Bajo San Jorge - La Mojana,1.23272728919983,1.47272729873657,2,2,0.659420311450958,0.66304349899292,1,1,1.11000001430511,2018,02,7,0,0,0,0,2.63836097717285,2018-02-01,0.206891357898712,1.76206636428833,0.187410473823547
25025030,Meteorológica Especial,Automática con Telemetría,Córdoba,Ayapel,8.2951,-75.1646,20,12/11/2014,,Caribe,Magdalena Cauca,Bajo Magdalena- Cauca -San Jorge,Bajo San Jorge - La Mojana,1.23272728919983,1.47272729873657,2,2,0.659420311450958,0.66304349899292,1,1,1.11000001430511,2018,02,8,0,0,0,0,2.83633923530579,2018-02-01,1.63348829746246,1.63413798809052,1.10805177688599
25025030,Meteorológica Especial,Automática con Telemetría,Córdoba,Ayapel,8.2951,-75.1646,20,12/11/2014,,Caribe,Magdalena Cauca,Bajo Magdalena- Cauca -San Jorge,Bajo San Jorge - La Mojana,1.23272728919983,1.47272729873657,2,2,0.659420311450958,0.66304349899292,1,1,1.11000001430511,2018,02,9,0,0,0,0,2.85800719261169,2018-02-01,1.03784084320068,1.64130163192749,0.753726422786713
25025030,Meteorológica Especial,Automática con Telemetría,Córdoba,Ayapel,8.2951,-75.1646,20,12/11/2014,,Caribe,Magdalena Cauca,Bajo Magdalena- Cauca -San Jorge,Bajo San Jorge - La Mojana,1.23272728919983,1.47272729873657,2,2,0.659420311450958,0.66304349899292,1,1,1.11000001430511,2018,02,10,0,0,0,0,2.48037576675415,2018-02-01,1.249680519104,1.43032193183899,0.868827223777771
25025030,Meteorológica Especial,Automática con Telemetría,Córdoba,Ayapel,8.2951,-75.1646,20,12/11/2014,,Caribe,Magdalena Cauca,Bajo Magdalena- Cauca -San Jorge,Bajo San Jorge - La Mojana,1.23272728919983,1.47272729873657,2,2,0.659420311450958,0.66304349899292,1,1,1.11000001430511,2018,02,11,0,0,0,0,2.14549684524536,2018-02-01,0.214416339993477,1.36643505096436,0.188544526696205
25025030,Meteorológica Especial,Automática con Telemetría,Córdoba,Ayapel,8.2951,-75.1646,20,12/11/2014,,Caribe,Magdalena Cauca,Bajo Magdalena- Cauca -San Jorge,Bajo San Jorge - La Mojana,1.23272728919983,1.47272729873657,2,2,0.659420311450958,0.66304349899292,1,1,1.11000001430511,2018,02,12,0,0,0,0,1.11158740520477,2018-02-01,0,0.888842105865479,0
25025030,Meteorológica Especial,Automática con Telemetría,Córdoba,Ayapel,8.2951,-75.1646,20,12/11/2014,,Caribe,Magdalena Cauca,Bajo Magdalena- Cauca -San Jorge,Bajo San Jorge - La Mojana,1.23272728919983,1.47272729873657,2,2,0.659420311450958,0.66304349899292,1,1,1.10000002384186,2018,03,13,0,0,0,0,2.46434307098389,2018-03-01,0,1.73633563518524,0
25025030,Meteorológica Especial,Automática con Telemetría,Córdoba,Ayapel,8.2951,-75.1646,20,12/11/2014,,Caribe,Magdalena Cauca,Bajo Magdalena- Cauca -San Jorge,Bajo San Jorge - La Mojana,1.23272728919983,1.47272729873657,2,2,0.659420311450958,0.66304349899292,1,1,1.10000002384186,2018,03,14,0,0,0,0,9.08451652526855,2018-03-01,10.79128074646,5.18490695953369,5.20298910140991
25025030,Meteorológica Especial,Automática con Telemetría,Córdoba,Ayapel,8.2951,-75.1646,20,12/11/2014,,Caribe,Magdalena Cauca,Bajo Magdalena- Cauca -San Jorge,Bajo San Jorge - La Mojana,1.23272728919983,1.47272729873657,2,2,0.659420311450958,0.66304349899292,1,1,1.10000002384186,2018,03,15,0,0,0,0,1.71206450462341,2018-03-01,0,1.28274738788605,0
25025030,Meteorológica Especial,Automática con Telemetría,Córdoba,Ayapel,8.2951,-75.1646,20,12/11/2014,,Caribe,Magdalena Cauca,Bajo Magdalena- Cauca -San Jorge,Bajo San Jorge - La Mojana,1.23272728919983,1.47272729873657,2,2,0.659420311450958,0.66304349899292,1,1,1.10000002384186,2018,03,16,3.6,3.6,3.96000008583069,0,4.67673873901367,2018-03-01,4.68340969085693,8.52687454223633,8.90535163879395
25025030,Meteorológica Especial,Automática con Telemetría,Córdoba,Ayapel,8.2951,-75.1646,20,12/11/2014,,Caribe,Magdalena Cauca,Bajo Magdalena- Cauca -San Jorge,Bajo San Jorge - La Mojana,1.23272728919983,1.47272729873657,2,2,0.659420311450958,0.66304349899292,1,1,1.10000002384186,2018,03,17,0,0,0,0,7.04487419128418,2018-03-01,10.0714025497437,6.50127696990967,5.16830158233643
25025030,Meteorológica Especial,Automática con Telemetría,Córdoba,Ayapel,8.2951,-75.1646,20,12/11/2014,,Caribe,Magdalena Cauca,Bajo Magdalena- Cauca -San Jorge,Bajo San Jorge - La Mojana,1.23272728919983,1.47272729873657,2,2,0.659420311450958,0.66304349899292,1,1,1.10000002384186,2018,03,18,27,27,29.7000006437302,0,11.766209602356,2018-03-01,11.1599521636963,15.8298578262329,11.7864398956299
25025030,Meteorológica Especial,Automática con Telemetría,Córdoba,Ayapel,8.2951,-75.1646,20,12/11/2014,,Caribe,Magdalena Cauca,Bajo Magdalena- Cauca -San Jorge,Bajo San Jorge - La Mojana,1.23272728919983,1.47272729873657,2,2,0.659420311450958,0.66304349899292,1,1,1.05999994277954,2018,04,19,0,0,0,0,6.67979431152344,2018-04-01,6.75417518615723,9.74482250213623,9.0634937286377
25025030,Meteorológica Especial,Automática con Telemetría,Córdoba,Ayapel,8.2951,-75.1646,20,12/11/2014,,Caribe,Magdalena Cauca,Bajo Magdalena- Cauca -San Jorge,Bajo San Jorge - La Mojana,1.23272728919983,1.47272729873657,2,2,0.659420311450958,0.66304349899292,1,1,1.05999994277954,2018,04,20,25,25,26.4999985694885,0,8.23568630218506,2018-04-01,6.11508846282959,10.8651142120361,10.3178434371948
25025030,Meteorológica Especial,Automática con Telemetría,Córdoba,Ayapel,8.2951,-75.1646,20,12/11/2014,,Caribe,Magdalena Cauca,Bajo Magdalena- Cauca -San Jorge,Bajo San Jorge - La Mojana,1.23272728919983,1.47272729873657,2,2,0.659420311450958,0.66304349899292,1,1,1.05999994277954,2018,04,21,1.5,1.5,1.58999991416931,0,30.4547882080078,2018-04-01,34.3943862915039,27.1849479675293,13.7164402008057
25025030,Meteorológica Especial,Automática con Telemetría,Córdoba,Ayapel,8.2951,-75.1646,20,12/11/2014,,Caribe,Magdalena Cauca,Bajo Magdalena- Cauca -San Jorge,Bajo San Jorge - La Mojana,1.23272728919983,1.47272729873657,2,2,0.659420311450958,0.66304349899292,1,1,1.05999994277954,2018,04,22,93,93,98.5799946784973,0,30.9043312072754,2018-04-01,38.2295455932617,53.339527130127,71.6409683227539
25025030,Meteorológica Especial,Automática con Telemetría,Córdoba,Ayapel,8.2951,-75.1646,20,12/11/2014,,Caribe,Magdalena Cauca,Bajo Magdalena- Cauca -San Jorge,Bajo San Jorge - La Mojana,1.23272728919983,1.47272729873657,2,2,0.659420311450958,0.66304349899292,1,1,1.05999994277954,2018,04,23,5.7,5.7,6.04199967384338,0,39.9669990539551,2018-04-01,53.3198204040527,31.3543243408203,34.750675201416
25025030,Meteorológica Especial,Automática con Telemetría,Córdoba,Ayapel,8.2951,-75.1646,20,12/11/2014,,Caribe,Magdalena Cauca,Bajo Magdalena- Cauca -San Jorge,Bajo San Jorge - La Mojana,1.23272728919983,1.47272729873657,2,2,0.659420311450958,0.66304349899292,1,1,1.05999994277954,2018,04,24,30,30,31.7999982833862,0,42.7541961669922,2018-04-01,46.7134628295899,63.7450904846191,50.6200485229492
25025030,Meteorológica Especial,Automática con Telemetría,Córdoba,Ayapel,8.2951,-75.1646,20,12/11/2014,,Caribe,Magdalena Cauca,Bajo Magdalena- Cauca -San Jorge,Bajo San Jorge - La Mojana,1.23272728919983,1.47272729873657,2,2,0.659420311450958,0.66304349899292,1,1,1.04999995231628,2018,05,25,27.8,27.8,29.1899986743927,0,41.4173851013184,2018-05-01,40.1350173950195,44.1409530639648,51.0301704406738
25025030,Meteorológica Especial,Automática con Telemetría,Córdoba,Ayapel,8.2951,-75.1646,20,12/11/2014,,Caribe,Magdalena Cauca,Bajo Magdalena- Cauca -San Jorge,Bajo San Jorge - La Mojana,1.23272728919983,1.47272729873657,2,2,0.659420311450958,0.66304349899292,1,1,1.04999995231628,2018,05,26,110.7,110.7,116.234994721413,0,44.5516319274902,2018-05-01,41.4698524475098,47.4813041687012,88.4275894165039
25025030,Meteorológica Especial,Automática con Telemetría,Córdoba,Ayapel,8.2951,-75.1646,20,12/11/2014,,Caribe,Magdalena Cauca,Bajo Magdalena- Cauca -San Jorge,Bajo San Jorge - La Mojana,1.23272728919983,1.47272729873657,2,2,0.659420311450958,0.66304349899292,1,1,1.04999995231628,2018,05,27,67.8,67.8,71.1899967670441,0,55.4599800109863,2018-05-01,55.6226005554199,59.1069755554199,62.0137557983399
25025030,Meteorológica Especial,Automática con Telemetría,Córdoba,Ayapel,8.2951,-75.1646,20,12/11/2014,,Caribe,Magdalena Cauca,Bajo Magdalena- Cauca -San Jorge,Bajo San Jorge - La Mojana,1.23272728919983,1.47272729873657,2,2,0.659420311450958,0.66304349899292,1,1,1.04999995231628,2018,05,28,17.1,17.1,17.9549991846085,0,43.044261932373,2018-05-01,43.9572067260742,45.874813079834,52.5328750610352
25025030,Meteorológica Especial,Automática con Telemetría,Córdoba,Ayapel,8.2951,-75.1646,20,12/11/2014,,Caribe,Magdalena Cauca,Bajo Magdalena- Cauca -San Jorge,Bajo San Jorge - La Mojana,1.23272728919983,1.47272729873657,2,2,0.659420311450958,0.66304349899292,1,1,1.04999995231628,2018,05,29,14,14,14.699999332428,0,48.6735076904297,2018-05-01,48.6857872009277,51.8742370605469,35.1234474182129
25025030,Meteorológica Especial,Automática con Telemetría,Córdoba,Ayapel,8.2951,-75.1646,20,12/11/2014,,Caribe,Magdalena Cauca,Bajo Magdalena- Cauca -San Jorge,Bajo San Jorge - La Mojana,1.23272728919983,1.47272729873657,2,2,0.659420311450958,0.66304349899292,1,1,1.04999995231628,2018,05,30,44,44,46.1999979019165,0,61.3723411560059,2018-05-01,60.0675315856934,65.4081268310547,51.4482192993164
25025030,Meteorológica Especial,Automática con Telemetría,Córdoba,Ayapel,8.2951,-75.1646,20,12/11/2014,,Caribe,Magdalena Cauca,Bajo Magdalena- Cauca -San Jorge,Bajo San Jorge - La Mojana,1.23272728919983,1.47272729873657,2,2,0.659420311450958,0.66304349899292,1,1,1.04999995231628,2018,06,31,79.6,79.6,83.5799962043762,0,52.0776214599609,2018-06-01,59.5171127319336,46.0287475585938,46.3899574279785
25025030,Meteorológica Especial,Automática con Telemetría,Córdoba,Ayapel,8.2951,-75.1646,20,12/11/2014,,Caribe,Magdalena Cauca,Bajo Magdalena- Cauca -San Jorge,Bajo San Jorge - La Mojana,1.23272728919983,1.47272729873657,2,2,0.659420311450958,0.66304349899292,1,1,1.04999995231628,2018,06,32,67.5,67.5,70.8749967813492,0,30.2496643066406,2018-06-01,34.7782325744629,26.5129203796387,32.3867301940918
25025030,Meteorológica Especial,Automática con Telemetría,Córdoba,Ayapel,8.2951,-75.1646,20,12/11/2014,,Caribe,Magdalena Cauca,Bajo Magdalena- Cauca -San Jorge,Bajo San Jorge - La Mojana,1.23272728919983,1.47272729873657,2,2,0.659420311450958,0.66304349899292,1,1,1.04999995231628,2018,06,33,35,35,36.7499983310699,0,63.2326736450195,2018-06-01,74.3647003173828,52.0629692077637,54.0747528076172
25025030,Meteorológica Especial,Automática con Telemetría,Córdoba,Ayapel,8.2951,-75.1646,20,12/11/2014,,Caribe,Magdalena Cauca,Bajo Magdalena- Cauca -San Jorge,Bajo San Jorge - La Mojana,1.23272728919983,1.47272729873657,2,2,0.659420311450958,0.66304349899292,1,1,1.04999995231628,2018,06,34,143.3,143.3,150.464993166924,0,30.0819110870361,2018-06-01,38.6884727478027,44.2779502868652,87.0558624267578
25025030,Meteorológica Especial,Automática con Telemetría,Córdoba,Ayapel,8.2951,-75.1646,20,12/11/2014,,Caribe,Magdalena Cauca,Bajo Magdalena- Cauca -San Jorge,Bajo San Jorge - La Mojana,1.23272728919983,1.47272729873657,2,2,0.659420311450958,0.66304349899292,1,1,1.04999995231628,2018,06,35,90.2,90.2,94.7099956989288,0,52.9569091796875,2018-06-01,70.8775024414063,46.6113395690918,71.4290771484375
25025030,Meteorológica Especial,Automática con Telemetría,Córdoba,Ayapel,8.2951,-75.1646,20,12/11/2014,,Caribe,Magdalena Cauca,Bajo Magdalena- Cauca -San Jorge,Bajo San Jorge - La Mojana,1.23272728919983,1.47272729873657,2,2,0.659420311450958,0.66304349899292,1,1,1.04999995231628,2018,06,36,22,22,23.0999989509583,0,42.9470825195313,2018-06-01,55.3863067626953,58.0706748962402,47.589111328125
25025030,Meteorológica Especial,Automática con Telemetría,Córdoba,Ayapel,8.2951,-75.1646,20,12/11/2014,,Caribe,Magdalena Cauca,Bajo Magdalena- Cauca -San Jorge,Bajo San Jorge - La Mojana,1.23272728919983,1.47272729873657,2,2,0.659420311450958,0.66304349899292,1,1,1.04999995231628,2018,07,37,31.9,31.9,33.4949984788895,0,50.3212852478027,2018-07-01,55.6127891540527,47.7894973754883,30.3638134002686
25025030,Meteorológica Especial,Automática con Telemetría,Córdoba,Ayapel,8.2951,-75.1646,20,12/11/2014,,Caribe,Magdalena Cauca,Bajo Magdalena- Cauca -San Jorge,Bajo San Jorge - La Mojana,1.23272728919983,1.47272729873657,2,2,0.659420311450958,0.66304349899292,1,1,1.04999995231628,2018,07,38,9,9,9.44999957084656,0,28.0832805633545,2018-07-01,32.2049903869629,33.2133255004883,28.9850482940674
25025030,Meteorológica Especial,Automática con Telemetría,Córdoba,Ayapel,8.2951,-75.1646,20,12/11/2014,,Caribe,Magdalena Cauca,Bajo Magdalena- Cauca -San Jorge,Bajo San Jorge - La Mojana,1.23272728919983,1.47272729873657,2,2,0.659420311450958,0.66304349899292,1,1,1.04999995231628,2018,07,39,22.4,22.4,23.5199989318848,0,45.0618324279785,2018-07-01,51.2797241210938,27.3419036865234,34.1836128234863
25025030,Meteorológica Especial,Automática con Telemetría,Córdoba,Ayapel,8.2951,-75.1646,20,12/11/2014,,Caribe,Magdalena Cauca,Bajo Magdalena- Cauca -San Jorge,Bajo San Jorge - La Mojana,1.23272728919983,1.47272729873657,2,2,0.659420311450958,0.66304349899292,1,1,1.04999995231628,2018,07,40,85,85,89.2499959468842,0,39.7937469482422,2018-07-01,50.0325431823731,56.1730651855469,52.5412521362305
25025030,Meteorológica Especial,Automática con Telemetría,Córdoba,Ayapel,8.2951,-75.1646,20,12/11/2014,,Caribe,Magdalena Cauca,Bajo Magdalena- Cauca -San Jorge,Bajo San Jorge - La Mojana,1.23272728919983,1.47272729873657,2,2,0.659420311450958,0.66304349899292,1,1,1.04999995231628,2018,07,41,80.7,80.7,84.7349961519242,0,65.3393707275391,2018-07-01,80.8003616333008,51.7927360534668,66.5791015625
25025030,Meteorológica Especial,Automática con Telemetría,Córdoba,Ayapel,8.2951,-75.1646,20,12/11/2014,,Caribe,Magdalena Cauca,Bajo Magdalena- Cauca -San Jorge,Bajo San Jorge - La Mojana,1.23272728919983,1.47272729873657,2,2,0.659420311450958,0.66304349899292,1,1,1.04999995231628,2018,07,42,22.6,22.6,23.729998922348,0,105.310966491699,2018-07-01,120.456039428711,101.18090057373,101.748512268066
25025030,Meteorológica Especial,Automática con Telemetría,Córdoba,Ayapel,8.2951,-75.1646,20,12/11/2014,,Caribe,Magdalena Cauca,Bajo Magdalena- Cauca -San Jorge,Bajo San Jorge - La Mojana,1.23272728919983,1.47272729873657,2,2,0.659420311450958,0.66304349899292,1,1,1.04999995231628,2018,08,43,80.6,80.6,84.6299961566925,0,60.8605194091797,2018-08-01,68.5661087036133,87.7335586547852,79.1396026611328
25025030,Meteorológica Especial,Automática con Telemetría,Córdoba,Ayapel,8.2951,-75.1646,20,12/11/2014,,Caribe,Magdalena Cauca,Bajo Magdalena- Cauca -San Jorge,Bajo San Jorge - La Mojana,1.23272728919983,1.47272729873657,2,2,0.659420311450958,0.66304349899292,1,1,1.04999995231628,2018,08,44,19.2,19.2,20.1599990844727,0,38.6962547302246,2018-08-01,39.1120147705078,25.9642887115479,29.6798362731934
25025030,Meteorológica Especial,Automática con Telemetría,Córdoba,Ayapel,8.2951,-75.1646,20,12/11/2014,,Caribe,Magdalena Cauca,Bajo Magdalena- Cauca -San Jorge,Bajo San Jorge - La Mojana,1.23272728919983,1.47272729873657,2,2,0.659420311450958,0.66304349899292,1,1,1.04999995231628,2018,08,45,31.2,31.2,32.7599985122681,0,65.1397247314453,2018-08-01,70.5177154541016,57.6702995300293,63.1165008544922
25025030,Meteorológica Especial,Automática con Telemetría,Córdoba,Ayapel,8.2951,-75.1646,20,12/11/2014,,Caribe,Magdalena Cauca,Bajo Magdalena- Cauca -San Jorge,Bajo San Jorge - La Mojana,1.23272728919983,1.47272729873657,2,2,0.659420311450958,0.66304349899292,1,1,1.04999995231628,2018,08,46,84.5,84.5,88.724995970726,0,38.3470039367676,2018-08-01,35.5731353759766,63.59521484375,50.3047142028809
25025030,Meteorológica Especial,Automática con Telemetría,Córdoba,Ayapel,8.2951,-75.1646,20,12/11/2014,,Caribe,Magdalena Cauca,Bajo Magdalena- Cauca -San Jorge,Bajo San Jorge - La Mojana,1.23272728919983,1.47272729873657,2,2,0.659420311450958,0.66304349899292,1,1,1.04999995231628,2018,08,47,153.6,153.6,161.279992675781,0,54.268669128418,2018-08-01,60.3299369812012,86.4281616210938,74.8113327026367
25025030,Meteorológica Especial,Automática con Telemetría,Córdoba,Ayapel,8.2951,-75.1646,20,12/11/2014,,Caribe,Magdalena Cauca,Bajo Magdalena- Cauca -San Jorge,Bajo San Jorge - La Mojana,1.23272728919983,1.47272729873657,2,2,0.659420311450958,0.66304349899292,1,1,1.04999995231628,2018,08,48,120.2,120.2,126.209994268417,0,82.4027862548828,2018-08-01,80.8866348266602,45.9834747314453,56.0402030944824
25025030,Meteorológica Especial,Automática con Telemetría,Córdoba,Ayapel,8.2951,-75.1646,20,12/11/2014,,Caribe,Magdalena Cauca,Bajo Magdalena- Cauca -San Jorge,Bajo San Jorge - La Mojana,1.23272728919983,1.47272729873657,2,2,0.659420311450958,0.66304349899292,1,1,1.04999995231628,2018,09,49,19.5,19.5,20.4749990701675,0,48.4781150817871,2018-09-01,55.8765068054199,60.1510581970215,39.3950386047363
25025030,Meteorológica Especial,Automática con Telemetría,Córdoba,Ayapel,8.2951,-75.1646,20,12/11/2014,,Caribe,Magdalena Cauca,Bajo Magdalena- Cauca -San Jorge,Bajo San Jorge - La Mojana,1.23272728919983,1.47272729873657,2,2,0.659420311450958,0.66304349899292,1,1,1.04999995231628,2018,09,50,61.2,61.2,64.2599970817566,0,48.5081977844238,2018-09-01,56.3013191223145,57.6883010864258,77.5251770019531
25025030,Meteorológica Especial,Automática con Telemetría,Córdoba,Ayapel,8.2951,-75.1646,20,12/11/2014,,Caribe,Magdalena Cauca,Bajo Magdalena- Cauca -San Jorge,Bajo San Jorge - La Mojana,1.23272728919983,1.47272729873657,2,2,0.659420311450958,0.66304349899292,1,1,1.04999995231628,2018,09,51,22.8,22.8,23.9399989128113,0,54.6567268371582,2018-09-01,63.6030998229981,69.7704620361328,53.2194595336914
25025030,Meteorológica Especial,Automática con Telemetría,Córdoba,Ayapel,8.2951,-75.1646,20,12/11/2014,,Caribe,Magdalena Cauca,Bajo Magdalena- Cauca -San Jorge,Bajo San Jorge - La Mojana,1.23272728919983,1.47272729873657,2,2,0.659420311450958,0.66304349899292,1,1,1.04999995231628,2018,09,52,30,30,31.4999985694885,0,43.0944633483887,2018-09-01,45.0720901489258,33.0070343017578,32.4195365905762
25025030,Meteorológica Especial,Automática con Telemetría,Córdoba,Ayapel,8.2951,-75.1646,20,12/11/2014,,Caribe,Magdalena Cauca,Bajo Magdalena- Cauca -San Jorge,Bajo San Jorge - La Mojana,1.23272728919983,1.47272729873657,2,2,0.659420311450958,0.66304349899292,1,1,1.04999995231628,2018,09,53,84.4,84.4,88.6199959754944,0,57.8923149108887,2018-09-01,66.5009536743164,69.9944686889648,89.8369903564453
25025030,Meteorológica Especial,Automática con Telemetría,Córdoba,Ayapel,8.2951,-75.1646,20,12/11/2014,,Caribe,Magdalena Cauca,Bajo Magdalena- Cauca -San Jorge,Bajo San Jorge - La Mojana,1.23272728919983,1.47272729873657,2,2,0.659420311450958,0.66304349899292,1,1,1.04999995231628,2018,09,54,115,115,120.749994516373,0,41.9794387817383,2018-09-01,40.732593536377,53.0461387634277,41.1432800292969
25025030,Meteorológica Especial,Automática con Telemetría,Córdoba,Ayapel,8.2951,-75.1646,20,12/11/2014,,Caribe,Magdalena Cauca,Bajo Magdalena- Cauca -San Jorge,Bajo San Jorge - La Mojana,1.23272728919983,1.47272729873657,2,2,0.659420311450958,0.66304349899292,1,1,1.04999995231628,2018,10,55,13.8,13.8,14.4899993419647,0,57.1556968688965,2018-10-01,56.9457206726074,73.4928817749024,63.9836959838867
25025030,Meteorológica Especial,Automática con Telemetría,Córdoba,Ayapel,8.2951,-75.1646,20,12/11/2014,,Caribe,Magdalena Cauca,Bajo Magdalena- Cauca -San Jorge,Bajo San Jorge - La Mojana,1.23272728919983,1.47272729873657,2,2,0.659420311450958,0.66304349899292,1,1,1.04999995231628,2018,10,56,17.4,17.4,18.2699991703033,0,35.1492004394531,2018-10-01,32.4551544189453,25.5333652496338,18.8745098114014
25025030,Meteorológica Especial,Automática con Telemetría,Córdoba,Ayapel,8.2951,-75.1646,20,12/11/2014,,Caribe,Magdalena Cauca,Bajo Magdalena- Cauca -San Jorge,Bajo San Jorge - La Mojana,1.23272728919983,1.47272729873657,2,2,0.659420311450958,0.66304349899292,1,1,1.04999995231628,2018,10,57,19,19,19.9499990940094,0,1.7514226436615,2018-10-01,0,3.78526306152344,0
25025030,Meteorológica Especial,Automática con Telemetría,Córdoba,Ayapel,8.2951,-75.1646,20,12/11/2014,,Caribe,Magdalena Cauca,Bajo Magdalena- Cauca -San Jorge,Bajo San Jorge - La Mojana,1.23272728919983,1.47272729873657,2,2,0.659420311450958,0.66304349899292,1,1,1.04999995231628,2018,10,58,147.2,147.2,154.559992980957,0,44.3348159790039,2018-10-01,29.4830474853516,54.8847465515137,63.4394111633301
25025030,Meteorológica Especial,Automática con Telemetría,Córdoba,Ayapel,8.2951,-75.1646,20,12/11/2014,,Caribe,Magdalena Cauca,Bajo Magdalena- Cauca -San Jorge,Bajo San Jorge - La Mojana,1.23272728919983,1.47272729873657,2,2,0.659420311450958,0.66304349899292,1,1,1.04999995231628,2018,10,59,82,82,86.0999960899353,0,28.3326187133789,2018-10-01,22.6103229522705,62.2234420776367,33.5663604736328
25025030,Meteorológica Especial,Automática con Telemetría,Córdoba,Ayapel,8.2951,-75.1646,20,12/11/2014,,Caribe,Magdalena Cauca,Bajo Magdalena- Cauca -San Jorge,Bajo San Jorge - La Mojana,1.23272728919983,1.47272729873657,2,2,0.659420311450958,0.66304349899292,1,1,1.04999995231628,2018,10,60,76.6,76.6,80.4299963474274,0,74.3730697631836,2018-10-01,52.6631813049317,79.1405487060547,58.9908752441406
25025030,Meteorológica Especial,Automática con Telemetría,Córdoba,Ayapel,8.2951,-75.1646,20,12/11/2014,,Caribe,Magdalena Cauca,Bajo Magdalena- Cauca -San Jorge,Bajo San Jorge - La Mojana,1.23272728919983,1.47272729873657,2,2,0.659420311450958,0.66304349899292,1,1,1.04999995231628,2018,11,61,60.5,60.5,63.5249971151352,0,68.0907135009766,2018-11-01,52.9334945678711,40.9299011230469,37.6193962097168
25025030,Meteorológica Especial,Automática con Telemetría,Córdoba,Ayapel,8.2951,-75.1646,20,12/11/2014,,Caribe,Magdalena Cauca,Bajo Magdalena- Cauca -San Jorge,Bajo San Jorge - La Mojana,1.23272728919983,1.47272729873657,2,2,0.659420311450958,0.66304349899292,1,1,1.04999995231628,2018,11,62,4.4,4.4,4.61999979019165,0,17.122802734375,2018-11-01,9.05139064788818,10.9483375549316,12.5234231948853
25025030,Meteorológica Especial,Automática con Telemetría,Córdoba,Ayapel,8.2951,-75.1646,20,12/11/2014,,Caribe,Magdalena Cauca,Bajo Magdalena- Cauca -San Jorge,Bajo San Jorge - La Mojana,1.23272728919983,1.47272729873657,2,2,0.659420311450958,0.66304349899292,1,1,1.04999995231628,2018,11,63,2.2,2.2,2.30999989509583,0,33.75390625,2018-11-01,24.1971645355225,21.0911121368408,14.7057905197144
25025030,Meteorológica Especial,Automática con Telemetría,Córdoba,Ayapel,8.2951,-75.1646,20,12/11/2014,,Caribe,Magdalena Cauca,Bajo Magdalena- Cauca -San Jorge,Bajo San Jorge - La Mojana,1.23272728919983,1.47272729873657,2,2,0.659420311450958,0.66304349899292,1,1,1.04999995231628,2018,11,64,10.8,10.8,11.3399994850159,0,26.3714599609375,2018-11-01,16.6203994750977,13.4779939651489,16.0635623931885
25025030,Meteorológica Especial,Automática con Telemetría,Córdoba,Ayapel,8.2951,-75.1646,20,12/11/2014,,Caribe,Magdalena Cauca,Bajo Magdalena- Cauca -San Jorge,Bajo San Jorge - La Mojana,1.23272728919983,1.47272729873657,2,2,0.659420311450958,0.66304349899292,1,1,1.04999995231628,2018,11,65,2.6,2.6,2.72999987602234,0,31.269645690918,2018-11-01,21.5636558532715,18.6010055541992,12.0845193862915
25025030,Meteorológica Especial,Automática con Telemetría,Córdoba,Ayapel,8.2951,-75.1646,20,12/11/2014,,Caribe,Magdalena Cauca,Bajo Magdalena- Cauca -San Jorge,Bajo San Jorge - La Mojana,1.23272728919983,1.47272729873657,2,2,0.659420311450958,0.66304349899292,1,1,1.04999995231628,2018,11,66,0,0,0,0,11.8818836212158,2018-11-01,2.58154153823853,4.30095767974854,1.86471509933472
25025030,Meteorológica Especial,Automática con Telemetría,Córdoba,Ayapel,8.2951,-75.1646,20,12/11/2014,,Caribe,Magdalena Cauca,Bajo Magdalena- Cauca -San Jorge,Bajo San Jorge - La Mojana,1.23272728919983,1.47272729873657,2,2,0.659420311450958,0.66304349899292,1,1,1.07000005245209,2018,12,67,0,0,0,0,3.46921396255493,2018-12-01,0,1.63493072986603,0
25025030,Meteorológica Especial,Automática con Telemetría,Córdoba,Ayapel,8.2951,-75.1646,20,12/11/2014,,Caribe,Magdalena Cauca,Bajo Magdalena- Cauca -San Jorge,Bajo San Jorge - La Mojana,1.23272728919983,1.47272729873657,2,2,0.659420311450958,0.66304349899292,1,1,1.07000005245209,2018,12,68,0,0,0,0,2.99286413192749,2018-12-01,0.317108899354935,1.44969618320465,0.271590352058411
25025030,Meteorológica Especial,Automática con Telemetría,Córdoba,Ayapel,8.2951,-75.1646,20,12/11/2014,,Caribe,Magdalena Cauca,Bajo Magdalena- Cauca -San Jorge,Bajo San Jorge - La Mojana,1.23272728919983,1.47272729873657,2,2,0.659420311450958,0.66304349899292,1,1,1.07000005245209,2018,12,69,0,0,0,0,2.83213186264038,2018-12-01,0,1.81392598152161,0
25025030,Meteorológica Especial,Automática con Telemetría,Córdoba,Ayapel,8.2951,-75.1646,20,12/11/2014,,Caribe,Magdalena Cauca,Bajo Magdalena- Cauca -San Jorge,Bajo San Jorge - La Mojana,1.23272728919983,1.47272729873657,2,2,0.659420311450958,0.66304349899292,1,1,1.07000005245209,2018,12,70,0,0,0,0,2.97718548774719,2018-12-01,0,1.43749928474426,0
25025030,Meteorológica Especial,Automática con Telemetría,Córdoba,Ayapel,8.2951,-75.1646,20,12/11/2014,,Caribe,Magdalena Cauca,Bajo Magdalena- Cauca -San Jorge,Bajo San Jorge - La Mojana,1.23272728919983,1.47272729873657,2,2,0.659420311450958,0.66304349899292,1,1,1.07000005245209,2018,12,71,0,0,0,0,6.45326375961304,2018-12-01,0.860023856163025,3.03569889068604,0.796953737735748
25025030,Meteorológica Especial,Automática con Telemetría,Córdoba,Ayapel,8.2951,-75.1646,20,12/11/2014,,Caribe,Magdalena Cauca,Bajo Magdalena- Cauca -San Jorge,Bajo San Jorge - La Mojana,1.23272728919983,1.47272729873657,2,2,0.659420311450958,0.66304349899292,1,1,1.07000005245209,2018,12,72,0,0,0,0,4.3560357093811,2018-12-01,0,1.88912379741669,0
25025030,Meteorológica Especial,Automática con Telemetría,Córdoba,Ayapel,8.2951,-75.1646,20,12/11/2014,,Caribe,Magdalena Cauca,Bajo Magdalena- Cauca -San Jorge,Bajo San Jorge - La Mojana,1.23272728919983,1.47272729873657,2,2,0.659420311450958,0.66304349899292,1,1,1.08000004291534,2019,01,1,0,0,0,0,1.52877521514893,2019-01-01,0,0.875091373920441,0
25025030,Meteorológica Especial,Automática con Telemetría,Córdoba,Ayapel,8.2951,-75.1646,20,12/11/2014,,Caribe,Magdalena Cauca,Bajo Magdalena- Cauca -San Jorge,Bajo San Jorge - La Mojana,1.23272728919983,1.47272729873657,2,2,0.659420311450958,0.66304349899292,1,1,1.08000004291534,2019,01,2,0,0,0,0,1.47104859352112,2019-01-01,0,1.17147362232208,0
25025030,Meteorológica Especial,Automática con Telemetría,Córdoba,Ayapel,8.2951,-75.1646,20,12/11/2014,,Caribe,Magdalena Cauca,Bajo Magdalena- Cauca -San Jorge,Bajo San Jorge - La Mojana,1.23272728919983,1.47272729873657,2,2,0.659420311450958,0.66304349899292,1,1,1.08000004291534,2019,01,3,0,0,0,0,1.60339522361755,2019-01-01,0,0.90278834104538,0
25025030,Meteorológica Especial,Automática con Telemetría,Córdoba,Ayapel,8.2951,-75.1646,20,12/11/2014,,Caribe,Magdalena Cauca,Bajo Magdalena- Cauca -San Jorge,Bajo San Jorge - La Mojana,1.23272728919983,1.47272729873657,2,2,0.659420311450958,0.66304349899292,1,1,1.08000004291534,2019,01,4,0,0,0,0,1.71692776679993,2019-01-01,0,0.949656784534454,0
25025030,Meteorológica Especial,Automática con Telemetría,Córdoba,Ayapel,8.2951,-75.1646,20,12/11/2014,,Caribe,Magdalena Cauca,Bajo Magdalena- Cauca -San Jorge,Bajo San Jorge - La Mojana,1.23272728919983,1.47272729873657,2,2,0.659420311450958,0.66304349899292,1,1,1.08000004291534,2019,01,5,0,0,0,0,1.69380664825439,2019-01-01,0,0.953669726848602,0
25025030,Meteorológica Especial,Automática con Telemetría,Córdoba,Ayapel,8.2951,-75.1646,20,12/11/2014,,Caribe,Magdalena Cauca,Bajo Magdalena- Cauca -San Jorge,Bajo San Jorge - La Mojana,1.23272728919983,1.47272729873657,2,2,0.659420311450958,0.66304349899292,1,1,1.08000004291534,2019,01,6,0,0,0,0,4.12185001373291,2019-01-01,0,1.69032049179077,0
25025030,Meteorológica Especial,Automática con Telemetría,Córdoba,Ayapel,8.2951,-75.1646,20,12/11/2014,,Caribe,Magdalena Cauca,Bajo Magdalena- Cauca -San Jorge,Bajo San Jorge - La Mojana,1.23272728919983,1.47272729873657,2,2,0.659420311450958,0.66304349899292,1,1,1.11000001430511,2019,02,7,0,0,0,0,2.63836097717285,2019-02-01,0.206891357898712,1.05132484436035,0.231493189930916
25025030,Meteorológica Especial,Automática con Telemetría,Córdoba,Ayapel,8.2951,-75.1646,20,12/11/2014,,Caribe,Magdalena Cauca,Bajo Magdalena- Cauca -San Jorge,Bajo San Jorge - La Mojana,1.23272728919983,1.47272729873657,2,2,0.659420311450958,0.66304349899292,1,1,1.11000001430511,2019,02,8,0,0,0,0,2.83633923530579,2019-02-01,1.63348829746246,1.13375186920166,1.3767364025116
25025030,Meteorológica Especial,Automática con Telemetría,Córdoba,Ayapel,8.2951,-75.1646,20,12/11/2014,,Caribe,Magdalena Cauca,Bajo Magdalena- Cauca -San Jorge,Bajo San Jorge - La Mojana,1.23272728919983,1.47272729873657,2,2,0.659420311450958,0.66304349899292,1,1,1.11000001430511,2019,02,9,0,0,0,0,2.85800719261169,2019-02-01,1.03784084320068,1.14483618736267,0.929639518260956
25025030,Meteorológica Especial,Automática con Telemetría,Córdoba,Ayapel,8.2951,-75.1646,20,12/11/2014,,Caribe,Magdalena Cauca,Bajo Magdalena- Cauca -San Jorge,Bajo San Jorge - La Mojana,1.23272728919983,1.47272729873657,2,2,0.659420311450958,0.66304349899292,1,1,1.11000001430511,2019,02,10,0,0,0,0,13.1364765167236,2019-02-01,7.81652212142944,3.33039283752441,4.4671630859375
25025030,Meteorológica Especial,Automática con Telemetría,Córdoba,Ayapel,8.2951,-75.1646,20,12/11/2014,,Caribe,Magdalena Cauca,Bajo Magdalena- Cauca -San Jorge,Bajo San Jorge - La Mojana,1.23272728919983,1.47272729873657,2,2,0.659420311450958,0.66304349899292,1,1,1.11000001430511,2019,02,11,0,0,0,0,17.1257572174072,2019-02-01,15.4949741363525,3.60078167915344,6.58831834793091
25025030,Meteorológica Especial,Automática con Telemetría,Córdoba,Ayapel,8.2951,-75.1646,20,12/11/2014,,Caribe,Magdalena Cauca,Bajo Magdalena- Cauca -San Jorge,Bajo San Jorge - La Mojana,1.23272728919983,1.47272729873657,2,2,0.659420311450958,0.66304349899292,1,1,1.11000001430511,2019,02,12,12.9,12.9,14.319000184536,0,1.11158740520477,2019-02-01,0,0.782556474208832,0
25025030,Meteorológica Especial,Automática con Telemetría,Córdoba,Ayapel,8.2951,-75.1646,20,12/11/2014,,Caribe,Magdalena Cauca,Bajo Magdalena- Cauca -San Jorge,Bajo San Jorge - La Mojana,1.23272728919983,1.47272729873657,2,2,0.659420311450958,0.66304349899292,1,1,1.10000002384186,2019,03,13,0,0,0,0,6.09358882904053,2019-03-01,5.29273891448975,2.5459156036377,4.48337364196777
25025030,Meteorológica Especial,Automática con Telemetría,Córdoba,Ayapel,8.2951,-75.1646,20,12/11/2014,,Caribe,Magdalena Cauca,Bajo Magdalena- Cauca -San Jorge,Bajo San Jorge - La Mojana,1.23272728919983,1.47272729873657,2,2,0.659420311450958,0.66304349899292,1,1,1.10000002384186,2019,03,14,17,17,18.7000004053116,0,2.55039072036743,2019-03-01,0,5.25333023071289,0
25025030,Meteorológica Especial,Automática con Telemetría,Córdoba,Ayapel,8.2951,-75.1646,20,12/11/2014,,Caribe,Magdalena Cauca,Bajo Magdalena- Cauca -San Jorge,Bajo San Jorge - La Mojana,1.23272728919983,1.47272729873657,2,2,0.659420311450958,0.66304349899292,1,1,1.10000002384186,2019,03,15,0,0,0,0,3.40000653266907,2019-03-01,0,2.77598214149475,0
25025030,Meteorológica Especial,Automática con Telemetría,Córdoba,Ayapel,8.2951,-75.1646,20,12/11/2014,,Caribe,Magdalena Cauca,Bajo Magdalena- Cauca -San Jorge,Bajo San Jorge - La Mojana,1.23272728919983,1.47272729873657,2,2,0.659420311450958,0.66304349899292,1,1,1.10000002384186,2019,03,16,0,0,0,0,2.17277503013611,2019-03-01,0,3.13427829742432,0
25025030,Meteorológica Especial,Automática con Telemetría,Córdoba,Ayapel,8.2951,-75.1646,20,12/11/2014,,Caribe,Magdalena Cauca,Bajo Magdalena- Cauca -San Jorge,Bajo San Jorge - La Mojana,1.23272728919983,1.47272729873657,2,2,0.659420311450958,0.66304349899292,1,1,1.10000002384186,2019,03,17,11,11,12.1000002622604,0,3.8837161064148,2019-03-01,2.79498291015625,5.99034452438355,8.43402767181397
25025030,Meteorológica Especial,Automática con Telemetría,Córdoba,Ayapel,8.2951,-75.1646,20,12/11/2014,,Caribe,Magdalena Cauca,Bajo Magdalena- Cauca -San Jorge,Bajo San Jorge - La Mojana,1.23272728919983,1.47272729873657,2,2,0.659420311450958,0.66304349899292,1,1,1.10000002384186,2019,03,18,3,3,3.30000007152557,0,7.58023595809937,2019-03-01,2.48406505584717,7.50217056274414,9.60184764862061
25025030,Meteorológica Especial,Automática con Telemetría,Córdoba,Ayapel,8.2951,-75.1646,20,12/11/2014,,Caribe,Magdalena Cauca,Bajo Magdalena- Cauca -San Jorge,Bajo San Jorge - La Mojana,1.23272728919983,1.47272729873657,2,2,0.659420311450958,0.66304349899292,1,1,1.05999994277954,2019,04,19,8,8,8.47999954223633,0,25.1204166412354,2019-04-01,32.7565994262695,35.8088264465332,31.5816268920898
25025030,Meteorológica Especial,Automática con Telemetría,Córdoba,Ayapel,8.2951,-75.1646,20,12/11/2014,,Caribe,Magdalena Cauca,Bajo Magdalena- Cauca -San Jorge,Bajo San Jorge - La Mojana,1.23272728919983,1.47272729873657,2,2,0.659420311450958,0.66304349899292,1,1,1.05999994277954,2019,04,20,14.7,14.7,15.5819991588593,0,10.1558771133423,2019-04-01,11.4199590682983,10.2773408889771,14.1864700317383
25025030,Meteorológica Especial,Automática con Telemetría,Córdoba,Ayapel,8.2951,-75.1646,20,12/11/2014,,Caribe,Magdalena Cauca,Bajo Magdalena- Cauca -San Jorge,Bajo San Jorge - La Mojana,1.23272728919983,1.47272729873657,2,2,0.659420311450958,0.66304349899292,1,1,1.05999994277954,2019,04,21,1.6,1.6,1.69599990844727,0,23.59938621521,2019-04-01,26.775520324707,25.9295692443848,23.2071037292481
25025030,Meteorológica Especial,Automática con Telemetría,Córdoba,Ayapel,8.2951,-75.1646,20,12/11/2014,,Caribe,Magdalena Cauca,Bajo Magdalena- Cauca -San Jorge,Bajo San Jorge - La Mojana,1.23272728919983,1.47272729873657,2,2,0.659420311450958,0.66304349899292,1,1,1.05999994277954,2019,04,22,14.6,14.6,15.4759991645813,0,37.9191436767578,2019-04-01,48.9670524597168,52.098991394043,61.7511100769043
25025030,Meteorológica Especial,Automática con Telemetría,Córdoba,Ayapel,8.2951,-75.1646,20,12/11/2014,,Caribe,Magdalena Cauca,Bajo Magdalena- Cauca -San Jorge,Bajo San Jorge - La Mojana,1.23272728919983,1.47272729873657,2,2,0.659420311450958,0.66304349899292,1,1,1.05999994277954,2019,04,23,7,7,7.41999959945679,0,5.43613195419312,2019-04-01,19.8800373077393,6.80782318115234,26.4742050170898
25025030,Meteorológica Especial,Automática con Telemetría,Córdoba,Ayapel,8.2951,-75.1646,20,12/11/2014,,Caribe,Magdalena Cauca,Bajo Magdalena- Cauca -San Jorge,Bajo San Jorge - La Mojana,1.23272728919983,1.47272729873657,2,2,0.659420311450958,0.66304349899292,1,1,1.05999994277954,2019,04,24,7.5,7.5,7.94999957084656,0,27.175817489624,2019-04-01,27.3203639984131,7.79846811294556,12.2113885879517
25025030,Meteorológica Especial,Automática con Telemetría,Córdoba,Ayapel,8.2951,-75.1646,20,12/11/2014,,Caribe,Magdalena Cauca,Bajo Magdalena- Cauca -San Jorge,Bajo San Jorge - La Mojana,1.23272728919983,1.47272729873657,2,2,0.659420311450958,0.66304349899292,1,1,1.04999995231628,2019,05,25,2.2,2.2,2.30999989509583,0,13.5884122848511,2019-05-01,11.2959852218628,5.20706367492676,4.5640549659729
25025030,Meteorológica Especial,Automática con Telemetría,Córdoba,Ayapel,8.2951,-75.1646,20,12/11/2014,,Caribe,Magdalena Cauca,Bajo Magdalena- Cauca -San Jorge,Bajo San Jorge - La Mojana,1.23272728919983,1.47272729873657,2,2,0.659420311450958,0.66304349899292,1,1,1.04999995231628,2019,05,26,85,85,89.2499959468842,0,41.7479248046875,2019-05-01,41.0205383300781,46.5935287475586,68.8396072387695
25025030,Meteorológica Especial,Automática con Telemetría,Córdoba,Ayapel,8.2951,-75.1646,20,12/11/2014,,Caribe,Magdalena Cauca,Bajo Magdalena- Cauca -San Jorge,Bajo San Jorge - La Mojana,1.23272728919983,1.47272729873657,2,2,0.659420311450958,0.66304349899292,1,1,1.04999995231628,2019,05,27,75.2,75.2,78.9599964141846,0,50.632984161377,2019-05-01,46.9891166687012,55.9962577819824,54.7823905944824
25025030,Meteorológica Especial,Automática con Telemetría,Córdoba,Ayapel,8.2951,-75.1646,20,12/11/2014,,Caribe,Magdalena Cauca,Bajo Magdalena- Cauca -San Jorge,Bajo San Jorge - La Mojana,1.23272728919983,1.47272729873657,2,2,0.659420311450958,0.66304349899292,1,1,1.04999995231628,2019,05,28,73.6,73.6,77.2799964904785,0,35.0638160705566,2019-05-01,32.7556076049805,64.2345581054688,64.4030914306641
25025030,Meteorológica Especial,Automática con Telemetría,Córdoba,Ayapel,8.2951,-75.1646,20,12/11/2014,,Caribe,Magdalena Cauca,Bajo Magdalena- Cauca -San Jorge,Bajo San Jorge - La Mojana,1.23272728919983,1.47272729873657,2,2,0.659420311450958,0.66304349899292,1,1,1.04999995231628,2019,05,29,149.6,149.6,157.079992866516,0,55.7461853027344,2019-05-01,60.0914649963379,98.1357955932617,122.022956848145
25025030,Meteorológica Especial,Automática con Telemetría,Córdoba,Ayapel,8.2951,-75.1646,20,12/11/2014,,Caribe,Magdalena Cauca,Bajo Magdalena- Cauca -San Jorge,Bajo San Jorge - La Mojana,1.23272728919983,1.47272729873657,2,2,0.659420311450958,0.66304349899292,1,1,1.04999995231628,2019,05,30,72.2,72.2,75.8099965572357,0,70.4093856811524,2019-05-01,67.1791915893555,116.380508422852,116.039520263672
25025030,Meteorológica Especial,Automática con Telemetría,Córdoba,Ayapel,8.2951,-75.1646,20,12/11/2014,,Caribe,Magdalena Cauca,Bajo Magdalena- Cauca -San Jorge,Bajo San Jorge - La Mojana,1.23272728919983,1.47272729873657,2,2,0.659420311450958,0.66304349899292,1,1,1.04999995231628,2019,06,31,5,5,5.24999976158142,0,36.5761032104492,2019-06-01,39.8301887512207,15.394024848938,21.3770236968994
25025030,Meteorológica Especial,Automática con Telemetría,Córdoba,Ayapel,8.2951,-75.1646,20,12/11/2014,,Caribe,Magdalena Cauca,Bajo Magdalena- Cauca -San Jorge,Bajo San Jorge - La Mojana,1.23272728919983,1.47272729873657,2,2,0.659420311450958,0.66304349899292,1,1,1.04999995231628,2019,06,32,131,131,137.549993753433,0,44.9976272583008,2019-06-01,50.8034706115723,80.9872970581055,89.1944885253906
25025030,Meteorológica Especial,Automática con Telemetría,Córdoba,Ayapel,8.2951,-75.1646,20,12/11/2014,,Caribe,Magdalena Cauca,Bajo Magdalena- Cauca -San Jorge,Bajo San Jorge - La Mojana,1.23272728919983,1.47272729873657,2,2,0.659420311450958,0.66304349899292,1,1,1.04999995231628,2019,06,33,41.8,41.8,43.8899980068207,0,39.9218444824219,2019-06-01,40.2883491516113,54.8860015869141,50.1142234802246
25025030,Meteorológica Especial,Automática con Telemetría,Córdoba,Ayapel,8.2951,-75.1646,20,12/11/2014,,Caribe,Magdalena Cauca,Bajo Magdalena- Cauca -San Jorge,Bajo San Jorge - La Mojana,1.23272728919983,1.47272729873657,2,2,0.659420311450958,0.66304349899292,1,1,1.04999995231628,2019,06,34,33,33,34.6499984264374,0,30.0819110870361,2019-06-01,36.7969093322754,16.8138580322266,24.1455593109131
25025030,Meteorológica Especial,Automática con Telemetría,Córdoba,Ayapel,8.2951,-75.1646,20,12/11/2014,,Caribe,Magdalena Cauca,Bajo Magdalena- Cauca -San Jorge,Bajo San Jorge - La Mojana,1.23272728919983,1.47272729873657,2,2,0.659420311450958,0.66304349899292,1,1,1.04999995231628,2019,06,35,22,22,23.0999989509583,0,50.8258361816406,2019-06-01,65.9872436523438,48.5983009338379,58.647518157959
25025030,Meteorológica Especial,Automática con Telemetría,Córdoba,Ayapel,8.2951,-75.1646,20,12/11/2014,,Caribe,Magdalena Cauca,Bajo Magdalena- Cauca -San Jorge,Bajo San Jorge - La Mojana,1.23272728919983,1.47272729873657,2,2,0.659420311450958,0.66304349899292,1,1,1.04999995231628,2019,06,36,26.2,26.2,27.5099987506867,0,25.6785850524902,2019-06-01,31.3417415618897,18.8792743682861,24.6283645629883
25025030,Meteorológica Especial,Automática con Telemetría,Córdoba,Ayapel,8.2951,-75.1646,20,12/11/2014,,Caribe,Magdalena Cauca,Bajo Magdalena- Cauca -San Jorge,Bajo San Jorge - La Mojana,1.23272728919983,1.47272729873657,2,2,0.659420311450958,0.66304349899292,1,1,1.04999995231628,2019,07,37,107.2,107.2,112.559994888306,0,45.177490234375,2019-07-01,51.3396759033203,38.3978004455566,62.0498237609863
25025030,Meteorológica Especial,Automática con Telemetría,Córdoba,Ayapel,8.2951,-75.1646,20,12/11/2014,,Caribe,Magdalena Cauca,Bajo Magdalena- Cauca -San Jorge,Bajo San Jorge - La Mojana,1.23272728919983,1.47272729873657,2,2,0.659420311450958,0.66304349899292,1,1,1.04999995231628,2019,07,38,202,202,212.099990367889,0,64.4084014892578,2019-07-01,78.3310089111328,100.672790527344,119.197196960449
25025030,Meteorológica Especial,Automática con Telemetría,Córdoba,Ayapel,8.2951,-75.1646,20,12/11/2014,,Caribe,Magdalena Cauca,Bajo Magdalena- Cauca -San Jorge,Bajo San Jorge - La Mojana,1.23272728919983,1.47272729873657,2,2,0.659420311450958,0.66304349899292,1,1,1.04999995231628,2019,07,39,39.2,39.2,41.1599981307983,0,52.0349998474121,2019-07-01,64.8378295898438,62.8296623229981,68.9401245117188
25025030,Meteorológica Especial,Automática con Telemetría,Córdoba,Ayapel,8.2951,-75.1646,20,12/11/2014,,Caribe,Magdalena Cauca,Bajo Magdalena- Cauca -San Jorge,Bajo San Jorge - La Mojana,1.23272728919983,1.47272729873657,2,2,0.659420311450958,0.66304349899292,1,1,1.04999995231628,2019,07,40,19.5,19.5,20.4749990701675,0,36.3851051330566,2019-07-01,44.4230499267578,33.0588836669922,41.7527542114258
25025030,Meteorológica Especial,Automática con Telemetría,Córdoba,Ayapel,8.2951,-75.1646,20,12/11/2014,,Caribe,Magdalena Cauca,Bajo Magdalena- Cauca -San Jorge,Bajo San Jorge - La Mojana,1.23272728919983,1.47272729873657,2,2,0.659420311450958,0.66304349899292,1,1,1.04999995231628,2019,07,41,74.8,74.8,78.5399964332581,0,62.5278244018555,2019-07-01,77.099739074707,58.112060546875,63.0490798950195
25025030,Meteorológica Especial,Automática con Telemetría,Córdoba,Ayapel,8.2951,-75.1646,20,12/11/2014,,Caribe,Magdalena Cauca,Bajo Magdalena- Cauca -San Jorge,Bajo San Jorge - La Mojana,1.23272728919983,1.47272729873657,2,2,0.659420311450958,0.66304349899292,1,1,1.04999995231628,2019,07,42,158.5,158.5,166.424992442131,0,75.8131713867188,2019-07-01,82.0134963989258,78.2390670776367,95.5719833374024
25025030,Meteorológica Especial,Automática con Telemetría,Córdoba,Ayapel,8.2951,-75.1646,20,12/11/2014,,Caribe,Magdalena Cauca,Bajo Magdalena- Cauca -San Jorge,Bajo San Jorge - La Mojana,1.23272728919983,1.47272729873657,2,2,0.659420311450958,0.66304349899292,1,1,1.04999995231628,2019,08,43,20.5,20.5,21.5249990224838,0,84.2560729980469,2019-08-01,98.7791748046875,44.7847213745117,50.5593566894531
25025030,Meteorológica Especial,Automática con Telemetría,Córdoba,Ayapel,8.2951,-75.1646,20,12/11/2014,,Caribe,Magdalena Cauca,Bajo Magdalena- Cauca -San Jorge,Bajo San Jorge - La Mojana,1.23272728919983,1.47272729873657,2,2,0.659420311450958,0.66304349899292,1,1,1.04999995231628,2019,08,44,70.6,70.6,74.1299966335297,0,44.3289337158203,2019-08-01,47.0350875854492,42.9961395263672,37.5902404785156
25025030,Meteorológica Especial,Automática con Telemetría,Córdoba,Ayapel,8.2951,-75.1646,20,12/11/2014,,Caribe,Magdalena Cauca,Bajo Magdalena- Cauca -San Jorge,Bajo San Jorge - La Mojana,1.23272728919983,1.47272729873657,2,2,0.659420311450958,0.66304349899292,1,1,1.04999995231628,2019,08,45,42.2,42.2,44.3099979877472,0,79.5015411376953,2019-08-01,91.6844635009766,66.0851898193359,63.241886138916
25025030,Meteorológica Especial,Automática con Telemetría,Córdoba,Ayapel,8.2951,-75.1646,20,12/11/2014,,Caribe,Magdalena Cauca,Bajo Magdalena- Cauca -San Jorge,Bajo San Jorge - La Mojana,1.23272728919983,1.47272729873657,2,2,0.659420311450958,0.66304349899292,1,1,1.04999995231628,2019,08,46,114,114,119.699994564056,0,61.9067802429199,2019-08-01,75.104118347168,103.541778564453,97.3503875732422
25025030,Meteorológica Especial,Automática con Telemetría,Córdoba,Ayapel,8.2951,-75.1646,20,12/11/2014,,Caribe,Magdalena Cauca,Bajo Magdalena- Cauca -San Jorge,Bajo San Jorge - La Mojana,1.23272728919983,1.47272729873657,2,2,0.659420311450958,0.66304349899292,1,1,1.04999995231628,2019,08,47,78,78,81.8999962806702,0,59.8793563842774,2019-08-01,67.1836853027344,48.0665512084961,60.184383392334
25025030,Meteorológica Especial,Automática con Telemetría,Córdoba,Ayapel,8.2951,-75.1646,20,12/11/2014,,Caribe,Magdalena Cauca,Bajo Magdalena- Cauca -San Jorge,Bajo San Jorge - La Mojana,1.23272728919983,1.47272729873657,2,2,0.659420311450958,0.66304349899292,1,1,1.04999995231628,2019,08,48,99.2,99.2,104.159995269775,0,51.1708450317383,2019-08-01,44.9347229003906,68.4010620117188,71.4332962036133
25025030,Meteorológica Especial,Automática con Telemetría,Córdoba,Ayapel,8.2951,-75.1646,20,12/11/2014,,Caribe,Magdalena Cauca,Bajo Magdalena- Cauca -San Jorge,Bajo San Jorge - La Mojana,1.23272728919983,1.47272729873657,2,2,0.659420311450958,0.66304349899292,1,1,1.04999995231628,2019,09,49,58.6,58.6,61.5299972057343,0,53.242977142334,2019-09-01,66.8605880737305,33.2270088195801,49.7933578491211
25025030,Meteorológica Especial,Automática con Telemetría,Córdoba,Ayapel,8.2951,-75.1646,20,12/11/2014,,Caribe,Magdalena Cauca,Bajo Magdalena- Cauca -San Jorge,Bajo San Jorge - La Mojana,1.23272728919983,1.47272729873657,2,2,0.659420311450958,0.66304349899292,1,1,1.04999995231628,2019,09,50,6,6,6.29999971389771,0,45.1497802734375,2019-09-01,48.759578704834,24.0100593566895,32.4658927917481
25025030,Meteorológica Especial,Automática con Telemetría,Córdoba,Ayapel,8.2951,-75.1646,20,12/11/2014,,Caribe,Magdalena Cauca,Bajo Magdalena- Cauca -San Jorge,Bajo San Jorge - La Mojana,1.23272728919983,1.47272729873657,2,2,0.659420311450958,0.66304349899292,1,1,1.04999995231628,2019,09,51,121,121,127.04999423027,0,68.1158828735352,2019-09-01,84.9254608154297,73.5477523803711,84.6585235595703
25025030,Meteorológica Especial,Automática con Telemetría,Córdoba,Ayapel,8.2951,-75.1646,20,12/11/2014,,Caribe,Magdalena Cauca,Bajo Magdalena- Cauca -San Jorge,Bajo San Jorge - La Mojana,1.23272728919983,1.47272729873657,2,2,0.659420311450958,0.66304349899292,1,1,1.04999995231628,2019,09,52,69.6,69.6,73.0799966812134,0,52.0986480712891,2019-09-01,59.1224708557129,110.817810058594,117.546852111816
25025030,Meteorológica Especial,Automática con Telemetría,Córdoba,Ayapel,8.2951,-75.1646,20,12/11/2014,,Caribe,Magdalena Cauca,Bajo Magdalena- Cauca -San Jorge,Bajo San Jorge - La Mojana,1.23272728919983,1.47272729873657,2,2,0.659420311450958,0.66304349899292,1,1,1.04999995231628,2019,09,53,78,78,81.8999962806702,0,40.4411697387695,2019-09-01,38.5854415893555,48.4000587463379,61.9696235656738
25025030,Meteorológica Especial,Automática con Telemetría,Córdoba,Ayapel,8.2951,-75.1646,20,12/11/2014,,Caribe,Magdalena Cauca,Bajo Magdalena- Cauca -San Jorge,Bajo San Jorge - La Mojana,1.23272728919983,1.47272729873657,2,2,0.659420311450958,0.66304349899292,1,1,1.04999995231628,2019,09,54,34.4,34.4,36.1199983596802,0,51.6867752075195,2019-09-01,49.0937194824219,40.5913505554199,45.9905662536621
25025030,Meteorológica Especial,Automática con Telemetría,Córdoba,Ayapel,8.2951,-75.1646,20,12/11/2014,,Caribe,Magdalena Cauca,Bajo Magdalena- Cauca -San Jorge,Bajo San Jorge - La Mojana,1.23272728919983,1.47272729873657,2,2,0.659420311450958,0.66304349899292,1,1,1.04999995231628,2019,10,55,127.2,127.2,133.559993934631,0,64.3830261230469,2019-10-01,62.1818351745606,81.7035675048828,95.5157699584961
25025030,Meteorológica Especial,Automática con Telemetría,Córdoba,Ayapel,8.2951,-75.1646,20,12/11/2014,,Caribe,Magdalena Cauca,Bajo Magdalena- Cauca -San Jorge,Bajo San Jorge - La Mojana,1.23272728919983,1.47272729873657,2,2,0.659420311450958,0.66304349899292,1,1,1.04999995231628,2019,10,56,128,128,134.399993896484,0,85.8593444824219,2019-10-01,76.4682998657227,80.5791015625,77.404296875
25025030,Meteorológica Especial,Automática con Telemetría,Córdoba,Ayapel,8.2951,-75.1646,20,12/11/2014,,Caribe,Magdalena Cauca,Bajo Magdalena- Cauca -San Jorge,Bajo San Jorge - La Mojana,1.23272728919983,1.47272729873657,2,2,0.659420311450958,0.66304349899292,1,1,1.04999995231628,2019,10,57,27,27,28.3499987125397,0,59.5693016052246,2019-10-01,44.4237976074219,42.501880645752,40.1830787658691
25025030,Meteorológica Especial,Automática con Telemetría,Córdoba,Ayapel,8.2951,-75.1646,20,12/11/2014,,Caribe,Magdalena Cauca,Bajo Magdalena- Cauca -San Jorge,Bajo San Jorge - La Mojana,1.23272728919983,1.47272729873657,2,2,0.659420311450958,0.66304349899292,1,1,1.04999995231628,2019,10,58,39.4,39.4,41.3699981212616,0,53.7989883422852,2019-10-01,40.2483406066895,45.387321472168,43.5512428283691
25025030,Meteorológica Especial,Automática con Telemetría,Córdoba,Ayapel,8.2951,-75.1646,20,12/11/2014,,Caribe,Magdalena Cauca,Bajo Magdalena- Cauca -San Jorge,Bajo San Jorge - La Mojana,1.23272728919983,1.47272729873657,2,2,0.659420311450958,0.66304349899292,1,1,1.04999995231628,2019,10,59,26.2,26.2,27.5099987506867,0,71.3702087402344,2019-10-01,63.1536178588867,72.434814453125,65.0110549926758
25025030,Meteorológica Especial,Automática con Telemetría,Córdoba,Ayapel,8.2951,-75.1646,20,12/11/2014,,Caribe,Magdalena Cauca,Bajo Magdalena- Cauca -San Jorge,Bajo San Jorge - La Mojana,1.23272728919983,1.47272729873657,2,2,0.659420311450958,0.66304349899292,1,1,1.04999995231628,2019,10,60,6.7,6.7,7.0349996805191,0,72.7809829711914,2019-10-01,51.4232292175293,28.5299968719482,26.3860683441162
25025030,Meteorológica Especial,Automática con Telemetría,Córdoba,Ayapel,8.2951,-75.1646,20,12/11/2014,,Caribe,Magdalena Cauca,Bajo Magdalena- Cauca -San Jorge,Bajo San Jorge - La Mojana,1.23272728919983,1.47272729873657,2,2,0.659420311450958,0.66304349899292,1,1,1.04999995231628,2019,11,61,32,32,33.5999984741211,0,65.7461624145508,2019-11-01,48.6246757507324,26.3281555175781,23.0198554992676
25025030,Meteorológica Especial,Automática con Telemetría,Córdoba,Ayapel,8.2951,-75.1646,20,12/11/2014,,Caribe,Magdalena Cauca,Bajo Magdalena- Cauca -San Jorge,Bajo San Jorge - La Mojana,1.23272728919983,1.47272729873657,2,2,0.659420311450958,0.66304349899292,1,1,1.04999995231628,2019,11,62,42.8,42.8,44.939997959137,0,49.9172744750977,2019-11-01,37.8993644714356,37.6812438964844,38.5974731445313
25025030,Meteorológica Especial,Automática con Telemetría,Córdoba,Ayapel,8.2951,-75.1646,20,12/11/2014,,Caribe,Magdalena Cauca,Bajo Magdalena- Cauca -San Jorge,Bajo San Jorge - La Mojana,1.23272728919983,1.47272729873657,2,2,0.659420311450958,0.66304349899292,1,1,1.04999995231628,2019,11,63,48.4,48.4,50.8199976921082,0,85.9788665771484,2019-11-01,74.663818359375,58.4116477966309,66.973388671875
25025030,Meteorológica Especial,Automática con Telemetría,Córdoba,Ayapel,8.2951,-75.1646,20,12/11/2014,,Caribe,Magdalena Cauca,Bajo Magdalena- Cauca -San Jorge,Bajo San Jorge - La Mojana,1.23272728919983,1.47272729873657,2,2,0.659420311450958,0.66304349899292,1,1,1.04999995231628,2019,11,64,0,0,0,0,7.61001253128052,2019-11-01,0,7.60611820220947,0
25025030,Meteorológica Especial,Automática con Telemetría,Córdoba,Ayapel,8.2951,-75.1646,20,12/11/2014,,Caribe,Magdalena Cauca,Bajo Magdalena- Cauca -San Jorge,Bajo San Jorge - La Mojana,1.23272728919983,1.47272729873657,2,2,0.659420311450958,0.66304349899292,1,1,1.04999995231628,2019,11,65,0,0,0,0,13.0928640365601,2019-11-01,3.96900200843811,4.97637748718262,3.42351937294006
25025030,Meteorológica Especial,Automática con Telemetría,Córdoba,Ayapel,8.2951,-75.1646,20,12/11/2014,,Caribe,Magdalena Cauca,Bajo Magdalena- Cauca -San Jorge,Bajo San Jorge - La Mojana,1.23272728919983,1.47272729873657,2,2,0.659420311450958,0.66304349899292,1,1,1.04999995231628,2019,11,66,1.4,1.4,1.4699999332428,0,23.6535148620606,2019-11-01,17.4683723449707,11.3735227584839,10.2844038009644
25025030,Meteorológica Especial,Automática con Telemetría,Córdoba,Ayapel,8.2951,-75.1646,20,12/11/2014,,Caribe,Magdalena Cauca,Bajo Magdalena- Cauca -San Jorge,Bajo San Jorge - La Mojana,1.23272728919983,1.47272729873657,2,2,0.659420311450958,0.66304349899292,1,1,1.07000005245209,2019,12,67,0,0,0,0,11.8786249160767,2019-12-01,6.48287487030029,8.32327270507813,5.82852458953857
25025030,Meteorológica Especial,Automática con Telemetría,Córdoba,Ayapel,8.2951,-75.1646,20,12/11/2014,,Caribe,Magdalena Cauca,Bajo Magdalena- Cauca -San Jorge,Bajo San Jorge - La Mojana,1.23272728919983,1.47272729873657,2,2,0.659420311450958,0.66304349899292,1,1,1.07000005245209,2019,12,68,28,28,29.9600014686585,0,12.3203773498535,2019-12-01,7.63180637359619,13.0182828903198,15.187837600708
25025030,Meteorológica Especial,Automática con Telemetría,Córdoba,Ayapel,8.2951,-75.1646,20,12/11/2014,,Caribe,Magdalena Cauca,Bajo Magdalena- Cauca -San Jorge,Bajo San Jorge - La Mojana,1.23272728919983,1.47272729873657,2,2,0.659420311450958,0.66304349899292,1,1,1.07000005245209,2019,12,69,0,0,0,0,2.83213186264038,2019-12-01,0,3.80123019218445,0
25025030,Meteorológica Especial,Automática con Telemetría,Córdoba,Ayapel,8.2951,-75.1646,20,12/11/2014,,Caribe,Magdalena Cauca,Bajo Magdalena- Cauca -San Jorge,Bajo San Jorge - La Mojana,1.23272728919983,1.47272729873657,2,2,0.659420311450958,0.66304349899292,1,1,1.07000005245209,2019,12,70,60,60,64.2000031471252,0,17.4106426239014,2019-12-01,10.5374717712402,21.5206317901611,16.1523761749268
25025030,Meteorológica Especial,Automática con Telemetría,Córdoba,Ayapel,8.2951,-75.1646,20,12/11/2014,,Caribe,Magdalena Cauca,Bajo Magdalena- Cauca -San Jorge,Bajo San Jorge - La Mojana,1.23272728919983,1.47272729873657,2,2,0.659420311450958,0.66304349899292,1,1,1.07000005245209,2019,12,71,0,0,0,0,47.4448852539063,2019-12-01,46.1450157165527,19.6976928710938,26.160327911377
25025030,Meteorológica Especial,Automática con Telemetría,Córdoba,Ayapel,8.2951,-75.1646,20,12/11/2014,,Caribe,Magdalena Cauca,Bajo Magdalena- Cauca -San Jorge,Bajo San Jorge - La Mojana,1.23272728919983,1.47272729873657,2,2,0.659420311450958,0.66304349899292,1,1,1.07000005245209,2019,12,72,0,0,0,0,46.9755935668945,2019-12-01,33.4127197265625,13.3859100341797,13.8015336990356
25025030,Meteorológica Especial,Automática con Telemetría,Córdoba,Ayapel,8.2951,-75.1646,20,12/11/2014,,Caribe,Magdalena Cauca,Bajo Magdalena- Cauca -San Jorge,Bajo San Jorge - La Mojana,1.23272728919983,1.47272729873657,2,2,0.659420311450958,0.66304349899292,1,1,1.08000004291534,2020,01,1,0,0,0,0,4.04057931900024,2020-01-01,0,2.0841052532196,0
25025030,Meteorológica Especial,Automática con Telemetría,Córdoba,Ayapel,8.2951,-75.1646,20,12/11/2014,,Caribe,Magdalena Cauca,Bajo Magdalena- Cauca -San Jorge,Bajo San Jorge - La Mojana,1.23272728919983,1.47272729873657,2,2,0.659420311450958,0.66304349899292,1,1,1.08000004291534,2020,01,2,0,0,0,4,1.47104859352112,2020-01-01,0,0.821510791778565,0
25025030,Meteorológica Especial,Automática con Telemetría,Córdoba,Ayapel,8.2951,-75.1646,20,12/11/2014,,Caribe,Magdalena Cauca,Bajo Magdalena- Cauca -San Jorge,Bajo San Jorge - La Mojana,1.23272728919983,1.47272729873657,2,2,0.659420311450958,0.66304349899292,1,1,1.08000004291534,2020,01,3,0,0,0,5,1.60339522361755,2020-01-01,0,0.860852003097534,0
25025030,Meteorológica Especial,Automática con Telemetría,Córdoba,Ayapel,8.2951,-75.1646,20,12/11/2014,,Caribe,Magdalena Cauca,Bajo Magdalena- Cauca -San Jorge,Bajo San Jorge - La Mojana,1.23272728919983,1.47272729873657,2,2,0.659420311450958,0.66304349899292,1,1,1.08000004291534,2020,01,4,0,0,0,5,6.2530574798584,2020-01-01,4.86707496643066,1.9870148897171,2.35738396644592
25025030,Meteorológica Especial,Automática con Telemetría,Córdoba,Ayapel,8.2951,-75.1646,20,12/11/2014,,Caribe,Magdalena Cauca,Bajo Magdalena- Cauca -San Jorge,Bajo San Jorge - La Mojana,1.23272728919983,1.47272729873657,2,2,0.659420311450958,0.66304349899292,1,1,1.08000004291534,2020,01,5,0,0,0,5,16.1102924346924,2020-01-01,19.7594146728516,5.50599813461304,9.01361656188965
25025030,Meteorológica Especial,Automática con Telemetría,Córdoba,Ayapel,8.2951,-75.1646,20,12/11/2014,,Caribe,Magdalena Cauca,Bajo Magdalena- Cauca -San Jorge,Bajo San Jorge - La Mojana,1.23272728919983,1.47272729873657,2,2,0.659420311450958,0.66304349899292,1,1,1.08000004291534,2020,01,6,0,0,0,6,4.12185001373291,2020-01-01,0,2.18040108680725,0
25025030,Meteorológica Especial,Automática con Telemetría,Córdoba,Ayapel,8.2951,-75.1646,20,12/11/2014,,Caribe,Magdalena Cauca,Bajo Magdalena- Cauca -San Jorge,Bajo San Jorge - La Mojana,1.23272728919983,1.47272729873657,2,2,0.659420311450958,0.66304349899292,1,1,1.11000001430511,2020,02,7,0,0,0,5,5.01411533355713,2020-02-01,0.206891357898712,1.23920786380768,0.0783045217394829
25025030,Meteorológica Especial,Automática con Telemetría,Córdoba,Ayapel,8.2951,-75.1646,20,12/11/2014,,Caribe,Magdalena Cauca,Bajo Magdalena- Cauca -San Jorge,Bajo San Jorge - La Mojana,1.23272728919983,1.47272729873657,2,2,0.659420311450958,0.66304349899292,1,1,1.11000001430511,2020,02,8,0,0,0,5,2.83633923530579,2020-02-01,1.63348829746246,1.05004489421844,0.861904978752136
25025030,Meteorológica Especial,Automática con Telemetría,Córdoba,Ayapel,8.2951,-75.1646,20,12/11/2014,,Caribe,Magdalena Cauca,Bajo Magdalena- Cauca -San Jorge,Bajo San Jorge - La Mojana,1.23272728919983,1.47272729873657,2,2,0.659420311450958,0.66304349899292,1,1,1.11000001430511,2020,02,9,0,0,0,5,2.85800719261169,2020-02-01,1.03784084320068,1.01438879966736,0.568280279636383
25025030,Meteorológica Especial,Automática con Telemetría,Córdoba,Ayapel,8.2951,-75.1646,20,12/11/2014,,Caribe,Magdalena Cauca,Bajo Magdalena- Cauca -San Jorge,Bajo San Jorge - La Mojana,1.23272728919983,1.47272729873657,2,2,0.659420311450958,0.66304349899292,1,1,1.11000001430511,2020,02,10,0,0,0,5,2.48037576675415,2020-02-01,1.249680519104,0.938017845153809,0.659761250019074
25025030,Meteorológica Especial,Automática con Telemetría,Córdoba,Ayapel,8.2951,-75.1646,20,12/11/2014,,Caribe,Magdalena Cauca,Bajo Magdalena- Cauca -San Jorge,Bajo San Jorge - La Mojana,1.23272728919983,1.47272729873657,2,2,0.659420311450958,0.66304349899292,1,1,1.11000001430511,2020,02,11,0,0,0,5,2.14549684524536,2020-02-01,0.214416339993477,0.92782586812973,0.168397083878517
25025030,Meteorológica Especial,Automática con Telemetría,Córdoba,Ayapel,8.2951,-75.1646,20,12/11/2014,,Caribe,Magdalena Cauca,Bajo Magdalena- Cauca -San Jorge,Bajo San Jorge - La Mojana,1.23272728919983,1.47272729873657,2,2,0.659420311450958,0.66304349899292,1,1,1.11000001430511,2020,02,12,0,0,0,4,1.11158740520477,2020-02-01,0,0.635251760482788,0
25025030,Meteorológica Especial,Automática con Telemetría,Córdoba,Ayapel,8.2951,-75.1646,20,12/11/2014,,Caribe,Magdalena Cauca,Bajo Magdalena- Cauca -San Jorge,Bajo San Jorge - La Mojana,1.23272728919983,1.47272729873657,2,2,0.659420311450958,0.66304349899292,1,1,1.10000002384186,2020,03,13,0,0,0,0,2.46434307098389,2020-03-01,0,1.38643050193787,0
25025030,Meteorológica Especial,Automática con Telemetría,Córdoba,Ayapel,8.2951,-75.1646,20,12/11/2014,,Caribe,Magdalena Cauca,Bajo Magdalena- Cauca -San Jorge,Bajo San Jorge - La Mojana,1.23272728919983,1.47272729873657,2,2,0.659420311450958,0.66304349899292,1,1,1.10000002384186,2020,03,14,0,0,0,0,2.04776573181152,2020-03-01,0,1.20470750331879,0
25025030,Meteorológica Especial,Automática con Telemetría,Córdoba,Ayapel,8.2951,-75.1646,20,12/11/2014,,Caribe,Magdalena Cauca,Bajo Magdalena- Cauca -San Jorge,Bajo San Jorge - La Mojana,1.23272728919983,1.47272729873657,2,2,0.659420311450958,0.66304349899292,1,1,1.10000002384186,2020,03,15,0,0,0,0,1.71206450462341,2020-03-01,0,1.12475001811981,0
25025030,Meteorológica Especial,Automática con Telemetría,Córdoba,Ayapel,8.2951,-75.1646,20,12/11/2014,,Caribe,Magdalena Cauca,Bajo Magdalena- Cauca -San Jorge,Bajo San Jorge - La Mojana,1.23272728919983,1.47272729873657,2,2,0.659420311450958,0.66304349899292,1,1,1.10000002384186,2020,03,16,0,0,0,0,1.45735704898834,2020-03-01,0,1.5282655954361,0
25025030,Meteorológica Especial,Automática con Telemetría,Córdoba,Ayapel,8.2951,-75.1646,20,12/11/2014,,Caribe,Magdalena Cauca,Bajo Magdalena- Cauca -San Jorge,Bajo San Jorge - La Mojana,1.23272728919983,1.47272729873657,2,2,0.659420311450958,0.66304349899292,1,1,1.10000002384186,2020,03,17,0,0,0,0,1.42503798007965,2020-03-01,0,0.972167253494263,0
25025030,Meteorológica Especial,Automática con Telemetría,Córdoba,Ayapel,8.2951,-75.1646,20,12/11/2014,,Caribe,Magdalena Cauca,Bajo Magdalena- Cauca -San Jorge,Bajo San Jorge - La Mojana,1.23272728919983,1.47272729873657,2,2,0.659420311450958,0.66304349899292,1,1,1.10000002384186,2020,03,18,0,0,0,0,2.3477680683136,2020-03-01,0,1.90035760402679,0
25025030,Meteorológica Especial,Automática con Telemetría,Córdoba,Ayapel,8.2951,-75.1646,20,12/11/2014,,Caribe,Magdalena Cauca,Bajo Magdalena- Cauca -San Jorge,Bajo San Jorge - La Mojana,1.23272728919983,1.47272729873657,2,2,0.659420311450958,0.66304349899292,1,1,1.05999994277954,2020,04,19,15,15,15.8999991416931,0,3.60635781288147,2020-04-01,0,3.38076710700989,0
25025030,Meteorológica Especial,Automática con Telemetría,Córdoba,Ayapel,8.2951,-75.1646,20,12/11/2014,,Caribe,Magdalena Cauca,Bajo Magdalena- Cauca -San Jorge,Bajo San Jorge - La Mojana,1.23272728919983,1.47272729873657,2,2,0.659420311450958,0.66304349899292,1,1,1.05999994277954,2020,04,20,0,0,0,0,16.5565147399902,2020-04-01,19.3772659301758,13.4082469940186,13.2855319976807
25025030,Meteorológica Especial,Automática con Telemetría,Córdoba,Ayapel,8.2951,-75.1646,20,12/11/2014,,Caribe,Magdalena Cauca,Bajo Magdalena- Cauca -San Jorge,Bajo San Jorge - La Mojana,1.23272728919983,1.47272729873657,2,2,0.659420311450958,0.66304349899292,1,1,1.05999994277954,2020,04,21,10.1,10.1,10.7059994220734,0,13.6278982162476,2020-04-01,13.230863571167,8.49321460723877,7.45317935943604
25025030,Meteorológica Especial,Automática con Telemetría,Córdoba,Ayapel,8.2951,-75.1646,20,12/11/2014,,Caribe,Magdalena Cauca,Bajo Magdalena- Cauca -San Jorge,Bajo San Jorge - La Mojana,1.23272728919983,1.47272729873657,2,2,0.659420311450958,0.66304349899292,1,1,1.05999994277954,2020,04,22,0,0,0,0,9.85989284515381,2020-04-01,8.49490070343018,13.4603672027588,12.0771827697754
25025030,Meteorológica Especial,Automática con Telemetría,Córdoba,Ayapel,8.2951,-75.1646,20,12/11/2014,,Caribe,Magdalena Cauca,Bajo Magdalena- Cauca -San Jorge,Bajo San Jorge - La Mojana,1.23272728919983,1.47272729873657,2,2,0.659420311450958,0.66304349899292,1,1,1.05999994277954,2020,04,23,10,10,10.5999994277954,0,16.7529697418213,2020-04-01,19.0440425872803,24.0361366271973,20.9800910949707
25025030,Meteorológica Especial,Automática con Telemetría,Córdoba,Ayapel,8.2951,-75.1646,20,12/11/2014,,Caribe,Magdalena Cauca,Bajo Magdalena- Cauca -San Jorge,Bajo San Jorge - La Mojana,1.23272728919983,1.47272729873657,2,2,0.659420311450958,0.66304349899292,1,1,1.05999994277954,2020,04,24,4.5,4.5,4.76999974250794,0,11.5974388122559,2020-04-01,7.92726278305054,10.7156248092651,7.8438515663147
25025030,Meteorológica Especial,Automática con Telemetría,Córdoba,Ayapel,8.2951,-75.1646,20,12/11/2014,,Caribe,Magdalena Cauca,Bajo Magdalena- Cauca -San Jorge,Bajo San Jorge - La Mojana,1.23272728919983,1.47272729873657,2,2,0.659420311450958,0.66304349899292,1,1,1.04999995231628,2020,05,25,29.7,29.7,31.1849985837936,0,37.1281852722168,2020-05-01,37.6577682495117,29.6109981536865,32.309700012207
25025030,Meteorológica Especial,Automática con Telemetría,Córdoba,Ayapel,8.2951,-75.1646,20,12/11/2014,,Caribe,Magdalena Cauca,Bajo Magdalena- Cauca -San Jorge,Bajo San Jorge - La Mojana,1.23272728919983,1.47272729873657,2,2,0.659420311450958,0.66304349899292,1,1,1.04999995231628,2020,05,26,0,0,0,0,28.5897483825684,2020-05-01,25.8234519958496,15.0753793716431,14.2426624298096
25025030,Meteorológica Especial,Automática con Telemetría,Córdoba,Ayapel,8.2951,-75.1646,20,12/11/2014,,Caribe,Magdalena Cauca,Bajo Magdalena- Cauca -San Jorge,Bajo San Jorge - La Mojana,1.23272728919983,1.47272729873657,2,2,0.659420311450958,0.66304349899292,1,1,1.04999995231628,2020,05,27,12.5,12.5,13.1249994039536,0,21.6709651947021,2020-05-01,19.3619384765625,18.3830699920654,19.4377994537354
25025030,Meteorológica Especial,Automática con Telemetría,Córdoba,Ayapel,8.2951,-75.1646,20,12/11/2014,,Caribe,Magdalena Cauca,Bajo Magdalena- Cauca -San Jorge,Bajo San Jorge - La Mojana,1.23272728919983,1.47272729873657,2,2,0.659420311450958,0.66304349899292,1,1,1.04999995231628,2020,05,28,66,66,69.2999968528748,0,37.4579467773438,2020-05-01,37.0639152526856,45.5464859008789,52.5957183837891
25025030,Meteorológica Especial,Automática con Telemetría,Córdoba,Ayapel,8.2951,-75.1646,20,12/11/2014,,Caribe,Magdalena Cauca,Bajo Magdalena- Cauca -San Jorge,Bajo San Jorge - La Mojana,1.23272728919983,1.47272729873657,2,2,0.659420311450958,0.66304349899292,1,1,1.04999995231628,2020,05,29,3.6,3.6,3.77999982833862,0,18.8110980987549,2020-05-01,17.9782123565674,22.0897521972656,24.1991329193115
25025030,Meteorológica Especial,Automática con Telemetría,Córdoba,Ayapel,8.2951,-75.1646,20,12/11/2014,,Caribe,Magdalena Cauca,Bajo Magdalena- Cauca -San Jorge,Bajo San Jorge - La Mojana,1.23272728919983,1.47272729873657,2,2,0.659420311450958,0.66304349899292,1,1,1.04999995231628,2020,05,30,107,40.4,42.4199980735779,1,77.6390228271484,2020-05-01,72.5129241943359,68.0908737182617,72.3672943115234
25025030,Meteorológica Especial,Automática con Telemetría,Córdoba,Ayapel,8.2951,-75.1646,20,12/11/2014,,Caribe,Magdalena Cauca,Bajo Magdalena- Cauca -San Jorge,Bajo San Jorge - La Mojana,1.23272728919983,1.47272729873657,2,2,0.659420311450958,0.66304349899292,1,1,1.04999995231628,2020,06,31,37,37,38.8499982357025,0,42.4814414978027,2020-06-01,47.8839378356934,36.1841697692871,41.2952575683594
25025030,Meteorológica Especial,Automática con Telemetría,Córdoba,Ayapel,8.2951,-75.1646,20,12/11/2014,,Caribe,Magdalena Cauca,Bajo Magdalena- Cauca -San Jorge,Bajo San Jorge - La Mojana,1.23272728919983,1.47272729873657,2,2,0.659420311450958,0.66304349899292,1,1,1.04999995231628,2020,06,32,7.2,7.2,7.55999965667725,0,54.9105834960938,2020-06-01,65.1885604858398,23.9258136749268,28.4081840515137
25025030,Meteorológica Especial,Automática con Telemetría,Córdoba,Ayapel,8.2951,-75.1646,20,12/11/2014,,Caribe,Magdalena Cauca,Bajo Magdalena- Cauca -San Jorge,Bajo San Jorge - La Mojana,1.23272728919983,1.47272729873657,2,2,0.659420311450958,0.66304349899292,1,1,1.04999995231628,2020,06,33,83.6,83.6,87.7799960136414,0,39.0584831237793,2020-06-01,32.2176361083984,39.4777297973633,40.8869018554688
25025030,Meteorológica Especial,Automática con Telemetría,Córdoba,Ayapel,8.2951,-75.1646,20,12/11/2014,,Caribe,Magdalena Cauca,Bajo Magdalena- Cauca -San Jorge,Bajo San Jorge - La Mojana,1.23272728919983,1.47272729873657,2,2,0.659420311450958,0.66304349899292,1,1,1.04999995231628,2020,06,34,81.3,81.3,85.3649961233139,0,53.5672912597656,2020-06-01,70.8450164794922,69.3549575805664,86.2663955688477
25025030,Meteorológica Especial,Automática con Telemetría,Córdoba,Ayapel,8.2951,-75.1646,20,12/11/2014,,Caribe,Magdalena Cauca,Bajo Magdalena- Cauca -San Jorge,Bajo San Jorge - La Mojana,1.23272728919983,1.47272729873657,2,2,0.659420311450958,0.66304349899292,1,1,1.04999995231628,2020,06,35,13.9,13.9,14.5949993371964,0,33.066951751709,2020-06-01,37.6237831115723,17.5562553405762,21.4587116241455
25025030,Meteorológica Especial,Automática con Telemetría,Córdoba,Ayapel,8.2951,-75.1646,20,12/11/2014,,Caribe,Magdalena Cauca,Bajo Magdalena- Cauca -San Jorge,Bajo San Jorge - La Mojana,1.23272728919983,1.47272729873657,2,2,0.659420311450958,0.66304349899292,1,1,1.04999995231628,2020,06,36,63,63,66.1499969959259,0,46.4890975952149,2020-06-01,63.4285888671875,43.2635078430176,58.4113349914551
25025030,Meteorológica Especial,Automática con Telemetría,Córdoba,Ayapel,8.2951,-75.1646,20,12/11/2014,,Caribe,Magdalena Cauca,Bajo Magdalena- Cauca -San Jorge,Bajo San Jorge - La Mojana,1.23272728919983,1.47272729873657,2,2,0.659420311450958,0.66304349899292,1,1,1.04999995231628,2020,07,37,64.5,64.5,67.7249969244003,0,64.8953704833984,2020-07-01,78.0466766357422,73.896614074707,88.9017715454102
25025030,Meteorológica Especial,Automática con Telemetría,Córdoba,Ayapel,8.2951,-75.1646,20,12/11/2014,,Caribe,Magdalena Cauca,Bajo Magdalena- Cauca -San Jorge,Bajo San Jorge - La Mojana,1.23272728919983,1.47272729873657,2,2,0.659420311450958,0.66304349899292,1,1,1.04999995231628,2020,07,38,109,109,114.449994802475,0,44.9168739318848,2020-07-01,55.830509185791,62.589958190918,77.5389785766602
25025030,Meteorológica Especial,Automática con Telemetría,Córdoba,Ayapel,8.2951,-75.1646,20,12/11/2014,,Caribe,Magdalena Cauca,Bajo Magdalena- Cauca -San Jorge,Bajo San Jorge - La Mojana,1.23272728919983,1.47272729873657,2,2,0.659420311450958,0.66304349899292,1,1,1.04999995231628,2020,07,39,31.6,31.6,33.1799984931946,0,44.1901893615723,2020-07-01,53.5394096374512,41.1827163696289,51.2493324279785
25025030,Meteorológica Especial,Automática con Telemetría,Córdoba,Ayapel,8.2951,-75.1646,20,12/11/2014,,Caribe,Magdalena Cauca,Bajo Magdalena- Cauca -San Jorge,Bajo San Jorge - La Mojana,1.23272728919983,1.47272729873657,2,2,0.659420311450958,0.66304349899292,1,1,1.04999995231628,2020,07,40,11.8,11.8,12.3899994373322,0,68.5541687011719,2020-07-01,79.2018966674805,37.1633682250977,48.2414321899414
25025030,Meteorológica Especial,Automática con Telemetría,Córdoba,Ayapel,8.2951,-75.1646,20,12/11/2014,,Caribe,Magdalena Cauca,Bajo Magdalena- Cauca -San Jorge,Bajo San Jorge - La Mojana,1.23272728919983,1.47272729873657,2,2,0.659420311450958,0.66304349899292,1,1,1.04999995231628,2020,07,41,46,46,48.2999978065491,0,63.3762588500977,2020-07-01,77.099739074707,40.210620880127,49.6298446655274
25025030,Meteorológica Especial,Automática con Telemetría,Córdoba,Ayapel,8.2951,-75.1646,20,12/11/2014,,Caribe,Magdalena Cauca,Bajo Magdalena- Cauca -San Jorge,Bajo San Jorge - La Mojana,1.23272728919983,1.47272729873657,2,2,0.659420311450958,0.66304349899292,1,1,1.04999995231628,2020,07,42,0,0,0,0,31.1551742553711,2020-07-01,34.3731079101563,15.9192705154419,19.2999839782715
25025030,Meteorológica Especial,Automática con Telemetría,Córdoba,Ayapel,8.2951,-75.1646,20,12/11/2014,,Caribe,Magdalena Cauca,Bajo Magdalena- Cauca -San Jorge,Bajo San Jorge - La Mojana,1.23272728919983,1.47272729873657,2,2,0.659420311450958,0.66304349899292,1,1,1.04999995231628,2020,08,43,55.6,55.6,58.3799973487854,0,50.5664787292481,2020-08-01,55.7836570739746,38.1640968322754,46.5220832824707
25025030,Meteorológica Especial,Automática con Telemetría,Córdoba,Ayapel,8.2951,-75.1646,20,12/11/2014,,Caribe,Magdalena Cauca,Bajo Magdalena- Cauca -San Jorge,Bajo San Jorge - La Mojana,1.23272728919983,1.47272729873657,2,2,0.659420311450958,0.66304349899292,1,1,1.04999995231628,2020,08,44,35.6,35.6,37.3799983024597,0,67.4398422241211,2020-08-01,73.6405639648438,32.2682228088379,36.057746887207
25025030,Meteorológica Especial,Automática con Telemetría,Córdoba,Ayapel,8.2951,-75.1646,20,12/11/2014,,Caribe,Magdalena Cauca,Bajo Magdalena- Cauca -San Jorge,Bajo San Jorge - La Mojana,1.23272728919983,1.47272729873657,2,2,0.659420311450958,0.66304349899292,1,1,1.04999995231628,2020,08,45,59.2,59.2,62.159997177124,0,68.0120849609375,2020-08-01,76.3973617553711,62.0824737548828,68.1485137939453
25025030,Meteorológica Especial,Automática con Telemetría,Córdoba,Ayapel,8.2951,-75.1646,20,12/11/2014,,Caribe,Magdalena Cauca,Bajo Magdalena- Cauca -San Jorge,Bajo San Jorge - La Mojana,1.23272728919983,1.47272729873657,2,2,0.659420311450958,0.66304349899292,1,1,1.04999995231628,2020,08,46,228,228,239.399989128113,0,75.2335205078125,2020-08-01,91.8748321533203,97.8904495239258,112.315406799316
25025030,Meteorológica Especial,Automática con Telemetría,Córdoba,Ayapel,8.2951,-75.1646,20,12/11/2014,,Caribe,Magdalena Cauca,Bajo Magdalena- Cauca -San Jorge,Bajo San Jorge - La Mojana,1.23272728919983,1.47272729873657,2,2,0.659420311450958,0.66304349899292,1,1,1.04999995231628,2020,08,47,52.3,52.3,54.9149975061417,0,52.8659973144531,2020-08-01,75.1797332763672,81.5032806396484,99.9570922851563
25025030,Meteorológica Especial,Automática con Telemetría,Córdoba,Ayapel,8.2951,-75.1646,20,12/11/2014,,Caribe,Magdalena Cauca,Bajo Magdalena- Cauca -San Jorge,Bajo San Jorge - La Mojana,1.23272728919983,1.47272729873657,2,2,0.659420311450958,0.66304349899292,1,1,1.04999995231628,2020,08,48,73.8,73.8,77.4899964809418,0,54.401741027832,2020-08-01,50.5522079467774,45.0621757507324,51.3269996643066
25025030,Meteorológica Especial,Automática con Telemetría,Córdoba,Ayapel,8.2951,-75.1646,20,12/11/2014,,Caribe,Magdalena Cauca,Bajo Magdalena- Cauca -San Jorge,Bajo San Jorge - La Mojana,1.23272728919983,1.47272729873657,2,2,0.659420311450958,0.66304349899292,1,1,1.04999995231628,2020,09,49,131.8,131.8,138.389993715286,0,45.7553405761719,2020-09-01,52.5812835693359,89.7103424072266,103.752334594727
25025030,Meteorológica Especial,Automática con Telemetría,Córdoba,Ayapel,8.2951,-75.1646,20,12/11/2014,,Caribe,Magdalena Cauca,Bajo Magdalena- Cauca -San Jorge,Bajo San Jorge - La Mojana,1.23272728919983,1.47272729873657,2,2,0.659420311450958,0.66304349899292,1,1,1.04999995231628,2020,09,50,20.5,20.5,21.5249990224838,0,51.1949462890625,2020-09-01,61.6882781982422,30.5420608520508,32.8461303710938
25025030,Meteorológica Especial,Automática con Telemetría,Córdoba,Ayapel,8.2951,-75.1646,20,12/11/2014,,Caribe,Magdalena Cauca,Bajo Magdalena- Cauca -San Jorge,Bajo San Jorge - La Mojana,1.23272728919983,1.47272729873657,2,2,0.659420311450958,0.66304349899292,1,1,1.04999995231628,2020,09,51,11.8,11.8,12.3899994373322,0,41.1975631713867,2020-09-01,43.3468589782715,38.4075584411621,39.5879631042481
25025030,Meteorológica Especial,Automática con Telemetría,Córdoba,Ayapel,8.2951,-75.1646,20,12/11/2014,,Caribe,Magdalena Cauca,Bajo Magdalena- Cauca -San Jorge,Bajo San Jorge - La Mojana,1.23272728919983,1.47272729873657,2,2,0.659420311450958,0.66304349899292,1,1,1.04999995231628,2020,09,52,65.6,65.6,68.8799968719482,0,43.7870903015137,2020-09-01,46.152889251709,29.4408073425293,31.2704315185547
25025030,Meteorológica Especial,Automática con Telemetría,Córdoba,Ayapel,8.2951,-75.1646,20,12/11/2014,,Caribe,Magdalena Cauca,Bajo Magdalena- Cauca -San Jorge,Bajo San Jorge - La Mojana,1.23272728919983,1.47272729873657,2,2,0.659420311450958,0.66304349899292,1,1,1.04999995231628,2020,09,53,126.2,43.2,45.3599979400635,1,51.950855255127,2020-09-01,55.5890960693359,79.3047027587891,84.7263412475586
25025030,Meteorológica Especial,Automática con Telemetría,Córdoba,Ayapel,8.2951,-75.1646,20,12/11/2014,,Caribe,Magdalena Cauca,Bajo Magdalena- Cauca -San Jorge,Bajo San Jorge - La Mojana,1.23272728919983,1.47272729873657,2,2,0.659420311450958,0.66304349899292,1,1,1.04999995231628,2020,09,54,39.6,39.6,41.5799981117249,0,39.7392883300781,2020-09-01,55.3645553588867,66.0817565917969,69.9966049194336
25025030,Meteorológica Especial,Automática con Telemetría,Córdoba,Ayapel,8.2951,-75.1646,20,12/11/2014,,Caribe,Magdalena Cauca,Bajo Magdalena- Cauca -San Jorge,Bajo San Jorge - La Mojana,1.23272728919983,1.47272729873657,2,2,0.659420311450958,0.66304349899292,1,1,1.04999995231628,2020,10,55,48,48,50.3999977111817,0,35.4737205505371,2020-10-01,34.9540176391602,56.482967376709,60.9740600585938
25025030,Meteorológica Especial,Automática con Telemetría,Córdoba,Ayapel,8.2951,-75.1646,20,12/11/2014,,Caribe,Magdalena Cauca,Bajo Magdalena- Cauca -San Jorge,Bajo San Jorge - La Mojana,1.23272728919983,1.47272729873657,2,2,0.659420311450958,0.66304349899292,1,1,1.04999995231628,2020,10,56,33.8,33.8,35.4899983882904,0,62.0570030212402,2020-10-01,54.3903427124024,49.3199806213379,48.8565139770508
25025030,Meteorológica Especial,Automática con Telemetría,Córdoba,Ayapel,8.2951,-75.1646,20,12/11/2014,,Caribe,Magdalena Cauca,Bajo Magdalena- Cauca -San Jorge,Bajo San Jorge - La Mojana,1.23272728919983,1.47272729873657,2,2,0.659420311450958,0.66304349899292,1,1,1.04999995231628,2020,10,57,69,69,72.4499967098236,0,43.939567565918,2020-10-01,34.7562942504883,44.1659889221191,43.3205795288086
25025030,Meteorológica Especial,Automática con Telemetría,Córdoba,Ayapel,8.2951,-75.1646,20,12/11/2014,,Caribe,Magdalena Cauca,Bajo Magdalena- Cauca -San Jorge,Bajo San Jorge - La Mojana,1.23272728919983,1.47272729873657,2,2,0.659420311450958,0.66304349899292,1,1,1.04999995231628,2020,10,58,20.2,20.2,21.2099990367889,0,54.7371864318848,2020-10-01,36.2158851623535,39.1502113342285,31.8072299957275
25025030,Meteorológica Especial,Automática con Telemetría,Córdoba,Ayapel,8.2951,-75.1646,20,12/11/2014,,Caribe,Magdalena Cauca,Bajo Magdalena- Cauca -San Jorge,Bajo San Jorge - La Mojana,1.23272728919983,1.47272729873657,2,2,0.659420311450958,0.66304349899292,1,1,1.04999995231628,2020,10,59,12.4,12.4,13.0199994087219,0,42.2907524108887,2020-10-01,34.0456123352051,17.9597816467285,15.8547029495239
25025030,Meteorológica Especial,Automática con Telemetría,Córdoba,Ayapel,8.2951,-75.1646,20,12/11/2014,,Caribe,Magdalena Cauca,Bajo Magdalena- Cauca -San Jorge,Bajo San Jorge - La Mojana,1.23272728919983,1.47272729873657,2,2,0.659420311450958,0.66304349899292,1,1,1.04999995231628,2020,10,60,2.2,2.2,2.30999989509583,0,31.2422122955322,2020-10-01,21.0699481964111,50.8512763977051,40.3599700927734
25025030,Meteorológica Especial,Automática con Telemetría,Córdoba,Ayapel,8.2951,-75.1646,20,12/11/2014,,Caribe,Magdalena Cauca,Bajo Magdalena- Cauca -San Jorge,Bajo San Jorge - La Mojana,1.23272728919983,1.47272729873657,2,2,0.659420311450958,0.66304349899292,1,1,1.04999995231628,2020,11,61,32,32,33.5999984741211,0,42.3006820678711,2020-11-01,27.0805530548096,27.5639724731445,27.0832424163818
25025030,Meteorológica Especial,Automática con Telemetría,Córdoba,Ayapel,8.2951,-75.1646,20,12/11/2014,,Caribe,Magdalena Cauca,Bajo Magdalena- Cauca -San Jorge,Bajo San Jorge - La Mojana,1.23272728919983,1.47272729873657,2,2,0.659420311450958,0.66304349899292,1,1,1.04999995231628,2020,11,62,56,56,58.7999973297119,0,31.8002471923828,2020-11-01,22.8732719421387,46.6557273864746,40.8460960388184
25025030,Meteorológica Especial,Automática con Telemetría,Córdoba,Ayapel,8.2951,-75.1646,20,12/11/2014,,Caribe,Magdalena Cauca,Bajo Magdalena- Cauca -San Jorge,Bajo San Jorge - La Mojana,1.23272728919983,1.47272729873657,2,2,0.659420311450958,0.66304349899292,1,1,1.04999995231628,2020,11,63,20,20,20.9999990463257,0,73.212760925293,2020-11-01,63.849536895752,45.1026039123535,49.0245742797852
25025030,Meteorológica Especial,Automática con Telemetría,Córdoba,Ayapel,8.2951,-75.1646,20,12/11/2014,,Caribe,Magdalena Cauca,Bajo Magdalena- Cauca -San Jorge,Bajo San Jorge - La Mojana,1.23272728919983,1.47272729873657,2,2,0.659420311450958,0.66304349899292,1,1,1.04999995231628,2020,11,64,31.5,31.5,33.074998497963,0,56.3897819519043,2020-11-01,45.8234634399414,46.6148071289063,52.8501892089844
25025030,Meteorológica Especial,Automática con Telemetría,Córdoba,Ayapel,8.2951,-75.1646,20,12/11/2014,,Caribe,Magdalena Cauca,Bajo Magdalena- Cauca -San Jorge,Bajo San Jorge - La Mojana,1.23272728919983,1.47272729873657,2,2,0.659420311450958,0.66304349899292,1,1,1.04999995231628,2020,11,65,12.6,12.6,13.2299993991852,0,32.5679893493652,2020-11-01,24.0771770477295,26.3302135467529,30.1119709014893
25025030,Meteorológica Especial,Automática con Telemetría,Córdoba,Ayapel,8.2951,-75.1646,20,12/11/2014,,Caribe,Magdalena Cauca,Bajo Magdalena- Cauca -San Jorge,Bajo San Jorge - La Mojana,1.23272728919983,1.47272729873657,2,2,0.659420311450958,0.66304349899292,1,1,1.04999995231628,2020,11,66,32.5,32.5,34.1249984502792,0,41.9649391174316,2020-11-01,29.8740653991699,33.6970863342285,30.0505466461182
25025030,Meteorológica Especial,Automática con Telemetría,Córdoba,Ayapel,8.2951,-75.1646,20,12/11/2014,,Caribe,Magdalena Cauca,Bajo Magdalena- Cauca -San Jorge,Bajo San Jorge - La Mojana,1.23272728919983,1.47272729873657,2,2,0.659420311450958,0.66304349899292,1,1,1.07000005245209,2020,12,67,86.5,86.5,92.5550045371056,0,44.3149185180664,2020-12-01,37.3559875488281,45.1512870788574,47.0189056396484
25025030,Meteorológica Especial,Automática con Telemetría,Córdoba,Ayapel,8.2951,-75.1646,20,12/11/2014,,Caribe,Magdalena Cauca,Bajo Magdalena- Cauca -San Jorge,Bajo San Jorge - La Mojana,1.23272728919983,1.47272729873657,2,2,0.659420311450958,0.66304349899292,1,1,1.07000005245209,2020,12,68,6,6,6.42000031471252,0,18.5387191772461,2020-12-01,15.3987140655518,12.1723194122314,11.2856750488281
25025030,Meteorológica Especial,Automática con Telemetría,Córdoba,Ayapel,8.2951,-75.1646,20,12/11/2014,,Caribe,Magdalena Cauca,Bajo Magdalena- Cauca -San Jorge,Bajo San Jorge - La Mojana,1.23272728919983,1.47272729873657,2,2,0.659420311450958,0.66304349899292,1,1,1.07000005245209,2020,12,69,0,0,0,0,2.83213186264038,2020-12-01,0,1.34686470031738,0
25025030,Meteorológica Especial,Automática con Telemetría,Córdoba,Ayapel,8.2951,-75.1646,20,12/11/2014,,Caribe,Magdalena Cauca,Bajo Magdalena- Cauca -San Jorge,Bajo San Jorge - La Mojana,1.23272728919983,1.47272729873657,2,2,0.659420311450958,0.66304349899292,1,1,1.07000005245209,2020,12,70,0,0,0,0,2.97718548774719,2020-12-01,0,1.80321896076202,0
25025030,Meteorológica Especial,Automática con Telemetría,Córdoba,Ayapel,8.2951,-75.1646,20,12/11/2014,,Caribe,Magdalena Cauca,Bajo Magdalena- Cauca -San Jorge,Bajo San Jorge - La Mojana,1.23272728919983,1.47272729873657,2,2,0.659420311450958,0.66304349899292,1,1,1.07000005245209,2020,12,71,0,0,0,0,6.45326375961304,2020-12-01,0.860023856163025,3.41833281517029,0.796185672283173
25025030,Meteorológica Especial,Automática con Telemetría,Córdoba,Ayapel,8.2951,-75.1646,20,12/11/2014,,Caribe,Magdalena Cauca,Bajo Magdalena- Cauca -San Jorge,Bajo San Jorge - La Mojana,1.23272728919983,1.47272729873657,2,2,0.659420311450958,0.66304349899292,1,1,1.07000005245209,2020,12,72,17,17,18.1900008916855,0,4.3560357093811,2020-12-01,0,2.38685584068298,0
25025030,Meteorológica Especial,Automática con Telemetría,Córdoba,Ayapel,8.2951,-75.1646,20,12/11/2014,,Caribe,Magdalena Cauca,Bajo Magdalena- Cauca -San Jorge,Bajo San Jorge - La Mojana,1.23272728919983,1.47272729873657,2,2,0.659420311450958,0.66304349899292,1,1,1.08000004291534,2021,01,1,0,0,0,0,1.52877521514893,2021-01-01,0,0.875563025474548,0
25025030,Meteorológica Especial,Automática con Telemetría,Córdoba,Ayapel,8.2951,-75.1646,20,12/11/2014,,Caribe,Magdalena Cauca,Bajo Magdalena- Cauca -San Jorge,Bajo San Jorge - La Mojana,1.23272728919983,1.47272729873657,2,2,0.659420311450958,0.66304349899292,1,1,1.08000004291534,2021,01,2,1.4,1.4,1.51200006008148,0,14.9096908569336,2021-01-01,21.6598358154297,10.7188167572021,16.780689239502
25025030,Meteorológica Especial,Automática con Telemetría,Córdoba,Ayapel,8.2951,-75.1646,20,12/11/2014,,Caribe,Magdalena Cauca,Bajo Magdalena- Cauca -San Jorge,Bajo San Jorge - La Mojana,1.23272728919983,1.47272729873657,2,2,0.659420311450958,0.66304349899292,1,1,1.08000004291534,2021,01,3,0,0,0,0,16.3040370941162,2021-01-01,25.7597122192383,8.2200288772583,15.5675191879272
25025030,Meteorológica Especial,Automática con Telemetría,Córdoba,Ayapel,8.2951,-75.1646,20,12/11/2014,,Caribe,Magdalena Cauca,Bajo Magdalena- Cauca -San Jorge,Bajo San Jorge - La Mojana,1.23272728919983,1.47272729873657,2,2,0.659420311450958,0.66304349899292,1,1,1.08000004291534,2021,01,4,0,0,0,0,1.71692776679993,2021-01-01,0,0.854743897914887,0
25025030,Meteorológica Especial,Automática con Telemetría,Córdoba,Ayapel,8.2951,-75.1646,20,12/11/2014,,Caribe,Magdalena Cauca,Bajo Magdalena- Cauca -San Jorge,Bajo San Jorge - La Mojana,1.23272728919983,1.47272729873657,2,2,0.659420311450958,0.66304349899292,1,1,1.08000004291534,2021,01,5,1.7,1.7,1.83600007295609,0,7.81863880157471,2021-01-01,7.9977707862854,3.95218133926392,6.30262422561646
25025030,Meteorológica Especial,Automática con Telemetría,Córdoba,Ayapel,8.2951,-75.1646,20,12/11/2014,,Caribe,Magdalena Cauca,Bajo Magdalena- Cauca -San Jorge,Bajo San Jorge - La Mojana,1.23272728919983,1.47272729873657,2,2,0.659420311450958,0.66304349899292,1,1,1.08000004291534,2021,01,6,0,0,0,0,4.12185001373291,2021-01-01,0,1.86964237689972,0
25025030,Meteorológica Especial,Automática con Telemetría,Córdoba,Ayapel,8.2951,-75.1646,20,12/11/2014,,Caribe,Magdalena Cauca,Bajo Magdalena- Cauca -San Jorge,Bajo San Jorge - La Mojana,1.23272728919983,1.47272729873657,2,2,0.659420311450958,0.66304349899292,1,1,1.11000001430511,2021,02,7,0,0,0,0,2.63836097717285,2021-02-01,0.206891357898712,2.19376516342163,0.269495248794556
25025030,Meteorológica Especial,Automática con Telemetría,Córdoba,Ayapel,8.2951,-75.1646,20,12/11/2014,,Caribe,Magdalena Cauca,Bajo Magdalena- Cauca -San Jorge,Bajo San Jorge - La Mojana,1.23272728919983,1.47272729873657,2,2,0.659420311450958,0.66304349899292,1,1,1.11000001430511,2021,02,8,0,0,0,0,2.83633923530579,2021-02-01,1.63348829746246,1.80654239654541,1.14240205287933
25025030,Meteorológica Especial,Automática con Telemetría,Córdoba,Ayapel,8.2951,-75.1646,20,12/11/2014,,Caribe,Magdalena Cauca,Bajo Magdalena- Cauca -San Jorge,Bajo San Jorge - La Mojana,1.23272728919983,1.47272729873657,2,2,0.659420311450958,0.66304349899292,1,1,1.11000001430511,2021,02,9,2,2,2.22000002861023,0,2.85800719261169,2021-02-01,1.03784084320068,2.74280071258545,1.20346331596375
25025030,Meteorológica Especial,Automática con Telemetría,Córdoba,Ayapel,8.2951,-75.1646,20,12/11/2014,,Caribe,Magdalena Cauca,Bajo Magdalena- Cauca -San Jorge,Bajo San Jorge - La Mojana,1.23272728919983,1.47272729873657,2,2,0.659420311450958,0.66304349899292,1,1,1.11000001430511,2021,02,10,0,0,0,0,2.48037576675415,2021-02-01,1.249680519104,2.78721833229065,1.4743093252182
25025030,Meteorológica Especial,Automática con Telemetría,Córdoba,Ayapel,8.2951,-75.1646,20,12/11/2014,,Caribe,Magdalena Cauca,Bajo Magdalena- Cauca -San Jorge,Bajo San Jorge - La Mojana,1.23272728919983,1.47272729873657,2,2,0.659420311450958,0.66304349899292,1,1,1.11000001430511,2021,02,11,0,0,0,0,4.07744407653809,2021-02-01,1.74493825435638,3.05892443656921,1.47069692611694
25025030,Meteorológica Especial,Automática con Telemetría,Córdoba,Ayapel,8.2951,-75.1646,20,12/11/2014,,Caribe,Magdalena Cauca,Bajo Magdalena- Cauca -San Jorge,Bajo San Jorge - La Mojana,1.23272728919983,1.47272729873657,2,2,0.659420311450958,0.66304349899292,1,1,1.11000001430511,2021,02,12,0,0,0,0,7.270676612854,2021-02-01,8.68348407745361,10.1969261169434,17.0212078094482
25025030,Meteorológica Especial,Automática con Telemetría,Córdoba,Ayapel,8.2951,-75.1646,20,12/11/2014,,Caribe,Magdalena Cauca,Bajo Magdalena- Cauca -San Jorge,Bajo San Jorge - La Mojana,1.23272728919983,1.47272729873657,2,2,0.659420311450958,0.66304349899292,1,1,1.10000002384186,2021,03,13,0,0,0,0,2.46434307098389,2021-03-01,0,7.34419679641724,0
25025030,Meteorológica Especial,Automática con Telemetría,Córdoba,Ayapel,8.2951,-75.1646,20,12/11/2014,,Caribe,Magdalena Cauca,Bajo Magdalena- Cauca -San Jorge,Bajo San Jorge - La Mojana,1.23272728919983,1.47272729873657,2,2,0.659420311450958,0.66304349899292,1,1,1.10000002384186,2021,03,14,0,0,0,0,22.8757305145264,2021-03-01,43.0563278198242,68.1738967895508,51.103874206543
25025030,Meteorológica Especial,Automática con Telemetría,Córdoba,Ayapel,8.2951,-75.1646,20,12/11/2014,,Caribe,Magdalena Cauca,Bajo Magdalena- Cauca -San Jorge,Bajo San Jorge - La Mojana,1.23272728919983,1.47272729873657,2,2,0.659420311450958,0.66304349899292,1,1,1.10000002384186,2021,03,15,0,0,0,0,2.97274589538574,2021-03-01,0,8.85933113098145,0
25025030,Meteorológica Especial,Automática con Telemetría,Córdoba,Ayapel,8.2951,-75.1646,20,12/11/2014,,Caribe,Magdalena Cauca,Bajo Magdalena- Cauca -San Jorge,Bajo San Jorge - La Mojana,1.23272728919983,1.47272729873657,2,2,0.659420311450958,0.66304349899292,1,1,1.10000002384186,2021,03,16,90,16,17.6000003814697,1,24.1014518737793,2021-03-01,55.0475082397461,71.8267669677734,65.3362884521484
25025030,Meteorológica Especial,Automática con Telemetría,Córdoba,Ayapel,8.2951,-75.1646,20,12/11/2014,,Caribe,Magdalena Cauca,Bajo Magdalena- Cauca -San Jorge,Bajo San Jorge - La Mojana,1.23272728919983,1.47272729873657,2,2,0.659420311450958,0.66304349899292,1,1,1.10000002384186,2021,03,17,0,0,0,0,8.07078647613525,2021-03-01,12.7318429946899,24.0524311065674,15.1115169525146
25025030,Meteorológica Especial,Automática con Telemetría,Córdoba,Ayapel,8.2951,-75.1646,20,12/11/2014,,Caribe,Magdalena Cauca,Bajo Magdalena- Cauca -San Jorge,Bajo San Jorge - La Mojana,1.23272728919983,1.47272729873657,2,2,0.659420311450958,0.66304349899292,1,1,1.10000002384186,2021,03,18,28,28,30.800000667572,0,25.8938694000244,2021-03-01,34.584846496582,77.1685028076172,41.0490074157715
25025030,Meteorológica Especial,Automática con Telemetría,Córdoba,Ayapel,8.2951,-75.1646,20,12/11/2014,,Caribe,Magdalena Cauca,Bajo Magdalena- Cauca -San Jorge,Bajo San Jorge - La Mojana,1.23272728919983,1.47272729873657,2,2,0.659420311450958,0.66304349899292,1,1,1.05999994277954,2021,04,19,35,35,37.0999979972839,0,47.2491607666016,2021-04-01,64.1388397216797,79.9934234619141,75.893180847168
25025030,Meteorológica Especial,Automática con Telemetría,Córdoba,Ayapel,8.2951,-75.1646,20,12/11/2014,,Caribe,Magdalena Cauca,Bajo Magdalena- Cauca -San Jorge,Bajo San Jorge - La Mojana,1.23272728919983,1.47272729873657,2,2,0.659420311450958,0.66304349899292,1,1,1.05999994277954,2021,04,20,38.3,38.3,40.5979978084564,0,43.4391937255859,2021-04-01,56.5113563537598,73.543098449707,66.8678512573242
25025030,Meteorológica Especial,Automática con Telemetría,Córdoba,Ayapel,8.2951,-75.1646,20,12/11/2014,,Caribe,Magdalena Cauca,Bajo Magdalena- Cauca -San Jorge,Bajo San Jorge - La Mojana,1.23272728919983,1.47272729873657,2,2,0.659420311450958,0.66304349899292,1,1,1.05999994277954,2021,04,21,75.5,75.5,80.0299956798554,0,39.1798400878906,2021-04-01,47.0925025939941,66.3319625854492,55.7228622436524
25025030,Meteorológica Especial,Automática con Telemetría,Córdoba,Ayapel,8.2951,-75.1646,20,12/11/2014,,Caribe,Magdalena Cauca,Bajo Magdalena- Cauca -San Jorge,Bajo San Jorge - La Mojana,1.23272728919983,1.47272729873657,2,2,0.659420311450958,0.66304349899292,1,1,1.05999994277954,2021,04,22,121.4,16.4,17.3839990615845,1,27.9814929962158,2021-04-01,35.7516632080078,47.3730201721191,42.3036575317383
25025030,Meteorológica Especial,Automática con Telemetría,Córdoba,Ayapel,8.2951,-75.1646,20,12/11/2014,,Caribe,Magdalena Cauca,Bajo Magdalena- Cauca -San Jorge,Bajo San Jorge - La Mojana,1.23272728919983,1.47272729873657,2,2,0.659420311450958,0.66304349899292,1,1,1.05999994277954,2021,04,23,0,0,0,0,2.82455396652222,2021-04-01,0.652161538600922,4.78200531005859,0.771679282188416
25025030,Meteorológica Especial,Automática con Telemetría,Córdoba,Ayapel,8.2951,-75.1646,20,12/11/2014,,Caribe,Magdalena Cauca,Bajo Magdalena- Cauca -San Jorge,Bajo San Jorge - La Mojana,1.23272728919983,1.47272729873657,2,2,0.659420311450958,0.66304349899292,1,1,1.05999994277954,2021,04,24,0,0,0,0,13.544734954834,2021-04-01,11.967493057251,22.9314060211182,14.1607036590576
25025030,Meteorológica Especial,Automática con Telemetría,Córdoba,Ayapel,8.2951,-75.1646,20,12/11/2014,,Caribe,Magdalena Cauca,Bajo Magdalena- Cauca -San Jorge,Bajo San Jorge - La Mojana,1.23272728919983,1.47272729873657,2,2,0.659420311450958,0.66304349899292,1,1,1.04999995231628,2021,05,25,41,41,43.0499980449677,0,37.1281852722168,2021-05-01,36.8320159912109,37.8047599792481,38.7513732910156
25025030,Meteorológica Especial,Automática con Telemetría,Córdoba,Ayapel,8.2951,-75.1646,20,12/11/2014,,Caribe,Magdalena Cauca,Bajo Magdalena- Cauca -San Jorge,Bajo San Jorge - La Mojana,1.23272728919983,1.47272729873657,2,2,0.659420311450958,0.66304349899292,1,1,1.04999995231628,2021,05,26,6.4,6.4,6.71999969482422,0,35.5558433532715,2021-05-01,34.2662773132324,36.2037658691406,36.0519332885742
25025030,Meteorológica Especial,Automática con Telemetría,Córdoba,Ayapel,8.2951,-75.1646,20,12/11/2014,,Caribe,Magdalena Cauca,Bajo Magdalena- Cauca -San Jorge,Bajo San Jorge - La Mojana,1.23272728919983,1.47272729873657,2,2,0.659420311450958,0.66304349899292,1,1,1.04999995231628,2021,05,27,31,31,32.5499985218048,0,41.7834777832031,2021-05-01,40.9456672668457,42.5448837280273,43.0793914794922
25025030,Meteorológica Especial,Automática con Telemetría,Córdoba,Ayapel,8.2951,-75.1646,20,12/11/2014,,Caribe,Magdalena Cauca,Bajo Magdalena- Cauca -San Jorge,Bajo San Jorge - La Mojana,1.23272728919983,1.47272729873657,2,2,0.659420311450958,0.66304349899292,1,1,1.04999995231628,2021,05,28,57.5,57.5,60.3749972581863,0,27.8814182281494,2021-05-01,25.8623161315918,28.3894920349121,27.2100334167481
25025030,Meteorológica Especial,Automática con Telemetría,Córdoba,Ayapel,8.2951,-75.1646,20,12/11/2014,,Caribe,Magdalena Cauca,Bajo Magdalena- Cauca -San Jorge,Bajo San Jorge - La Mojana,1.23272728919983,1.47272729873657,2,2,0.659420311450958,0.66304349899292,1,1,1.04999995231628,2021,05,29,11,11,11.5499994754791,0,60.4613037109375,2021-05-01,63.6009025573731,61.5630760192871,66.9152221679688
25025030,Meteorológica Especial,Automática con Telemetría,Córdoba,Ayapel,8.2951,-75.1646,20,12/11/2014,,Caribe,Magdalena Cauca,Bajo Magdalena- Cauca -San Jorge,Bajo San Jorge - La Mojana,1.23272728919983,1.47272729873657,2,2,0.659420311450958,0.66304349899292,1,1,1.04999995231628,2021,05,30,138,138,144.899993419647,0,56.1390342712402,2021-05-01,51.3638153076172,57.1620330810547,54.0404396057129
25025030,Meteorológica Especial,Automática con Telemetría,Córdoba,Ayapel,8.2951,-75.1646,20,12/11/2014,,Caribe,Magdalena Cauca,Bajo Magdalena- Cauca -San Jorge,Bajo San Jorge - La Mojana,1.23272728919983,1.47272729873657,2,2,0.659420311450958,0.66304349899292,1,1,1.04999995231628,2021,06,31,21.4,21.4,22.4699989795685,0,51.3394546508789,2021-06-01,57.7274017333984,54.1715621948242,62.6224670410156
25025030,Meteorológica Especial,Automática con Telemetría,Córdoba,Ayapel,8.2951,-75.1646,20,12/11/2014,,Caribe,Magdalena Cauca,Bajo Magdalena- Cauca -San Jorge,Bajo San Jorge - La Mojana,1.23272728919983,1.47272729873657,2,2,0.659420311450958,0.66304349899292,1,1,1.04999995231628,2021,06,32,56,56,58.7999973297119,0,42.8734245300293,2021-06-01,48.1062622070313,45.2385101318359,52.1854972839356
25025030,Meteorológica Especial,Automática con Telemetría,Córdoba,Ayapel,8.2951,-75.1646,20,12/11/2014,,Caribe,Magdalena Cauca,Bajo Magdalena- Cauca -San Jorge,Bajo San Jorge - La Mojana,1.23272728919983,1.47272729873657,2,2,0.659420311450958,0.66304349899292,1,1,1.04999995231628,2021,06,33,23,23,24.1499989032745,0,30.0794982910156,2021-06-01,31.320894241333,31.7388134002686,33.9767913818359
25025030,Meteorológica Especial,Automática con Telemetría,Córdoba,Ayapel,8.2951,-75.1646,20,12/11/2014,,Caribe,Magdalena Cauca,Bajo Magdalena- Cauca -San Jorge,Bajo San Jorge - La Mojana,1.23272728919983,1.47272729873657,2,2,0.659420311450958,0.66304349899292,1,1,1.04999995231628,2021,06,34,2.5,2.5,2.62499988079071,0,30.7726573944092,2021-06-01,36.7969093322754,32.4702110290527,39.9171524047852
25025030,Meteorológica Especial,Automática con Telemetría,Córdoba,Ayapel,8.2951,-75.1646,20,12/11/2014,,Caribe,Magdalena Cauca,Bajo Magdalena- Cauca -San Jorge,Bajo San Jorge - La Mojana,1.23272728919983,1.47272729873657,2,2,0.659420311450958,0.66304349899292,1,1,1.04999995231628,2021,06,35,63,63,66.1499969959259,0,36.6187248229981,2021-06-01,46.4262390136719,38.6387710571289,50.3630142211914
25025030,Meteorológica Especial,Automática con Telemetría,Córdoba,Ayapel,8.2951,-75.1646,20,12/11/2014,,Caribe,Magdalena Cauca,Bajo Magdalena- Cauca -San Jorge,Bajo San Jorge - La Mojana,1.23272728919983,1.47272729873657,2,2,0.659420311450958,0.66304349899292,1,1,1.04999995231628,2021,06,36,92.1,92.1,96.7049956083298,0,43.5161666870117,2021-06-01,58.253288269043,45.9167060852051,63.1929550170899
25025030,Meteorológica Especial,Automática con Telemetría,Córdoba,Ayapel,8.2951,-75.1646,20,12/11/2014,,Caribe,Magdalena Cauca,Bajo Magdalena- Cauca -San Jorge,Bajo San Jorge - La Mojana,1.23272728919983,1.47272729873657,2,2,0.659420311450958,0.66304349899292,1,1,1.04999995231628,2021,07,37,67.6,67.6,70.9799967765808,0,51.178581237793,2021-07-01,58.8176345825195,58.4507446289063,65.2934799194336
25025030,Meteorológica Especial,Automática con Telemetría,Córdoba,Ayapel,8.2951,-75.1646,20,12/11/2014,,Caribe,Magdalena Cauca,Bajo Magdalena- Cauca -San Jorge,Bajo San Jorge - La Mojana,1.23272728919983,1.47272729873657,2,2,0.659420311450958,0.66304349899292,1,1,1.04999995231628,2021,07,38,65.8,65.8,69.0899968624115,0,59.0925369262695,2021-07-01,72.7058868408203,67.4892272949219,80.7108306884766
25025030,Meteorológica Especial,Automática con Telemetría,Córdoba,Ayapel,8.2951,-75.1646,20,12/11/2014,,Caribe,Magdalena Cauca,Bajo Magdalena- Cauca -San Jorge,Bajo San Jorge - La Mojana,1.23272728919983,1.47272729873657,2,2,0.659420311450958,0.66304349899292,1,1,1.04999995231628,2021,07,39,70.6,70.6,74.1299966335297,0,44.1901893615723,2021-07-01,52.8558044433594,50.4693489074707,58.6752548217774
25025030,Meteorológica Especial,Automática con Telemetría,Córdoba,Ayapel,8.2951,-75.1646,20,12/11/2014,,Caribe,Magdalena Cauca,Bajo Magdalena- Cauca -San Jorge,Bajo San Jorge - La Mojana,1.23272728919983,1.47272729873657,2,2,0.659420311450958,0.66304349899292,1,1,1.04999995231628,2021,07,40,76.7,76.7,80.534996342659,0,47.463191986084,2021-07-01,60.1296234130859,54.2074203491211,66.7499160766602
25025030,Meteorológica Especial,Automática con Telemetría,Córdoba,Ayapel,8.2951,-75.1646,20,12/11/2014,,Caribe,Magdalena Cauca,Bajo Magdalena- Cauca -San Jorge,Bajo San Jorge - La Mojana,1.23272728919983,1.47272729873657,2,2,0.659420311450958,0.66304349899292,1,1,1.04999995231628,2021,07,41,74,74,77.699996471405,0,58.2856178283691,2021-07-01,72.6328125,66.5676498413086,80.6297149658203
25025030,Meteorológica Especial,Automática con Telemetría,Córdoba,Ayapel,8.2951,-75.1646,20,12/11/2014,,Caribe,Magdalena Cauca,Bajo Magdalena- Cauca -San Jorge,Bajo San Jorge - La Mojana,1.23272728919983,1.47272729873657,2,2,0.659420311450958,0.66304349899292,1,1,1.04999995231628,2021,07,42,177.4,177.4,186.269991540909,0,53.4841804504395,2021-07-01,58.7742767333984,61.0839538574219,65.2453536987305
25025030,Meteorológica Especial,Automática con Telemetría,Córdoba,Ayapel,8.2951,-75.1646,20,12/11/2014,,Caribe,Magdalena Cauca,Bajo Magdalena- Cauca -San Jorge,Bajo San Jorge - La Mojana,1.23272728919983,1.47272729873657,2,2,0.659420311450958,0.66304349899292,1,1,1.04999995231628,2021,08,43,120.3,120.3,126.314994263649,0,52.4381217956543,2021-08-01,60.4318199157715,52.4381217956543,47.5928115844727
25025030,Meteorológica Especial,Automática con Telemetría,Córdoba,Ayapel,8.2951,-75.1646,20,12/11/2014,,Caribe,Magdalena Cauca,Bajo Magdalena- Cauca -San Jorge,Bajo San Jorge - La Mojana,1.23272728919983,1.47272729873657,2,2,0.659420311450958,0.66304349899292,1,1,1.04999995231628,2021,08,44,53.2,53.2,55.8599974632263,0,58.7732582092285,2021-08-01,64.3864822387695,58.7732582092285,50.7072868347168
25025030,Meteorológica Especial,Automática con Telemetría,Córdoba,Ayapel,8.2951,-75.1646,20,12/11/2014,,Caribe,Magdalena Cauca,Bajo Magdalena- Cauca -San Jorge,Bajo San Jorge - La Mojana,1.23272728919983,1.47272729873657,2,2,0.659420311450958,0.66304349899292,1,1,1.04999995231628,2021,08,45,38.6,38.6,40.5299981594086,4,66.0971832275391,2021-08-01,75.221435546875,66.0971832275391,59.2403068542481
25025030,Meteorológica Especial,Automática con Telemetría,Córdoba,Ayapel,8.2951,-75.1646,20,12/11/2014,,Caribe,Magdalena Cauca,Bajo Magdalena- Cauca -San Jorge,Bajo San Jorge - La Mojana,1.23272728919983,1.47272729873657,2,2,0.659420311450958,0.66304349899292,1,1,1.04999995231628,2021,08,46,201.2,201.2,211.259990406036,0,72.3777923583984,2021-08-01,88.2811126708984,72.3777923583984,69.5253982543945
25025030,Meteorológica Especial,Automática con Telemetría,Córdoba,Ayapel,8.2951,-75.1646,20,12/11/2014,,Caribe,Magdalena Cauca,Bajo Magdalena- Cauca -San Jorge,Bajo San Jorge - La Mojana,1.23272728919983,1.47272729873657,2,2,0.659420311450958,0.66304349899292,1,1,1.04999995231628,2021,08,47,50.8,50.8,53.3399975776672,0,58.0091247558594,2021-08-01,66.041389465332,58.0091247558594,52.0106086730957
25025030,Meteorológica Especial,Automática con Telemetría,Córdoba,Ayapel,8.2951,-75.1646,20,12/11/2014,,Caribe,Magdalena Cauca,Bajo Magdalena- Cauca -San Jorge,Bajo San Jorge - La Mojana,1.23272728919983,1.47272729873657,2,2,0.659420311450958,0.66304349899292,1,1,1.04999995231628,2021,08,48,114.2,114.2,119.90999455452,0,69.4792251586914,2021-08-01,67.404670715332,69.4792251586914,53.0842475891113
25025030,Meteorológica Especial,Automática con Telemetría,Córdoba,Ayapel,8.2951,-75.1646,20,12/11/2014,,Caribe,Magdalena Cauca,Bajo Magdalena- Cauca -San Jorge,Bajo San Jorge - La Mojana,1.23272728919983,1.47272729873657,2,2,0.659420311450958,0.66304349899292,1,1,1.04999995231628,2021,09,49,63.3,63.3,66.4649969816208,0,40.990478515625,2021-09-01,45.9908332824707,45.3106727600098,48.7951316833496
25025030,Meteorológica Especial,Automática con Telemetría,Córdoba,Ayapel,8.2951,-75.1646,20,12/11/2014,,Caribe,Magdalena Cauca,Bajo Magdalena- Cauca -San Jorge,Bajo San Jorge - La Mojana,1.23272728919983,1.47272729873657,2,2,0.659420311450958,0.66304349899292,1,1,1.04999995231628,2021,09,50,45.6,45.6,47.8799978256226,0,40.4479789733887,2021-09-01,47.682186126709,44.7109985351563,50.5896148681641
25025030,Meteorológica Especial,Automática con Telemetría,Córdoba,Ayapel,8.2951,-75.1646,20,12/11/2014,,Caribe,Magdalena Cauca,Bajo Magdalena- Cauca -San Jorge,Bajo San Jorge - La Mojana,1.23272728919983,1.47272729873657,2,2,0.659420311450958,0.66304349899292,1,1,1.04999995231628,2021,09,51,53,53,55.6499974727631,0,60.7133483886719,2021-09-01,73.1981658935547,67.1122360229492,77.6614379882813
25025030,Meteorológica Especial,Automática con Telemetría,Córdoba,Ayapel,8.2951,-75.1646,20,12/11/2014,,Caribe,Magdalena Cauca,Bajo Magdalena- Cauca -San Jorge,Bajo San Jorge - La Mojana,1.23272728919983,1.47272729873657,2,2,0.659420311450958,0.66304349899292,1,1,1.04999995231628,2021,09,52,85.3,85.3,89.564995932579,0,56.9470596313477,2021-09-01,72.0920486450195,62.9490051269531,76.4878768920899
25025030,Meteorológica Especial,Automática con Telemetría,Córdoba,Ayapel,8.2951,-75.1646,20,12/11/2014,,Caribe,Magdalena Cauca,Bajo Magdalena- Cauca -San Jorge,Bajo San Jorge - La Mojana,1.23272728919983,1.47272729873657,2,2,0.659420311450958,0.66304349899292,1,1,1.04999995231628,2021,09,53,8.6,8.6,9.02999958992004,0,48.3540802001953,2021-09-01,49.2127304077149,53.4503631591797,52.2134819030762
25025030,Meteorológica Especial,Automática con Telemetría,Córdoba,Ayapel,8.2951,-75.1646,20,12/11/2014,,Caribe,Magdalena Cauca,Bajo Magdalena- Cauca -San Jorge,Bajo San Jorge - La Mojana,1.23272728919983,1.47272729873657,2,2,0.659420311450958,0.66304349899292,1,1,1.04999995231628,2021,09,54,65.6,65.6,68.8799968719482,0,56.1670761108399,2021-09-01,57.454833984375,62.0868186950684,60.9581527709961
25025030,Meteorológica Especial,Automática con Telemetría,Córdoba,Ayapel,8.2951,-75.1646,20,12/11/2014,,Caribe,Magdalena Cauca,Bajo Magdalena- Cauca -San Jorge,Bajo San Jorge - La Mojana,1.23272728919983,1.47272729873657,2,2,0.659420311450958,0.66304349899292,1,1,1.04999995231628,2021,10,55,65.2,65.2,68.4599968910217,0,54.0582847595215,2021-10-01,54.8512687683106,57.0976295471191,56.7630577087402
25025030,Meteorológica Especial,Automática con Telemetría,Córdoba,Ayapel,8.2951,-75.1646,20,12/11/2014,,Caribe,Magdalena Cauca,Bajo Magdalena- Cauca -San Jorge,Bajo San Jorge - La Mojana,1.23272728919983,1.47272729873657,2,2,0.659420311450958,0.66304349899292,1,1,1.04999995231628,2021,10,56,56.2,56.2,59.0099973201752,0,62.0570030212402,2021-10-01,54.3903427124024,72.9149169921875,58.2950286865234
25025030,Meteorológica Especial,Automática con Telemetría,Córdoba,Ayapel,8.2951,-75.1646,20,12/11/2014,,Caribe,Magdalena Cauca,Bajo Magdalena- Cauca -San Jorge,Bajo San Jorge - La Mojana,1.23272728919983,1.47272729873657,2,2,0.659420311450958,0.66304349899292,1,1,1.04999995231628,2021,10,57,54.4,54.4,57.1199974060059,0,20.4949779510498,2021-10-01,15.4212894439697,30.7912044525147,31.7578067779541
25025030,Meteorológica Especial,Automática con Telemetría,Córdoba,Ayapel,8.2951,-75.1646,20,12/11/2014,,Caribe,Magdalena Cauca,Bajo Magdalena- Cauca -San Jorge,Bajo San Jorge - La Mojana,1.23272728919983,1.47272729873657,2,2,0.659420311450958,0.66304349899292,1,1,1.04999995231628,2021,10,58,12.6,12.6,13.2299993991852,0,72.0744552612305,2021-10-01,54.4907341003418,51.2132263183594,40.6067886352539
25025030,Meteorológica Especial,Automática con Telemetría,Córdoba,Ayapel,8.2951,-75.1646,20,12/11/2014,,Caribe,Magdalena Cauca,Bajo Magdalena- Cauca -San Jorge,Bajo San Jorge - La Mojana,1.23272728919983,1.47272729873657,2,2,0.659420311450958,0.66304349899292,1,1,1.04999995231628,2021,10,59,21.1,21.1,22.1549989938736,0,52.7593574523926,2021-10-01,43.4017562866211,45.5932846069336,36.4331092834473
25025030,Meteorológica Especial,Automática con Telemetría,Córdoba,Ayapel,8.2951,-75.1646,20,12/11/2014,,Caribe,Magdalena Cauca,Bajo Magdalena- Cauca -San Jorge,Bajo San Jorge - La Mojana,1.23272728919983,1.47272729873657,2,2,0.659420311450958,0.66304349899292,1,1,1.04999995231628,2021,10,60,105.5,105.5,110.774994969368,0,100.92017364502,2021-10-01,75.4965209960938,152.051940917969,129.760894775391
25025030,Meteorológica Especial,Automática con Telemetría,Córdoba,Ayapel,8.2951,-75.1646,20,12/11/2014,,Caribe,Magdalena Cauca,Bajo Magdalena- Cauca -San Jorge,Bajo San Jorge - La Mojana,1.23272728919983,1.47272729873657,2,2,0.659420311450958,0.66304349899292,1,1,1.04999995231628,2021,11,61,13.4,13.4,14.0699993610382,0,36.4393119812012,2021-11-01,22.7717266082764,36.232837677002,30.7832851409912
25025030,Meteorológica Especial,Automática con Telemetría,Córdoba,Ayapel,8.2951,-75.1646,20,12/11/2014,,Caribe,Magdalena Cauca,Bajo Magdalena- Cauca -San Jorge,Bajo San Jorge - La Mojana,1.23272728919983,1.47272729873657,2,2,0.659420311450958,0.66304349899292,1,1,1.04999995231628,2021,11,62,73.1,4.7,4.93499977588654,1,39.726448059082,2021-11-01,29.8083915710449,14.7399997711182,13.1638526916504
25025030,Meteorológica Especial,Automática con Telemetría,Córdoba,Ayapel,8.2951,-75.1646,20,12/11/2014,,Caribe,Magdalena Cauca,Bajo Magdalena- Cauca -San Jorge,Bajo San Jorge - La Mojana,1.23272728919983,1.47272729873657,2,2,0.659420311450958,0.66304349899292,1,1,1.04999995231628,2021,11,63,5.4,5.4,5.66999974250794,0,18.6667022705078,2021-11-01,10.9797077178955,8.26628398895264,6.33482122421265
25025030,Meteorológica Especial,Automática con Telemetría,Córdoba,Ayapel,8.2951,-75.1646,20,12/11/2014,,Caribe,Magdalena Cauca,Bajo Magdalena- Cauca -San Jorge,Bajo San Jorge - La Mojana,1.23272728919983,1.47272729873657,2,2,0.659420311450958,0.66304349899292,1,1,1.04999995231628,2021,11,64,0,0,0,4,31.3745136260986,2021-11-01,20.2707824707031,29.714017868042,34.6688041687012
25025030,Meteorológica Especial,Automática con Telemetría,Córdoba,Ayapel,8.2951,-75.1646,20,12/11/2014,,Caribe,Magdalena Cauca,Bajo Magdalena- Cauca -San Jorge,Bajo San Jorge - La Mojana,1.23272728919983,1.47272729873657,2,2,0.659420311450958,0.66304349899292,1,1,1.04999995231628,2021,11,65,110.8,34.8,36.5399983406067,4,44.2530632019043,2021-11-01,32.8745040893555,51.4582824707031,52.0750579833984
25025030,Meteorológica Especial,Automática con Telemetría,Córdoba,Ayapel,8.2951,-75.1646,20,12/11/2014,,Caribe,Magdalena Cauca,Bajo Magdalena- Cauca -San Jorge,Bajo San Jorge - La Mojana,1.23272728919983,1.47272729873657,2,2,0.659420311450958,0.66304349899292,1,1,1.04999995231628,2021,11,66,3.4,3.4,3.56999983787537,0,64.2002334594727,2021-11-01,50.9637413024902,37.0101509094238,29.263858795166
25025030,Meteorológica Especial,Automática con Telemetría,Córdoba,Ayapel,8.2951,-75.1646,20,12/11/2014,,Caribe,Magdalena Cauca,Bajo Magdalena- Cauca -San Jorge,Bajo San Jorge - La Mojana,1.23272728919983,1.47272729873657,2,2,0.659420311450958,0.66304349899292,1,1,1.07000005245209,2021,12,67,0,0,0,0,8.27459144592285,2021-12-01,4.19597673416138,10.089129447937,3.66029500961304
25025030,Meteorológica Especial,Automática con Telemetría,Córdoba,Ayapel,8.2951,-75.1646,20,12/11/2014,,Caribe,Magdalena Cauca,Bajo Magdalena- Cauca -San Jorge,Bajo San Jorge - La Mojana,1.23272728919983,1.47272729873657,2,2,0.659420311450958,0.66304349899292,1,1,1.07000005245209,2021,12,68,0,0,0,0,7.13842630386353,2021-12-01,2.08401560783386,4.54301452636719,1.69133520126343
25025030,Meteorológica Especial,Automática con Telemetría,Córdoba,Ayapel,8.2951,-75.1646,20,12/11/2014,,Caribe,Magdalena Cauca,Bajo Magdalena- Cauca -San Jorge,Bajo San Jorge - La Mojana,1.23272728919983,1.47272729873657,2,2,0.659420311450958,0.66304349899292,1,1,1.07000005245209,2021,12,69,12.5,12.5,13.3750006556511,0,2.83213186264038,2021-12-01,0,1.50704121589661,0
25025030,Meteorológica Especial,Automática con Telemetría,Córdoba,Ayapel,8.2951,-75.1646,20,12/11/2014,,Caribe,Magdalena Cauca,Bajo Magdalena- Cauca -San Jorge,Bajo San Jorge - La Mojana,1.23272728919983,1.47272729873657,2,2,0.659420311450958,0.66304349899292,1,1,1.07000005245209,2021,12,70,0,0,0,0,12.2558364868164,2021-12-01,5.58484983444214,6.02932977676392,2.12890625
25025030,Meteorológica Especial,Automática con Telemetría,Córdoba,Ayapel,8.2951,-75.1646,20,12/11/2014,,Caribe,Magdalena Cauca,Bajo Magdalena- Cauca -San Jorge,Bajo San Jorge - La Mojana,1.23272728919983,1.47272729873657,2,2,0.659420311450958,0.66304349899292,1,1,1.07000005245209,2021,12,71,0,0,0,0,3.16513109207153,2021-12-01,0,1.95343828201294,0
25025030,Meteorológica Especial,Automática con Telemetría,Córdoba,Ayapel,8.2951,-75.1646,20,12/11/2014,,Caribe,Magdalena Cauca,Bajo Magdalena- Cauca -San Jorge,Bajo San Jorge - La Mojana,1.23272728919983,1.47272729873657,2,2,0.659420311450958,0.66304349899292,1,1,1.07000005245209,2021,12,72,0,0,0,0,13.8849239349365,2021-12-01,5.54193353652954,10.4947471618652,7.96148681640625
25025030,Meteorológica Especial,Automática con Telemetría,Córdoba,Ayapel,8.2951,-75.1646,20,12/11/2014,,Caribe,Magdalena Cauca,Bajo Magdalena- Cauca -San Jorge,Bajo San Jorge - La Mojana,1.23272728919983,1.47272729873657,2,2,0.659420311450958,0.66304349899292,1,1,1.08000004291534,2022,01,1,0,0,0,0,1.52877521514893,2022-01-01,0,0.900627911090851,0
25025030,Meteorológica Especial,Automática con Telemetría,Córdoba,Ayapel,8.2951,-75.1646,20,12/11/2014,,Caribe,Magdalena Cauca,Bajo Magdalena- Cauca -San Jorge,Bajo San Jorge - La Mojana,1.23272728919983,1.47272729873657,2,2,0.659420311450958,0.66304349899292,1,1,1.08000004291534,2022,01,2,0,0,0,0,3.15322804450989,2022-01-01,0,1.95495164394379,0
25025030,Meteorológica Especial,Automática con Telemetría,Córdoba,Ayapel,8.2951,-75.1646,20,12/11/2014,,Caribe,Magdalena Cauca,Bajo Magdalena- Cauca -San Jorge,Bajo San Jorge - La Mojana,1.23272728919983,1.47272729873657,2,2,0.659420311450958,0.66304349899292,1,1,1.08000004291534,2022,01,3,0,0,0,0,1.60339522361755,2022-01-01,0,0.880855083465576,0
25025030,Meteorológica Especial,Automática con Telemetría,Córdoba,Ayapel,8.2951,-75.1646,20,12/11/2014,,Caribe,Magdalena Cauca,Bajo Magdalena- Cauca -San Jorge,Bajo San Jorge - La Mojana,1.23272728919983,1.47272729873657,2,2,0.659420311450958,0.66304349899292,1,1,1.08000004291534,2022,01,4,0,0,0,0,1.71692776679993,2022-01-01,0,1.00738632678986,0
25025030,Meteorológica Especial,Automática con Telemetría,Córdoba,Ayapel,8.2951,-75.1646,20,12/11/2014,,Caribe,Magdalena Cauca,Bajo Magdalena- Cauca -San Jorge,Bajo San Jorge - La Mojana,1.23272728919983,1.47272729873657,2,2,0.659420311450958,0.66304349899292,1,1,1.08000004291534,2022,01,5,1.4,1.4,1.51200006008148,0,6.97964477539063,2022-01-01,6.52143573760986,2.60208320617676,5.37891864776611
25025030,Meteorológica Especial,Automática con Telemetría,Córdoba,Ayapel,8.2951,-75.1646,20,12/11/2014,,Caribe,Magdalena Cauca,Bajo Magdalena- Cauca -San Jorge,Bajo San Jorge - La Mojana,1.23272728919983,1.47272729873657,2,2,0.659420311450958,0.66304349899292,1,1,1.08000004291534,2022,01,6,0,0,0,0,4.12185001373291,2022-01-01,0,1.92186343669891,0
25025030,Meteorológica Especial,Automática con Telemetría,Córdoba,Ayapel,8.2951,-75.1646,20,12/11/2014,,Caribe,Magdalena Cauca,Bajo Magdalena- Cauca -San Jorge,Bajo San Jorge - La Mojana,1.23272728919983,1.47272729873657,2,2,0.659420311450958,0.66304349899292,1,1,1.11000001430511,2022,02,7,0,0,0,0,2.63836097717285,2022-02-01,0.206891357898712,3.50169444084168,0.214983582496643
25025030,Meteorológica Especial,Automática con Telemetría,Córdoba,Ayapel,8.2951,-75.1646,20,12/11/2014,,Caribe,Magdalena Cauca,Bajo Magdalena- Cauca -San Jorge,Bajo San Jorge - La Mojana,1.23272728919983,1.47272729873657,2,2,0.659420311450958,0.66304349899292,1,1,1.11000001430511,2022,02,8,58.2,58.2,64.6020008325577,0,28.1392021179199,2022-02-01,28.7772903442383,42.3870735168457,21.3644828796387
25025030,Meteorológica Especial,Automática con Telemetría,Córdoba,Ayapel,8.2951,-75.1646,20,12/11/2014,,Caribe,Magdalena Cauca,Bajo Magdalena- Cauca -San Jorge,Bajo San Jorge - La Mojana,1.23272728919983,1.47272729873657,2,2,0.659420311450958,0.66304349899292,1,1,1.11000001430511,2022,02,9,0,0,0,0,2.85800719261169,2022-02-01,1.03784084320068,3.12225246429443,0.666343212127686
25025030,Meteorológica Especial,Automática con Telemetría,Córdoba,Ayapel,8.2951,-75.1646,20,12/11/2014,,Caribe,Magdalena Cauca,Bajo Magdalena- Cauca -San Jorge,Bajo San Jorge - La Mojana,1.23272728919983,1.47272729873657,2,2,0.659420311450958,0.66304349899292,1,1,1.11000001430511,2022,02,10,0,0,0,0,2.48037576675415,2022-02-01,1.249680519104,3.15660786628723,0.870787918567658
25025030,Meteorológica Especial,Automática con Telemetría,Córdoba,Ayapel,8.2951,-75.1646,20,12/11/2014,,Caribe,Magdalena Cauca,Bajo Magdalena- Cauca -San Jorge,Bajo San Jorge - La Mojana,1.23272728919983,1.47272729873657,2,2,0.659420311450958,0.66304349899292,1,1,1.11000001430511,2022,02,11,0,0,0,0,2.14549684524536,2022-02-01,0.214416339993477,2.67433857917786,0.176998794078827
25025030,Meteorológica Especial,Automática con Telemetría,Córdoba,Ayapel,8.2951,-75.1646,20,12/11/2014,,Caribe,Magdalena Cauca,Bajo Magdalena- Cauca -San Jorge,Bajo San Jorge - La Mojana,1.23272728919983,1.47272729873657,2,2,0.659420311450958,0.66304349899292,1,1,1.11000001430511,2022,02,12,40,40,44.4000005722046,0,6.51952457427979,2022-02-01,7.39022731781006,8.73067855834961,5.40546035766602
25025030,Meteorológica Especial,Automática con Telemetría,Córdoba,Ayapel,8.2951,-75.1646,20,12/11/2014,,Caribe,Magdalena Cauca,Bajo Magdalena- Cauca -San Jorge,Bajo San Jorge - La Mojana,1.23272728919983,1.47272729873657,2,2,0.659420311450958,0.66304349899292,1,1,1.10000002384186,2022,03,13,32.4,32.4,35.6400007724762,0,23.0124568939209,2022-03-01,40.4529266357422,42.2930679321289,52.0594940185547
25025030,Meteorológica Especial,Automática con Telemetría,Córdoba,Ayapel,8.2951,-75.1646,20,12/11/2014,,Caribe,Magdalena Cauca,Bajo Magdalena- Cauca -San Jorge,Bajo San Jorge - La Mojana,1.23272728919983,1.47272729873657,2,2,0.659420311450958,0.66304349899292,1,1,1.10000002384186,2022,03,14,0,0,0,0,4.05826663970947,2022-03-01,0,4.26581287384033,0
25025030,Meteorológica Especial,Automática con Telemetría,Córdoba,Ayapel,8.2951,-75.1646,20,12/11/2014,,Caribe,Magdalena Cauca,Bajo Magdalena- Cauca -San Jorge,Bajo San Jorge - La Mojana,1.23272728919983,1.47272729873657,2,2,0.659420311450958,0.66304349899292,1,1,1.10000002384186,2022,03,15,34,34,37.4000008106232,0,11.3772888183594,2022-03-01,12.8772048950195,13.6268005371094,16.2717342376709
25025030,Meteorológica Especial,Automática con Telemetría,Córdoba,Ayapel,8.2951,-75.1646,20,12/11/2014,,Caribe,Magdalena Cauca,Bajo Magdalena- Cauca -San Jorge,Bajo San Jorge - La Mojana,1.23272728919983,1.47272729873657,2,2,0.659420311450958,0.66304349899292,1,1,1.10000002384186,2022,03,16,0,0,0,0,2.17277503013611,2022-03-01,0,1.72843647003174,0
25025030,Meteorológica Especial,Automática con Telemetría,Córdoba,Ayapel,8.2951,-75.1646,20,12/11/2014,,Caribe,Magdalena Cauca,Bajo Magdalena- Cauca -San Jorge,Bajo San Jorge - La Mojana,1.23272728919983,1.47272729873657,2,2,0.659420311450958,0.66304349899292,1,1,1.10000002384186,2022,03,17,0,0,0,0,1.42503798007965,2022-03-01,0,0.988081991672516,0
25025030,Meteorológica Especial,Automática con Telemetría,Córdoba,Ayapel,8.2951,-75.1646,20,12/11/2014,,Caribe,Magdalena Cauca,Bajo Magdalena- Cauca -San Jorge,Bajo San Jorge - La Mojana,1.23272728919983,1.47272729873657,2,2,0.659420311450958,0.66304349899292,1,1,1.10000002384186,2022,03,18,25.8,25.8,28.3800006151199,0,35.3123054504395,2022-03-01,46.7310905456543,46.3920936584473,51.2426414489746
25025030,Meteorológica Especial,Automática con Telemetría,Córdoba,Ayapel,8.2951,-75.1646,20,12/11/2014,,Caribe,Magdalena Cauca,Bajo Magdalena- Cauca -San Jorge,Bajo San Jorge - La Mojana,1.23272728919983,1.47272729873657,2,2,0.659420311450958,0.66304349899292,1,1,1.05999994277954,2022,04,19,10.5,10.5,11.1299993991852,0,29.4232273101807,2022-04-01,39.0330467224121,33.3400001525879,29.8995037078857
25025030,Meteorológica Especial,Automática con Telemetría,Córdoba,Ayapel,8.2951,-75.1646,20,12/11/2014,,Caribe,Magdalena Cauca,Bajo Magdalena- Cauca -San Jorge,Bajo San Jorge - La Mojana,1.23272728919983,1.47272729873657,2,2,0.659420311450958,0.66304349899292,1,1,1.05999994277954,2022,04,20,80.4,80.4,85.2239953994751,0,41.5189971923828,2022-04-01,50.3223419189453,64.9351425170899,54.5879325866699
25025030,Meteorológica Especial,Automática con Telemetría,Córdoba,Ayapel,8.2951,-75.1646,20,12/11/2014,,Caribe,Magdalena Cauca,Bajo Magdalena- Cauca -San Jorge,Bajo San Jorge - La Mojana,1.23272728919983,1.47272729873657,2,2,0.659420311450958,0.66304349899292,1,1,1.05999994277954,2022,04,21,23.2,23.2,24.5919986724854,0,11.1350250244141,2022-04-01,10.6912403106689,11.3871631622314,11.0086822509766
25025030,Meteorológica Especial,Automática con Telemetría,Córdoba,Ayapel,8.2951,-75.1646,20,12/11/2014,,Caribe,Magdalena Cauca,Bajo Magdalena- Cauca -San Jorge,Bajo San Jorge - La Mojana,1.23272728919983,1.47272729873657,2,2,0.659420311450958,0.66304349899292,1,1,1.05999994277954,2022,04,22,134.2,134.2,142.251992321014,0,22.7203845977783,2022-04-01,25.8401126861572,53.5084571838379,55.4869346618652
25025030,Meteorológica Especial,Automática con Telemetría,Córdoba,Ayapel,8.2951,-75.1646,20,12/11/2014,,Caribe,Magdalena Cauca,Bajo Magdalena- Cauca -San Jorge,Bajo San Jorge - La Mojana,1.23272728919983,1.47272729873657,2,2,0.659420311450958,0.66304349899292,1,1,1.05999994277954,2022,04,23,92.4,92.4,97.9439947128296,0,27.779634475708,2022-04-01,33.2559509277344,78.936279296875,73.4248275756836
25025030,Meteorológica Especial,Automática con Telemetría,Córdoba,Ayapel,8.2951,-75.1646,20,12/11/2014,,Caribe,Magdalena Cauca,Bajo Magdalena- Cauca -San Jorge,Bajo San Jorge - La Mojana,1.23272728919983,1.47272729873657,2,2,0.659420311450958,0.66304349899292,1,1,1.05999994277954,2022,04,24,19.1,19.1,20.2459989070892,0,29.7722091674805,2022-04-01,32.1686363220215,54.0747528076172,48.319709777832
25025030,Meteorológica Especial,Automática con Telemetría,Córdoba,Ayapel,8.2951,-75.1646,20,12/11/2014,,Caribe,Magdalena Cauca,Bajo Magdalena- Cauca -San Jorge,Bajo San Jorge - La Mojana,1.23272728919983,1.47272729873657,2,2,0.659420311450958,0.66304349899292,1,1,1.04999995231628,2022,05,25,91.7,20.2,21.2099990367889,1,47.8511962890625,2022-05-01,49.2182540893555,30.8872451782227,31.6466789245606
25025030,Meteorológica Especial,Automática con Telemetría,Córdoba,Ayapel,8.2951,-75.1646,20,12/11/2014,,Caribe,Magdalena Cauca,Bajo Magdalena- Cauca -San Jorge,Bajo San Jorge - La Mojana,1.23272728919983,1.47272729873657,2,2,0.659420311450958,0.66304349899292,1,1,1.04999995231628,2022,05,26,9.5,9.5,9.9749995470047,0,27.0417346954346,2022-05-01,24.9791717529297,30.6338520050049,32.8342742919922
25025030,Meteorológica Especial,Automática con Telemetría,Córdoba,Ayapel,8.2951,-75.1646,20,12/11/2014,,Caribe,Magdalena Cauca,Bajo Magdalena- Cauca -San Jorge,Bajo San Jorge - La Mojana,1.23272728919983,1.47272729873657,2,2,0.659420311450958,0.66304349899292,1,1,1.04999995231628,2022,05,27,33.1,33.1,34.754998421669,0,57.873477935791,2022-05-01,59.0759963989258,69.2148818969727,74.5397720336914
25025030,Meteorológica Especial,Automática con Telemetría,Córdoba,Ayapel,8.2951,-75.1646,20,12/11/2014,,Caribe,Magdalena Cauca,Bajo Magdalena- Cauca -San Jorge,Bajo San Jorge - La Mojana,1.23272728919983,1.47272729873657,2,2,0.659420311450958,0.66304349899292,1,1,1.04999995231628,2022,05,28,23.9,23.9,25.0949988603592,0,40.6501274108887,2022-05-01,39.6488990783691,48.3861236572266,54.157772064209
25025030,Meteorológica Especial,Automática con Telemetría,Córdoba,Ayapel,8.2951,-75.1646,20,12/11/2014,,Caribe,Magdalena Cauca,Bajo Magdalena- Cauca -San Jorge,Bajo San Jorge - La Mojana,1.23272728919983,1.47272729873657,2,2,0.659420311450958,0.66304349899292,1,1,1.04999995231628,2022,05,29,5.7,5.7,5.98499972820282,0,38.4574241638184,2022-05-01,38.1574783325195,31.9235858917236,33.8723220825195
25025030,Meteorológica Especial,Automática con Telemetría,Córdoba,Ayapel,8.2951,-75.1646,20,12/11/2014,,Caribe,Magdalena Cauca,Bajo Magdalena- Cauca -San Jorge,Bajo San Jorge - La Mojana,1.23272728919983,1.47272729873657,2,2,0.659420311450958,0.66304349899292,1,1,1.04999995231628,2022,05,30,41.6,41.6,43.6799980163574,0,65.8908538818359,2022-05-01,60.9564933776856,41.2973556518555,39.9912490844727
25025030,Meteorológica Especial,Automática con Telemetría,Córdoba,Ayapel,8.2951,-75.1646,20,12/11/2014,,Caribe,Magdalena Cauca,Bajo Magdalena- Cauca -San Jorge,Bajo San Jorge - La Mojana,1.23272728919983,1.47272729873657,2,2,0.659420311450958,0.66304349899292,1,1,1.04999995231628,2022,06,31,21.8,21.8,22.889998960495,0,43.2196044921875,2022-06-01,48.7787933349609,26.0748424530029,29.8319301605225
25025030,Meteorológica Especial,Automática con Telemetría,Córdoba,Ayapel,8.2951,-75.1646,20,12/11/2014,,Caribe,Magdalena Cauca,Bajo Magdalena- Cauca -San Jorge,Bajo San Jorge - La Mojana,1.23272728919983,1.47272729873657,2,2,0.659420311450958,0.66304349899292,1,1,1.04999995231628,2022,06,32,45.3,45.3,47.5649978399277,0,42.8734245300293,2022-06-01,49.0053291320801,61.4787101745606,75.075065612793
25025030,Meteorológica Especial,Automática con Telemetría,Córdoba,Ayapel,8.2951,-75.1646,20,12/11/2014,,Caribe,Magdalena Cauca,Bajo Magdalena- Cauca -San Jorge,Bajo San Jorge - La Mojana,1.23272728919983,1.47272729873657,2,2,0.659420311450958,0.66304349899292,1,1,1.04999995231628,2022,06,33,51.5,51.5,54.0749975442886,0,48.037467956543,2022-06-01,56.4297790527344,74.5147476196289,88.1052398681641
25025030,Meteorológica Especial,Automática con Telemetría,Córdoba,Ayapel,8.2951,-75.1646,20,12/11/2014,,Caribe,Magdalena Cauca,Bajo Magdalena- Cauca -San Jorge,Bajo San Jorge - La Mojana,1.23272728919983,1.47272729873657,2,2,0.659420311450958,0.66304349899292,1,1,1.04999995231628,2022,06,34,110.8,35.2,36.9599983215332,1,54.6034088134766,2022-06-01,73.9188079833984,78.4850082397461,104.736343383789
25025030,Meteorológica Especial,Automática con Telemetría,Córdoba,Ayapel,8.2951,-75.1646,20,12/11/2014,,Caribe,Magdalena Cauca,Bajo Magdalena- Cauca -San Jorge,Bajo San Jorge - La Mojana,1.23272728919983,1.47272729873657,2,2,0.659420311450958,0.66304349899292,1,1,1.04999995231628,2022,06,35,36,36,37.7999982833862,0,53.6672592163086,2022-06-01,68.9214019775391,48.3504905700684,61.1013298034668
25025030,Meteorológica Especial,Automática con Telemetría,Córdoba,Ayapel,8.2951,-75.1646,20,12/11/2014,,Caribe,Magdalena Cauca,Bajo Magdalena- Cauca -San Jorge,Bajo San Jorge - La Mojana,1.23272728919983,1.47272729873657,2,2,0.659420311450958,0.66304349899292,1,1,1.04999995231628,2022,06,36,149,149,156.449992895126,0,54.6646575927734,2022-06-01,70.6740036010742,95.7378387451172,116.590347290039
25025030,Meteorológica Especial,Automática con Telemetría,Córdoba,Ayapel,8.2951,-75.1646,20,12/11/2014,,Caribe,Magdalena Cauca,Bajo Magdalena- Cauca -San Jorge,Bajo San Jorge - La Mojana,1.23272728919983,1.47272729873657,2,2,0.659420311450958,0.66304349899292,1,1,1.04999995231628,2022,07,37,68,68,71.3999967575073,0,62.3234634399414,2022-07-01,70.568717956543,66.009033203125,73.2366104125977
25025030,Meteorológica Especial,Automática con Telemetría,Córdoba,Ayapel,8.2951,-75.1646,20,12/11/2014,,Caribe,Magdalena Cauca,Bajo Magdalena- Cauca -San Jorge,Bajo San Jorge - La Mojana,1.23272728919983,1.47272729873657,2,2,0.659420311450958,0.66304349899292,1,1,1.04999995231628,2022,07,38,8.6,8.6,9.02999958992004,0,39.601001739502,2022-07-01,46.8303146362305,86.7850723266602,111.518310546875
25025030,Meteorológica Especial,Automática con Telemetría,Córdoba,Ayapel,8.2951,-75.1646,20,12/11/2014,,Caribe,Magdalena Cauca,Bajo Magdalena- Cauca -San Jorge,Bajo San Jorge - La Mojana,1.23272728919983,1.47272729873657,2,2,0.659420311450958,0.66304349899292,1,1,1.04999995231628,2022,07,39,52.9,52.9,55.5449974775314,0,38.088680267334,2022-07-01,46.7603530883789,18.4410972595215,21.9146327972412
25025030,Meteorológica Especial,Automática con Telemetría,Córdoba,Ayapel,8.2951,-75.1646,20,12/11/2014,,Caribe,Magdalena Cauca,Bajo Magdalena- Cauca -San Jorge,Bajo San Jorge - La Mojana,1.23272728919983,1.47272729873657,2,2,0.659420311450958,0.66304349899292,1,1,1.04999995231628,2022,07,40,43.8,43.8,45.9899979114532,0,48.3153533935547,2022-07-01,61.2515258789063,63.9520797729492,80.93115234375
25025030,Meteorológica Especial,Automática con Telemetría,Córdoba,Ayapel,8.2951,-75.1646,20,12/11/2014,,Caribe,Magdalena Cauca,Bajo Magdalena- Cauca -San Jorge,Bajo San Jorge - La Mojana,1.23272728919983,1.47272729873657,2,2,0.659420311450958,0.66304349899292,1,1,1.04999995231628,2022,07,41,60.6,60.6,63.6299971103668,0,71.8606414794922,2022-07-01,87.1503067016602,83.3270645141602,96.3103866577148
25025030,Meteorológica Especial,Automática con Telemetría,Córdoba,Ayapel,8.2951,-75.1646,20,12/11/2014,,Caribe,Magdalena Cauca,Bajo Magdalena- Cauca -San Jorge,Bajo San Jorge - La Mojana,1.23272728919983,1.47272729873657,2,2,0.659420311450958,0.66304349899292,1,1,1.04999995231628,2022,07,42,118,118,123.899994373322,0,63.6337203979492,2022-07-01,71.5558471679688,63.0905303955078,72.9982681274414
25025030,Meteorológica Especial,Automática con Telemetría,Córdoba,Ayapel,8.2951,-75.1646,20,12/11/2014,,Caribe,Magdalena Cauca,Bajo Magdalena- Cauca -San Jorge,Bajo San Jorge - La Mojana,1.23272728919983,1.47272729873657,2,2,0.659420311450958,0.66304349899292,1,1,1.04999995231628,2022,08,43,100.8,100.8,105.839995193481,0,70.2187423706055,2022-08-01,81.3485641479492,113.174476623535,128.78662109375
25025030,Meteorológica Especial,Automática con Telemetría,Córdoba,Ayapel,8.2951,-75.1646,20,12/11/2014,,Caribe,Magdalena Cauca,Bajo Magdalena- Cauca -San Jorge,Bajo San Jorge - La Mojana,1.23272728919983,1.47272729873657,2,2,0.659420311450958,0.66304349899292,1,1,1.04999995231628,2022,08,44,73.8,73.8,77.4899964809418,0,63.5880241394043,2022-08-01,69.0135269165039,61.6466979980469,67.7179718017578
25025030,Meteorológica Especial,Automática con Telemetría,Córdoba,Ayapel,8.2951,-75.1646,20,12/11/2014,,Caribe,Magdalena Cauca,Bajo Magdalena- Cauca -San Jorge,Bajo San Jorge - La Mojana,1.23272728919983,1.47272729873657,2,2,0.659420311450958,0.66304349899292,1,1,1.04999995231628,2022,08,45,65.6,65.6,68.8799968719483,0,59.3949890136719,2022-08-01,74.0455017089844,101.890586853027,133.789489746094
25025030,Meteorológica Especial,Automática con Telemetría,Córdoba,Ayapel,8.2951,-75.1646,20,12/11/2014,,Caribe,Magdalena Cauca,Bajo Magdalena- Cauca -San Jorge,Bajo San Jorge - La Mojana,1.23272728919983,1.47272729873657,2,2,0.659420311450958,0.66304349899292,1,1,1.04999995231628,2022,08,46,10,10,10.4999995231628,0,25.7341976165772,2022-08-01,29.5835914611816,25.0129814147949,29.6566848754883
25025030,Meteorológica Especial,Automática con Telemetría,Córdoba,Ayapel,8.2951,-75.1646,20,12/11/2014,,Caribe,Magdalena Cauca,Bajo Magdalena- Cauca -San Jorge,Bajo San Jorge - La Mojana,1.23272728919983,1.47272729873657,2,2,0.659420311450958,0.66304349899292,1,1,1.04999995231628,2022,08,47,111.8,111.8,117.389994668961,0,76.7114105224609,2022-08-01,85.4603576660156,70.3211975097656,69.2279586791992
25025030,Meteorológica Especial,Automática con Telemetría,Córdoba,Ayapel,8.2951,-75.1646,20,12/11/2014,,Caribe,Magdalena Cauca,Bajo Magdalena- Cauca -San Jorge,Bajo San Jorge - La Mojana,1.23272728919983,1.47272729873657,2,2,0.659420311450958,0.66304349899292,1,1,1.04999995231628,2022,08,48,76.1,76.1,79.9049963712692,0,71.0155868530273,2022-08-01,66.7525787353516,49.4506072998047,48.6686897277832
25025030,Meteorológica Especial,Automática con Telemetría,Córdoba,Ayapel,8.2951,-75.1646,20,12/11/2014,,Caribe,Magdalena Cauca,Bajo Magdalena- Cauca -San Jorge,Bajo San Jorge - La Mojana,1.23272728919983,1.47272729873657,2,2,0.659420311450958,0.66304349899292,1,1,1.04999995231628,2022,09,49,73.6,73.6,77.2799964904785,0,46.4360389709473,2022-09-01,55.8765068054199,92.4297714233398,107.425941467285
25025030,Meteorológica Especial,Automática con Telemetría,Córdoba,Ayapel,8.2951,-75.1646,20,12/11/2014,,Caribe,Magdalena Cauca,Bajo Magdalena- Cauca -San Jorge,Bajo San Jorge - La Mojana,1.23272728919983,1.47272729873657,2,2,0.659420311450958,0.66304349899292,1,1,1.04999995231628,2022,09,50,78.3,78.3,82.2149962663651,0,34.4028091430664,2022-09-01,33.6760940551758,58.5643196105957,55.3927268981934
25025030,Meteorológica Especial,Automática con Telemetría,Córdoba,Ayapel,8.2951,-75.1646,20,12/11/2014,,Caribe,Magdalena Cauca,Bajo Magdalena- Cauca -San Jorge,Bajo San Jorge - La Mojana,1.23272728919983,1.47272729873657,2,2,0.659420311450958,0.66304349899292,1,1,1.04999995231628,2022,09,51,53.7,53.7,56.3849974393845,0,37.8327751159668,2022-09-01,38.0162658691406,21.0450286865234,20.7947540283203
25025030,Meteorológica Especial,Automática con Telemetría,Córdoba,Ayapel,8.2951,-75.1646,20,12/11/2014,,Caribe,Magdalena Cauca,Bajo Magdalena- Cauca -San Jorge,Bajo San Jorge - La Mojana,1.23272728919983,1.47272729873657,2,2,0.659420311450958,0.66304349899292,1,1,1.04999995231628,2022,09,52,98.8,98.8,103.739995288849,0,54.1765403747559,2022-09-01,63.4456634521484,88.0717315673828,96.721794128418
25025030,Meteorológica Especial,Automática con Telemetría,Córdoba,Ayapel,8.2951,-75.1646,20,12/11/2014,,Caribe,Magdalena Cauca,Bajo Magdalena- Cauca -San Jorge,Bajo San Jorge - La Mojana,1.23272728919983,1.47272729873657,2,2,0.659420311450958,0.66304349899292,1,1,1.04999995231628,2022,09,53,21.5,21.5,22.5749989748001,0,40.4411697387695,2022-09-01,41.773624420166,41.939022064209,38.8435440063477
25025030,Meteorológica Especial,Automática con Telemetría,Córdoba,Ayapel,8.2951,-75.1646,20,12/11/2014,,Caribe,Magdalena Cauca,Bajo Magdalena- Cauca -San Jorge,Bajo San Jorge - La Mojana,1.23272728919983,1.47272729873657,2,2,0.659420311450958,0.66304349899292,1,1,1.04999995231628,2022,09,54,44.5,44.5,46.7249978780747,0,38.2458534240723,2022-09-01,32.3714752197266,36.4791870117188,31.1967277526855
25025030,Meteorológica Especial,Automática con Telemetría,Córdoba,Ayapel,8.2951,-75.1646,20,12/11/2014,,Caribe,Magdalena Cauca,Bajo Magdalena- Cauca -San Jorge,Bajo San Jorge - La Mojana,1.23272728919983,1.47272729873657,2,2,0.659420311450958,0.66304349899292,1,1,1.04999995231628,2022,10,55,16.4,16.4,17.2199992179871,0,37.5386695861816,2022-10-01,37.0484657287598,17.6795711517334,20.7294597625732
25025030,Meteorológica Especial,Automática con Telemetría,Córdoba,Ayapel,8.2951,-75.1646,20,12/11/2014,,Caribe,Magdalena Cauca,Bajo Magdalena- Cauca -San Jorge,Bajo San Jorge - La Mojana,1.23272728919983,1.47272729873657,2,2,0.659420311450958,0.66304349899292,1,1,1.04999995231628,2022,10,56,28.7,28.7,30.1349986314774,0,39.3365707397461,2022-10-01,33.3159332275391,30.9925155639648,31.0791931152344
25025030,Meteorológica Especial,Automática con Telemetría,Córdoba,Ayapel,8.2951,-75.1646,20,12/11/2014,,Caribe,Magdalena Cauca,Bajo Magdalena- Cauca -San Jorge,Bajo San Jorge - La Mojana,1.23272728919983,1.47272729873657,2,2,0.659420311450958,0.66304349899292,1,1,1.04999995231628,2022,10,57,59.4,59.4,62.3699971675873,0,70.7333908081055,2022-10-01,56.0247993469238,40.5612716674805,39.8076019287109
25025030,Meteorológica Especial,Automática con Telemetría,Córdoba,Ayapel,8.2951,-75.1646,20,12/11/2014,,Caribe,Magdalena Cauca,Bajo Magdalena- Cauca -San Jorge,Bajo San Jorge - La Mojana,1.23272728919983,1.47272729873657,2,2,0.659420311450958,0.66304349899292,1,1,1.04999995231628,2022,10,58,63.9,63.9,67.0949969530106,0,79.0093765258789,2022-10-01,56.4143943786621,103.448097229004,91.2990417480469
25025030,Meteorológica Especial,Automática con Telemetría,Córdoba,Ayapel,8.2951,-75.1646,20,12/11/2014,,Caribe,Magdalena Cauca,Bajo Magdalena- Cauca -San Jorge,Bajo San Jorge - La Mojana,1.23272728919983,1.47272729873657,2,2,0.659420311450958,0.66304349899292,1,1,1.04999995231628,2022,10,59,122.1,53.1,55.7549974679947,1,81.8388061523438,2022-10-01,70.4306259155274,90.5093383789062,96.4541473388672
25025030,Meteorológica Especial,Automática con Telemetría,Córdoba,Ayapel,8.2951,-75.1646,20,12/11/2014,,Caribe,Magdalena Cauca,Bajo Magdalena- Cauca -San Jorge,Bajo San Jorge - La Mojana,1.23272728919983,1.47272729873657,2,2,0.659420311450958,0.66304349899292,1,1,1.04999995231628,2022,10,60,3.4,3.4,3.56999983787537,0,24.5424137115479,2022-10-01,16.8832874298096,89.7356338500977,67.0241317749024
25025030,Meteorológica Especial,Automática con Telemetría,Córdoba,Ayapel,8.2951,-75.1646,20,12/11/2014,,Caribe,Magdalena Cauca,Bajo Magdalena- Cauca -San Jorge,Bajo San Jorge - La Mojana,1.23272728919983,1.47272729873657,2,2,0.659420311450958,0.66304349899292,1,1,1.04999995231628,2022,11,61,19.4,19.4,20.3699990749359,0,73.9520797729492,2022-11-01,59.3967323303223,57.123722076416,57.5470962524414
25025030,Meteorológica Especial,Automática con Telemetría,Córdoba,Ayapel,8.2951,-75.1646,20,12/11/2014,,Caribe,Magdalena Cauca,Bajo Magdalena- Cauca -San Jorge,Bajo San Jorge - La Mojana,1.23272728919983,1.47272729873657,2,2,0.659420311450958,0.66304349899292,1,1,1.04999995231628,2022,11,62,130.6,26.6,27.9299987316132,1,63.5050430297852,2022-11-01,55.2371635437012,42.4187507629395,43.404182434082
25025030,Meteorológica Especial,Automática con Telemetría,Córdoba,Ayapel,8.2951,-75.1646,20,12/11/2014,,Caribe,Magdalena Cauca,Bajo Magdalena- Cauca -San Jorge,Bajo San Jorge - La Mojana,1.23272728919983,1.47272729873657,2,2,0.659420311450958,0.66304349899292,1,1,1.04999995231628,2022,11,63,82,82,86.0999960899353,0,37.2355766296387,2022-11-01,31.4066886901855,36.5019760131836,39.4275703430176
25025030,Meteorológica Especial,Automática con Telemetría,Córdoba,Ayapel,8.2951,-75.1646,20,12/11/2014,,Caribe,Magdalena Cauca,Bajo Magdalena- Cauca -San Jorge,Bajo San Jorge - La Mojana,1.23272728919983,1.47272729873657,2,2,0.659420311450958,0.66304349899292,1,1,1.04999995231628,2022,11,64,0,0,0,0,21.368408203125,2022-11-01,11.7532196044922,11.4313306808472,9.44769954681396
25025030,Meteorológica Especial,Automática con Telemetría,Córdoba,Ayapel,8.2951,-75.1646,20,12/11/2014,,Caribe,Magdalena Cauca,Bajo Magdalena- Cauca -San Jorge,Bajo San Jorge - La Mojana,1.23272728919983,1.47272729873657,2,2,0.659420311450958,0.66304349899292,1,1,1.04999995231628,2022,11,65,19.2,19.2,20.1599990844727,0,24.7779407501221,2022-11-01,21.5636558532715,22.1751232147217,29.690034866333
25025030,Meteorológica Especial,Automática con Telemetría,Córdoba,Ayapel,8.2951,-75.1646,20,12/11/2014,,Caribe,Magdalena Cauca,Bajo Magdalena- Cauca -San Jorge,Bajo San Jorge - La Mojana,1.23272728919983,1.47272729873657,2,2,0.659420311450958,0.66304349899292,1,1,1.04999995231628,2022,11,66,62.6,62.6,65.7299970149994,0,60.2763633728027,2022-11-01,50.9637413024902,33.4587593078613,30.7982406616211
25025030,Meteorológica Especial,Automática con Telemetría,Córdoba,Ayapel,8.2951,-75.1646,20,12/11/2014,,Caribe,Magdalena Cauca,Bajo Magdalena- Cauca -San Jorge,Bajo San Jorge - La Mojana,1.23272728919983,1.47272729873657,2,2,0.659420311450958,0.66304349899292,1,1,1.07000005245209,2022,12,67,22.6,22.6,24.1820011854172,0,15.4826574325562,2022-12-01,9.91322040557861,7.08819198608398,6.80446290969849
25025030,Meteorológica Especial,Automática con Telemetría,Córdoba,Ayapel,8.2951,-75.1646,20,12/11/2014,,Caribe,Magdalena Cauca,Bajo Magdalena- Cauca -San Jorge,Bajo San Jorge - La Mojana,1.23272728919983,1.47272729873657,2,2,0.659420311450958,0.66304349899292,1,1,1.07000005245209,2022,12,68,0,0,0,0,2.99286413192749,2022-12-01,0.317108899354935,1.43439531326294,0.264711081981659
25025030,Meteorológica Especial,Automática con Telemetría,Córdoba,Ayapel,8.2951,-75.1646,20,12/11/2014,,Caribe,Magdalena Cauca,Bajo Magdalena- Cauca -San Jorge,Bajo San Jorge - La Mojana,1.23272728919983,1.47272729873657,2,2,0.659420311450958,0.66304349899292,1,1,1.07000005245209,2022,12,69,0,0,0,0,2.83213186264038,2022-12-01,0,1.43001759052277,0
25025030,Meteorológica Especial,Automática con Telemetría,Córdoba,Ayapel,8.2951,-75.1646,20,12/11/2014,,Caribe,Magdalena Cauca,Bajo Magdalena- Cauca -San Jorge,Bajo San Jorge - La Mojana,1.23272728919983,1.47272729873657,2,2,0.659420311450958,0.66304349899292,1,1,1.07000005245209,2022,12,70,0,0,0,0,15.3487205505371,2022-12-01,7.56589937210083,11.2473192214966,6.36595916748047
25025030,Meteorológica Especial,Automática con Telemetría,Córdoba,Ayapel,8.2951,-75.1646,20,12/11/2014,,Caribe,Magdalena Cauca,Bajo Magdalena- Cauca -San Jorge,Bajo San Jorge - La Mojana,1.23272728919983,1.47272729873657,2,2,0.659420311450958,0.66304349899292,1,1,1.07000005245209,2022,12,71,0,0,0,0,3.16513109207153,2022-12-01,0,1.47375190258026,0
25025030,Meteorológica Especial,Automática con Telemetría,Córdoba,Ayapel,8.2951,-75.1646,20,12/11/2014,,Caribe,Magdalena Cauca,Bajo Magdalena- Cauca -San Jorge,Bajo San Jorge - La Mojana,1.23272728919983,1.47272729873657,2,2,0.659420311450958,0.66304349899292,1,1,1.07000005245209,2022,12,72,0,0,0,0,4.3560357093811,2022-12-01,0,2.07443046569824,0
25025030,Meteorológica Especial,Automática con Telemetría,Córdoba,Ayapel,8.2951,-75.1646,20,12/11/2014,,Caribe,Magdalena Cauca,Bajo Magdalena- Cauca -San Jorge,Bajo San Jorge - La Mojana,1.23272728919983,1.47272729873657,2,2,0.659420311450958,0.66304349899292,1,1,1.08000004291534,2023,01,1,13.4,13.4,14.4720005750656,0,1.52877521514893,2023-01-01,0,1.93072354793549,0
25025030,Meteorológica Especial,Automática con Telemetría,Córdoba,Ayapel,8.2951,-75.1646,20,12/11/2014,,Caribe,Magdalena Cauca,Bajo Magdalena- Cauca -San Jorge,Bajo San Jorge - La Mojana,1.23272728919983,1.47272729873657,2,2,0.659420311450958,0.66304349899292,1,1,1.08000004291534,2023,01,2,67.8,67.8,73.2240029096603,0,20.0806560516357,2023-01-01,41.0812721252441,14.3867883682251,29.0413265228272
25025030,Meteorológica Especial,Automática con Telemetría,Córdoba,Ayapel,8.2951,-75.1646,20,12/11/2014,,Caribe,Magdalena Cauca,Bajo Magdalena- Cauca -San Jorge,Bajo San Jorge - La Mojana,1.23272728919983,1.47272729873657,2,2,0.659420311450958,0.66304349899292,1,1,1.08000004291534,2023,01,3,3.6,3.6,3.88800015449524,0,16.3040370941162,2023-01-01,24.826847076416,13.5022325515747,17.0364723205566
25025030,Meteorológica Especial,Automática con Telemetría,Córdoba,Ayapel,8.2951,-75.1646,20,12/11/2014,,Caribe,Magdalena Cauca,Bajo Magdalena- Cauca -San Jorge,Bajo San Jorge - La Mojana,1.23272728919983,1.47272729873657,2,2,0.659420311450958,0.66304349899292,1,1,1.08000004291534,2023,01,4,0,0,0,0,1.71692776679993,2023-01-01,0,1.26976311206818,0
25025030,Meteorológica Especial,Automática con Telemetría,Córdoba,Ayapel,8.2951,-75.1646,20,12/11/2014,,Caribe,Magdalena Cauca,Bajo Magdalena- Cauca -San Jorge,Bajo San Jorge - La Mojana,1.23272728919983,1.47272729873657,2,2,0.659420311450958,0.66304349899292,1,1,1.08000004291534,2023,01,5,0,0,0,0,1.69380664825439,2023-01-01,0,0.927924931049347,0
25025030,Meteorológica Especial,Automática con Telemetría,Córdoba,Ayapel,8.2951,-75.1646,20,12/11/2014,,Caribe,Magdalena Cauca,Bajo Magdalena- Cauca -San Jorge,Bajo San Jorge - La Mojana,1.23272728919983,1.47272729873657,2,2,0.659420311450958,0.66304349899292,1,1,1.08000004291534,2023,01,6,0,0,0,0,4.12185001373291,2023-01-01,0,2.37511801719666,0
25025030,Meteorológica Especial,Automática con Telemetría,Córdoba,Ayapel,8.2951,-75.1646,20,12/11/2014,,Caribe,Magdalena Cauca,Bajo Magdalena- Cauca -San Jorge,Bajo San Jorge - La Mojana,1.23272728919983,1.47272729873657,2,2,0.659420311450958,0.66304349899292,1,1,1.11000001430511,2023,02,7,0,0,0,0,2.63836097717285,2023-02-01,0.206891357898712,1.03295350074768,0.158969074487686
25025030,Meteorológica Especial,Automática con Telemetría,Córdoba,Ayapel,8.2951,-75.1646,20,12/11/2014,,Caribe,Magdalena Cauca,Bajo Magdalena- Cauca -San Jorge,Bajo San Jorge - La Mojana,1.23272728919983,1.47272729873657,2,2,0.659420311450958,0.66304349899292,1,1,1.11000001430511,2023,02,8,0,0,0,0,2.83633923530579,2023-02-01,1.63348829746246,1.13565135002136,0.881597399711609
25025030,Meteorológica Especial,Automática con Telemetría,Córdoba,Ayapel,8.2951,-75.1646,20,12/11/2014,,Caribe,Magdalena Cauca,Bajo Magdalena- Cauca -San Jorge,Bajo San Jorge - La Mojana,1.23272728919983,1.47272729873657,2,2,0.659420311450958,0.66304349899292,1,1,1.11000001430511,2023,02,9,0,0,0,0,2.85800719261169,2023-02-01,1.03784084320068,0.984071493148804,0.618201911449432
25025030,Meteorológica Especial,Automática con Telemetría,Córdoba,Ayapel,8.2951,-75.1646,20,12/11/2014,,Caribe,Magdalena Cauca,Bajo Magdalena- Cauca -San Jorge,Bajo San Jorge - La Mojana,1.23272728919983,1.47272729873657,2,2,0.659420311450958,0.66304349899292,1,1,1.11000001430511,2023,02,10,3.6,3.6,3.99600005149841,0,11.4182929992676,2023-02-01,9.42402935028076,6.91870975494385,6.633460521698
25025030,Meteorológica Especial,Automática con Telemetría,Córdoba,Ayapel,8.2951,-75.1646,20,12/11/2014,,Caribe,Magdalena Cauca,Bajo Magdalena- Cauca -San Jorge,Bajo San Jorge - La Mojana,1.23272728919983,1.47272729873657,2,2,0.659420311450958,0.66304349899292,1,1,1.11000001430511,2023,02,11,0,0,0,0,2.14549684524536,2023-02-01,0.214416339993477,0.899007081985474,0.139297157526016
25025030,Meteorológica Especial,Automática con Telemetría,Córdoba,Ayapel,8.2951,-75.1646,20,12/11/2014,,Caribe,Magdalena Cauca,Bajo Magdalena- Cauca -San Jorge,Bajo San Jorge - La Mojana,1.23272728919983,1.47272729873657,2,2,0.659420311450958,0.66304349899292,1,1,1.11000001430511,2023,02,12,0,0,0,0,1.11158740520477,2023-02-01,0,0.621919512748718,0
25025030,Meteorológica Especial,Automática con Telemetría,Córdoba,Ayapel,8.2951,-75.1646,20,12/11/2014,,Caribe,Magdalena Cauca,Bajo Magdalena- Cauca -San Jorge,Bajo San Jorge - La Mojana,1.23272728919983,1.47272729873657,2,2,0.659420311450958,0.66304349899292,1,1,1.10000002384186,2023,03,13,7.8,7.8,8.58000018596649,0,4.88384056091309,2023-03-01,2.92995452880859,5.63653802871704,4.09012937545776
25025030,Meteorológica Especial,Automática con Telemetría,Córdoba,Ayapel,8.2951,-75.1646,20,12/11/2014,,Caribe,Magdalena Cauca,Bajo Magdalena- Cauca -San Jorge,Bajo San Jorge - La Mojana,1.23272728919983,1.47272729873657,2,2,0.659420311450958,0.66304349899292,1,1,1.10000002384186,2023,03,14,18.5,18.5,20.3500004410744,0,4.05826663970947,2023-03-01,0.614292502403259,3.35664439201355,0.887490272521973
25025030,Meteorológica Especial,Automática con Telemetría,Córdoba,Ayapel,8.2951,-75.1646,20,12/11/2014,,Caribe,Magdalena Cauca,Bajo Magdalena- Cauca -San Jorge,Bajo San Jorge - La Mojana,1.23272728919983,1.47272729873657,2,2,0.659420311450958,0.66304349899292,1,1,1.10000002384186,2023,03,15,6.6,6.6,7.26000015735626,0,11.797513961792,2023-03-01,15.5701141357422,16.2387046813965,15.0428838729858
25025030,Meteorológica Especial,Automática con Telemetría,Córdoba,Ayapel,8.2951,-75.1646,20,12/11/2014,,Caribe,Magdalena Cauca,Bajo Magdalena- Cauca -San Jorge,Bajo San Jorge - La Mojana,1.23272728919983,1.47272729873657,2,2,0.659420311450958,0.66304349899292,1,1,1.10000002384186,2023,03,16,10.1,10.1,11.1100002408028,0,7.89611959457398,2023-03-01,12.7796678543091,5.36633777618408,9.61525058746338
25025030,Meteorológica Especial,Automática con Telemetría,Córdoba,Ayapel,8.2951,-75.1646,20,12/11/2014,,Caribe,Magdalena Cauca,Bajo Magdalena- Cauca -San Jorge,Bajo San Jorge - La Mojana,1.23272728919983,1.47272729873657,2,2,0.659420311450958,0.66304349899292,1,1,1.10000002384186,2023,03,17,0,0,0,0,1.77481389045715,2023-03-01,0,1.3432229757309,0
25025030,Meteorológica Especial,Automática con Telemetría,Córdoba,Ayapel,8.2951,-75.1646,20,12/11/2014,,Caribe,Magdalena Cauca,Bajo Magdalena- Cauca -San Jorge,Bajo San Jorge - La Mojana,1.23272728919983,1.47272729873657,2,2,0.659420311450958,0.66304349899292,1,1,1.10000002384186,2023,03,18,0,0,0,0,9.14997577667236,2023-03-01,6.82200813293457,7.93407106399536,6.21526908874512
25025030,Meteorológica Especial,Automática con Telemetría,Córdoba,Ayapel,8.2951,-75.1646,20,12/11/2014,,Caribe,Magdalena Cauca,Bajo Magdalena- Cauca -San Jorge,Bajo San Jorge - La Mojana,1.23272728919983,1.47272729873657,2,2,0.659420311450958,0.66304349899292,1,1,1.05999994277954,2023,04,19,11.4,11.4,12.0839993476868,0,4.22104454040527,2023-04-01,2.27099823951721,2.34650874137878,1.78065133094788
25025030,Meteorológica Especial,Automática con Telemetría,Córdoba,Ayapel,8.2951,-75.1646,20,12/11/2014,,Caribe,Magdalena Cauca,Bajo Magdalena- Cauca -San Jorge,Bajo San Jorge - La Mojana,1.23272728919983,1.47272729873657,2,2,0.659420311450958,0.66304349899292,1,1,1.05999994277954,2023,04,20,1.2,1.2,1.27199993133545,0,3.11517596244812,2023-04-01,0,3.36585068702698,0
25025030,Meteorológica Especial,Automática con Telemetría,Córdoba,Ayapel,8.2951,-75.1646,20,12/11/2014,,Caribe,Magdalena Cauca,Bajo Magdalena- Cauca -San Jorge,Bajo San Jorge - La Mojana,1.23272728919983,1.47272729873657,2,2,0.659420311450958,0.66304349899292,1,1,1.05999994277954,2023,04,21,12.6,12.6,13.3559992790222,0,29.2083492279053,2023-04-01,33.5478477478027,22.4942569732666,30.3496742248535
25025030,Meteorológica Especial,Automática con Telemetría,Córdoba,Ayapel,8.2951,-75.1646,20,12/11/2014,,Caribe,Magdalena Cauca,Bajo Magdalena- Cauca -San Jorge,Bajo San Jorge - La Mojana,1.23272728919983,1.47272729873657,2,2,0.659420311450958,0.66304349899292,1,1,1.05999994277954,2023,04,22,0,0,0,0,12.782732963562,2023-04-01,13.4506759643555,8.52972030639648,10.2000913619995
25025030,Meteorológica Especial,Automática con Telemetría,Córdoba,Ayapel,8.2951,-75.1646,20,12/11/2014,,Caribe,Magdalena Cauca,Bajo Magdalena- Cauca -San Jorge,Bajo San Jorge - La Mojana,1.23272728919983,1.47272729873657,2,2,0.659420311450958,0.66304349899292,1,1,1.05999994277954,2023,04,23,51.8,51.8,54.9079970359802,0,6.30665874481201,2023-04-01,4.83213424682617,5.40429878234863,5.40476083755493
25025030,Meteorológica Especial,Automática con Telemetría,Córdoba,Ayapel,8.2951,-75.1646,20,12/11/2014,,Caribe,Magdalena Cauca,Bajo Magdalena- Cauca -San Jorge,Bajo San Jorge - La Mojana,1.23272728919983,1.47272729873657,2,2,0.659420311450958,0.66304349899292,1,1,1.05999994277954,2023,04,24,32,32,33.9199981689453,0,18.73752784729,2023-04-01,17.6238136291504,22.9652709960938,27.1592216491699
25025030,Meteorológica Especial,Automática con Telemetría,Córdoba,Ayapel,8.2951,-75.1646,20,12/11/2014,,Caribe,Magdalena Cauca,Bajo Magdalena- Cauca -San Jorge,Bajo San Jorge - La Mojana,1.23272728919983,1.47272729873657,2,2,0.659420311450958,0.66304349899292,1,1,1.04999995231628,2023,05,25,2.4,2.4,2.51999988555908,0,6.38889169692993,2023-05-01,2.15055656433105,3.5819718837738,1.59297180175781
25025030,Meteorológica Especial,Automática con Telemetría,Córdoba,Ayapel,8.2951,-75.1646,20,12/11/2014,,Caribe,Magdalena Cauca,Bajo Magdalena- Cauca -San Jorge,Bajo San Jorge - La Mojana,1.23272728919983,1.47272729873657,2,2,0.659420311450958,0.66304349899292,1,1,1.04999995231628,2023,05,26,22.6,22.6,23.729998922348,0,40.9739151000977,2023-05-01,40.1762542724609,43.1693496704102,46.8568305969238
25025030,Meteorológica Especial,Automática con Telemetría,Córdoba,Ayapel,8.2951,-75.1646,20,12/11/2014,,Caribe,Magdalena Cauca,Bajo Magdalena- Cauca -San Jorge,Bajo San Jorge - La Mojana,1.23272728919983,1.47272729873657,2,2,0.659420311450958,0.66304349899292,1,1,1.04999995231628,2023,05,27,45.6,45.6,47.8799978256226,0,37.7609710693359,2023-05-01,37.4922714233398,22.9329071044922,24.5870418548584
25025030,Meteorológica Especial,Automática con Telemetría,Córdoba,Ayapel,8.2951,-75.1646,20,12/11/2014,,Caribe,Magdalena Cauca,Bajo Magdalena- Cauca -San Jorge,Bajo San Jorge - La Mojana,1.23272728919983,1.47272729873657,2,2,0.659420311450958,0.66304349899292,1,1,1.04999995231628,2023,05,28,25,25,26.2499988079071,0,42.2462196350098,2023-05-01,39.6488990783691,30.1774101257324,31.8379974365234
25025030,Meteorológica Especial,Automática con Telemetría,Córdoba,Ayapel,8.2951,-75.1646,20,12/11/2014,,Caribe,Magdalena Cauca,Bajo Magdalena- Cauca -San Jorge,Bajo San Jorge - La Mojana,1.23272728919983,1.47272729873657,2,2,0.659420311450958,0.66304349899292,1,1,1.04999995231628,2023,05,29,47.4,47.4,49.7699977397919,0,36.0998649597168,2023-05-01,38.1574783325195,29.1209125518799,34.1667098999023
25025030,Meteorológica Especial,Automática con Telemetría,Córdoba,Ayapel,8.2951,-75.1646,20,12/11/2014,,Caribe,Magdalena Cauca,Bajo Magdalena- Cauca -San Jorge,Bajo San Jorge - La Mojana,1.23272728919983,1.47272729873657,2,2,0.659420311450958,0.66304349899292,1,1,1.04999995231628,2023,05,30,104.8,104.8,110.039995002747,0,53.2389907836914,2023-05-01,51.1779708862305,64.130485534668,82.849739074707
25025030,Meteorológica Especial,Automática con Telemetría,Córdoba,Ayapel,8.2951,-75.1646,20,12/11/2014,,Caribe,Magdalena Cauca,Bajo Magdalena- Cauca -San Jorge,Bajo San Jorge - La Mojana,1.23272728919983,1.47272729873657,2,2,0.659420311450958,0.66304349899292,1,1,1.04999995231628,2023,06,31,47,47,49.3499977588654,0,41.0051078796387,2023-06-01,47.8839378356934,51.2662086486817,65.5104598999024
25025030,Meteorológica Especial,Automática con Telemetría,Córdoba,Ayapel,8.2951,-75.1646,20,12/11/2014,,Caribe,Magdalena Cauca,Bajo Magdalena- Cauca -San Jorge,Bajo San Jorge - La Mojana,1.23272728919983,1.47272729873657,2,2,0.659420311450958,0.66304349899292,1,1,1.04999995231628,2023,06,32,48.5,48.5,50.9249976873398,0,39.3330841064453,2023-06-01,45.4090576171875,29.4859809875488,34.0373611450195
25025030,Meteorológica Especial,Automática con Telemetría,Córdoba,Ayapel,8.2951,-75.1646,20,12/11/2014,,Caribe,Magdalena Cauca,Bajo Magdalena- Cauca -San Jorge,Bajo San Jorge - La Mojana,1.23272728919983,1.47272729873657,2,2,0.659420311450958,0.66304349899292,1,1,1.04999995231628,2023,06,33,22,22,23.0999989509583,0,25.9353523254395,2023-06-01,27.733907699585,17.3287563323975,19.9545001983643
25025030,Meteorológica Especial,Automática con Telemetría,Córdoba,Ayapel,8.2951,-75.1646,20,12/11/2014,,Caribe,Magdalena Cauca,Bajo Magdalena- Cauca -San Jorge,Bajo San Jorge - La Mojana,1.23272728919983,1.47272729873657,2,2,0.659420311450958,0.66304349899292,1,1,1.04999995231628,2023,06,34,109.5,35.5,37.2749983072281,1,29.3911666870117,2023-06-01,33.9595680236816,46.869930267334,54.5100288391113
25025030,Meteorológica Especial,Automática con Telemetría,Córdoba,Ayapel,8.2951,-75.1646,20,12/11/2014,,Caribe,Magdalena Cauca,Bajo Magdalena- Cauca -San Jorge,Bajo San Jorge - La Mojana,1.23272728919983,1.47272729873657,2,2,0.659420311450958,0.66304349899292,1,1,1.04999995231628,2023,06,35,215.6,100.2,105.209995222092,1,62.1915245056152,2023-06-01,79.6799545288086,72.386604309082,89.5328598022461
25025030,Meteorológica Especial,Automática con Telemetría,Córdoba,Ayapel,8.2951,-75.1646,20,12/11/2014,,Caribe,Magdalena Cauca,Bajo Magdalena- Cauca -San Jorge,Bajo San Jorge - La Mojana,1.23272728919983,1.47272729873657,2,2,0.659420311450958,0.66304349899292,1,1,1.04999995231628,2023,06,36,37.4,37.4,39.269998216629,0,46.4890975952149,2023-06-01,64.4636459350586,32.1546401977539,44.0358581542969
25025030,Meteorológica Especial,Automática con Telemetría,Córdoba,Ayapel,8.2951,-75.1646,20,12/11/2014,,Caribe,Magdalena Cauca,Bajo Magdalena- Cauca -San Jorge,Bajo San Jorge - La Mojana,1.23272728919983,1.47272729873657,2,2,0.659420311450958,0.66304349899292,1,1,1.04999995231628,2023,07,37,70.7,70.7,74.2349966287613,0,54.6077766418457,2023-07-01,63.0907592773438,35.3046188354492,38.8732452392578
25025030,Meteorológica Especial,Automática con Telemetría,Córdoba,Ayapel,8.2951,-75.1646,20,12/11/2014,,Caribe,Magdalena Cauca,Bajo Magdalena- Cauca -San Jorge,Bajo San Jorge - La Mojana,1.23272728919983,1.47272729873657,2,2,0.659420311450958,0.66304349899292,1,1,1.04999995231628,2023,07,38,17,17,17.8499991893768,0,64.4084014892578,2023-07-01,78.3310089111328,37.7755241394043,42.1814575195313
25025030,Meteorológica Especial,Automática con Telemetría,Córdoba,Ayapel,8.2951,-75.1646,20,12/11/2014,,Caribe,Magdalena Cauca,Bajo Magdalena- Cauca -San Jorge,Bajo San Jorge - La Mojana,1.23272728919983,1.47272729873657,2,2,0.659420311450958,0.66304349899292,1,1,1.04999995231628,2023,07,39,123.6,123.6,129.779994106293,0,60.7514495849609,2023-07-01,79.5257873535156,91.2617568969727,119.884239196777
25025030,Meteorológica Especial,Automática con Telemetría,Córdoba,Ayapel,8.2951,-75.1646,20,12/11/2014,,Caribe,Magdalena Cauca,Bajo Magdalena- Cauca -San Jorge,Bajo San Jorge - La Mojana,1.23272728919983,1.47272729873657,2,2,0.659420311450958,0.66304349899292,1,1,1.04999995231628,2023,07,40,0,0,0,0,26.1591758728027,2023-07-01,29.83837890625,11.0546045303345,14.0239477157593
25025030,Meteorológica Especial,Automática con Telemetría,Córdoba,Ayapel,8.2951,-75.1646,20,12/11/2014,,Caribe,Magdalena Cauca,Bajo Magdalena- Cauca -San Jorge,Bajo San Jorge - La Mojana,1.23272728919983,1.47272729873657,2,2,0.659420311450958,0.66304349899292,1,1,1.04999995231628,2023,07,41,32.7,32.7,34.3349984407425,0,46.4074668884277,2023-07-01,55.8818664550781,50.0868644714356,57.6605224609375
25025030,Meteorológica Especial,Automática con Telemetría,Córdoba,Ayapel,8.2951,-75.1646,20,12/11/2014,,Caribe,Magdalena Cauca,Bajo Magdalena- Cauca -San Jorge,Bajo San Jorge - La Mojana,1.23272728919983,1.47272729873657,2,2,0.659420311450958,0.66304349899292,1,1,1.04999995231628,2023,07,42,85,16.6,17.4299992084503,1,77.8430786132813,2023-07-01,85.4993743896485,43.7979278564453,51.4642601013184
25025030,Meteorológica Especial,Automática con Telemetría,Córdoba,Ayapel,8.2951,-75.1646,20,12/11/2014,,Caribe,Magdalena Cauca,Bajo Magdalena- Cauca -San Jorge,Bajo San Jorge - La Mojana,1.23272728919983,1.47272729873657,2,2,0.659420311450958,0.66304349899292,1,1,1.04999995231628,2023,08,43,31.6,31.6,33.1799984931946,0,60.8605194091797,2023-08-01,68.5661087036133,47.4794960021973,53.5580215454102
25025030,Meteorológica Especial,Automática con Telemetría,Córdoba,Ayapel,8.2951,-75.1646,20,12/11/2014,,Caribe,Magdalena Cauca,Bajo Magdalena- Cauca -San Jorge,Bajo San Jorge - La Mojana,1.23272728919983,1.47272729873657,2,2,0.659420311450958,0.66304349899292,1,1,1.04999995231628,2023,08,44,27.4,27.4,28.7699986934662,0,92.4766998291016,2023-08-01,101.402793884277,48.7925033569336,49.0936164855957
25025030,Meteorológica Especial,Automática con Telemetría,Córdoba,Ayapel,8.2951,-75.1646,20,12/11/2014,,Caribe,Magdalena Cauca,Bajo Magdalena- Cauca -San Jorge,Bajo San Jorge - La Mojana,1.23272728919983,1.47272729873657,2,2,0.659420311450958,0.66304349899292,1,1,1.04999995231628,2023,08,45,76.4,76.4,80.2199963569641,0,53.6502647399902,2023-08-01,58.7584037780762,61.3202362060547,62.1873435974121
25025030,Meteorológica Especial,Automática con Telemetría,Córdoba,Ayapel,8.2951,-75.1646,20,12/11/2014,,Caribe,Magdalena Cauca,Bajo Magdalena- Cauca -San Jorge,Bajo San Jorge - La Mojana,1.23272728919983,1.47272729873657,2,2,0.659420311450958,0.66304349899292,1,1,1.04999995231628,2023,08,46,86.7,86.7,91.0349958658218,0,53.3395919799805,2023-08-01,64.3229370117188,33.0860824584961,37.9885635375977
25025030,Meteorológica Especial,Automática con Telemetría,Córdoba,Ayapel,8.2951,-75.1646,20,12/11/2014,,Caribe,Magdalena Cauca,Bajo Magdalena- Cauca -San Jorge,Bajo San Jorge - La Mojana,1.23272728919983,1.47272729873657,2,2,0.659420311450958,0.66304349899292,1,1,1.04999995231628,2023,08,47,77.6,77.6,81.4799962997437,0,42.112190246582,2023-08-01,43.1955528259277,73.4832992553711,87.7921447753906
25025030,Meteorológica Especial,Automática con Telemetría,Córdoba,Ayapel,8.2951,-75.1646,20,12/11/2014,,Caribe,Magdalena Cauca,Bajo Magdalena- Cauca -San Jorge,Bajo San Jorge - La Mojana,1.23272728919983,1.47272729873657,2,2,0.659420311450958,0.66304349899292,1,1,1.04999995231628,2023,08,48,93.8,18.4,19.3199991226196,1,57.6326293945313,2023-08-01,53.9226989746094,46.5345306396484,49.1961250305176
25025030,Meteorológica Especial,Automática con Telemetría,Córdoba,Ayapel,8.2951,-75.1646,20,12/11/2014,,Caribe,Magdalena Cauca,Bajo Magdalena- Cauca -San Jorge,Bajo San Jorge - La Mojana,1.23272728919983,1.47272729873657,2,2,0.659420311450958,0.66304349899292,1,1,1.04999995231628,2023,09,49,27.8,27.8,29.1899986743927,0,43.0325622558594,2023-09-01,48.1876525878906,32.8539505004883,37.4476089477539
25025030,Meteorológica Especial,Automática con Telemetría,Córdoba,Ayapel,8.2951,-75.1646,20,12/11/2014,,Caribe,Magdalena Cauca,Bajo Magdalena- Cauca -San Jorge,Bajo San Jorge - La Mojana,1.23272728919983,1.47272729873657,2,2,0.659420311450958,0.66304349899292,1,1,1.04999995231628,2023,09,50,35.6,35.6,37.3799983024597,0,53.2100067138672,2023-09-01,65.9978485107422,48.1804084777832,54.701530456543
25025030,Meteorológica Especial,Automática con Telemetría,Córdoba,Ayapel,8.2951,-75.1646,20,12/11/2014,,Caribe,Magdalena Cauca,Bajo Magdalena- Cauca -San Jorge,Bajo San Jorge - La Mojana,1.23272728919983,1.47272729873657,2,2,0.659420311450958,0.66304349899292,1,1,1.04999995231628,2023,09,51,56.5,56.5,59.3249973058701,0,42.5434799194336,2023-09-01,45.4790916442871,46.136775970459,53.5047721862793
25025030,Meteorológica Especial,Automática con Telemetría,Córdoba,Ayapel,8.2951,-75.1646,20,12/11/2014,,Caribe,Magdalena Cauca,Bajo Magdalena- Cauca -San Jorge,Bajo San Jorge - La Mojana,1.23272728919983,1.47272729873657,2,2,0.659420311450958,0.66304349899292,1,1,1.04999995231628,2023,09,52,28.8,28.8,30.239998626709,0,48.635498046875,2023-09-01,56.9608726501465,19.9046382904053,22.267557144165
25025030,Meteorológica Especial,Automática con Telemetría,Córdoba,Ayapel,8.2951,-75.1646,20,12/11/2014,,Caribe,Magdalena Cauca,Bajo Magdalena- Cauca -San Jorge,Bajo San Jorge - La Mojana,1.23272728919983,1.47272729873657,2,2,0.659420311450958,0.66304349899292,1,1,1.04999995231628,2023,09,53,91.8,11.1,11.6549994707108,1,39.7218132019043,2023-09-01,37.5227127075195,47.3297462463379,49.1416435241699
25025030,Meteorológica Especial,Automática con Telemetría,Córdoba,Ayapel,8.2951,-75.1646,20,12/11/2014,,Caribe,Magdalena Cauca,Bajo Magdalena- Cauca -San Jorge,Bajo San Jorge - La Mojana,1.23272728919983,1.47272729873657,2,2,0.659420311450958,0.66304349899292,1,1,1.04999995231628,2023,09,54,6.7,6.7,7.0349996805191,0,44.96630859375,2023-09-01,42.8228759765625,29.4055480957031,27.2819519042969
25025030,Meteorológica Especial,Automática con Telemetría,Córdoba,Ayapel,8.2951,-75.1646,20,12/11/2014,,Caribe,Magdalena Cauca,Bajo Magdalena- Cauca -San Jorge,Bajo San Jorge - La Mojana,1.23272728919983,1.47272729873657,2,2,0.659420311450958,0.66304349899292,1,1,1.04999995231628,2023,10,55,65.5,65.5,68.7749968767166,0,54.0582847595215,2023-10-01,53.8040466308594,43.0378265380859,43.939208984375
25025030,Meteorológica Especial,Automática con Telemetría,Córdoba,Ayapel,8.2951,-75.1646,20,12/11/2014,,Caribe,Magdalena Cauca,Bajo Magdalena- Cauca -San Jorge,Bajo San Jorge - La Mojana,1.23272728919983,1.47272729873657,2,2,0.659420311450958,0.66304349899292,1,1,1.04999995231628,2023,10,56,65.7,65.7,68.9849968671799,0,25.2715473175049,2023-10-01,19.2663269042969,10.6808176040649,8.93652248382568
25025030,Meteorológica Especial,Automática con Telemetría,Córdoba,Ayapel,8.2951,-75.1646,20,12/11/2014,,Caribe,Magdalena Cauca,Bajo Magdalena- Cauca -San Jorge,Bajo San Jorge - La Mojana,1.23272728919983,1.47272729873657,2,2,0.659420311450958,0.66304349899292,1,1,1.04999995231628,2023,10,57,16.8,16.8,17.6399991989136,0,62.9185295104981,2023-10-01,50.2243003845215,58.0425033569336,51.6746444702149
25025030,Meteorológica Especial,Automática con Telemetría,Córdoba,Ayapel,8.2951,-75.1646,20,12/11/2014,,Caribe,Magdalena Cauca,Bajo Magdalena- Cauca -San Jorge,Bajo San Jorge - La Mojana,1.23272728919983,1.47272729873657,2,2,0.659420311450958,0.66304349899292,1,1,1.04999995231628,2023,10,58,52,52,54.5999975204468,0,69.762825012207,2023-10-01,54.4907341003418,60.2281837463379,54.2473869323731
25025030,Meteorológica Especial,Automática con Telemetría,Córdoba,Ayapel,8.2951,-75.1646,20,12/11/2014,,Caribe,Magdalena Cauca,Bajo Magdalena- Cauca -San Jorge,Bajo San Jorge - La Mojana,1.23272728919983,1.47272729873657,2,2,0.659420311450958,0.66304349899292,1,1,1.04999995231628,2023,10,59,20,20,20.9999990463257,0,58.5752487182617,2023-10-01,48.5996131896973,75.242790222168,70.1650466918945
25025030,Meteorológica Especial,Automática con Telemetría,Córdoba,Ayapel,8.2951,-75.1646,20,12/11/2014,,Caribe,Magdalena Cauca,Bajo Magdalena- Cauca -San Jorge,Bajo San Jorge - La Mojana,1.23272728919983,1.47272729873657,2,2,0.659420311450958,0.66304349899292,1,1,1.04999995231628,2023,10,60,49.2,49.2,51.6599976539612,0,36.6020545959473,2023-10-01,25.2566051483154,46.7991333007813,49.4261169433594
25025030,Meteorológica Especial,Automática con Telemetría,Córdoba,Ayapel,8.2951,-75.1646,20,12/11/2014,,Caribe,Magdalena Cauca,Bajo Magdalena- Cauca -San Jorge,Bajo San Jorge - La Mojana,1.23272728919983,1.47272729873657,2,2,0.659420311450958,0.66304349899292,1,1,1.04999995231628,2023,11,61,82.3,82.3,86.4149960756302,0,73.0544891357422,2023-11-01,54.2540893554688,58.0252342224121,53.9617462158203
25025030,Meteorológica Especial,Automática con Telemetría,Córdoba,Ayapel,8.2951,-75.1646,20,12/11/2014,,Caribe,Magdalena Cauca,Bajo Magdalena- Cauca -San Jorge,Bajo San Jorge - La Mojana,1.23272728919983,1.47272729873657,2,2,0.659420311450958,0.66304349899292,1,1,1.04999995231628,2023,11,62,2.4,2.4,2.51999988555908,0,30.6679344177246,2023-11-01,20.5615653991699,30.2814388275147,29.9446353912354
25025030,Meteorológica Especial,Automática con Telemetría,Córdoba,Ayapel,8.2951,-75.1646,20,12/11/2014,,Caribe,Magdalena Cauca,Bajo Magdalena- Cauca -San Jorge,Bajo San Jorge - La Mojana,1.23272728919983,1.47272729873657,2,2,0.659420311450958,0.66304349899292,1,1,1.04999995231628,2023,11,63,0,0,0,0,77.85498046875,2023-11-01,69.8574676513672,35.962833404541,34.650707244873
25025030,Meteorológica Especial,Automática con Telemetría,Córdoba,Ayapel,8.2951,-75.1646,20,12/11/2014,,Caribe,Magdalena Cauca,Bajo Magdalena- Cauca -San Jorge,Bajo San Jorge - La Mojana,1.23272728919983,1.47272729873657,2,2,0.659420311450958,0.66304349899292,1,1,1.04999995231628,2023,11,64,82.7,82.7,86.8349960565567,0,56.3897819519043,2023-11-01,43.3898773193359,54.2315673828125,55.4135093688965
25025030,Meteorológica Especial,Automática con Telemetría,Córdoba,Ayapel,8.2951,-75.1646,20,12/11/2014,,Caribe,Magdalena Cauca,Bajo Magdalena- Cauca -San Jorge,Bajo San Jorge - La Mojana,1.23272728919983,1.47272729873657,2,2,0.659420311450958,0.66304349899292,1,1,1.04999995231628,2023,11,65,32.8,32.8,34.4399984359741,0,33.8663330078125,2023-11-01,26.5907001495361,26.7621421813965,27.5882987976074
25025030,Meteorológica Especial,Automática con Telemetría,Córdoba,Ayapel,8.2951,-75.1646,20,12/11/2014,,Caribe,Magdalena Cauca,Bajo Magdalena- Cauca -San Jorge,Bajo San Jorge - La Mojana,1.23272728919983,1.47272729873657,2,2,0.659420311450958,0.66304349899292,1,1,1.04999995231628,2023,11,66,0,0,0,0,7.95800733566284,2023-11-01,1.13812577724457,2.95491743087769,0.607859551906586
25025030,Meteorológica Especial,Automática con Telemetría,Córdoba,Ayapel,8.2951,-75.1646,20,12/11/2014,,Caribe,Magdalena Cauca,Bajo Magdalena- Cauca -San Jorge,Bajo San Jorge - La Mojana,1.23272728919983,1.47272729873657,2,2,0.659420311450958,0.66304349899292,1,1,1.07000005245209,2023,12,67,0,0,0,0,3.46921396255493,2023-12-01,0,2.31221318244934,0
25025030,Meteorológica Especial,Automática con Telemetría,Córdoba,Ayapel,8.2951,-75.1646,20,12/11/2014,,Caribe,Magdalena Cauca,Bajo Magdalena- Cauca -San Jorge,Bajo San Jorge - La Mojana,1.23272728919983,1.47272729873657,2,2,0.659420311450958,0.66304349899292,1,1,1.07000005245209,2023,12,68,0,0,0,0,6.10203552246094,2023-12-01,3.19357371330261,4.46965312957764,3.11806678771973
25025030,Meteorológica Especial,Automática con Telemetría,Córdoba,Ayapel,8.2951,-75.1646,20,12/11/2014,,Caribe,Magdalena Cauca,Bajo Magdalena- Cauca -San Jorge,Bajo San Jorge - La Mojana,1.23272728919983,1.47272729873657,2,2,0.659420311450958,0.66304349899292,1,1,1.07000005245209,2023,12,69,0,0,0,0,3.81286334991455,2023-12-01,0,2.70418500900269,0
25025030,Meteorológica Especial,Automática con Telemetría,Córdoba,Ayapel,8.2951,-75.1646,20,12/11/2014,,Caribe,Magdalena Cauca,Bajo Magdalena- Cauca -San Jorge,Bajo San Jorge - La Mojana,1.23272728919983,1.47272729873657,2,2,0.659420311450958,0.66304349899292,1,1,1.07000005245209,2023,12,70,0,0,0,0,16.3796806335449,2023-12-01,8.65630912780762,22.1074733734131,13.288519859314
25025030,Meteorológica Especial,Automática con Telemetría,Córdoba,Ayapel,8.2951,-75.1646,20,12/11/2014,,Caribe,Magdalena Cauca,Bajo Magdalena- Cauca -San Jorge,Bajo San Jorge - La Mojana,1.23272728919983,1.47272729873657,2,2,0.659420311450958,0.66304349899292,1,1,1.07000005245209,2023,12,71,0,0,0,0,3.16513109207153,2023-12-01,0,2.55514812469482,0
25025030,Meteorológica Especial,Automática con Telemetría,Córdoba,Ayapel,8.2951,-75.1646,20,12/11/2014,,Caribe,Magdalena Cauca,Bajo Magdalena- Cauca -San Jorge,Bajo San Jorge - La Mojana,1.23272728919983,1.47272729873657,2,2,0.659420311450958,0.66304349899292,1,1,1.07000005245209,2023,12,72,17.8,17.8,19.0460009336472,0,43.8328514099121,2023-12-01,30.0698509216309,37.1071624755859,27.3307399749756
