gauge_code,category,tecnology,state,municipality,latitude,longitude,elevation,instalation_date,suspention_date,nat_region,hidrographic_area,hidrographic_zone,hidrographic_subzone,mean_gauges_v2,mean_gauges_v3,max_gauges_v2,max_gauges_v3,mean_gauges_v2_005,mean_gauges_v3_005,max_gauges_v2_005,max_gauges_v3_005,factor,year,month,pentad_id,pcp_ideam,pcp_ideam_flag,pcp_ideam_flag_scale,na_count_ideam,chirpv2,date,chirpv3,chirpsv2,chirpsv3
23180040,Pluviométrica,Convencional,Santander,Sabana De Torres,7.4528,-73.4828,110,9/15/1972,,Andes,Magdalena Cauca,Medio Magdalena,Río Lebrija y otros directos al Magdalena,2.64000010490418,4.62181806564331,4,6,0.58695650100708,0.833333313465118,1,1,1.07000005245209,2001,01,1,0,0,0,0,5.7169041633606,2001-01-01,3.16677141189575,2.82358527183533,2.44967412948608
23180040,Pluviométrica,Convencional,Santander,Sabana De Torres,7.4528,-73.4828,110,9/15/1972,,Andes,Magdalena Cauca,Medio Magdalena,Río Lebrija y otros directos al Magdalena,2.64000010490418,4.62181806564331,4,6,0.58695650100708,0.833333313465118,1,1,1.07000005245209,2001,01,2,4,4,4.28000020980835,0,11.1064205169678,2001-01-01,11.2212247848511,15.356517791748,18.1651096343994
23180040,Pluviométrica,Convencional,Santander,Sabana De Torres,7.4528,-73.4828,110,9/15/1972,,Andes,Magdalena Cauca,Medio Magdalena,Río Lebrija y otros directos al Magdalena,2.64000010490418,4.62181806564331,4,6,0.58695650100708,0.833333313465118,1,1,1.07000005245209,2001,01,3,0,0,0,0,10.7004280090332,2001-01-01,10.8029594421387,3.95052289962769,3.69607639312744
23180040,Pluviométrica,Convencional,Santander,Sabana De Torres,7.4528,-73.4828,110,9/15/1972,,Andes,Magdalena Cauca,Medio Magdalena,Río Lebrija y otros directos al Magdalena,2.64000010490418,4.62181806564331,4,6,0.58695650100708,0.833333313465118,1,1,1.07000005245209,2001,01,4,24,24,25.6800012588501,0,16.9144535064697,2001-01-01,19.9553565979004,21.7179222106934,21.907054901123
23180040,Pluviométrica,Convencional,Santander,Sabana De Torres,7.4528,-73.4828,110,9/15/1972,,Andes,Magdalena Cauca,Medio Magdalena,Río Lebrija y otros directos al Magdalena,2.64000010490418,4.62181806564331,4,6,0.58695650100708,0.833333313465118,1,1,1.07000005245209,2001,01,5,42,42,44.9400022029877,0,29.634464263916,2001-01-01,68.4806671142578,37.410343170166,43.9083595275879
23180040,Pluviométrica,Convencional,Santander,Sabana De Torres,7.4528,-73.4828,110,9/15/1972,,Andes,Magdalena Cauca,Medio Magdalena,Río Lebrija y otros directos al Magdalena,2.64000010490418,4.62181806564331,4,6,0.58695650100708,0.833333313465118,1,1,1.07000005245209,2001,01,6,0,0,0,0,5.7424521446228,2001-01-01,0,2.59504175186157,0
23180040,Pluviométrica,Convencional,Santander,Sabana De Torres,7.4528,-73.4828,110,9/15/1972,,Andes,Magdalena Cauca,Medio Magdalena,Río Lebrija y otros directos al Magdalena,2.64000010490418,4.62181806564331,4,6,0.58695650100708,0.833333313465118,1,1,1.05999994277954,2001,02,7,0,0,0,0,6.21889686584473,2001-02-01,3.80561208724976,2.44821000099182,3.05510878562927
23180040,Pluviométrica,Convencional,Santander,Sabana De Torres,7.4528,-73.4828,110,9/15/1972,,Andes,Magdalena Cauca,Medio Magdalena,Río Lebrija y otros directos al Magdalena,2.64000010490418,4.62181806564331,4,6,0.58695650100708,0.833333313465118,1,1,1.05999994277954,2001,02,8,0,0,0,0,19.3495655059814,2001-02-01,32.5536575317383,5.14596939086914,11.7183542251587
23180040,Pluviométrica,Convencional,Santander,Sabana De Torres,7.4528,-73.4828,110,9/15/1972,,Andes,Magdalena Cauca,Medio Magdalena,Río Lebrija y otros directos al Magdalena,2.64000010490418,4.62181806564331,4,6,0.58695650100708,0.833333313465118,1,1,1.05999994277954,2001,02,9,0,0,0,0,5.03688097000122,2001-02-01,2.79299902915955,2.01235938072205,1.86248731613159
23180040,Pluviométrica,Convencional,Santander,Sabana De Torres,7.4528,-73.4828,110,9/15/1972,,Andes,Magdalena Cauca,Medio Magdalena,Río Lebrija y otros directos al Magdalena,2.64000010490418,4.62181806564331,4,6,0.58695650100708,0.833333313465118,1,1,1.05999994277954,2001,02,10,0,0,0,0,4.13656520843506,2001-02-01,2.41139483451843,1.81476974487305,1.84708082675934
23180040,Pluviométrica,Convencional,Santander,Sabana De Torres,7.4528,-73.4828,110,9/15/1972,,Andes,Magdalena Cauca,Medio Magdalena,Río Lebrija y otros directos al Magdalena,2.64000010490418,4.62181806564331,4,6,0.58695650100708,0.833333313465118,1,1,1.05999994277954,2001,02,11,0,0,0,0,10.7623825073242,2001-02-01,14.1049375534058,3.25003695487976,5.79895639419556
23180040,Pluviométrica,Convencional,Santander,Sabana De Torres,7.4528,-73.4828,110,9/15/1972,,Andes,Magdalena Cauca,Medio Magdalena,Río Lebrija y otros directos al Magdalena,2.64000010490418,4.62181806564331,4,6,0.58695650100708,0.833333313465118,1,1,1.05999994277954,2001,02,12,0,0,0,0,2.12540626525879,2001-02-01,0.557212114334106,1.15011239051819,0.578479468822479
23180040,Pluviométrica,Convencional,Santander,Sabana De Torres,7.4528,-73.4828,110,9/15/1972,,Andes,Magdalena Cauca,Medio Magdalena,Río Lebrija y otros directos al Magdalena,2.64000010490418,4.62181806564331,4,6,0.58695650100708,0.833333313465118,1,1,1.05999994277954,2001,03,13,0,0,0,0,20.2476272583008,2001-03-01,37.3268356323242,15.322699546814,18.9263725280762
23180040,Pluviométrica,Convencional,Santander,Sabana De Torres,7.4528,-73.4828,110,9/15/1972,,Andes,Magdalena Cauca,Medio Magdalena,Río Lebrija y otros directos al Magdalena,2.64000010490418,4.62181806564331,4,6,0.58695650100708,0.833333313465118,1,1,1.05999994277954,2001,03,14,143,143,151.579991817474,0,15.2190189361572,2001-03-01,17.4421882629395,26.1321525573731,29.2706069946289
23180040,Pluviométrica,Convencional,Santander,Sabana De Torres,7.4528,-73.4828,110,9/15/1972,,Andes,Magdalena Cauca,Medio Magdalena,Río Lebrija y otros directos al Magdalena,2.64000010490418,4.62181806564331,4,6,0.58695650100708,0.833333313465118,1,1,1.05999994277954,2001,03,15,40,40,42.3999977111816,0,12.3519802093506,2001-03-01,8.55098819732666,18.9256248474121,17.6540470123291
23180040,Pluviométrica,Convencional,Santander,Sabana De Torres,7.4528,-73.4828,110,9/15/1972,,Andes,Magdalena Cauca,Medio Magdalena,Río Lebrija y otros directos al Magdalena,2.64000010490418,4.62181806564331,4,6,0.58695650100708,0.833333313465118,1,1,1.05999994277954,2001,03,16,50,50,52.9999971389771,0,15.9850406646729,2001-03-01,20.904541015625,47.9707069396973,43.3640975952148
23180040,Pluviométrica,Convencional,Santander,Sabana De Torres,7.4528,-73.4828,110,9/15/1972,,Andes,Magdalena Cauca,Medio Magdalena,Río Lebrija y otros directos al Magdalena,2.64000010490418,4.62181806564331,4,6,0.58695650100708,0.833333313465118,1,1,1.05999994277954,2001,03,17,17,17,18.0199990272522,0,28.9654083251953,2001-03-01,52.0900650024414,63.4267387390137,88.0812377929688
23180040,Pluviométrica,Convencional,Santander,Sabana De Torres,7.4528,-73.4828,110,9/15/1972,,Andes,Magdalena Cauca,Medio Magdalena,Río Lebrija y otros directos al Magdalena,2.64000010490418,4.62181806564331,4,6,0.58695650100708,0.833333313465118,1,1,1.05999994277954,2001,03,18,0,0,0,0,32.1749382019043,2001-03-01,35.9939346313477,37.3957595825195,43.7522277832031
23180040,Pluviométrica,Convencional,Santander,Sabana De Torres,7.4528,-73.4828,110,9/15/1972,,Andes,Magdalena Cauca,Medio Magdalena,Río Lebrija y otros directos al Magdalena,2.64000010490418,4.62181806564331,4,6,0.58695650100708,0.833333313465118,1,1,1.04999995231628,2001,04,19,6,6,6.29999971389771,0,20.4699554443359,2001-04-01,16.335470199585,18.2658138275147,19.2852458953857
23180040,Pluviométrica,Convencional,Santander,Sabana De Torres,7.4528,-73.4828,110,9/15/1972,,Andes,Magdalena Cauca,Medio Magdalena,Río Lebrija y otros directos al Magdalena,2.64000010490418,4.62181806564331,4,6,0.58695650100708,0.833333313465118,1,1,1.04999995231628,2001,04,20,0,0,0,0,56.3473854064942,2001-04-01,65.4135513305664,42.2596626281738,48.7998504638672
23180040,Pluviométrica,Convencional,Santander,Sabana De Torres,7.4528,-73.4828,110,9/15/1972,,Andes,Magdalena Cauca,Medio Magdalena,Río Lebrija y otros directos al Magdalena,2.64000010490418,4.62181806564331,4,6,0.58695650100708,0.833333313465118,1,1,1.04999995231628,2001,04,21,87,87,91.3499958515167,0,63.4455604553223,2001-04-01,67.5098037719727,47.5196380615234,49.7957153320313
23180040,Pluviométrica,Convencional,Santander,Sabana De Torres,7.4528,-73.4828,110,9/15/1972,,Andes,Magdalena Cauca,Medio Magdalena,Río Lebrija y otros directos al Magdalena,2.64000010490418,4.62181806564331,4,6,0.58695650100708,0.833333313465118,1,1,1.04999995231628,2001,04,22,22,22,23.0999989509583,0,59.0854415893555,2001-04-01,68.6800537109375,31.2682094573975,34.6673583984375
23180040,Pluviométrica,Convencional,Santander,Sabana De Torres,7.4528,-73.4828,110,9/15/1972,,Andes,Magdalena Cauca,Medio Magdalena,Río Lebrija y otros directos al Magdalena,2.64000010490418,4.62181806564331,4,6,0.58695650100708,0.833333313465118,1,1,1.04999995231628,2001,04,23,45,45,47.2499978542328,0,5.78660869598389,2001-04-01,0,2.97546911239624,0
23180040,Pluviométrica,Convencional,Santander,Sabana De Torres,7.4528,-73.4828,110,9/15/1972,,Andes,Magdalena Cauca,Medio Magdalena,Río Lebrija y otros directos al Magdalena,2.64000010490418,4.62181806564331,4,6,0.58695650100708,0.833333313465118,1,1,1.04999995231628,2001,04,24,0,0,0,0,47.9902839660645,2001-04-01,52.3801918029785,27.5028419494629,25.8675727844238
23180040,Pluviométrica,Convencional,Santander,Sabana De Torres,7.4528,-73.4828,110,9/15/1972,,Andes,Magdalena Cauca,Medio Magdalena,Río Lebrija y otros directos al Magdalena,2.64000010490418,4.62181806564331,4,6,0.58695650100708,0.833333313465118,1,1,1.03999996185303,2001,05,25,11,11,11.4399995803833,0,54.7527122497559,2001-05-01,71.9509506225586,32.765308380127,31.5617694854736
23180040,Pluviométrica,Convencional,Santander,Sabana De Torres,7.4528,-73.4828,110,9/15/1972,,Andes,Magdalena Cauca,Medio Magdalena,Río Lebrija y otros directos al Magdalena,2.64000010490418,4.62181806564331,4,6,0.58695650100708,0.833333313465118,1,1,1.03999996185303,2001,05,26,179,179,186.159993171692,0,46.5685729980469,2001-05-01,61.8831939697266,123.388465881348,140.862289428711
23180040,Pluviométrica,Convencional,Santander,Sabana De Torres,7.4528,-73.4828,110,9/15/1972,,Andes,Magdalena Cauca,Medio Magdalena,Río Lebrija y otros directos al Magdalena,2.64000010490418,4.62181806564331,4,6,0.58695650100708,0.833333313465118,1,1,1.03999996185303,2001,05,27,110,110,114.399995803833,0,31.7872905731201,2001-05-01,37.6566925048828,78.1876449584961,94.4339752197266
23180040,Pluviométrica,Convencional,Santander,Sabana De Torres,7.4528,-73.4828,110,9/15/1972,,Andes,Magdalena Cauca,Medio Magdalena,Río Lebrija y otros directos al Magdalena,2.64000010490418,4.62181806564331,4,6,0.58695650100708,0.833333313465118,1,1,1.03999996185303,2001,05,28,0,0,0,0,56.2422714233399,2001-05-01,73.1008605957031,36.9417343139648,38.4361114501953
23180040,Pluviométrica,Convencional,Santander,Sabana De Torres,7.4528,-73.4828,110,9/15/1972,,Andes,Magdalena Cauca,Medio Magdalena,Río Lebrija y otros directos al Magdalena,2.64000010490418,4.62181806564331,4,6,0.58695650100708,0.833333313465118,1,1,1.03999996185303,2001,05,29,135,135,140.399994850159,0,43.8065147399902,2001-05-01,54.435115814209,62.2981681823731,68.2633438110352
23180040,Pluviométrica,Convencional,Santander,Sabana De Torres,7.4528,-73.4828,110,9/15/1972,,Andes,Magdalena Cauca,Medio Magdalena,Río Lebrija y otros directos al Magdalena,2.64000010490418,4.62181806564331,4,6,0.58695650100708,0.833333313465118,1,1,1.03999996185303,2001,05,30,84,84,87.3599967956543,0,54.1177940368652,2001-05-01,53.1344223022461,79.5124130249024,81.7271957397461
23180040,Pluviométrica,Convencional,Santander,Sabana De Torres,7.4528,-73.4828,110,9/15/1972,,Andes,Magdalena Cauca,Medio Magdalena,Río Lebrija y otros directos al Magdalena,2.64000010490418,4.62181806564331,4,6,0.58695650100708,0.833333313465118,1,1,1.04999995231628,2001,06,31,25,25,26.2499988079071,0,25.0837345123291,2001-06-01,39.9293022155762,42.4330940246582,52.41552734375
23180040,Pluviométrica,Convencional,Santander,Sabana De Torres,7.4528,-73.4828,110,9/15/1972,,Andes,Magdalena Cauca,Medio Magdalena,Río Lebrija y otros directos al Magdalena,2.64000010490418,4.62181806564331,4,6,0.58695650100708,0.833333313465118,1,1,1.04999995231628,2001,06,32,0,0,0,0,16.5974197387695,2001-06-01,17.7346229553223,9.05925750732422,8.91383838653565
23180040,Pluviométrica,Convencional,Santander,Sabana De Torres,7.4528,-73.4828,110,9/15/1972,,Andes,Magdalena Cauca,Medio Magdalena,Río Lebrija y otros directos al Magdalena,2.64000010490418,4.62181806564331,4,6,0.58695650100708,0.833333313465118,1,1,1.04999995231628,2001,06,33,85,85,89.2499959468842,0,32.7892608642578,2001-06-01,60.438362121582,47.2760353088379,55.7416076660156
23180040,Pluviométrica,Convencional,Santander,Sabana De Torres,7.4528,-73.4828,110,9/15/1972,,Andes,Magdalena Cauca,Medio Magdalena,Río Lebrija y otros directos al Magdalena,2.64000010490418,4.62181806564331,4,6,0.58695650100708,0.833333313465118,1,1,1.04999995231628,2001,06,34,0,0,0,0,28.0132064819336,2001-06-01,53.7978858947754,11.6329574584961,18.3880462646484
23180040,Pluviométrica,Convencional,Santander,Sabana De Torres,7.4528,-73.4828,110,9/15/1972,,Andes,Magdalena Cauca,Medio Magdalena,Río Lebrija y otros directos al Magdalena,2.64000010490418,4.62181806564331,4,6,0.58695650100708,0.833333313465118,1,1,1.04999995231628,2001,06,35,0,0,0,0,21.5166625976563,2001-06-01,33.6974754333496,7.52943086624146,10.5039539337158
23180040,Pluviométrica,Convencional,Santander,Sabana De Torres,7.4528,-73.4828,110,9/15/1972,,Andes,Magdalena Cauca,Medio Magdalena,Río Lebrija y otros directos al Magdalena,2.64000010490418,4.62181806564331,4,6,0.58695650100708,0.833333313465118,1,1,1.04999995231628,2001,06,36,0,0,0,0,18.8500843048096,2001-06-01,20.9081344604492,30.2022037506104,34.2972145080566
23180040,Pluviométrica,Convencional,Santander,Sabana De Torres,7.4528,-73.4828,110,9/15/1972,,Andes,Magdalena Cauca,Medio Magdalena,Río Lebrija y otros directos al Magdalena,2.64000010490418,4.62181806564331,4,6,0.58695650100708,0.833333313465118,1,1,1.04999995231628,2001,07,37,0,0,0,0,22.845630645752,2001-07-01,16.1651477813721,8.68170356750488,6.7803955078125
23180040,Pluviométrica,Convencional,Santander,Sabana De Torres,7.4528,-73.4828,110,9/15/1972,,Andes,Magdalena Cauca,Medio Magdalena,Río Lebrija y otros directos al Magdalena,2.64000010490418,4.62181806564331,4,6,0.58695650100708,0.833333313465118,1,1,1.04999995231628,2001,07,38,20,20,20.9999990463257,0,55.8238830566406,2001-07-01,72.9808197021484,35.6918449401856,36.0962028503418
23180040,Pluviométrica,Convencional,Santander,Sabana De Torres,7.4528,-73.4828,110,9/15/1972,,Andes,Magdalena Cauca,Medio Magdalena,Río Lebrija y otros directos al Magdalena,2.64000010490418,4.62181806564331,4,6,0.58695650100708,0.833333313465118,1,1,1.04999995231628,2001,07,39,20,20,20.9999990463257,0,45.0455551147461,2001-07-01,46.3779335021973,36.9834480285645,37.8041725158691
23180040,Pluviométrica,Convencional,Santander,Sabana De Torres,7.4528,-73.4828,110,9/15/1972,,Andes,Magdalena Cauca,Medio Magdalena,Río Lebrija y otros directos al Magdalena,2.64000010490418,4.62181806564331,4,6,0.58695650100708,0.833333313465118,1,1,1.04999995231628,2001,07,40,18,18,18.8999991416931,0,33.187427520752,2001-07-01,24.0887584686279,30.9303894042969,28.9090805053711
23180040,Pluviométrica,Convencional,Santander,Sabana De Torres,7.4528,-73.4828,110,9/15/1972,,Andes,Magdalena Cauca,Medio Magdalena,Río Lebrija y otros directos al Magdalena,2.64000010490418,4.62181806564331,4,6,0.58695650100708,0.833333313465118,1,1,1.04999995231628,2001,07,41,10.5,10.5,11.024999499321,0,29.9082622528076,2001-07-01,22.8669891357422,24.0121421813965,22.5333805084229
23180040,Pluviométrica,Convencional,Santander,Sabana De Torres,7.4528,-73.4828,110,9/15/1972,,Andes,Magdalena Cauca,Medio Magdalena,Río Lebrija y otros directos al Magdalena,2.64000010490418,4.62181806564331,4,6,0.58695650100708,0.833333313465118,1,1,1.04999995231628,2001,07,42,2,2,2.09999990463257,0,54.7315139770508,2001-07-01,56.3613014221192,40.5454864501953,45.3300933837891
23180040,Pluviométrica,Convencional,Santander,Sabana De Torres,7.4528,-73.4828,110,9/15/1972,,Andes,Magdalena Cauca,Medio Magdalena,Río Lebrija y otros directos al Magdalena,2.64000010490418,4.62181806564331,4,6,0.58695650100708,0.833333313465118,1,1,1.04999995231628,2001,08,43,54,54,56.6999974250794,0,38.8765525817871,2001-08-01,37.5897178649902,47.0060539245606,53.6832275390625
23180040,Pluviométrica,Convencional,Santander,Sabana De Torres,7.4528,-73.4828,110,9/15/1972,,Andes,Magdalena Cauca,Medio Magdalena,Río Lebrija y otros directos al Magdalena,2.64000010490418,4.62181806564331,4,6,0.58695650100708,0.833333313465118,1,1,1.04999995231628,2001,08,44,0,0,0,0,22.9047756195068,2001-08-01,10.2418632507324,10.5159721374512,7.29660367965698
23180040,Pluviométrica,Convencional,Santander,Sabana De Torres,7.4528,-73.4828,110,9/15/1972,,Andes,Magdalena Cauca,Medio Magdalena,Río Lebrija y otros directos al Magdalena,2.64000010490418,4.62181806564331,4,6,0.58695650100708,0.833333313465118,1,1,1.04999995231628,2001,08,45,30,30,31.4999985694885,0,32.9909515380859,2001-08-01,29.1968803405762,14.0003499984741,14.579532623291
23180040,Pluviométrica,Convencional,Santander,Sabana De Torres,7.4528,-73.4828,110,9/15/1972,,Andes,Magdalena Cauca,Medio Magdalena,Río Lebrija y otros directos al Magdalena,2.64000010490418,4.62181806564331,4,6,0.58695650100708,0.833333313465118,1,1,1.04999995231628,2001,08,46,18,18,18.8999991416931,0,40.8669967651367,2001-08-01,43.8540267944336,22.3430137634277,23.5010395050049
23180040,Pluviométrica,Convencional,Santander,Sabana De Torres,7.4528,-73.4828,110,9/15/1972,,Andes,Magdalena Cauca,Medio Magdalena,Río Lebrija y otros directos al Magdalena,2.64000010490418,4.62181806564331,4,6,0.58695650100708,0.833333313465118,1,1,1.04999995231628,2001,08,47,118,118,123.899994373322,0,36.642333984375,2001-08-01,38.5191230773926,54.7016220092774,60.9770584106445
23180040,Pluviométrica,Convencional,Santander,Sabana De Torres,7.4528,-73.4828,110,9/15/1972,,Andes,Magdalena Cauca,Medio Magdalena,Río Lebrija y otros directos al Magdalena,2.64000010490418,4.62181806564331,4,6,0.58695650100708,0.833333313465118,1,1,1.04999995231628,2001,08,48,0,0,0,0,32.1364784240723,2001-08-01,21.9103031158447,25.203670501709,23.3229484558105
23180040,Pluviométrica,Convencional,Santander,Sabana De Torres,7.4528,-73.4828,110,9/15/1972,,Andes,Magdalena Cauca,Medio Magdalena,Río Lebrija y otros directos al Magdalena,2.64000010490418,4.62181806564331,4,6,0.58695650100708,0.833333313465118,1,1,1.04999995231628,2001,09,49,90,90,94.4999957084656,0,58.4791221618652,2001-09-01,102.75366973877,52.156665802002,59.6376991271973
23180040,Pluviométrica,Convencional,Santander,Sabana De Torres,7.4528,-73.4828,110,9/15/1972,,Andes,Magdalena Cauca,Medio Magdalena,Río Lebrija y otros directos al Magdalena,2.64000010490418,4.62181806564331,4,6,0.58695650100708,0.833333313465118,1,1,1.04999995231628,2001,09,50,12,12,12.5999994277954,0,31.2456645965576,2001-09-01,51.4355392456055,37.8185806274414,48.9918670654297
23180040,Pluviométrica,Convencional,Santander,Sabana De Torres,7.4528,-73.4828,110,9/15/1972,,Andes,Magdalena Cauca,Medio Magdalena,Río Lebrija y otros directos al Magdalena,2.64000010490418,4.62181806564331,4,6,0.58695650100708,0.833333313465118,1,1,1.04999995231628,2001,09,51,35,35,36.7499983310699,0,31.8858833312988,2001-09-01,54.7364501953125,36.5355682373047,46.2026100158691
23180040,Pluviométrica,Convencional,Santander,Sabana De Torres,7.4528,-73.4828,110,9/15/1972,,Andes,Magdalena Cauca,Medio Magdalena,Río Lebrija y otros directos al Magdalena,2.64000010490418,4.62181806564331,4,6,0.58695650100708,0.833333313465118,1,1,1.04999995231628,2001,09,52,56,56,58.7999973297119,0,28.382905960083,2001-09-01,44.9294967651367,45.4109001159668,50.4995498657227
23180040,Pluviométrica,Convencional,Santander,Sabana De Torres,7.4528,-73.4828,110,9/15/1972,,Andes,Magdalena Cauca,Medio Magdalena,Río Lebrija y otros directos al Magdalena,2.64000010490418,4.62181806564331,4,6,0.58695650100708,0.833333313465118,1,1,1.04999995231628,2001,09,53,0,0,0,0,36.394172668457,2001-09-01,69.0778350830078,30.9405956268311,41.4512634277344
23180040,Pluviométrica,Convencional,Santander,Sabana De Torres,7.4528,-73.4828,110,9/15/1972,,Andes,Magdalena Cauca,Medio Magdalena,Río Lebrija y otros directos al Magdalena,2.64000010490418,4.62181806564331,4,6,0.58695650100708,0.833333313465118,1,1,1.04999995231628,2001,09,54,36,36,37.7999982833862,0,25.7225933074951,2001-09-01,32.3661804199219,37.4217300415039,43.3532638549805
23180040,Pluviométrica,Convencional,Santander,Sabana De Torres,7.4528,-73.4828,110,9/15/1972,,Andes,Magdalena Cauca,Medio Magdalena,Río Lebrija y otros directos al Magdalena,2.64000010490418,4.62181806564331,4,6,0.58695650100708,0.833333313465118,1,1,1.03999996185303,2001,10,55,0,0,0,0,38.9348754882813,2001-10-01,36.7152671813965,23.5305995941162,23.7640438079834
23180040,Pluviométrica,Convencional,Santander,Sabana De Torres,7.4528,-73.4828,110,9/15/1972,,Andes,Magdalena Cauca,Medio Magdalena,Río Lebrija y otros directos al Magdalena,2.64000010490418,4.62181806564331,4,6,0.58695650100708,0.833333313465118,1,1,1.03999996185303,2001,10,56,185,185,192.39999294281,0,62.0406723022461,2001-10-01,78.4722213745117,97.425651550293,101.141204833984
23180040,Pluviométrica,Convencional,Santander,Sabana De Torres,7.4528,-73.4828,110,9/15/1972,,Andes,Magdalena Cauca,Medio Magdalena,Río Lebrija y otros directos al Magdalena,2.64000010490418,4.62181806564331,4,6,0.58695650100708,0.833333313465118,1,1,1.03999996185303,2001,10,57,60,60,62.3999977111816,0,62.6442260742188,2001-10-01,84.0813674926758,46.3061065673828,54.4360122680664
23180040,Pluviométrica,Convencional,Santander,Sabana De Torres,7.4528,-73.4828,110,9/15/1972,,Andes,Magdalena Cauca,Medio Magdalena,Río Lebrija y otros directos al Magdalena,2.64000010490418,4.62181806564331,4,6,0.58695650100708,0.833333313465118,1,1,1.03999996185303,2001,10,58,0,0,0,0,60.6590385437012,2001-10-01,77.6406021118164,30.8368816375732,34.5579566955566
23180040,Pluviométrica,Convencional,Santander,Sabana De Torres,7.4528,-73.4828,110,9/15/1972,,Andes,Magdalena Cauca,Medio Magdalena,Río Lebrija y otros directos al Magdalena,2.64000010490418,4.62181806564331,4,6,0.58695650100708,0.833333313465118,1,1,1.03999996185303,2001,10,59,90,90,93.5999965667725,0,58.5474319458008,2001-10-01,86.5068588256836,71.5593719482422,78.0958251953125
23180040,Pluviométrica,Convencional,Santander,Sabana De Torres,7.4528,-73.4828,110,9/15/1972,,Andes,Magdalena Cauca,Medio Magdalena,Río Lebrija y otros directos al Magdalena,2.64000010490418,4.62181806564331,4,6,0.58695650100708,0.833333313465118,1,1,1.03999996185303,2001,10,60,203,203,211.119992256165,0,83.2742004394531,2001-10-01,103.70133972168,145.839096069336,169.154251098633
23180040,Pluviométrica,Convencional,Santander,Sabana De Torres,7.4528,-73.4828,110,9/15/1972,,Andes,Magdalena Cauca,Medio Magdalena,Río Lebrija y otros directos al Magdalena,2.64000010490418,4.62181806564331,4,6,0.58695650100708,0.833333313465118,1,1,1.03999996185303,2001,11,61,26,26,27.0399990081787,0,19.3631706237793,2001-11-01,9.93762683868408,28.9588871002197,23.702787399292
23180040,Pluviométrica,Convencional,Santander,Sabana De Torres,7.4528,-73.4828,110,9/15/1972,,Andes,Magdalena Cauca,Medio Magdalena,Río Lebrija y otros directos al Magdalena,2.64000010490418,4.62181806564331,4,6,0.58695650100708,0.833333313465118,1,1,1.03999996185303,2001,11,62,5,5,5.19999980926514,0,36.3439407348633,2001-11-01,32.4869155883789,28.7542171478272,30.3397655487061
23180040,Pluviométrica,Convencional,Santander,Sabana De Torres,7.4528,-73.4828,110,9/15/1972,,Andes,Magdalena Cauca,Medio Magdalena,Río Lebrija y otros directos al Magdalena,2.64000010490418,4.62181806564331,4,6,0.58695650100708,0.833333313465118,1,1,1.03999996185303,2001,11,63,0,0,0,0,82.8927230834961,2001-11-01,90.4871063232422,49.6192359924316,55.2684288024902
23180040,Pluviométrica,Convencional,Santander,Sabana De Torres,7.4528,-73.4828,110,9/15/1972,,Andes,Magdalena Cauca,Medio Magdalena,Río Lebrija y otros directos al Magdalena,2.64000010490418,4.62181806564331,4,6,0.58695650100708,0.833333313465118,1,1,1.03999996185303,2001,11,64,60,60,62.3999977111816,0,41.9686698913574,2001-11-01,35.1949157714844,45.0752563476563,45.8042221069336
23180040,Pluviométrica,Convencional,Santander,Sabana De Torres,7.4528,-73.4828,110,9/15/1972,,Andes,Magdalena Cauca,Medio Magdalena,Río Lebrija y otros directos al Magdalena,2.64000010490418,4.62181806564331,4,6,0.58695650100708,0.833333313465118,1,1,1.03999996185303,2001,11,65,121,121,125.839995384216,0,67.8243103027344,2001-11-01,61.7926445007324,77.5589294433594,76.9689025878906
23180040,Pluviométrica,Convencional,Santander,Sabana De Torres,7.4528,-73.4828,110,9/15/1972,,Andes,Magdalena Cauca,Medio Magdalena,Río Lebrija y otros directos al Magdalena,2.64000010490418,4.62181806564331,4,6,0.58695650100708,0.833333313465118,1,1,1.03999996185303,2001,11,66,45,45,46.7999982833862,0,55.6388320922852,2001-11-01,64.9727249145508,38.5699043273926,42.7497634887695
23180040,Pluviométrica,Convencional,Santander,Sabana De Torres,7.4528,-73.4828,110,9/15/1972,,Andes,Magdalena Cauca,Medio Magdalena,Río Lebrija y otros directos al Magdalena,2.64000010490418,4.62181806564331,4,6,0.58695650100708,0.833333313465118,1,1,1.05999994277954,2001,12,67,0,0,0,0,4.71275424957275,2001-12-01,4.69754457473755,4.63387441635132,7.00785827636719
23180040,Pluviométrica,Convencional,Santander,Sabana De Torres,7.4528,-73.4828,110,9/15/1972,,Andes,Magdalena Cauca,Medio Magdalena,Río Lebrija y otros directos al Magdalena,2.64000010490418,4.62181806564331,4,6,0.58695650100708,0.833333313465118,1,1,1.05999994277954,2001,12,68,25,25,26.4999985694885,0,37.2055816650391,2001-12-01,71.7697296142578,39.9772911071777,49.9804382324219
23180040,Pluviométrica,Convencional,Santander,Sabana De Torres,7.4528,-73.4828,110,9/15/1972,,Andes,Magdalena Cauca,Medio Magdalena,Río Lebrija y otros directos al Magdalena,2.64000010490418,4.62181806564331,4,6,0.58695650100708,0.833333313465118,1,1,1.05999994277954,2001,12,69,0,0,0,0,35.5171394348145,2001-12-01,75.4640274047852,24.1351089477539,34.6640472412109
23180040,Pluviométrica,Convencional,Santander,Sabana De Torres,7.4528,-73.4828,110,9/15/1972,,Andes,Magdalena Cauca,Medio Magdalena,Río Lebrija y otros directos al Magdalena,2.64000010490418,4.62181806564331,4,6,0.58695650100708,0.833333313465118,1,1,1.05999994277954,2001,12,70,34,34,36.0399980545044,0,26.0405445098877,2001-12-01,47.8884429931641,29.533483505249,36.076488494873
23180040,Pluviométrica,Convencional,Santander,Sabana De Torres,7.4528,-73.4828,110,9/15/1972,,Andes,Magdalena Cauca,Medio Magdalena,Río Lebrija y otros directos al Magdalena,2.64000010490418,4.62181806564331,4,6,0.58695650100708,0.833333313465118,1,1,1.05999994277954,2001,12,71,10,10,10.5999994277954,0,45.441577911377,2001-12-01,100.906776428223,36.4977760314941,55.0471687316895
23180040,Pluviométrica,Convencional,Santander,Sabana De Torres,7.4528,-73.4828,110,9/15/1972,,Andes,Magdalena Cauca,Medio Magdalena,Río Lebrija y otros directos al Magdalena,2.64000010490418,4.62181806564331,4,6,0.58695650100708,0.833333313465118,1,1,1.05999994277954,2001,12,72,21,21,22.2599987983704,0,31.938289642334,2001-12-01,41.3364067077637,18.5002098083496,18.7442722320557
23180040,Pluviométrica,Convencional,Santander,Sabana De Torres,7.4528,-73.4828,110,9/15/1972,,Andes,Magdalena Cauca,Medio Magdalena,Río Lebrija y otros directos al Magdalena,2.64000010490418,4.62181806564331,4,6,0.58695650100708,0.833333313465118,1,1,1.07000005245209,2002,01,1,10,10,10.7000005245209,0,8.64027690887451,2002-01-01,8.65333557128906,5.11598443984985,7.13212633132935
23180040,Pluviométrica,Convencional,Santander,Sabana De Torres,7.4528,-73.4828,110,9/15/1972,,Andes,Magdalena Cauca,Medio Magdalena,Río Lebrija y otros directos al Magdalena,2.64000010490418,4.62181806564331,4,6,0.58695650100708,0.833333313465118,1,1,1.07000005245209,2002,01,2,0,0,0,0,4.53246164321899,2002-01-01,0.786850214004517,2.20578241348267,0.753003239631653
23180040,Pluviométrica,Convencional,Santander,Sabana De Torres,7.4528,-73.4828,110,9/15/1972,,Andes,Magdalena Cauca,Medio Magdalena,Río Lebrija y otros directos al Magdalena,2.64000010490418,4.62181806564331,4,6,0.58695650100708,0.833333313465118,1,1,1.07000005245209,2002,01,3,0,0,0,0,7.09356927871704,2002-01-01,2.62012052536011,5.21405172348023,3.38977909088135
23180040,Pluviométrica,Convencional,Santander,Sabana De Torres,7.4528,-73.4828,110,9/15/1972,,Andes,Magdalena Cauca,Medio Magdalena,Río Lebrija y otros directos al Magdalena,2.64000010490418,4.62181806564331,4,6,0.58695650100708,0.833333313465118,1,1,1.07000005245209,2002,01,4,0,0,0,0,4.36315011978149,2002-01-01,0,1.98339223861694,0
23180040,Pluviométrica,Convencional,Santander,Sabana De Torres,7.4528,-73.4828,110,9/15/1972,,Andes,Magdalena Cauca,Medio Magdalena,Río Lebrija y otros directos al Magdalena,2.64000010490418,4.62181806564331,4,6,0.58695650100708,0.833333313465118,1,1,1.07000005245209,2002,01,5,0,0,0,0,8.41878604888916,2002-01-01,11.2272729873657,3.02965569496155,4.01896667480469
23180040,Pluviométrica,Convencional,Santander,Sabana De Torres,7.4528,-73.4828,110,9/15/1972,,Andes,Magdalena Cauca,Medio Magdalena,Río Lebrija y otros directos al Magdalena,2.64000010490418,4.62181806564331,4,6,0.58695650100708,0.833333313465118,1,1,1.07000005245209,2002,01,6,0,0,0,0,12.9146738052368,2002-01-01,13.8841867446899,4.12283945083618,4.534255027771
23180040,Pluviométrica,Convencional,Santander,Sabana De Torres,7.4528,-73.4828,110,9/15/1972,,Andes,Magdalena Cauca,Medio Magdalena,Río Lebrija y otros directos al Magdalena,2.64000010490418,4.62181806564331,4,6,0.58695650100708,0.833333313465118,1,1,1.05999994277954,2002,02,7,8,8,8.47999954223633,0,36.7173385620117,2002-02-01,65.6131286621094,30.5916385650635,38.3266487121582
23180040,Pluviométrica,Convencional,Santander,Sabana De Torres,7.4528,-73.4828,110,9/15/1972,,Andes,Magdalena Cauca,Medio Magdalena,Río Lebrija y otros directos al Magdalena,2.64000010490418,4.62181806564331,4,6,0.58695650100708,0.833333313465118,1,1,1.05999994277954,2002,02,8,30,30,31.7999982833862,0,6.01893901824951,2002-02-01,3.06431722640991,13.8158378601074,16.7727203369141
23180040,Pluviométrica,Convencional,Santander,Sabana De Torres,7.4528,-73.4828,110,9/15/1972,,Andes,Magdalena Cauca,Medio Magdalena,Río Lebrija y otros directos al Magdalena,2.64000010490418,4.62181806564331,4,6,0.58695650100708,0.833333313465118,1,1,1.05999994277954,2002,02,9,0,0,0,0,4.09030723571777,2002-02-01,2.79299902915955,2.60935163497925,1.94014930725098
23180040,Pluviométrica,Convencional,Santander,Sabana De Torres,7.4528,-73.4828,110,9/15/1972,,Andes,Magdalena Cauca,Medio Magdalena,Río Lebrija y otros directos al Magdalena,2.64000010490418,4.62181806564331,4,6,0.58695650100708,0.833333313465118,1,1,1.05999994277954,2002,02,10,0,0,0,0,4.13656520843506,2002-02-01,2.41139483451843,2.64372801780701,1.79075253009796
23180040,Pluviométrica,Convencional,Santander,Sabana De Torres,7.4528,-73.4828,110,9/15/1972,,Andes,Magdalena Cauca,Medio Magdalena,Río Lebrija y otros directos al Magdalena,2.64000010490418,4.62181806564331,4,6,0.58695650100708,0.833333313465118,1,1,1.05999994277954,2002,02,11,0,0,0,0,10.7623825073242,2002-02-01,12.2291965484619,4.75290584564209,5.21576929092407
23180040,Pluviométrica,Convencional,Santander,Sabana De Torres,7.4528,-73.4828,110,9/15/1972,,Andes,Magdalena Cauca,Medio Magdalena,Río Lebrija y otros directos al Magdalena,2.64000010490418,4.62181806564331,4,6,0.58695650100708,0.833333313465118,1,1,1.05999994277954,2002,02,12,0,0,0,0,2.12540626525879,2002-02-01,0.557212114334106,1.67627334594727,0.567343652248383
23180040,Pluviométrica,Convencional,Santander,Sabana De Torres,7.4528,-73.4828,110,9/15/1972,,Andes,Magdalena Cauca,Medio Magdalena,Río Lebrija y otros directos al Magdalena,2.64000010490418,4.62181806564331,4,6,0.58695650100708,0.833333313465118,1,1,1.05999994277954,2002,03,13,0,0,0,0,7.37799835205078,2002-03-01,2.26716566085815,2.79357314109802,1.40161275863647
23180040,Pluviométrica,Convencional,Santander,Sabana De Torres,7.4528,-73.4828,110,9/15/1972,,Andes,Magdalena Cauca,Medio Magdalena,Río Lebrija y otros directos al Magdalena,2.64000010490418,4.62181806564331,4,6,0.58695650100708,0.833333313465118,1,1,1.05999994277954,2002,03,14,0,0,0,0,7.57213068008423,2002-03-01,0,3.32268404960632,0
23180040,Pluviométrica,Convencional,Santander,Sabana De Torres,7.4528,-73.4828,110,9/15/1972,,Andes,Magdalena Cauca,Medio Magdalena,Río Lebrija y otros directos al Magdalena,2.64000010490418,4.62181806564331,4,6,0.58695650100708,0.833333313465118,1,1,1.05999994277954,2002,03,15,0,0,0,0,18.1715602874756,2002-03-01,21.9789333343506,6.23350286483765,7.16950654983521
23180040,Pluviométrica,Convencional,Santander,Sabana De Torres,7.4528,-73.4828,110,9/15/1972,,Andes,Magdalena Cauca,Medio Magdalena,Río Lebrija y otros directos al Magdalena,2.64000010490418,4.62181806564331,4,6,0.58695650100708,0.833333313465118,1,1,1.05999994277954,2002,03,16,48,48,50.879997253418,0,32.3575439453125,2002-03-01,61.7401008605957,44.4451179504395,58.7698287963867
23180040,Pluviométrica,Convencional,Santander,Sabana De Torres,7.4528,-73.4828,110,9/15/1972,,Andes,Magdalena Cauca,Medio Magdalena,Río Lebrija y otros directos al Magdalena,2.64000010490418,4.62181806564331,4,6,0.58695650100708,0.833333313465118,1,1,1.05999994277954,2002,03,17,0,0,0,0,28.570240020752,2002-03-01,56.776180267334,25.7568588256836,36.5112991333008
23180040,Pluviométrica,Convencional,Santander,Sabana De Torres,7.4528,-73.4828,110,9/15/1972,,Andes,Magdalena Cauca,Medio Magdalena,Río Lebrija y otros directos al Magdalena,2.64000010490418,4.62181806564331,4,6,0.58695650100708,0.833333313465118,1,1,1.05999994277954,2002,03,18,10,10,10.5999994277954,0,30.9569778442383,2002-03-01,30.0616054534912,30.741735458374,34.1986312866211
23180040,Pluviométrica,Convencional,Santander,Sabana De Torres,7.4528,-73.4828,110,9/15/1972,,Andes,Magdalena Cauca,Medio Magdalena,Río Lebrija y otros directos al Magdalena,2.64000010490418,4.62181806564331,4,6,0.58695650100708,0.833333313465118,1,1,1.04999995231628,2002,04,19,6,6,6.29999971389771,0,38.992244720459,2002-04-01,42.2041511535645,31.4630451202393,34.6317939758301
23180040,Pluviométrica,Convencional,Santander,Sabana De Torres,7.4528,-73.4828,110,9/15/1972,,Andes,Magdalena Cauca,Medio Magdalena,Río Lebrija y otros directos al Magdalena,2.64000010490418,4.62181806564331,4,6,0.58695650100708,0.833333313465118,1,1,1.04999995231628,2002,04,20,10,10,10.4999995231628,0,41.7023963928223,2002-04-01,43.0946846008301,42.6120452880859,44.1106071472168
23180040,Pluviométrica,Convencional,Santander,Sabana De Torres,7.4528,-73.4828,110,9/15/1972,,Andes,Magdalena Cauca,Medio Magdalena,Río Lebrija y otros directos al Magdalena,2.64000010490418,4.62181806564331,4,6,0.58695650100708,0.833333313465118,1,1,1.04999995231628,2002,04,21,12,12,12.5999994277954,0,15.7546997070313,2002-04-01,8.59486198425293,22.3663730621338,13.2995882034302
23180040,Pluviométrica,Convencional,Santander,Sabana De Torres,7.4528,-73.4828,110,9/15/1972,,Andes,Magdalena Cauca,Medio Magdalena,Río Lebrija y otros directos al Magdalena,2.64000010490418,4.62181806564331,4,6,0.58695650100708,0.833333313465118,1,1,1.04999995231628,2002,04,22,0,0,0,0,51.8122024536133,2002-04-01,54.3382568359375,43.9429931640625,44.7997932434082
23180040,Pluviométrica,Convencional,Santander,Sabana De Torres,7.4528,-73.4828,110,9/15/1972,,Andes,Magdalena Cauca,Medio Magdalena,Río Lebrija y otros directos al Magdalena,2.64000010490418,4.62181806564331,4,6,0.58695650100708,0.833333313465118,1,1,1.04999995231628,2002,04,23,125,125,131.249994039536,0,91.5104293823242,2002-04-01,107.674140930176,91.5487747192383,94.0143127441406
23180040,Pluviométrica,Convencional,Santander,Sabana De Torres,7.4528,-73.4828,110,9/15/1972,,Andes,Magdalena Cauca,Medio Magdalena,Río Lebrija y otros directos al Magdalena,2.64000010490418,4.62181806564331,4,6,0.58695650100708,0.833333313465118,1,1,1.04999995231628,2002,04,24,67,67,70.349996805191,0,29.3191089630127,2002-04-01,30.0220680236816,54.6581916809082,53.489143371582
23180040,Pluviométrica,Convencional,Santander,Sabana De Torres,7.4528,-73.4828,110,9/15/1972,,Andes,Magdalena Cauca,Medio Magdalena,Río Lebrija y otros directos al Magdalena,2.64000010490418,4.62181806564331,4,6,0.58695650100708,0.833333313465118,1,1,1.03999996185303,2002,05,25,0,0,0,0,32.2807655334473,2002-05-01,37.8344078063965,12.8484144210815,14.5079879760742
23180040,Pluviométrica,Convencional,Santander,Sabana De Torres,7.4528,-73.4828,110,9/15/1972,,Andes,Magdalena Cauca,Medio Magdalena,Río Lebrija y otros directos al Magdalena,2.64000010490418,4.62181806564331,4,6,0.58695650100708,0.833333313465118,1,1,1.03999996185303,2002,05,26,39,39,40.5599985122681,0,37.9838104248047,2002-05-01,44.8344955444336,18.6069259643555,19.9084873199463
23180040,Pluviométrica,Convencional,Santander,Sabana De Torres,7.4528,-73.4828,110,9/15/1972,,Andes,Magdalena Cauca,Medio Magdalena,Río Lebrija y otros directos al Magdalena,2.64000010490418,4.62181806564331,4,6,0.58695650100708,0.833333313465118,1,1,1.03999996185303,2002,05,27,20,20,20.7999992370605,0,26.9600353240967,2002-05-01,23.6987991333008,20.6153125762939,21.2869281768799
23180040,Pluviométrica,Convencional,Santander,Sabana De Torres,7.4528,-73.4828,110,9/15/1972,,Andes,Magdalena Cauca,Medio Magdalena,Río Lebrija y otros directos al Magdalena,2.64000010490418,4.62181806564331,4,6,0.58695650100708,0.833333313465118,1,1,1.03999996185303,2002,05,28,5,5,5.19999980926514,0,68.6690292358399,2002-05-01,99.4608459472656,34.1401443481445,39.6795425415039
23180040,Pluviométrica,Convencional,Santander,Sabana De Torres,7.4528,-73.4828,110,9/15/1972,,Andes,Magdalena Cauca,Medio Magdalena,Río Lebrija y otros directos al Magdalena,2.64000010490418,4.62181806564331,4,6,0.58695650100708,0.833333313465118,1,1,1.03999996185303,2002,05,29,150,150,155.999994277954,0,54.5843772888184,2002-05-01,69.6026763916016,102.982757568359,115.536773681641
23180040,Pluviométrica,Convencional,Santander,Sabana De Torres,7.4528,-73.4828,110,9/15/1972,,Andes,Magdalena Cauca,Medio Magdalena,Río Lebrija y otros directos al Magdalena,2.64000010490418,4.62181806564331,4,6,0.58695650100708,0.833333313465118,1,1,1.03999996185303,2002,05,30,30,30,31.1999988555908,0,51.5174293518066,2002-05-01,48.639820098877,36.0409812927246,36.1095962524414
23180040,Pluviométrica,Convencional,Santander,Sabana De Torres,7.4528,-73.4828,110,9/15/1972,,Andes,Magdalena Cauca,Medio Magdalena,Río Lebrija y otros directos al Magdalena,2.64000010490418,4.62181806564331,4,6,0.58695650100708,0.833333313465118,1,1,1.04999995231628,2002,06,31,37,37,38.8499982357025,0,24.8775939941406,2002-06-01,37.3370475769043,51.3914985656738,72.0091400146484
23180040,Pluviométrica,Convencional,Santander,Sabana De Torres,7.4528,-73.4828,110,9/15/1972,,Andes,Magdalena Cauca,Medio Magdalena,Río Lebrija y otros directos al Magdalena,2.64000010490418,4.62181806564331,4,6,0.58695650100708,0.833333313465118,1,1,1.04999995231628,2002,06,32,20,20,20.9999990463257,0,25.1566143035889,2002-06-01,41.4947242736816,31.8227100372314,36.1212730407715
23180040,Pluviométrica,Convencional,Santander,Sabana De Torres,7.4528,-73.4828,110,9/15/1972,,Andes,Magdalena Cauca,Medio Magdalena,Río Lebrija y otros directos al Magdalena,2.64000010490418,4.62181806564331,4,6,0.58695650100708,0.833333313465118,1,1,1.04999995231628,2002,06,33,0,0,0,0,25.41819190979,2002-06-01,40.3139266967774,14.8792448043823,17.1558609008789
23180040,Pluviométrica,Convencional,Santander,Sabana De Torres,7.4528,-73.4828,110,9/15/1972,,Andes,Magdalena Cauca,Medio Magdalena,Río Lebrija y otros directos al Magdalena,2.64000010490418,4.62181806564331,4,6,0.58695650100708,0.833333313465118,1,1,1.04999995231628,2002,06,34,0,0,0,0,22.4166526794434,2002-06-01,37.0504188537598,13.6177949905396,15.6893224716187
23180040,Pluviométrica,Convencional,Santander,Sabana De Torres,7.4528,-73.4828,110,9/15/1972,,Andes,Magdalena Cauca,Medio Magdalena,Río Lebrija y otros directos al Magdalena,2.64000010490418,4.62181806564331,4,6,0.58695650100708,0.833333313465118,1,1,1.04999995231628,2002,06,35,0,0,0,0,15.1170692443848,2002-06-01,16.695987701416,5.93630266189575,5.42600727081299
23180040,Pluviométrica,Convencional,Santander,Sabana De Torres,7.4528,-73.4828,110,9/15/1972,,Andes,Magdalena Cauca,Medio Magdalena,Río Lebrija y otros directos al Magdalena,2.64000010490418,4.62181806564331,4,6,0.58695650100708,0.833333313465118,1,1,1.04999995231628,2002,06,36,0,0,0,0,15.7991418838501,2002-06-01,12.4519443511963,6.17804098129273,5.15724563598633
23180040,Pluviométrica,Convencional,Santander,Sabana De Torres,7.4528,-73.4828,110,9/15/1972,,Andes,Magdalena Cauca,Medio Magdalena,Río Lebrija y otros directos al Magdalena,2.64000010490418,4.62181806564331,4,6,0.58695650100708,0.833333313465118,1,1,1.04999995231628,2002,07,37,33,33,34.6499984264374,0,36.5207099914551,2002-07-01,44.8550910949707,57.767936706543,64.7206420898438
23180040,Pluviométrica,Convencional,Santander,Sabana De Torres,7.4528,-73.4828,110,9/15/1972,,Andes,Magdalena Cauca,Medio Magdalena,Río Lebrija y otros directos al Magdalena,2.64000010490418,4.62181806564331,4,6,0.58695650100708,0.833333313465118,1,1,1.04999995231628,2002,07,38,0,0,0,0,27.2208347320557,2002-07-01,21.0240440368652,14.9639902114868,12.170202255249
23180040,Pluviométrica,Convencional,Santander,Sabana De Torres,7.4528,-73.4828,110,9/15/1972,,Andes,Magdalena Cauca,Medio Magdalena,Río Lebrija y otros directos al Magdalena,2.64000010490418,4.62181806564331,4,6,0.58695650100708,0.833333313465118,1,1,1.04999995231628,2002,07,39,60,60,62.9999971389771,0,32.4388084411621,2002-07-01,24.8422679901123,35.2867698669434,33.7634048461914
23180040,Pluviométrica,Convencional,Santander,Sabana De Torres,7.4528,-73.4828,110,9/15/1972,,Andes,Magdalena Cauca,Medio Magdalena,Río Lebrija y otros directos al Magdalena,2.64000010490418,4.62181806564331,4,6,0.58695650100708,0.833333313465118,1,1,1.04999995231628,2002,07,40,80,80,83.9999961853027,0,38.838623046875,2002-07-01,35.7620315551758,54.9634666442871,61.6441688537598
23180040,Pluviométrica,Convencional,Santander,Sabana De Torres,7.4528,-73.4828,110,9/15/1972,,Andes,Magdalena Cauca,Medio Magdalena,Río Lebrija y otros directos al Magdalena,2.64000010490418,4.62181806564331,4,6,0.58695650100708,0.833333313465118,1,1,1.04999995231628,2002,07,41,0,0,0,0,26.895263671875,2002-07-01,16.2436580657959,8.02950572967529,5.38183736801148
23180040,Pluviométrica,Convencional,Santander,Sabana De Torres,7.4528,-73.4828,110,9/15/1972,,Andes,Magdalena Cauca,Medio Magdalena,Río Lebrija y otros directos al Magdalena,2.64000010490418,4.62181806564331,4,6,0.58695650100708,0.833333313465118,1,1,1.04999995231628,2002,07,42,72,72,75.5999965667725,0,35.8973655700684,2002-07-01,23.7674884796143,29.2270565032959,22.5364818572998
23180040,Pluviométrica,Convencional,Santander,Sabana De Torres,7.4528,-73.4828,110,9/15/1972,,Andes,Magdalena Cauca,Medio Magdalena,Río Lebrija y otros directos al Magdalena,2.64000010490418,4.62181806564331,4,6,0.58695650100708,0.833333313465118,1,1,1.04999995231628,2002,08,43,55,55,57.7499973773956,0,39.9475059509277,2002-08-01,37.9119453430176,32.3839263916016,35.5596466064453
23180040,Pluviométrica,Convencional,Santander,Sabana De Torres,7.4528,-73.4828,110,9/15/1972,,Andes,Magdalena Cauca,Medio Magdalena,Río Lebrija y otros directos al Magdalena,2.64000010490418,4.62181806564331,4,6,0.58695650100708,0.833333313465118,1,1,1.04999995231628,2002,08,44,0,0,0,0,48.3085784912109,2002-08-01,51.0585708618164,16.3433246612549,17.1182308197022
23180040,Pluviométrica,Convencional,Santander,Sabana De Torres,7.4528,-73.4828,110,9/15/1972,,Andes,Magdalena Cauca,Medio Magdalena,Río Lebrija y otros directos al Magdalena,2.64000010490418,4.62181806564331,4,6,0.58695650100708,0.833333313465118,1,1,1.04999995231628,2002,08,45,0,0,0,0,19.1536312103272,2002-08-01,6.47852039337158,6.90591621398926,3.76498365402222
23180040,Pluviométrica,Convencional,Santander,Sabana De Torres,7.4528,-73.4828,110,9/15/1972,,Andes,Magdalena Cauca,Medio Magdalena,Río Lebrija y otros directos al Magdalena,2.64000010490418,4.62181806564331,4,6,0.58695650100708,0.833333313465118,1,1,1.04999995231628,2002,08,46,120,120,125.999994277954,0,49.5261344909668,2002-08-01,61.4933242797852,28.66774559021,25.6935863494873
23180040,Pluviométrica,Convencional,Santander,Sabana De Torres,7.4528,-73.4828,110,9/15/1972,,Andes,Magdalena Cauca,Medio Magdalena,Río Lebrija y otros directos al Magdalena,2.64000010490418,4.62181806564331,4,6,0.58695650100708,0.833333313465118,1,1,1.04999995231628,2002,08,47,0,0,0,0,30.4158229827881,2002-08-01,26.5928363800049,25.0216693878174,26.2789115905762
23180040,Pluviométrica,Convencional,Santander,Sabana De Torres,7.4528,-73.4828,110,9/15/1972,,Andes,Magdalena Cauca,Medio Magdalena,Río Lebrija y otros directos al Magdalena,2.64000010490418,4.62181806564331,4,6,0.58695650100708,0.833333313465118,1,1,1.04999995231628,2002,08,48,30,30,31.4999985694885,0,92.0238265991211,2002-08-01,118.300010681152,104.181884765625,122.69694519043
23180040,Pluviométrica,Convencional,Santander,Sabana De Torres,7.4528,-73.4828,110,9/15/1972,,Andes,Magdalena Cauca,Medio Magdalena,Río Lebrija y otros directos al Magdalena,2.64000010490418,4.62181806564331,4,6,0.58695650100708,0.833333313465118,1,1,1.04999995231628,2002,09,49,56,56,58.7999973297119,0,34.2917633056641,2002-09-01,55.6942138671875,36.3183364868164,38.9143447875977
23180040,Pluviométrica,Convencional,Santander,Sabana De Torres,7.4528,-73.4828,110,9/15/1972,,Andes,Magdalena Cauca,Medio Magdalena,Río Lebrija y otros directos al Magdalena,2.64000010490418,4.62181806564331,4,6,0.58695650100708,0.833333313465118,1,1,1.04999995231628,2002,09,50,56,56,58.7999973297119,0,28.8883857727051,2002-09-01,43.2068061828613,44.3840179443359,44.247745513916
23180040,Pluviométrica,Convencional,Santander,Sabana De Torres,7.4528,-73.4828,110,9/15/1972,,Andes,Magdalena Cauca,Medio Magdalena,Río Lebrija y otros directos al Magdalena,2.64000010490418,4.62181806564331,4,6,0.58695650100708,0.833333313465118,1,1,1.04999995231628,2002,09,51,0,0,0,0,28.4332675933838,2002-09-01,42.3810005187988,13.3561372756958,16.7437229156494
23180040,Pluviométrica,Convencional,Santander,Sabana De Torres,7.4528,-73.4828,110,9/15/1972,,Andes,Magdalena Cauca,Medio Magdalena,Río Lebrija y otros directos al Magdalena,2.64000010490418,4.62181806564331,4,6,0.58695650100708,0.833333313465118,1,1,1.04999995231628,2002,09,52,10,10,10.4999995231628,0,26.8744010925293,2002-09-01,48.3514442443848,51.2926216125488,72.6947250366211
23180040,Pluviométrica,Convencional,Santander,Sabana De Torres,7.4528,-73.4828,110,9/15/1972,,Andes,Magdalena Cauca,Medio Magdalena,Río Lebrija y otros directos al Magdalena,2.64000010490418,4.62181806564331,4,6,0.58695650100708,0.833333313465118,1,1,1.04999995231628,2002,09,53,30,30,31.4999985694885,0,46.325065612793,2002-09-01,92.543083190918,56.1915397644043,67.3508911132813
23180040,Pluviométrica,Convencional,Santander,Sabana De Torres,7.4528,-73.4828,110,9/15/1972,,Andes,Magdalena Cauca,Medio Magdalena,Río Lebrija y otros directos al Magdalena,2.64000010490418,4.62181806564331,4,6,0.58695650100708,0.833333313465118,1,1,1.04999995231628,2002,09,54,24,24,25.1999988555908,0,42.3468475341797,2002-09-01,78.0409469604492,52.4125938415527,60.791389465332
23180040,Pluviométrica,Convencional,Santander,Sabana De Torres,7.4528,-73.4828,110,9/15/1972,,Andes,Magdalena Cauca,Medio Magdalena,Río Lebrija y otros directos al Magdalena,2.64000010490418,4.62181806564331,4,6,0.58695650100708,0.833333313465118,1,1,1.03999996185303,2002,10,55,60,60,62.3999977111816,0,29.0001068115234,2002-10-01,21.0956363677979,15.208402633667,11.3923177719116
23180040,Pluviométrica,Convencional,Santander,Sabana De Torres,7.4528,-73.4828,110,9/15/1972,,Andes,Magdalena Cauca,Medio Magdalena,Río Lebrija y otros directos al Magdalena,2.64000010490418,4.62181806564331,4,6,0.58695650100708,0.833333313465118,1,1,1.03999996185303,2002,10,56,99,99,102.95999622345,0,57.5969848632813,2002-10-01,72.4253082275391,80.3664093017578,86.1533279418945
23180040,Pluviométrica,Convencional,Santander,Sabana De Torres,7.4528,-73.4828,110,9/15/1972,,Andes,Magdalena Cauca,Medio Magdalena,Río Lebrija y otros directos al Magdalena,2.64000010490418,4.62181806564331,4,6,0.58695650100708,0.833333313465118,1,1,1.03999996185303,2002,10,57,25,25,25.9999990463257,0,62.6442260742188,2002-10-01,80.5944213867188,38.4750785827637,48.4624748229981
23180040,Pluviométrica,Convencional,Santander,Sabana De Torres,7.4528,-73.4828,110,9/15/1972,,Andes,Magdalena Cauca,Medio Magdalena,Río Lebrija y otros directos al Magdalena,2.64000010490418,4.62181806564331,4,6,0.58695650100708,0.833333313465118,1,1,1.03999996185303,2002,10,58,56,56,58.2399978637695,0,39.7352561950684,2002-10-01,40.1550216674805,46.9685668945313,51.8593902587891
23180040,Pluviométrica,Convencional,Santander,Sabana De Torres,7.4528,-73.4828,110,9/15/1972,,Andes,Magdalena Cauca,Medio Magdalena,Río Lebrija y otros directos al Magdalena,2.64000010490418,4.62181806564331,4,6,0.58695650100708,0.833333313465118,1,1,1.03999996185303,2002,10,59,60,60,62.3999977111816,0,92.6715393066406,2002-10-01,144.349670410156,102.358627319336,126.684539794922
23180040,Pluviométrica,Convencional,Santander,Sabana De Torres,7.4528,-73.4828,110,9/15/1972,,Andes,Magdalena Cauca,Medio Magdalena,Río Lebrija y otros directos al Magdalena,2.64000010490418,4.62181806564331,4,6,0.58695650100708,0.833333313465118,1,1,1.03999996185303,2002,10,60,150,150,155.999994277954,0,75.1919021606445,2002-10-01,90.1151123046875,138.543014526367,164.522277832031
23180040,Pluviométrica,Convencional,Santander,Sabana De Torres,7.4528,-73.4828,110,9/15/1972,,Andes,Magdalena Cauca,Medio Magdalena,Río Lebrija y otros directos al Magdalena,2.64000010490418,4.62181806564331,4,6,0.58695650100708,0.833333313465118,1,1,1.03999996185303,2002,11,61,126,126,131.039995193481,0,43.7490577697754,2002-11-01,41.5973014831543,77.5854415893555,78.3489303588867
23180040,Pluviométrica,Convencional,Santander,Sabana De Torres,7.4528,-73.4828,110,9/15/1972,,Andes,Magdalena Cauca,Medio Magdalena,Río Lebrija y otros directos al Magdalena,2.64000010490418,4.62181806564331,4,6,0.58695650100708,0.833333313465118,1,1,1.03999996185303,2002,11,62,95,95,98.7999963760376,0,36.4467506408691,2002-11-01,34.6321868896484,56.6949348449707,67.4432067871094
23180040,Pluviométrica,Convencional,Santander,Sabana De Torres,7.4528,-73.4828,110,9/15/1972,,Andes,Magdalena Cauca,Medio Magdalena,Río Lebrija y otros directos al Magdalena,2.64000010490418,4.62181806564331,4,6,0.58695650100708,0.833333313465118,1,1,1.03999996185303,2002,11,63,10,10,10.3999996185303,0,51.4146614074707,2002-11-01,54.5795364379883,35.690803527832,40.1447563171387
23180040,Pluviométrica,Convencional,Santander,Sabana De Torres,7.4528,-73.4828,110,9/15/1972,,Andes,Magdalena Cauca,Medio Magdalena,Río Lebrija y otros directos al Magdalena,2.64000010490418,4.62181806564331,4,6,0.58695650100708,0.833333313465118,1,1,1.03999996185303,2002,11,64,60,60,62.3999977111816,0,46.8740348815918,2002-11-01,41.0163955688477,50.6666259765625,55.4688453674316
23180040,Pluviométrica,Convencional,Santander,Sabana De Torres,7.4528,-73.4828,110,9/15/1972,,Andes,Magdalena Cauca,Medio Magdalena,Río Lebrija y otros directos al Magdalena,2.64000010490418,4.62181806564331,4,6,0.58695650100708,0.833333313465118,1,1,1.03999996185303,2002,11,65,26,26,27.0399990081787,0,38.5244255065918,2002-11-01,33.6127891540527,19.9884586334229,21.9245014190674
23180040,Pluviométrica,Convencional,Santander,Sabana De Torres,7.4528,-73.4828,110,9/15/1972,,Andes,Magdalena Cauca,Medio Magdalena,Río Lebrija y otros directos al Magdalena,2.64000010490418,4.62181806564331,4,6,0.58695650100708,0.833333313465118,1,1,1.03999996185303,2002,11,66,0,0,0,0,13.1513566970825,2002-11-01,5.27206468582153,6.02520608901978,3.82332420349121
23180040,Pluviométrica,Convencional,Santander,Sabana De Torres,7.4528,-73.4828,110,9/15/1972,,Andes,Magdalena Cauca,Medio Magdalena,Río Lebrija y otros directos al Magdalena,2.64000010490418,4.62181806564331,4,6,0.58695650100708,0.833333313465118,1,1,1.05999994277954,2002,12,67,0,0,0,0,20.876256942749,2002-12-01,30.8490600585938,7.42869329452515,8.98155689239502
23180040,Pluviométrica,Convencional,Santander,Sabana De Torres,7.4528,-73.4828,110,9/15/1972,,Andes,Magdalena Cauca,Medio Magdalena,Río Lebrija y otros directos al Magdalena,2.64000010490418,4.62181806564331,4,6,0.58695650100708,0.833333313465118,1,1,1.05999994277954,2002,12,68,0,0,0,0,24.2102489471436,2002-12-01,42.0612525939941,13.7765417098999,14.7931842803955
23180040,Pluviométrica,Convencional,Santander,Sabana De Torres,7.4528,-73.4828,110,9/15/1972,,Andes,Magdalena Cauca,Medio Magdalena,Río Lebrija y otros directos al Magdalena,2.64000010490418,4.62181806564331,4,6,0.58695650100708,0.833333313465118,1,1,1.05999994277954,2002,12,69,35,35,37.0999979972839,0,15.2611522674561,2002-12-01,29.3506774902344,19.6943492889404,22.2927360534668
23180040,Pluviométrica,Convencional,Santander,Sabana De Torres,7.4528,-73.4828,110,9/15/1972,,Andes,Magdalena Cauca,Medio Magdalena,Río Lebrija y otros directos al Magdalena,2.64000010490418,4.62181806564331,4,6,0.58695650100708,0.833333313465118,1,1,1.05999994277954,2002,12,70,0,0,0,0,5.45713329315186,2002-12-01,6.48183345794678,6.17438077926636,10.8602542877197
23180040,Pluviométrica,Convencional,Santander,Sabana De Torres,7.4528,-73.4828,110,9/15/1972,,Andes,Magdalena Cauca,Medio Magdalena,Río Lebrija y otros directos al Magdalena,2.64000010490418,4.62181806564331,4,6,0.58695650100708,0.833333313465118,1,1,1.05999994277954,2002,12,71,0,0,0,0,14.9731388092041,2002-12-01,27.4191093444824,11.5876865386963,17.087890625
23180040,Pluviométrica,Convencional,Santander,Sabana De Torres,7.4528,-73.4828,110,9/15/1972,,Andes,Magdalena Cauca,Medio Magdalena,Río Lebrija y otros directos al Magdalena,2.64000010490418,4.62181806564331,4,6,0.58695650100708,0.833333313465118,1,1,1.05999994277954,2002,12,72,0,0,0,0,6.64819478988648,2002-12-01,4.79656219482422,4.48728609085083,2.81585669517517
23180040,Pluviométrica,Convencional,Santander,Sabana De Torres,7.4528,-73.4828,110,9/15/1972,,Andes,Magdalena Cauca,Medio Magdalena,Río Lebrija y otros directos al Magdalena,2.64000010490418,4.62181806564331,4,6,0.58695650100708,0.833333313465118,1,1,1.07000005245209,2003,01,1,0,0,0,0,4.74244594573975,2003-01-01,1.33791744709015,3.96362209320068,2.52777910232544
23180040,Pluviométrica,Convencional,Santander,Sabana De Torres,7.4528,-73.4828,110,9/15/1972,,Andes,Magdalena Cauca,Medio Magdalena,Río Lebrija y otros directos al Magdalena,2.64000010490418,4.62181806564331,4,6,0.58695650100708,0.833333313465118,1,1,1.07000005245209,2003,01,2,20,20,21.4000010490417,0,4.53246164321899,2003-01-01,0.786850214004517,7.90156126022339,1.7858247756958
23180040,Pluviométrica,Convencional,Santander,Sabana De Torres,7.4528,-73.4828,110,9/15/1972,,Andes,Magdalena Cauca,Medio Magdalena,Río Lebrija y otros directos al Magdalena,2.64000010490418,4.62181806564331,4,6,0.58695650100708,0.833333313465118,1,1,1.07000005245209,2003,01,3,0,0,0,0,4.38842439651489,2003-01-01,0,2.79265332221985,0
23180040,Pluviométrica,Convencional,Santander,Sabana De Torres,7.4528,-73.4828,110,9/15/1972,,Andes,Magdalena Cauca,Medio Magdalena,Río Lebrija y otros directos al Magdalena,2.64000010490418,4.62181806564331,4,6,0.58695650100708,0.833333313465118,1,1,1.07000005245209,2003,01,4,0,0,0,0,4.36315011978149,2003-01-01,0,2.90742897987366,0
23180040,Pluviométrica,Convencional,Santander,Sabana De Torres,7.4528,-73.4828,110,9/15/1972,,Andes,Magdalena Cauca,Medio Magdalena,Río Lebrija y otros directos al Magdalena,2.64000010490418,4.62181806564331,4,6,0.58695650100708,0.833333313465118,1,1,1.07000005245209,2003,01,5,0,0,0,0,4.15254735946655,2003-01-01,0.492262005805969,2.71383404731751,0.378856867551804
23180040,Pluviométrica,Convencional,Santander,Sabana De Torres,7.4528,-73.4828,110,9/15/1972,,Andes,Magdalena Cauca,Medio Magdalena,Río Lebrija y otros directos al Magdalena,2.64000010490418,4.62181806564331,4,6,0.58695650100708,0.833333313465118,1,1,1.07000005245209,2003,01,6,0,0,0,0,5.7424521446228,2003-01-01,0,3.56740593910217,0
23180040,Pluviométrica,Convencional,Santander,Sabana De Torres,7.4528,-73.4828,110,9/15/1972,,Andes,Magdalena Cauca,Medio Magdalena,Río Lebrija y otros directos al Magdalena,2.64000010490418,4.62181806564331,4,6,0.58695650100708,0.833333313465118,1,1,1.05999994277954,2003,02,7,0,0,0,0,4.25125551223755,2003-02-01,0.0597022771835327,2.09174680709839,0.0510228797793388
23180040,Pluviométrica,Convencional,Santander,Sabana De Torres,7.4528,-73.4828,110,9/15/1972,,Andes,Magdalena Cauca,Medio Magdalena,Río Lebrija y otros directos al Magdalena,2.64000010490418,4.62181806564331,4,6,0.58695650100708,0.833333313465118,1,1,1.05999994277954,2003,02,8,50,50,52.9999971389771,0,26.0148754119873,2003-02-01,46.3153533935547,34.2051010131836,42.3965492248535
23180040,Pluviométrica,Convencional,Santander,Sabana De Torres,7.4528,-73.4828,110,9/15/1972,,Andes,Magdalena Cauca,Medio Magdalena,Río Lebrija y otros directos al Magdalena,2.64000010490418,4.62181806564331,4,6,0.58695650100708,0.833333313465118,1,1,1.05999994277954,2003,02,9,0,0,0,0,10.7440500259399,2003-02-01,18.9722957611084,6.28623723983765,7.48752403259277
23180040,Pluviométrica,Convencional,Santander,Sabana De Torres,7.4528,-73.4828,110,9/15/1972,,Andes,Magdalena Cauca,Medio Magdalena,Río Lebrija y otros directos al Magdalena,2.64000010490418,4.62181806564331,4,6,0.58695650100708,0.833333313465118,1,1,1.05999994277954,2003,02,10,0,0,0,0,9.88023853302002,2003-02-01,14.0055980682373,6.77841711044312,8.01736068725586
23180040,Pluviométrica,Convencional,Santander,Sabana De Torres,7.4528,-73.4828,110,9/15/1972,,Andes,Magdalena Cauca,Medio Magdalena,Río Lebrija y otros directos al Magdalena,2.64000010490418,4.62181806564331,4,6,0.58695650100708,0.833333313465118,1,1,1.05999994277954,2003,02,11,0,0,0,0,10.7623825073242,2003-02-01,12.2291965484619,5.82971811294556,6.61461353302002
23180040,Pluviométrica,Convencional,Santander,Sabana De Torres,7.4528,-73.4828,110,9/15/1972,,Andes,Magdalena Cauca,Medio Magdalena,Río Lebrija y otros directos al Magdalena,2.64000010490418,4.62181806564331,4,6,0.58695650100708,0.833333313465118,1,1,1.05999994277954,2003,02,12,0,0,0,0,4.93333148956299,2003-02-01,6.04002141952515,4.0222282409668,5.76880884170532
23180040,Pluviométrica,Convencional,Santander,Sabana De Torres,7.4528,-73.4828,110,9/15/1972,,Andes,Magdalena Cauca,Medio Magdalena,Río Lebrija y otros directos al Magdalena,2.64000010490418,4.62181806564331,4,6,0.58695650100708,0.833333313465118,1,1,1.05999994277954,2003,03,13,0,0,0,0,8.05534744262695,2003-03-01,4.11241102218628,4.60957908630371,2.90000057220459
23180040,Pluviométrica,Convencional,Santander,Sabana De Torres,7.4528,-73.4828,110,9/15/1972,,Andes,Magdalena Cauca,Medio Magdalena,Río Lebrija y otros directos al Magdalena,2.64000010490418,4.62181806564331,4,6,0.58695650100708,0.833333313465118,1,1,1.05999994277954,2003,03,14,0,0,0,0,7.57213068008423,2003-03-01,0,4.16411352157593,0
23180040,Pluviométrica,Convencional,Santander,Sabana De Torres,7.4528,-73.4828,110,9/15/1972,,Andes,Magdalena Cauca,Medio Magdalena,Río Lebrija y otros directos al Magdalena,2.64000010490418,4.62181806564331,4,6,0.58695650100708,0.833333313465118,1,1,1.05999994277954,2003,03,15,10,10,10.5999994277954,0,24.0349407196045,2003-03-01,34.0047149658203,36.0142707824707,33.4111289978027
23180040,Pluviométrica,Convencional,Santander,Sabana De Torres,7.4528,-73.4828,110,9/15/1972,,Andes,Magdalena Cauca,Medio Magdalena,Río Lebrija y otros directos al Magdalena,2.64000010490418,4.62181806564331,4,6,0.58695650100708,0.833333313465118,1,1,1.05999994277954,2003,03,16,20,20,21.1999988555908,0,31.0499877929688,2003-03-01,61.4750480651856,45.0976066589356,52.5207710266113
23180040,Pluviométrica,Convencional,Santander,Sabana De Torres,7.4528,-73.4828,110,9/15/1972,,Andes,Magdalena Cauca,Medio Magdalena,Río Lebrija y otros directos al Magdalena,2.64000010490418,4.62181806564331,4,6,0.58695650100708,0.833333313465118,1,1,1.05999994277954,2003,03,17,20,20,21.1999988555908,0,13.8709325790405,2003-03-01,17.0619697570801,20.1130313873291,22.5614891052246
23180040,Pluviométrica,Convencional,Santander,Sabana De Torres,7.4528,-73.4828,110,9/15/1972,,Andes,Magdalena Cauca,Medio Magdalena,Río Lebrija y otros directos al Magdalena,2.64000010490418,4.62181806564331,4,6,0.58695650100708,0.833333313465118,1,1,1.05999994277954,2003,03,18,260,260,275.599985122681,0,31.6090641021729,2003-03-01,35.0897750854492,95.202033996582,117.52808380127
23180040,Pluviométrica,Convencional,Santander,Sabana De Torres,7.4528,-73.4828,110,9/15/1972,,Andes,Magdalena Cauca,Medio Magdalena,Río Lebrija y otros directos al Magdalena,2.64000010490418,4.62181806564331,4,6,0.58695650100708,0.833333313465118,1,1,1.04999995231628,2003,04,19,0,0,0,0,10.6276845932007,2003-04-01,4.58438110351563,7.00458002090454,4.55179452896118
23180040,Pluviométrica,Convencional,Santander,Sabana De Torres,7.4528,-73.4828,110,9/15/1972,,Andes,Magdalena Cauca,Medio Magdalena,Río Lebrija y otros directos al Magdalena,2.64000010490418,4.62181806564331,4,6,0.58695650100708,0.833333313465118,1,1,1.04999995231628,2003,04,20,0,0,0,0,51.4950256347656,2003-04-01,59.3456382751465,25.5901718139648,27.047384262085
23180040,Pluviométrica,Convencional,Santander,Sabana De Torres,7.4528,-73.4828,110,9/15/1972,,Andes,Magdalena Cauca,Medio Magdalena,Río Lebrija y otros directos al Magdalena,2.64000010490418,4.62181806564331,4,6,0.58695650100708,0.833333313465118,1,1,1.04999995231628,2003,04,21,84,84,88.1999959945679,0,47.7215461730957,2003-04-01,47.2212867736816,75.4698181152344,71.6741638183594
23180040,Pluviométrica,Convencional,Santander,Sabana De Torres,7.4528,-73.4828,110,9/15/1972,,Andes,Magdalena Cauca,Medio Magdalena,Río Lebrija y otros directos al Magdalena,2.64000010490418,4.62181806564331,4,6,0.58695650100708,0.833333313465118,1,1,1.04999995231628,2003,04,22,41,41,43.0499980449677,0,33.2226333618164,2003-04-01,28.3822708129883,30.0364170074463,26.6120319366455
23180040,Pluviométrica,Convencional,Santander,Sabana De Torres,7.4528,-73.4828,110,9/15/1972,,Andes,Magdalena Cauca,Medio Magdalena,Río Lebrija y otros directos al Magdalena,2.64000010490418,4.62181806564331,4,6,0.58695650100708,0.833333313465118,1,1,1.04999995231628,2003,04,23,30,30,31.4999985694885,0,71.1683044433594,2003-04-01,81.3356170654297,67.5484008789063,65.5032501220703
23180040,Pluviométrica,Convencional,Santander,Sabana De Torres,7.4528,-73.4828,110,9/15/1972,,Andes,Magdalena Cauca,Medio Magdalena,Río Lebrija y otros directos al Magdalena,2.64000010490418,4.62181806564331,4,6,0.58695650100708,0.833333313465118,1,1,1.04999995231628,2003,04,24,40,40,41.9999980926514,0,28.177433013916,2003-04-01,28.5012512207031,30.1682548522949,35.4218673706055
23180040,Pluviométrica,Convencional,Santander,Sabana De Torres,7.4528,-73.4828,110,9/15/1972,,Andes,Magdalena Cauca,Medio Magdalena,Río Lebrija y otros directos al Magdalena,2.64000010490418,4.62181806564331,4,6,0.58695650100708,0.833333313465118,1,1,1.03999996185303,2003,05,25,118,118,122.719995498657,0,39.022346496582,2003-05-01,47.9430122375488,77.0028457641602,88.7841186523438
23180040,Pluviométrica,Convencional,Santander,Sabana De Torres,7.4528,-73.4828,110,9/15/1972,,Andes,Magdalena Cauca,Medio Magdalena,Río Lebrija y otros directos al Magdalena,2.64000010490418,4.62181806564331,4,6,0.58695650100708,0.833333313465118,1,1,1.03999996185303,2003,05,26,100,100,103.999996185303,0,64.4534912109375,2003-05-01,89.8917617797852,54.5364074707031,59.5730972290039
23180040,Pluviométrica,Convencional,Santander,Sabana De Torres,7.4528,-73.4828,110,9/15/1972,,Andes,Magdalena Cauca,Medio Magdalena,Río Lebrija y otros directos al Magdalena,2.64000010490418,4.62181806564331,4,6,0.58695650100708,0.833333313465118,1,1,1.03999996185303,2003,05,27,0,0,0,0,38.6833648681641,2003-05-01,48.125114440918,26.3389587402344,32.2389831542969
23180040,Pluviométrica,Convencional,Santander,Sabana De Torres,7.4528,-73.4828,110,9/15/1972,,Andes,Magdalena Cauca,Medio Magdalena,Río Lebrija y otros directos al Magdalena,2.64000010490418,4.62181806564331,4,6,0.58695650100708,0.833333313465118,1,1,1.03999996185303,2003,05,28,80,80,83.1999969482422,0,52.8580360412598,2003-05-01,73.1008605957031,60.7012748718262,72.145637512207
23180040,Pluviométrica,Convencional,Santander,Sabana De Torres,7.4528,-73.4828,110,9/15/1972,,Andes,Magdalena Cauca,Medio Magdalena,Río Lebrija y otros directos al Magdalena,2.64000010490418,4.62181806564331,4,6,0.58695650100708,0.833333313465118,1,1,1.03999996185303,2003,05,29,18,18,18.7199993133545,0,48.3618469238281,2003-05-01,58.5159111022949,28.4053516387939,30.275390625
23180040,Pluviométrica,Convencional,Santander,Sabana De Torres,7.4528,-73.4828,110,9/15/1972,,Andes,Magdalena Cauca,Medio Magdalena,Río Lebrija y otros directos al Magdalena,2.64000010490418,4.62181806564331,4,6,0.58695650100708,0.833333313465118,1,1,1.03999996185303,2003,05,30,28,28,29.1199989318848,0,57.5467834472656,2003-05-01,53.5644073486328,52.4326858520508,49.1817131042481
23180040,Pluviométrica,Convencional,Santander,Sabana De Torres,7.4528,-73.4828,110,9/15/1972,,Andes,Magdalena Cauca,Medio Magdalena,Río Lebrija y otros directos al Magdalena,2.64000010490418,4.62181806564331,4,6,0.58695650100708,0.833333313465118,1,1,1.04999995231628,2003,06,31,135,135,141.749993562698,0,33.4351387023926,2003-06-01,61.5401039123535,100.626708984375,128.6396484375
23180040,Pluviométrica,Convencional,Santander,Sabana De Torres,7.4528,-73.4828,110,9/15/1972,,Andes,Magdalena Cauca,Medio Magdalena,Río Lebrija y otros directos al Magdalena,2.64000010490418,4.62181806564331,4,6,0.58695650100708,0.833333313465118,1,1,1.04999995231628,2003,06,32,15,15,15.7499992847443,0,28.3168487548828,2003-06-01,50.5296478271484,20.3167324066162,25.2541809082031
23180040,Pluviométrica,Convencional,Santander,Sabana De Torres,7.4528,-73.4828,110,9/15/1972,,Andes,Magdalena Cauca,Medio Magdalena,Río Lebrija y otros directos al Magdalena,2.64000010490418,4.62181806564331,4,6,0.58695650100708,0.833333313465118,1,1,1.04999995231628,2003,06,33,35,35,36.7499983310699,0,33.3049964904785,2003-06-01,61.7723083496094,43.5428009033203,52.1213684082031
23180040,Pluviométrica,Convencional,Santander,Sabana De Torres,7.4528,-73.4828,110,9/15/1972,,Andes,Magdalena Cauca,Medio Magdalena,Río Lebrija y otros directos al Magdalena,2.64000010490418,4.62181806564331,4,6,0.58695650100708,0.833333313465118,1,1,1.04999995231628,2003,06,34,47,47,49.3499977588654,0,33.2837333679199,2003-06-01,68.4431610107422,39.0856704711914,47.8167037963867
23180040,Pluviométrica,Convencional,Santander,Sabana De Torres,7.4528,-73.4828,110,9/15/1972,,Andes,Magdalena Cauca,Medio Magdalena,Río Lebrija y otros directos al Magdalena,2.64000010490418,4.62181806564331,4,6,0.58695650100708,0.833333313465118,1,1,1.04999995231628,2003,06,35,0,0,0,0,20.1453227996826,2003-06-01,28.8399066925049,15.3324642181396,19.9999256134033
23180040,Pluviométrica,Convencional,Santander,Sabana De Torres,7.4528,-73.4828,110,9/15/1972,,Andes,Magdalena Cauca,Medio Magdalena,Río Lebrija y otros directos al Magdalena,2.64000010490418,4.62181806564331,4,6,0.58695650100708,0.833333313465118,1,1,1.04999995231628,2003,06,36,60,60,62.9999971389771,0,13.2566919326782,2003-06-01,7.61983489990234,32.2542190551758,24.5867443084717
23180040,Pluviométrica,Convencional,Santander,Sabana De Torres,7.4528,-73.4828,110,9/15/1972,,Andes,Magdalena Cauca,Medio Magdalena,Río Lebrija y otros directos al Magdalena,2.64000010490418,4.62181806564331,4,6,0.58695650100708,0.833333313465118,1,1,1.04999995231628,2003,07,37,50,50,52.4999976158142,0,35.7067184448242,2003-07-01,44.2623176574707,38.8688926696777,47.1581344604492
23180040,Pluviométrica,Convencional,Santander,Sabana De Torres,7.4528,-73.4828,110,9/15/1972,,Andes,Magdalena Cauca,Medio Magdalena,Río Lebrija y otros directos al Magdalena,2.64000010490418,4.62181806564331,4,6,0.58695650100708,0.833333313465118,1,1,1.04999995231628,2003,07,38,103,103,108.149995088577,0,28.3883056640625,2003-07-01,23.2830314636231,61.6796455383301,65.5370483398438
23180040,Pluviométrica,Convencional,Santander,Sabana De Torres,7.4528,-73.4828,110,9/15/1972,,Andes,Magdalena Cauca,Medio Magdalena,Río Lebrija y otros directos al Magdalena,2.64000010490418,4.62181806564331,4,6,0.58695650100708,0.833333313465118,1,1,1.04999995231628,2003,07,39,0,0,0,0,31.4845352172852,2003-07-01,25.3358173370361,21.707202911377,23.5770473480225
23180040,Pluviométrica,Convencional,Santander,Sabana De Torres,7.4528,-73.4828,110,9/15/1972,,Andes,Magdalena Cauca,Medio Magdalena,Río Lebrija y otros directos al Magdalena,2.64000010490418,4.62181806564331,4,6,0.58695650100708,0.833333313465118,1,1,1.04999995231628,2003,07,40,39,39,40.9499981403351,0,22.0129070281982,2003-07-01,6.07794523239136,34.7238731384277,23.0079689025879
23180040,Pluviométrica,Convencional,Santander,Sabana De Torres,7.4528,-73.4828,110,9/15/1972,,Andes,Magdalena Cauca,Medio Magdalena,Río Lebrija y otros directos al Magdalena,2.64000010490418,4.62181806564331,4,6,0.58695650100708,0.833333313465118,1,1,1.04999995231628,2003,07,41,124,124,130.199994087219,0,35.9342498779297,2003-07-01,32.8019905090332,57.9728317260742,58.6281929016113
23180040,Pluviométrica,Convencional,Santander,Sabana De Torres,7.4528,-73.4828,110,9/15/1972,,Andes,Magdalena Cauca,Medio Magdalena,Río Lebrija y otros directos al Magdalena,2.64000010490418,4.62181806564331,4,6,0.58695650100708,0.833333313465118,1,1,1.04999995231628,2003,07,42,50,50,52.4999976158142,0,57.6360816955566,2003-07-01,62.6453475952149,49.6138305664063,55.4253578186035
23180040,Pluviométrica,Convencional,Santander,Sabana De Torres,7.4528,-73.4828,110,9/15/1972,,Andes,Magdalena Cauca,Medio Magdalena,Río Lebrija y otros directos al Magdalena,2.64000010490418,4.62181806564331,4,6,0.58695650100708,0.833333313465118,1,1,1.04999995231628,2003,08,43,0,0,0,0,75.0430145263672,2003-08-01,93.1237945556641,41.0559120178223,46.889347076416
23180040,Pluviométrica,Convencional,Santander,Sabana De Torres,7.4528,-73.4828,110,9/15/1972,,Andes,Magdalena Cauca,Medio Magdalena,Río Lebrija y otros directos al Magdalena,2.64000010490418,4.62181806564331,4,6,0.58695650100708,0.833333313465118,1,1,1.04999995231628,2003,08,44,25,25,26.2499988079071,0,41.3006248474121,2003-08-01,40.1741104125977,32.0253944396973,37.4468803405762
23180040,Pluviométrica,Convencional,Santander,Sabana De Torres,7.4528,-73.4828,110,9/15/1972,,Andes,Magdalena Cauca,Medio Magdalena,Río Lebrija y otros directos al Magdalena,2.64000010490418,4.62181806564331,4,6,0.58695650100708,0.833333313465118,1,1,1.04999995231628,2003,08,45,5,5,5.24999976158142,0,46.8282623291016,2003-08-01,50.4953422546387,29.7091445922852,27.9207000732422
23180040,Pluviométrica,Convencional,Santander,Sabana De Torres,7.4528,-73.4828,110,9/15/1972,,Andes,Magdalena Cauca,Medio Magdalena,Río Lebrija y otros directos al Magdalena,2.64000010490418,4.62181806564331,4,6,0.58695650100708,0.833333313465118,1,1,1.04999995231628,2003,08,46,10,10,10.4999995231628,0,46.0911483764649,2003-08-01,59.9644050598145,27.768928527832,36.5232238769531
23180040,Pluviométrica,Convencional,Santander,Sabana De Torres,7.4528,-73.4828,110,9/15/1972,,Andes,Magdalena Cauca,Medio Magdalena,Río Lebrija y otros directos al Magdalena,2.64000010490418,4.62181806564331,4,6,0.58695650100708,0.833333313465118,1,1,1.04999995231628,2003,08,47,54,54,56.6999974250794,0,47.880744934082,2003-08-01,57.5536804199219,46.983455657959,52.251651763916
23180040,Pluviométrica,Convencional,Santander,Sabana De Torres,7.4528,-73.4828,110,9/15/1972,,Andes,Magdalena Cauca,Medio Magdalena,Río Lebrija y otros directos al Magdalena,2.64000010490418,4.62181806564331,4,6,0.58695650100708,0.833333313465118,1,1,1.04999995231628,2003,08,48,95,95,99.749995470047,0,49.0335426330567,2003-08-01,48.2802085876465,52.0156135559082,52.9452285766602
23180040,Pluviométrica,Convencional,Santander,Sabana De Torres,7.4528,-73.4828,110,9/15/1972,,Andes,Magdalena Cauca,Medio Magdalena,Río Lebrija y otros directos al Magdalena,2.64000010490418,4.62181806564331,4,6,0.58695650100708,0.833333313465118,1,1,1.04999995231628,2003,09,49,6,6,6.29999971389771,0,20.0672969818115,2003-09-01,22.4217014312744,19.9064636230469,23.1245365142822
23180040,Pluviométrica,Convencional,Santander,Sabana De Torres,7.4528,-73.4828,110,9/15/1972,,Andes,Magdalena Cauca,Medio Magdalena,Río Lebrija y otros directos al Magdalena,2.64000010490418,4.62181806564331,4,6,0.58695650100708,0.833333313465118,1,1,1.04999995231628,2003,09,50,53,53,55.6499974727631,0,37.3363571166992,2003-09-01,64.0423965454102,57.748462677002,64.6994857788086
23180040,Pluviométrica,Convencional,Santander,Sabana De Torres,7.4528,-73.4828,110,9/15/1972,,Andes,Magdalena Cauca,Medio Magdalena,Río Lebrija y otros directos al Magdalena,2.64000010490418,4.62181806564331,4,6,0.58695650100708,0.833333313465118,1,1,1.04999995231628,2003,09,51,55,55,57.7499973773956,0,27.6130237579346,2003-09-01,41.8389053344727,45.5794143676758,53.47314453125
23180040,Pluviométrica,Convencional,Santander,Sabana De Torres,7.4528,-73.4828,110,9/15/1972,,Andes,Magdalena Cauca,Medio Magdalena,Río Lebrija y otros directos al Magdalena,2.64000010490418,4.62181806564331,4,6,0.58695650100708,0.833333313465118,1,1,1.04999995231628,2003,09,52,25,25,26.2499988079071,0,43.9270973205566,2003-09-01,82.7482070922852,43.3901710510254,51.0827178955078
23180040,Pluviométrica,Convencional,Santander,Sabana De Torres,7.4528,-73.4828,110,9/15/1972,,Andes,Magdalena Cauca,Medio Magdalena,Río Lebrija y otros directos al Magdalena,2.64000010490418,4.62181806564331,4,6,0.58695650100708,0.833333313465118,1,1,1.04999995231628,2003,09,53,0,0,0,0,35.0674209594727,2003-09-01,65.7718200683594,20.5345802307129,29.5245838165283
23180040,Pluviométrica,Convencional,Santander,Sabana De Torres,7.4528,-73.4828,110,9/15/1972,,Andes,Magdalena Cauca,Medio Magdalena,Río Lebrija y otros directos al Magdalena,2.64000010490418,4.62181806564331,4,6,0.58695650100708,0.833333313465118,1,1,1.04999995231628,2003,09,54,56,56,58.7999973297119,0,36.2186851501465,2003-09-01,64.8461227416992,38.3073806762695,52.341438293457
23180040,Pluviométrica,Convencional,Santander,Sabana De Torres,7.4528,-73.4828,110,9/15/1972,,Andes,Magdalena Cauca,Medio Magdalena,Río Lebrija y otros directos al Magdalena,2.64000010490418,4.62181806564331,4,6,0.58695650100708,0.833333313465118,1,1,1.03999996185303,2003,10,55,73,73,75.919997215271,0,52.5548210144043,2003-10-01,60.2827644348145,59.1754760742188,70.0629119873047
23180040,Pluviométrica,Convencional,Santander,Sabana De Torres,7.4528,-73.4828,110,9/15/1972,,Andes,Magdalena Cauca,Medio Magdalena,Río Lebrija y otros directos al Magdalena,2.64000010490418,4.62181806564331,4,6,0.58695650100708,0.833333313465118,1,1,1.03999996185303,2003,10,56,16,16,16.6399993896484,0,66.8218612670898,2003-10-01,90.105224609375,49.0926704406738,55.8091773986816
23180040,Pluviométrica,Convencional,Santander,Sabana De Torres,7.4528,-73.4828,110,9/15/1972,,Andes,Magdalena Cauca,Medio Magdalena,Río Lebrija y otros directos al Magdalena,2.64000010490418,4.62181806564331,4,6,0.58695650100708,0.833333313465118,1,1,1.03999996185303,2003,10,57,207,207,215.279992103577,0,61.6635856628418,2003-10-01,80.5944213867188,122.019882202148,132.128295898438
23180040,Pluviométrica,Convencional,Santander,Sabana De Torres,7.4528,-73.4828,110,9/15/1972,,Andes,Magdalena Cauca,Medio Magdalena,Río Lebrija y otros directos al Magdalena,2.64000010490418,4.62181806564331,4,6,0.58695650100708,0.833333313465118,1,1,1.03999996185303,2003,10,58,138,138,143.519994735718,0,56.6735649108887,2003-10-01,68.715461730957,85.7823944091797,88.7009048461914
23180040,Pluviométrica,Convencional,Santander,Sabana De Torres,7.4528,-73.4828,110,9/15/1972,,Andes,Magdalena Cauca,Medio Magdalena,Río Lebrija y otros directos al Magdalena,2.64000010490418,4.62181806564331,4,6,0.58695650100708,0.833333313465118,1,1,1.03999996185303,2003,10,59,80,80,83.1999969482422,0,52.3269386291504,2003-10-01,68.7003402709961,56.1173515319824,64.0141830444336
23180040,Pluviométrica,Convencional,Santander,Sabana De Torres,7.4528,-73.4828,110,9/15/1972,,Andes,Magdalena Cauca,Medio Magdalena,Río Lebrija y otros directos al Magdalena,2.64000010490418,4.62181806564331,4,6,0.58695650100708,0.833333313465118,1,1,1.03999996185303,2003,10,60,280,280,291.199989318848,0,98.9336700439453,2003-10-01,118.34090423584,189.939010620117,213.759353637695
23180040,Pluviométrica,Convencional,Santander,Sabana De Torres,7.4528,-73.4828,110,9/15/1972,,Andes,Magdalena Cauca,Medio Magdalena,Río Lebrija y otros directos al Magdalena,2.64000010490418,4.62181806564331,4,6,0.58695650100708,0.833333313465118,1,1,1.03999996185303,2003,11,61,0,0,0,0,48.3274002075195,2003-11-01,49.5225830078125,17.0988731384277,16.4777183532715
23180040,Pluviométrica,Convencional,Santander,Sabana De Torres,7.4528,-73.4828,110,9/15/1972,,Andes,Magdalena Cauca,Medio Magdalena,Río Lebrija y otros directos al Magdalena,2.64000010490418,4.62181806564331,4,6,0.58695650100708,0.833333313465118,1,1,1.03999996185303,2003,11,62,70,70,72.7999973297119,0,79.9096450805664,2003-11-01,93.3453979492188,82.1674499511719,92.2365036010742
23180040,Pluviométrica,Convencional,Santander,Sabana De Torres,7.4528,-73.4828,110,9/15/1972,,Andes,Magdalena Cauca,Medio Magdalena,Río Lebrija y otros directos al Magdalena,2.64000010490418,4.62181806564331,4,6,0.58695650100708,0.833333313465118,1,1,1.03999996185303,2003,11,63,55,55,57.1999979019165,0,62.4319915771484,2003-11-01,70.5384521484375,42.447395324707,44.6761665344238
23180040,Pluviométrica,Convencional,Santander,Sabana De Torres,7.4528,-73.4828,110,9/15/1972,,Andes,Magdalena Cauca,Medio Magdalena,Río Lebrija y otros directos al Magdalena,2.64000010490418,4.62181806564331,4,6,0.58695650100708,0.833333313465118,1,1,1.03999996185303,2003,11,64,140,140,145.599994659424,0,81.2116241455078,2003-11-01,81.7667617797852,104.888130187988,107.117851257324
23180040,Pluviométrica,Convencional,Santander,Sabana De Torres,7.4528,-73.4828,110,9/15/1972,,Andes,Magdalena Cauca,Medio Magdalena,Río Lebrija y otros directos al Magdalena,2.64000010490418,4.62181806564331,4,6,0.58695650100708,0.833333313465118,1,1,1.03999996185303,2003,11,65,86,86,89.4399967193604,0,87.6708526611328,2003-11-01,84.6902542114258,89.5542907714844,96.4954528808594
23180040,Pluviométrica,Convencional,Santander,Sabana De Torres,7.4528,-73.4828,110,9/15/1972,,Andes,Magdalena Cauca,Medio Magdalena,Río Lebrija y otros directos al Magdalena,2.64000010490418,4.62181806564331,4,6,0.58695650100708,0.833333313465118,1,1,1.03999996185303,2003,11,66,29,29,30.1599988937378,0,55.8229560852051,2003-11-01,59.4289131164551,48.5284843444824,52.1058464050293
23180040,Pluviométrica,Convencional,Santander,Sabana De Torres,7.4528,-73.4828,110,9/15/1972,,Andes,Magdalena Cauca,Medio Magdalena,Río Lebrija y otros directos al Magdalena,2.64000010490418,4.62181806564331,4,6,0.58695650100708,0.833333313465118,1,1,1.05999994277954,2003,12,67,40,40,42.3999977111816,0,57.8214111328125,2003-12-01,92.4919128417969,67.5135192871094,70.8147430419922
23180040,Pluviométrica,Convencional,Santander,Sabana De Torres,7.4528,-73.4828,110,9/15/1972,,Andes,Magdalena Cauca,Medio Magdalena,Río Lebrija y otros directos al Magdalena,2.64000010490418,4.62181806564331,4,6,0.58695650100708,0.833333313465118,1,1,1.05999994277954,2003,12,68,0,0,0,0,6.57373142242432,2003-12-01,10.4959993362427,5.51572608947754,6.86763286590576
23180040,Pluviométrica,Convencional,Santander,Sabana De Torres,7.4528,-73.4828,110,9/15/1972,,Andes,Magdalena Cauca,Medio Magdalena,Río Lebrija y otros directos al Magdalena,2.64000010490418,4.62181806564331,4,6,0.58695650100708,0.833333313465118,1,1,1.05999994277954,2003,12,69,35,35,37.0999979972839,0,16.1051540374756,2003-12-01,27.5061416625977,19.6904964447022,28.9929389953613
23180040,Pluviométrica,Convencional,Santander,Sabana De Torres,7.4528,-73.4828,110,9/15/1972,,Andes,Magdalena Cauca,Medio Magdalena,Río Lebrija y otros directos al Magdalena,2.64000010490418,4.62181806564331,4,6,0.58695650100708,0.833333313465118,1,1,1.05999994277954,2003,12,70,12,12,12.7199993133545,0,17.0863494873047,2003-12-01,29.8757381439209,23.926155090332,34.2089462280273
23180040,Pluviométrica,Convencional,Santander,Sabana De Torres,7.4528,-73.4828,110,9/15/1972,,Andes,Magdalena Cauca,Medio Magdalena,Río Lebrija y otros directos al Magdalena,2.64000010490418,4.62181806564331,4,6,0.58695650100708,0.833333313465118,1,1,1.05999994277954,2003,12,71,0,0,0,0,21.9226379394531,2003-12-01,40.8807182312012,7.46630334854126,11.0265426635742
23180040,Pluviométrica,Convencional,Santander,Sabana De Torres,7.4528,-73.4828,110,9/15/1972,,Andes,Magdalena Cauca,Medio Magdalena,Río Lebrija y otros directos al Magdalena,2.64000010490418,4.62181806564331,4,6,0.58695650100708,0.833333313465118,1,1,1.05999994277954,2003,12,72,0,0,0,0,27.1162948608398,2003-12-01,35.8496551513672,15.497181892395,16.9845142364502
23180040,Pluviométrica,Convencional,Santander,Sabana De Torres,7.4528,-73.4828,110,9/15/1972,,Andes,Magdalena Cauca,Medio Magdalena,Río Lebrija y otros directos al Magdalena,2.64000010490418,4.62181806564331,4,6,0.58695650100708,0.833333313465118,1,1,1.07000005245209,2004,01,1,0,0,0,0,4.74244594573975,2004-01-01,1.33791744709015,3.57070565223694,4.06638145446777
23180040,Pluviométrica,Convencional,Santander,Sabana De Torres,7.4528,-73.4828,110,9/15/1972,,Andes,Magdalena Cauca,Medio Magdalena,Río Lebrija y otros directos al Magdalena,2.64000010490418,4.62181806564331,4,6,0.58695650100708,0.833333313465118,1,1,1.07000005245209,2004,01,2,0,0,0,0,4.53246164321899,2004-01-01,0.786850214004517,7.44602823257446,3.06553983688355
23180040,Pluviométrica,Convencional,Santander,Sabana De Torres,7.4528,-73.4828,110,9/15/1972,,Andes,Magdalena Cauca,Medio Magdalena,Río Lebrija y otros directos al Magdalena,2.64000010490418,4.62181806564331,4,6,0.58695650100708,0.833333313465118,1,1,1.07000005245209,2004,01,3,0,0,0,0,12.5038585662842,2004-01-01,15.7126617431641,9.26750373840332,11.5727777481079
23180040,Pluviométrica,Convencional,Santander,Sabana De Torres,7.4528,-73.4828,110,9/15/1972,,Andes,Magdalena Cauca,Medio Magdalena,Río Lebrija y otros directos al Magdalena,2.64000010490418,4.62181806564331,4,6,0.58695650100708,0.833333313465118,1,1,1.07000005245209,2004,01,4,0,0,0,0,4.36315011978149,2004-01-01,0,4.06160497665405,0
23180040,Pluviométrica,Convencional,Santander,Sabana De Torres,7.4528,-73.4828,110,9/15/1972,,Andes,Magdalena Cauca,Medio Magdalena,Río Lebrija y otros directos al Magdalena,2.64000010490418,4.62181806564331,4,6,0.58695650100708,0.833333313465118,1,1,1.07000005245209,2004,01,5,0,0,0,0,4.15254735946655,2004-01-01,0.492262005805969,5.06102085113525,2.50483417510986
23180040,Pluviométrica,Convencional,Santander,Sabana De Torres,7.4528,-73.4828,110,9/15/1972,,Andes,Magdalena Cauca,Medio Magdalena,Río Lebrija y otros directos al Magdalena,2.64000010490418,4.62181806564331,4,6,0.58695650100708,0.833333313465118,1,1,1.07000005245209,2004,01,6,0,0,0,0,5.7424521446228,2004-01-01,0,4.58715772628784,0
23180040,Pluviométrica,Convencional,Santander,Sabana De Torres,7.4528,-73.4828,110,9/15/1972,,Andes,Magdalena Cauca,Medio Magdalena,Río Lebrija y otros directos al Magdalena,2.64000010490418,4.62181806564331,4,6,0.58695650100708,0.833333313465118,1,1,1.05999994277954,2004,02,7,0,0,0,0,4.25125551223755,2004-02-01,0.0597022771835327,2.41854190826416,0.0478073470294476
23180040,Pluviométrica,Convencional,Santander,Sabana De Torres,7.4528,-73.4828,110,9/15/1972,,Andes,Magdalena Cauca,Medio Magdalena,Río Lebrija y otros directos al Magdalena,2.64000010490418,4.62181806564331,4,6,0.58695650100708,0.833333313465118,1,1,1.05999994277954,2004,02,8,0,0,0,0,4.11456394195557,2004-02-01,1.09836149215698,2.3654899597168,0.691427648067474
23180040,Pluviométrica,Convencional,Santander,Sabana De Torres,7.4528,-73.4828,110,9/15/1972,,Andes,Magdalena Cauca,Medio Magdalena,Río Lebrija y otros directos al Magdalena,2.64000010490418,4.62181806564331,4,6,0.58695650100708,0.833333313465118,1,1,1.05999994277954,2004,02,9,0,0,0,0,4.09030723571777,2004-02-01,2.79299902915955,2.35365676879883,1.37511742115021
23180040,Pluviométrica,Convencional,Santander,Sabana De Torres,7.4528,-73.4828,110,9/15/1972,,Andes,Magdalena Cauca,Medio Magdalena,Río Lebrija y otros directos al Magdalena,2.64000010490418,4.62181806564331,4,6,0.58695650100708,0.833333313465118,1,1,1.05999994277954,2004,02,10,0,0,0,0,4.13656520843506,2004-02-01,2.41139483451843,2.83772706985474,1.537353515625
23180040,Pluviométrica,Convencional,Santander,Sabana De Torres,7.4528,-73.4828,110,9/15/1972,,Andes,Magdalena Cauca,Medio Magdalena,Río Lebrija y otros directos al Magdalena,2.64000010490418,4.62181806564331,4,6,0.58695650100708,0.833333313465118,1,1,1.05999994277954,2004,02,11,0,0,0,0,6.59138870239258,2004-02-01,4.72622442245483,9.84575080871582,8.99545860290527
23180040,Pluviométrica,Convencional,Santander,Sabana De Torres,7.4528,-73.4828,110,9/15/1972,,Andes,Magdalena Cauca,Medio Magdalena,Río Lebrija y otros directos al Magdalena,2.64000010490418,4.62181806564331,4,6,0.58695650100708,0.833333313465118,1,1,1.05999994277954,2004,02,12,0,0,0,0,14.8321561813355,2004-02-01,32.4571952819824,17.0078220367432,19.157621383667
23180040,Pluviométrica,Convencional,Santander,Sabana De Torres,7.4528,-73.4828,110,9/15/1972,,Andes,Magdalena Cauca,Medio Magdalena,Río Lebrija y otros directos al Magdalena,2.64000010490418,4.62181806564331,4,6,0.58695650100708,0.833333313465118,1,1,1.05999994277954,2004,03,13,0,0,0,0,11.4420919418335,2004-03-01,9.64814949035645,4.22001647949219,3.92944669723511
23180040,Pluviométrica,Convencional,Santander,Sabana De Torres,7.4528,-73.4828,110,9/15/1972,,Andes,Magdalena Cauca,Medio Magdalena,Río Lebrija y otros directos al Magdalena,2.64000010490418,4.62181806564331,4,6,0.58695650100708,0.833333313465118,1,1,1.05999994277954,2004,03,14,0,0,0,0,11.7431602478027,2004-03-01,9.13225364685059,10.0998773574829,9.40099430084229
23180040,Pluviométrica,Convencional,Santander,Sabana De Torres,7.4528,-73.4828,110,9/15/1972,,Andes,Magdalena Cauca,Medio Magdalena,Río Lebrija y otros directos al Magdalena,2.64000010490418,4.62181806564331,4,6,0.58695650100708,0.833333313465118,1,1,1.05999994277954,2004,03,15,0,0,0,0,11.0215654373169,2004-03-01,2.43703866004944,5.05993318557739,2.11312198638916
23180040,Pluviométrica,Convencional,Santander,Sabana De Torres,7.4528,-73.4828,110,9/15/1972,,Andes,Magdalena Cauca,Medio Magdalena,Río Lebrija y otros directos al Magdalena,2.64000010490418,4.62181806564331,4,6,0.58695650100708,0.833333313465118,1,1,1.05999994277954,2004,03,16,0,0,0,0,8.85216999053955,2004-03-01,4.58908939361572,5.3389778137207,4.1856517791748
23180040,Pluviométrica,Convencional,Santander,Sabana De Torres,7.4528,-73.4828,110,9/15/1972,,Andes,Magdalena Cauca,Medio Magdalena,Río Lebrija y otros directos al Magdalena,2.64000010490418,4.62181806564331,4,6,0.58695650100708,0.833333313465118,1,1,1.05999994277954,2004,03,17,20,20,21.1999988555908,0,9.91168403625488,2004-03-01,6.06344890594482,18.8681678771973,18.1040554046631
23180040,Pluviométrica,Convencional,Santander,Sabana De Torres,7.4528,-73.4828,110,9/15/1972,,Andes,Magdalena Cauca,Medio Magdalena,Río Lebrija y otros directos al Magdalena,2.64000010490418,4.62181806564331,4,6,0.58695650100708,0.833333313465118,1,1,1.05999994277954,2004,03,18,0,0,0,0,33.9219017028809,2004-03-01,36.2669677734375,22.6511631011963,29.3745708465576
23180040,Pluviométrica,Convencional,Santander,Sabana De Torres,7.4528,-73.4828,110,9/15/1972,,Andes,Magdalena Cauca,Medio Magdalena,Río Lebrija y otros directos al Magdalena,2.64000010490418,4.62181806564331,4,6,0.58695650100708,0.833333313465118,1,1,1.04999995231628,2004,04,19,15,15,15.7499992847443,0,38.992244720459,2004-04-01,39.6096839904785,27.2972011566162,27.9196109771729
23180040,Pluviométrica,Convencional,Santander,Sabana De Torres,7.4528,-73.4828,110,9/15/1972,,Andes,Magdalena Cauca,Medio Magdalena,Río Lebrija y otros directos al Magdalena,2.64000010490418,4.62181806564331,4,6,0.58695650100708,0.833333313465118,1,1,1.04999995231628,2004,04,20,4,4,4.19999980926514,0,48.1538887023926,2004-04-01,51.1861724853516,28.1333599090576,25.7128086090088
23180040,Pluviométrica,Convencional,Santander,Sabana De Torres,7.4528,-73.4828,110,9/15/1972,,Andes,Magdalena Cauca,Medio Magdalena,Río Lebrija y otros directos al Magdalena,2.64000010490418,4.62181806564331,4,6,0.58695650100708,0.833333313465118,1,1,1.04999995231628,2004,04,21,25,25,26.2499988079071,0,83.5817108154297,2004-04-01,90.5634765625,63.8881568908692,66.361686706543
23180040,Pluviométrica,Convencional,Santander,Sabana De Torres,7.4528,-73.4828,110,9/15/1972,,Andes,Magdalena Cauca,Medio Magdalena,Río Lebrija y otros directos al Magdalena,2.64000010490418,4.62181806564331,4,6,0.58695650100708,0.833333313465118,1,1,1.04999995231628,2004,04,22,35,35,36.7499983310699,0,34.1486358642578,2004-04-01,36.0850563049316,40.2210540771484,43.7908744812012
23180040,Pluviométrica,Convencional,Santander,Sabana De Torres,7.4528,-73.4828,110,9/15/1972,,Andes,Magdalena Cauca,Medio Magdalena,Río Lebrija y otros directos al Magdalena,2.64000010490418,4.62181806564331,4,6,0.58695650100708,0.833333313465118,1,1,1.04999995231628,2004,04,23,57,57,59.8499972820282,0,44.2602691650391,2004-04-01,45.1226387023926,59.3759689331055,57.8511047363281
23180040,Pluviométrica,Convencional,Santander,Sabana De Torres,7.4528,-73.4828,110,9/15/1972,,Andes,Magdalena Cauca,Medio Magdalena,Río Lebrija y otros directos al Magdalena,2.64000010490418,4.62181806564331,4,6,0.58695650100708,0.833333313465118,1,1,1.04999995231628,2004,04,24,112,112,117.599994659424,0,23.4600868225098,2004-04-01,22.2173194885254,48.3814239501953,49.5183448791504
23180040,Pluviométrica,Convencional,Santander,Sabana De Torres,7.4528,-73.4828,110,9/15/1972,,Andes,Magdalena Cauca,Medio Magdalena,Río Lebrija y otros directos al Magdalena,2.64000010490418,4.62181806564331,4,6,0.58695650100708,0.833333313465118,1,1,1.03999996185303,2004,05,25,4,4,4.15999984741211,0,52.5055084228516,2004-05-01,70.687370300293,58.1801071166992,64.202522277832
23180040,Pluviométrica,Convencional,Santander,Sabana De Torres,7.4528,-73.4828,110,9/15/1972,,Andes,Magdalena Cauca,Medio Magdalena,Río Lebrija y otros directos al Magdalena,2.64000010490418,4.62181806564331,4,6,0.58695650100708,0.833333313465118,1,1,1.03999996185303,2004,05,26,3,3,3.11999988555908,0,37.2684173583984,2004-05-01,43.6167259216309,26.2907409667969,27.6315593719482
23180040,Pluviométrica,Convencional,Santander,Sabana De Torres,7.4528,-73.4828,110,9/15/1972,,Andes,Magdalena Cauca,Medio Magdalena,Río Lebrija y otros directos al Magdalena,2.64000010490418,4.62181806564331,4,6,0.58695650100708,0.833333313465118,1,1,1.03999996185303,2004,05,27,0,0,0,0,63.5092315673828,2004-05-01,88.8356399536133,15.8060111999512,22.4840068817139
23180040,Pluviométrica,Convencional,Santander,Sabana De Torres,7.4528,-73.4828,110,9/15/1972,,Andes,Magdalena Cauca,Medio Magdalena,Río Lebrija y otros directos al Magdalena,2.64000010490418,4.62181806564331,4,6,0.58695650100708,0.833333313465118,1,1,1.03999996185303,2004,05,28,76,76,79.0399971008301,0,54.2117385864258,2004-05-01,70.8452072143555,82.7104797363281,97.9199142456055
23180040,Pluviométrica,Convencional,Santander,Sabana De Torres,7.4528,-73.4828,110,9/15/1972,,Andes,Magdalena Cauca,Medio Magdalena,Río Lebrija y otros directos al Magdalena,2.64000010490418,4.62181806564331,4,6,0.58695650100708,0.833333313465118,1,1,1.03999996185303,2004,05,29,0,0,0,0,30.2499904632568,2004-05-01,29.3860321044922,23.7984848022461,28.2555122375488
23180040,Pluviométrica,Convencional,Santander,Sabana De Torres,7.4528,-73.4828,110,9/15/1972,,Andes,Magdalena Cauca,Medio Magdalena,Río Lebrija y otros directos al Magdalena,2.64000010490418,4.62181806564331,4,6,0.58695650100708,0.833333313465118,1,1,1.03999996185303,2004,05,30,10,10,10.3999996185303,0,29.8230075836182,2004-05-01,19.8644027709961,42.3904037475586,37.8057441711426
23180040,Pluviométrica,Convencional,Santander,Sabana De Torres,7.4528,-73.4828,110,9/15/1972,,Andes,Magdalena Cauca,Medio Magdalena,Río Lebrija y otros directos al Magdalena,2.64000010490418,4.62181806564331,4,6,0.58695650100708,0.833333313465118,1,1,1.04999995231628,2004,06,31,45,45,47.2499978542328,0,38.8635520935059,2004-06-01,73.8891296386719,71.0636444091797,84.4759063720703
23180040,Pluviométrica,Convencional,Santander,Sabana De Torres,7.4528,-73.4828,110,9/15/1972,,Andes,Magdalena Cauca,Medio Magdalena,Río Lebrija y otros directos al Magdalena,2.64000010490418,4.62181806564331,4,6,0.58695650100708,0.833333313465118,1,1,1.04999995231628,2004,06,32,135,135,141.749993562698,0,25.9682292938232,2004-06-01,41.4947242736816,22.6330947875977,34.3759346008301
23180040,Pluviométrica,Convencional,Santander,Sabana De Torres,7.4528,-73.4828,110,9/15/1972,,Andes,Magdalena Cauca,Medio Magdalena,Río Lebrija y otros directos al Magdalena,2.64000010490418,4.62181806564331,4,6,0.58695650100708,0.833333313465118,1,1,1.04999995231628,2004,06,33,0,0,0,0,18.4566249847412,2004-06-01,24.426212310791,9.36134243011475,10.5548839569092
23180040,Pluviométrica,Convencional,Santander,Sabana De Torres,7.4528,-73.4828,110,9/15/1972,,Andes,Magdalena Cauca,Medio Magdalena,Río Lebrija y otros directos al Magdalena,2.64000010490418,4.62181806564331,4,6,0.58695650100708,0.833333313465118,1,1,1.04999995231628,2004,06,34,0,0,0,0,22.8471546173096,2004-06-01,38.2466659545898,29.4233551025391,33.3857383728027
23180040,Pluviométrica,Convencional,Santander,Sabana De Torres,7.4528,-73.4828,110,9/15/1972,,Andes,Magdalena Cauca,Medio Magdalena,Río Lebrija y otros directos al Magdalena,2.64000010490418,4.62181806564331,4,6,0.58695650100708,0.833333313465118,1,1,1.04999995231628,2004,06,35,45,45,47.2499978542328,0,17.4026374816895,2004-06-01,21.5535545349121,10.2795162200928,9.03957653045654
23180040,Pluviométrica,Convencional,Santander,Sabana De Torres,7.4528,-73.4828,110,9/15/1972,,Andes,Magdalena Cauca,Medio Magdalena,Río Lebrija y otros directos al Magdalena,2.64000010490418,4.62181806564331,4,6,0.58695650100708,0.833333313465118,1,1,1.04999995231628,2004,06,36,0,0,0,0,17.8671417236328,2004-06-01,18.5780086517334,8.125244140625,7.08455038070679
23180040,Pluviométrica,Convencional,Santander,Sabana De Torres,7.4528,-73.4828,110,9/15/1972,,Andes,Magdalena Cauca,Medio Magdalena,Río Lebrija y otros directos al Magdalena,2.64000010490418,4.62181806564331,4,6,0.58695650100708,0.833333313465118,1,1,1.04999995231628,2004,07,37,25,25,26.2499988079071,0,44.9444541931152,2004-07-01,65.6193008422852,41.635570526123,50.4300117492676
23180040,Pluviométrica,Convencional,Santander,Sabana De Torres,7.4528,-73.4828,110,9/15/1972,,Andes,Magdalena Cauca,Medio Magdalena,Río Lebrija y otros directos al Magdalena,2.64000010490418,4.62181806564331,4,6,0.58695650100708,0.833333313465118,1,1,1.04999995231628,2004,07,38,15,15,15.7499992847443,0,46.4841156005859,2004-07-01,56.0383911132813,39.5720596313477,37.6060066223145
23180040,Pluviométrica,Convencional,Santander,Sabana De Torres,7.4528,-73.4828,110,9/15/1972,,Andes,Magdalena Cauca,Medio Magdalena,Río Lebrija y otros directos al Magdalena,2.64000010490418,4.62181806564331,4,6,0.58695650100708,0.833333313465118,1,1,1.04999995231628,2004,07,39,73,73,76.6499965190888,0,40.2170143127441,2004-07-01,38.1278419494629,57.0977935791016,62.7330856323242
23180040,Pluviométrica,Convencional,Santander,Sabana De Torres,7.4528,-73.4828,110,9/15/1972,,Andes,Magdalena Cauca,Medio Magdalena,Río Lebrija y otros directos al Magdalena,2.64000010490418,4.62181806564331,4,6,0.58695650100708,0.833333313465118,1,1,1.04999995231628,2004,07,40,5,5,5.24999976158142,0,37.6367835998535,2004-07-01,29.6204948425293,37.4038810729981,34.3910064697266
23180040,Pluviométrica,Convencional,Santander,Sabana De Torres,7.4528,-73.4828,110,9/15/1972,,Andes,Magdalena Cauca,Medio Magdalena,Río Lebrija y otros directos al Magdalena,2.64000010490418,4.62181806564331,4,6,0.58695650100708,0.833333313465118,1,1,1.04999995231628,2004,07,41,0,0,0,0,42.5628356933594,2004-07-01,44.9447708129883,28.720006942749,32.7903442382813
23180040,Pluviométrica,Convencional,Santander,Sabana De Torres,7.4528,-73.4828,110,9/15/1972,,Andes,Magdalena Cauca,Medio Magdalena,Río Lebrija y otros directos al Magdalena,2.64000010490418,4.62181806564331,4,6,0.58695650100708,0.833333313465118,1,1,1.04999995231628,2004,07,42,76,76,79.7999963760376,0,35.1256828308106,2004-07-01,21.1706676483154,61.2561454772949,55.5563163757324
23180040,Pluviométrica,Convencional,Santander,Sabana De Torres,7.4528,-73.4828,110,9/15/1972,,Andes,Magdalena Cauca,Medio Magdalena,Río Lebrija y otros directos al Magdalena,2.64000010490418,4.62181806564331,4,6,0.58695650100708,0.833333313465118,1,1,1.04999995231628,2004,08,43,49,49,51.4499976634979,0,32.8488121032715,2004-08-01,25.6895637512207,42.7109298706055,44.0457534790039
23180040,Pluviométrica,Convencional,Santander,Sabana De Torres,7.4528,-73.4828,110,9/15/1972,,Andes,Magdalena Cauca,Medio Magdalena,Río Lebrija y otros directos al Magdalena,2.64000010490418,4.62181806564331,4,6,0.58695650100708,0.833333313465118,1,1,1.04999995231628,2004,08,44,0,0,0,0,36.0446701049805,2004-08-01,32.0107727050781,20.7611694335938,20.1117534637451
23180040,Pluviométrica,Convencional,Santander,Sabana De Torres,7.4528,-73.4828,110,9/15/1972,,Andes,Magdalena Cauca,Medio Magdalena,Río Lebrija y otros directos al Magdalena,2.64000010490418,4.62181806564331,4,6,0.58695650100708,0.833333313465118,1,1,1.04999995231628,2004,08,45,5,5,5.24999976158142,0,32.1261177062988,2004-08-01,27.7769832611084,33.2319831848145,37.3675689697266
23180040,Pluviométrica,Convencional,Santander,Sabana De Torres,7.4528,-73.4828,110,9/15/1972,,Andes,Magdalena Cauca,Medio Magdalena,Río Lebrija y otros directos al Magdalena,2.64000010490418,4.62181806564331,4,6,0.58695650100708,0.833333313465118,1,1,1.04999995231628,2004,08,46,5,5,5.24999976158142,0,55.2964630126953,2004-08-01,66.9274597167969,48.6599349975586,52.3223838806152
23180040,Pluviométrica,Convencional,Santander,Sabana De Torres,7.4528,-73.4828,110,9/15/1972,,Andes,Magdalena Cauca,Medio Magdalena,Río Lebrija y otros directos al Magdalena,2.64000010490418,4.62181806564331,4,6,0.58695650100708,0.833333313465118,1,1,1.04999995231628,2004,08,47,45,45,47.2499978542328,0,32.4999008178711,2004-08-01,31.4952144622803,40.8923950195313,47.7857513427734
23180040,Pluviométrica,Convencional,Santander,Sabana De Torres,7.4528,-73.4828,110,9/15/1972,,Andes,Magdalena Cauca,Medio Magdalena,Río Lebrija y otros directos al Magdalena,2.64000010490418,4.62181806564331,4,6,0.58695650100708,0.833333313465118,1,1,1.04999995231628,2004,08,48,150,150,157.499992847443,0,64.1519775390625,2004-08-01,67.7106628417969,90.2435989379883,93.2304916381836
23180040,Pluviométrica,Convencional,Santander,Sabana De Torres,7.4528,-73.4828,110,9/15/1972,,Andes,Magdalena Cauca,Medio Magdalena,Río Lebrija y otros directos al Magdalena,2.64000010490418,4.62181806564331,4,6,0.58695650100708,0.833333313465118,1,1,1.04999995231628,2004,09,49,102,102,107.099995136261,0,47.8827590942383,2004-09-01,78.7950134277344,103.088722229004,107.461715698242
23180040,Pluviométrica,Convencional,Santander,Sabana De Torres,7.4528,-73.4828,110,9/15/1972,,Andes,Magdalena Cauca,Medio Magdalena,Río Lebrija y otros directos al Magdalena,2.64000010490418,4.62181806564331,4,6,0.58695650100708,0.833333313465118,1,1,1.04999995231628,2004,09,50,152,152,159.599992752075,0,33.6819381713867,2004-09-01,57.0385894775391,101.512710571289,156.136993408203
23180040,Pluviométrica,Convencional,Santander,Sabana De Torres,7.4528,-73.4828,110,9/15/1972,,Andes,Magdalena Cauca,Medio Magdalena,Río Lebrija y otros directos al Magdalena,2.64000010490418,4.62181806564331,4,6,0.58695650100708,0.833333313465118,1,1,1.04999995231628,2004,09,51,32,32,33.5999984741211,0,20.607702255249,2004-09-01,26.6427822113037,55.6635284423828,74.2919845581055
23180040,Pluviométrica,Convencional,Santander,Sabana De Torres,7.4528,-73.4828,110,9/15/1972,,Andes,Magdalena Cauca,Medio Magdalena,Río Lebrija y otros directos al Magdalena,2.64000010490418,4.62181806564331,4,6,0.58695650100708,0.833333313465118,1,1,1.04999995231628,2004,09,52,50,50,52.4999976158142,0,26.6557750701904,2004-09-01,42.1281127929688,50.2341537475586,52.8031234741211
23180040,Pluviométrica,Convencional,Santander,Sabana De Torres,7.4528,-73.4828,110,9/15/1972,,Andes,Magdalena Cauca,Medio Magdalena,Río Lebrija y otros directos al Magdalena,2.64000010490418,4.62181806564331,4,6,0.58695650100708,0.833333313465118,1,1,1.04999995231628,2004,09,53,0,0,0,0,28.7999629974365,2004-09-01,51.4788932800293,12.8598546981812,14.7400770187378
23180040,Pluviométrica,Convencional,Santander,Sabana De Torres,7.4528,-73.4828,110,9/15/1972,,Andes,Magdalena Cauca,Medio Magdalena,Río Lebrija y otros directos al Magdalena,2.64000010490418,4.62181806564331,4,6,0.58695650100708,0.833333313465118,1,1,1.04999995231628,2004,09,54,131,131,137.549993753433,0,37.6908683776855,2004-09-01,63.9115524291992,87.952995300293,85.6847305297852
23180040,Pluviométrica,Convencional,Santander,Sabana De Torres,7.4528,-73.4828,110,9/15/1972,,Andes,Magdalena Cauca,Medio Magdalena,Río Lebrija y otros directos al Magdalena,2.64000010490418,4.62181806564331,4,6,0.58695650100708,0.833333313465118,1,1,1.03999996185303,2004,10,55,26,26,27.0399990081787,0,45.4124145507813,2004-10-01,47.9172210693359,57.9230690002441,60.6183891296387
23180040,Pluviométrica,Convencional,Santander,Sabana De Torres,7.4528,-73.4828,110,9/15/1972,,Andes,Magdalena Cauca,Medio Magdalena,Río Lebrija y otros directos al Magdalena,2.64000010490418,4.62181806564331,4,6,0.58695650100708,0.833333313465118,1,1,1.03999996185303,2004,10,56,60,60,62.3999977111816,0,54.3907775878906,2004-10-01,65.177375793457,48.7155113220215,52.2973022460938
23180040,Pluviométrica,Convencional,Santander,Sabana De Torres,7.4528,-73.4828,110,9/15/1972,,Andes,Magdalena Cauca,Medio Magdalena,Río Lebrija y otros directos al Magdalena,2.64000010490418,4.62181806564331,4,6,0.58695650100708,0.833333313465118,1,1,1.03999996185303,2004,10,57,25,25,25.9999990463257,0,39.1085205078125,2004-10-01,38.7510261535645,30.2271003723145,30.4594383239746
23180040,Pluviométrica,Convencional,Santander,Sabana De Torres,7.4528,-73.4828,110,9/15/1972,,Andes,Magdalena Cauca,Medio Magdalena,Río Lebrija y otros directos al Magdalena,2.64000010490418,4.62181806564331,4,6,0.58695650100708,0.833333313465118,1,1,1.03999996185303,2004,10,58,67,67,69.6799974441528,0,50.6953392028809,2004-10-01,65.1454086303711,93.4209747314453,112.465843200684
23180040,Pluviométrica,Convencional,Santander,Sabana De Torres,7.4528,-73.4828,110,9/15/1972,,Andes,Magdalena Cauca,Medio Magdalena,Río Lebrija y otros directos al Magdalena,2.64000010490418,4.62181806564331,4,6,0.58695650100708,0.833333313465118,1,1,1.03999996185303,2004,10,59,34,34,35.3599987030029,0,39.2149467468262,2004-10-01,45.4236221313477,38.4344863891602,40.2721252441406
23180040,Pluviométrica,Convencional,Santander,Sabana De Torres,7.4528,-73.4828,110,9/15/1972,,Andes,Magdalena Cauca,Medio Magdalena,Río Lebrija y otros directos al Magdalena,2.64000010490418,4.62181806564331,4,6,0.58695650100708,0.833333313465118,1,1,1.03999996185303,2004,10,60,50,50,51.9999980926514,2,43.5232391357422,2004-10-01,36.5578422546387,45.7842826843262,45.291862487793
23180040,Pluviométrica,Convencional,Santander,Sabana De Torres,7.4528,-73.4828,110,9/15/1972,,Andes,Magdalena Cauca,Medio Magdalena,Río Lebrija y otros directos al Magdalena,2.64000010490418,4.62181806564331,4,6,0.58695650100708,0.833333313465118,1,1,1.03999996185303,2004,11,61,0,0,0,5,48.3274002075195,2004-11-01,45.559944152832,98.577033996582,94.8651428222656
23180040,Pluviométrica,Convencional,Santander,Sabana De Torres,7.4528,-73.4828,110,9/15/1972,,Andes,Magdalena Cauca,Medio Magdalena,Río Lebrija y otros directos al Magdalena,2.64000010490418,4.62181806564331,4,6,0.58695650100708,0.833333313465118,1,1,1.03999996185303,2004,11,62,0,0,0,5,56.6814842224121,2004-11-01,59.0115203857422,93.6944885253906,107.487113952637
23180040,Pluviométrica,Convencional,Santander,Sabana De Torres,7.4528,-73.4828,110,9/15/1972,,Andes,Magdalena Cauca,Medio Magdalena,Río Lebrija y otros directos al Magdalena,2.64000010490418,4.62181806564331,4,6,0.58695650100708,0.833333313465118,1,1,1.03999996185303,2004,11,63,0,0,0,5,18.4155979156494,2004-11-01,14.7995891571045,23.3066596984863,37.4754600524902
23180040,Pluviométrica,Convencional,Santander,Sabana De Torres,7.4528,-73.4828,110,9/15/1972,,Andes,Magdalena Cauca,Medio Magdalena,Río Lebrija y otros directos al Magdalena,2.64000010490418,4.62181806564331,4,6,0.58695650100708,0.833333313465118,1,1,1.03999996185303,2004,11,64,0,0,0,5,55.406909942627,2004-11-01,51.1428337097168,53.2715034484863,44.6147880554199
23180040,Pluviométrica,Convencional,Santander,Sabana De Torres,7.4528,-73.4828,110,9/15/1972,,Andes,Magdalena Cauca,Medio Magdalena,Río Lebrija y otros directos al Magdalena,2.64000010490418,4.62181806564331,4,6,0.58695650100708,0.833333313465118,1,1,1.03999996185303,2004,11,65,0,0,0,5,25.502254486084,2004-11-01,14.8262205123901,44.0933647155762,32.8068389892578
23180040,Pluviométrica,Convencional,Santander,Sabana De Torres,7.4528,-73.4828,110,9/15/1972,,Andes,Magdalena Cauca,Medio Magdalena,Río Lebrija y otros directos al Magdalena,2.64000010490418,4.62181806564331,4,6,0.58695650100708,0.833333313465118,1,1,1.03999996185303,2004,11,66,0,0,0,5,46.5343780517578,2004-11-01,47.6402740478516,16.0955486297607,14.5048246383667
23180040,Pluviométrica,Convencional,Santander,Sabana De Torres,7.4528,-73.4828,110,9/15/1972,,Andes,Magdalena Cauca,Medio Magdalena,Río Lebrija y otros directos al Magdalena,2.64000010490418,4.62181806564331,4,6,0.58695650100708,0.833333313465118,1,1,1.05999994277954,2004,12,67,0,0,0,0,8.1956844329834,2004-12-01,12.2084827423096,11.7218637466431,16.6904983520508
23180040,Pluviométrica,Convencional,Santander,Sabana De Torres,7.4528,-73.4828,110,9/15/1972,,Andes,Magdalena Cauca,Medio Magdalena,Río Lebrija y otros directos al Magdalena,2.64000010490418,4.62181806564331,4,6,0.58695650100708,0.833333313465118,1,1,1.05999994277954,2004,12,68,0,0,0,0,16.7843456268311,2004-12-01,34.6341361999512,8.45685768127441,12.4525337219238
23180040,Pluviométrica,Convencional,Santander,Sabana De Torres,7.4528,-73.4828,110,9/15/1972,,Andes,Magdalena Cauca,Medio Magdalena,Río Lebrija y otros directos al Magdalena,2.64000010490418,4.62181806564331,4,6,0.58695650100708,0.833333313465118,1,1,1.05999994277954,2004,12,69,129,129,136.739992618561,0,14.4171562194824,2004-12-01,25.6616077423096,24.3875370025635,32.1357192993164
23180040,Pluviométrica,Convencional,Santander,Sabana De Torres,7.4528,-73.4828,110,9/15/1972,,Andes,Magdalena Cauca,Medio Magdalena,Río Lebrija y otros directos al Magdalena,2.64000010490418,4.62181806564331,4,6,0.58695650100708,0.833333313465118,1,1,1.05999994277954,2004,12,70,20,20,21.1999988555908,0,22.9639759063721,2004-12-01,39.8520050048828,27.9428482055664,33.2481117248535
23180040,Pluviométrica,Convencional,Santander,Sabana De Torres,7.4528,-73.4828,110,9/15/1972,,Andes,Magdalena Cauca,Medio Magdalena,Río Lebrija y otros directos al Magdalena,2.64000010490418,4.62181806564331,4,6,0.58695650100708,0.833333313465118,1,1,1.05999994277954,2004,12,71,0,0,0,0,3.05971169471741,2004-12-01,2.41898226737976,2.75115513801575,2.39359760284424
23180040,Pluviométrica,Convencional,Santander,Sabana De Torres,7.4528,-73.4828,110,9/15/1972,,Andes,Magdalena Cauca,Medio Magdalena,Río Lebrija y otros directos al Magdalena,2.64000010490418,4.62181806564331,4,6,0.58695650100708,0.833333313465118,1,1,1.05999994277954,2004,12,72,0,0,0,0,4.2118182182312,2004-12-01,1.10022401809692,3.10080599784851,1.14543640613556
23180040,Pluviométrica,Convencional,Santander,Sabana De Torres,7.4528,-73.4828,110,9/15/1972,,Andes,Magdalena Cauca,Medio Magdalena,Río Lebrija y otros directos al Magdalena,2.64000010490418,4.62181806564331,4,6,0.58695650100708,0.833333313465118,1,1,1.07000005245209,2005,01,1,0,0,0,0,4.74244594573975,2005-01-01,1.33791744709015,2.68017387390137,1.16029238700867
23180040,Pluviométrica,Convencional,Santander,Sabana De Torres,7.4528,-73.4828,110,9/15/1972,,Andes,Magdalena Cauca,Medio Magdalena,Río Lebrija y otros directos al Magdalena,2.64000010490418,4.62181806564331,4,6,0.58695650100708,0.833333313465118,1,1,1.07000005245209,2005,01,2,8,8,8.5600004196167,0,8.25770664215088,2005-01-01,9.40970039367676,9.37324333190918,12.6855487823486
23180040,Pluviométrica,Convencional,Santander,Sabana De Torres,7.4528,-73.4828,110,9/15/1972,,Andes,Magdalena Cauca,Medio Magdalena,Río Lebrija y otros directos al Magdalena,2.64000010490418,4.62181806564331,4,6,0.58695650100708,0.833333313465118,1,1,1.07000005245209,2005,01,3,32,32,34.2400016784668,0,10.7004280090332,2005-01-01,9.16639137268066,18.1415748596191,16.3450145721436
23180040,Pluviométrica,Convencional,Santander,Sabana De Torres,7.4528,-73.4828,110,9/15/1972,,Andes,Magdalena Cauca,Medio Magdalena,Río Lebrija y otros directos al Magdalena,2.64000010490418,4.62181806564331,4,6,0.58695650100708,0.833333313465118,1,1,1.07000005245209,2005,01,4,24,24,25.6800012588501,0,11.5353231430054,2005-01-01,7.47058296203613,24.0170383453369,26.2371921539307
23180040,Pluviométrica,Convencional,Santander,Sabana De Torres,7.4528,-73.4828,110,9/15/1972,,Andes,Magdalena Cauca,Medio Magdalena,Río Lebrija y otros directos al Magdalena,2.64000010490418,4.62181806564331,4,6,0.58695650100708,0.833333313465118,1,1,1.07000005245209,2005,01,5,0,0,0,0,4.15254735946655,2005-01-01,2.2814302444458,6.14765644073486,9.69397926330566
23180040,Pluviométrica,Convencional,Santander,Sabana De Torres,7.4528,-73.4828,110,9/15/1972,,Andes,Magdalena Cauca,Medio Magdalena,Río Lebrija y otros directos al Magdalena,2.64000010490418,4.62181806564331,4,6,0.58695650100708,0.833333313465118,1,1,1.07000005245209,2005,01,6,0,0,0,0,11.8900709152222,2005-01-01,10.3348722457886,6.99870109558106,5.42556524276733
23180040,Pluviométrica,Convencional,Santander,Sabana De Torres,7.4528,-73.4828,110,9/15/1972,,Andes,Magdalena Cauca,Medio Magdalena,Río Lebrija y otros directos al Magdalena,2.64000010490418,4.62181806564331,4,6,0.58695650100708,0.833333313465118,1,1,1.05999994277954,2005,02,7,0,0,0,0,4.25125551223755,2005-02-01,0.0597022771835327,2.79757952690125,0.0583830922842026
23180040,Pluviométrica,Convencional,Santander,Sabana De Torres,7.4528,-73.4828,110,9/15/1972,,Andes,Magdalena Cauca,Medio Magdalena,Río Lebrija y otros directos al Magdalena,2.64000010490418,4.62181806564331,4,6,0.58695650100708,0.833333313465118,1,1,1.05999994277954,2005,02,8,52,52,55.1199970245361,0,11.7960767745972,2005-02-01,18.94065284729,30.3178176879883,36.3327789306641
23180040,Pluviométrica,Convencional,Santander,Sabana De Torres,7.4528,-73.4828,110,9/15/1972,,Andes,Magdalena Cauca,Medio Magdalena,Río Lebrija y otros directos al Magdalena,2.64000010490418,4.62181806564331,4,6,0.58695650100708,0.833333313465118,1,1,1.05999994277954,2005,02,9,50,50,52.9999971389771,0,23.0217876434326,2005-02-01,43.0727043151856,36.6485939025879,39.3630027770996
23180040,Pluviométrica,Convencional,Santander,Sabana De Torres,7.4528,-73.4828,110,9/15/1972,,Andes,Magdalena Cauca,Medio Magdalena,Río Lebrija y otros directos al Magdalena,2.64000010490418,4.62181806564331,4,6,0.58695650100708,0.833333313465118,1,1,1.05999994277954,2005,02,10,0,0,0,0,4.13656520843506,2005-02-01,2.41139483451843,2.1494677066803,1.40986502170563
23180040,Pluviométrica,Convencional,Santander,Sabana De Torres,7.4528,-73.4828,110,9/15/1972,,Andes,Magdalena Cauca,Medio Magdalena,Río Lebrija y otros directos al Magdalena,2.64000010490418,4.62181806564331,4,6,0.58695650100708,0.833333313465118,1,1,1.05999994277954,2005,02,11,0,0,0,0,4.50589275360107,2005-02-01,0.974738776683807,2.20777702331543,0.665845036506653
23180040,Pluviométrica,Convencional,Santander,Sabana De Torres,7.4528,-73.4828,110,9/15/1972,,Andes,Magdalena Cauca,Medio Magdalena,Río Lebrija y otros directos al Magdalena,2.64000010490418,4.62181806564331,4,6,0.58695650100708,0.833333313465118,1,1,1.05999994277954,2005,02,12,0,0,0,0,2.12540626525879,2005-02-01,0.557212114334106,1.97991335391998,0.843876123428345
23180040,Pluviométrica,Convencional,Santander,Sabana De Torres,7.4528,-73.4828,110,9/15/1972,,Andes,Magdalena Cauca,Medio Magdalena,Río Lebrija y otros directos al Magdalena,2.64000010490418,4.62181806564331,4,6,0.58695650100708,0.833333313465118,1,1,1.05999994277954,2005,03,13,15,15,15.8999991416931,0,18.8929309844971,2005-03-01,33.636344909668,60.4620018005371,77.600700378418
23180040,Pluviométrica,Convencional,Santander,Sabana De Torres,7.4528,-73.4828,110,9/15/1972,,Andes,Magdalena Cauca,Medio Magdalena,Río Lebrija y otros directos al Magdalena,2.64000010490418,4.62181806564331,4,6,0.58695650100708,0.833333313465118,1,1,1.05999994277954,2005,03,14,0,0,0,0,8.96829128265381,2005-03-01,2.49821519851685,13.9400796890259,7.89112949371338
23180040,Pluviométrica,Convencional,Santander,Sabana De Torres,7.4528,-73.4828,110,9/15/1972,,Andes,Magdalena Cauca,Medio Magdalena,Río Lebrija y otros directos al Magdalena,2.64000010490418,4.62181806564331,4,6,0.58695650100708,0.833333313465118,1,1,1.05999994277954,2005,03,15,0,0,0,0,7.09629201889038,2005-03-01,0,4.68657398223877,0
23180040,Pluviométrica,Convencional,Santander,Sabana De Torres,7.4528,-73.4828,110,9/15/1972,,Andes,Magdalena Cauca,Medio Magdalena,Río Lebrija y otros directos al Magdalena,2.64000010490418,4.62181806564331,4,6,0.58695650100708,0.833333313465118,1,1,1.05999994277954,2005,03,16,0,0,0,0,8.85216999053955,2005-03-01,3.10586643218994,9.28436470031738,3.87108612060547
23180040,Pluviométrica,Convencional,Santander,Sabana De Torres,7.4528,-73.4828,110,9/15/1972,,Andes,Magdalena Cauca,Medio Magdalena,Río Lebrija y otros directos al Magdalena,2.64000010490418,4.62181806564331,4,6,0.58695650100708,0.833333313465118,1,1,1.05999994277954,2005,03,17,28,28,29.6799983978272,0,13.8709325790405,2005-03-01,17.0619697570801,29.2370376586914,28.4393501281738
23180040,Pluviométrica,Convencional,Santander,Sabana De Torres,7.4528,-73.4828,110,9/15/1972,,Andes,Magdalena Cauca,Medio Magdalena,Río Lebrija y otros directos al Magdalena,2.64000010490418,4.62181806564331,4,6,0.58695650100708,0.833333313465118,1,1,1.05999994277954,2005,03,18,200,200,211.999988555908,0,17.9449253082275,2005-03-01,7.36239290237427,59.5833892822266,36.515739440918
23180040,Pluviométrica,Convencional,Santander,Sabana De Torres,7.4528,-73.4828,110,9/15/1972,,Andes,Magdalena Cauca,Medio Magdalena,Río Lebrija y otros directos al Magdalena,2.64000010490418,4.62181806564331,4,6,0.58695650100708,0.833333313465118,1,1,1.04999995231628,2005,04,19,66,66,69.2999968528748,0,45.8388595581055,2005-04-01,51.284782409668,78.0065765380859,84.3399276733399
23180040,Pluviométrica,Convencional,Santander,Sabana De Torres,7.4528,-73.4828,110,9/15/1972,,Andes,Magdalena Cauca,Medio Magdalena,Río Lebrija y otros directos al Magdalena,2.64000010490418,4.62181806564331,4,6,0.58695650100708,0.833333313465118,1,1,1.04999995231628,2005,04,20,32,32,33.5999984741211,0,77.2687835693359,2005-04-01,89.045295715332,82.5031509399414,97.9140014648438
23180040,Pluviométrica,Convencional,Santander,Sabana De Torres,7.4528,-73.4828,110,9/15/1972,,Andes,Magdalena Cauca,Medio Magdalena,Río Lebrija y otros directos al Magdalena,2.64000010490418,4.62181806564331,4,6,0.58695650100708,0.833333313465118,1,1,1.04999995231628,2005,04,21,18,18,18.8999991416931,0,75.1033401489258,2005-04-01,81.5981597900391,33.545783996582,35.6126441955566
23180040,Pluviométrica,Convencional,Santander,Sabana De Torres,7.4528,-73.4828,110,9/15/1972,,Andes,Magdalena Cauca,Medio Magdalena,Río Lebrija y otros directos al Magdalena,2.64000010490418,4.62181806564331,4,6,0.58695650100708,0.833333313465118,1,1,1.04999995231628,2005,04,22,48,48,50.3999977111817,0,66.3586730957031,2005-04-01,76.5028533935547,80.9605941772461,89.1288909912109
23180040,Pluviométrica,Convencional,Santander,Sabana De Torres,7.4528,-73.4828,110,9/15/1972,,Andes,Magdalena Cauca,Medio Magdalena,Río Lebrija y otros directos al Magdalena,2.64000010490418,4.62181806564331,4,6,0.58695650100708,0.833333313465118,1,1,1.04999995231628,2005,04,23,119,119,124.949994325638,0,49.1927947998047,2005-04-01,55.3711929321289,79.3481826782227,79.8972473144531
23180040,Pluviométrica,Convencional,Santander,Sabana De Torres,7.4528,-73.4828,110,9/15/1972,,Andes,Magdalena Cauca,Medio Magdalena,Río Lebrija y otros directos al Magdalena,2.64000010490418,4.62181806564331,4,6,0.58695650100708,0.833333313465118,1,1,1.04999995231628,2005,04,24,100,100,104.999995231628,0,38.5555877685547,2005-04-01,44.8394737243652,68.5146713256836,80.6967697143555
23180040,Pluviométrica,Convencional,Santander,Sabana De Torres,7.4528,-73.4828,110,9/15/1972,,Andes,Magdalena Cauca,Medio Magdalena,Río Lebrija y otros directos al Magdalena,2.64000010490418,4.62181806564331,4,6,0.58695650100708,0.833333313465118,1,1,1.03999996185303,2005,05,25,77,77,80.0799970626831,0,46.5130004882813,2005-05-01,61.8423461914063,64.3499069213867,70.1749954223633
23180040,Pluviométrica,Convencional,Santander,Sabana De Torres,7.4528,-73.4828,110,9/15/1972,,Andes,Magdalena Cauca,Medio Magdalena,Río Lebrija y otros directos al Magdalena,2.64000010490418,4.62181806564331,4,6,0.58695650100708,0.833333313465118,1,1,1.03999996185303,2005,05,26,15,15,15.5999994277954,0,35.8376235961914,2005-05-01,41.1812019348145,30.3022918701172,33.610294342041
23180040,Pluviométrica,Convencional,Santander,Sabana De Torres,7.4528,-73.4828,110,9/15/1972,,Andes,Magdalena Cauca,Medio Magdalena,Río Lebrija y otros directos al Magdalena,2.64000010490418,4.62181806564331,4,6,0.58695650100708,0.833333313465118,1,1,1.03999996185303,2005,05,27,113,113,117.519995689392,0,50.4066886901856,2005-05-01,64.4093246459961,79.8395767211914,95.9001007080078
23180040,Pluviométrica,Convencional,Santander,Sabana De Torres,7.4528,-73.4828,110,9/15/1972,,Andes,Magdalena Cauca,Medio Magdalena,Río Lebrija y otros directos al Magdalena,2.64000010490418,4.62181806564331,4,6,0.58695650100708,0.833333313465118,1,1,1.03999996185303,2005,05,28,20,20,20.7999992370605,0,49.473819732666,2005-05-01,67.4617233276367,64.4081573486328,76.3212661743164
23180040,Pluviométrica,Convencional,Santander,Sabana De Torres,7.4528,-73.4828,110,9/15/1972,,Andes,Magdalena Cauca,Medio Magdalena,Río Lebrija y otros directos al Magdalena,2.64000010490418,4.62181806564331,4,6,0.58695650100708,0.833333313465118,1,1,1.03999996185303,2005,05,29,64,64,66.5599975585938,0,23.5418949127197,2005-05-01,20.7549571990967,36.156005859375,36.0960235595703
23180040,Pluviométrica,Convencional,Santander,Sabana De Torres,7.4528,-73.4828,110,9/15/1972,,Andes,Magdalena Cauca,Medio Magdalena,Río Lebrija y otros directos al Magdalena,2.64000010490418,4.62181806564331,4,6,0.58695650100708,0.833333313465118,1,1,1.03999996185303,2005,05,30,0,0,0,0,27.5126934051514,2005-05-01,16.8007659912109,14.5138053894043,14.8301811218262
23180040,Pluviométrica,Convencional,Santander,Sabana De Torres,7.4528,-73.4828,110,9/15/1972,,Andes,Magdalena Cauca,Medio Magdalena,Río Lebrija y otros directos al Magdalena,2.64000010490418,4.62181806564331,4,6,0.58695650100708,0.833333313465118,1,1,1.04999995231628,2005,06,31,10,10,10.4999995231628,0,28.8418655395508,2005-06-01,49.1910667419434,25.9790725708008,32.3202247619629
23180040,Pluviométrica,Convencional,Santander,Sabana De Torres,7.4528,-73.4828,110,9/15/1972,,Andes,Magdalena Cauca,Medio Magdalena,Río Lebrija y otros directos al Magdalena,2.64000010490418,4.62181806564331,4,6,0.58695650100708,0.833333313465118,1,1,1.04999995231628,2005,06,32,10,10,10.4999995231628,0,25.9682292938232,2005-06-01,42.5238571166992,15.9130201339722,18.5800285339355
23180040,Pluviométrica,Convencional,Santander,Sabana De Torres,7.4528,-73.4828,110,9/15/1972,,Andes,Magdalena Cauca,Medio Magdalena,Río Lebrija y otros directos al Magdalena,2.64000010490418,4.62181806564331,4,6,0.58695650100708,0.833333313465118,1,1,1.04999995231628,2005,06,33,7,7,7.34999966621399,0,31.1512489318848,2005-06-01,55.1424560546875,25.6782302856445,32.1768951416016
23180040,Pluviométrica,Convencional,Santander,Sabana De Torres,7.4528,-73.4828,110,9/15/1972,,Andes,Magdalena Cauca,Medio Magdalena,Río Lebrija y otros directos al Magdalena,2.64000010490418,4.62181806564331,4,6,0.58695650100708,0.833333313465118,1,1,1.04999995231628,2005,06,34,47,47,49.3499977588654,0,21.9861469268799,2005-06-01,37.0504188537598,25.3751621246338,29.6642723083496
23180040,Pluviométrica,Convencional,Santander,Sabana De Torres,7.4528,-73.4828,110,9/15/1972,,Andes,Magdalena Cauca,Medio Magdalena,Río Lebrija y otros directos al Magdalena,2.64000010490418,4.62181806564331,4,6,0.58695650100708,0.833333313465118,1,1,1.04999995231628,2005,06,35,69,69,72.4499967098236,0,34.7729644775391,2005-06-01,68.9148406982422,64.7327270507813,85.9488830566406
23180040,Pluviométrica,Convencional,Santander,Sabana De Torres,7.4528,-73.4828,110,9/15/1972,,Andes,Magdalena Cauca,Medio Magdalena,Río Lebrija y otros directos al Magdalena,2.64000010490418,4.62181806564331,4,6,0.58695650100708,0.833333313465118,1,1,1.04999995231628,2005,06,36,0,0,0,0,40.715160369873,2005-06-01,71.6452789306641,28.5313720703125,38.62451171875
23180040,Pluviométrica,Convencional,Santander,Sabana De Torres,7.4528,-73.4828,110,9/15/1972,,Andes,Magdalena Cauca,Medio Magdalena,Río Lebrija y otros directos al Magdalena,2.64000010490418,4.62181806564331,4,6,0.58695650100708,0.833333313465118,1,1,1.04999995231628,2005,07,37,85,85,89.2499959468842,0,18.5765380859375,2005-07-01,6.8386116027832,39.1550025939941,26.2786521911621
23180040,Pluviométrica,Convencional,Santander,Sabana De Torres,7.4528,-73.4828,110,9/15/1972,,Andes,Magdalena Cauca,Medio Magdalena,Río Lebrija y otros directos al Magdalena,2.64000010490418,4.62181806564331,4,6,0.58695650100708,0.833333313465118,1,1,1.04999995231628,2005,07,38,0,0,0,0,33.6419219970703,2005-07-01,31.1895027160645,18.7208404541016,16.9791851043701
23180040,Pluviométrica,Convencional,Santander,Sabana De Torres,7.4528,-73.4828,110,9/15/1972,,Andes,Magdalena Cauca,Medio Magdalena,Río Lebrija y otros directos al Magdalena,2.64000010490418,4.62181806564331,4,6,0.58695650100708,0.833333313465118,1,1,1.04999995231628,2005,07,39,122,122,128.099994182587,0,38.3598747253418,2005-07-01,31.8080615997314,84.5201263427734,93.4225769042969
23180040,Pluviométrica,Convencional,Santander,Sabana De Torres,7.4528,-73.4828,110,9/15/1972,,Andes,Magdalena Cauca,Medio Magdalena,Río Lebrija y otros directos al Magdalena,2.64000010490418,4.62181806564331,4,6,0.58695650100708,0.833333313465118,1,1,1.04999995231628,2005,07,40,20,20,20.9999990463257,0,41.8432083129883,2005-07-01,35.7620315551758,28.6168479919434,28.0836334228516
23180040,Pluviométrica,Convencional,Santander,Sabana De Torres,7.4528,-73.4828,110,9/15/1972,,Andes,Magdalena Cauca,Medio Magdalena,Río Lebrija y otros directos al Magdalena,2.64000010490418,4.62181806564331,4,6,0.58695650100708,0.833333313465118,1,1,1.04999995231628,2005,07,41,7,7,7.34999966621399,3,25.0874671936035,2005-07-01,12.9319915771484,22.2711391448975,20.4457893371582
23180040,Pluviométrica,Convencional,Santander,Sabana De Torres,7.4528,-73.4828,110,9/15/1972,,Andes,Magdalena Cauca,Medio Magdalena,Río Lebrija y otros directos al Magdalena,2.64000010490418,4.62181806564331,4,6,0.58695650100708,0.833333313465118,1,1,1.04999995231628,2005,07,42,0,0,0,6,34.399543762207,2005-07-01,19.9138584136963,23.4559154510498,19.6247711181641
23180040,Pluviométrica,Convencional,Santander,Sabana De Torres,7.4528,-73.4828,110,9/15/1972,,Andes,Magdalena Cauca,Medio Magdalena,Río Lebrija y otros directos al Magdalena,2.64000010490418,4.62181806564331,4,6,0.58695650100708,0.833333313465118,1,1,1.04999995231628,2005,08,43,38,38,39.8999981880188,0,50.070930480957,2005-08-01,52.1343574523926,45.4189262390137,46.1231918334961
23180040,Pluviométrica,Convencional,Santander,Sabana De Torres,7.4528,-73.4828,110,9/15/1972,,Andes,Magdalena Cauca,Medio Magdalena,Río Lebrija y otros directos al Magdalena,2.64000010490418,4.62181806564331,4,6,0.58695650100708,0.833333313465118,1,1,1.04999995231628,2005,08,44,26,26,27.2999987602234,0,42.1766204833984,2005-08-01,36.0924415588379,28.1995162963867,23.3168678283691
23180040,Pluviométrica,Convencional,Santander,Sabana De Torres,7.4528,-73.4828,110,9/15/1972,,Andes,Magdalena Cauca,Medio Magdalena,Río Lebrija y otros directos al Magdalena,2.64000010490418,4.62181806564331,4,6,0.58695650100708,0.833333313465118,1,1,1.04999995231628,2005,08,45,30,30,31.4999985694885,0,56.3414192199707,2005-08-01,68.9540023803711,76.4175415039063,95.8510894775391
23180040,Pluviométrica,Convencional,Santander,Sabana De Torres,7.4528,-73.4828,110,9/15/1972,,Andes,Magdalena Cauca,Medio Magdalena,Río Lebrija y otros directos al Magdalena,2.64000010490418,4.62181806564331,4,6,0.58695650100708,0.833333313465118,1,1,1.04999995231628,2005,08,46,42,42,44.0999979972839,0,51.9012985229492,2005-08-01,65.4853744506836,37.1881446838379,41.0362396240234
23180040,Pluviométrica,Convencional,Santander,Sabana De Torres,7.4528,-73.4828,110,9/15/1972,,Andes,Magdalena Cauca,Medio Magdalena,Río Lebrija y otros directos al Magdalena,2.64000010490418,4.62181806564331,4,6,0.58695650100708,0.833333313465118,1,1,1.04999995231628,2005,08,47,68,68,71.3999967575073,0,46.2617111206055,2005-08-01,53.4391899108887,63.2162246704102,86.6301498413086
23180040,Pluviométrica,Convencional,Santander,Sabana De Torres,7.4528,-73.4828,110,9/15/1972,,Andes,Magdalena Cauca,Medio Magdalena,Río Lebrija y otros directos al Magdalena,2.64000010490418,4.62181806564331,4,6,0.58695650100708,0.833333313465118,1,1,1.04999995231628,2005,08,48,32,32,33.5999984741211,0,33.2387313842773,2005-08-01,25.0379409790039,43.2835159301758,42.5437240600586
23180040,Pluviométrica,Convencional,Santander,Sabana De Torres,7.4528,-73.4828,110,9/15/1972,,Andes,Magdalena Cauca,Medio Magdalena,Río Lebrija y otros directos al Magdalena,2.64000010490418,4.62181806564331,4,6,0.58695650100708,0.833333313465118,1,1,1.04999995231628,2005,09,49,11,11,11.5499994754791,0,24.0409336090088,2005-09-01,30.8776988983154,23.5702209472656,23.4907512664795
23180040,Pluviométrica,Convencional,Santander,Sabana De Torres,7.4528,-73.4828,110,9/15/1972,,Andes,Magdalena Cauca,Medio Magdalena,Río Lebrija y otros directos al Magdalena,2.64000010490418,4.62181806564331,4,6,0.58695650100708,0.833333313465118,1,1,1.04999995231628,2005,09,50,9,9,9.44999957084656,0,32.4638061523438,2005-09-01,52.836311340332,22.699104309082,27.4909477233887
23180040,Pluviométrica,Convencional,Santander,Sabana De Torres,7.4528,-73.4828,110,9/15/1972,,Andes,Magdalena Cauca,Medio Magdalena,Río Lebrija y otros directos al Magdalena,2.64000010490418,4.62181806564331,4,6,0.58695650100708,0.833333313465118,1,1,1.04999995231628,2005,09,51,42,42,44.0999979972839,0,29.3643531799316,2005-09-01,47.3647651672363,45.447998046875,49.9279136657715
23180040,Pluviométrica,Convencional,Santander,Sabana De Torres,7.4528,-73.4828,110,9/15/1972,,Andes,Magdalena Cauca,Medio Magdalena,Río Lebrija y otros directos al Magdalena,2.64000010490418,4.62181806564331,4,6,0.58695650100708,0.833333313465118,1,1,1.04999995231628,2005,09,52,80,80,83.9999961853027,0,18.0201168060303,2005-09-01,19.7170257568359,37.280216217041,49.7999076843262
23180040,Pluviométrica,Convencional,Santander,Sabana De Torres,7.4528,-73.4828,110,9/15/1972,,Andes,Magdalena Cauca,Medio Magdalena,Río Lebrija y otros directos al Magdalena,2.64000010490418,4.62181806564331,4,6,0.58695650100708,0.833333313465118,1,1,1.04999995231628,2005,09,53,19,19,19.9499990940094,0,25.2949447631836,2005-09-01,44.1460075378418,35.126895904541,44.4344711303711
23180040,Pluviométrica,Convencional,Santander,Sabana De Torres,7.4528,-73.4828,110,9/15/1972,,Andes,Magdalena Cauca,Medio Magdalena,Río Lebrija y otros directos al Magdalena,2.64000010490418,4.62181806564331,4,6,0.58695650100708,0.833333313465118,1,1,1.04999995231628,2005,09,54,84,84,88.1999959945679,0,40.5673675537109,2005-09-01,70.7775115966797,75.2025146484375,79.0846710205078
23180040,Pluviométrica,Convencional,Santander,Sabana De Torres,7.4528,-73.4828,110,9/15/1972,,Andes,Magdalena Cauca,Medio Magdalena,Río Lebrija y otros directos al Magdalena,2.64000010490418,4.62181806564331,4,6,0.58695650100708,0.833333313465118,1,1,1.03999996185303,2005,10,55,26,26,27.0399990081787,0,70.7147369384766,2005-10-01,90.1349182128906,50.3585243225098,59.5163269042969
23180040,Pluviométrica,Convencional,Santander,Sabana De Torres,7.4528,-73.4828,110,9/15/1972,,Andes,Magdalena Cauca,Medio Magdalena,Río Lebrija y otros directos al Magdalena,2.64000010490418,4.62181806564331,4,6,0.58695650100708,0.833333313465118,1,1,1.03999996185303,2005,10,56,60,60,62.3999977111816,0,71.6030502319336,2005-10-01,91.7670745849609,68.9840393066406,77.3609619140625
23180040,Pluviométrica,Convencional,Santander,Sabana De Torres,7.4528,-73.4828,110,9/15/1972,,Andes,Magdalena Cauca,Medio Magdalena,Río Lebrija y otros directos al Magdalena,2.64000010490418,4.62181806564331,4,6,0.58695650100708,0.833333313465118,1,1,1.03999996185303,2005,10,57,37,37,38.479998588562,0,49.8957252502441,2005-10-01,56.1857795715332,50.3552627563477,60.6452903747559
23180040,Pluviométrica,Convencional,Santander,Sabana De Torres,7.4528,-73.4828,110,9/15/1972,,Andes,Magdalena Cauca,Medio Magdalena,Río Lebrija y otros directos al Magdalena,2.64000010490418,4.62181806564331,4,6,0.58695650100708,0.833333313465118,1,1,1.03999996185303,2005,10,58,67,67,69.6799974441528,0,44.8296737670898,2005-10-01,47.4967842102051,58.4800300598145,54.7982444763184
23180040,Pluviométrica,Convencional,Santander,Sabana De Torres,7.4528,-73.4828,110,9/15/1972,,Andes,Magdalena Cauca,Medio Magdalena,Río Lebrija y otros directos al Magdalena,2.64000010490418,4.62181806564331,4,6,0.58695650100708,0.833333313465118,1,1,1.03999996185303,2005,10,59,34,34,35.3599987030029,0,61.4044723510742,2005-10-01,84.218147277832,91.8261642456055,103.493194580078
23180040,Pluviométrica,Convencional,Santander,Sabana De Torres,7.4528,-73.4828,110,9/15/1972,,Andes,Magdalena Cauca,Medio Magdalena,Río Lebrija y otros directos al Magdalena,2.64000010490418,4.62181806564331,4,6,0.58695650100708,0.833333313465118,1,1,1.03999996185303,2005,10,60,50,50,51.9999980926514,0,68.8193054199219,2005-10-01,77.2508697509766,71.9364547729492,76.3052215576172
23180040,Pluviométrica,Convencional,Santander,Sabana De Torres,7.4528,-73.4828,110,9/15/1972,,Andes,Magdalena Cauca,Medio Magdalena,Río Lebrija y otros directos al Magdalena,2.64000010490418,4.62181806564331,4,6,0.58695650100708,0.833333313465118,1,1,1.03999996185303,2005,11,61,8,8,8.31999969482422,0,74.2713317871094,2005-11-01,87.1676712036133,32.7268753051758,39.2592887878418
23180040,Pluviométrica,Convencional,Santander,Sabana De Torres,7.4528,-73.4828,110,9/15/1972,,Andes,Magdalena Cauca,Medio Magdalena,Río Lebrija y otros directos al Magdalena,2.64000010490418,4.62181806564331,4,6,0.58695650100708,0.833333313465118,1,1,1.03999996185303,2005,11,62,37,37,38.479998588562,0,59.3785400390625,2005-11-01,64.531867980957,72.3508834838867,93.4212036132813
23180040,Pluviométrica,Convencional,Santander,Sabana De Torres,7.4528,-73.4828,110,9/15/1972,,Andes,Magdalena Cauca,Medio Magdalena,Río Lebrija y otros directos al Magdalena,2.64000010490418,4.62181806564331,4,6,0.58695650100708,0.833333313465118,1,1,1.03999996185303,2005,11,63,48,48,49.9199981689453,0,70.3015060424805,2005-11-01,72.533317565918,53.4623374938965,59.1842575073242
23180040,Pluviométrica,Convencional,Santander,Sabana De Torres,7.4528,-73.4828,110,9/15/1972,,Andes,Magdalena Cauca,Medio Magdalena,Río Lebrija y otros directos al Magdalena,2.64000010490418,4.62181806564331,4,6,0.58695650100708,0.833333313465118,1,1,1.03999996185303,2005,11,64,22,22,22.8799991607666,0,32.1579246520996,2005-11-01,23.5519523620606,48.6592254638672,35.4784164428711
23180040,Pluviométrica,Convencional,Santander,Sabana De Torres,7.4528,-73.4828,110,9/15/1972,,Andes,Magdalena Cauca,Medio Magdalena,Río Lebrija y otros directos al Magdalena,2.64000010490418,4.62181806564331,4,6,0.58695650100708,0.833333313465118,1,1,1.03999996185303,2005,11,65,152,152,158.07999420166,0,33.6411094665527,2005-11-01,24.2195053100586,79.1596984863281,79.2554397583008
23180040,Pluviométrica,Convencional,Santander,Sabana De Torres,7.4528,-73.4828,110,9/15/1972,,Andes,Magdalena Cauca,Medio Magdalena,Río Lebrija y otros directos al Magdalena,2.64000010490418,4.62181806564331,4,6,0.58695650100708,0.833333313465118,1,1,1.03999996185303,2005,11,66,0,0,0,0,11.6339454650879,2005-11-01,3.34623670578003,9.06993389129639,3.96667408943176
23180040,Pluviométrica,Convencional,Santander,Sabana De Torres,7.4528,-73.4828,110,9/15/1972,,Andes,Magdalena Cauca,Medio Magdalena,Río Lebrija y otros directos al Magdalena,2.64000010490418,4.62181806564331,4,6,0.58695650100708,0.833333313465118,1,1,1.05999994277954,2005,12,67,40,40,42.3999977111816,0,3.55821800231934,2005-12-01,2.82957887649536,5.64432048797607,7.90820837020874
23180040,Pluviométrica,Convencional,Santander,Sabana De Torres,7.4528,-73.4828,110,9/15/1972,,Andes,Magdalena Cauca,Medio Magdalena,Río Lebrija y otros directos al Magdalena,2.64000010490418,4.62181806564331,4,6,0.58695650100708,0.833333313465118,1,1,1.05999994277954,2005,12,68,45,45,47.6999974250794,0,9.35844421386719,2005-12-01,14.2095575332642,22.3439540863037,25.112871170044
23180040,Pluviométrica,Convencional,Santander,Sabana De Torres,7.4528,-73.4828,110,9/15/1972,,Andes,Magdalena Cauca,Medio Magdalena,Río Lebrija y otros directos al Magdalena,2.64000010490418,4.62181806564331,4,6,0.58695650100708,0.833333313465118,1,1,1.05999994277954,2005,12,69,7,7,7.41999959945679,0,3.44516110420227,2005-12-01,3.52720069885254,4.19929504394531,2.59872317314148
23180040,Pluviométrica,Convencional,Santander,Sabana De Torres,7.4528,-73.4828,110,9/15/1972,,Andes,Magdalena Cauca,Medio Magdalena,Río Lebrija y otros directos al Magdalena,2.64000010490418,4.62181806564331,4,6,0.58695650100708,0.833333313465118,1,1,1.05999994277954,2005,12,70,0,0,0,0,7.23673248291016,2005-12-01,10.0617647171021,9.39450263977051,14.3207120895386
23180040,Pluviométrica,Convencional,Santander,Sabana De Torres,7.4528,-73.4828,110,9/15/1972,,Andes,Magdalena Cauca,Medio Magdalena,Río Lebrija y otros directos al Magdalena,2.64000010490418,4.62181806564331,4,6,0.58695650100708,0.833333313465118,1,1,1.05999994277954,2005,12,71,155,155,164.299991130829,0,24.9009971618652,2005-12-01,44.7268905639648,58.5622863769531,76.7359619140625
23180040,Pluviométrica,Convencional,Santander,Sabana De Torres,7.4528,-73.4828,110,9/15/1972,,Andes,Magdalena Cauca,Medio Magdalena,Río Lebrija y otros directos al Magdalena,2.64000010490418,4.62181806564331,4,6,0.58695650100708,0.833333313465118,1,1,1.05999994277954,2005,12,72,0,0,0,0,7.82831430435181,2005-12-01,6.58697605133057,4.65767812728882,9.55413341522217
23180040,Pluviométrica,Convencional,Santander,Sabana De Torres,7.4528,-73.4828,110,9/15/1972,,Andes,Magdalena Cauca,Medio Magdalena,Río Lebrija y otros directos al Magdalena,2.64000010490418,4.62181806564331,4,6,0.58695650100708,0.833333313465118,1,1,1.07000005245209,2006,01,1,33,33,35.3100017309189,0,9.61473369598389,2006-01-01,10.4821901321411,31.2146739959717,42.2045631408691
23180040,Pluviométrica,Convencional,Santander,Sabana De Torres,7.4528,-73.4828,110,9/15/1972,,Andes,Magdalena Cauca,Medio Magdalena,Río Lebrija y otros directos al Magdalena,2.64000010490418,4.62181806564331,4,6,0.58695650100708,0.833333313465118,1,1,1.07000005245209,2006,01,2,45,45,48.1500023603439,0,13.8455724716187,2006-01-01,18.0325489044189,45.0401611328125,55.767448425293
23180040,Pluviométrica,Convencional,Santander,Sabana De Torres,7.4528,-73.4828,110,9/15/1972,,Andes,Magdalena Cauca,Medio Magdalena,Río Lebrija y otros directos al Magdalena,2.64000010490418,4.62181806564331,4,6,0.58695650100708,0.833333313465118,1,1,1.07000005245209,2006,01,3,0,0,0,0,5.29391241073608,2006-01-01,0.990400910377502,6.53741264343262,2.41501593589783
23180040,Pluviométrica,Convencional,Santander,Sabana De Torres,7.4528,-73.4828,110,9/15/1972,,Andes,Magdalena Cauca,Medio Magdalena,Río Lebrija y otros directos al Magdalena,2.64000010490418,4.62181806564331,4,6,0.58695650100708,0.833333313465118,1,1,1.07000005245209,2006,01,4,0,0,0,0,4.36315011978149,2006-01-01,0,3.03454923629761,0
23180040,Pluviométrica,Convencional,Santander,Sabana De Torres,7.4528,-73.4828,110,9/15/1972,,Andes,Magdalena Cauca,Medio Magdalena,Río Lebrija y otros directos al Magdalena,2.64000010490418,4.62181806564331,4,6,0.58695650100708,0.833333313465118,1,1,1.07000005245209,2006,01,5,0,0,0,0,4.15254735946655,2006-01-01,0.492262005805969,2.69847846031189,0.419793486595154
23180040,Pluviométrica,Convencional,Santander,Sabana De Torres,7.4528,-73.4828,110,9/15/1972,,Andes,Magdalena Cauca,Medio Magdalena,Río Lebrija y otros directos al Magdalena,2.64000010490418,4.62181806564331,4,6,0.58695650100708,0.833333313465118,1,1,1.07000005245209,2006,01,6,16,16,17.1200008392334,0,39.0413665771484,2006-01-01,63.5745735168457,21.0620269775391,22.3246803283691
23180040,Pluviométrica,Convencional,Santander,Sabana De Torres,7.4528,-73.4828,110,9/15/1972,,Andes,Magdalena Cauca,Medio Magdalena,Río Lebrija y otros directos al Magdalena,2.64000010490418,4.62181806564331,4,6,0.58695650100708,0.833333313465118,1,1,1.05999994277954,2006,02,7,20,20,21.1999988555908,0,38.7567024230957,2006-02-01,65.6131286621094,34.4811553955078,36.0846290588379
23180040,Pluviométrica,Convencional,Santander,Sabana De Torres,7.4528,-73.4828,110,9/15/1972,,Andes,Magdalena Cauca,Medio Magdalena,Río Lebrija y otros directos al Magdalena,2.64000010490418,4.62181806564331,4,6,0.58695650100708,0.833333313465118,1,1,1.05999994277954,2006,02,8,0,0,0,0,8.87550163269043,2006-02-01,10.9281425476074,7.31414890289307,12.0207757949829
23180040,Pluviométrica,Convencional,Santander,Sabana De Torres,7.4528,-73.4828,110,9/15/1972,,Andes,Magdalena Cauca,Medio Magdalena,Río Lebrija y otros directos al Magdalena,2.64000010490418,4.62181806564331,4,6,0.58695650100708,0.833333313465118,1,1,1.05999994277954,2006,02,9,0,0,0,0,4.09030723571777,2006-02-01,2.79299902915955,2.04159355163574,1.382483959198
23180040,Pluviométrica,Convencional,Santander,Sabana De Torres,7.4528,-73.4828,110,9/15/1972,,Andes,Magdalena Cauca,Medio Magdalena,Río Lebrija y otros directos al Magdalena,2.64000010490418,4.62181806564331,4,6,0.58695650100708,0.833333313465118,1,1,1.05999994277954,2006,02,10,0,0,0,0,4.13656520843506,2006-02-01,2.41139483451843,1.87682914733887,1.20433568954468
23180040,Pluviométrica,Convencional,Santander,Sabana De Torres,7.4528,-73.4828,110,9/15/1972,,Andes,Magdalena Cauca,Medio Magdalena,Río Lebrija y otros directos al Magdalena,2.64000010490418,4.62181806564331,4,6,0.58695650100708,0.833333313465118,1,1,1.05999994277954,2006,02,11,0,0,0,0,4.50589275360107,2006-02-01,0.974738776683807,2.02751874923706,0.68089759349823
23180040,Pluviométrica,Convencional,Santander,Sabana De Torres,7.4528,-73.4828,110,9/15/1972,,Andes,Magdalena Cauca,Medio Magdalena,Río Lebrija y otros directos al Magdalena,2.64000010490418,4.62181806564331,4,6,0.58695650100708,0.833333313465118,1,1,1.05999994277954,2006,02,12,0,0,0,0,7.74125576019287,2006-02-01,15.1780366897583,5.25929355621338,8.78792190551758
23180040,Pluviométrica,Convencional,Santander,Sabana De Torres,7.4528,-73.4828,110,9/15/1972,,Andes,Magdalena Cauca,Medio Magdalena,Río Lebrija y otros directos al Magdalena,2.64000010490418,4.62181806564331,4,6,0.58695650100708,0.833333313465118,1,1,1.05999994277954,2006,03,13,24,24,25.439998626709,0,20.3014755249023,2006-03-01,39.3264923095703,25.8040351867676,36.369197845459
23180040,Pluviométrica,Convencional,Santander,Sabana De Torres,7.4528,-73.4828,110,9/15/1972,,Andes,Magdalena Cauca,Medio Magdalena,Río Lebrija y otros directos al Magdalena,2.64000010490418,4.62181806564331,4,6,0.58695650100708,0.833333313465118,1,1,1.05999994277954,2006,03,14,48,48,50.879997253418,0,38.8548545837402,2006-03-01,72.2877578735352,59.5774002075195,77.0566711425781
23180040,Pluviométrica,Convencional,Santander,Sabana De Torres,7.4528,-73.4828,110,9/15/1972,,Andes,Magdalena Cauca,Medio Magdalena,Río Lebrija y otros directos al Magdalena,2.64000010490418,4.62181806564331,4,6,0.58695650100708,0.833333313465118,1,1,1.05999994277954,2006,03,15,24,24,25.439998626709,0,7.09629201889038,2006-03-01,0,12.427698135376,0
23180040,Pluviométrica,Convencional,Santander,Sabana De Torres,7.4528,-73.4828,110,9/15/1972,,Andes,Magdalena Cauca,Medio Magdalena,Río Lebrija y otros directos al Magdalena,2.64000010490418,4.62181806564331,4,6,0.58695650100708,0.833333313465118,1,1,1.05999994277954,2006,03,16,15,15,15.8999991416931,0,24.3067226409912,2006-03-01,43.1528816223145,23.9123363494873,49.2497901916504
23180040,Pluviométrica,Convencional,Santander,Sabana De Torres,7.4528,-73.4828,110,9/15/1972,,Andes,Magdalena Cauca,Medio Magdalena,Río Lebrija y otros directos al Magdalena,2.64000010490418,4.62181806564331,4,6,0.58695650100708,0.833333313465118,1,1,1.05999994277954,2006,03,17,29,29,30.7399983406067,0,37.093204498291,2006-03-01,71.7058029174805,55.0124130249024,67.0017700195313
23180040,Pluviométrica,Convencional,Santander,Sabana De Torres,7.4528,-73.4828,110,9/15/1972,,Andes,Magdalena Cauca,Medio Magdalena,Río Lebrija y otros directos al Magdalena,2.64000010490418,4.62181806564331,4,6,0.58695650100708,0.833333313465118,1,1,1.05999994277954,2006,03,18,112,112,118.719993591309,0,24.3189563751221,2006-03-01,20.4583568572998,46.2106819152832,37.8721160888672
23180040,Pluviométrica,Convencional,Santander,Sabana De Torres,7.4528,-73.4828,110,9/15/1972,,Andes,Magdalena Cauca,Medio Magdalena,Río Lebrija y otros directos al Magdalena,2.64000010490418,4.62181806564331,4,6,0.58695650100708,0.833333313465118,1,1,1.04999995231628,2006,04,19,81,81,85.049996137619,0,41.9265098571777,2006-04-01,46.0958480834961,77.7966384887695,82.7239379882813
23180040,Pluviométrica,Convencional,Santander,Sabana De Torres,7.4528,-73.4828,110,9/15/1972,,Andes,Magdalena Cauca,Medio Magdalena,Río Lebrija y otros directos al Magdalena,2.64000010490418,4.62181806564331,4,6,0.58695650100708,0.833333313465118,1,1,1.04999995231628,2006,04,20,22,22,23.0999989509583,0,29.1495552062988,2006-04-01,28.6530647277832,22.4048595428467,22.7778434753418
23180040,Pluviométrica,Convencional,Santander,Sabana De Torres,7.4528,-73.4828,110,9/15/1972,,Andes,Magdalena Cauca,Medio Magdalena,Río Lebrija y otros directos al Magdalena,2.64000010490418,4.62181806564331,4,6,0.58695650100708,0.833333313465118,1,1,1.04999995231628,2006,04,21,232,232,243.599988937378,0,64.7492523193359,2006-04-01,70.3714141845703,152.542770385742,167.638778686523
23180040,Pluviométrica,Convencional,Santander,Sabana De Torres,7.4528,-73.4828,110,9/15/1972,,Andes,Magdalena Cauca,Medio Magdalena,Río Lebrija y otros directos al Magdalena,2.64000010490418,4.62181806564331,4,6,0.58695650100708,0.833333313465118,1,1,1.04999995231628,2006,04,22,93,93,97.6499955654144,0,22.7192649841309,2006-04-01,20.526741027832,37.9186744689941,35.4027862548828
23180040,Pluviométrica,Convencional,Santander,Sabana De Torres,7.4528,-73.4828,110,9/15/1972,,Andes,Magdalena Cauca,Medio Magdalena,Río Lebrija y otros directos al Magdalena,2.64000010490418,4.62181806564331,4,6,0.58695650100708,0.833333313465118,1,1,1.04999995231628,2006,04,23,100,100,104.999995231628,0,71.1683044433594,2006-04-01,83.5547103881836,77.8067626953125,87.3056411743164
23180040,Pluviométrica,Convencional,Santander,Sabana De Torres,7.4528,-73.4828,110,9/15/1972,,Andes,Magdalena Cauca,Medio Magdalena,Río Lebrija y otros directos al Magdalena,2.64000010490418,4.62181806564331,4,6,0.58695650100708,0.833333313465118,1,1,1.04999995231628,2006,04,24,13,13,13.6499993801117,0,53.5071830749512,2006-04-01,59.6865959167481,32.8054275512695,32.542552947998
23180040,Pluviométrica,Convencional,Santander,Sabana De Torres,7.4528,-73.4828,110,9/15/1972,,Andes,Magdalena Cauca,Medio Magdalena,Río Lebrija y otros directos al Magdalena,2.64000010490418,4.62181806564331,4,6,0.58695650100708,0.833333313465118,1,1,1.03999996185303,2006,05,25,60,60,62.3999977111816,0,32.2807655334473,2006-05-01,35.3072547912598,65.7224502563477,78.0609893798828
23180040,Pluviométrica,Convencional,Santander,Sabana De Torres,7.4528,-73.4828,110,9/15/1972,,Andes,Magdalena Cauca,Medio Magdalena,Río Lebrija y otros directos al Magdalena,2.64000010490418,4.62181806564331,4,6,0.58695650100708,0.833333313465118,1,1,1.03999996185303,2006,05,26,92,92,95.6799964904785,0,60.8765106201172,2006-05-01,83.8029479980469,76.4952011108399,80.0213851928711
23180040,Pluviométrica,Convencional,Santander,Sabana De Torres,7.4528,-73.4828,110,9/15/1972,,Andes,Magdalena Cauca,Medio Magdalena,Río Lebrija y otros directos al Magdalena,2.64000010490418,4.62181806564331,4,6,0.58695650100708,0.833333313465118,1,1,1.03999996185303,2006,05,27,20,20,20.7999992370605,0,32.4768943786621,2006-05-01,33.0040626525879,28.8459300994873,30.8421630859375
23180040,Pluviométrica,Convencional,Santander,Sabana De Torres,7.4528,-73.4828,110,9/15/1972,,Andes,Magdalena Cauca,Medio Magdalena,Río Lebrija y otros directos al Magdalena,2.64000010490418,4.62181806564331,4,6,0.58695650100708,0.833333313465118,1,1,1.03999996185303,2006,05,28,24,24,24.9599990844727,0,41.351676940918,2006-05-01,49.41650390625,33.1697196960449,33.9218330383301
23180040,Pluviométrica,Convencional,Santander,Sabana De Torres,7.4528,-73.4828,110,9/15/1972,,Andes,Magdalena Cauca,Medio Magdalena,Río Lebrija y otros directos al Magdalena,2.64000010490418,4.62181806564331,4,6,0.58695650100708,0.833333313465118,1,1,1.03999996185303,2006,05,29,43,43,44.7199983596802,0,15.4921827316284,2006-05-01,7.80834436416626,13.9355621337891,8.75518894195557
23180040,Pluviométrica,Convencional,Santander,Sabana De Torres,7.4528,-73.4828,110,9/15/1972,,Andes,Magdalena Cauca,Medio Magdalena,Río Lebrija y otros directos al Magdalena,2.64000010490418,4.62181806564331,4,6,0.58695650100708,0.833333313465118,1,1,1.03999996185303,2006,05,30,23,23,23.9199991226196,0,65.2478408813477,2006-05-01,65.818962097168,52.0451240539551,57.658145904541
23180040,Pluviométrica,Convencional,Santander,Sabana De Torres,7.4528,-73.4828,110,9/15/1972,,Andes,Magdalena Cauca,Medio Magdalena,Río Lebrija y otros directos al Magdalena,2.64000010490418,4.62181806564331,4,6,0.58695650100708,0.833333313465118,1,1,1.04999995231628,2006,06,31,162,162,170.099992275238,0,38.445987701416,2006-06-01,72.8600387573242,100.214263916016,124.329795837402
23180040,Pluviométrica,Convencional,Santander,Sabana De Torres,7.4528,-73.4828,110,9/15/1972,,Andes,Magdalena Cauca,Medio Magdalena,Río Lebrija y otros directos al Magdalena,2.64000010490418,4.62181806564331,4,6,0.58695650100708,0.833333313465118,1,1,1.04999995231628,2006,06,32,93,93,97.6499955654144,0,30.7415599822998,2006-06-01,55.6538734436035,74.6329116821289,103.667373657227
23180040,Pluviométrica,Convencional,Santander,Sabana De Torres,7.4528,-73.4828,110,9/15/1972,,Andes,Magdalena Cauca,Medio Magdalena,Río Lebrija y otros directos al Magdalena,2.64000010490418,4.62181806564331,4,6,0.58695650100708,0.833333313465118,1,1,1.04999995231628,2006,06,33,0,0,0,0,10.6760511398315,2006-06-01,3.242595911026,16.3416900634766,9.10287761688232
23180040,Pluviométrica,Convencional,Santander,Sabana De Torres,7.4528,-73.4828,110,9/15/1972,,Andes,Magdalena Cauca,Medio Magdalena,Río Lebrija y otros directos al Magdalena,2.64000010490418,4.62181806564331,4,6,0.58695650100708,0.833333313465118,1,1,1.04999995231628,2006,06,34,51,51,53.5499975681305,0,13.8065690994263,2006-06-01,14.3217067718506,24.5257587432861,27.4016723632813
23180040,Pluviométrica,Convencional,Santander,Sabana De Torres,7.4528,-73.4828,110,9/15/1972,,Andes,Magdalena Cauca,Medio Magdalena,Río Lebrija y otros directos al Magdalena,2.64000010490418,4.62181806564331,4,6,0.58695650100708,0.833333313465118,1,1,1.04999995231628,2006,06,35,30,30,31.4999985694885,0,24.7164611816406,2006-06-01,42.1982192993164,30.781946182251,35.8898277282715
23180040,Pluviométrica,Convencional,Santander,Sabana De Torres,7.4528,-73.4828,110,9/15/1972,,Andes,Magdalena Cauca,Medio Magdalena,Río Lebrija y otros directos al Magdalena,2.64000010490418,4.62181806564331,4,6,0.58695650100708,0.833333313465118,1,1,1.04999995231628,2006,06,36,36,36,37.7999982833862,0,21.9010238647461,2006-06-01,30.5723533630371,16.7073020935059,15.6533088684082
23180040,Pluviométrica,Convencional,Santander,Sabana De Torres,7.4528,-73.4828,110,9/15/1972,,Andes,Magdalena Cauca,Medio Magdalena,Río Lebrija y otros directos al Magdalena,2.64000010490418,4.62181806564331,4,6,0.58695650100708,0.833333313465118,1,1,1.04999995231628,2006,07,37,23,23,24.1499989032745,0,38.3861045837402,2006-07-01,48.945182800293,17.9795150756836,21.0906352996826
23180040,Pluviométrica,Convencional,Santander,Sabana De Torres,7.4528,-73.4828,110,9/15/1972,,Andes,Magdalena Cauca,Medio Magdalena,Río Lebrija y otros directos al Magdalena,2.64000010490418,4.62181806564331,4,6,0.58695650100708,0.833333313465118,1,1,1.04999995231628,2006,07,38,0,0,0,0,29.5557727813721,2006-07-01,24.4125289916992,13.2250728607178,12.7789087295532
23180040,Pluviométrica,Convencional,Santander,Sabana De Torres,7.4528,-73.4828,110,9/15/1972,,Andes,Magdalena Cauca,Medio Magdalena,Río Lebrija y otros directos al Magdalena,2.64000010490418,4.62181806564331,4,6,0.58695650100708,0.833333313465118,1,1,1.04999995231628,2006,07,39,31,31,32.5499985218048,0,53.4955024719238,2006-07-01,59.7843208312988,51.6257019042969,53.5034103393555
23180040,Pluviométrica,Convencional,Santander,Sabana De Torres,7.4528,-73.4828,110,9/15/1972,,Andes,Magdalena Cauca,Medio Magdalena,Río Lebrija y otros directos al Magdalena,2.64000010490418,4.62181806564331,4,6,0.58695650100708,0.833333313465118,1,1,1.04999995231628,2006,07,40,0,0,0,0,42.4441261291504,2006-07-01,40.8799781799316,19.2657432556152,19.2300872802734
23180040,Pluviométrica,Convencional,Santander,Sabana De Torres,7.4528,-73.4828,110,9/15/1972,,Andes,Magdalena Cauca,Medio Magdalena,Río Lebrija y otros directos al Magdalena,2.64000010490418,4.62181806564331,4,6,0.58695650100708,0.833333313465118,1,1,1.04999995231628,2006,07,41,90,90,94.4999957084656,0,32.3186569213867,2006-07-01,23.9708786010742,54.2385101318359,52.3471755981445
23180040,Pluviométrica,Convencional,Santander,Sabana De Torres,7.4528,-73.4828,110,9/15/1972,,Andes,Magdalena Cauca,Medio Magdalena,Río Lebrija y otros directos al Magdalena,2.64000010490418,4.62181806564331,4,6,0.58695650100708,0.833333313465118,1,1,1.04999995231628,2006,07,42,12,12,12.5999994277954,0,45.2916717529297,2006-07-01,41.2796020507813,44.2995910644531,43.352970123291
23180040,Pluviométrica,Convencional,Santander,Sabana De Torres,7.4528,-73.4828,110,9/15/1972,,Andes,Magdalena Cauca,Medio Magdalena,Río Lebrija y otros directos al Magdalena,2.64000010490418,4.62181806564331,4,6,0.58695650100708,0.833333313465118,1,1,1.04999995231628,2006,08,43,0,0,0,0,32.8488121032715,2006-08-01,28.3340396881104,38.9585952758789,50.6135482788086
23180040,Pluviométrica,Convencional,Santander,Sabana De Torres,7.4528,-73.4828,110,9/15/1972,,Andes,Magdalena Cauca,Medio Magdalena,Río Lebrija y otros directos al Magdalena,2.64000010490418,4.62181806564331,4,6,0.58695650100708,0.833333313465118,1,1,1.04999995231628,2006,08,44,90,90,94.4999957084656,0,38.6726455688477,2006-08-01,34.7318840026855,77.4530487060547,86.9466705322266
23180040,Pluviométrica,Convencional,Santander,Sabana De Torres,7.4528,-73.4828,110,9/15/1972,,Andes,Magdalena Cauca,Medio Magdalena,Río Lebrija y otros directos al Magdalena,2.64000010490418,4.62181806564331,4,6,0.58695650100708,0.833333313465118,1,1,1.04999995231628,2006,08,45,40,40,41.9999980926514,0,39.0447731018066,2006-08-01,37.7162628173828,34.4136810302734,38.3225860595703
23180040,Pluviométrica,Convencional,Santander,Sabana De Torres,7.4528,-73.4828,110,9/15/1972,,Andes,Magdalena Cauca,Medio Magdalena,Río Lebrija y otros directos al Magdalena,2.64000010490418,4.62181806564331,4,6,0.58695650100708,0.833333313465118,1,1,1.04999995231628,2006,08,46,162,162,170.099992275238,0,63.7843856811524,2006-08-01,87.1167221069336,90.3898010253906,99.9257049560547
23180040,Pluviométrica,Convencional,Santander,Sabana De Torres,7.4528,-73.4828,110,9/15/1972,,Andes,Magdalena Cauca,Medio Magdalena,Río Lebrija y otros directos al Magdalena,2.64000010490418,4.62181806564331,4,6,0.58695650100708,0.833333313465118,1,1,1.04999995231628,2006,08,47,34,34,35.6999983787537,0,30.8808689117432,2006-08-01,31.4952144622803,52.558952331543,58.543327331543
23180040,Pluviométrica,Convencional,Santander,Sabana De Torres,7.4528,-73.4828,110,9/15/1972,,Andes,Magdalena Cauca,Medio Magdalena,Río Lebrija y otros directos al Magdalena,2.64000010490418,4.62181806564331,4,6,0.58695650100708,0.833333313465118,1,1,1.04999995231628,2006,08,48,85,85,89.2499959468842,0,58.8160591125488,2006-08-01,67.7106628417969,39.2749900817871,37.0887603759766
23180040,Pluviométrica,Convencional,Santander,Sabana De Torres,7.4528,-73.4828,110,9/15/1972,,Andes,Magdalena Cauca,Medio Magdalena,Río Lebrija y otros directos al Magdalena,2.64000010490418,4.62181806564331,4,6,0.58695650100708,0.833333313465118,1,1,1.04999995231628,2006,09,49,60,60,62.9999971389771,0,20.0672969818115,2006-09-01,25.2403678894043,42.2293815612793,48.522762298584
23180040,Pluviométrica,Convencional,Santander,Sabana De Torres,7.4528,-73.4828,110,9/15/1972,,Andes,Magdalena Cauca,Medio Magdalena,Río Lebrija y otros directos al Magdalena,2.64000010490418,4.62181806564331,4,6,0.58695650100708,0.833333313465118,1,1,1.04999995231628,2006,09,50,65,65,68.2499969005585,0,39.7726364135742,2006-09-01,71.0462036132813,57.1429481506348,65.2697601318359
23180040,Pluviométrica,Convencional,Santander,Sabana De Torres,7.4528,-73.4828,110,9/15/1972,,Andes,Magdalena Cauca,Medio Magdalena,Río Lebrija y otros directos al Magdalena,2.64000010490418,4.62181806564331,4,6,0.58695650100708,0.833333313465118,1,1,1.04999995231628,2006,09,51,15,15,15.7499992847443,0,33.4507942199707,2006-09-01,58.4164886474609,20.5286979675293,25.556884765625
23180040,Pluviométrica,Convencional,Santander,Sabana De Torres,7.4528,-73.4828,110,9/15/1972,,Andes,Magdalena Cauca,Medio Magdalena,Río Lebrija y otros directos al Magdalena,2.64000010490418,4.62181806564331,4,6,0.58695650100708,0.833333313465118,1,1,1.04999995231628,2006,09,52,30,30,31.4999985694885,0,23.2015113830566,2006-09-01,30.9225692749023,31.2063941955566,35.847843170166
23180040,Pluviométrica,Convencional,Santander,Sabana De Torres,7.4528,-73.4828,110,9/15/1972,,Andes,Magdalena Cauca,Medio Magdalena,Río Lebrija y otros directos al Magdalena,2.64000010490418,4.62181806564331,4,6,0.58695650100708,0.833333313465118,1,1,1.04999995231628,2006,09,53,0,0,0,0,18.2849025726318,2006-09-01,23.6139030456543,12.8866624832153,15.6996240615845
23180040,Pluviométrica,Convencional,Santander,Sabana De Torres,7.4528,-73.4828,110,9/15/1972,,Andes,Magdalena Cauca,Medio Magdalena,Río Lebrija y otros directos al Magdalena,2.64000010490418,4.62181806564331,4,6,0.58695650100708,0.833333313465118,1,1,1.04999995231628,2006,09,54,110,110,115.499994754791,0,33.3056449890137,2006-09-01,53.4443969726563,23.8280582427979,23.92746925354
23180040,Pluviométrica,Convencional,Santander,Sabana De Torres,7.4528,-73.4828,110,9/15/1972,,Andes,Magdalena Cauca,Medio Magdalena,Río Lebrija y otros directos al Magdalena,2.64000010490418,4.62181806564331,4,6,0.58695650100708,0.833333313465118,1,1,1.03999996185303,2006,10,55,160,160,166.399993896484,0,74.8350524902344,2006-10-01,100.406913757324,45.8561553955078,43.2897758483887
23180040,Pluviométrica,Convencional,Santander,Sabana De Torres,7.4528,-73.4828,110,9/15/1972,,Andes,Magdalena Cauca,Medio Magdalena,Río Lebrija y otros directos al Magdalena,2.64000010490418,4.62181806564331,4,6,0.58695650100708,0.833333313465118,1,1,1.03999996185303,2006,10,56,31,31,32.2399988174439,0,64.5796432495117,2006-10-01,81.1655731201172,46.3363456726074,47.4112396240234
23180040,Pluviométrica,Convencional,Santander,Sabana De Torres,7.4528,-73.4828,110,9/15/1972,,Andes,Magdalena Cauca,Medio Magdalena,Río Lebrija y otros directos al Magdalena,2.64000010490418,4.62181806564331,4,6,0.58695650100708,0.833333313465118,1,1,1.03999996185303,2006,10,57,40,40,41.5999984741211,0,70.4894714355469,2006-10-01,96.2856979370117,134.396591186523,159.696823120117
23180040,Pluviométrica,Convencional,Santander,Sabana De Torres,7.4528,-73.4828,110,9/15/1972,,Andes,Magdalena Cauca,Medio Magdalena,Río Lebrija y otros directos al Magdalena,2.64000010490418,4.62181806564331,4,6,0.58695650100708,0.833333313465118,1,1,1.03999996185303,2006,10,58,80,80,83.1999969482422,0,43.7207450866699,2006-10-01,45.5101013183594,39.6202926635742,40.8980674743652
23180040,Pluviométrica,Convencional,Santander,Sabana De Torres,7.4528,-73.4828,110,9/15/1972,,Andes,Magdalena Cauca,Medio Magdalena,Río Lebrija y otros directos al Magdalena,2.64000010490418,4.62181806564331,4,6,0.58695650100708,0.833333313465118,1,1,1.03999996185303,2006,10,59,140,140,145.599994659424,0,31.1460304260254,2006-10-01,29.9058074951172,40.3558921813965,38.160888671875
23180040,Pluviométrica,Convencional,Santander,Sabana De Torres,7.4528,-73.4828,110,9/15/1972,,Andes,Magdalena Cauca,Medio Magdalena,Río Lebrija y otros directos al Magdalena,2.64000010490418,4.62181806564331,4,6,0.58695650100708,0.833333313465118,1,1,1.03999996185303,2006,10,60,36,36,37.439998626709,0,84.4787902832031,2006-10-01,101.666687011719,97.4203262329102,111.970703125
23180040,Pluviométrica,Convencional,Santander,Sabana De Torres,7.4528,-73.4828,110,9/15/1972,,Andes,Magdalena Cauca,Medio Magdalena,Río Lebrija y otros directos al Magdalena,2.64000010490418,4.62181806564331,4,6,0.58695650100708,0.833333313465118,1,1,1.03999996185303,2006,11,61,32,32,33.2799987792969,0,17.8051319122314,2006-11-01,7.91485738754273,31.6526012420654,27.5312919616699
23180040,Pluviométrica,Convencional,Santander,Sabana De Torres,7.4528,-73.4828,110,9/15/1972,,Andes,Magdalena Cauca,Medio Magdalena,Río Lebrija y otros directos al Magdalena,2.64000010490418,4.62181806564331,4,6,0.58695650100708,0.833333313465118,1,1,1.03999996185303,2006,11,62,161,161,167.439993858337,0,79.3418502807617,2006-11-01,86.5627746582031,115.12760925293,127.544532775879
23180040,Pluviométrica,Convencional,Santander,Sabana De Torres,7.4528,-73.4828,110,9/15/1972,,Andes,Magdalena Cauca,Medio Magdalena,Río Lebrija y otros directos al Magdalena,2.64000010490418,4.62181806564331,4,6,0.58695650100708,0.833333313465118,1,1,1.03999996185303,2006,11,63,102,102,106.079996109009,0,90.7622451782227,2006-11-01,100.461418151855,106.34838104248,117.737655639648
23180040,Pluviométrica,Convencional,Santander,Sabana De Torres,7.4528,-73.4828,110,9/15/1972,,Andes,Magdalena Cauca,Medio Magdalena,Río Lebrija y otros directos al Magdalena,2.64000010490418,4.62181806564331,4,6,0.58695650100708,0.833333313465118,1,1,1.03999996185303,2006,11,64,23,23,23.9199991226196,0,25.6174354553223,2006-11-01,19.6709671020508,22.3986663818359,20.8532009124756
23180040,Pluviométrica,Convencional,Santander,Sabana De Torres,7.4528,-73.4828,110,9/15/1972,,Andes,Magdalena Cauca,Medio Magdalena,Río Lebrija y otros directos al Magdalena,2.64000010490418,4.62181806564331,4,6,0.58695650100708,0.833333313465118,1,1,1.03999996185303,2006,11,65,14,14,14.5599994659424,0,53.1743621826172,2006-11-01,44.8847312927246,29.6065406799316,26.960636138916
23180040,Pluviométrica,Convencional,Santander,Sabana De Torres,7.4528,-73.4828,110,9/15/1972,,Andes,Magdalena Cauca,Medio Magdalena,Río Lebrija y otros directos al Magdalena,2.64000010490418,4.62181806564331,4,6,0.58695650100708,0.833333313465118,1,1,1.03999996185303,2006,11,66,17,17,17.6799993515015,0,51.0866050720215,2006-11-01,53.4177551269531,31.9500999450684,32.1364288330078
23180040,Pluviométrica,Convencional,Santander,Sabana De Torres,7.4528,-73.4828,110,9/15/1972,,Andes,Magdalena Cauca,Medio Magdalena,Río Lebrija y otros directos al Magdalena,2.64000010490418,4.62181806564331,4,6,0.58695650100708,0.833333313465118,1,1,1.05999994277954,2006,12,67,44,44,46.6399974822998,0,8.17636299133301,2006-12-01,14.0373706817627,12.6691570281982,31.3886604309082
23180040,Pluviométrica,Convencional,Santander,Sabana De Torres,7.4528,-73.4828,110,9/15/1972,,Andes,Magdalena Cauca,Medio Magdalena,Río Lebrija y otros directos al Magdalena,2.64000010490418,4.62181806564331,4,6,0.58695650100708,0.833333313465118,1,1,1.05999994277954,2006,12,68,59,59,62.5399966239929,0,24.2102489471436,2006-12-01,45.9534950256348,53.9107780456543,58.2170257568359
23180040,Pluviométrica,Convencional,Santander,Sabana De Torres,7.4528,-73.4828,110,9/15/1972,,Andes,Magdalena Cauca,Medio Magdalena,Río Lebrija y otros directos al Magdalena,2.64000010490418,4.62181806564331,4,6,0.58695650100708,0.833333313465118,1,1,1.05999994277954,2006,12,69,0,0,0,0,11.8851566314697,2006-12-01,21.9725399017334,20.2830257415771,28.5139141082764
23180040,Pluviométrica,Convencional,Santander,Sabana De Torres,7.4528,-73.4828,110,9/15/1972,,Andes,Magdalena Cauca,Medio Magdalena,Río Lebrija y otros directos al Magdalena,2.64000010490418,4.62181806564331,4,6,0.58695650100708,0.833333313465118,1,1,1.05999994277954,2006,12,70,0,0,0,0,7.23673248291016,2006-12-01,11.8630342483521,6.6497483253479,10.4008178710938
23180040,Pluviométrica,Convencional,Santander,Sabana De Torres,7.4528,-73.4828,110,9/15/1972,,Andes,Magdalena Cauca,Medio Magdalena,Río Lebrija y otros directos al Magdalena,2.64000010490418,4.62181806564331,4,6,0.58695650100708,0.833333313465118,1,1,1.05999994277954,2006,12,71,0,0,0,0,10.0092105865479,2006-12-01,15.8805885314941,10.342625617981,12.0615301132202
23180040,Pluviométrica,Convencional,Santander,Sabana De Torres,7.4528,-73.4828,110,9/15/1972,,Andes,Magdalena Cauca,Medio Magdalena,Río Lebrija y otros directos al Magdalena,2.64000010490418,4.62181806564331,4,6,0.58695650100708,0.833333313465118,1,1,1.05999994277954,2006,12,72,6,6,6.35999965667725,0,21.0888023376465,2006-12-01,24.876148223877,17.8391170501709,16.3178424835205
23180040,Pluviométrica,Convencional,Santander,Sabana De Torres,7.4528,-73.4828,110,9/15/1972,,Andes,Magdalena Cauca,Medio Magdalena,Río Lebrija y otros directos al Magdalena,2.64000010490418,4.62181806564331,4,6,0.58695650100708,0.833333313465118,1,1,1.07000005245209,2007,01,1,0,0,0,0,9.61473369598389,2007-01-01,10.4821901321411,4.13580560684204,6.05482006072998
23180040,Pluviométrica,Convencional,Santander,Sabana De Torres,7.4528,-73.4828,110,9/15/1972,,Andes,Magdalena Cauca,Medio Magdalena,Río Lebrija y otros directos al Magdalena,2.64000010490418,4.62181806564331,4,6,0.58695650100708,0.833333313465118,1,1,1.07000005245209,2007,01,2,0,0,0,0,4.53246164321899,2007-01-01,0.786850214004517,2.76586008071899,1.12213122844696
23180040,Pluviométrica,Convencional,Santander,Sabana De Torres,7.4528,-73.4828,110,9/15/1972,,Andes,Magdalena Cauca,Medio Magdalena,Río Lebrija y otros directos al Magdalena,2.64000010490418,4.62181806564331,4,6,0.58695650100708,0.833333313465118,1,1,1.07000005245209,2007,01,3,0,0,0,0,4.38842439651489,2007-01-01,0,3.12376737594605,0
23180040,Pluviométrica,Convencional,Santander,Sabana De Torres,7.4528,-73.4828,110,9/15/1972,,Andes,Magdalena Cauca,Medio Magdalena,Río Lebrija y otros directos al Magdalena,2.64000010490418,4.62181806564331,4,6,0.58695650100708,0.833333313465118,1,1,1.07000005245209,2007,01,4,0,0,0,0,7.05271434783936,2007-01-01,2.78879356384277,3.6474142074585,3.0178279876709
23180040,Pluviométrica,Convencional,Santander,Sabana De Torres,7.4528,-73.4828,110,9/15/1972,,Andes,Magdalena Cauca,Medio Magdalena,Río Lebrija y otros directos al Magdalena,2.64000010490418,4.62181806564331,4,6,0.58695650100708,0.833333313465118,1,1,1.07000005245209,2007,01,5,0,0,0,0,4.15254735946655,2007-01-01,0.492262005805969,3.74411916732788,2.06265830993652
23180040,Pluviométrica,Convencional,Santander,Sabana De Torres,7.4528,-73.4828,110,9/15/1972,,Andes,Magdalena Cauca,Medio Magdalena,Río Lebrija y otros directos al Magdalena,2.64000010490418,4.62181806564331,4,6,0.58695650100708,0.833333313465118,1,1,1.07000005245209,2007,01,6,1,1,1.07000005245209,0,9.84086418151855,2007-01-01,8.56021595001221,4.6539421081543,5.69229364395142
23180040,Pluviométrica,Convencional,Santander,Sabana De Torres,7.4528,-73.4828,110,9/15/1972,,Andes,Magdalena Cauca,Medio Magdalena,Río Lebrija y otros directos al Magdalena,2.64000010490418,4.62181806564331,4,6,0.58695650100708,0.833333313465118,1,1,1.05999994277954,2007,02,7,0,0,0,0,4.25125551223755,2007-02-01,0.0597022771835327,2.81078338623047,0.0552775003015995
23180040,Pluviométrica,Convencional,Santander,Sabana De Torres,7.4528,-73.4828,110,9/15/1972,,Andes,Magdalena Cauca,Medio Magdalena,Río Lebrija y otros directos al Magdalena,2.64000010490418,4.62181806564331,4,6,0.58695650100708,0.833333313465118,1,1,1.05999994277954,2007,02,8,0,0,0,0,4.11456394195557,2007-02-01,1.09836149215698,2.93999361991882,0.924814522266388
23180040,Pluviométrica,Convencional,Santander,Sabana De Torres,7.4528,-73.4828,110,9/15/1972,,Andes,Magdalena Cauca,Medio Magdalena,Río Lebrija y otros directos al Magdalena,2.64000010490418,4.62181806564331,4,6,0.58695650100708,0.833333313465118,1,1,1.05999994277954,2007,02,9,10,10,10.5999994277954,0,7.87660312652588,2007-02-01,10.8489408493042,12.0501546859741,11.8963928222656
23180040,Pluviométrica,Convencional,Santander,Sabana De Torres,7.4528,-73.4828,110,9/15/1972,,Andes,Magdalena Cauca,Medio Magdalena,Río Lebrija y otros directos al Magdalena,2.64000010490418,4.62181806564331,4,6,0.58695650100708,0.833333313465118,1,1,1.05999994277954,2007,02,10,21.3,21.3,22.5779987812042,0,4.13656520843506,2007-02-01,2.41139483451843,7.98925018310547,9.58841896057129
23180040,Pluviométrica,Convencional,Santander,Sabana De Torres,7.4528,-73.4828,110,9/15/1972,,Andes,Magdalena Cauca,Medio Magdalena,Río Lebrija y otros directos al Magdalena,2.64000010490418,4.62181806564331,4,6,0.58695650100708,0.833333313465118,1,1,1.05999994277954,2007,02,11,0,0,0,0,4.50589275360107,2007-02-01,0.974738776683807,2.85291862487793,0.743711709976196
23180040,Pluviométrica,Convencional,Santander,Sabana De Torres,7.4528,-73.4828,110,9/15/1972,,Andes,Magdalena Cauca,Medio Magdalena,Río Lebrija y otros directos al Magdalena,2.64000010490418,4.62181806564331,4,6,0.58695650100708,0.833333313465118,1,1,1.05999994277954,2007,02,12,0,0,0,0,2.12540626525879,2007-02-01,0.557212114334106,1.7634516954422,0.487347036600113
23180040,Pluviométrica,Convencional,Santander,Sabana De Torres,7.4528,-73.4828,110,9/15/1972,,Andes,Magdalena Cauca,Medio Magdalena,Río Lebrija y otros directos al Magdalena,2.64000010490418,4.62181806564331,4,6,0.58695650100708,0.833333313465118,1,1,1.05999994277954,2007,03,13,6,6,6.35999965667725,0,15.5061845779419,2007-03-01,24.4101161956787,10.1420755386353,11.7782974243164
23180040,Pluviométrica,Convencional,Santander,Sabana De Torres,7.4528,-73.4828,110,9/15/1972,,Andes,Magdalena Cauca,Medio Magdalena,Río Lebrija y otros directos al Magdalena,2.64000010490418,4.62181806564331,4,6,0.58695650100708,0.833333313465118,1,1,1.05999994277954,2007,03,14,0,0,0,0,34.6838226318359,2007-03-01,63.9778251647949,16.2923908233643,23.1456832885742
23180040,Pluviométrica,Convencional,Santander,Sabana De Torres,7.4528,-73.4828,110,9/15/1972,,Andes,Magdalena Cauca,Medio Magdalena,Río Lebrija y otros directos al Magdalena,2.64000010490418,4.62181806564331,4,6,0.58695650100708,0.833333313465118,1,1,1.05999994277954,2007,03,15,34,34,36.0399980545044,0,22.7319660186768,2007-03-01,30.9982719421387,46.0791130065918,56.0350723266602
23180040,Pluviométrica,Convencional,Santander,Sabana De Torres,7.4528,-73.4828,110,9/15/1972,,Andes,Magdalena Cauca,Medio Magdalena,Río Lebrija y otros directos al Magdalena,2.64000010490418,4.62181806564331,4,6,0.58695650100708,0.833333313465118,1,1,1.05999994277954,2007,03,16,63,63,66.7799963951111,0,27.2787532806397,2007-03-01,53.5354385375977,42.3238716125488,52.0107879638672
23180040,Pluviométrica,Convencional,Santander,Sabana De Torres,7.4528,-73.4828,110,9/15/1972,,Andes,Magdalena Cauca,Medio Magdalena,Río Lebrija y otros directos al Magdalena,2.64000010490418,4.62181806564331,4,6,0.58695650100708,0.833333313465118,1,1,1.05999994277954,2007,03,17,106,106,112.359993934631,0,35.9320907592773,2007-03-01,70.3046798706055,84.0959014892578,103.631103515625
23180040,Pluviométrica,Convencional,Santander,Sabana De Torres,7.4528,-73.4828,110,9/15/1972,,Andes,Magdalena Cauca,Medio Magdalena,Río Lebrija y otros directos al Magdalena,2.64000010490418,4.62181806564331,4,6,0.58695650100708,0.833333313465118,1,1,1.05999994277954,2007,03,18,43,43,45.5799975395203,0,54.3105125427246,2007-03-01,69.8312149047852,68.8535537719727,73.4690093994141
23180040,Pluviométrica,Convencional,Santander,Sabana De Torres,7.4528,-73.4828,110,9/15/1972,,Andes,Magdalena Cauca,Medio Magdalena,Río Lebrija y otros directos al Magdalena,2.64000010490418,4.62181806564331,4,6,0.58695650100708,0.833333313465118,1,1,1.04999995231628,2007,04,19,94,94,98.6999955177307,0,65.400634765625,2007-04-01,77.2294464111328,79.1918792724609,80.8032379150391
23180040,Pluviométrica,Convencional,Santander,Sabana De Torres,7.4528,-73.4828,110,9/15/1972,,Andes,Magdalena Cauca,Medio Magdalena,Río Lebrija y otros directos al Magdalena,2.64000010490418,4.62181806564331,4,6,0.58695650100708,0.833333313465118,1,1,1.04999995231628,2007,04,20,7,7,7.34999966621399,0,51.78271484375,2007-04-01,58.4229164123535,27.2737483978272,25.6032257080078
23180040,Pluviométrica,Convencional,Santander,Sabana De Torres,7.4528,-73.4828,110,9/15/1972,,Andes,Magdalena Cauca,Medio Magdalena,Río Lebrija y otros directos al Magdalena,2.64000010490418,4.62181806564331,4,6,0.58695650100708,0.833333313465118,1,1,1.04999995231628,2007,04,21,4,4,4.19999980926514,0,24.5384387969971,2007-04-01,23.0956649780273,17.8837928771973,18.2704429626465
23180040,Pluviométrica,Convencional,Santander,Sabana De Torres,7.4528,-73.4828,110,9/15/1972,,Andes,Magdalena Cauca,Medio Magdalena,Río Lebrija y otros directos al Magdalena,2.64000010490418,4.62181806564331,4,6,0.58695650100708,0.833333313465118,1,1,1.04999995231628,2007,04,22,90,90,94.4999957084656,0,55.3396835327149,2007-04-01,61.372200012207,40.3520278930664,34.1615562438965
23180040,Pluviométrica,Convencional,Santander,Sabana De Torres,7.4528,-73.4828,110,9/15/1972,,Andes,Magdalena Cauca,Medio Magdalena,Río Lebrija y otros directos al Magdalena,2.64000010490418,4.62181806564331,4,6,0.58695650100708,0.833333313465118,1,1,1.04999995231628,2007,04,23,15,15,15.7499992847443,0,41.7503051757813,2007-04-01,48.3009910583496,76.1041259765625,95.6054611206055
23180040,Pluviométrica,Convencional,Santander,Sabana De Torres,7.4528,-73.4828,110,9/15/1972,,Andes,Magdalena Cauca,Medio Magdalena,Río Lebrija y otros directos al Magdalena,2.64000010490418,4.62181806564331,4,6,0.58695650100708,0.833333313465118,1,1,1.04999995231628,2007,04,24,60,60,62.9999971389771,0,30.480131149292,2007-04-01,30.2905750274658,42.5681266784668,39.2886352539063
23180040,Pluviométrica,Convencional,Santander,Sabana De Torres,7.4528,-73.4828,110,9/15/1972,,Andes,Magdalena Cauca,Medio Magdalena,Río Lebrija y otros directos al Magdalena,2.64000010490418,4.62181806564331,4,6,0.58695650100708,0.833333313465118,1,1,1.03999996185303,2007,05,25,49,49,50.9599981307984,0,45.7639274597168,2007-05-01,56.7880401611328,49.7610778808594,45.1697120666504
23180040,Pluviométrica,Convencional,Santander,Sabana De Torres,7.4528,-73.4828,110,9/15/1972,,Andes,Magdalena Cauca,Medio Magdalena,Río Lebrija y otros directos al Magdalena,2.64000010490418,4.62181806564331,4,6,0.58695650100708,0.833333313465118,1,1,1.03999996185303,2007,05,26,61,61,63.4399976730347,0,53.0071449279785,2007-05-01,71.6253051757813,61.266227722168,73.1409530639649
23180040,Pluviométrica,Convencional,Santander,Sabana De Torres,7.4528,-73.4828,110,9/15/1972,,Andes,Magdalena Cauca,Medio Magdalena,Río Lebrija y otros directos al Magdalena,2.64000010490418,4.62181806564331,4,6,0.58695650100708,0.833333313465118,1,1,1.03999996185303,2007,05,27,17,17,17.6799993515015,0,31.2775764465332,2007-05-01,33.3074913024902,28.0415477752686,28.1011371612549
23180040,Pluviométrica,Convencional,Santander,Sabana De Torres,7.4528,-73.4828,110,9/15/1972,,Andes,Magdalena Cauca,Medio Magdalena,Río Lebrija y otros directos al Magdalena,2.64000010490418,4.62181806564331,4,6,0.58695650100708,0.833333313465118,1,1,1.03999996185303,2007,05,28,128,128,133.119995117188,0,57.1145172119141,2007-05-01,73.4123077392578,85.4992446899414,84.9021530151367
23180040,Pluviométrica,Convencional,Santander,Sabana De Torres,7.4528,-73.4828,110,9/15/1972,,Andes,Magdalena Cauca,Medio Magdalena,Río Lebrija y otros directos al Magdalena,2.64000010490418,4.62181806564331,4,6,0.58695650100708,0.833333313465118,1,1,1.03999996185303,2007,05,29,24,24,24.9599990844727,0,32.2624206542969,2007-05-01,35.8593368530273,69.9500503540039,81.2823944091797
23180040,Pluviométrica,Convencional,Santander,Sabana De Torres,7.4528,-73.4828,110,9/15/1972,,Andes,Magdalena Cauca,Medio Magdalena,Río Lebrija y otros directos al Magdalena,2.64000010490418,4.62181806564331,4,6,0.58695650100708,0.833333313465118,1,1,1.03999996185303,2007,05,30,185,185,192.39999294281,0,70.6385803222656,2007-05-01,72.9674453735352,98.2088928222656,99.4351348876953
23180040,Pluviométrica,Convencional,Santander,Sabana De Torres,7.4528,-73.4828,110,9/15/1972,,Andes,Magdalena Cauca,Medio Magdalena,Río Lebrija y otros directos al Magdalena,2.64000010490418,4.62181806564331,4,6,0.58695650100708,0.833333313465118,1,1,1.04999995231628,2007,06,31,24,24,25.1999988555908,0,11.3039169311523,2007-06-01,5.96946954727173,23.2303886413574,18.190502166748
23180040,Pluviométrica,Convencional,Santander,Sabana De Torres,7.4528,-73.4828,110,9/15/1972,,Andes,Magdalena Cauca,Medio Magdalena,Río Lebrija y otros directos al Magdalena,2.64000010490418,4.62181806564331,4,6,0.58695650100708,0.833333313465118,1,1,1.04999995231628,2007,06,32,92,92,96.5999956130982,0,18.2578563690186,2007-06-01,20.9120693206787,34.295539855957,38.4458923339844
23180040,Pluviométrica,Convencional,Santander,Sabana De Torres,7.4528,-73.4828,110,9/15/1972,,Andes,Magdalena Cauca,Medio Magdalena,Río Lebrija y otros directos al Magdalena,2.64000010490418,4.62181806564331,4,6,0.58695650100708,0.833333313465118,1,1,1.04999995231628,2007,06,33,7,7,7.34999966621399,0,12.7235708236694,2007-06-01,7.47931861877441,19.4620113372803,19.3405151367188
23180040,Pluviométrica,Convencional,Santander,Sabana De Torres,7.4528,-73.4828,110,9/15/1972,,Andes,Magdalena Cauca,Medio Magdalena,Río Lebrija y otros directos al Magdalena,2.64000010490418,4.62181806564331,4,6,0.58695650100708,0.833333313465118,1,1,1.04999995231628,2007,06,34,48,48,50.3999977111817,0,10.7930383682251,2007-06-01,4.75172567367554,21.2383918762207,16.3834247589111
23180040,Pluviométrica,Convencional,Santander,Sabana De Torres,7.4528,-73.4828,110,9/15/1972,,Andes,Magdalena Cauca,Medio Magdalena,Río Lebrija y otros directos al Magdalena,2.64000010490418,4.62181806564331,4,6,0.58695650100708,0.833333313465118,1,1,1.04999995231628,2007,06,35,0,0,0,0,11.4601602554321,2007-06-01,4.5520658493042,13.4774599075317,8.03174877166748
23180040,Pluviométrica,Convencional,Santander,Sabana De Torres,7.4528,-73.4828,110,9/15/1972,,Andes,Magdalena Cauca,Medio Magdalena,Río Lebrija y otros directos al Magdalena,2.64000010490418,4.62181806564331,4,6,0.58695650100708,0.833333313465118,1,1,1.04999995231628,2007,06,36,7,7,7.34999966621399,0,22.9733219146729,2007-06-01,29.4957427978516,16.9905910491943,18.5409927368164
23180040,Pluviométrica,Convencional,Santander,Sabana De Torres,7.4528,-73.4828,110,9/15/1972,,Andes,Magdalena Cauca,Medio Magdalena,Río Lebrija y otros directos al Magdalena,2.64000010490418,4.62181806564331,4,6,0.58695650100708,0.833333313465118,1,1,1.04999995231628,2007,07,37,0,0,0,0,22.3097515106201,2007-07-01,16.1651477813721,6.49217081069946,6.02122735977173
23180040,Pluviométrica,Convencional,Santander,Sabana De Torres,7.4528,-73.4828,110,9/15/1972,,Andes,Magdalena Cauca,Medio Magdalena,Río Lebrija y otros directos al Magdalena,2.64000010490418,4.62181806564331,4,6,0.58695650100708,0.833333313465118,1,1,1.04999995231628,2007,07,38,1,1,1.04999995231628,0,26.0973224639893,2007-07-01,18.8548469543457,10.3746204376221,8.54170608520508
23180040,Pluviométrica,Convencional,Santander,Sabana De Torres,7.4528,-73.4828,110,9/15/1972,,Andes,Magdalena Cauca,Medio Magdalena,Río Lebrija y otros directos al Magdalena,2.64000010490418,4.62181806564331,4,6,0.58695650100708,0.833333313465118,1,1,1.04999995231628,2007,07,39,46,46,48.2999978065491,0,26.3349456787109,2007-07-01,13.3775787353516,33.7079010009766,27.2444171905518
23180040,Pluviométrica,Convencional,Santander,Sabana De Torres,7.4528,-73.4828,110,9/15/1972,,Andes,Magdalena Cauca,Medio Magdalena,Río Lebrija y otros directos al Magdalena,2.64000010490418,4.62181806564331,4,6,0.58695650100708,0.833333313465118,1,1,1.04999995231628,2007,07,40,32,32,33.5999984741211,0,42.4441261291504,2007-07-01,39.856388092041,53.4235649108887,57.346076965332
23180040,Pluviométrica,Convencional,Santander,Sabana De Torres,7.4528,-73.4828,110,9/15/1972,,Andes,Magdalena Cauca,Medio Magdalena,Río Lebrija y otros directos al Magdalena,2.64000010490418,4.62181806564331,4,6,0.58695650100708,0.833333313465118,1,1,1.04999995231628,2007,07,41,30,30,31.4999985694885,0,30.5108585357666,2007-07-01,23.9708786010742,28.8958778381348,23.6507759094238
23180040,Pluviométrica,Convencional,Santander,Sabana De Torres,7.4528,-73.4828,110,9/15/1972,,Andes,Magdalena Cauca,Medio Magdalena,Río Lebrija y otros directos al Magdalena,2.64000010490418,4.62181806564331,4,6,0.58695650100708,0.833333313465118,1,1,1.04999995231628,2007,07,42,6,6,6.29999971389771,0,39.482536315918,2007-07-01,29.9683284759522,23.8951683044434,14.549729347229
23180040,Pluviométrica,Convencional,Santander,Sabana De Torres,7.4528,-73.4828,110,9/15/1972,,Andes,Magdalena Cauca,Medio Magdalena,Río Lebrija y otros directos al Magdalena,2.64000010490418,4.62181806564331,4,6,0.58695650100708,0.833333313465118,1,1,1.04999995231628,2007,08,43,51,51,53.5499975681305,0,49.2098350524902,2007-08-01,53.4565963745117,53.5328826904297,48.8977355957031
23180040,Pluviométrica,Convencional,Santander,Sabana De Torres,7.4528,-73.4828,110,9/15/1972,,Andes,Magdalena Cauca,Medio Magdalena,Río Lebrija y otros directos al Magdalena,2.64000010490418,4.62181806564331,4,6,0.58695650100708,0.833333313465118,1,1,1.04999995231628,2007,08,44,121,121,127.04999423027,0,22.0287837982178,2007-08-01,11.6024208068848,44.3779029846191,42.0303497314453
23180040,Pluviométrica,Convencional,Santander,Sabana De Torres,7.4528,-73.4828,110,9/15/1972,,Andes,Magdalena Cauca,Medio Magdalena,Río Lebrija y otros directos al Magdalena,2.64000010490418,4.62181806564331,4,6,0.58695650100708,0.833333313465118,1,1,1.04999995231628,2007,08,45,68,68,71.3999967575073,0,45.6116409301758,2007-08-01,51.3617172241211,72.190185546875,82.4737777709961
23180040,Pluviométrica,Convencional,Santander,Sabana De Torres,7.4528,-73.4828,110,9/15/1972,,Andes,Magdalena Cauca,Medio Magdalena,Río Lebrija y otros directos al Magdalena,2.64000010490418,4.62181806564331,4,6,0.58695650100708,0.833333313465118,1,1,1.04999995231628,2007,08,46,92,92,96.5999956130982,0,34.4075431823731,2007-08-01,34.3215637207031,63.4197845458984,62.2443542480469
23180040,Pluviométrica,Convencional,Santander,Sabana De Torres,7.4528,-73.4828,110,9/15/1972,,Andes,Magdalena Cauca,Medio Magdalena,Río Lebrija y otros directos al Magdalena,2.64000010490418,4.62181806564331,4,6,0.58695650100708,0.833333313465118,1,1,1.04999995231628,2007,08,47,38,38,39.8999981880188,0,45.584285736084,2007-08-01,52.2914924621582,61.8967399597168,66.5641021728516
23180040,Pluviométrica,Convencional,Santander,Sabana De Torres,7.4528,-73.4828,110,9/15/1972,,Andes,Magdalena Cauca,Medio Magdalena,Río Lebrija y otros directos al Magdalena,2.64000010490418,4.62181806564331,4,6,0.58695650100708,0.833333313465118,1,1,1.04999995231628,2007,08,48,92,92,96.5999956130982,0,37.5405616760254,2007-08-01,30.3440284729004,44.9327545166016,36.9237289428711
23180040,Pluviométrica,Convencional,Santander,Sabana De Torres,7.4528,-73.4828,110,9/15/1972,,Andes,Magdalena Cauca,Medio Magdalena,Río Lebrija y otros directos al Magdalena,2.64000010490418,4.62181806564331,4,6,0.58695650100708,0.833333313465118,1,1,1.04999995231628,2007,09,49,23,23,24.1499989032745,0,22.7163887023926,2007-09-01,26.6497020721436,25.9362411499023,27.9149971008301
23180040,Pluviométrica,Convencional,Santander,Sabana De Torres,7.4528,-73.4828,110,9/15/1972,,Andes,Magdalena Cauca,Medio Magdalena,Río Lebrija y otros directos al Magdalena,2.64000010490418,4.62181806564331,4,6,0.58695650100708,0.833333313465118,1,1,1.04999995231628,2007,09,50,10,10,10.4999995231628,0,25.7640361785889,2007-09-01,38.8286895751953,21.5267925262451,25.8460483551025
23180040,Pluviométrica,Convencional,Santander,Sabana De Torres,7.4528,-73.4828,110,9/15/1972,,Andes,Magdalena Cauca,Medio Magdalena,Río Lebrija y otros directos al Magdalena,2.64000010490418,4.62181806564331,4,6,0.58695650100708,0.833333313465118,1,1,1.04999995231628,2007,09,51,150,150,157.499992847443,0,31.7922821044922,2007-09-01,50.3415641784668,69.4332580566406,77.9048233032227
23180040,Pluviométrica,Convencional,Santander,Sabana De Torres,7.4528,-73.4828,110,9/15/1972,,Andes,Magdalena Cauca,Medio Magdalena,Río Lebrija y otros directos al Magdalena,2.64000010490418,4.62181806564331,4,6,0.58695650100708,0.833333313465118,1,1,1.04999995231628,2007,09,52,26,26,27.2999987602234,0,28.382905960083,2007-09-01,46.330192565918,25.098388671875,31.048864364624
23180040,Pluviométrica,Convencional,Santander,Sabana De Torres,7.4528,-73.4828,110,9/15/1972,,Andes,Magdalena Cauca,Medio Magdalena,Río Lebrija y otros directos al Magdalena,2.64000010490418,4.62181806564331,4,6,0.58695650100708,0.833333313465118,1,1,1.04999995231628,2007,09,53,10,10,10.4999995231628,0,36.8496284484863,2007-09-01,70.2461318969727,48.7576141357422,59.0094833374024
23180040,Pluviométrica,Convencional,Santander,Sabana De Torres,7.4528,-73.4828,110,9/15/1972,,Andes,Magdalena Cauca,Medio Magdalena,Río Lebrija y otros directos al Magdalena,2.64000010490418,4.62181806564331,4,6,0.58695650100708,0.833333313465118,1,1,1.04999995231628,2007,09,54,83,83,87.1499960422516,0,18.202730178833,2007-09-01,17.3950119018555,39.903923034668,38.9254417419434
23180040,Pluviométrica,Convencional,Santander,Sabana De Torres,7.4528,-73.4828,110,9/15/1972,,Andes,Magdalena Cauca,Medio Magdalena,Río Lebrija y otros directos al Magdalena,2.64000010490418,4.62181806564331,4,6,0.58695650100708,0.833333313465118,1,1,1.03999996185303,2007,10,55,55,55,57.1999979019165,0,61.6347808837891,2007-10-01,80.7079238891602,39.3612632751465,41.6852378845215
23180040,Pluviométrica,Convencional,Santander,Sabana De Torres,7.4528,-73.4828,110,9/15/1972,,Andes,Magdalena Cauca,Medio Magdalena,Río Lebrija y otros directos al Magdalena,2.64000010490418,4.62181806564331,4,6,0.58695650100708,0.833333313465118,1,1,1.03999996185303,2007,10,56,31,31,32.2399988174439,0,36.2222709655762,2007-10-01,31.9402484893799,36.7870674133301,35.8597831726074
23180040,Pluviométrica,Convencional,Santander,Sabana De Torres,7.4528,-73.4828,110,9/15/1972,,Andes,Magdalena Cauca,Medio Magdalena,Río Lebrija y otros directos al Magdalena,2.64000010490418,4.62181806564331,4,6,0.58695650100708,0.833333313465118,1,1,1.03999996185303,2007,10,57,79,79,82.1599969863892,0,58.7216186523438,2007-10-01,73.6205215454102,76.3051528930664,86.5924835205078
23180040,Pluviométrica,Convencional,Santander,Sabana De Torres,7.4528,-73.4828,110,9/15/1972,,Andes,Magdalena Cauca,Medio Magdalena,Río Lebrija y otros directos al Magdalena,2.64000010490418,4.62181806564331,4,6,0.58695650100708,0.833333313465118,1,1,1.03999996185303,2007,10,58,212,212,220.479991912842,0,59.8377571105957,2007-10-01,69.0067443847656,125.083915710449,132.539154052734
23180040,Pluviométrica,Convencional,Santander,Sabana De Torres,7.4528,-73.4828,110,9/15/1972,,Andes,Magdalena Cauca,Medio Magdalena,Río Lebrija y otros directos al Magdalena,2.64000010490418,4.62181806564331,4,6,0.58695650100708,0.833333313465118,1,1,1.03999996185303,2007,10,59,1,1,1.03999996185303,0,46.2752494812012,2007-10-01,57.0619773864746,31.1685810089111,35.6328544616699
23180040,Pluviométrica,Convencional,Santander,Sabana De Torres,7.4528,-73.4828,110,9/15/1972,,Andes,Magdalena Cauca,Medio Magdalena,Río Lebrija y otros directos al Magdalena,2.64000010490418,4.62181806564331,4,6,0.58695650100708,0.833333313465118,1,1,1.03999996185303,2007,10,60,100,100,103.999996185303,0,54.3644104003906,2007-10-01,48.7657508850098,101.609642028809,112.659896850586
23180040,Pluviométrica,Convencional,Santander,Sabana De Torres,7.4528,-73.4828,110,9/15/1972,,Andes,Magdalena Cauca,Medio Magdalena,Río Lebrija y otros directos al Magdalena,2.64000010490418,4.62181806564331,4,6,0.58695650100708,0.833333313465118,1,1,1.03999996185303,2007,11,61,80,80,83.1999969482422,0,33.0662689208984,2007-11-01,25.7467384338379,44.2441253662109,46.0871925354004
23180040,Pluviométrica,Convencional,Santander,Sabana De Torres,7.4528,-73.4828,110,9/15/1972,,Andes,Magdalena Cauca,Medio Magdalena,Río Lebrija y otros directos al Magdalena,2.64000010490418,4.62181806564331,4,6,0.58695650100708,0.833333313465118,1,1,1.03999996185303,2007,11,62,64,64,66.5599975585938,0,56.3072471618652,2007-11-01,56.5206260681152,77.8423080444336,86.2766494750977
23180040,Pluviométrica,Convencional,Santander,Sabana De Torres,7.4528,-73.4828,110,9/15/1972,,Andes,Magdalena Cauca,Medio Magdalena,Río Lebrija y otros directos al Magdalena,2.64000010490418,4.62181806564331,4,6,0.58695650100708,0.833333313465118,1,1,1.03999996185303,2007,11,63,32,32,33.2799987792969,0,45.1190452575684,2007-11-01,46.6000823974609,38.9661674499512,41.145751953125
23180040,Pluviométrica,Convencional,Santander,Sabana De Torres,7.4528,-73.4828,110,9/15/1972,,Andes,Magdalena Cauca,Medio Magdalena,Río Lebrija y otros directos al Magdalena,2.64000010490418,4.62181806564331,4,6,0.58695650100708,0.833333313465118,1,1,1.03999996185303,2007,11,64,2,2,2.07999992370605,0,50.1442832946777,2007-11-01,42.9568901062012,17.3782539367676,12.9275398254395
23180040,Pluviométrica,Convencional,Santander,Sabana De Torres,7.4528,-73.4828,110,9/15/1972,,Andes,Magdalena Cauca,Medio Magdalena,Río Lebrija y otros directos al Magdalena,2.64000010490418,4.62181806564331,4,6,0.58695650100708,0.833333313465118,1,1,1.03999996185303,2007,11,65,0,0,0,0,71.0798492431641,2007-11-01,67.4286193847656,47.1878662109375,48.4986763000488
23180040,Pluviométrica,Convencional,Santander,Sabana De Torres,7.4528,-73.4828,110,9/15/1972,,Andes,Magdalena Cauca,Medio Magdalena,Río Lebrija y otros directos al Magdalena,2.64000010490418,4.62181806564331,4,6,0.58695650100708,0.833333313465118,1,1,1.03999996185303,2007,11,66,0,0,0,0,16.2052249908447,2007-11-01,9.14789295196533,5.55326652526856,3.54435086250305
23180040,Pluviométrica,Convencional,Santander,Sabana De Torres,7.4528,-73.4828,110,9/15/1972,,Andes,Magdalena Cauca,Medio Magdalena,Río Lebrija y otros directos al Magdalena,2.64000010490418,4.62181806564331,4,6,0.58695650100708,0.833333313465118,1,1,1.05999994277954,2007,12,67,12,12,12.7199993133545,0,3.55821800231934,2007-12-01,2.82957887649536,7.60758113861084,6.66822290420532
23180040,Pluviométrica,Convencional,Santander,Sabana De Torres,7.4528,-73.4828,110,9/15/1972,,Andes,Magdalena Cauca,Medio Magdalena,Río Lebrija y otros directos al Magdalena,2.64000010490418,4.62181806564331,4,6,0.58695650100708,0.833333313465118,1,1,1.05999994277954,2007,12,68,0,0,0,0,5.6454930305481,2007-12-01,8.63921928405762,6.08926868438721,20.1843585968018
23180040,Pluviométrica,Convencional,Santander,Sabana De Torres,7.4528,-73.4828,110,9/15/1972,,Andes,Magdalena Cauca,Medio Magdalena,Río Lebrija y otros directos al Magdalena,2.64000010490418,4.62181806564331,4,6,0.58695650100708,0.833333313465118,1,1,1.05999994277954,2007,12,69,44,44,46.6399974822998,0,20.015811920166,2007-12-01,45.7511749267578,49.1338043212891,71.0793533325195
23180040,Pluviométrica,Convencional,Santander,Sabana De Torres,7.4528,-73.4828,110,9/15/1972,,Andes,Magdalena Cauca,Medio Magdalena,Río Lebrija y otros directos al Magdalena,2.64000010490418,4.62181806564331,4,6,0.58695650100708,0.833333313465118,1,1,1.05999994277954,2007,12,70,66,66,69.9599962234497,0,15.6169443130493,2007-12-01,25.0723495483398,52.4304695129395,65.9470748901367
23180040,Pluviométrica,Convencional,Santander,Sabana De Torres,7.4528,-73.4828,110,9/15/1972,,Andes,Magdalena Cauca,Medio Magdalena,Río Lebrija y otros directos al Magdalena,2.64000010490418,4.62181806564331,4,6,0.58695650100708,0.833333313465118,1,1,1.05999994277954,2007,12,71,10,10,10.5999994277954,0,20.9298496246338,2007-12-01,35.111457824707,17.6262607574463,17.0381031036377
23180040,Pluviométrica,Convencional,Santander,Sabana De Torres,7.4528,-73.4828,110,9/15/1972,,Andes,Magdalena Cauca,Medio Magdalena,Río Lebrija y otros directos al Magdalena,2.64000010490418,4.62181806564331,4,6,0.58695650100708,0.833333313465118,1,1,1.05999994277954,2007,12,72,8,8,8.47999954223633,0,21.0888023376465,2007-12-01,26.7050647735596,28.0622138977051,29.5665149688721
23180040,Pluviométrica,Convencional,Santander,Sabana De Torres,7.4528,-73.4828,110,9/15/1972,,Andes,Magdalena Cauca,Medio Magdalena,Río Lebrija y otros directos al Magdalena,2.64000010490418,4.62181806564331,4,6,0.58695650100708,0.833333313465118,1,1,1.07000005245209,2008,01,1,0,0,0,0,4.74244594573975,2008-01-01,1.33791744709015,3.22990822792053,1.44867372512817
23180040,Pluviométrica,Convencional,Santander,Sabana De Torres,7.4528,-73.4828,110,9/15/1972,,Andes,Magdalena Cauca,Medio Magdalena,Río Lebrija y otros directos al Magdalena,2.64000010490418,4.62181806564331,4,6,0.58695650100708,0.833333313465118,1,1,1.07000005245209,2008,01,2,11,11,11.770000576973,0,5.46377277374268,2008-01-01,2.51142001152039,8.56811046600342,8.75469303131104
23180040,Pluviométrica,Convencional,Santander,Sabana De Torres,7.4528,-73.4828,110,9/15/1972,,Andes,Magdalena Cauca,Medio Magdalena,Río Lebrija y otros directos al Magdalena,2.64000010490418,4.62181806564331,4,6,0.58695650100708,0.833333313465118,1,1,1.07000005245209,2008,01,3,77,77,82.3900040388107,0,4.38842439651489,2008-01-01,0,9.58976459503174,0
23180040,Pluviométrica,Convencional,Santander,Sabana De Torres,7.4528,-73.4828,110,9/15/1972,,Andes,Magdalena Cauca,Medio Magdalena,Río Lebrija y otros directos al Magdalena,2.64000010490418,4.62181806564331,4,6,0.58695650100708,0.833333313465118,1,1,1.07000005245209,2008,01,4,0,0,0,0,8.84575748443604,2008-01-01,4.34939002990723,15.7085075378418,13.6757173538208
23180040,Pluviométrica,Convencional,Santander,Sabana De Torres,7.4528,-73.4828,110,9/15/1972,,Andes,Magdalena Cauca,Medio Magdalena,Río Lebrija y otros directos al Magdalena,2.64000010490418,4.62181806564331,4,6,0.58695650100708,0.833333313465118,1,1,1.07000005245209,2008,01,5,0,0,0,0,4.15254735946655,2008-01-01,0.492262005805969,3.5227575302124,0.632997512817383
23180040,Pluviométrica,Convencional,Santander,Sabana De Torres,7.4528,-73.4828,110,9/15/1972,,Andes,Magdalena Cauca,Medio Magdalena,Río Lebrija y otros directos al Magdalena,2.64000010490418,4.62181806564331,4,6,0.58695650100708,0.833333313465118,1,1,1.07000005245209,2008,01,6,8,8,8.5600004196167,0,8.81626129150391,2008-01-01,5.01090145111084,7.29468250274658,4.5222978591919
23180040,Pluviométrica,Convencional,Santander,Sabana De Torres,7.4528,-73.4828,110,9/15/1972,,Andes,Magdalena Cauca,Medio Magdalena,Río Lebrija y otros directos al Magdalena,2.64000010490418,4.62181806564331,4,6,0.58695650100708,0.833333313465118,1,1,1.05999994277954,2008,02,7,0,0,0,0,4.25125551223755,2008-02-01,0.0597022771835327,4.98276042938232,0.198467627167702
23180040,Pluviométrica,Convencional,Santander,Sabana De Torres,7.4528,-73.4828,110,9/15/1972,,Andes,Magdalena Cauca,Medio Magdalena,Río Lebrija y otros directos al Magdalena,2.64000010490418,4.62181806564331,4,6,0.58695650100708,0.833333313465118,1,1,1.05999994277954,2008,02,8,39,39,41.3399977684021,0,5.07073545455933,2008-02-01,3.07254362106323,13.462140083313,15.815920829773
23180040,Pluviométrica,Convencional,Santander,Sabana De Torres,7.4528,-73.4828,110,9/15/1972,,Andes,Magdalena Cauca,Medio Magdalena,Río Lebrija y otros directos al Magdalena,2.64000010490418,4.62181806564331,4,6,0.58695650100708,0.833333313465118,1,1,1.05999994277954,2008,02,9,0,0,0,0,16.3957710266113,2008-02-01,30.9887924194336,9.79253196716309,15.5408620834351
23180040,Pluviométrica,Convencional,Santander,Sabana De Torres,7.4528,-73.4828,110,9/15/1972,,Andes,Magdalena Cauca,Medio Magdalena,Río Lebrija y otros directos al Magdalena,2.64000010490418,4.62181806564331,4,6,0.58695650100708,0.833333313465118,1,1,1.05999994277954,2008,02,10,48,48,50.879997253418,0,32.8549385070801,2008-02-01,64.2471389770508,49.3035659790039,65.6008987426758
23180040,Pluviométrica,Convencional,Santander,Sabana De Torres,7.4528,-73.4828,110,9/15/1972,,Andes,Magdalena Cauca,Medio Magdalena,Río Lebrija y otros directos al Magdalena,2.64000010490418,4.62181806564331,4,6,0.58695650100708,0.833333313465118,1,1,1.05999994277954,2008,02,11,0,0,0,0,7.64722633361816,2008-02-01,6.62551259994507,6.31821060180664,6.36694478988648
23180040,Pluviométrica,Convencional,Santander,Sabana De Torres,7.4528,-73.4828,110,9/15/1972,,Andes,Magdalena Cauca,Medio Magdalena,Río Lebrija y otros directos al Magdalena,2.64000010490418,4.62181806564331,4,6,0.58695650100708,0.833333313465118,1,1,1.05999994277954,2008,02,12,0,0,0,0,4.70750427246094,2008-02-01,6.09773540496826,4.66202020645142,6.33922624588013
23180040,Pluviométrica,Convencional,Santander,Sabana De Torres,7.4528,-73.4828,110,9/15/1972,,Andes,Magdalena Cauca,Medio Magdalena,Río Lebrija y otros directos al Magdalena,2.64000010490418,4.62181806564331,4,6,0.58695650100708,0.833333313465118,1,1,1.05999994277954,2008,03,13,70,70,74.1999959945679,0,8.73836421966553,2008-03-01,5.97309970855713,12.4472608566284,11.4659414291382
23180040,Pluviométrica,Convencional,Santander,Sabana De Torres,7.4528,-73.4828,110,9/15/1972,,Andes,Magdalena Cauca,Medio Magdalena,Río Lebrija y otros directos al Magdalena,2.64000010490418,4.62181806564331,4,6,0.58695650100708,0.833333313465118,1,1,1.05999994277954,2008,03,14,0,0,0,0,15.2510137557983,2008-03-01,15.8497409820557,9.53727340698242,12.5255727767944
23180040,Pluviométrica,Convencional,Santander,Sabana De Torres,7.4528,-73.4828,110,9/15/1972,,Andes,Magdalena Cauca,Medio Magdalena,Río Lebrija y otros directos al Magdalena,2.64000010490418,4.62181806564331,4,6,0.58695650100708,0.833333313465118,1,1,1.05999994277954,2008,03,15,90,90,95.3999948501587,0,10.353723526001,2008-03-01,5.44348430633545,20.8357810974121,16.1065464019775
23180040,Pluviométrica,Convencional,Santander,Sabana De Torres,7.4528,-73.4828,110,9/15/1972,,Andes,Magdalena Cauca,Medio Magdalena,Río Lebrija y otros directos al Magdalena,2.64000010490418,4.62181806564331,4,6,0.58695650100708,0.833333313465118,1,1,1.05999994277954,2008,03,16,0,0,0,0,9.45900917053223,2008-03-01,6.10334157943726,5.0108699798584,4.13174533843994
23180040,Pluviométrica,Convencional,Santander,Sabana De Torres,7.4528,-73.4828,110,9/15/1972,,Andes,Magdalena Cauca,Medio Magdalena,Río Lebrija y otros directos al Magdalena,2.64000010490418,4.62181806564331,4,6,0.58695650100708,0.833333313465118,1,1,1.05999994277954,2008,03,17,116,116,122.959993362427,0,25.4820709228516,2008-03-01,42.2821998596191,47.5147857666016,54.5810394287109
23180040,Pluviométrica,Convencional,Santander,Sabana De Torres,7.4528,-73.4828,110,9/15/1972,,Andes,Magdalena Cauca,Medio Magdalena,Río Lebrija y otros directos al Magdalena,2.64000010490418,4.62181806564331,4,6,0.58695650100708,0.833333313465118,1,1,1.05999994277954,2008,03,18,52,52,55.1199970245361,0,30.5938243865967,2008-03-01,32.0896339416504,64.7018966674805,70.0649795532227
23180040,Pluviométrica,Convencional,Santander,Sabana De Torres,7.4528,-73.4828,110,9/15/1972,,Andes,Magdalena Cauca,Medio Magdalena,Río Lebrija y otros directos al Magdalena,2.64000010490418,4.62181806564331,4,6,0.58695650100708,0.833333313465118,1,1,1.04999995231628,2008,04,19,25,25,26.2499988079071,0,10.6276845932007,2008-04-01,4.58438110351563,17.4158992767334,10.1802577972412
23180040,Pluviométrica,Convencional,Santander,Sabana De Torres,7.4528,-73.4828,110,9/15/1972,,Andes,Magdalena Cauca,Medio Magdalena,Río Lebrija y otros directos al Magdalena,2.64000010490418,4.62181806564331,4,6,0.58695650100708,0.833333313465118,1,1,1.04999995231628,2008,04,20,124,124,130.199994087219,0,53.3432846069336,2008-04-01,57.6709594726563,62.8736228942871,59.5144577026367
23180040,Pluviométrica,Convencional,Santander,Sabana De Torres,7.4528,-73.4828,110,9/15/1972,,Andes,Magdalena Cauca,Medio Magdalena,Río Lebrija y otros directos al Magdalena,2.64000010490418,4.62181806564331,4,6,0.58695650100708,0.833333313465118,1,1,1.04999995231628,2008,04,21,29,29,30.4499986171722,0,52.5601997375488,2008-04-01,50.4474792480469,48.0780296325684,47.9060478210449
23180040,Pluviométrica,Convencional,Santander,Sabana De Torres,7.4528,-73.4828,110,9/15/1972,,Andes,Magdalena Cauca,Medio Magdalena,Río Lebrija y otros directos al Magdalena,2.64000010490418,4.62181806564331,4,6,0.58695650100708,0.833333313465118,1,1,1.04999995231628,2008,04,22,1,1,1.04999995231628,0,28.1906337738037,2008-04-01,27.3050384521484,10.5314283370972,11.6546669006348
23180040,Pluviométrica,Convencional,Santander,Sabana De Torres,7.4528,-73.4828,110,9/15/1972,,Andes,Magdalena Cauca,Medio Magdalena,Río Lebrija y otros directos al Magdalena,2.64000010490418,4.62181806564331,4,6,0.58695650100708,0.833333313465118,1,1,1.04999995231628,2008,04,23,0,0,0,0,54.5315208435059,2008-04-01,64.8877029418945,43.0615539550781,51.8555755615234
23180040,Pluviométrica,Convencional,Santander,Sabana De Torres,7.4528,-73.4828,110,9/15/1972,,Andes,Magdalena Cauca,Medio Magdalena,Río Lebrija y otros directos al Magdalena,2.64000010490418,4.62181806564331,4,6,0.58695650100708,0.833333313465118,1,1,1.04999995231628,2008,04,24,67,67,70.349996805191,0,35.2774314880371,2008-04-01,37.959098815918,61.5453948974609,69.2632293701172
23180040,Pluviométrica,Convencional,Santander,Sabana De Torres,7.4528,-73.4828,110,9/15/1972,,Andes,Magdalena Cauca,Medio Magdalena,Río Lebrija y otros directos al Magdalena,2.64000010490418,4.62181806564331,4,6,0.58695650100708,0.833333313465118,1,1,1.03999996185303,2008,05,25,100,100,103.999996185303,0,59.649959564209,2008-05-01,81.4755554199219,75.3880615234375,79.7105407714844
23180040,Pluviométrica,Convencional,Santander,Sabana De Torres,7.4528,-73.4828,110,9/15/1972,,Andes,Magdalena Cauca,Medio Magdalena,Río Lebrija y otros directos al Magdalena,2.64000010490418,4.62181806564331,4,6,0.58695650100708,0.833333313465118,1,1,1.03999996185303,2008,05,26,70,70,72.7999973297119,0,48.6298866271973,2008-05-01,62.9564743041992,31.6979923248291,31.5883731842041
23180040,Pluviométrica,Convencional,Santander,Sabana De Torres,7.4528,-73.4828,110,9/15/1972,,Andes,Magdalena Cauca,Medio Magdalena,Río Lebrija y otros directos al Magdalena,2.64000010490418,4.62181806564331,4,6,0.58695650100708,0.833333313465118,1,1,1.03999996185303,2008,05,27,25,25,25.9999990463257,0,23.511999130249,2008-05-01,23.6987991333008,22.6689510345459,27.05055809021
23180040,Pluviométrica,Convencional,Santander,Sabana De Torres,7.4528,-73.4828,110,9/15/1972,,Andes,Magdalena Cauca,Medio Magdalena,Río Lebrija y otros directos al Magdalena,2.64000010490418,4.62181806564331,4,6,0.58695650100708,0.833333313465118,1,1,1.03999996185303,2008,05,28,61,61,63.4399976730347,0,48.4386444091797,2008-05-01,63.4906425476074,90.7107696533203,107.173568725586
23180040,Pluviométrica,Convencional,Santander,Sabana De Torres,7.4528,-73.4828,110,9/15/1972,,Andes,Magdalena Cauca,Medio Magdalena,Río Lebrija y otros directos al Magdalena,2.64000010490418,4.62181806564331,4,6,0.58695650100708,0.833333313465118,1,1,1.03999996185303,2008,05,29,208,208,216.31999206543,0,61.7780380249024,2008-05-01,81.172477722168,129.606750488281,134.841796875
23180040,Pluviométrica,Convencional,Santander,Sabana De Torres,7.4528,-73.4828,110,9/15/1972,,Andes,Magdalena Cauca,Medio Magdalena,Río Lebrija y otros directos al Magdalena,2.64000010490418,4.62181806564331,4,6,0.58695650100708,0.833333313465118,1,1,1.03999996185303,2008,05,30,68,68,70.7199974060059,0,63.1092529296875,2008-05-01,60.9370613098145,70.3101577758789,66.4889221191406
23180040,Pluviométrica,Convencional,Santander,Sabana De Torres,7.4528,-73.4828,110,9/15/1972,,Andes,Magdalena Cauca,Medio Magdalena,Río Lebrija y otros directos al Magdalena,2.64000010490418,4.62181806564331,4,6,0.58695650100708,0.833333313465118,1,1,1.04999995231628,2008,06,31,9,9,9.44999957084656,0,34.1804275512695,2008-06-01,60.5284576416016,20.9668674468994,22.6636734008789
23180040,Pluviométrica,Convencional,Santander,Sabana De Torres,7.4528,-73.4828,110,9/15/1972,,Andes,Magdalena Cauca,Medio Magdalena,Río Lebrija y otros directos al Magdalena,2.64000010490418,4.62181806564331,4,6,0.58695650100708,0.833333313465118,1,1,1.04999995231628,2008,06,32,25,25,26.2499988079071,0,29.1250915527344,2008-06-01,51.5544891357422,41.5923080444336,44.927375793457
23180040,Pluviométrica,Convencional,Santander,Sabana De Torres,7.4528,-73.4828,110,9/15/1972,,Andes,Magdalena Cauca,Medio Magdalena,Río Lebrija y otros directos al Magdalena,2.64000010490418,4.62181806564331,4,6,0.58695650100708,0.833333313465118,1,1,1.04999995231628,2008,06,33,38,38,39.8999981880188,0,23.7801742553711,2008-06-01,39.2547454833984,52.9453163146973,54.2555313110352
23180040,Pluviométrica,Convencional,Santander,Sabana De Torres,7.4528,-73.4828,110,9/15/1972,,Andes,Magdalena Cauca,Medio Magdalena,Río Lebrija y otros directos al Magdalena,2.64000010490418,4.62181806564331,4,6,0.58695650100708,0.833333313465118,1,1,1.04999995231628,2008,06,34,90,90,94.4999957084656,0,9.07102108001709,2008-06-01,2.35922956466675,14.3502292633057,9.98052024841309
23180040,Pluviométrica,Convencional,Santander,Sabana De Torres,7.4528,-73.4828,110,9/15/1972,,Andes,Magdalena Cauca,Medio Magdalena,Río Lebrija y otros directos al Magdalena,2.64000010490418,4.62181806564331,4,6,0.58695650100708,0.833333313465118,1,1,1.04999995231628,2008,06,35,233,233,244.649988889694,0,32.7882804870606,2008-06-01,62.6987991333008,94.5859603881836,138.193878173828
23180040,Pluviométrica,Convencional,Santander,Sabana De Torres,7.4528,-73.4828,110,9/15/1972,,Andes,Magdalena Cauca,Medio Magdalena,Río Lebrija y otros directos al Magdalena,2.64000010490418,4.62181806564331,4,6,0.58695650100708,0.833333313465118,1,1,1.04999995231628,2008,06,36,38,38,39.8999981880188,0,15.7991418838501,2008-06-01,14.8679981231689,36.2634963989258,30.0944709777832
23180040,Pluviométrica,Convencional,Santander,Sabana De Torres,7.4528,-73.4828,110,9/15/1972,,Andes,Magdalena Cauca,Medio Magdalena,Río Lebrija y otros directos al Magdalena,2.64000010490418,4.62181806564331,4,6,0.58695650100708,0.833333313465118,1,1,1.04999995231628,2008,07,37,10,10,10.4999995231628,0,58.2136154174805,2008-07-01,95.773796081543,42.409423828125,61.2867431640625
23180040,Pluviométrica,Convencional,Santander,Sabana De Torres,7.4528,-73.4828,110,9/15/1972,,Andes,Magdalena Cauca,Medio Magdalena,Río Lebrija y otros directos al Magdalena,2.64000010490418,4.62181806564331,4,6,0.58695650100708,0.833333313465118,1,1,1.04999995231628,2008,07,38,30,30,31.4999985694885,0,44.7328987121582,2008-07-01,52.6499099731445,47.676685333252,52.8261985778809
23180040,Pluviométrica,Convencional,Santander,Sabana De Torres,7.4528,-73.4828,110,9/15/1972,,Andes,Magdalena Cauca,Medio Magdalena,Río Lebrija y otros directos al Magdalena,2.64000010490418,4.62181806564331,4,6,0.58695650100708,0.833333313465118,1,1,1.04999995231628,2008,07,39,81,81,85.049996137619,0,23.986608505249,2008-07-01,10.405122756958,52.574031829834,31.5690765380859
23180040,Pluviométrica,Convencional,Santander,Sabana De Torres,7.4528,-73.4828,110,9/15/1972,,Andes,Magdalena Cauca,Medio Magdalena,Río Lebrija y otros directos al Magdalena,2.64000010490418,4.62181806564331,4,6,0.58695650100708,0.833333313465118,1,1,1.04999995231628,2008,07,40,103,103,108.149995088577,0,37.2126083374023,2008-07-01,34.0417137145996,73.4569091796875,73.6577987670898
23180040,Pluviométrica,Convencional,Santander,Sabana De Torres,7.4528,-73.4828,110,9/15/1972,,Andes,Magdalena Cauca,Medio Magdalena,Río Lebrija y otros directos al Magdalena,2.64000010490418,4.62181806564331,4,6,0.58695650100708,0.833333313465118,1,1,1.04999995231628,2008,07,41,0,0,0,0,34.7290496826172,2008-07-01,30.5942153930664,13.9352769851685,13.3341522216797
23180040,Pluviométrica,Convencional,Santander,Sabana De Torres,7.4528,-73.4828,110,9/15/1972,,Andes,Magdalena Cauca,Medio Magdalena,Río Lebrija y otros directos al Magdalena,2.64000010490418,4.62181806564331,4,6,0.58695650100708,0.833333313465118,1,1,1.04999995231628,2008,07,42,43,43,45.1499979496002,0,67.9589233398438,2008-07-01,77.9985504150391,80.530158996582,101.1923828125
23180040,Pluviométrica,Convencional,Santander,Sabana De Torres,7.4528,-73.4828,110,9/15/1972,,Andes,Magdalena Cauca,Medio Magdalena,Río Lebrija y otros directos al Magdalena,2.64000010490418,4.62181806564331,4,6,0.58695650100708,0.833333313465118,1,1,1.04999995231628,2008,08,43,14,14,14.699999332428,0,62.0534477233887,2008-08-01,73.200553894043,40.3908309936524,41.8088531494141
23180040,Pluviométrica,Convencional,Santander,Sabana De Torres,7.4528,-73.4828,110,9/15/1972,,Andes,Magdalena Cauca,Medio Magdalena,Río Lebrija y otros directos al Magdalena,2.64000010490418,4.62181806564331,4,6,0.58695650100708,0.833333313465118,1,1,1.04999995231628,2008,08,44,0,0,0,0,29.9750289916992,2008-08-01,17.1243476867676,33.6038932800293,25.6416530609131
23180040,Pluviométrica,Convencional,Santander,Sabana De Torres,7.4528,-73.4828,110,9/15/1972,,Andes,Magdalena Cauca,Medio Magdalena,Río Lebrija y otros directos al Magdalena,2.64000010490418,4.62181806564331,4,6,0.58695650100708,0.833333313465118,1,1,1.04999995231628,2008,08,45,25,25,26.2499988079071,0,51.1967811584473,2008-08-01,57.6312408447266,29.9986801147461,31.7502746582031
23180040,Pluviométrica,Convencional,Santander,Sabana De Torres,7.4528,-73.4828,110,9/15/1972,,Andes,Magdalena Cauca,Medio Magdalena,Río Lebrija y otros directos al Magdalena,2.64000010490418,4.62181806564331,4,6,0.58695650100708,0.833333313465118,1,1,1.04999995231628,2008,08,46,90,90,94.4999957084656,0,22.2577571868896,2008-08-01,16.5876140594482,37.0496940612793,37.1332511901856
23180040,Pluviométrica,Convencional,Santander,Sabana De Torres,7.4528,-73.4828,110,9/15/1972,,Andes,Magdalena Cauca,Medio Magdalena,Río Lebrija y otros directos al Magdalena,2.64000010490418,4.62181806564331,4,6,0.58695650100708,0.833333313465118,1,1,1.04999995231628,2008,08,47,97,97,101.84999537468,0,48.8359146118164,2008-08-01,56.4232025146484,60.915225982666,62.4970169067383
23180040,Pluviométrica,Convencional,Santander,Sabana De Torres,7.4528,-73.4828,110,9/15/1972,,Andes,Magdalena Cauca,Medio Magdalena,Río Lebrija y otros directos al Magdalena,2.64000010490418,4.62181806564331,4,6,0.58695650100708,0.833333313465118,1,1,1.04999995231628,2008,08,48,93,93,97.6499955654144,0,58.7782135009766,2008-08-01,66.3227691650391,87.2100601196289,102.062454223633
23180040,Pluviométrica,Convencional,Santander,Sabana De Torres,7.4528,-73.4828,110,9/15/1972,,Andes,Magdalena Cauca,Medio Magdalena,Río Lebrija y otros directos al Magdalena,2.64000010490418,4.62181806564331,4,6,0.58695650100708,0.833333313465118,1,1,1.04999995231628,2008,09,49,40,40,41.9999980926514,0,37.3972282409668,2008-09-01,57.8908920288086,50.4129753112793,49.6583557128906
23180040,Pluviométrica,Convencional,Santander,Sabana De Torres,7.4528,-73.4828,110,9/15/1972,,Andes,Magdalena Cauca,Medio Magdalena,Río Lebrija y otros directos al Magdalena,2.64000010490418,4.62181806564331,4,6,0.58695650100708,0.833333313465118,1,1,1.04999995231628,2008,09,50,50,50,52.4999976158142,0,21.7972774505615,2008-09-01,29.7416954040527,25.0030937194824,25.5320835113525
23180040,Pluviométrica,Convencional,Santander,Sabana De Torres,7.4528,-73.4828,110,9/15/1972,,Andes,Magdalena Cauca,Medio Magdalena,Río Lebrija y otros directos al Magdalena,2.64000010490418,4.62181806564331,4,6,0.58695650100708,0.833333313465118,1,1,1.04999995231628,2008,09,51,14,14,14.699999332428,0,45.3571281433106,2008-09-01,86.9132308959961,25.6262798309326,32.1273727416992
23180040,Pluviométrica,Convencional,Santander,Sabana De Torres,7.4528,-73.4828,110,9/15/1972,,Andes,Magdalena Cauca,Medio Magdalena,Río Lebrija y otros directos al Magdalena,2.64000010490418,4.62181806564331,4,6,0.58695650100708,0.833333313465118,1,1,1.04999995231628,2008,09,52,39,39,40.9499981403351,0,36.5998725891113,2008-09-01,64.9212036132813,56.8736839294434,84.2445297241211
23180040,Pluviométrica,Convencional,Santander,Sabana De Torres,7.4528,-73.4828,110,9/15/1972,,Andes,Magdalena Cauca,Medio Magdalena,Río Lebrija y otros directos al Magdalena,2.64000010490418,4.62181806564331,4,6,0.58695650100708,0.833333313465118,1,1,1.04999995231628,2008,09,53,117,117,122.849994421005,0,23.8020648956299,2008-09-01,35.9983444213867,40.332763671875,43.8798599243164
23180040,Pluviométrica,Convencional,Santander,Sabana De Torres,7.4528,-73.4828,110,9/15/1972,,Andes,Magdalena Cauca,Medio Magdalena,Río Lebrija y otros directos al Magdalena,2.64000010490418,4.62181806564331,4,6,0.58695650100708,0.833333313465118,1,1,1.04999995231628,2008,09,54,44,44,46.1999979019165,0,23.8118934631348,2008-09-01,30.7836170196533,39.7103958129883,37.313533782959
23180040,Pluviométrica,Convencional,Santander,Sabana De Torres,7.4528,-73.4828,110,9/15/1972,,Andes,Magdalena Cauca,Medio Magdalena,Río Lebrija y otros directos al Magdalena,2.64000010490418,4.62181806564331,4,6,0.58695650100708,0.833333313465118,1,1,1.03999996185303,2008,10,55,50,50,51.9999980926514,0,47.5058784484863,2008-10-01,46.3536262512207,46.2320556640625,42.8267288208008
23180040,Pluviométrica,Convencional,Santander,Sabana De Torres,7.4528,-73.4828,110,9/15/1972,,Andes,Magdalena Cauca,Medio Magdalena,Río Lebrija y otros directos al Magdalena,2.64000010490418,4.62181806564331,4,6,0.58695650100708,0.833333313465118,1,1,1.03999996185303,2008,10,56,50,50,51.9999980926514,0,52.0684852600098,2008-10-01,59.2421722412109,62.0133514404297,65.3885269165039
23180040,Pluviométrica,Convencional,Santander,Sabana De Torres,7.4528,-73.4828,110,9/15/1972,,Andes,Magdalena Cauca,Medio Magdalena,Río Lebrija y otros directos al Magdalena,2.64000010490418,4.62181806564331,4,6,0.58695650100708,0.833333313465118,1,1,1.03999996185303,2008,10,57,133,133,138.319994926453,0,69.9499053955078,2008-10-01,93.5829162597656,114.030838012695,120.819076538086
23180040,Pluviométrica,Convencional,Santander,Sabana De Torres,7.4528,-73.4828,110,9/15/1972,,Andes,Magdalena Cauca,Medio Magdalena,Río Lebrija y otros directos al Magdalena,2.64000010490418,4.62181806564331,4,6,0.58695650100708,0.833333313465118,1,1,1.03999996185303,2008,10,58,97,97,100.879996299744,0,63.6481475830078,2008-10-01,79.4256286621094,70.8725433349609,81.5733184814453
23180040,Pluviométrica,Convencional,Santander,Sabana De Torres,7.4528,-73.4828,110,9/15/1972,,Andes,Magdalena Cauca,Medio Magdalena,Río Lebrija y otros directos al Magdalena,2.64000010490418,4.62181806564331,4,6,0.58695650100708,0.833333313465118,1,1,1.03999996185303,2008,10,59,43,43,44.7199983596802,0,31.200891494751,2008-10-01,28.071590423584,44.8652572631836,47.1348686218262
23180040,Pluviométrica,Convencional,Santander,Sabana De Torres,7.4528,-73.4828,110,9/15/1972,,Andes,Magdalena Cauca,Medio Magdalena,Río Lebrija y otros directos al Magdalena,2.64000010490418,4.62181806564331,4,6,0.58695650100708,0.833333313465118,1,1,1.03999996185303,2008,10,60,42,42,43.6799983978271,0,50.8388252258301,2008-10-01,48.9217185974121,74.0535430908203,85.1028900146484
23180040,Pluviométrica,Convencional,Santander,Sabana De Torres,7.4528,-73.4828,110,9/15/1972,,Andes,Magdalena Cauca,Medio Magdalena,Río Lebrija y otros directos al Magdalena,2.64000010490418,4.62181806564331,4,6,0.58695650100708,0.833333313465118,1,1,1.03999996185303,2008,11,61,157,157,163.279994010925,0,65.338134765625,2008-11-01,69.6259384155274,105.44075012207,113.268363952637
23180040,Pluviométrica,Convencional,Santander,Sabana De Torres,7.4528,-73.4828,110,9/15/1972,,Andes,Magdalena Cauca,Medio Magdalena,Río Lebrija y otros directos al Magdalena,2.64000010490418,4.62181806564331,4,6,0.58695650100708,0.833333313465118,1,1,1.03999996185303,2008,11,62,41,41,42.6399984359741,0,13.3093509674072,2008-11-01,2.44477462768555,19.973705291748,9.55848598480225
23180040,Pluviométrica,Convencional,Santander,Sabana De Torres,7.4528,-73.4828,110,9/15/1972,,Andes,Magdalena Cauca,Medio Magdalena,Río Lebrija y otros directos al Magdalena,2.64000010490418,4.62181806564331,4,6,0.58695650100708,0.833333313465118,1,1,1.03999996185303,2008,11,63,172,172,178.879993438721,0,76.5971145629883,2008-11-01,84.5025024414063,131.950927734375,153.010711669922
23180040,Pluviométrica,Convencional,Santander,Sabana De Torres,7.4528,-73.4828,110,9/15/1972,,Andes,Magdalena Cauca,Medio Magdalena,Río Lebrija y otros directos al Magdalena,2.64000010490418,4.62181806564331,4,6,0.58695650100708,0.833333313465118,1,1,1.03999996185303,2008,11,64,187,187,194.479992866516,0,76.3062515258789,2008-11-01,75.9452743530274,107.943267822266,103.517852783203
23180040,Pluviométrica,Convencional,Santander,Sabana De Torres,7.4528,-73.4828,110,9/15/1972,,Andes,Magdalena Cauca,Medio Magdalena,Río Lebrija y otros directos al Magdalena,2.64000010490418,4.62181806564331,4,6,0.58695650100708,0.833333313465118,1,1,1.03999996185303,2008,11,65,186,186,193.439992904663,0,120.815795898438,2008-11-01,122.935829162598,158.605239868164,168.859313964844
23180040,Pluviométrica,Convencional,Santander,Sabana De Torres,7.4528,-73.4828,110,9/15/1972,,Andes,Magdalena Cauca,Medio Magdalena,Río Lebrija y otros directos al Magdalena,2.64000010490418,4.62181806564331,4,6,0.58695650100708,0.833333313465118,1,1,1.03999996185303,2008,11,66,20,20,20.7999992370605,0,66.2607116699219,2008-11-01,74.6018676757813,80.3723449707031,95.7144393920898
23180040,Pluviométrica,Convencional,Santander,Sabana De Torres,7.4528,-73.4828,110,9/15/1972,,Andes,Magdalena Cauca,Medio Magdalena,Río Lebrija y otros directos al Magdalena,2.64000010490418,4.62181806564331,4,6,0.58695650100708,0.833333313465118,1,1,1.05999994277954,2008,12,67,27,27,28.6199984550476,0,9.42874050140381,2008-12-01,12.3277053833008,27.8992233276367,39.1535377502441
23180040,Pluviométrica,Convencional,Santander,Sabana De Torres,7.4528,-73.4828,110,9/15/1972,,Andes,Magdalena Cauca,Medio Magdalena,Río Lebrija y otros directos al Magdalena,2.64000010490418,4.62181806564331,4,6,0.58695650100708,0.833333313465118,1,1,1.05999994277954,2008,12,68,14,14,14.8399991989136,0,11.2149219512939,2008-12-01,16.0663375854492,10.5692691802979,11.7631893157959
23180040,Pluviométrica,Convencional,Santander,Sabana De Torres,7.4528,-73.4828,110,9/15/1972,,Andes,Magdalena Cauca,Medio Magdalena,Río Lebrija y otros directos al Magdalena,2.64000010490418,4.62181806564331,4,6,0.58695650100708,0.833333313465118,1,1,1.05999994277954,2008,12,69,4,4,4.23999977111816,0,5.97715950012207,2008-12-01,9.0608024597168,12.8242540359497,19.6701049804688
23180040,Pluviométrica,Convencional,Santander,Sabana De Torres,7.4528,-73.4828,110,9/15/1972,,Andes,Magdalena Cauca,Medio Magdalena,Río Lebrija y otros directos al Magdalena,2.64000010490418,4.62181806564331,4,6,0.58695650100708,0.833333313465118,1,1,1.05999994277954,2008,12,70,5,5,5.29999971389771,0,2.75963473320007,2008-12-01,1.05541276931763,4.7088212966919,4.25742053985596
23180040,Pluviométrica,Convencional,Santander,Sabana De Torres,7.4528,-73.4828,110,9/15/1972,,Andes,Magdalena Cauca,Medio Magdalena,Río Lebrija y otros directos al Magdalena,2.64000010490418,4.62181806564331,4,6,0.58695650100708,0.833333313465118,1,1,1.05999994277954,2008,12,71,1,1,1.05999994277954,0,3.05971169471741,2008-12-01,2.41898226737976,5.46019840240479,6.92916965484619
23180040,Pluviométrica,Convencional,Santander,Sabana De Torres,7.4528,-73.4828,110,9/15/1972,,Andes,Magdalena Cauca,Medio Magdalena,Río Lebrija y otros directos al Magdalena,2.64000010490418,4.62181806564331,4,6,0.58695650100708,0.833333313465118,1,1,1.05999994277954,2008,12,72,0,0,0,0,4.2118182182312,2008-12-01,1.10022401809692,3.20267176628113,1.35514438152313
23180040,Pluviométrica,Convencional,Santander,Sabana De Torres,7.4528,-73.4828,110,9/15/1972,,Andes,Magdalena Cauca,Medio Magdalena,Río Lebrija y otros directos al Magdalena,2.64000010490418,4.62181806564331,4,6,0.58695650100708,0.833333313465118,1,1,1.07000005245209,2009,01,1,5,5,5.35000026226044,0,4.74244594573975,2009-01-01,1.33791744709015,5.80961275100708,3.58936667442322
23180040,Pluviométrica,Convencional,Santander,Sabana De Torres,7.4528,-73.4828,110,9/15/1972,,Andes,Magdalena Cauca,Medio Magdalena,Río Lebrija y otros directos al Magdalena,2.64000010490418,4.62181806564331,4,6,0.58695650100708,0.833333313465118,1,1,1.07000005245209,2009,01,2,85,85,90.9500044584274,0,18.5021266937256,2009-01-01,31.8291072845459,39.8782424926758,71.0933456420899
23180040,Pluviométrica,Convencional,Santander,Sabana De Torres,7.4528,-73.4828,110,9/15/1972,,Andes,Magdalena Cauca,Medio Magdalena,Río Lebrija y otros directos al Magdalena,2.64000010490418,4.62181806564331,4,6,0.58695650100708,0.833333313465118,1,1,1.07000005245209,2009,01,3,0,0,0,0,4.38842439651489,2009-01-01,0,3.04846477508545,0
23180040,Pluviométrica,Convencional,Santander,Sabana De Torres,7.4528,-73.4828,110,9/15/1972,,Andes,Magdalena Cauca,Medio Magdalena,Río Lebrija y otros directos al Magdalena,2.64000010490418,4.62181806564331,4,6,0.58695650100708,0.833333313465118,1,1,1.07000005245209,2009,01,4,15,15,16.0500007867813,0,6.17125988006592,2009-01-01,0,9.92299938201904,0
23180040,Pluviométrica,Convencional,Santander,Sabana De Torres,7.4528,-73.4828,110,9/15/1972,,Andes,Magdalena Cauca,Medio Magdalena,Río Lebrija y otros directos al Magdalena,2.64000010490418,4.62181806564331,4,6,0.58695650100708,0.833333313465118,1,1,1.07000005245209,2009,01,5,49,49,52.4300025701523,0,18.6577606201172,2009-01-01,32.6972961425781,40.201099395752,45.1578025817871
23180040,Pluviométrica,Convencional,Santander,Sabana De Torres,7.4528,-73.4828,110,9/15/1972,,Andes,Magdalena Cauca,Medio Magdalena,Río Lebrija y otros directos al Magdalena,2.64000010490418,4.62181806564331,4,6,0.58695650100708,0.833333313465118,1,1,1.07000005245209,2009,01,6,70,70,74.9000036716461,0,23.1607036590576,2009-01-01,31.6307544708252,33.6351432800293,35.3169479370117
23180040,Pluviométrica,Convencional,Santander,Sabana De Torres,7.4528,-73.4828,110,9/15/1972,,Andes,Magdalena Cauca,Medio Magdalena,Río Lebrija y otros directos al Magdalena,2.64000010490418,4.62181806564331,4,6,0.58695650100708,0.833333313465118,1,1,1.05999994277954,2009,02,7,4,4,4.23999977111816,0,7.20271730422974,2009-02-01,5.67856645584106,5.97504854202271,6.8316969871521
23180040,Pluviométrica,Convencional,Santander,Sabana De Torres,7.4528,-73.4828,110,9/15/1972,,Andes,Magdalena Cauca,Medio Magdalena,Río Lebrija y otros directos al Magdalena,2.64000010490418,4.62181806564331,4,6,0.58695650100708,0.833333313465118,1,1,1.05999994277954,2009,02,8,0,0,0,0,10.7798767089844,2009-02-01,14.8600559234619,5.77016305923462,5.98241996765137
23180040,Pluviométrica,Convencional,Santander,Sabana De Torres,7.4528,-73.4828,110,9/15/1972,,Andes,Magdalena Cauca,Medio Magdalena,Río Lebrija y otros directos al Magdalena,2.64000010490418,4.62181806564331,4,6,0.58695650100708,0.833333313465118,1,1,1.05999994277954,2009,02,9,0,0,0,0,17.3423442840576,2009-02-01,30.9887924194336,12.1020126342773,13.5601291656494
23180040,Pluviométrica,Convencional,Santander,Sabana De Torres,7.4528,-73.4828,110,9/15/1972,,Andes,Magdalena Cauca,Medio Magdalena,Río Lebrija y otros directos al Magdalena,2.64000010490418,4.62181806564331,4,6,0.58695650100708,0.833333313465118,1,1,1.05999994277954,2009,02,10,41,41,43.4599976539612,0,25.1967029571533,2009-02-01,44.923469543457,27.1048336029053,28.1891002655029
23180040,Pluviométrica,Convencional,Santander,Sabana De Torres,7.4528,-73.4828,110,9/15/1972,,Andes,Magdalena Cauca,Medio Magdalena,Río Lebrija y otros directos al Magdalena,2.64000010490418,4.62181806564331,4,6,0.58695650100708,0.833333313465118,1,1,1.05999994277954,2009,02,11,62,62,65.7199964523316,0,13.8906278610229,2009-02-01,17.8564262390137,32.5201377868652,41.3105735778809
23180040,Pluviométrica,Convencional,Santander,Sabana De Torres,7.4528,-73.4828,110,9/15/1972,,Andes,Magdalena Cauca,Medio Magdalena,Río Lebrija y otros directos al Magdalena,2.64000010490418,4.62181806564331,4,6,0.58695650100708,0.833333313465118,1,1,1.05999994277954,2009,02,12,8,8,8.47999954223633,0,7.0392746925354,2009-02-01,13.3504333496094,7.52352619171143,7.24850559234619
23180040,Pluviométrica,Convencional,Santander,Sabana De Torres,7.4528,-73.4828,110,9/15/1972,,Andes,Magdalena Cauca,Medio Magdalena,Río Lebrija y otros directos al Magdalena,2.64000010490418,4.62181806564331,4,6,0.58695650100708,0.833333313465118,1,1,1.05999994277954,2009,03,13,60,60,63.5999965667725,0,41.922794342041,2009-03-01,101.910438537598,69.9581604003906,98.3210678100586
23180040,Pluviométrica,Convencional,Santander,Sabana De Torres,7.4528,-73.4828,110,9/15/1972,,Andes,Magdalena Cauca,Medio Magdalena,Río Lebrija y otros directos al Magdalena,2.64000010490418,4.62181806564331,4,6,0.58695650100708,0.833333313465118,1,1,1.05999994277954,2009,03,14,0,0,0,0,14.5238447189331,2009-03-01,15.7802019119263,5.90246820449829,5.26725959777832
23180040,Pluviométrica,Convencional,Santander,Sabana De Torres,7.4528,-73.4828,110,9/15/1972,,Andes,Magdalena Cauca,Medio Magdalena,Río Lebrija y otros directos al Magdalena,2.64000010490418,4.62181806564331,4,6,0.58695650100708,0.833333313465118,1,1,1.05999994277954,2009,03,15,0,0,0,0,7.09629201889038,2009-03-01,0,4.70629501342773,0
23180040,Pluviométrica,Convencional,Santander,Sabana De Torres,7.4528,-73.4828,110,9/15/1972,,Andes,Magdalena Cauca,Medio Magdalena,Río Lebrija y otros directos al Magdalena,2.64000010490418,4.62181806564331,4,6,0.58695650100708,0.833333313465118,1,1,1.05999994277954,2009,03,16,25,25,26.4999985694885,0,18.362663269043,2009-03-01,25.354211807251,22.0786380767822,25.4158210754395
23180040,Pluviométrica,Convencional,Santander,Sabana De Torres,7.4528,-73.4828,110,9/15/1972,,Andes,Magdalena Cauca,Medio Magdalena,Río Lebrija y otros directos al Magdalena,2.64000010490418,4.62181806564331,4,6,0.58695650100708,0.833333313465118,1,1,1.05999994277954,2009,03,17,56,56,59.3599967956543,0,28.9654083251953,2009-03-01,53.4911880493164,61.104133605957,70.837760925293
23180040,Pluviométrica,Convencional,Santander,Sabana De Torres,7.4528,-73.4828,110,9/15/1972,,Andes,Magdalena Cauca,Medio Magdalena,Río Lebrija y otros directos al Magdalena,2.64000010490418,4.62181806564331,4,6,0.58695650100708,0.833333313465118,1,1,1.05999994277954,2009,03,18,109,109,115.53999376297,0,50.3577308654785,2009-03-01,65.9269104003906,90.9687652587891,101.242477416992
23180040,Pluviométrica,Convencional,Santander,Sabana De Torres,7.4528,-73.4828,110,9/15/1972,,Andes,Magdalena Cauca,Medio Magdalena,Río Lebrija y otros directos al Magdalena,2.64000010490418,4.62181806564331,4,6,0.58695650100708,0.833333313465118,1,1,1.04999995231628,2009,04,19,40,40,41.9999980926514,0,20.4085655212402,2009-04-01,17.5567150115967,36.1507873535156,44.0831680297852
23180040,Pluviométrica,Convencional,Santander,Sabana De Torres,7.4528,-73.4828,110,9/15/1972,,Andes,Magdalena Cauca,Medio Magdalena,Río Lebrija y otros directos al Magdalena,2.64000010490418,4.62181806564331,4,6,0.58695650100708,0.833333313465118,1,1,1.04999995231628,2009,04,20,72,72,75.5999965667725,0,16.5967102050781,2009-04-01,11.5856971740723,38.5014457702637,36.2507438659668
23180040,Pluviométrica,Convencional,Santander,Sabana De Torres,7.4528,-73.4828,110,9/15/1972,,Andes,Magdalena Cauca,Medio Magdalena,Río Lebrija y otros directos al Magdalena,2.64000010490418,4.62181806564331,4,6,0.58695650100708,0.833333313465118,1,1,1.04999995231628,2009,04,21,25,25,26.2499988079071,0,40.1300315856934,2009-04-01,40.6138496398926,45.7175674438477,51.2568283081055
23180040,Pluviométrica,Convencional,Santander,Sabana De Torres,7.4528,-73.4828,110,9/15/1972,,Andes,Magdalena Cauca,Medio Magdalena,Río Lebrija y otros directos al Magdalena,2.64000010490418,4.62181806564331,4,6,0.58695650100708,0.833333313465118,1,1,1.04999995231628,2009,04,22,39,39,40.9499981403351,0,40.3828315734863,2009-04-01,42.6040573120117,40.1483955383301,41.7628173828125
23180040,Pluviométrica,Convencional,Santander,Sabana De Torres,7.4528,-73.4828,110,9/15/1972,,Andes,Magdalena Cauca,Medio Magdalena,Río Lebrija y otros directos al Magdalena,2.64000010490418,4.62181806564331,4,6,0.58695650100708,0.833333313465118,1,1,1.04999995231628,2009,04,23,44,44,46.1999979019165,0,76.8149185180664,2009-04-01,87.3979187011719,50.3995895385742,51.1712074279785
23180040,Pluviométrica,Convencional,Santander,Sabana De Torres,7.4528,-73.4828,110,9/15/1972,,Andes,Magdalena Cauca,Medio Magdalena,Río Lebrija y otros directos al Magdalena,2.64000010490418,4.62181806564331,4,6,0.58695650100708,0.833333313465118,1,1,1.04999995231628,2009,04,24,133,133,139.649993658066,0,51.7641563415527,2009-04-01,59.9209098815918,59.9890060424805,58.1208915710449
23180040,Pluviométrica,Convencional,Santander,Sabana De Torres,7.4528,-73.4828,110,9/15/1972,,Andes,Magdalena Cauca,Medio Magdalena,Río Lebrija y otros directos al Magdalena,2.64000010490418,4.62181806564331,4,6,0.58695650100708,0.833333313465118,1,1,1.03999996185303,2009,05,25,59,59,61.3599977493286,0,37.5242195129395,2009-05-01,42.8887100219727,57.4228935241699,64.8714828491211
23180040,Pluviométrica,Convencional,Santander,Sabana De Torres,7.4528,-73.4828,110,9/15/1972,,Andes,Magdalena Cauca,Medio Magdalena,Río Lebrija y otros directos al Magdalena,2.64000010490418,4.62181806564331,4,6,0.58695650100708,0.833333313465118,1,1,1.03999996185303,2009,05,26,18,18,18.7199993133545,0,27.2528610229492,2009-05-01,27.785795211792,23.8210792541504,25.3439788818359
23180040,Pluviométrica,Convencional,Santander,Sabana De Torres,7.4528,-73.4828,110,9/15/1972,,Andes,Magdalena Cauca,Medio Magdalena,Río Lebrija y otros directos al Magdalena,2.64000010490418,4.62181806564331,4,6,0.58695650100708,0.833333313465118,1,1,1.03999996185303,2009,05,27,106,106,110.239995956421,0,48.3378677368164,2009-05-01,62.0830078125,63.7076263427734,63.5536003112793
23180040,Pluviométrica,Convencional,Santander,Sabana De Torres,7.4528,-73.4828,110,9/15/1972,,Andes,Magdalena Cauca,Medio Magdalena,Río Lebrija y otros directos al Magdalena,2.64000010490418,4.62181806564331,4,6,0.58695650100708,0.833333313465118,1,1,1.03999996185303,2009,05,28,44,44,45.7599983215332,0,46.7664337158203,2009-05-01,59.5669441223145,21.5353736877441,23.0024890899658
23180040,Pluviométrica,Convencional,Santander,Sabana De Torres,7.4528,-73.4828,110,9/15/1972,,Andes,Magdalena Cauca,Medio Magdalena,Río Lebrija y otros directos al Magdalena,2.64000010490418,4.62181806564331,4,6,0.58695650100708,0.833333313465118,1,1,1.03999996185303,2009,05,29,65,65,67.5999975204468,0,45.0078010559082,2009-05-01,55.2792587280274,53.515552520752,63.9934349060059
23180040,Pluviométrica,Convencional,Santander,Sabana De Torres,7.4528,-73.4828,110,9/15/1972,,Andes,Magdalena Cauca,Medio Magdalena,Río Lebrija y otros directos al Magdalena,2.64000010490418,4.62181806564331,4,6,0.58695650100708,0.833333313465118,1,1,1.03999996185303,2009,05,30,52,52,54.0799980163574,0,50.6158409118652,2009-05-01,48.4583511352539,35.9064788818359,37.1011428833008
23180040,Pluviométrica,Convencional,Santander,Sabana De Torres,7.4528,-73.4828,110,9/15/1972,,Andes,Magdalena Cauca,Medio Magdalena,Río Lebrija y otros directos al Magdalena,2.64000010490418,4.62181806564331,4,6,0.58695650100708,0.833333313465118,1,1,1.04999995231628,2009,06,31,62,62,65.0999970436096,0,23.4134540557861,2009-06-01,35.8129577636719,46.8977966308594,51.6228675842285
23180040,Pluviométrica,Convencional,Santander,Sabana De Torres,7.4528,-73.4828,110,9/15/1972,,Andes,Magdalena Cauca,Medio Magdalena,Río Lebrija y otros directos al Magdalena,2.64000010490418,4.62181806564331,4,6,0.58695650100708,0.833333313465118,1,1,1.04999995231628,2009,06,32,70,70,73.4999966621399,0,33.9745063781738,2009-06-01,63.8526306152344,62.3083877563477,80.8222351074219
23180040,Pluviométrica,Convencional,Santander,Sabana De Torres,7.4528,-73.4828,110,9/15/1972,,Andes,Magdalena Cauca,Medio Magdalena,Río Lebrija y otros directos al Magdalena,2.64000010490418,4.62181806564331,4,6,0.58695650100708,0.833333313465118,1,1,1.04999995231628,2009,06,33,0,0,0,0,27.8752155303955,2009-06-01,47.7281913757324,20.6151885986328,24.3040161132813
23180040,Pluviométrica,Convencional,Santander,Sabana De Torres,7.4528,-73.4828,110,9/15/1972,,Andes,Magdalena Cauca,Medio Magdalena,Río Lebrija y otros directos al Magdalena,2.64000010490418,4.62181806564331,4,6,0.58695650100708,0.833333313465118,1,1,1.04999995231628,2009,06,34,66,66,69.2999968528748,0,32.7487564086914,2009-06-01,65.760368347168,35.6762619018555,43.21923828125
23180040,Pluviométrica,Convencional,Santander,Sabana De Torres,7.4528,-73.4828,110,9/15/1972,,Andes,Magdalena Cauca,Medio Magdalena,Río Lebrija y otros directos al Magdalena,2.64000010490418,4.62181806564331,4,6,0.58695650100708,0.833333313465118,1,1,1.04999995231628,2009,06,35,36,36,37.7999982833862,0,35.2300758361816,2009-06-01,70.1292343139649,49.0712356567383,67.3894882202148
23180040,Pluviométrica,Convencional,Santander,Sabana De Torres,7.4528,-73.4828,110,9/15/1972,,Andes,Magdalena Cauca,Medio Magdalena,Río Lebrija y otros directos al Magdalena,2.64000010490418,4.62181806564331,4,6,0.58695650100708,0.833333313465118,1,1,1.04999995231628,2009,06,36,109,109,114.449994802475,0,37.1557312011719,2009-06-01,64.3971099853516,66.3833084106445,78.4821395874024
23180040,Pluviométrica,Convencional,Santander,Sabana De Torres,7.4528,-73.4828,110,9/15/1972,,Andes,Magdalena Cauca,Medio Magdalena,Río Lebrija y otros directos al Magdalena,2.64000010490418,4.62181806564331,4,6,0.58695650100708,0.833333313465118,1,1,1.04999995231628,2009,07,37,81,81,85.049996137619,0,25.5250244140625,2009-07-01,23.1894416809082,33.0879974365234,34.1856727600098
23180040,Pluviométrica,Convencional,Santander,Sabana De Torres,7.4528,-73.4828,110,9/15/1972,,Andes,Magdalena Cauca,Medio Magdalena,Río Lebrija y otros directos al Magdalena,2.64000010490418,4.62181806564331,4,6,0.58695650100708,0.833333313465118,1,1,1.04999995231628,2009,07,38,35,35,36.7499983310699,0,41.2304878234863,2009-07-01,44.7434425354004,44.2642250061035,62.443302154541
23180040,Pluviométrica,Convencional,Santander,Sabana De Torres,7.4528,-73.4828,110,9/15/1972,,Andes,Magdalena Cauca,Medio Magdalena,Río Lebrija y otros directos al Magdalena,2.64000010490418,4.62181806564331,4,6,0.58695650100708,0.833333313465118,1,1,1.04999995231628,2009,07,39,19,19,19.9499990940094,0,21.5064010620117,2009-07-01,6.15875291824341,10.6320848464966,5.90837812423706
23180040,Pluviométrica,Convencional,Santander,Sabana De Torres,7.4528,-73.4828,110,9/15/1972,,Andes,Magdalena Cauca,Medio Magdalena,Río Lebrija y otros directos al Magdalena,2.64000010490418,4.62181806564331,4,6,0.58695650100708,0.833333313465118,1,1,1.04999995231628,2009,07,40,85,85,89.2499959468842,0,29.2239284515381,2009-07-01,17.3374252319336,51.1240386962891,36.9857749938965
23180040,Pluviométrica,Convencional,Santander,Sabana De Torres,7.4528,-73.4828,110,9/15/1972,,Andes,Magdalena Cauca,Medio Magdalena,Río Lebrija y otros directos al Magdalena,2.64000010490418,4.62181806564331,4,6,0.58695650100708,0.833333313465118,1,1,1.04999995231628,2009,07,41,22,22,23.0999989509583,0,34.1264533996582,2009-07-01,27.2825469970703,32.2181816101074,30.2338886260986
23180040,Pluviométrica,Convencional,Santander,Sabana De Torres,7.4528,-73.4828,110,9/15/1972,,Andes,Magdalena Cauca,Medio Magdalena,Río Lebrija y otros directos al Magdalena,2.64000010490418,4.62181806564331,4,6,0.58695650100708,0.833333313465118,1,1,1.04999995231628,2009,07,42,0,0,0,0,41.6609611511231,2009-07-01,32.4819412231445,16.5284194946289,15.9709854125977
23180040,Pluviométrica,Convencional,Santander,Sabana De Torres,7.4528,-73.4828,110,9/15/1972,,Andes,Magdalena Cauca,Medio Magdalena,Río Lebrija y otros directos al Magdalena,2.64000010490418,4.62181806564331,4,6,0.58695650100708,0.833333313465118,1,1,1.04999995231628,2009,08,43,30,30,31.4999985694885,0,36.2932319641113,2009-08-01,32.3007583618164,56.525016784668,57.1694450378418
23180040,Pluviométrica,Convencional,Santander,Sabana De Torres,7.4528,-73.4828,110,9/15/1972,,Andes,Magdalena Cauca,Medio Magdalena,Río Lebrija y otros directos al Magdalena,2.64000010490418,4.62181806564331,4,6,0.58695650100708,0.833333313465118,1,1,1.04999995231628,2009,08,44,82,82,86.0999960899353,0,71.0843811035156,2009-08-01,85.0724868774414,60.4703788757324,69.676643371582
23180040,Pluviométrica,Convencional,Santander,Sabana De Torres,7.4528,-73.4828,110,9/15/1972,,Andes,Magdalena Cauca,Medio Magdalena,Río Lebrija y otros directos al Magdalena,2.64000010490418,4.62181806564331,4,6,0.58695650100708,0.833333313465118,1,1,1.04999995231628,2009,08,45,25,25,26.2499988079071,0,56.6902503967285,2009-08-01,70.9704971313477,33.601131439209,40.5325012207031
23180040,Pluviométrica,Convencional,Santander,Sabana De Torres,7.4528,-73.4828,110,9/15/1972,,Andes,Magdalena Cauca,Medio Magdalena,Río Lebrija y otros directos al Magdalena,2.64000010490418,4.62181806564331,4,6,0.58695650100708,0.833333313465118,1,1,1.04999995231628,2009,08,46,93,93,97.6499955654144,0,70.5747299194336,2009-08-01,94.3271713256836,112.878196716309,136.470504760742
23180040,Pluviométrica,Convencional,Santander,Sabana De Torres,7.4528,-73.4828,110,9/15/1972,,Andes,Magdalena Cauca,Medio Magdalena,Río Lebrija y otros directos al Magdalena,2.64000010490418,4.62181806564331,4,6,0.58695650100708,0.833333313465118,1,1,1.04999995231628,2009,08,47,26,26,27.2999987602234,0,32.4999008178711,2009-08-01,27.3807201385498,43.9706611633301,46.1147499084473
23180040,Pluviométrica,Convencional,Santander,Sabana De Torres,7.4528,-73.4828,110,9/15/1972,,Andes,Magdalena Cauca,Medio Magdalena,Río Lebrija y otros directos al Magdalena,2.64000010490418,4.62181806564331,4,6,0.58695650100708,0.833333313465118,1,1,1.04999995231628,2009,08,48,48,48,50.3999977111817,0,41.9189910888672,2009-08-01,34.401309967041,38.6409111022949,41.396053314209
23180040,Pluviométrica,Convencional,Santander,Sabana De Torres,7.4528,-73.4828,110,9/15/1972,,Andes,Magdalena Cauca,Medio Magdalena,Río Lebrija y otros directos al Magdalena,2.64000010490418,4.62181806564331,4,6,0.58695650100708,0.833333313465118,1,1,1.04999995231628,2009,09,49,5,5,5.24999976158142,0,24.7032089233398,2009-09-01,30.8776988983154,10.5453262329102,11.9287967681885
23180040,Pluviométrica,Convencional,Santander,Sabana De Torres,7.4528,-73.4828,110,9/15/1972,,Andes,Magdalena Cauca,Medio Magdalena,Río Lebrija y otros directos al Magdalena,2.64000010490418,4.62181806564331,4,6,0.58695650100708,0.833333313465118,1,1,1.04999995231628,2009,09,50,2,2,2.09999990463257,0,31.8547344207764,2009-09-01,52.836311340332,19.667366027832,26.4181003570557
23180040,Pluviométrica,Convencional,Santander,Sabana De Torres,7.4528,-73.4828,110,9/15/1972,,Andes,Magdalena Cauca,Medio Magdalena,Río Lebrija y otros directos al Magdalena,2.64000010490418,4.62181806564331,4,6,0.58695650100708,0.833333313465118,1,1,1.04999995231628,2009,09,51,44,44,46.1999979019165,0,34.6183471679688,2009-09-01,63.9423522949219,43.6610298156738,56.0968475341797
23180040,Pluviométrica,Convencional,Santander,Sabana De Torres,7.4528,-73.4828,110,9/15/1972,,Andes,Magdalena Cauca,Medio Magdalena,Río Lebrija y otros directos al Magdalena,2.64000010490418,4.62181806564331,4,6,0.58695650100708,0.833333313465118,1,1,1.04999995231628,2009,09,52,48,48,50.3999977111817,0,30.685754776001,2009-09-01,53.3336563110352,37.7158241271973,46.3918495178223
23180040,Pluviométrica,Convencional,Santander,Sabana De Torres,7.4528,-73.4828,110,9/15/1972,,Andes,Magdalena Cauca,Medio Magdalena,Río Lebrija y otros directos al Magdalena,2.64000010490418,4.62181806564331,4,6,0.58695650100708,0.833333313465118,1,1,1.04999995231628,2009,09,53,11,11,11.5499994754791,0,18.2849025726318,2009-09-01,22.1473255157471,7.6981053352356,7.71969747543335
23180040,Pluviométrica,Convencional,Santander,Sabana De Torres,7.4528,-73.4828,110,9/15/1972,,Andes,Magdalena Cauca,Medio Magdalena,Río Lebrija y otros directos al Magdalena,2.64000010490418,4.62181806564331,4,6,0.58695650100708,0.833333313465118,1,1,1.04999995231628,2009,09,54,0,0,0,0,21.9301700592041,2009-09-01,26.2920932769775,7.16742515563965,8.02861976623535
23180040,Pluviométrica,Convencional,Santander,Sabana De Torres,7.4528,-73.4828,110,9/15/1972,,Andes,Magdalena Cauca,Medio Magdalena,Río Lebrija y otros directos al Magdalena,2.64000010490418,4.62181806564331,4,6,0.58695650100708,0.833333313465118,1,1,1.03999996185303,2009,10,55,103,103,107.119996070862,0,52.5548210144043,2009-10-01,63.4250907897949,81.510124206543,88.2044219970703
23180040,Pluviométrica,Convencional,Santander,Sabana De Torres,7.4528,-73.4828,110,9/15/1972,,Andes,Magdalena Cauca,Medio Magdalena,Río Lebrija y otros directos al Magdalena,2.64000010490418,4.62181806564331,4,6,0.58695650100708,0.833333313465118,1,1,1.03999996185303,2009,10,56,62,62,64.4799976348877,0,50.5658264160156,2009-10-01,58.5299453735352,42.7574119567871,43.2308616638184
23180040,Pluviométrica,Convencional,Santander,Sabana De Torres,7.4528,-73.4828,110,9/15/1972,,Andes,Magdalena Cauca,Medio Magdalena,Río Lebrija y otros directos al Magdalena,2.64000010490418,4.62181806564331,4,6,0.58695650100708,0.833333313465118,1,1,1.03999996185303,2009,10,57,89,89,92.5599966049194,0,77.3540573120117,2009-10-01,105.003067016602,83.5195388793945,96.9459609985352
23180040,Pluviométrica,Convencional,Santander,Sabana De Torres,7.4528,-73.4828,110,9/15/1972,,Andes,Magdalena Cauca,Medio Magdalena,Río Lebrija y otros directos al Magdalena,2.64000010490418,4.62181806564331,4,6,0.58695650100708,0.833333313465118,1,1,1.03999996185303,2009,10,58,111,111,115.439995765686,0,71.6191101074219,2009-10-01,93.7058486938477,87.7927017211914,96.0376205444336
23180040,Pluviométrica,Convencional,Santander,Sabana De Torres,7.4528,-73.4828,110,9/15/1972,,Andes,Magdalena Cauca,Medio Magdalena,Río Lebrija y otros directos al Magdalena,2.64000010490418,4.62181806564331,4,6,0.58695650100708,0.833333313465118,1,1,1.03999996185303,2009,10,59,125,125,129.999995231628,0,63.4216995239258,2009-10-01,90.0373306274414,102.066375732422,118.779335021973
23180040,Pluviométrica,Convencional,Santander,Sabana De Torres,7.4528,-73.4828,110,9/15/1972,,Andes,Magdalena Cauca,Medio Magdalena,Río Lebrija y otros directos al Magdalena,2.64000010490418,4.62181806564331,4,6,0.58695650100708,0.833333313465118,1,1,1.03999996185303,2009,10,60,112,112,116.479995727539,0,82.0696258544922,2009-10-01,99.6320343017578,107.350852966309,119.452690124512
23180040,Pluviométrica,Convencional,Santander,Sabana De Torres,7.4528,-73.4828,110,9/15/1972,,Andes,Magdalena Cauca,Medio Magdalena,Río Lebrija y otros directos al Magdalena,2.64000010490418,4.62181806564331,4,6,0.58695650100708,0.833333313465118,1,1,1.03999996185303,2009,11,61,82,82,85.2799968719483,0,23.9095859527588,2009-11-01,13.8588190078735,57.4235343933106,46.8696212768555
23180040,Pluviométrica,Convencional,Santander,Sabana De Torres,7.4528,-73.4828,110,9/15/1972,,Andes,Magdalena Cauca,Medio Magdalena,Río Lebrija y otros directos al Magdalena,2.64000010490418,4.62181806564331,4,6,0.58695650100708,0.833333313465118,1,1,1.03999996185303,2009,11,62,1,1,1.03999996185303,0,65.5210876464844,2009-11-01,74.5459136962891,25.3251132965088,25.3925361633301
23180040,Pluviométrica,Convencional,Santander,Sabana De Torres,7.4528,-73.4828,110,9/15/1972,,Andes,Magdalena Cauca,Medio Magdalena,Río Lebrija y otros directos al Magdalena,2.64000010490418,4.62181806564331,4,6,0.58695650100708,0.833333313465118,1,1,1.03999996185303,2009,11,63,23,23,23.9199991226196,0,43.5451507568359,2009-11-01,38.6206207275391,72.4296188354492,77.4314270019531
23180040,Pluviométrica,Convencional,Santander,Sabana De Torres,7.4528,-73.4828,110,9/15/1972,,Andes,Magdalena Cauca,Medio Magdalena,Río Lebrija y otros directos al Magdalena,2.64000010490418,4.62181806564331,4,6,0.58695650100708,0.833333313465118,1,1,1.03999996185303,2009,11,64,12,12,12.4799995422363,0,32.1579246520996,2009-11-01,25.4924468994141,20.2372398376465,17.7786846160889
23180040,Pluviométrica,Convencional,Santander,Sabana De Torres,7.4528,-73.4828,110,9/15/1972,,Andes,Magdalena Cauca,Medio Magdalena,Río Lebrija y otros directos al Magdalena,2.64000010490418,4.62181806564331,4,6,0.58695650100708,0.833333313465118,1,1,1.03999996185303,2009,11,65,14,14,14.5599994659424,0,49.9188270568848,2009-11-01,37.3701057434082,20.2685031890869,17.1452293395996
23180040,Pluviométrica,Convencional,Santander,Sabana De Torres,7.4528,-73.4828,110,9/15/1972,,Andes,Magdalena Cauca,Medio Magdalena,Río Lebrija y otros directos al Magdalena,2.64000010490418,4.62181806564331,4,6,0.58695650100708,0.833333313465118,1,1,1.03999996185303,2009,11,66,15,15,15.5999994277954,0,20.7384071350098,2009-11-01,16.8270301818848,17.359884262085,19.7494850158691
23180040,Pluviométrica,Convencional,Santander,Sabana De Torres,7.4528,-73.4828,110,9/15/1972,,Andes,Magdalena Cauca,Medio Magdalena,Río Lebrija y otros directos al Magdalena,2.64000010490418,4.62181806564331,4,6,0.58695650100708,0.833333313465118,1,1,1.05999994277954,2009,12,67,4,4,4.23999977111816,0,3.55821800231934,2009-12-01,2.82957887649536,3.65155935287476,2.43820762634277
23180040,Pluviométrica,Convencional,Santander,Sabana De Torres,7.4528,-73.4828,110,9/15/1972,,Andes,Magdalena Cauca,Medio Magdalena,Río Lebrija y otros directos al Magdalena,2.64000010490418,4.62181806564331,4,6,0.58695650100708,0.833333313465118,1,1,1.05999994277954,2009,12,68,71,71,75.2599959373474,0,11.2149219512939,2009-12-01,19.7798976898193,21.158634185791,34.3121376037598
23180040,Pluviométrica,Convencional,Santander,Sabana De Torres,7.4528,-73.4828,110,9/15/1972,,Andes,Magdalena Cauca,Medio Magdalena,Río Lebrija y otros directos al Magdalena,2.64000010490418,4.62181806564331,4,6,0.58695650100708,0.833333313465118,1,1,1.05999994277954,2009,12,69,0,0,0,0,5.97715950012207,2009-12-01,10.9053373336792,3.82720828056335,4.65270280838013
23180040,Pluviométrica,Convencional,Santander,Sabana De Torres,7.4528,-73.4828,110,9/15/1972,,Andes,Magdalena Cauca,Medio Magdalena,Río Lebrija y otros directos al Magdalena,2.64000010490418,4.62181806564331,4,6,0.58695650100708,0.833333313465118,1,1,1.05999994277954,2009,12,70,91,91,96.4599947929382,0,18.0454597473145,2009-12-01,33.6139373779297,45.7947387695313,94.220588684082
23180040,Pluviométrica,Convencional,Santander,Sabana De Torres,7.4528,-73.4828,110,9/15/1972,,Andes,Magdalena Cauca,Medio Magdalena,Río Lebrija y otros directos al Magdalena,2.64000010490418,4.62181806564331,4,6,0.58695650100708,0.833333313465118,1,1,1.05999994277954,2009,12,71,42,42,44.5199975967407,0,24.9009971618652,2009-12-01,46.6499786376953,57.1916160583496,56.657585144043
23180040,Pluviométrica,Convencional,Santander,Sabana De Torres,7.4528,-73.4828,110,9/15/1972,,Andes,Magdalena Cauca,Medio Magdalena,Río Lebrija y otros directos al Magdalena,2.64000010490418,4.62181806564331,4,6,0.58695650100708,0.833333313465118,1,1,1.05999994277954,2009,12,72,50,50,52.9999971389771,0,25.910795211792,2009-12-01,34.0207366943359,37.9355735778809,29.3312492370606
23180040,Pluviométrica,Convencional,Santander,Sabana De Torres,7.4528,-73.4828,110,9/15/1972,,Andes,Magdalena Cauca,Medio Magdalena,Río Lebrija y otros directos al Magdalena,2.64000010490418,4.62181806564331,4,6,0.58695650100708,0.833333313465118,1,1,1.07000005245209,2010,01,1,0,0,0,0,4.74244594573975,2010-01-01,1.33791744709015,2.31836247444153,1.67492735385895
23180040,Pluviométrica,Convencional,Santander,Sabana De Torres,7.4528,-73.4828,110,9/15/1972,,Andes,Magdalena Cauca,Medio Magdalena,Río Lebrija y otros directos al Magdalena,2.64000010490418,4.62181806564331,4,6,0.58695650100708,0.833333313465118,1,1,1.07000005245209,2010,01,2,0,0,0,0,4.53246164321899,2010-01-01,0.786850214004517,2.25701785087585,1.06514883041382
23180040,Pluviométrica,Convencional,Santander,Sabana De Torres,7.4528,-73.4828,110,9/15/1972,,Andes,Magdalena Cauca,Medio Magdalena,Río Lebrija y otros directos al Magdalena,2.64000010490418,4.62181806564331,4,6,0.58695650100708,0.833333313465118,1,1,1.07000005245209,2010,01,3,0,0,0,0,4.38842439651489,2010-01-01,0,2.21171975135803,0
23180040,Pluviométrica,Convencional,Santander,Sabana De Torres,7.4528,-73.4828,110,9/15/1972,,Andes,Magdalena Cauca,Medio Magdalena,Río Lebrija y otros directos al Magdalena,2.64000010490418,4.62181806564331,4,6,0.58695650100708,0.833333313465118,1,1,1.07000005245209,2010,01,4,0,0,0,0,4.36315011978149,2010-01-01,0,2.22224092483521,0
23180040,Pluviométrica,Convencional,Santander,Sabana De Torres,7.4528,-73.4828,110,9/15/1972,,Andes,Magdalena Cauca,Medio Magdalena,Río Lebrija y otros directos al Magdalena,2.64000010490418,4.62181806564331,4,6,0.58695650100708,0.833333313465118,1,1,1.07000005245209,2010,01,5,0,0,0,0,9.27203369140625,2010-01-01,11.2272729873657,5.9196662902832,9.55539417266846
23180040,Pluviométrica,Convencional,Santander,Sabana De Torres,7.4528,-73.4828,110,9/15/1972,,Andes,Magdalena Cauca,Medio Magdalena,Río Lebrija y otros directos al Magdalena,2.64000010490418,4.62181806564331,4,6,0.58695650100708,0.833333313465118,1,1,1.07000005245209,2010,01,6,4,4,4.28000020980835,0,6.76705503463745,2010-01-01,0,7.48209047317505,0
23180040,Pluviométrica,Convencional,Santander,Sabana De Torres,7.4528,-73.4828,110,9/15/1972,,Andes,Magdalena Cauca,Medio Magdalena,Río Lebrija y otros directos al Magdalena,2.64000010490418,4.62181806564331,4,6,0.58695650100708,0.833333313465118,1,1,1.05999994277954,2010,02,7,0,0,0,0,4.25125551223755,2010-02-01,0.0597022771835327,2.0311803817749,0.0490326434373856
23180040,Pluviométrica,Convencional,Santander,Sabana De Torres,7.4528,-73.4828,110,9/15/1972,,Andes,Magdalena Cauca,Medio Magdalena,Río Lebrija y otros directos al Magdalena,2.64000010490418,4.62181806564331,4,6,0.58695650100708,0.833333313465118,1,1,1.05999994277954,2010,02,8,10,10,10.5999994277954,0,4.11456394195557,2010-02-01,1.09836149215698,4.22874689102173,1.44922757148743
23180040,Pluviométrica,Convencional,Santander,Sabana De Torres,7.4528,-73.4828,110,9/15/1972,,Andes,Magdalena Cauca,Medio Magdalena,Río Lebrija y otros directos al Magdalena,2.64000010490418,4.62181806564331,4,6,0.58695650100708,0.833333313465118,1,1,1.05999994277954,2010,02,9,0,0,0,0,10.7163257598877,2010-02-01,16.8908958435059,5.33614301681519,6.54122066497803
23180040,Pluviométrica,Convencional,Santander,Sabana De Torres,7.4528,-73.4828,110,9/15/1972,,Andes,Magdalena Cauca,Medio Magdalena,Río Lebrija y otros directos al Magdalena,2.64000010490418,4.62181806564331,4,6,0.58695650100708,0.833333313465118,1,1,1.05999994277954,2010,02,10,0,0,0,0,7.98170280456543,2010-02-01,10.1732053756714,4.64751625061035,9.32592391967773
23180040,Pluviométrica,Convencional,Santander,Sabana De Torres,7.4528,-73.4828,110,9/15/1972,,Andes,Magdalena Cauca,Medio Magdalena,Río Lebrija y otros directos al Magdalena,2.64000010490418,4.62181806564331,4,6,0.58695650100708,0.833333313465118,1,1,1.05999994277954,2010,02,11,119,119,126.139993190765,0,48.2390785217285,2010-02-01,91.0103988647461,71.6684188842774,81.6598281860352
23180040,Pluviométrica,Convencional,Santander,Sabana De Torres,7.4528,-73.4828,110,9/15/1972,,Andes,Magdalena Cauca,Medio Magdalena,Río Lebrija y otros directos al Magdalena,2.64000010490418,4.62181806564331,4,6,0.58695650100708,0.833333313465118,1,1,1.05999994277954,2010,02,12,0,0,0,0,7.0392746925354,2010-02-01,13.3504333496094,4.99255561828613,6.61237668991089
23180040,Pluviométrica,Convencional,Santander,Sabana De Torres,7.4528,-73.4828,110,9/15/1972,,Andes,Magdalena Cauca,Medio Magdalena,Río Lebrija y otros directos al Magdalena,2.64000010490418,4.62181806564331,4,6,0.58695650100708,0.833333313465118,1,1,1.05999994277954,2010,03,13,60,60,63.5999965667725,0,24.989070892334,2010-03-01,52.0888023376465,62.0635223388672,82.2876434326172
23180040,Pluviométrica,Convencional,Santander,Sabana De Torres,7.4528,-73.4828,110,9/15/1972,,Andes,Magdalena Cauca,Medio Magdalena,Río Lebrija y otros directos al Magdalena,2.64000010490418,4.62181806564331,4,6,0.58695650100708,0.833333313465118,1,1,1.05999994277954,2010,03,14,139,139,147.339992046356,0,25.7222194671631,2010-03-01,42.3719940185547,37.720947265625,50.1243629455566
23180040,Pluviométrica,Convencional,Santander,Sabana De Torres,7.4528,-73.4828,110,9/15/1972,,Andes,Magdalena Cauca,Medio Magdalena,Río Lebrija y otros directos al Magdalena,2.64000010490418,4.62181806564331,4,6,0.58695650100708,0.833333313465118,1,1,1.05999994277954,2010,03,15,20,20,21.1999988555908,0,25.9893989562988,2010-03-01,40.0176086425781,20.9747009277344,21.7341651916504
23180040,Pluviométrica,Convencional,Santander,Sabana De Torres,7.4528,-73.4828,110,9/15/1972,,Andes,Magdalena Cauca,Medio Magdalena,Río Lebrija y otros directos al Magdalena,2.64000010490418,4.62181806564331,4,6,0.58695650100708,0.833333313465118,1,1,1.05999994277954,2010,03,16,96,96,101.759994506836,0,31.4395980834961,2010-03-01,63.9179916381836,68.5904235839844,81.5280303955078
23180040,Pluviométrica,Convencional,Santander,Sabana De Torres,7.4528,-73.4828,110,9/15/1972,,Andes,Magdalena Cauca,Medio Magdalena,Río Lebrija y otros directos al Magdalena,2.64000010490418,4.62181806564331,4,6,0.58695650100708,0.833333313465118,1,1,1.05999994277954,2010,03,17,9,9,9.53999948501587,0,8.06536388397217,2010-03-01,3.05073094367981,8.57660675048828,5.02433300018311
23180040,Pluviométrica,Convencional,Santander,Sabana De Torres,7.4528,-73.4828,110,9/15/1972,,Andes,Magdalena Cauca,Medio Magdalena,Río Lebrija y otros directos al Magdalena,2.64000010490418,4.62181806564331,4,6,0.58695650100708,0.833333313465118,1,1,1.05999994277954,2010,03,18,31,31,32.8599982261658,0,32.1749382019043,2010-03-01,29.4867687225342,53.1667137145996,51.1611366271973
23180040,Pluviométrica,Convencional,Santander,Sabana De Torres,7.4528,-73.4828,110,9/15/1972,,Andes,Magdalena Cauca,Medio Magdalena,Río Lebrija y otros directos al Magdalena,2.64000010490418,4.62181806564331,4,6,0.58695650100708,0.833333313465118,1,1,1.04999995231628,2010,04,19,69,69,72.4499967098236,0,63.444450378418,2010-04-01,70.743278503418,59.0267219543457,62.8842697143555
23180040,Pluviométrica,Convencional,Santander,Sabana De Torres,7.4528,-73.4828,110,9/15/1972,,Andes,Magdalena Cauca,Medio Magdalena,Río Lebrija y otros directos al Magdalena,2.64000010490418,4.62181806564331,4,6,0.58695650100708,0.833333313465118,1,1,1.04999995231628,2010,04,20,7,7,7.34999966621399,0,51.1170310974121,2010-04-01,57.536304473877,61.9645500183106,71.9767379760742
23180040,Pluviométrica,Convencional,Santander,Sabana De Torres,7.4528,-73.4828,110,9/15/1972,,Andes,Magdalena Cauca,Medio Magdalena,Río Lebrija y otros directos al Magdalena,2.64000010490418,4.62181806564331,4,6,0.58695650100708,0.833333313465118,1,1,1.04999995231628,2010,04,21,90,90,94.4999957084656,0,81.4621047973633,2010-04-01,90.5634765625,74.5047760009766,75.6677322387695
23180040,Pluviométrica,Convencional,Santander,Sabana De Torres,7.4528,-73.4828,110,9/15/1972,,Andes,Magdalena Cauca,Medio Magdalena,Río Lebrija y otros directos al Magdalena,2.64000010490418,4.62181806564331,4,6,0.58695650100708,0.833333313465118,1,1,1.04999995231628,2010,04,22,78,78,81.8999962806702,0,38.3047637939453,2010-04-01,39.9964561462402,49.9310073852539,46.4424133300781
23180040,Pluviométrica,Convencional,Santander,Sabana De Torres,7.4528,-73.4828,110,9/15/1972,,Andes,Magdalena Cauca,Medio Magdalena,Río Lebrija y otros directos al Magdalena,2.64000010490418,4.62181806564331,4,6,0.58695650100708,0.833333313465118,1,1,1.04999995231628,2010,04,23,60,60,62.9999971389771,0,16.6381549835205,2010-04-01,14.3769836425781,37.6462478637695,39.1382637023926
23180040,Pluviométrica,Convencional,Santander,Sabana De Torres,7.4528,-73.4828,110,9/15/1972,,Andes,Magdalena Cauca,Medio Magdalena,Río Lebrija y otros directos al Magdalena,2.64000010490418,4.62181806564331,4,6,0.58695650100708,0.833333313465118,1,1,1.04999995231628,2010,04,24,69,69,72.4499967098236,0,34.7817115783691,2010-04-01,41.0691146850586,34.142204284668,39.0040817260742
23180040,Pluviométrica,Convencional,Santander,Sabana De Torres,7.4528,-73.4828,110,9/15/1972,,Andes,Magdalena Cauca,Medio Magdalena,Río Lebrija y otros directos al Magdalena,2.64000010490418,4.62181806564331,4,6,0.58695650100708,0.833333313465118,1,1,1.03999996185303,2010,05,25,57,57,59.2799978256226,0,48.7601852416992,2010-05-01,63.1059226989746,114.555847167969,158.111877441406
23180040,Pluviométrica,Convencional,Santander,Sabana De Torres,7.4528,-73.4828,110,9/15/1972,,Andes,Magdalena Cauca,Medio Magdalena,Río Lebrija y otros directos al Magdalena,2.64000010490418,4.62181806564331,4,6,0.58695650100708,0.833333313465118,1,1,1.03999996185303,2010,05,26,28,28,29.1199989318848,0,35.1222267150879,2010-05-01,38.7456741333008,24.9210472106934,26.0549659729004
23180040,Pluviométrica,Convencional,Santander,Sabana De Torres,7.4528,-73.4828,110,9/15/1972,,Andes,Magdalena Cauca,Medio Magdalena,Río Lebrija y otros directos al Magdalena,2.64000010490418,4.62181806564331,4,6,0.58695650100708,0.833333313465118,1,1,1.03999996185303,2010,05,27,87,87,90.4799966812134,0,43.5106163024902,2010-05-01,52.7777481079102,45.9235305786133,44.189151763916
23180040,Pluviométrica,Convencional,Santander,Sabana De Torres,7.4528,-73.4828,110,9/15/1972,,Andes,Magdalena Cauca,Medio Magdalena,Río Lebrija y otros directos al Magdalena,2.64000010490418,4.62181806564331,4,6,0.58695650100708,0.833333313465118,1,1,1.03999996185303,2010,05,28,15,15,15.5999994277954,0,53.5348930358887,2010-05-01,73.1008605957031,77.3039093017578,86.4386596679688
23180040,Pluviométrica,Convencional,Santander,Sabana De Torres,7.4528,-73.4828,110,9/15/1972,,Andes,Magdalena Cauca,Medio Magdalena,Río Lebrija y otros directos al Magdalena,2.64000010490418,4.62181806564331,4,6,0.58695650100708,0.833333313465118,1,1,1.03999996185303,2010,05,29,50,50,51.9999980926514,0,42.459285736084,2010-05-01,49.0181198120117,68.5682525634766,62.7247467041016
23180040,Pluviométrica,Convencional,Santander,Sabana De Torres,7.4528,-73.4828,110,9/15/1972,,Andes,Magdalena Cauca,Medio Magdalena,Río Lebrija y otros directos al Magdalena,2.64000010490418,4.62181806564331,4,6,0.58695650100708,0.833333313465118,1,1,1.03999996185303,2010,05,30,19,19,19.7599992752075,0,43.6848983764649,2010-05-01,38.246223449707,49.0540962219238,45.2002410888672
23180040,Pluviométrica,Convencional,Santander,Sabana De Torres,7.4528,-73.4828,110,9/15/1972,,Andes,Magdalena Cauca,Medio Magdalena,Río Lebrija y otros directos al Magdalena,2.64000010490418,4.62181806564331,4,6,0.58695650100708,0.833333313465118,1,1,1.04999995231628,2010,06,31,11,11,11.5499994754791,0,9.63363456726074,2010-06-01,1.85312592983246,15.0644063949585,5.37568140029907
23180040,Pluviométrica,Convencional,Santander,Sabana De Torres,7.4528,-73.4828,110,9/15/1972,,Andes,Magdalena Cauca,Medio Magdalena,Río Lebrija y otros directos al Magdalena,2.64000010490418,4.62181806564331,4,6,0.58695650100708,0.833333313465118,1,1,1.04999995231628,2010,06,32,23,23,24.1499989032745,0,14.5768280029297,2010-06-01,13.6352453231812,29.0085277557373,24.398458480835
23180040,Pluviométrica,Convencional,Santander,Sabana De Torres,7.4528,-73.4828,110,9/15/1972,,Andes,Magdalena Cauca,Medio Magdalena,Río Lebrija y otros directos al Magdalena,2.64000010490418,4.62181806564331,4,6,0.58695650100708,0.833333313465118,1,1,1.04999995231628,2010,06,33,15,15,15.7499992847443,0,25.41819190979,2010-06-01,39.2547454833984,60.3219871520996,104.177444458008
23180040,Pluviométrica,Convencional,Santander,Sabana De Torres,7.4528,-73.4828,110,9/15/1972,,Andes,Magdalena Cauca,Medio Magdalena,Río Lebrija y otros directos al Magdalena,2.64000010490418,4.62181806564331,4,6,0.58695650100708,0.833333313465118,1,1,1.04999995231628,2010,06,34,115,115,120.749994516373,0,22.476095199585,2010-06-01,38.2466659545898,68.1124267578125,73.4591751098633
23180040,Pluviométrica,Convencional,Santander,Sabana De Torres,7.4528,-73.4828,110,9/15/1972,,Andes,Magdalena Cauca,Medio Magdalena,Río Lebrija y otros directos al Magdalena,2.64000010490418,4.62181806564331,4,6,0.58695650100708,0.833333313465118,1,1,1.04999995231628,2010,06,35,24,24,25.1999988555908,0,22.8880043029785,2010-06-01,36.1262588500977,32.3421401977539,35.3555946350098
23180040,Pluviométrica,Convencional,Santander,Sabana De Torres,7.4528,-73.4828,110,9/15/1972,,Andes,Magdalena Cauca,Medio Magdalena,Río Lebrija y otros directos al Magdalena,2.64000010490418,4.62181806564331,4,6,0.58695650100708,0.833333313465118,1,1,1.04999995231628,2010,06,36,65,65,68.2499969005585,0,19.9096145629883,2010-06-01,22.2172527313232,38.2178726196289,31.085298538208
23180040,Pluviométrica,Convencional,Santander,Sabana De Torres,7.4528,-73.4828,110,9/15/1972,,Andes,Magdalena Cauca,Medio Magdalena,Río Lebrija y otros directos al Magdalena,2.64000010490418,4.62181806564331,4,6,0.58695650100708,0.833333313465118,1,1,1.04999995231628,2010,07,37,46,46,48.2999978065491,0,24.9891452789307,2010-07-01,22.018726348877,41.875919342041,39.0175971984863
23180040,Pluviométrica,Convencional,Santander,Sabana De Torres,7.4528,-73.4828,110,9/15/1972,,Andes,Magdalena Cauca,Medio Magdalena,Río Lebrija y otros directos al Magdalena,2.64000010490418,4.62181806564331,4,6,0.58695650100708,0.833333313465118,1,1,1.04999995231628,2010,07,38,96,96,100.799995422363,0,26.6370944976807,2010-07-01,19.9890651702881,57.7461929321289,60.7355766296387
23180040,Pluviométrica,Convencional,Santander,Sabana De Torres,7.4528,-73.4828,110,9/15/1972,,Andes,Magdalena Cauca,Medio Magdalena,Río Lebrija y otros directos al Magdalena,2.64000010490418,4.62181806564331,4,6,0.58695650100708,0.833333313465118,1,1,1.04999995231628,2010,07,39,21,21,22.049998998642,0,51.6847953796387,2010-07-01,57.7217979431152,71.6133193969727,75.7662734985352
23180040,Pluviométrica,Convencional,Santander,Sabana De Torres,7.4528,-73.4828,110,9/15/1972,,Andes,Magdalena Cauca,Medio Magdalena,Río Lebrija y otros directos al Magdalena,2.64000010490418,4.62181806564331,4,6,0.58695650100708,0.833333313465118,1,1,1.04999995231628,2010,07,40,99,99,103.949995279312,0,64.0771942138672,2010-07-01,75.6820068359375,87.5857849121094,92.3492431640625
23180040,Pluviométrica,Convencional,Santander,Sabana De Torres,7.4528,-73.4828,110,9/15/1972,,Andes,Magdalena Cauca,Medio Magdalena,Río Lebrija y otros directos al Magdalena,2.64000010490418,4.62181806564331,4,6,0.58695650100708,0.833333313465118,1,1,1.04999995231628,2010,07,41,63,63,66.1499969959259,0,26.2926692962647,2010-07-01,15.1397686004639,27.0485420227051,21.3984699249268
23180040,Pluviométrica,Convencional,Santander,Sabana De Torres,7.4528,-73.4828,110,9/15/1972,,Andes,Magdalena Cauca,Medio Magdalena,Río Lebrija y otros directos al Magdalena,2.64000010490418,4.62181806564331,4,6,0.58695650100708,0.833333313465118,1,1,1.04999995231628,2010,07,42,31,31,32.5499985218048,0,50.3746643066406,2010-07-01,50.0772590637207,31.5285224914551,32.2818717956543
23180040,Pluviométrica,Convencional,Santander,Sabana De Torres,7.4528,-73.4828,110,9/15/1972,,Andes,Magdalena Cauca,Medio Magdalena,Río Lebrija y otros directos al Magdalena,2.64000010490418,4.62181806564331,4,6,0.58695650100708,0.833333313465118,1,1,1.04999995231628,2010,08,43,198,198,207.899990558624,0,42.3209762573242,2010-08-01,42.8786773681641,76.0560455322266,87.3740692138672
23180040,Pluviométrica,Convencional,Santander,Sabana De Torres,7.4528,-73.4828,110,9/15/1972,,Andes,Magdalena Cauca,Medio Magdalena,Río Lebrija y otros directos al Magdalena,2.64000010490418,4.62181806564331,4,6,0.58695650100708,0.833333313465118,1,1,1.04999995231628,2010,08,44,66,66,69.2999968528748,0,22.0287837982178,2010-08-01,8.88130760192871,38.4599418640137,31.8273601531982
23180040,Pluviométrica,Convencional,Santander,Sabana De Torres,7.4528,-73.4828,110,9/15/1972,,Andes,Magdalena Cauca,Medio Magdalena,Río Lebrija y otros directos al Magdalena,2.64000010490418,4.62181806564331,4,6,0.58695650100708,0.833333313465118,1,1,1.04999995231628,2010,08,45,41,41,43.0499980449677,0,32.9909515380859,2010-08-01,29.1968803405762,35.8687400817871,36.0419921875
23180040,Pluviométrica,Convencional,Santander,Sabana De Torres,7.4528,-73.4828,110,9/15/1972,,Andes,Magdalena Cauca,Medio Magdalena,Río Lebrija y otros directos al Magdalena,2.64000010490418,4.62181806564331,4,6,0.58695650100708,0.833333313465118,1,1,1.04999995231628,2010,08,46,15,15,15.7499992847443,0,49.3549156188965,2010-08-01,62.6011924743652,56.1185913085938,67.3151473999024
23180040,Pluviométrica,Convencional,Santander,Sabana De Torres,7.4528,-73.4828,110,9/15/1972,,Andes,Magdalena Cauca,Medio Magdalena,Río Lebrija y otros directos al Magdalena,2.64000010490418,4.62181806564331,4,6,0.58695650100708,0.833333313465118,1,1,1.04999995231628,2010,08,47,65,65,68.2499969005585,0,39.7855682373047,2010-08-01,42.4672012329102,57.3767929077149,58.1399765014649
23180040,Pluviométrica,Convencional,Santander,Sabana De Torres,7.4528,-73.4828,110,9/15/1972,,Andes,Magdalena Cauca,Medio Magdalena,Río Lebrija y otros directos al Magdalena,2.64000010490418,4.62181806564331,4,6,0.58695650100708,0.833333313465118,1,1,1.04999995231628,2010,08,48,21,21,22.049998998642,0,50.8121871948242,2010-08-01,55.2196578979492,65.4022750854492,82.6935729980469
23180040,Pluviométrica,Convencional,Santander,Sabana De Torres,7.4528,-73.4828,110,9/15/1972,,Andes,Magdalena Cauca,Medio Magdalena,Río Lebrija y otros directos al Magdalena,2.64000010490418,4.62181806564331,4,6,0.58695650100708,0.833333313465118,1,1,1.04999995231628,2010,09,49,59,59,61.9499971866608,0,51.8563919067383,2010-09-01,90.0696716308594,73.8837814331055,86.0008163452149
23180040,Pluviométrica,Convencional,Santander,Sabana De Torres,7.4528,-73.4828,110,9/15/1972,,Andes,Magdalena Cauca,Medio Magdalena,Río Lebrija y otros directos al Magdalena,2.64000010490418,4.62181806564331,4,6,0.58695650100708,0.833333313465118,1,1,1.04999995231628,2010,09,50,87,87,91.3499958515167,0,25.8302936553955,2010-09-01,40.3935585021973,39.6775665283203,39.8595886230469
23180040,Pluviométrica,Convencional,Santander,Sabana De Torres,7.4528,-73.4828,110,9/15/1972,,Andes,Magdalena Cauca,Medio Magdalena,Río Lebrija y otros directos al Magdalena,2.64000010490418,4.62181806564331,4,6,0.58695650100708,0.833333313465118,1,1,1.04999995231628,2010,09,51,159,159,166.949992418289,0,22.9428119659424,2010-09-01,30.7871799468994,63.2054672241211,93.9201278686524
23180040,Pluviométrica,Convencional,Santander,Sabana De Torres,7.4528,-73.4828,110,9/15/1972,,Andes,Magdalena Cauca,Medio Magdalena,Río Lebrija y otros directos al Magdalena,2.64000010490418,4.62181806564331,4,6,0.58695650100708,0.833333313465118,1,1,1.04999995231628,2010,09,52,44,44,46.1999979019165,0,36.4428596496582,2010-09-01,65.9398880004883,63.9913749694824,74.6499404907227
23180040,Pluviométrica,Convencional,Santander,Sabana De Torres,7.4528,-73.4828,110,9/15/1972,,Andes,Magdalena Cauca,Medio Magdalena,Río Lebrija y otros directos al Magdalena,2.64000010490418,4.62181806564331,4,6,0.58695650100708,0.833333313465118,1,1,1.04999995231628,2010,09,53,78,78,81.8999962806702,0,37.5625152587891,2010-09-01,72.0109939575195,77.9973602294922,84.9692764282227
23180040,Pluviométrica,Convencional,Santander,Sabana De Torres,7.4528,-73.4828,110,9/15/1972,,Andes,Magdalena Cauca,Medio Magdalena,Río Lebrija y otros directos al Magdalena,2.64000010490418,4.62181806564331,4,6,0.58695650100708,0.833333313465118,1,1,1.04999995231628,2010,09,54,35,35,36.7499983310699,0,46.1585235595703,2010-09-01,84.1231307983398,66.2537994384766,75.6792755126953
23180040,Pluviométrica,Convencional,Santander,Sabana De Torres,7.4528,-73.4828,110,9/15/1972,,Andes,Magdalena Cauca,Medio Magdalena,Río Lebrija y otros directos al Magdalena,2.64000010490418,4.62181806564331,4,6,0.58695650100708,0.833333313465118,1,1,1.03999996185303,2010,10,55,56,56,58.2399978637695,0,44.3828430175781,2010-10-01,52.426929473877,40.8498001098633,40.1545028686523
23180040,Pluviométrica,Convencional,Santander,Sabana De Torres,7.4528,-73.4828,110,9/15/1972,,Andes,Magdalena Cauca,Medio Magdalena,Río Lebrija y otros directos al Magdalena,2.64000010490418,4.62181806564331,4,6,0.58695650100708,0.833333313465118,1,1,1.03999996185303,2010,10,56,2,2,2.07999992370605,0,42.063720703125,2010-10-01,42.0852203369141,38.3550567626953,40.2549629211426
23180040,Pluviométrica,Convencional,Santander,Sabana De Torres,7.4528,-73.4828,110,9/15/1972,,Andes,Magdalena Cauca,Medio Magdalena,Río Lebrija y otros directos al Magdalena,2.64000010490418,4.62181806564331,4,6,0.58695650100708,0.833333313465118,1,1,1.03999996185303,2010,10,57,91,91,94.6399965286255,0,27.3406600952148,2010-10-01,19.5728034973145,55.9230422973633,49.6385345458984
23180040,Pluviométrica,Convencional,Santander,Sabana De Torres,7.4528,-73.4828,110,9/15/1972,,Andes,Magdalena Cauca,Medio Magdalena,Río Lebrija y otros directos al Magdalena,2.64000010490418,4.62181806564331,4,6,0.58695650100708,0.833333313465118,1,1,1.03999996185303,2010,10,58,64,64,66.5599975585938,0,50.6953392028809,2010-10-01,59.7903213500977,53.1090545654297,60.746883392334
23180040,Pluviométrica,Convencional,Santander,Sabana De Torres,7.4528,-73.4828,110,9/15/1972,,Andes,Magdalena Cauca,Medio Magdalena,Río Lebrija y otros directos al Magdalena,2.64000010490418,4.62181806564331,4,6,0.58695650100708,0.833333313465118,1,1,1.03999996185303,2010,10,59,117,117,121.679995536804,0,54.3441734313965,2010-10-01,66.760612487793,105.915267944336,141.339630126953
23180040,Pluviométrica,Convencional,Santander,Sabana De Torres,7.4528,-73.4828,110,9/15/1972,,Andes,Magdalena Cauca,Medio Magdalena,Río Lebrija y otros directos al Magdalena,2.64000010490418,4.62181806564331,4,6,0.58695650100708,0.833333313465118,1,1,1.03999996185303,2010,10,60,140,140,145.599994659424,0,59.1827125549316,2010-10-01,63.0083122253418,109.353172302246,124.203422546387
23180040,Pluviométrica,Convencional,Santander,Sabana De Torres,7.4528,-73.4828,110,9/15/1972,,Andes,Magdalena Cauca,Medio Magdalena,Río Lebrija y otros directos al Magdalena,2.64000010490418,4.62181806564331,4,6,0.58695650100708,0.833333313465118,1,1,1.03999996185303,2010,11,61,13,13,13.5199995040894,0,46.9481468200684,2010-11-01,45.7506103515625,30.5916690826416,31.0474433898926
23180040,Pluviométrica,Convencional,Santander,Sabana De Torres,7.4528,-73.4828,110,9/15/1972,,Andes,Magdalena Cauca,Medio Magdalena,Río Lebrija y otros directos al Magdalena,2.64000010490418,4.62181806564331,4,6,0.58695650100708,0.833333313465118,1,1,1.03999996185303,2010,11,62,107,107,111.279995918274,0,53.2359733581543,2010-11-01,56.5206260681152,114.657127380371,118.582374572754
23180040,Pluviométrica,Convencional,Santander,Sabana De Torres,7.4528,-73.4828,110,9/15/1972,,Andes,Magdalena Cauca,Medio Magdalena,Río Lebrija y otros directos al Magdalena,2.64000010490418,4.62181806564331,4,6,0.58695650100708,0.833333313465118,1,1,1.03999996185303,2010,11,63,72,72,74.879997253418,0,24.6583061218262,2010-11-01,18.6719722747803,52.4377899169922,44.5512008666992
23180040,Pluviométrica,Convencional,Santander,Sabana De Torres,7.4528,-73.4828,110,9/15/1972,,Andes,Magdalena Cauca,Medio Magdalena,Río Lebrija y otros directos al Magdalena,2.64000010490418,4.62181806564331,4,6,0.58695650100708,0.833333313465118,1,1,1.03999996185303,2010,11,64,206,206,214.239992141724,0,30.5228023529053,2010-11-01,25.4924468994141,86.9986877441406,90.6454620361328
23180040,Pluviométrica,Convencional,Santander,Sabana De Torres,7.4528,-73.4828,110,9/15/1972,,Andes,Magdalena Cauca,Medio Magdalena,Río Lebrija y otros directos al Magdalena,2.64000010490418,4.62181806564331,4,6,0.58695650100708,0.833333313465118,1,1,1.03999996185303,2010,11,65,41,41,42.6399984359741,0,25.502254486084,2010-11-01,14.8262205123901,46.9247131347656,32.0278930664063
23180040,Pluviométrica,Convencional,Santander,Sabana De Torres,7.4528,-73.4828,110,9/15/1972,,Andes,Magdalena Cauca,Medio Magdalena,Río Lebrija y otros directos al Magdalena,2.64000010490418,4.62181806564331,4,6,0.58695650100708,0.833333313465118,1,1,1.03999996185303,2010,11,66,150,150,155.999994277954,0,43.4995536804199,2010-11-01,45.7144470214844,85.8746719360352,86.2673721313477
23180040,Pluviométrica,Convencional,Santander,Sabana De Torres,7.4528,-73.4828,110,9/15/1972,,Andes,Magdalena Cauca,Medio Magdalena,Río Lebrija y otros directos al Magdalena,2.64000010490418,4.62181806564331,4,6,0.58695650100708,0.833333313465118,1,1,1.05999994277954,2010,12,67,77,77,81.6199955940247,0,48.5851211547852,2010-12-01,75.6802215576172,60.8477363586426,53.0583610534668
23180040,Pluviométrica,Convencional,Santander,Sabana De Torres,7.4528,-73.4828,110,9/15/1972,,Andes,Magdalena Cauca,Medio Magdalena,Río Lebrija y otros directos al Magdalena,2.64000010490418,4.62181806564331,4,6,0.58695650100708,0.833333313465118,1,1,1.05999994277954,2010,12,68,20,20,21.1999988555908,0,26.0667266845703,2010-12-01,51.3451538085938,54.3154335021973,69.4539947509766
23180040,Pluviométrica,Convencional,Santander,Sabana De Torres,7.4528,-73.4828,110,9/15/1972,,Andes,Magdalena Cauca,Medio Magdalena,Río Lebrija y otros directos al Magdalena,2.64000010490418,4.62181806564331,4,6,0.58695650100708,0.833333313465118,1,1,1.05999994277954,2010,12,69,102,102,108.119994163513,0,14.4171562194824,2010-12-01,27.5061416625977,33.3386688232422,61.5043640136719
23180040,Pluviométrica,Convencional,Santander,Sabana De Torres,7.4528,-73.4828,110,9/15/1972,,Andes,Magdalena Cauca,Medio Magdalena,Río Lebrija y otros directos al Magdalena,2.64000010490418,4.62181806564331,4,6,0.58695650100708,0.833333313465118,1,1,1.05999994277954,2010,12,70,38,38,40.2799978256226,0,45.7397727966309,2010-12-01,89.3176651000977,101.119094848633,110.018203735352
23180040,Pluviométrica,Convencional,Santander,Sabana De Torres,7.4528,-73.4828,110,9/15/1972,,Andes,Magdalena Cauca,Medio Magdalena,Río Lebrija y otros directos al Magdalena,2.64000010490418,4.62181806564331,4,6,0.58695650100708,0.833333313465118,1,1,1.05999994277954,2010,12,71,3,3,3.17999982833862,0,6.03806829452515,2010-12-01,8.18824195861816,10.8386516571045,14.4210062026978
23180040,Pluviométrica,Convencional,Santander,Sabana De Torres,7.4528,-73.4828,110,9/15/1972,,Andes,Magdalena Cauca,Medio Magdalena,Río Lebrija y otros directos al Magdalena,2.64000010490418,4.62181806564331,4,6,0.58695650100708,0.833333313465118,1,1,1.05999994277954,2010,12,72,187,187,198.219989299774,0,18.6778030395508,2010-12-01,21.2183151245117,9.69666576385498,7.81821966171265
23180040,Pluviométrica,Convencional,Santander,Sabana De Torres,7.4528,-73.4828,110,9/15/1972,,Andes,Magdalena Cauca,Medio Magdalena,Río Lebrija y otros directos al Magdalena,2.64000010490418,4.62181806564331,4,6,0.58695650100708,0.833333313465118,1,1,1.07000005245209,2011,01,1,0,0,0,0,5.7169041633606,2011-01-01,3.16677141189575,4.56374788284302,3.4509871006012
23180040,Pluviométrica,Convencional,Santander,Sabana De Torres,7.4528,-73.4828,110,9/15/1972,,Andes,Magdalena Cauca,Medio Magdalena,Río Lebrija y otros directos al Magdalena,2.64000010490418,4.62181806564331,4,6,0.58695650100708,0.833333313465118,1,1,1.07000005245209,2011,01,2,13,13,13.9100006818771,0,25.0213050842285,2011-01-01,38.7273864746094,16.2079391479492,18.2816867828369
23180040,Pluviométrica,Convencional,Santander,Sabana De Torres,7.4528,-73.4828,110,9/15/1972,,Andes,Magdalena Cauca,Medio Magdalena,Río Lebrija y otros directos al Magdalena,2.64000010490418,4.62181806564331,4,6,0.58695650100708,0.833333313465118,1,1,1.07000005245209,2011,01,3,0,0,0,0,4.38842439651489,2011-01-01,0,2.49881768226624,0
23180040,Pluviométrica,Convencional,Santander,Sabana De Torres,7.4528,-73.4828,110,9/15/1972,,Andes,Magdalena Cauca,Medio Magdalena,Río Lebrija y otros directos al Magdalena,2.64000010490418,4.62181806564331,4,6,0.58695650100708,0.833333313465118,1,1,1.07000005245209,2011,01,4,0,0,0,0,9.74227905273438,2011-01-01,5.90998697280884,7.75831079483032,7.85915565490723
23180040,Pluviométrica,Convencional,Santander,Sabana De Torres,7.4528,-73.4828,110,9/15/1972,,Andes,Magdalena Cauca,Medio Magdalena,Río Lebrija y otros directos al Magdalena,2.64000010490418,4.62181806564331,4,6,0.58695650100708,0.833333313465118,1,1,1.07000005245209,2011,01,5,0,0,0,0,4.15254735946655,2011-01-01,0.492262005805969,2.76914405822754,0.861629009246826
23180040,Pluviométrica,Convencional,Santander,Sabana De Torres,7.4528,-73.4828,110,9/15/1972,,Andes,Magdalena Cauca,Medio Magdalena,Río Lebrija y otros directos al Magdalena,2.64000010490418,4.62181806564331,4,6,0.58695650100708,0.833333313465118,1,1,1.07000005245209,2011,01,6,0,0,0,0,5.7424521446228,2011-01-01,0,2.85467576980591,0
23180040,Pluviométrica,Convencional,Santander,Sabana De Torres,7.4528,-73.4828,110,9/15/1972,,Andes,Magdalena Cauca,Medio Magdalena,Río Lebrija y otros directos al Magdalena,2.64000010490418,4.62181806564331,4,6,0.58695650100708,0.833333313465118,1,1,1.05999994277954,2011,02,7,0,0,0,0,4.25125551223755,2011-02-01,0.0597022771835327,2.56987476348877,0.0576509051024914
23180040,Pluviométrica,Convencional,Santander,Sabana De Torres,7.4528,-73.4828,110,9/15/1972,,Andes,Magdalena Cauca,Medio Magdalena,Río Lebrija y otros directos al Magdalena,2.64000010490418,4.62181806564331,4,6,0.58695650100708,0.833333313465118,1,1,1.05999994277954,2011,02,8,39,39,41.3399977684021,0,8.87550163269043,2011-02-01,10.9281425476074,17.9790859222412,26.3921508789063
23180040,Pluviométrica,Convencional,Santander,Sabana De Torres,7.4528,-73.4828,110,9/15/1972,,Andes,Magdalena Cauca,Medio Magdalena,Río Lebrija y otros directos al Magdalena,2.64000010490418,4.62181806564331,4,6,0.58695650100708,0.833333313465118,1,1,1.05999994277954,2011,02,9,39,39,41.3399977684021,0,29.6478042602539,2011-02-01,51.1286468505859,57.3118019104004,55.9066925048828
23180040,Pluviométrica,Convencional,Santander,Sabana De Torres,7.4528,-73.4828,110,9/15/1972,,Andes,Magdalena Cauca,Medio Magdalena,Río Lebrija y otros directos al Magdalena,2.64000010490418,4.62181806564331,4,6,0.58695650100708,0.833333313465118,1,1,1.05999994277954,2011,02,10,29,29,30.7399983406067,0,44.7165184020996,2011-02-01,87.4355316162109,62.4510765075684,63.5855255126953
23180040,Pluviométrica,Convencional,Santander,Sabana De Torres,7.4528,-73.4828,110,9/15/1972,,Andes,Magdalena Cauca,Medio Magdalena,Río Lebrija y otros directos al Magdalena,2.64000010490418,4.62181806564331,4,6,0.58695650100708,0.833333313465118,1,1,1.05999994277954,2011,02,11,0,0,0,0,10.7623825073242,2011-02-01,14.1049375534058,13.9796361923218,18.2295265197754
23180040,Pluviométrica,Convencional,Santander,Sabana De Torres,7.4528,-73.4828,110,9/15/1972,,Andes,Magdalena Cauca,Medio Magdalena,Río Lebrija y otros directos al Magdalena,2.64000010490418,4.62181806564331,4,6,0.58695650100708,0.833333313465118,1,1,1.05999994277954,2011,02,12,109,109,115.53999376297,0,7.0392746925354,2011-02-01,13.3504333496094,7.68526887893677,10.3874025344849
23180040,Pluviométrica,Convencional,Santander,Sabana De Torres,7.4528,-73.4828,110,9/15/1972,,Andes,Magdalena Cauca,Medio Magdalena,Río Lebrija y otros directos al Magdalena,2.64000010490418,4.62181806564331,4,6,0.58695650100708,0.833333313465118,1,1,1.05999994277954,2011,03,13,59,59,62.5399966239929,0,15.5061845779419,2011-03-01,20.7196254730225,42.9034233093262,48.5325202941895
23180040,Pluviométrica,Convencional,Santander,Sabana De Torres,7.4528,-73.4828,110,9/15/1972,,Andes,Magdalena Cauca,Medio Magdalena,Río Lebrija y otros directos al Magdalena,2.64000010490418,4.62181806564331,4,6,0.58695650100708,0.833333313465118,1,1,1.05999994277954,2011,03,14,22,22,23.3199987411499,0,24.9514217376709,2011-03-01,39.0480194091797,40.7763595581055,51.2623672485352
23180040,Pluviométrica,Convencional,Santander,Sabana De Torres,7.4528,-73.4828,110,9/15/1972,,Andes,Magdalena Cauca,Medio Magdalena,Río Lebrija y otros directos al Magdalena,2.64000010490418,4.62181806564331,4,6,0.58695650100708,0.833333313465118,1,1,1.05999994277954,2011,03,15,0,0,0,0,7.09629201889038,2011-03-01,0,3.58592224121094,0
23180040,Pluviométrica,Convencional,Santander,Sabana De Torres,7.4528,-73.4828,110,9/15/1972,,Andes,Magdalena Cauca,Medio Magdalena,Río Lebrija y otros directos al Magdalena,2.64000010490418,4.62181806564331,4,6,0.58695650100708,0.833333313465118,1,1,1.05999994277954,2011,03,16,93,93,98.5799946784973,0,13.0130109786987,2011-03-01,13.4884252548218,33.566593170166,37.1981735229492
23180040,Pluviométrica,Convencional,Santander,Sabana De Torres,7.4528,-73.4828,110,9/15/1972,,Andes,Magdalena Cauca,Medio Magdalena,Río Lebrija y otros directos al Magdalena,2.64000010490418,4.62181806564331,4,6,0.58695650100708,0.833333313465118,1,1,1.05999994277954,2011,03,17,107,107,113.419993877411,0,31.8681964874268,2011-03-01,60.4968070983887,47.9458541870117,56.094841003418
23180040,Pluviométrica,Convencional,Santander,Sabana De Torres,7.4528,-73.4828,110,9/15/1972,,Andes,Magdalena Cauca,Medio Magdalena,Río Lebrija y otros directos al Magdalena,2.64000010490418,4.62181806564331,4,6,0.58695650100708,0.833333313465118,1,1,1.05999994277954,2011,03,18,79,79,83.7399954795838,0,34.5466041564941,2011-03-01,38.5968017578125,37.5013160705566,32.5495071411133
23180040,Pluviométrica,Convencional,Santander,Sabana De Torres,7.4528,-73.4828,110,9/15/1972,,Andes,Magdalena Cauca,Medio Magdalena,Río Lebrija y otros directos al Magdalena,2.64000010490418,4.62181806564331,4,6,0.58695650100708,0.833333313465118,1,1,1.04999995231628,2011,04,19,36,36,37.7999982833862,0,26.2770977020264,2011-04-01,25.3401107788086,45.819938659668,49.6540184020996
23180040,Pluviométrica,Convencional,Santander,Sabana De Torres,7.4528,-73.4828,110,9/15/1972,,Andes,Magdalena Cauca,Medio Magdalena,Río Lebrija y otros directos al Magdalena,2.64000010490418,4.62181806564331,4,6,0.58695650100708,0.833333313465118,1,1,1.04999995231628,2011,04,20,195,195,204.749990701675,0,69.9462966918945,2011-04-01,78.5422973632813,127.236587524414,140.749221801758
23180040,Pluviométrica,Convencional,Santander,Sabana De Torres,7.4528,-73.4828,110,9/15/1972,,Andes,Magdalena Cauca,Medio Magdalena,Río Lebrija y otros directos al Magdalena,2.64000010490418,4.62181806564331,4,6,0.58695650100708,0.833333313465118,1,1,1.04999995231628,2011,04,21,135,135,141.749993562698,0,41.3361549377441,2011-04-01,39.5045738220215,94.6315841674805,89.507438659668
23180040,Pluviométrica,Convencional,Santander,Sabana De Torres,7.4528,-73.4828,110,9/15/1972,,Andes,Magdalena Cauca,Medio Magdalena,Río Lebrija y otros directos al Magdalena,2.64000010490418,4.62181806564331,4,6,0.58695650100708,0.833333313465118,1,1,1.04999995231628,2011,04,22,76,76,79.7999963760376,0,78.0880126953125,2011-04-01,86.9332580566406,94.3156051635742,102.084777832031
23180040,Pluviométrica,Convencional,Santander,Sabana De Torres,7.4528,-73.4828,110,9/15/1972,,Andes,Magdalena Cauca,Medio Magdalena,Río Lebrija y otros directos al Magdalena,2.64000010490418,4.62181806564331,4,6,0.58695650100708,0.833333313465118,1,1,1.04999995231628,2011,04,23,28,28,29.399998664856,0,51.1657981872559,2011-04-01,55.3711929321289,50.6769371032715,51.1711578369141
23180040,Pluviométrica,Convencional,Santander,Sabana De Torres,7.4528,-73.4828,110,9/15/1972,,Andes,Magdalena Cauca,Medio Magdalena,Río Lebrija y otros directos al Magdalena,2.64000010490418,4.62181806564331,4,6,0.58695650100708,0.833333313465118,1,1,1.04999995231628,2011,04,24,4,4,4.19999980926514,0,56.4815063476563,2011-04-01,67.4616317749024,27.3034858703613,29.5854759216309
23180040,Pluviométrica,Convencional,Santander,Sabana De Torres,7.4528,-73.4828,110,9/15/1972,,Andes,Magdalena Cauca,Medio Magdalena,Río Lebrija y otros directos al Magdalena,2.64000010490418,4.62181806564331,4,6,0.58695650100708,0.833333313465118,1,1,1.03999996185303,2011,05,25,5,5,5.19999980926514,0,58.4980316162109,2011-05-01,73.2145233154297,28.2643604278564,29.8790721893311
23180040,Pluviométrica,Convencional,Santander,Sabana De Torres,7.4528,-73.4828,110,9/15/1972,,Andes,Magdalena Cauca,Medio Magdalena,Río Lebrija y otros directos al Magdalena,2.64000010490418,4.62181806564331,4,6,0.58695650100708,0.833333313465118,1,1,1.03999996185303,2011,05,26,6,6,6.23999977111816,0,40.8453979492188,2011-05-01,49.7055473327637,17.2333755493164,21.6059265136719
23180040,Pluviométrica,Convencional,Santander,Sabana De Torres,7.4528,-73.4828,110,9/15/1972,,Andes,Magdalena Cauca,Medio Magdalena,Río Lebrija y otros directos al Magdalena,2.64000010490418,4.62181806564331,4,6,0.58695650100708,0.833333313465118,1,1,1.03999996185303,2011,05,27,75,75,77.9999971389771,0,54.5443382263184,2011-05-01,73.7145843505859,113.512107849121,137.412536621094
23180040,Pluviométrica,Convencional,Santander,Sabana De Torres,7.4528,-73.4828,110,9/15/1972,,Andes,Magdalena Cauca,Medio Magdalena,Río Lebrija y otros directos al Magdalena,2.64000010490418,4.62181806564331,4,6,0.58695650100708,0.833333313465118,1,1,1.03999996185303,2011,05,28,82,82,85.2799968719483,0,30.5221633911133,2011-05-01,29.1156253814697,49.2943458557129,43.4023017883301
23180040,Pluviométrica,Convencional,Santander,Sabana De Torres,7.4528,-73.4828,110,9/15/1972,,Andes,Magdalena Cauca,Medio Magdalena,Río Lebrija y otros directos al Magdalena,2.64000010490418,4.62181806564331,4,6,0.58695650100708,0.833333313465118,1,1,1.03999996185303,2011,05,29,62,62,64.4799976348877,0,26.2251358032227,2011-05-01,26.1493816375732,52.6951713562012,59.9596824645996
23180040,Pluviométrica,Convencional,Santander,Sabana De Torres,7.4528,-73.4828,110,9/15/1972,,Andes,Magdalena Cauca,Medio Magdalena,Río Lebrija y otros directos al Magdalena,2.64000010490418,4.62181806564331,4,6,0.58695650100708,0.833333313465118,1,1,1.03999996185303,2011,05,30,79,79,82.1599969863892,0,52.1560516357422,2011-05-01,47.4371337890625,96.7055358886719,97.226432800293
23180040,Pluviométrica,Convencional,Santander,Sabana De Torres,7.4528,-73.4828,110,9/15/1972,,Andes,Magdalena Cauca,Medio Magdalena,Río Lebrija y otros directos al Magdalena,2.64000010490418,4.62181806564331,4,6,0.58695650100708,0.833333313465118,1,1,1.04999995231628,2011,06,31,83,83,87.1499960422516,0,35.9405632019043,2011-06-01,66.6855239868164,65.541748046875,78.5418472290039
23180040,Pluviométrica,Convencional,Santander,Sabana De Torres,7.4528,-73.4828,110,9/15/1972,,Andes,Magdalena Cauca,Medio Magdalena,Río Lebrija y otros directos al Magdalena,2.64000010490418,4.62181806564331,4,6,0.58695650100708,0.833333313465118,1,1,1.04999995231628,2011,06,32,19,19,19.9499990940094,0,20.6386032104492,2011-06-01,26.9582252502441,20.0448226928711,21.4301776885986
23180040,Pluviométrica,Convencional,Santander,Sabana De Torres,7.4528,-73.4828,110,9/15/1972,,Andes,Magdalena Cauca,Medio Magdalena,Río Lebrija y otros directos al Magdalena,2.64000010490418,4.62181806564331,4,6,0.58695650100708,0.833333313465118,1,1,1.04999995231628,2011,06,33,74,74,77.699996471405,0,18.8661289215088,2011-06-01,21.2486705780029,19.3408298492432,19.4261131286621
23180040,Pluviométrica,Convencional,Santander,Sabana De Torres,7.4528,-73.4828,110,9/15/1972,,Andes,Magdalena Cauca,Medio Magdalena,Río Lebrija y otros directos al Magdalena,2.64000010490418,4.62181806564331,4,6,0.58695650100708,0.833333313465118,1,1,1.04999995231628,2011,06,34,39,39,40.9499981403351,0,23.7730102539063,2011-06-01,43.2168502807617,28.8776550292969,34.3642616271973
23180040,Pluviométrica,Convencional,Santander,Sabana De Torres,7.4528,-73.4828,110,9/15/1972,,Andes,Magdalena Cauca,Medio Magdalena,Río Lebrija y otros directos al Magdalena,2.64000010490418,4.62181806564331,4,6,0.58695650100708,0.833333313465118,1,1,1.04999995231628,2011,06,35,99,99,103.949995279312,0,36.6014213562012,2011-06-01,73.7724151611328,62.470142364502,75.1893997192383
23180040,Pluviométrica,Convencional,Santander,Sabana De Torres,7.4528,-73.4828,110,9/15/1972,,Andes,Magdalena Cauca,Medio Magdalena,Río Lebrija y otros directos al Magdalena,2.64000010490418,4.62181806564331,4,6,0.58695650100708,0.833333313465118,1,1,1.04999995231628,2011,06,36,24,24,25.1999988555908,0,36.6472396850586,2011-06-01,63.1890907287598,56.4062919616699,68.4710464477539
23180040,Pluviométrica,Convencional,Santander,Sabana De Torres,7.4528,-73.4828,110,9/15/1972,,Andes,Magdalena Cauca,Medio Magdalena,Río Lebrija y otros directos al Magdalena,2.64000010490418,4.62181806564331,4,6,0.58695650100708,0.833333313465118,1,1,1.04999995231628,2011,07,37,97,97,101.84999537468,0,30.3479290008545,2011-07-01,34.8965950012207,36.6052665710449,37.3089103698731
23180040,Pluviométrica,Convencional,Santander,Sabana De Torres,7.4528,-73.4828,110,9/15/1972,,Andes,Magdalena Cauca,Medio Magdalena,Río Lebrija y otros directos al Magdalena,2.64000010490418,4.62181806564331,4,6,0.58695650100708,0.833333313465118,1,1,1.04999995231628,2011,07,38,40,40,41.9999980926514,0,28.972038269043,2011-07-01,22.1535396575928,32.7812652587891,34.0008506774902
23180040,Pluviométrica,Convencional,Santander,Sabana De Torres,7.4528,-73.4828,110,9/15/1972,,Andes,Magdalena Cauca,Medio Magdalena,Río Lebrija y otros directos al Magdalena,2.64000010490418,4.62181806564331,4,6,0.58695650100708,0.833333313465118,1,1,1.04999995231628,2011,07,39,83,83,87.1499960422516,0,63.9505310058594,2011-07-01,81.8428115844727,71.5935745239258,79.6547775268555
23180040,Pluviométrica,Convencional,Santander,Sabana De Torres,7.4528,-73.4828,110,9/15/1972,,Andes,Magdalena Cauca,Medio Magdalena,Río Lebrija y otros directos al Magdalena,2.64000010490418,4.62181806564331,4,6,0.58695650100708,0.833333313465118,1,1,1.04999995231628,2011,07,40,71,71,74.5499966144562,0,26.2193336486816,2011-07-01,12.2194805145264,54.7349739074707,34.8502426147461
23180040,Pluviométrica,Convencional,Santander,Sabana De Torres,7.4528,-73.4828,110,9/15/1972,,Andes,Magdalena Cauca,Medio Magdalena,Río Lebrija y otros directos al Magdalena,2.64000010490418,4.62181806564331,4,6,0.58695650100708,0.833333313465118,1,1,1.04999995231628,2011,07,41,70,70,73.4999966621399,0,28.7030620574951,2011-07-01,19.5553245544434,44.1194648742676,47.7965850830078
23180040,Pluviométrica,Convencional,Santander,Sabana De Torres,7.4528,-73.4828,110,9/15/1972,,Andes,Magdalena Cauca,Medio Magdalena,Río Lebrija y otros directos al Magdalena,2.64000010490418,4.62181806564331,4,6,0.58695650100708,0.833333313465118,1,1,1.04999995231628,2011,07,42,103,103,108.149995088577,0,93.2170181274414,2011-07-01,122.972160339355,74.3894195556641,90.9770660400391
23180040,Pluviométrica,Convencional,Santander,Sabana De Torres,7.4528,-73.4828,110,9/15/1972,,Andes,Magdalena Cauca,Medio Magdalena,Río Lebrija y otros directos al Magdalena,2.64000010490418,4.62181806564331,4,6,0.58695650100708,0.833333313465118,1,1,1.04999995231628,2011,08,43,60,60,62.9999971389771,0,31.9877033233643,2011-08-01,27.0118007659912,29.6136951446533,25.7828350067139
23180040,Pluviométrica,Convencional,Santander,Sabana De Torres,7.4528,-73.4828,110,9/15/1972,,Andes,Magdalena Cauca,Medio Magdalena,Río Lebrija y otros directos al Magdalena,2.64000010490418,4.62181806564331,4,6,0.58695650100708,0.833333313465118,1,1,1.04999995231628,2011,08,44,31,31,32.5499985218048,0,23.7807731628418,2011-08-01,12.9629764556885,22.5931854248047,17.8639011383057
23180040,Pluviométrica,Convencional,Santander,Sabana De Torres,7.4528,-73.4828,110,9/15/1972,,Andes,Magdalena Cauca,Medio Magdalena,Río Lebrija y otros directos al Magdalena,2.64000010490418,4.62181806564331,4,6,0.58695650100708,0.833333313465118,1,1,1.04999995231628,2011,08,45,78,78,81.8999962806702,0,45.352970123291,2011-08-01,49.4930648803711,47.6857032775879,49.1562118530274
23180040,Pluviométrica,Convencional,Santander,Sabana De Torres,7.4528,-73.4828,110,9/15/1972,,Andes,Magdalena Cauca,Medio Magdalena,Río Lebrija y otros directos al Magdalena,2.64000010490418,4.62181806564331,4,6,0.58695650100708,0.833333313465118,1,1,1.04999995231628,2011,08,46,71,71,74.5499966144562,0,40.0182037353516,2011-08-01,46.7382049560547,77.0786666870117,87.1153564453125
23180040,Pluviométrica,Convencional,Santander,Sabana De Torres,7.4528,-73.4828,110,9/15/1972,,Andes,Magdalena Cauca,Medio Magdalena,Río Lebrija y otros directos al Magdalena,2.64000010490418,4.62181806564331,4,6,0.58695650100708,0.833333313465118,1,1,1.04999995231628,2011,08,47,27,27,28.3499987125397,0,44.6426811218262,2011-08-01,54.8106880187988,70.8615417480469,94.2401275634766
23180040,Pluviométrica,Convencional,Santander,Sabana De Torres,7.4528,-73.4828,110,9/15/1972,,Andes,Magdalena Cauca,Medio Magdalena,Río Lebrija y otros directos al Magdalena,2.64000010490418,4.62181806564331,4,6,0.58695650100708,0.833333313465118,1,1,1.04999995231628,2011,08,48,1,1,1.04999995231628,0,30.3578414916992,2011-08-01,23.2981929779053,11.9185934066772,8.37250804901123
23180040,Pluviométrica,Convencional,Santander,Sabana De Torres,7.4528,-73.4828,110,9/15/1972,,Andes,Magdalena Cauca,Medio Magdalena,Río Lebrija y otros directos al Magdalena,2.64000010490418,4.62181806564331,4,6,0.58695650100708,0.833333313465118,1,1,1.04999995231628,2011,09,49,53,53,55.6499974727631,0,24.0409336090088,2011-09-01,29.4683666229248,16.1732311248779,14.7505474090576
23180040,Pluviométrica,Convencional,Santander,Sabana De Torres,7.4528,-73.4828,110,9/15/1972,,Andes,Magdalena Cauca,Medio Magdalena,Río Lebrija y otros directos al Magdalena,2.64000010490418,4.62181806564331,4,6,0.58695650100708,0.833333313465118,1,1,1.04999995231628,2011,09,50,8,8,8.39999961853027,0,25.1549682617188,2011-09-01,41.6302108764648,24.3555297851563,32.8926048278809
23180040,Pluviométrica,Convencional,Santander,Sabana De Torres,7.4528,-73.4828,110,9/15/1972,,Andes,Magdalena Cauca,Medio Magdalena,Río Lebrija y otros directos al Magdalena,2.64000010490418,4.62181806564331,4,6,0.58695650100708,0.833333313465118,1,1,1.04999995231628,2011,09,51,83,83,87.1499960422516,0,14.1861581802368,2011-09-01,11.4986867904663,10.2562370300293,9.1930980682373
23180040,Pluviométrica,Convencional,Santander,Sabana De Torres,7.4528,-73.4828,110,9/15/1972,,Andes,Magdalena Cauca,Medio Magdalena,Río Lebrija y otros directos al Magdalena,2.64000010490418,4.62181806564331,4,6,0.58695650100708,0.833333313465118,1,1,1.04999995231628,2011,09,52,0,0,0,0,47.9570693969727,2011-09-01,91.1523742675781,84.8224105834961,102.730796813965
23180040,Pluviométrica,Convencional,Santander,Sabana De Torres,7.4528,-73.4828,110,9/15/1972,,Andes,Magdalena Cauca,Medio Magdalena,Río Lebrija y otros directos al Magdalena,2.64000010490418,4.62181806564331,4,6,0.58695650100708,0.833333313465118,1,1,1.04999995231628,2011,09,53,27,27,28.3499987125397,0,17.7007331848145,2011-09-01,22.1473255157471,18.9922027587891,21.1045360565186
23180040,Pluviométrica,Convencional,Santander,Sabana De Torres,7.4528,-73.4828,110,9/15/1972,,Andes,Magdalena Cauca,Medio Magdalena,Río Lebrija y otros directos al Magdalena,2.64000010490418,4.62181806564331,4,6,0.58695650100708,0.833333313465118,1,1,1.04999995231628,2011,09,54,38,38,39.8999981880188,0,36.8399238586426,2011-09-01,60.397575378418,25.4178333282471,31.5362415313721
23180040,Pluviométrica,Convencional,Santander,Sabana De Torres,7.4528,-73.4828,110,9/15/1972,,Andes,Magdalena Cauca,Medio Magdalena,Río Lebrija y otros directos al Magdalena,2.64000010490418,4.62181806564331,4,6,0.58695650100708,0.833333313465118,1,1,1.03999996185303,2011,10,55,106,106,110.239995956421,0,62.5427742004395,2011-10-01,77.5655899047852,90.7168197631836,98.1558532714844
23180040,Pluviométrica,Convencional,Santander,Sabana De Torres,7.4528,-73.4828,110,9/15/1972,,Andes,Magdalena Cauca,Medio Magdalena,Río Lebrija y otros directos al Magdalena,2.64000010490418,4.62181806564331,4,6,0.58695650100708,0.833333313465118,1,1,1.03999996185303,2011,10,56,146,146,151.839994430542,0,100.290161132813,2011-10-01,147.220245361328,119.764030456543,135.059005737305
23180040,Pluviométrica,Convencional,Santander,Sabana De Torres,7.4528,-73.4828,110,9/15/1972,,Andes,Magdalena Cauca,Medio Magdalena,Río Lebrija y otros directos al Magdalena,2.64000010490418,4.62181806564331,4,6,0.58695650100708,0.833333313465118,1,1,1.03999996185303,2011,10,57,167,167,173.679993629456,0,80.2960357666016,2011-10-01,111.97696685791,143.33186340332,184.446868896484
23180040,Pluviométrica,Convencional,Santander,Sabana De Torres,7.4528,-73.4828,110,9/15/1972,,Andes,Magdalena Cauca,Medio Magdalena,Río Lebrija y otros directos al Magdalena,2.64000010490418,4.62181806564331,4,6,0.58695650100708,0.833333313465118,1,1,1.03999996185303,2011,10,58,70,70,72.7999973297119,0,32.7606658935547,2011-10-01,25.8747978210449,32.4407234191895,30.0147933959961
23180040,Pluviométrica,Convencional,Santander,Sabana De Torres,7.4528,-73.4828,110,9/15/1972,,Andes,Magdalena Cauca,Medio Magdalena,Río Lebrija y otros directos al Magdalena,2.64000010490418,4.62181806564331,4,6,0.58695650100708,0.833333313465118,1,1,1.03999996185303,2011,10,59,64,64,66.5599975585938,0,18.0340347290039,2011-10-01,2.74964022636414,36.0985679626465,11.2100439071655
23180040,Pluviométrica,Convencional,Santander,Sabana De Torres,7.4528,-73.4828,110,9/15/1972,,Andes,Magdalena Cauca,Medio Magdalena,Río Lebrija y otros directos al Magdalena,2.64000010490418,4.62181806564331,4,6,0.58695650100708,0.833333313465118,1,1,1.03999996185303,2011,10,60,139,139,144.559994697571,0,79.6604766845703,2011-10-01,93.528076171875,95.8098602294922,104.352546691895
23180040,Pluviométrica,Convencional,Santander,Sabana De Torres,7.4528,-73.4828,110,9/15/1972,,Andes,Magdalena Cauca,Medio Magdalena,Río Lebrija y otros directos al Magdalena,2.64000010490418,4.62181806564331,4,6,0.58695650100708,0.833333313465118,1,1,1.03999996185303,2011,11,61,19,19,19.7599992752075,0,42.2229461669922,2011-11-01,43.5786209106445,36.3265190124512,39.0383682250977
23180040,Pluviométrica,Convencional,Santander,Sabana De Torres,7.4528,-73.4828,110,9/15/1972,,Andes,Magdalena Cauca,Medio Magdalena,Río Lebrija y otros directos al Magdalena,2.64000010490418,4.62181806564331,4,6,0.58695650100708,0.833333313465118,1,1,1.03999996185303,2011,11,62,63,63,65.5199975967407,0,62.4498138427734,2011-11-01,62.5290603637695,57.2472114562988,59.1536483764649
23180040,Pluviométrica,Convencional,Santander,Sabana De Torres,7.4528,-73.4828,110,9/15/1972,,Andes,Magdalena Cauca,Medio Magdalena,Río Lebrija y otros directos al Magdalena,2.64000010490418,4.62181806564331,4,6,0.58695650100708,0.833333313465118,1,1,1.03999996185303,2011,11,63,205,205,213.199992179871,0,79.7449188232422,2011-11-01,86.4973678588867,151.406524658203,172.619155883789
23180040,Pluviométrica,Convencional,Santander,Sabana De Torres,7.4528,-73.4828,110,9/15/1972,,Andes,Magdalena Cauca,Medio Magdalena,Río Lebrija y otros directos al Magdalena,2.64000010490418,4.62181806564331,4,6,0.58695650100708,0.833333313465118,1,1,1.03999996185303,2011,11,64,215,215,223.599991798401,0,100.83309173584,2011-11-01,105.052680969238,186.455871582031,201.034210205078
23180040,Pluviométrica,Convencional,Santander,Sabana De Torres,7.4528,-73.4828,110,9/15/1972,,Andes,Magdalena Cauca,Medio Magdalena,Río Lebrija y otros directos al Magdalena,2.64000010490418,4.62181806564331,4,6,0.58695650100708,0.833333313465118,1,1,1.03999996185303,2011,11,65,199,199,206.959992408752,0,77.590934753418,2011-11-01,73.0645904541016,103.541168212891,96.8706436157227
23180040,Pluviométrica,Convencional,Santander,Sabana De Torres,7.4528,-73.4828,110,9/15/1972,,Andes,Magdalena Cauca,Medio Magdalena,Río Lebrija y otros directos al Magdalena,2.64000010490418,4.62181806564331,4,6,0.58695650100708,0.833333313465118,1,1,1.03999996185303,2011,11,66,11,11,11.4399995803833,0,40.4647369384766,2011-11-01,38.0111351013184,26.7635688781738,25.1634044647217
23180040,Pluviométrica,Convencional,Santander,Sabana De Torres,7.4528,-73.4828,110,9/15/1972,,Andes,Magdalena Cauca,Medio Magdalena,Río Lebrija y otros directos al Magdalena,2.64000010490418,4.62181806564331,4,6,0.58695650100708,0.833333313465118,1,1,1.05999994277954,2011,12,67,75,75,79.4999957084656,0,17.4126491546631,2011-12-01,30.8490600585938,54.7040634155274,70.5532989501953
23180040,Pluviométrica,Convencional,Santander,Sabana De Torres,7.4528,-73.4828,110,9/15/1972,,Andes,Magdalena Cauca,Medio Magdalena,Río Lebrija y otros directos al Magdalena,2.64000010490418,4.62181806564331,4,6,0.58695650100708,0.833333313465118,1,1,1.05999994277954,2011,12,68,166,166,175.959990501404,0,21.425537109375,2011-12-01,42.0612525939941,72.7323760986328,127.511856079102
23180040,Pluviométrica,Convencional,Santander,Sabana De Torres,7.4528,-73.4828,110,9/15/1972,,Andes,Magdalena Cauca,Medio Magdalena,Río Lebrija y otros directos al Magdalena,2.64000010490418,4.62181806564331,4,6,0.58695650100708,0.833333313465118,1,1,1.05999994277954,2011,12,69,279,279,295.739984035492,0,43.9571380615234,2011-12-01,93.9093627929688,125.069061279297,163.718734741211
23180040,Pluviométrica,Convencional,Santander,Sabana De Torres,7.4528,-73.4828,110,9/15/1972,,Andes,Magdalena Cauca,Medio Magdalena,Río Lebrija y otros directos al Magdalena,2.64000010490418,4.62181806564331,4,6,0.58695650100708,0.833333313465118,1,1,1.05999994277954,2011,12,70,82,82,86.9199953079224,0,33.2038993835449,2011-12-01,62.2986030578613,77.0597915649414,84.5721282958984
23180040,Pluviométrica,Convencional,Santander,Sabana De Torres,7.4528,-73.4828,110,9/15/1972,,Andes,Magdalena Cauca,Medio Magdalena,Río Lebrija y otros directos al Magdalena,2.64000010490418,4.62181806564331,4,6,0.58695650100708,0.833333313465118,1,1,1.05999994277954,2011,12,71,0,0,0,0,3.05971169471741,2011-12-01,2.41898226737976,2.19419479370117,1.77126133441925
23180040,Pluviométrica,Convencional,Santander,Sabana De Torres,7.4528,-73.4828,110,9/15/1972,,Andes,Magdalena Cauca,Medio Magdalena,Río Lebrija y otros directos al Magdalena,2.64000010490418,4.62181806564331,4,6,0.58695650100708,0.833333313465118,1,1,1.05999994277954,2011,12,72,0,0,0,0,7.82831430435181,2011-12-01,6.58697605133057,3.77617359161377,3.58038377761841
23180040,Pluviométrica,Convencional,Santander,Sabana De Torres,7.4528,-73.4828,110,9/15/1972,,Andes,Magdalena Cauca,Medio Magdalena,Río Lebrija y otros directos al Magdalena,2.64000010490418,4.62181806564331,4,6,0.58695650100708,0.833333313465118,1,1,1.07000005245209,2012,01,1,18,18,19.2600009441376,0,6.70773839950562,2012-01-01,4.9956259727478,10.9558372497559,8.07893180847168
23180040,Pluviométrica,Convencional,Santander,Sabana De Torres,7.4528,-73.4828,110,9/15/1972,,Andes,Magdalena Cauca,Medio Magdalena,Río Lebrija y otros directos al Magdalena,2.64000010490418,4.62181806564331,4,6,0.58695650100708,0.833333313465118,1,1,1.07000005245209,2012,01,2,0,0,0,0,4.53246164321899,2012-01-01,0.786850214004517,2.87388968467712,0.704518616199493
23180040,Pluviométrica,Convencional,Santander,Sabana De Torres,7.4528,-73.4828,110,9/15/1972,,Andes,Magdalena Cauca,Medio Magdalena,Río Lebrija y otros directos al Magdalena,2.64000010490418,4.62181806564331,4,6,0.58695650100708,0.833333313465118,1,1,1.07000005245209,2012,01,3,0,0,0,0,4.38842439651489,2012-01-01,0,2.78348636627197,0
23180040,Pluviométrica,Convencional,Santander,Sabana De Torres,7.4528,-73.4828,110,9/15/1972,,Andes,Magdalena Cauca,Medio Magdalena,Río Lebrija y otros directos al Magdalena,2.64000010490418,4.62181806564331,4,6,0.58695650100708,0.833333313465118,1,1,1.07000005245209,2012,01,4,0,0,0,0,4.36315011978149,2012-01-01,0,2.68794131278992,0
23180040,Pluviométrica,Convencional,Santander,Sabana De Torres,7.4528,-73.4828,110,9/15/1972,,Andes,Magdalena Cauca,Medio Magdalena,Río Lebrija y otros directos al Magdalena,2.64000010490418,4.62181806564331,4,6,0.58695650100708,0.833333313465118,1,1,1.07000005245209,2012,01,5,20,20,21.4000010490417,0,10.1252822875977,2012-01-01,9.43810558319092,18.5979843139648,16.7809963226318
23180040,Pluviométrica,Convencional,Santander,Sabana De Torres,7.4528,-73.4828,110,9/15/1972,,Andes,Magdalena Cauca,Medio Magdalena,Río Lebrija y otros directos al Magdalena,2.64000010490418,4.62181806564331,4,6,0.58695650100708,0.833333313465118,1,1,1.07000005245209,2012,01,6,0,0,0,0,5.7424521446228,2012-01-01,0,3.67252063751221,0
23180040,Pluviométrica,Convencional,Santander,Sabana De Torres,7.4528,-73.4828,110,9/15/1972,,Andes,Magdalena Cauca,Medio Magdalena,Río Lebrija y otros directos al Magdalena,2.64000010490418,4.62181806564331,4,6,0.58695650100708,0.833333313465118,1,1,1.05999994277954,2012,02,7,4,4,4.23999977111816,0,7.20271730422974,2012-02-01,3.80561208724976,5.83839750289917,3.78495240211487
23180040,Pluviométrica,Convencional,Santander,Sabana De Torres,7.4528,-73.4828,110,9/15/1972,,Andes,Magdalena Cauca,Medio Magdalena,Río Lebrija y otros directos al Magdalena,2.64000010490418,4.62181806564331,4,6,0.58695650100708,0.833333313465118,1,1,1.05999994277954,2012,02,8,20,20,21.1999988555908,0,21.2539405822754,2012-02-01,38.4515266418457,11.1425790786743,16.8305644989014
23180040,Pluviométrica,Convencional,Santander,Sabana De Torres,7.4528,-73.4828,110,9/15/1972,,Andes,Magdalena Cauca,Medio Magdalena,Río Lebrija y otros directos al Magdalena,2.64000010490418,4.62181806564331,4,6,0.58695650100708,0.833333313465118,1,1,1.05999994277954,2012,02,9,19,19,20.1399989128113,0,10.7163257598877,2012-02-01,16.8908958435059,8.97331237792969,14.0886726379395
23180040,Pluviométrica,Convencional,Santander,Sabana De Torres,7.4528,-73.4828,110,9/15/1972,,Andes,Magdalena Cauca,Medio Magdalena,Río Lebrija y otros directos al Magdalena,2.64000010490418,4.62181806564331,4,6,0.58695650100708,0.833333313465118,1,1,1.05999994277954,2012,02,10,0,0,0,0,4.13656520843506,2012-02-01,2.41139483451843,1.87563025951386,1.45195925235748
23180040,Pluviométrica,Convencional,Santander,Sabana De Torres,7.4528,-73.4828,110,9/15/1972,,Andes,Magdalena Cauca,Medio Magdalena,Río Lebrija y otros directos al Magdalena,2.64000010490418,4.62181806564331,4,6,0.58695650100708,0.833333313465118,1,1,1.05999994277954,2012,02,11,0,0,0,0,4.50589275360107,2012-02-01,0.974738776683807,1.89004528522491,0.70722770690918
23180040,Pluviométrica,Convencional,Santander,Sabana De Torres,7.4528,-73.4828,110,9/15/1972,,Andes,Magdalena Cauca,Medio Magdalena,Río Lebrija y otros directos al Magdalena,2.64000010490418,4.62181806564331,4,6,0.58695650100708,0.833333313465118,1,1,1.05999994277954,2012,02,12,0,0,0,0,2.57939314842224,2012-02-01,0.557212114334106,1.31212091445923,0.459404110908508
23180040,Pluviométrica,Convencional,Santander,Sabana De Torres,7.4528,-73.4828,110,9/15/1972,,Andes,Magdalena Cauca,Medio Magdalena,Río Lebrija y otros directos al Magdalena,2.64000010490418,4.62181806564331,4,6,0.58695650100708,0.833333313465118,1,1,1.05999994277954,2012,03,13,7,7,7.41999959945679,0,39.2133979797363,2012-03-01,85.3032302856445,13.3921775817871,20.9499893188477
23180040,Pluviométrica,Convencional,Santander,Sabana De Torres,7.4528,-73.4828,110,9/15/1972,,Andes,Magdalena Cauca,Medio Magdalena,Río Lebrija y otros directos al Magdalena,2.64000010490418,4.62181806564331,4,6,0.58695650100708,0.833333313465118,1,1,1.05999994277954,2012,03,14,1,1,1.05999994277954,0,15.7909088134766,2012-03-01,16.8445281982422,5.7544264793396,5.27707004547119
23180040,Pluviométrica,Convencional,Santander,Sabana De Torres,7.4528,-73.4828,110,9/15/1972,,Andes,Magdalena Cauca,Medio Magdalena,Río Lebrija y otros directos al Magdalena,2.64000010490418,4.62181806564331,4,6,0.58695650100708,0.833333313465118,1,1,1.05999994277954,2012,03,15,3,3,3.17999982833862,0,23.383451461792,2012-03-01,35.5079383850098,8.30416870117188,10.5547351837158
23180040,Pluviométrica,Convencional,Santander,Sabana De Torres,7.4528,-73.4828,110,9/15/1972,,Andes,Magdalena Cauca,Medio Magdalena,Río Lebrija y otros directos al Magdalena,2.64000010490418,4.62181806564331,4,6,0.58695650100708,0.833333313465118,1,1,1.05999994277954,2012,03,16,25,25,26.4999985694885,0,43.3277130126953,2012-03-01,92.0992279052734,22.6259002685547,32.7884216308594
23180040,Pluviométrica,Convencional,Santander,Sabana De Torres,7.4528,-73.4828,110,9/15/1972,,Andes,Magdalena Cauca,Medio Magdalena,Río Lebrija y otros directos al Magdalena,2.64000010490418,4.62181806564331,4,6,0.58695650100708,0.833333313465118,1,1,1.05999994277954,2012,03,17,59,59,62.5399966239929,0,30.7070808410645,2012-03-01,60.4968070983887,55.5214614868164,75.4596710205078
23180040,Pluviométrica,Convencional,Santander,Sabana De Torres,7.4528,-73.4828,110,9/15/1972,,Andes,Magdalena Cauca,Medio Magdalena,Río Lebrija y otros directos al Magdalena,2.64000010490418,4.62181806564331,4,6,0.58695650100708,0.833333313465118,1,1,1.05999994277954,2012,03,18,39,39,41.3399977684021,0,41.6616134643555,2012-03-01,49.0082740783691,27.6478633880615,30.1043357849121
23180040,Pluviométrica,Convencional,Santander,Sabana De Torres,7.4528,-73.4828,110,9/15/1972,,Andes,Magdalena Cauca,Medio Magdalena,Río Lebrija y otros directos al Magdalena,2.64000010490418,4.62181806564331,4,6,0.58695650100708,0.833333313465118,1,1,1.04999995231628,2012,04,19,63,63,66.1499969959259,0,81.0500411987305,2012-04-01,96.6879501342773,59.3665008544922,61.5238838195801
23180040,Pluviométrica,Convencional,Santander,Sabana De Torres,7.4528,-73.4828,110,9/15/1972,,Andes,Magdalena Cauca,Medio Magdalena,Río Lebrija y otros directos al Magdalena,2.64000010490418,4.62181806564331,4,6,0.58695650100708,0.833333313465118,1,1,1.04999995231628,2012,04,20,95,95,99.749995470047,0,38.5641822814941,2012-04-01,39.1560592651367,65.2172546386719,65.8034133911133
23180040,Pluviométrica,Convencional,Santander,Sabana De Torres,7.4528,-73.4828,110,9/15/1972,,Andes,Magdalena Cauca,Medio Magdalena,Río Lebrija y otros directos al Magdalena,2.64000010490418,4.62181806564331,4,6,0.58695650100708,0.833333313465118,1,1,1.04999995231628,2012,04,21,131,131,137.549993753433,0,51.7877960205078,2012-04-01,55.982967376709,98.9118804931641,111.997360229492
23180040,Pluviométrica,Convencional,Santander,Sabana De Torres,7.4528,-73.4828,110,9/15/1972,,Andes,Magdalena Cauca,Medio Magdalena,Río Lebrija y otros directos al Magdalena,2.64000010490418,4.62181806564331,4,6,0.58695650100708,0.833333313465118,1,1,1.04999995231628,2012,04,22,153,153,160.649992704391,0,68.4367370605469,2012-04-01,76.5028533935547,103.266296386719,109.280479431152
23180040,Pluviométrica,Convencional,Santander,Sabana De Torres,7.4528,-73.4828,110,9/15/1972,,Andes,Magdalena Cauca,Medio Magdalena,Río Lebrija y otros directos al Magdalena,2.64000010490418,4.62181806564331,4,6,0.58695650100708,0.833333313465118,1,1,1.04999995231628,2012,04,23,223,223,234.149989366531,0,58.0713348388672,2012-04-01,65.619743347168,75.1551361083984,72.5619506835938
23180040,Pluviométrica,Convencional,Santander,Sabana De Torres,7.4528,-73.4828,110,9/15/1972,,Andes,Magdalena Cauca,Medio Magdalena,Río Lebrija y otros directos al Magdalena,2.64000010490418,4.62181806564331,4,6,0.58695650100708,0.833333313465118,1,1,1.04999995231628,2012,04,24,108,108,113.399994850159,0,41.3859977722168,2012-04-01,43.5826835632324,69.4842147827148,71.3577270507813
23180040,Pluviométrica,Convencional,Santander,Sabana De Torres,7.4528,-73.4828,110,9/15/1972,,Andes,Magdalena Cauca,Medio Magdalena,Río Lebrija y otros directos al Magdalena,2.64000010490418,4.62181806564331,4,6,0.58695650100708,0.833333313465118,1,1,1.03999996185303,2012,05,25,132,132,137.2799949646,0,67.4868087768555,2012-05-01,95.9588851928711,75.2178802490234,74.7110290527344
23180040,Pluviométrica,Convencional,Santander,Sabana De Torres,7.4528,-73.4828,110,9/15/1972,,Andes,Magdalena Cauca,Medio Magdalena,Río Lebrija y otros directos al Magdalena,2.64000010490418,4.62181806564331,4,6,0.58695650100708,0.833333313465118,1,1,1.03999996185303,2012,05,26,98,98,101.919996261597,0,26.5374660491943,2012-05-01,27.785795211792,50.6716346740723,57.5161552429199
23180040,Pluviométrica,Convencional,Santander,Sabana De Torres,7.4528,-73.4828,110,9/15/1972,,Andes,Magdalena Cauca,Medio Magdalena,Río Lebrija y otros directos al Magdalena,2.64000010490418,4.62181806564331,4,6,0.58695650100708,0.833333313465118,1,1,1.03999996185303,2012,05,27,53,53,55.1199979782105,0,52.475513458252,2012-05-01,67.898796081543,33.0132064819336,35.0182762145996
23180040,Pluviométrica,Convencional,Santander,Sabana De Torres,7.4528,-73.4828,110,9/15/1972,,Andes,Magdalena Cauca,Medio Magdalena,Río Lebrija y otros directos al Magdalena,2.64000010490418,4.62181806564331,4,6,0.58695650100708,0.833333313465118,1,1,1.03999996185303,2012,05,28,50,50,51.9999980926514,0,53.5348930358887,2012-05-01,73.1008605957031,43.6204490661621,44.8956031799316
23180040,Pluviométrica,Convencional,Santander,Sabana De Torres,7.4528,-73.4828,110,9/15/1972,,Andes,Magdalena Cauca,Medio Magdalena,Río Lebrija y otros directos al Magdalena,2.64000010490418,4.62181806564331,4,6,0.58695650100708,0.833333313465118,1,1,1.03999996185303,2012,05,29,3,3,3.11999988555908,0,28.9083728790283,2012-05-01,25.0704956054688,18.9836292266846,15.1974182128906
23180040,Pluviométrica,Convencional,Santander,Sabana De Torres,7.4528,-73.4828,110,9/15/1972,,Andes,Magdalena Cauca,Medio Magdalena,Río Lebrija y otros directos al Magdalena,2.64000010490418,4.62181806564331,4,6,0.58695650100708,0.833333313465118,1,1,1.03999996185303,2012,05,30,104,104,108.159996032715,0,52.4253158569336,2012-05-01,46.7658500671387,33.8933525085449,27.3239860534668
23180040,Pluviométrica,Convencional,Santander,Sabana De Torres,7.4528,-73.4828,110,9/15/1972,,Andes,Magdalena Cauca,Medio Magdalena,Río Lebrija y otros directos al Magdalena,2.64000010490418,4.62181806564331,4,6,0.58695650100708,0.833333313465118,1,1,1.04999995231628,2012,06,31,46,46,48.2999978065491,0,20.4904613494873,2012-06-01,28.6093521118164,48.174446105957,49.6892623901367
23180040,Pluviométrica,Convencional,Santander,Sabana De Torres,7.4528,-73.4828,110,9/15/1972,,Andes,Magdalena Cauca,Medio Magdalena,Río Lebrija y otros directos al Magdalena,2.64000010490418,4.62181806564331,4,6,0.58695650100708,0.833333313465118,1,1,1.04999995231628,2012,06,32,7,7,7.34999966621399,0,10.5356454849243,2012-06-01,4.41164493560791,14.5291547775269,14.1241512298584
23180040,Pluviométrica,Convencional,Santander,Sabana De Torres,7.4528,-73.4828,110,9/15/1972,,Andes,Magdalena Cauca,Medio Magdalena,Río Lebrija y otros directos al Magdalena,2.64000010490418,4.62181806564331,4,6,0.58695650100708,0.833333313465118,1,1,1.04999995231628,2012,06,33,140,140,146.99999332428,0,29.1037292480469,2012-06-01,53.024097442627,74.2783355712891,101.291557312012
23180040,Pluviométrica,Convencional,Santander,Sabana De Torres,7.4528,-73.4828,110,9/15/1972,,Andes,Magdalena Cauca,Medio Magdalena,Río Lebrija y otros directos al Magdalena,2.64000010490418,4.62181806564331,4,6,0.58695650100708,0.833333313465118,1,1,1.04999995231628,2012,06,34,31,31,32.5499985218048,0,26.2911891937256,2012-06-01,49.0128936767578,36.709400177002,45.6441688537598
23180040,Pluviométrica,Convencional,Santander,Sabana De Torres,7.4528,-73.4828,110,9/15/1972,,Andes,Magdalena Cauca,Medio Magdalena,Río Lebrija y otros directos al Magdalena,2.64000010490418,4.62181806564331,4,6,0.58695650100708,0.833333313465118,1,1,1.04999995231628,2012,06,35,0,0,0,0,24.2593441009522,2012-06-01,38.5550422668457,14.6337394714355,15.8566942214966
23180040,Pluviométrica,Convencional,Santander,Sabana De Torres,7.4528,-73.4828,110,9/15/1972,,Andes,Magdalena Cauca,Medio Magdalena,Río Lebrija y otros directos al Magdalena,2.64000010490418,4.62181806564331,4,6,0.58695650100708,0.833333313465118,1,1,1.04999995231628,2012,06,36,143,143,150.149993181229,0,25.4604530334473,2012-06-01,37.8205146789551,37.3045043945313,60.8518409729004
23180040,Pluviométrica,Convencional,Santander,Sabana De Torres,7.4528,-73.4828,110,9/15/1972,,Andes,Magdalena Cauca,Medio Magdalena,Río Lebrija y otros directos al Magdalena,2.64000010490418,4.62181806564331,4,6,0.58695650100708,0.833333313465118,1,1,1.04999995231628,2012,07,37,92,92,96.5999956130982,0,41.0654983520508,2012-07-01,54.7987594604492,50.5595779418945,53.4854125976563
23180040,Pluviométrica,Convencional,Santander,Sabana De Torres,7.4528,-73.4828,110,9/15/1972,,Andes,Magdalena Cauca,Medio Magdalena,Río Lebrija y otros directos al Magdalena,2.64000010490418,4.62181806564331,4,6,0.58695650100708,0.833333313465118,1,1,1.04999995231628,2012,07,38,0,0,0,0,30.1395092010498,2012-07-01,25.5420246124268,19.1424808502197,22.0971755981445
23180040,Pluviométrica,Convencional,Santander,Sabana De Torres,7.4528,-73.4828,110,9/15/1972,,Andes,Magdalena Cauca,Medio Magdalena,Río Lebrija y otros directos al Magdalena,2.64000010490418,4.62181806564331,4,6,0.58695650100708,0.833333313465118,1,1,1.04999995231628,2012,07,39,179,179,187.949991464615,0,31.1634902954102,2012-07-01,22.6589279174805,64.442626953125,64.4990844726563
23180040,Pluviométrica,Convencional,Santander,Sabana De Torres,7.4528,-73.4828,110,9/15/1972,,Andes,Magdalena Cauca,Medio Magdalena,Río Lebrija y otros directos al Magdalena,2.64000010490418,4.62181806564331,4,6,0.58695650100708,0.833333313465118,1,1,1.04999995231628,2012,07,40,88,88,92.399995803833,0,43.6459617614746,2012-07-01,42.9271545410156,33.9003791809082,29.8762321472168
23180040,Pluviométrica,Convencional,Santander,Sabana De Torres,7.4528,-73.4828,110,9/15/1972,,Andes,Magdalena Cauca,Medio Magdalena,Río Lebrija y otros directos al Magdalena,2.64000010490418,4.62181806564331,4,6,0.58695650100708,0.833333313465118,1,1,1.04999995231628,2012,07,41,0,0,0,0,31.7160587310791,2012-07-01,26.1786575317383,11.5696630477905,11.2582063674927
23180040,Pluviométrica,Convencional,Santander,Sabana De Torres,7.4528,-73.4828,110,9/15/1972,,Andes,Magdalena Cauca,Medio Magdalena,Río Lebrija y otros directos al Magdalena,2.64000010490418,4.62181806564331,4,6,0.58695650100708,0.833333313465118,1,1,1.04999995231628,2012,07,42,0,0,0,0,61.2667922973633,2012-07-01,66.415771484375,40.2663230895996,44.8735656738281
23180040,Pluviométrica,Convencional,Santander,Sabana De Torres,7.4528,-73.4828,110,9/15/1972,,Andes,Magdalena Cauca,Medio Magdalena,Río Lebrija y otros directos al Magdalena,2.64000010490418,4.62181806564331,4,6,0.58695650100708,0.833333313465118,1,1,1.04999995231628,2012,08,43,22,22,23.0999989509583,0,16.4877910614014,2012-08-01,0.567003667354584,20.5826454162598,1.76779699325562
23180040,Pluviométrica,Convencional,Santander,Sabana De Torres,7.4528,-73.4828,110,9/15/1972,,Andes,Magdalena Cauca,Medio Magdalena,Río Lebrija y otros directos al Magdalena,2.64000010490418,4.62181806564331,4,6,0.58695650100708,0.833333313465118,1,1,1.04999995231628,2012,08,44,62,62,65.0999970436096,0,30.4088973999023,2012-08-01,25.2079887390137,24.5490379333496,22.3494071960449
23180040,Pluviométrica,Convencional,Santander,Sabana De Torres,7.4528,-73.4828,110,9/15/1972,,Andes,Magdalena Cauca,Medio Magdalena,Río Lebrija y otros directos al Magdalena,2.64000010490418,4.62181806564331,4,6,0.58695650100708,0.833333313465118,1,1,1.04999995231628,2012,08,45,87,87,91.3499958515167,0,73.5774765014649,2012-08-01,100.191749572754,72.5944061279297,86.6331481933594
23180040,Pluviométrica,Convencional,Santander,Sabana De Torres,7.4528,-73.4828,110,9/15/1972,,Andes,Magdalena Cauca,Medio Magdalena,Río Lebrija y otros directos al Magdalena,2.64000010490418,4.62181806564331,4,6,0.58695650100708,0.833333313465118,1,1,1.04999995231628,2012,08,46,9,9,9.44999957084656,0,44.2621154785156,2012-08-01,51.0644760131836,23.7408428192139,28.2009887695313
23180040,Pluviométrica,Convencional,Santander,Sabana De Torres,7.4528,-73.4828,110,9/15/1972,,Andes,Magdalena Cauca,Medio Magdalena,Río Lebrija y otros directos al Magdalena,2.64000010490418,4.62181806564331,4,6,0.58695650100708,0.833333313465118,1,1,1.04999995231628,2012,08,47,21,21,22.049998998642,0,35.1576995849609,2012-08-01,36.9812088012695,49.0583610534668,61.3274078369141
23180040,Pluviométrica,Convencional,Santander,Sabana De Torres,7.4528,-73.4828,110,9/15/1972,,Andes,Magdalena Cauca,Medio Magdalena,Río Lebrija y otros directos al Magdalena,2.64000010490418,4.62181806564331,4,6,0.58695650100708,0.833333313465118,1,1,1.04999995231628,2012,08,48,8,8,8.39999961853027,0,44.7504730224609,2012-08-01,42.7286491394043,21.1966209411621,24.5425491333008
23180040,Pluviométrica,Convencional,Santander,Sabana De Torres,7.4528,-73.4828,110,9/15/1972,,Andes,Magdalena Cauca,Medio Magdalena,Río Lebrija y otros directos al Magdalena,2.64000010490418,4.62181806564331,4,6,0.58695650100708,0.833333313465118,1,1,1.04999995231628,2012,09,49,11,11,11.5499994754791,0,14.7691144943237,2012-09-01,9.73770809173584,17.744945526123,18.5788173675537
23180040,Pluviométrica,Convencional,Santander,Sabana De Torres,7.4528,-73.4828,110,9/15/1972,,Andes,Magdalena Cauca,Medio Magdalena,Río Lebrija y otros directos al Magdalena,2.64000010490418,4.62181806564331,4,6,0.58695650100708,0.833333313465118,1,1,1.04999995231628,2012,09,50,0,0,0,0,30.3859844207764,2012-09-01,44.4317359924316,10.6006202697754,12.5472555160522
23180040,Pluviométrica,Convencional,Santander,Sabana De Torres,7.4528,-73.4828,110,9/15/1972,,Andes,Magdalena Cauca,Medio Magdalena,Río Lebrija y otros directos al Magdalena,2.64000010490418,4.62181806564331,4,6,0.58695650100708,0.833333313465118,1,1,1.04999995231628,2012,09,51,0,0,0,0,22.2628898620605,2012-09-01,28.024248123169,15.327564239502,17.2814540863037
23180040,Pluviométrica,Convencional,Santander,Sabana De Torres,7.4528,-73.4828,110,9/15/1972,,Andes,Magdalena Cauca,Medio Magdalena,Río Lebrija y otros directos al Magdalena,2.64000010490418,4.62181806564331,4,6,0.58695650100708,0.833333313465118,1,1,1.04999995231628,2012,09,52,159,159,166.949992418289,0,35.4882049560547,2012-09-01,57.5357398986817,42.5649490356445,53.2158164978027
23180040,Pluviométrica,Convencional,Santander,Sabana De Torres,7.4528,-73.4828,110,9/15/1972,,Andes,Magdalena Cauca,Medio Magdalena,Río Lebrija y otros directos al Magdalena,2.64000010490418,4.62181806564331,4,6,0.58695650100708,0.833333313465118,1,1,1.04999995231628,2012,09,53,55,55,57.7499973773956,0,55.0876159667969,2012-09-01,114.541770935059,51.553279876709,71.4970703125
23180040,Pluviométrica,Convencional,Santander,Sabana De Torres,7.4528,-73.4828,110,9/15/1972,,Andes,Magdalena Cauca,Medio Magdalena,Río Lebrija y otros directos al Magdalena,2.64000010490418,4.62181806564331,4,6,0.58695650100708,0.833333313465118,1,1,1.04999995231628,2012,09,54,60,60,62.9999971389771,0,35.5974464416504,2012-09-01,60.397575378418,26.8401832580566,29.0136947631836
23180040,Pluviométrica,Convencional,Santander,Sabana De Torres,7.4528,-73.4828,110,9/15/1972,,Andes,Magdalena Cauca,Medio Magdalena,Río Lebrija y otros directos al Magdalena,2.64000010490418,4.62181806564331,4,6,0.58695650100708,0.833333313465118,1,1,1.03999996185303,2012,10,55,158,158,164.319993972778,0,64.358757019043,2012-10-01,83.8502502441406,76.2242660522461,73.5162658691406
23180040,Pluviométrica,Convencional,Santander,Sabana De Torres,7.4528,-73.4828,110,9/15/1972,,Andes,Magdalena Cauca,Medio Magdalena,Río Lebrija y otros directos al Magdalena,2.64000010490418,4.62181806564331,4,6,0.58695650100708,0.833333313465118,1,1,1.03999996185303,2012,10,56,0,0,0,0,47.6971168518066,2012-10-01,55.2062339782715,32.7550201416016,37.3430557250977
23180040,Pluviométrica,Convencional,Santander,Sabana De Torres,7.4528,-73.4828,110,9/15/1972,,Andes,Magdalena Cauca,Medio Magdalena,Río Lebrija y otros directos al Magdalena,2.64000010490418,4.62181806564331,4,6,0.58695650100708,0.833333313465118,1,1,1.03999996185303,2012,10,57,98,98,101.919996261597,0,51.0158882141113,2012-10-01,61.6715202331543,65.6910018920899,75.1791152954102
23180040,Pluviométrica,Convencional,Santander,Sabana De Torres,7.4528,-73.4828,110,9/15/1972,,Andes,Magdalena Cauca,Medio Magdalena,Río Lebrija y otros directos al Magdalena,2.64000010490418,4.62181806564331,4,6,0.58695650100708,0.833333313465118,1,1,1.03999996185303,2012,10,58,0,0,0,0,55.6771812438965,2012-10-01,66.9304351806641,27.6829166412354,31.2272129058838
23180040,Pluviométrica,Convencional,Santander,Sabana De Torres,7.4528,-73.4828,110,9/15/1972,,Andes,Magdalena Cauca,Medio Magdalena,Río Lebrija y otros directos al Magdalena,2.64000010490418,4.62181806564331,4,6,0.58695650100708,0.833333313465118,1,1,1.03999996185303,2012,10,59,95,95,98.7999963760376,0,61.4044723510742,2012-10-01,84.218147277832,50.4612541198731,53.5013542175293
23180040,Pluviométrica,Convencional,Santander,Sabana De Torres,7.4528,-73.4828,110,9/15/1972,,Andes,Magdalena Cauca,Medio Magdalena,Río Lebrija y otros directos al Magdalena,2.64000010490418,4.62181806564331,4,6,0.58695650100708,0.833333313465118,1,1,1.03999996185303,2012,10,60,0,0,0,0,49.5461196899414,2012-10-01,48.7657508850098,41.8209686279297,45.7916679382324
23180040,Pluviométrica,Convencional,Santander,Sabana De Torres,7.4528,-73.4828,110,9/15/1972,,Andes,Magdalena Cauca,Medio Magdalena,Río Lebrija y otros directos al Magdalena,2.64000010490418,4.62181806564331,4,6,0.58695650100708,0.833333313465118,1,1,1.03999996185303,2012,11,61,37,37,38.479998588562,0,21.1328525543213,2012-11-01,13.8588190078735,22.0194530487061,15.6606941223145
23180040,Pluviométrica,Convencional,Santander,Sabana De Torres,7.4528,-73.4828,110,9/15/1972,,Andes,Magdalena Cauca,Medio Magdalena,Río Lebrija y otros directos al Magdalena,2.64000010490418,4.62181806564331,4,6,0.58695650100708,0.833333313465118,1,1,1.03999996185303,2012,11,62,70,70,72.7999973297119,0,9.13394546508789,2012-11-01,0.441965103149414,4.97116470336914,0.854820787906647
23180040,Pluviométrica,Convencional,Santander,Sabana De Torres,7.4528,-73.4828,110,9/15/1972,,Andes,Magdalena Cauca,Medio Magdalena,Río Lebrija y otros directos al Magdalena,2.64000010490418,4.62181806564331,4,6,0.58695650100708,0.833333313465118,1,1,1.03999996185303,2012,11,63,0,0,0,0,82.4058990478516,2012-11-01,88.4922409057617,73.1642608642578,86.8284683227539
23180040,Pluviométrica,Convencional,Santander,Sabana De Torres,7.4528,-73.4828,110,9/15/1972,,Andes,Magdalena Cauca,Medio Magdalena,Río Lebrija y otros directos al Magdalena,2.64000010490418,4.62181806564331,4,6,0.58695650100708,0.833333313465118,1,1,1.03999996185303,2012,11,64,54,54,56.1599979400635,0,58.163257598877,2012-11-01,58.4808387756348,33.3941116333008,33.11376953125
23180040,Pluviométrica,Convencional,Santander,Sabana De Torres,7.4528,-73.4828,110,9/15/1972,,Andes,Magdalena Cauca,Medio Magdalena,Río Lebrija y otros directos al Magdalena,2.64000010490418,4.62181806564331,4,6,0.58695650100708,0.833333313465118,1,1,1.03999996185303,2012,11,65,66,66,68.6399974822998,0,61.1163940429688,2012-11-01,59.913990020752,57.1002807617188,62.5283737182617
23180040,Pluviométrica,Convencional,Santander,Sabana De Torres,7.4528,-73.4828,110,9/15/1972,,Andes,Magdalena Cauca,Medio Magdalena,Río Lebrija y otros directos al Magdalena,2.64000010490418,4.62181806564331,4,6,0.58695650100708,0.833333313465118,1,1,1.03999996185303,2012,11,66,0,0,0,0,12.022219657898,2012-11-01,7.19789218902588,15.8873062133789,19.1822490692139
23180040,Pluviométrica,Convencional,Santander,Sabana De Torres,7.4528,-73.4828,110,9/15/1972,,Andes,Magdalena Cauca,Medio Magdalena,Río Lebrija y otros directos al Magdalena,2.64000010490418,4.62181806564331,4,6,0.58695650100708,0.833333313465118,1,1,1.05999994277954,2012,12,67,15,15,15.8999991416931,0,19.5083961486816,2012-12-01,28.9810924530029,22.8489437103272,30.0616798400879
23180040,Pluviométrica,Convencional,Santander,Sabana De Torres,7.4528,-73.4828,110,9/15/1972,,Andes,Magdalena Cauca,Medio Magdalena,Río Lebrija y otros directos al Magdalena,2.64000010490418,4.62181806564331,4,6,0.58695650100708,0.833333313465118,1,1,1.05999994277954,2012,12,68,0,0,0,0,3.64306950569153,2012-12-01,4.92566013336182,2.51535439491272,4.08887195587158
23180040,Pluviométrica,Convencional,Santander,Sabana De Torres,7.4528,-73.4828,110,9/15/1972,,Andes,Magdalena Cauca,Medio Magdalena,Río Lebrija y otros directos al Magdalena,2.64000010490418,4.62181806564331,4,6,0.58695650100708,0.833333313465118,1,1,1.05999994277954,2012,12,69,78,78,82.6799955368042,0,22.5095958709717,2012-12-01,44.1069488525391,54.5489120483398,59.8540267944336
23180040,Pluviométrica,Convencional,Santander,Sabana De Torres,7.4528,-73.4828,110,9/15/1972,,Andes,Magdalena Cauca,Medio Magdalena,Río Lebrija y otros directos al Magdalena,2.64000010490418,4.62181806564331,4,6,0.58695650100708,0.833333313465118,1,1,1.05999994277954,2012,12,70,42,42,44.5199975967407,0,2.62875819206238,2012-12-01,1.05541276931763,1.67289388179779,1.25742375850678
23180040,Pluviométrica,Convencional,Santander,Sabana De Torres,7.4528,-73.4828,110,9/15/1972,,Andes,Magdalena Cauca,Medio Magdalena,Río Lebrija y otros directos al Magdalena,2.64000010490418,4.62181806564331,4,6,0.58695650100708,0.833333313465118,1,1,1.05999994277954,2012,12,71,54,54,57.2399969100952,0,17.6415634155273,2012-12-01,29.3421974182129,18.5725345611572,15.8504543304443
23180040,Pluviométrica,Convencional,Santander,Sabana De Torres,7.4528,-73.4828,110,9/15/1972,,Andes,Magdalena Cauca,Medio Magdalena,Río Lebrija y otros directos al Magdalena,2.64000010490418,4.62181806564331,4,6,0.58695650100708,0.833333313465118,1,1,1.05999994277954,2012,12,72,38,38,40.2799978256226,0,33.8042869567871,2012-12-01,46.8231582641602,16.3748474121094,15.7905158996582
23180040,Pluviométrica,Convencional,Santander,Sabana De Torres,7.4528,-73.4828,110,9/15/1972,,Andes,Magdalena Cauca,Medio Magdalena,Río Lebrija y otros directos al Magdalena,2.64000010490418,4.62181806564331,4,6,0.58695650100708,0.833333313465118,1,1,1.07000005245209,2013,01,1,0,0,0,0,4.39933824539185,2013-01-01,1.33791744709015,2.24290776252747,1.22602868080139
23180040,Pluviométrica,Convencional,Santander,Sabana De Torres,7.4528,-73.4828,110,9/15/1972,,Andes,Magdalena Cauca,Medio Magdalena,Río Lebrija y otros directos al Magdalena,2.64000010490418,4.62181806564331,4,6,0.58695650100708,0.833333313465118,1,1,1.07000005245209,2013,01,2,0,0,0,0,4.47502946853638,2013-01-01,0.786850214004517,2.27650856971741,0.783145725727081
23180040,Pluviométrica,Convencional,Santander,Sabana De Torres,7.4528,-73.4828,110,9/15/1972,,Andes,Magdalena Cauca,Medio Magdalena,Río Lebrija y otros directos al Magdalena,2.64000010490418,4.62181806564331,4,6,0.58695650100708,0.833333313465118,1,1,1.07000005245209,2013,01,3,0,0,0,0,4.60236597061157,2013-01-01,0,2.31469416618347,0
23180040,Pluviométrica,Convencional,Santander,Sabana De Torres,7.4528,-73.4828,110,9/15/1972,,Andes,Magdalena Cauca,Medio Magdalena,Río Lebrija y otros directos al Magdalena,2.64000010490418,4.62181806564331,4,6,0.58695650100708,0.833333313465118,1,1,1.07000005245209,2013,01,4,0,0,0,0,4.50339603424072,2013-01-01,0,2.56465291976929,0
23180040,Pluviométrica,Convencional,Santander,Sabana De Torres,7.4528,-73.4828,110,9/15/1972,,Andes,Magdalena Cauca,Medio Magdalena,Río Lebrija y otros directos al Magdalena,2.64000010490418,4.62181806564331,4,6,0.58695650100708,0.833333313465118,1,1,1.07000005245209,2013,01,5,16,16,17.1200008392334,0,4.97076272964478,2013-01-01,2.2814302444458,8.37199115753174,10.5709552764893
23180040,Pluviométrica,Convencional,Santander,Sabana De Torres,7.4528,-73.4828,110,9/15/1972,,Andes,Magdalena Cauca,Medio Magdalena,Río Lebrija y otros directos al Magdalena,2.64000010490418,4.62181806564331,4,6,0.58695650100708,0.833333313465118,1,1,1.07000005245209,2013,01,6,0,0,0,0,9.59834957122803,2013-01-01,6.78555870056152,4.26127338409424,4.89467573165894
23180040,Pluviométrica,Convencional,Santander,Sabana De Torres,7.4528,-73.4828,110,9/15/1972,,Andes,Magdalena Cauca,Medio Magdalena,Río Lebrija y otros directos al Magdalena,2.64000010490418,4.62181806564331,4,6,0.58695650100708,0.833333313465118,1,1,1.05999994277954,2013,02,7,37,37,39.219997882843,0,6.08062791824341,2013-02-01,3.80561208724976,12.2492780685425,10.2352561950684
23180040,Pluviométrica,Convencional,Santander,Sabana De Torres,7.4528,-73.4828,110,9/15/1972,,Andes,Magdalena Cauca,Medio Magdalena,Río Lebrija y otros directos al Magdalena,2.64000010490418,4.62181806564331,4,6,0.58695650100708,0.833333313465118,1,1,1.05999994277954,2013,02,8,110,110,116.59999370575,0,26.1212577819824,2013-02-01,44.3493957519531,61.8756828308106,59.5462760925293
23180040,Pluviométrica,Convencional,Santander,Sabana De Torres,7.4528,-73.4828,110,9/15/1972,,Andes,Magdalena Cauca,Medio Magdalena,Río Lebrija y otros directos al Magdalena,2.64000010490418,4.62181806564331,4,6,0.58695650100708,0.833333313465118,1,1,1.05999994277954,2013,02,9,0,0,0,0,4.21317338943481,2013-02-01,2.79299902915955,2.42492127418518,1.50885701179504
23180040,Pluviométrica,Convencional,Santander,Sabana De Torres,7.4528,-73.4828,110,9/15/1972,,Andes,Magdalena Cauca,Medio Magdalena,Río Lebrija y otros directos al Magdalena,2.64000010490418,4.62181806564331,4,6,0.58695650100708,0.833333313465118,1,1,1.05999994277954,2013,02,10,0,0,0,0,14.440972328186,2013-02-01,21.7350654602051,16.8473052978516,19.6334629058838
23180040,Pluviométrica,Convencional,Santander,Sabana De Torres,7.4528,-73.4828,110,9/15/1972,,Andes,Magdalena Cauca,Medio Magdalena,Río Lebrija y otros directos al Magdalena,2.64000010490418,4.62181806564331,4,6,0.58695650100708,0.833333313465118,1,1,1.05999994277954,2013,02,11,0,0,0,0,6.6066164970398,2013-02-01,4.72622442245483,4.87215709686279,2.76108598709106
23180040,Pluviométrica,Convencional,Santander,Sabana De Torres,7.4528,-73.4828,110,9/15/1972,,Andes,Magdalena Cauca,Medio Magdalena,Río Lebrija y otros directos al Magdalena,2.64000010490418,4.62181806564331,4,6,0.58695650100708,0.833333313465118,1,1,1.05999994277954,2013,02,12,134,134,142.039992332459,0,20.911865234375,2013-02-01,49.9024963378906,44.5015907287598,77.0088958740234
23180040,Pluviométrica,Convencional,Santander,Sabana De Torres,7.4528,-73.4828,110,9/15/1972,,Andes,Magdalena Cauca,Medio Magdalena,Río Lebrija y otros directos al Magdalena,2.64000010490418,4.62181806564331,4,6,0.58695650100708,0.833333313465118,1,1,1.05999994277954,2013,03,13,29,29,30.7399983406067,0,25.6165237426758,2013-03-01,59.469783782959,46.2525291442871,71.4877395629883
23180040,Pluviométrica,Convencional,Santander,Sabana De Torres,7.4528,-73.4828,110,9/15/1972,,Andes,Magdalena Cauca,Medio Magdalena,Río Lebrija y otros directos al Magdalena,2.64000010490418,4.62181806564331,4,6,0.58695650100708,0.833333313465118,1,1,1.05999994277954,2013,03,14,0,0,0,0,24.98020362854,2013-03-01,48.0791931152344,19.7137870788574,21.6234378814697
23180040,Pluviométrica,Convencional,Santander,Sabana De Torres,7.4528,-73.4828,110,9/15/1972,,Andes,Magdalena Cauca,Medio Magdalena,Río Lebrija y otros directos al Magdalena,2.64000010490418,4.62181806564331,4,6,0.58695650100708,0.833333313465118,1,1,1.05999994277954,2013,03,15,63,63,66.7799963951111,0,22.6250286102295,2013-03-01,41.5208320617676,58.2659873962402,63.638599395752
23180040,Pluviométrica,Convencional,Santander,Sabana De Torres,7.4528,-73.4828,110,9/15/1972,,Andes,Magdalena Cauca,Medio Magdalena,Río Lebrija y otros directos al Magdalena,2.64000010490418,4.62181806564331,4,6,0.58695650100708,0.833333313465118,1,1,1.05999994277954,2013,03,16,32,32,33.9199981689453,0,19.2707118988037,2013-03-01,40.1864356994629,37.4630012512207,73.2119293212891
23180040,Pluviométrica,Convencional,Santander,Sabana De Torres,7.4528,-73.4828,110,9/15/1972,,Andes,Magdalena Cauca,Medio Magdalena,Río Lebrija y otros directos al Magdalena,2.64000010490418,4.62181806564331,4,6,0.58695650100708,0.833333313465118,1,1,1.05999994277954,2013,03,17,111,111,117.659993648529,0,38.9265518188477,2013-03-01,94.1237869262695,76.9604034423828,91.5199966430664
23180040,Pluviométrica,Convencional,Santander,Sabana De Torres,7.4528,-73.4828,110,9/15/1972,,Andes,Magdalena Cauca,Medio Magdalena,Río Lebrija y otros directos al Magdalena,2.64000010490418,4.62181806564331,4,6,0.58695650100708,0.833333313465118,1,1,1.05999994277954,2013,03,18,176,176,186.559989929199,0,17.8502979278564,2013-03-01,13.8695621490479,31.0848827362061,26.5006237030029
23180040,Pluviométrica,Convencional,Santander,Sabana De Torres,7.4528,-73.4828,110,9/15/1972,,Andes,Magdalena Cauca,Medio Magdalena,Río Lebrija y otros directos al Magdalena,2.64000010490418,4.62181806564331,4,6,0.58695650100708,0.833333313465118,1,1,1.04999995231628,2013,04,19,21,21,22.049998998642,0,34.0994720458984,2013-04-01,42.2041511535645,51.1204605102539,73.2826919555664
23180040,Pluviométrica,Convencional,Santander,Sabana De Torres,7.4528,-73.4828,110,9/15/1972,,Andes,Magdalena Cauca,Medio Magdalena,Río Lebrija y otros directos al Magdalena,2.64000010490418,4.62181806564331,4,6,0.58695650100708,0.833333313465118,1,1,1.04999995231628,2013,04,20,150,150,157.499992847443,0,52.3921775817871,2013-04-01,65.4135513305664,84.660530090332,84.7475128173828
23180040,Pluviométrica,Convencional,Santander,Sabana De Torres,7.4528,-73.4828,110,9/15/1972,,Andes,Magdalena Cauca,Medio Magdalena,Río Lebrija y otros directos al Magdalena,2.64000010490418,4.62181806564331,4,6,0.58695650100708,0.833333313465118,1,1,1.04999995231628,2013,04,21,28,28,29.399998664856,0,35.9594116210938,2013-04-01,40.6138496398926,19.7712478637695,17.3102874755859
23180040,Pluviométrica,Convencional,Santander,Sabana De Torres,7.4528,-73.4828,110,9/15/1972,,Andes,Magdalena Cauca,Medio Magdalena,Río Lebrija y otros directos al Magdalena,2.64000010490418,4.62181806564331,4,6,0.58695650100708,0.833333313465118,1,1,1.04999995231628,2013,04,22,44,44,46.1999979019165,0,48.3738708496094,2013-04-01,60.8572540283203,102.783828735352,124.817901611328
23180040,Pluviométrica,Convencional,Santander,Sabana De Torres,7.4528,-73.4828,110,9/15/1972,,Andes,Magdalena Cauca,Medio Magdalena,Río Lebrija y otros directos al Magdalena,2.64000010490418,4.62181806564331,4,6,0.58695650100708,0.833333313465118,1,1,1.04999995231628,2013,04,23,75,75,78.7499964237213,0,39.7084655761719,2013-04-01,45.1226387023926,31.2221126556397,25.5971660614014
23180040,Pluviométrica,Convencional,Santander,Sabana De Torres,7.4528,-73.4828,110,9/15/1972,,Andes,Magdalena Cauca,Medio Magdalena,Río Lebrija y otros directos al Magdalena,2.64000010490418,4.62181806564331,4,6,0.58695650100708,0.833333313465118,1,1,1.04999995231628,2013,04,24,138,138,144.899993419647,0,50.0189781188965,2013-04-01,62.4344787597656,90.9313430786133,105.335525512695
23180040,Pluviométrica,Convencional,Santander,Sabana De Torres,7.4528,-73.4828,110,9/15/1972,,Andes,Magdalena Cauca,Medio Magdalena,Río Lebrija y otros directos al Magdalena,2.64000010490418,4.62181806564331,4,6,0.58695650100708,0.833333313465118,1,1,1.03999996185303,2013,05,25,78,78,81.1199970245361,0,45.4269523620606,2013-05-01,61.8423461914063,66.7381820678711,68.8141708374024
23180040,Pluviométrica,Convencional,Santander,Sabana De Torres,7.4528,-73.4828,110,9/15/1972,,Andes,Magdalena Cauca,Medio Magdalena,Río Lebrija y otros directos al Magdalena,2.64000010490418,4.62181806564331,4,6,0.58695650100708,0.833333313465118,1,1,1.03999996185303,2013,05,26,33,33,34.3199987411499,0,36.9304351806641,2013-05-01,46.0522575378418,50.3129539489746,59.8301315307617
23180040,Pluviométrica,Convencional,Santander,Sabana De Torres,7.4528,-73.4828,110,9/15/1972,,Andes,Magdalena Cauca,Medio Magdalena,Río Lebrija y otros directos al Magdalena,2.64000010490418,4.62181806564331,4,6,0.58695650100708,0.833333313465118,1,1,1.03999996185303,2013,05,27,0,0,0,0,22.9696559906006,2013-05-01,19.0461673736572,29.3307304382324,24.348970413208
23180040,Pluviométrica,Convencional,Santander,Sabana De Torres,7.4528,-73.4828,110,9/15/1972,,Andes,Magdalena Cauca,Medio Magdalena,Río Lebrija y otros directos al Magdalena,2.64000010490418,4.62181806564331,4,6,0.58695650100708,0.833333313465118,1,1,1.03999996185303,2013,05,28,152,152,158.07999420166,0,50.2687873840332,2013-05-01,73.1008605957031,94.6997833251953,112.308723449707
23180040,Pluviométrica,Convencional,Santander,Sabana De Torres,7.4528,-73.4828,110,9/15/1972,,Andes,Magdalena Cauca,Medio Magdalena,Río Lebrija y otros directos al Magdalena,2.64000010490418,4.62181806564331,4,6,0.58695650100708,0.833333313465118,1,1,1.03999996185303,2013,05,29,0,0,0,0,43.9379501342773,2013-05-01,55.2792587280274,40.2318344116211,40.8151626586914
23180040,Pluviométrica,Convencional,Santander,Sabana De Torres,7.4528,-73.4828,110,9/15/1972,,Andes,Magdalena Cauca,Medio Magdalena,Río Lebrija y otros directos al Magdalena,2.64000010490418,4.62181806564331,4,6,0.58695650100708,0.833333313465118,1,1,1.03999996185303,2013,05,30,35,35,36.399998664856,0,86.8284530639649,2013-05-01,98.1835250854492,82.0977249145508,95.3054428100586
23180040,Pluviométrica,Convencional,Santander,Sabana De Torres,7.4528,-73.4828,110,9/15/1972,,Andes,Magdalena Cauca,Medio Magdalena,Río Lebrija y otros directos al Magdalena,2.64000010490418,4.62181806564331,4,6,0.58695650100708,0.833333313465118,1,1,1.04999995231628,2013,06,31,140,140,146.99999332428,0,25.0601825714111,2013-06-01,45.0747299194336,14.2620630264282,28.2190494537354
23180040,Pluviométrica,Convencional,Santander,Sabana De Torres,7.4528,-73.4828,110,9/15/1972,,Andes,Magdalena Cauca,Medio Magdalena,Río Lebrija y otros directos al Magdalena,2.64000010490418,4.62181806564331,4,6,0.58695650100708,0.833333313465118,1,1,1.04999995231628,2013,06,32,0,0,0,0,19.9447402954102,2013-06-01,29.0079135894775,11.2285833358765,10.8591842651367
23180040,Pluviométrica,Convencional,Santander,Sabana De Torres,7.4528,-73.4828,110,9/15/1972,,Andes,Magdalena Cauca,Medio Magdalena,Río Lebrija y otros directos al Magdalena,2.64000010490418,4.62181806564331,4,6,0.58695650100708,0.833333313465118,1,1,1.04999995231628,2013,06,33,110,110,115.499994754791,0,29.1770668029785,2013-06-01,50.9057350158691,49.6719665527344,48.8639526367188
23180040,Pluviométrica,Convencional,Santander,Sabana De Torres,7.4528,-73.4828,110,9/15/1972,,Andes,Magdalena Cauca,Medio Magdalena,Río Lebrija y otros directos al Magdalena,2.64000010490418,4.62181806564331,4,6,0.58695650100708,0.833333313465118,1,1,1.04999995231628,2013,06,34,16,16,16.7999992370605,0,20.6738433837891,2013-06-01,33.4616737365723,23.8014278411865,27.8686065673828
23180040,Pluviométrica,Convencional,Santander,Sabana De Torres,7.4528,-73.4828,110,9/15/1972,,Andes,Magdalena Cauca,Medio Magdalena,Río Lebrija y otros directos al Magdalena,2.64000010490418,4.62181806564331,4,6,0.58695650100708,0.833333313465118,1,1,1.04999995231628,2013,06,35,0,0,0,0,19.1811943054199,2013-06-01,27.6255168914795,17.2369575500488,19.8177528381348
23180040,Pluviométrica,Convencional,Santander,Sabana De Torres,7.4528,-73.4828,110,9/15/1972,,Andes,Magdalena Cauca,Medio Magdalena,Río Lebrija y otros directos al Magdalena,2.64000010490418,4.62181806564331,4,6,0.58695650100708,0.833333313465118,1,1,1.04999995231628,2013,06,36,80,80,83.9999961853027,0,28.7624092102051,2013-06-01,43.860652923584,40.3990020751953,38.7991027832031
23180040,Pluviométrica,Convencional,Santander,Sabana De Torres,7.4528,-73.4828,110,9/15/1972,,Andes,Magdalena Cauca,Medio Magdalena,Río Lebrija y otros directos al Magdalena,2.64000010490418,4.62181806564331,4,6,0.58695650100708,0.833333313465118,1,1,1.04999995231628,2013,07,37,0,0,0,0,31.6941375732422,2013-07-01,36.067310333252,30.7458419799805,41.1986885070801
23180040,Pluviométrica,Convencional,Santander,Sabana De Torres,7.4528,-73.4828,110,9/15/1972,,Andes,Magdalena Cauca,Medio Magdalena,Río Lebrija y otros directos al Magdalena,2.64000010490418,4.62181806564331,4,6,0.58695650100708,0.833333313465118,1,1,1.04999995231628,2013,07,38,0,0,0,0,36.2221374511719,2013-07-01,44.7434425354004,22.6829433441162,31.1024188995361
23180040,Pluviométrica,Convencional,Santander,Sabana De Torres,7.4528,-73.4828,110,9/15/1972,,Andes,Magdalena Cauca,Medio Magdalena,Río Lebrija y otros directos al Magdalena,2.64000010490418,4.62181806564331,4,6,0.58695650100708,0.833333313465118,1,1,1.04999995231628,2013,07,39,80,80,83.9999961853027,0,24.8411407470703,2013-07-01,14.4088401794434,17.4707374572754,6.5571346282959
23180040,Pluviométrica,Convencional,Santander,Sabana De Torres,7.4528,-73.4828,110,9/15/1972,,Andes,Magdalena Cauca,Medio Magdalena,Río Lebrija y otros directos al Magdalena,2.64000010490418,4.62181806564331,4,6,0.58695650100708,0.833333313465118,1,1,1.04999995231628,2013,07,40,0,0,0,0,38.0400695800781,2013-07-01,37.8092079162598,14.1376791000366,16.4499282836914
23180040,Pluviométrica,Convencional,Santander,Sabana De Torres,7.4528,-73.4828,110,9/15/1972,,Andes,Magdalena Cauca,Medio Magdalena,Río Lebrija y otros directos al Magdalena,2.64000010490418,4.62181806564331,4,6,0.58695650100708,0.833333313465118,1,1,1.04999995231628,2013,07,41,0,0,0,0,15.6768760681152,2013-07-01,0,6.82210111618042,0
23180040,Pluviométrica,Convencional,Santander,Sabana De Torres,7.4528,-73.4828,110,9/15/1972,,Andes,Magdalena Cauca,Medio Magdalena,Río Lebrija y otros directos al Magdalena,2.64000010490418,4.62181806564331,4,6,0.58695650100708,0.833333313465118,1,1,1.04999995231628,2013,07,42,50,50,52.4999976158142,0,51.6474380493164,2013-07-01,52.590877532959,36.8255577087402,36.0864639282227
23180040,Pluviométrica,Convencional,Santander,Sabana De Torres,7.4528,-73.4828,110,9/15/1972,,Andes,Magdalena Cauca,Medio Magdalena,Río Lebrija y otros directos al Magdalena,2.64000010490418,4.62181806564331,4,6,0.58695650100708,0.833333313465118,1,1,1.04999995231628,2013,08,43,16,16,16.7999992370605,0,48.9350318908691,2013-08-01,52.1343574523926,33.6060104370117,39.5833358764648
23180040,Pluviométrica,Convencional,Santander,Sabana De Torres,7.4528,-73.4828,110,9/15/1972,,Andes,Magdalena Cauca,Medio Magdalena,Río Lebrija y otros directos al Magdalena,2.64000010490418,4.62181806564331,4,6,0.58695650100708,0.833333313465118,1,1,1.04999995231628,2013,08,44,221,221,232.049989461899,0,62.4516525268555,2013-08-01,75.548583984375,125.964210510254,135.69287109375
23180040,Pluviométrica,Convencional,Santander,Sabana De Torres,7.4528,-73.4828,110,9/15/1972,,Andes,Magdalena Cauca,Medio Magdalena,Río Lebrija y otros directos al Magdalena,2.64000010490418,4.62181806564331,4,6,0.58695650100708,0.833333313465118,1,1,1.04999995231628,2013,08,45,169,169,177.449991941452,0,57.9242935180664,2013-08-01,77.473388671875,57.3457679748535,59.1964721679688
23180040,Pluviométrica,Convencional,Santander,Sabana De Torres,7.4528,-73.4828,110,9/15/1972,,Andes,Magdalena Cauca,Medio Magdalena,Río Lebrija y otros directos al Magdalena,2.64000010490418,4.62181806564331,4,6,0.58695650100708,0.833333313465118,1,1,1.04999995231628,2013,08,46,134,134,140.699993610382,0,44.9550590515137,2013-08-01,51.2403335571289,91.8682479858398,109.300552368164
23180040,Pluviométrica,Convencional,Santander,Sabana De Torres,7.4528,-73.4828,110,9/15/1972,,Andes,Magdalena Cauca,Medio Magdalena,Río Lebrija y otros directos al Magdalena,2.64000010490418,4.62181806564331,4,6,0.58695650100708,0.833333313465118,1,1,1.04999995231628,2013,08,47,0,0,0,0,41.4309463500977,2013-08-01,48.178653717041,31.1620292663574,39.1004180908203
23180040,Pluviométrica,Convencional,Santander,Sabana De Torres,7.4528,-73.4828,110,9/15/1972,,Andes,Magdalena Cauca,Medio Magdalena,Río Lebrija y otros directos al Magdalena,2.64000010490418,4.62181806564331,4,6,0.58695650100708,0.833333313465118,1,1,1.04999995231628,2013,08,48,17,17,17.8499991893768,0,47.3360061645508,2013-08-01,48.2802085876465,35.4547271728516,37.5997085571289
23180040,Pluviométrica,Convencional,Santander,Sabana De Torres,7.4528,-73.4828,110,9/15/1972,,Andes,Magdalena Cauca,Medio Magdalena,Río Lebrija y otros directos al Magdalena,2.64000010490418,4.62181806564331,4,6,0.58695650100708,0.833333313465118,1,1,1.04999995231628,2013,09,49,14,14,14.699999332428,0,32.3067474365234,2013-09-01,52.017692565918,50.0375213623047,61.654354095459
23180040,Pluviométrica,Convencional,Santander,Sabana De Torres,7.4528,-73.4828,110,9/15/1972,,Andes,Magdalena Cauca,Medio Magdalena,Río Lebrija y otros directos al Magdalena,2.64000010490418,4.62181806564331,4,6,0.58695650100708,0.833333313465118,1,1,1.04999995231628,2013,09,50,203,203,213.149990320206,0,25.1816101074219,2013-09-01,34.6264038085938,47.0509490966797,61.0263137817383
23180040,Pluviométrica,Convencional,Santander,Sabana De Torres,7.4528,-73.4828,110,9/15/1972,,Andes,Magdalena Cauca,Medio Magdalena,Río Lebrija y otros directos al Magdalena,2.64000010490418,4.62181806564331,4,6,0.58695650100708,0.833333313465118,1,1,1.04999995231628,2013,09,51,89,89,93.4499957561493,0,34.3618965148926,2013-09-01,59.7979507446289,68.208366394043,78.1919937133789
23180040,Pluviométrica,Convencional,Santander,Sabana De Torres,7.4528,-73.4828,110,9/15/1972,,Andes,Magdalena Cauca,Medio Magdalena,Río Lebrija y otros directos al Magdalena,2.64000010490418,4.62181806564331,4,6,0.58695650100708,0.833333313465118,1,1,1.04999995231628,2013,09,52,5,5,5.24999976158142,0,37.7949104309082,2013-09-01,74.3440475463867,51.3468055725098,65.2103729248047
23180040,Pluviométrica,Convencional,Santander,Sabana De Torres,7.4528,-73.4828,110,9/15/1972,,Andes,Magdalena Cauca,Medio Magdalena,Río Lebrija y otros directos al Magdalena,2.64000010490418,4.62181806564331,4,6,0.58695650100708,0.833333313465118,1,1,1.04999995231628,2013,09,53,29,29,30.4499986171722,0,27.9201316833496,2013-09-01,51.4788932800293,20.6979866027832,27.2703227996826
23180040,Pluviométrica,Convencional,Santander,Sabana De Torres,7.4528,-73.4828,110,9/15/1972,,Andes,Magdalena Cauca,Medio Magdalena,Río Lebrija y otros directos al Magdalena,2.64000010490418,4.62181806564331,4,6,0.58695650100708,0.833333313465118,1,1,1.04999995231628,2013,09,54,20,20,20.9999990463257,0,44.4366798400879,2013-09-01,84.072868347168,53.9270706176758,64.5065994262695
23180040,Pluviométrica,Convencional,Santander,Sabana De Torres,7.4528,-73.4828,110,9/15/1972,,Andes,Magdalena Cauca,Medio Magdalena,Río Lebrija y otros directos al Magdalena,2.64000010490418,4.62181806564331,4,6,0.58695650100708,0.833333313465118,1,1,1.03999996185303,2013,10,55,103,103,107.119996070862,0,58.4139976501465,2013-10-01,64.5863876342774,54.6001167297363,56.7965545654297
23180040,Pluviométrica,Convencional,Santander,Sabana De Torres,7.4528,-73.4828,110,9/15/1972,,Andes,Magdalena Cauca,Medio Magdalena,Río Lebrija y otros directos al Magdalena,2.64000010490418,4.62181806564331,4,6,0.58695650100708,0.833333313465118,1,1,1.03999996185303,2013,10,56,5,5,5.19999980926514,0,23.9199657440186,2013-10-01,16.9835414886475,12.8023624420166,13.9552555084229
23180040,Pluviométrica,Convencional,Santander,Sabana De Torres,7.4528,-73.4828,110,9/15/1972,,Andes,Magdalena Cauca,Medio Magdalena,Río Lebrija y otros directos al Magdalena,2.64000010490418,4.62181806564331,4,6,0.58695650100708,0.833333313465118,1,1,1.03999996185303,2013,10,57,144,144,149.759994506836,0,64.7845993041992,2013-10-01,91.0552673339844,102.744194030762,124.114349365234
23180040,Pluviométrica,Convencional,Santander,Sabana De Torres,7.4528,-73.4828,110,9/15/1972,,Andes,Magdalena Cauca,Medio Magdalena,Río Lebrija y otros directos al Magdalena,2.64000010490418,4.62181806564331,4,6,0.58695650100708,0.833333313465118,1,1,1.03999996185303,2013,10,58,70,70,72.7999973297119,0,42.1109962463379,2013-10-01,47.2951316833496,28.2816009521484,25.0125560760498
23180040,Pluviométrica,Convencional,Santander,Sabana De Torres,7.4528,-73.4828,110,9/15/1972,,Andes,Magdalena Cauca,Medio Magdalena,Río Lebrija y otros directos al Magdalena,2.64000010490418,4.62181806564331,4,6,0.58695650100708,0.833333313465118,1,1,1.03999996185303,2013,10,59,24,24,24.9599990844727,0,35.365894317627,2013-10-01,45.4236221313477,24.0540599822998,28.0946769714356
23180040,Pluviométrica,Convencional,Santander,Sabana De Torres,7.4528,-73.4828,110,9/15/1972,,Andes,Magdalena Cauca,Medio Magdalena,Río Lebrija y otros directos al Magdalena,2.64000010490418,4.62181806564331,4,6,0.58695650100708,0.833333313465118,1,1,1.03999996185303,2013,10,60,82,82,85.2799968719483,0,101.32625579834,2013-10-01,138.290420532227,75.6799392700195,89.1897048950195
23180040,Pluviométrica,Convencional,Santander,Sabana De Torres,7.4528,-73.4828,110,9/15/1972,,Andes,Magdalena Cauca,Medio Magdalena,Río Lebrija y otros directos al Magdalena,2.64000010490418,4.62181806564331,4,6,0.58695650100708,0.833333313465118,1,1,1.03999996185303,2013,11,61,59,59,61.3599977493286,0,25.8559112548828,2013-11-01,25.7467384338379,43.5869979858398,55.5114250183106
23180040,Pluviométrica,Convencional,Santander,Sabana De Torres,7.4528,-73.4828,110,9/15/1972,,Andes,Magdalena Cauca,Medio Magdalena,Río Lebrija y otros directos al Magdalena,2.64000010490418,4.62181806564331,4,6,0.58695650100708,0.833333313465118,1,1,1.03999996185303,2013,11,62,42,42,43.6799983978271,0,43.2994499206543,2013-11-01,38.4953460693359,40.0110282897949,33.0707244873047
23180040,Pluviométrica,Convencional,Santander,Sabana De Torres,7.4528,-73.4828,110,9/15/1972,,Andes,Magdalena Cauca,Medio Magdalena,Río Lebrija y otros directos al Magdalena,2.64000010490418,4.62181806564331,4,6,0.58695650100708,0.833333313465118,1,1,1.03999996185303,2013,11,63,0,0,0,0,24.123291015625,2013-11-01,14.6822443008423,8.35040092468262,6.08676433563232
23180040,Pluviométrica,Convencional,Santander,Sabana De Torres,7.4528,-73.4828,110,9/15/1972,,Andes,Magdalena Cauca,Medio Magdalena,Río Lebrija y otros directos al Magdalena,2.64000010490418,4.62181806564331,4,6,0.58695650100708,0.833333313465118,1,1,1.03999996185303,2013,11,64,10,10,10.3999996185303,0,40.0195426940918,2013-11-01,37.1354103088379,51.2156219482422,61.8478202819824
23180040,Pluviométrica,Convencional,Santander,Sabana De Torres,7.4528,-73.4828,110,9/15/1972,,Andes,Magdalena Cauca,Medio Magdalena,Río Lebrija y otros directos al Magdalena,2.64000010490418,4.62181806564331,4,6,0.58695650100708,0.833333313465118,1,1,1.03999996185303,2013,11,65,18,18,18.7199993133545,0,92.6524353027344,2013-11-01,91.8511581420898,72.1402893066406,78.7870941162109
23180040,Pluviométrica,Convencional,Santander,Sabana De Torres,7.4528,-73.4828,110,9/15/1972,,Andes,Magdalena Cauca,Medio Magdalena,Río Lebrija y otros directos al Magdalena,2.64000010490418,4.62181806564331,4,6,0.58695650100708,0.833333313465118,1,1,1.03999996185303,2013,11,66,101,101,105.039996147156,0,34.4109573364258,2013-11-01,36.0853080749512,65.4260177612305,80.8951110839844
23180040,Pluviométrica,Convencional,Santander,Sabana De Torres,7.4528,-73.4828,110,9/15/1972,,Andes,Magdalena Cauca,Medio Magdalena,Río Lebrija y otros directos al Magdalena,2.64000010490418,4.62181806564331,4,6,0.58695650100708,0.833333313465118,1,1,1.05999994277954,2013,12,67,46,46,48.7599973678589,0,22.9072856903076,2013-12-01,32.7170257568359,40.0926055908203,44.7068023681641
23180040,Pluviométrica,Convencional,Santander,Sabana De Torres,7.4528,-73.4828,110,9/15/1972,,Andes,Magdalena Cauca,Medio Magdalena,Río Lebrija y otros directos al Magdalena,2.64000010490418,4.62181806564331,4,6,0.58695650100708,0.833333313465118,1,1,1.05999994277954,2013,12,68,104,104,110.239994049072,0,6.45739221572876,2013-12-01,10.4959993362427,12.5271997451782,25.235258102417
23180040,Pluviométrica,Convencional,Santander,Sabana De Torres,7.4528,-73.4828,110,9/15/1972,,Andes,Magdalena Cauca,Medio Magdalena,Río Lebrija y otros directos al Magdalena,2.64000010490418,4.62181806564331,4,6,0.58695650100708,0.833333313465118,1,1,1.05999994277954,2013,12,69,9,9,9.53999948501587,0,7.87187051773071,2013-12-01,9.0608024597168,5.31715393066406,4.09539699554443
23180040,Pluviométrica,Convencional,Santander,Sabana De Torres,7.4528,-73.4828,110,9/15/1972,,Andes,Magdalena Cauca,Medio Magdalena,Río Lebrija y otros directos al Magdalena,2.64000010490418,4.62181806564331,4,6,0.58695650100708,0.833333313465118,1,1,1.05999994277954,2013,12,70,7,7,7.41999959945679,0,24.3826885223389,2013-12-01,49.6897163391113,13.5212678909302,16.6593856811523
23180040,Pluviométrica,Convencional,Santander,Sabana De Torres,7.4528,-73.4828,110,9/15/1972,,Andes,Magdalena Cauca,Medio Magdalena,Río Lebrija y otros directos al Magdalena,2.64000010490418,4.62181806564331,4,6,0.58695650100708,0.833333313465118,1,1,1.05999994277954,2013,12,71,0,0,0,0,2.43609690666199,2013-12-01,2.41898226737976,2.13244438171387,2.07363653182983
23180040,Pluviométrica,Convencional,Santander,Sabana De Torres,7.4528,-73.4828,110,9/15/1972,,Andes,Magdalena Cauca,Medio Magdalena,Río Lebrija y otros directos al Magdalena,2.64000010490418,4.62181806564331,4,6,0.58695650100708,0.833333313465118,1,1,1.05999994277954,2013,12,72,0,0,0,0,3.40765714645386,2013-12-01,1.10022401809692,2.32549691200256,0.89588874578476
23180040,Pluviométrica,Convencional,Santander,Sabana De Torres,7.4528,-73.4828,110,9/15/1972,,Andes,Magdalena Cauca,Medio Magdalena,Río Lebrija y otros directos al Magdalena,2.64000010490418,4.62181806564331,4,6,0.58695650100708,0.833333313465118,1,1,1.07000005245209,2014,01,1,0,0,0,0,5.2315878868103,2014-01-01,3.16677141189575,2.91617870330811,3.02337241172791
23180040,Pluviométrica,Convencional,Santander,Sabana De Torres,7.4528,-73.4828,110,9/15/1972,,Andes,Magdalena Cauca,Medio Magdalena,Río Lebrija y otros directos al Magdalena,2.64000010490418,4.62181806564331,4,6,0.58695650100708,0.833333313465118,1,1,1.07000005245209,2014,01,2,31,31,33.1700016260147,0,12.9407196044922,2014-01-01,18.0325489044189,16.7750911712647,19.8300380706787
23180040,Pluviométrica,Convencional,Santander,Sabana De Torres,7.4528,-73.4828,110,9/15/1972,,Andes,Magdalena Cauca,Medio Magdalena,Río Lebrija y otros directos al Magdalena,2.64000010490418,4.62181806564331,4,6,0.58695650100708,0.833333313465118,1,1,1.07000005245209,2014,01,3,0,0,0,0,4.60236597061157,2014-01-01,0,2.637855052948,0
23180040,Pluviométrica,Convencional,Santander,Sabana De Torres,7.4528,-73.4828,110,9/15/1972,,Andes,Magdalena Cauca,Medio Magdalena,Río Lebrija y otros directos al Magdalena,2.64000010490418,4.62181806564331,4,6,0.58695650100708,0.833333313465118,1,1,1.07000005245209,2014,01,4,22,22,23.5400011539459,0,5.35533142089844,2014-01-01,0,7.42542600631714,0
23180040,Pluviométrica,Convencional,Santander,Sabana De Torres,7.4528,-73.4828,110,9/15/1972,,Andes,Magdalena Cauca,Medio Magdalena,Río Lebrija y otros directos al Magdalena,2.64000010490418,4.62181806564331,4,6,0.58695650100708,0.833333313465118,1,1,1.07000005245209,2014,01,5,0,0,0,0,7.3166766166687,2014-01-01,11.2272729873657,8.92234134674072,17.5429916381836
23180040,Pluviométrica,Convencional,Santander,Sabana De Torres,7.4528,-73.4828,110,9/15/1972,,Andes,Magdalena Cauca,Medio Magdalena,Río Lebrija y otros directos al Magdalena,2.64000010490418,4.62181806564331,4,6,0.58695650100708,0.833333313465118,1,1,1.07000005245209,2014,01,6,0,0,0,0,7.70597505569458,2014-01-01,3.23624539375305,5.64531135559082,5.3725061416626
23180040,Pluviométrica,Convencional,Santander,Sabana De Torres,7.4528,-73.4828,110,9/15/1972,,Andes,Magdalena Cauca,Medio Magdalena,Río Lebrija y otros directos al Magdalena,2.64000010490418,4.62181806564331,4,6,0.58695650100708,0.833333313465118,1,1,1.05999994277954,2014,02,7,4,4,4.23999977111816,0,5.0914454460144,2014-02-01,1.93265759944916,6.34856128692627,1.85479378700256
23180040,Pluviométrica,Convencional,Santander,Sabana De Torres,7.4528,-73.4828,110,9/15/1972,,Andes,Magdalena Cauca,Medio Magdalena,Río Lebrija y otros directos al Magdalena,2.64000010490418,4.62181806564331,4,6,0.58695650100708,0.833333313465118,1,1,1.05999994277954,2014,02,8,0,0,0,0,7.14005279541016,2014-02-01,6.99623012542725,8.51698112487793,4.78056955337524
23180040,Pluviométrica,Convencional,Santander,Sabana De Torres,7.4528,-73.4828,110,9/15/1972,,Andes,Magdalena Cauca,Medio Magdalena,Río Lebrija y otros directos al Magdalena,2.64000010490418,4.62181806564331,4,6,0.58695650100708,0.833333313465118,1,1,1.05999994277954,2014,02,9,34,34,36.0399980545044,0,23.5157794952393,2014-02-01,45.0866928100586,42.1037406921387,28.9478950500488
23180040,Pluviométrica,Convencional,Santander,Sabana De Torres,7.4528,-73.4828,110,9/15/1972,,Andes,Magdalena Cauca,Medio Magdalena,Río Lebrija y otros directos al Magdalena,2.64000010490418,4.62181806564331,4,6,0.58695650100708,0.833333313465118,1,1,1.05999994277954,2014,02,10,0,0,0,0,9.33711719512939,2014-02-01,12.0732307434082,9.20004367828369,6.26727485656738
23180040,Pluviométrica,Convencional,Santander,Sabana De Torres,7.4528,-73.4828,110,9/15/1972,,Andes,Magdalena Cauca,Medio Magdalena,Río Lebrija y otros directos al Magdalena,2.64000010490418,4.62181806564331,4,6,0.58695650100708,0.833333313465118,1,1,1.05999994277954,2014,02,11,3,3,3.17999982833862,0,4.45711803436279,2014-02-01,0.974738776683807,6.74327373504639,0.971442878246307
23180040,Pluviométrica,Convencional,Santander,Sabana De Torres,7.4528,-73.4828,110,9/15/1972,,Andes,Magdalena Cauca,Medio Magdalena,Río Lebrija y otros directos al Magdalena,2.64000010490418,4.62181806564331,4,6,0.58695650100708,0.833333313465118,1,1,1.05999994277954,2014,02,12,132,132,139.919992446899,0,20.2131786346436,2014-02-01,49.9024963378906,63.960090637207,128.886154174805
23180040,Pluviométrica,Convencional,Santander,Sabana De Torres,7.4528,-73.4828,110,9/15/1972,,Andes,Magdalena Cauca,Medio Magdalena,Río Lebrija y otros directos al Magdalena,2.64000010490418,4.62181806564331,4,6,0.58695650100708,0.833333313465118,1,1,1.05999994277954,2014,03,13,37,37,39.219997882843,0,18.961763381958,2014-03-01,41.0173263549805,28.6995182037354,34.296688079834
23180040,Pluviométrica,Convencional,Santander,Sabana De Torres,7.4528,-73.4828,110,9/15/1972,,Andes,Magdalena Cauca,Medio Magdalena,Río Lebrija y otros directos al Magdalena,2.64000010490418,4.62181806564331,4,6,0.58695650100708,0.833333313465118,1,1,1.05999994277954,2014,03,14,27,27,28.6199984550476,0,27.3970851898193,2014-03-01,57.3298759460449,46.6033439636231,55.4824600219727
23180040,Pluviométrica,Convencional,Santander,Sabana De Torres,7.4528,-73.4828,110,9/15/1972,,Andes,Magdalena Cauca,Medio Magdalena,Río Lebrija y otros directos al Magdalena,2.64000010490418,4.62181806564331,4,6,0.58695650100708,0.833333313465118,1,1,1.05999994277954,2014,03,15,5,5,5.29999971389771,0,13.6519374847412,2014-03-01,15.96604347229,19.9546909332275,27.7019290924072
23180040,Pluviométrica,Convencional,Santander,Sabana De Torres,7.4528,-73.4828,110,9/15/1972,,Andes,Magdalena Cauca,Medio Magdalena,Río Lebrija y otros directos al Magdalena,2.64000010490418,4.62181806564331,4,6,0.58695650100708,0.833333313465118,1,1,1.05999994277954,2014,03,16,0,0,0,0,5.70080852508545,2014-03-01,0,6.41839361190796,0
23180040,Pluviométrica,Convencional,Santander,Sabana De Torres,7.4528,-73.4828,110,9/15/1972,,Andes,Magdalena Cauca,Medio Magdalena,Río Lebrija y otros directos al Magdalena,2.64000010490418,4.62181806564331,4,6,0.58695650100708,0.833333313465118,1,1,1.05999994277954,2014,03,17,57,57,60.4199967384338,0,22.0328311920166,2014-03-01,45.0844497680664,42.1072883605957,83.8621673583984
23180040,Pluviométrica,Convencional,Santander,Sabana De Torres,7.4528,-73.4828,110,9/15/1972,,Andes,Magdalena Cauca,Medio Magdalena,Río Lebrija y otros directos al Magdalena,2.64000010490418,4.62181806564331,4,6,0.58695650100708,0.833333313465118,1,1,1.05999994277954,2014,03,18,61,61,64.659996509552,0,24.6599521636963,2014-03-01,26.8838996887207,21.7016334533691,17.6809635162354
23180040,Pluviométrica,Convencional,Santander,Sabana De Torres,7.4528,-73.4828,110,9/15/1972,,Andes,Magdalena Cauca,Medio Magdalena,Río Lebrija y otros directos al Magdalena,2.64000010490418,4.62181806564331,4,6,0.58695650100708,0.833333313465118,1,1,1.04999995231628,2014,04,19,0,0,0,0,23.5194969177246,2014-04-01,27.9345798492432,8.52187442779541,9.57960414886475
23180040,Pluviométrica,Convencional,Santander,Sabana De Torres,7.4528,-73.4828,110,9/15/1972,,Andes,Magdalena Cauca,Medio Magdalena,Río Lebrija y otros directos al Magdalena,2.64000010490418,4.62181806564331,4,6,0.58695650100708,0.833333313465118,1,1,1.04999995231628,2014,04,20,35,35,36.7499983310699,0,27.9257907867432,2014-04-01,33.9045639038086,27.9665355682373,30.2907295227051
23180040,Pluviométrica,Convencional,Santander,Sabana De Torres,7.4528,-73.4828,110,9/15/1972,,Andes,Magdalena Cauca,Medio Magdalena,Río Lebrija y otros directos al Magdalena,2.64000010490418,4.62181806564331,4,6,0.58695650100708,0.833333313465118,1,1,1.04999995231628,2014,04,21,0,0,0,0,36.9138412475586,2014-04-01,40.6138496398926,13.964940071106,14.9942855834961
23180040,Pluviométrica,Convencional,Santander,Sabana De Torres,7.4528,-73.4828,110,9/15/1972,,Andes,Magdalena Cauca,Medio Magdalena,Río Lebrija y otros directos al Magdalena,2.64000010490418,4.62181806564331,4,6,0.58695650100708,0.833333313465118,1,1,1.04999995231628,2014,04,22,38,38,39.8999981880188,0,45.5655899047852,2014-04-01,58.2496566772461,39.2556037902832,44.1429405212402
23180040,Pluviométrica,Convencional,Santander,Sabana De Torres,7.4528,-73.4828,110,9/15/1972,,Andes,Magdalena Cauca,Medio Magdalena,Río Lebrija y otros directos al Magdalena,2.64000010490418,4.62181806564331,4,6,0.58695650100708,0.833333313465118,1,1,1.04999995231628,2014,04,23,73,73,76.6499965190888,0,60.6190185546875,2014-04-01,72.0250854492188,76.4773712158203,81.119270324707
23180040,Pluviométrica,Convencional,Santander,Sabana De Torres,7.4528,-73.4828,110,9/15/1972,,Andes,Magdalena Cauca,Medio Magdalena,Río Lebrija y otros directos al Magdalena,2.64000010490418,4.62181806564331,4,6,0.58695650100708,0.833333313465118,1,1,1.04999995231628,2014,04,24,47,47,49.3499977588654,0,25.7624568939209,2014-04-01,28.5012512207031,22.9405345916748,26.3498115539551
23180040,Pluviométrica,Convencional,Santander,Sabana De Torres,7.4528,-73.4828,110,9/15/1972,,Andes,Magdalena Cauca,Medio Magdalena,Río Lebrija y otros directos al Magdalena,2.64000010490418,4.62181806564331,4,6,0.58695650100708,0.833333313465118,1,1,1.03999996185303,2014,05,25,19,19,19.7599992752075,0,36.7725410461426,2014-05-01,46.6794357299805,54.0882606506348,61.7552719116211
23180040,Pluviométrica,Convencional,Santander,Sabana De Torres,7.4528,-73.4828,110,9/15/1972,,Andes,Magdalena Cauca,Medio Magdalena,Río Lebrija y otros directos al Magdalena,2.64000010490418,4.62181806564331,4,6,0.58695650100708,0.833333313465118,1,1,1.03999996185303,2014,05,26,64,64,66.5599975585938,0,48.3424491882324,2014-05-01,69.1897735595703,71.2835159301758,79.2352905273438
23180040,Pluviométrica,Convencional,Santander,Sabana De Torres,7.4528,-73.4828,110,9/15/1972,,Andes,Magdalena Cauca,Medio Magdalena,Río Lebrija y otros directos al Magdalena,2.64000010490418,4.62181806564331,4,6,0.58695650100708,0.833333313465118,1,1,1.03999996185303,2014,05,27,19,19,19.7599992752075,0,28.7868347167969,2014-05-01,28.3514308929443,20.1299457550049,17.0652084350586
23180040,Pluviométrica,Convencional,Santander,Sabana De Torres,7.4528,-73.4828,110,9/15/1972,,Andes,Magdalena Cauca,Medio Magdalena,Río Lebrija y otros directos al Magdalena,2.64000010490418,4.62181806564331,4,6,0.58695650100708,0.833333313465118,1,1,1.03999996185303,2014,05,28,48,48,49.9199981689453,0,48.5644836425781,2014-05-01,66.9122772216797,29.3268508911133,28.6933078765869
23180040,Pluviométrica,Convencional,Santander,Sabana De Torres,7.4528,-73.4828,110,9/15/1972,,Andes,Magdalena Cauca,Medio Magdalena,Río Lebrija y otros directos al Magdalena,2.64000010490418,4.62181806564331,4,6,0.58695650100708,0.833333313465118,1,1,1.03999996185303,2014,05,29,32,32,33.2799987792969,0,35.4265899658203,2014-05-01,42.0243873596191,59.8832550048828,72.437744140625
23180040,Pluviométrica,Convencional,Santander,Sabana De Torres,7.4528,-73.4828,110,9/15/1972,,Andes,Magdalena Cauca,Medio Magdalena,Río Lebrija y otros directos al Magdalena,2.64000010490418,4.62181806564331,4,6,0.58695650100708,0.833333313465118,1,1,1.03999996185303,2014,05,30,5,5,5.19999980926514,0,61.3264083862305,2014-05-01,63.0271530151367,39.1505088806152,41.6452522277832
23180040,Pluviométrica,Convencional,Santander,Sabana De Torres,7.4528,-73.4828,110,9/15/1972,,Andes,Magdalena Cauca,Medio Magdalena,Río Lebrija y otros directos al Magdalena,2.64000010490418,4.62181806564331,4,6,0.58695650100708,0.833333313465118,1,1,1.04999995231628,2014,06,31,67,67,70.349996805191,0,22.7631950378418,2014-06-01,37.4684448242188,47.887825012207,57.028938293457
23180040,Pluviométrica,Convencional,Santander,Sabana De Torres,7.4528,-73.4828,110,9/15/1972,,Andes,Magdalena Cauca,Medio Magdalena,Río Lebrija y otros directos al Magdalena,2.64000010490418,4.62181806564331,4,6,0.58695650100708,0.833333313465118,1,1,1.04999995231628,2014,06,32,0,0,0,0,26.2792224884033,2014-06-01,41.9227714538574,24.2454929351807,29.4878044128418
23180040,Pluviométrica,Convencional,Santander,Sabana De Torres,7.4528,-73.4828,110,9/15/1972,,Andes,Magdalena Cauca,Medio Magdalena,Río Lebrija y otros directos al Magdalena,2.64000010490418,4.62181806564331,4,6,0.58695650100708,0.833333313465118,1,1,1.04999995231628,2014,06,33,12,12,12.5999994277954,0,24.5851268768311,2014-06-01,40.6877555847168,18.9549980163574,25.6005096435547
23180040,Pluviométrica,Convencional,Santander,Sabana De Torres,7.4528,-73.4828,110,9/15/1972,,Andes,Magdalena Cauca,Medio Magdalena,Río Lebrija y otros directos al Magdalena,2.64000010490418,4.62181806564331,4,6,0.58695650100708,0.833333313465118,1,1,1.04999995231628,2014,06,34,0,0,0,0,14.1097440719604,2014-06-01,14.5852870941162,8.40640258789063,8.546555519104
23180040,Pluviométrica,Convencional,Santander,Sabana De Torres,7.4528,-73.4828,110,9/15/1972,,Andes,Magdalena Cauca,Medio Magdalena,Río Lebrija y otros directos al Magdalena,2.64000010490418,4.62181806564331,4,6,0.58695650100708,0.833333313465118,1,1,1.04999995231628,2014,06,35,19,19,19.9499990940094,0,20.600305557251,2014-06-01,28.8399066925049,17.046947479248,20.1060848236084
23180040,Pluviométrica,Convencional,Santander,Sabana De Torres,7.4528,-73.4828,110,9/15/1972,,Andes,Magdalena Cauca,Medio Magdalena,Río Lebrija y otros directos al Magdalena,2.64000010490418,4.62181806564331,4,6,0.58695650100708,0.833333313465118,1,1,1.04999995231628,2014,06,36,105,105,110.24999499321,0,14.2644500732422,2014-06-01,10.0358905792236,22.2392959594727,22.2440490722656
23180040,Pluviométrica,Convencional,Santander,Sabana De Torres,7.4528,-73.4828,110,9/15/1972,,Andes,Magdalena Cauca,Medio Magdalena,Río Lebrija y otros directos al Magdalena,2.64000010490418,4.62181806564331,4,6,0.58695650100708,0.833333313465118,1,1,1.04999995231628,2014,07,37,30,30,31.4999985694885,0,38.8757934570313,2014-07-01,53.628044128418,29.6285705566406,34.1610641479492
23180040,Pluviométrica,Convencional,Santander,Sabana De Torres,7.4528,-73.4828,110,9/15/1972,,Andes,Magdalena Cauca,Medio Magdalena,Río Lebrija y otros directos al Magdalena,2.64000010490418,4.62181806564331,4,6,0.58695650100708,0.833333313465118,1,1,1.04999995231628,2014,07,38,22,22,23.0999989509583,0,19.3804759979248,2014-07-01,10.8585863113403,8.19868183135986,6.52203178405762
23180040,Pluviométrica,Convencional,Santander,Sabana De Torres,7.4528,-73.4828,110,9/15/1972,,Andes,Magdalena Cauca,Medio Magdalena,Río Lebrija y otros directos al Magdalena,2.64000010490418,4.62181806564331,4,6,0.58695650100708,0.833333313465118,1,1,1.04999995231628,2014,07,39,0,0,0,0,41.8429183959961,2014-07-01,43.2841453552246,20.7842350006104,19.5595932006836
23180040,Pluviométrica,Convencional,Santander,Sabana De Torres,7.4528,-73.4828,110,9/15/1972,,Andes,Magdalena Cauca,Medio Magdalena,Río Lebrija y otros directos al Magdalena,2.64000010490418,4.62181806564331,4,6,0.58695650100708,0.833333313465118,1,1,1.04999995231628,2014,07,40,0,0,0,0,34.548641204834,2014-07-01,30.6440830230713,12.2818269729614,11.7435865402222
23180040,Pluviométrica,Convencional,Santander,Sabana De Torres,7.4528,-73.4828,110,9/15/1972,,Andes,Magdalena Cauca,Medio Magdalena,Río Lebrija y otros directos al Magdalena,2.64000010490418,4.62181806564331,4,6,0.58695650100708,0.833333313465118,1,1,1.04999995231628,2014,07,41,0,0,0,0,26.9716091156006,2014-07-01,20.6592140197754,9.87631893157959,7.7757363319397
23180040,Pluviométrica,Convencional,Santander,Sabana De Torres,7.4528,-73.4828,110,9/15/1972,,Andes,Magdalena Cauca,Medio Magdalena,Río Lebrija y otros directos al Magdalena,2.64000010490418,4.62181806564331,4,6,0.58695650100708,0.833333313465118,1,1,1.04999995231628,2014,07,42,12,12,12.5999994277954,0,43.9253959655762,2014-07-01,38.0402221679688,16.859561920166,16.3358554840088
23180040,Pluviométrica,Convencional,Santander,Sabana De Torres,7.4528,-73.4828,110,9/15/1972,,Andes,Magdalena Cauca,Medio Magdalena,Río Lebrija y otros directos al Magdalena,2.64000010490418,4.62181806564331,4,6,0.58695650100708,0.833333313465118,1,1,1.04999995231628,2014,08,43,0,0,0,0,55.5298271179199,2014-08-01,68.0012359619141,32.2491760253906,38.552303314209
23180040,Pluviométrica,Convencional,Santander,Sabana De Torres,7.4528,-73.4828,110,9/15/1972,,Andes,Magdalena Cauca,Medio Magdalena,Río Lebrija y otros directos al Magdalena,2.64000010490418,4.62181806564331,4,6,0.58695650100708,0.833333313465118,1,1,1.04999995231628,2014,08,44,0,0,0,0,26.6978569030762,2014-08-01,15.6840906143188,20.4297027587891,14.4619646072388
23180040,Pluviométrica,Convencional,Santander,Sabana De Torres,7.4528,-73.4828,110,9/15/1972,,Andes,Magdalena Cauca,Medio Magdalena,Río Lebrija y otros directos al Magdalena,2.64000010490418,4.62181806564331,4,6,0.58695650100708,0.833333313465118,1,1,1.04999995231628,2014,08,45,39,39,40.9499981403351,0,50.4083786010742,2014-08-01,60.4346237182617,38.0103607177734,47.5269317626953
23180040,Pluviométrica,Convencional,Santander,Sabana De Torres,7.4528,-73.4828,110,9/15/1972,,Andes,Magdalena Cauca,Medio Magdalena,Río Lebrija y otros directos al Magdalena,2.64000010490418,4.62181806564331,4,6,0.58695650100708,0.833333313465118,1,1,1.04999995231628,2014,08,46,78,78,81.8999962806702,0,50.1274375915527,2014-08-01,64.0432815551758,63.0762100219727,72.6437911987305
23180040,Pluviométrica,Convencional,Santander,Sabana De Torres,7.4528,-73.4828,110,9/15/1972,,Andes,Magdalena Cauca,Medio Magdalena,Río Lebrija y otros directos al Magdalena,2.64000010490418,4.62181806564331,4,6,0.58695650100708,0.833333313465118,1,1,1.04999995231628,2014,08,47,52,52,54.5999975204468,0,48.4186592102051,2014-08-01,63.039680480957,53.4158058166504,57.3489799499512
23180040,Pluviométrica,Convencional,Santander,Sabana De Torres,7.4528,-73.4828,110,9/15/1972,,Andes,Magdalena Cauca,Medio Magdalena,Río Lebrija y otros directos al Magdalena,2.64000010490418,4.62181806564331,4,6,0.58695650100708,0.833333313465118,1,1,1.04999995231628,2014,08,48,52,52,54.5999975204468,0,34.5094871520996,2014-08-01,28.8497505187988,37.9519805908203,40.2521667480469
23180040,Pluviométrica,Convencional,Santander,Sabana De Torres,7.4528,-73.4828,110,9/15/1972,,Andes,Magdalena Cauca,Medio Magdalena,Río Lebrija y otros directos al Magdalena,2.64000010490418,4.62181806564331,4,6,0.58695650100708,0.833333313465118,1,1,1.04999995231628,2014,09,49,37,37,38.8499982357025,0,27.7887783050537,2014-09-01,37.9243621826172,31.3425064086914,33.2396659851074
23180040,Pluviométrica,Convencional,Santander,Sabana De Torres,7.4528,-73.4828,110,9/15/1972,,Andes,Magdalena Cauca,Medio Magdalena,Río Lebrija y otros directos al Magdalena,2.64000010490418,4.62181806564331,4,6,0.58695650100708,0.833333313465118,1,1,1.04999995231628,2014,09,50,30,30,31.4999985694885,0,39.9512100219727,2014-09-01,72.4469680786133,24.6366901397705,32.7355804443359
23180040,Pluviométrica,Convencional,Santander,Sabana De Torres,7.4528,-73.4828,110,9/15/1972,,Andes,Magdalena Cauca,Medio Magdalena,Río Lebrija y otros directos al Magdalena,2.64000010490418,4.62181806564331,4,6,0.58695650100708,0.833333313465118,1,1,1.04999995231628,2014,09,51,256,256,268.799987792969,0,48.8567237854004,2014-09-01,98.4789810180664,62.8444213867188,87.6115264892578
23180040,Pluviométrica,Convencional,Santander,Sabana De Torres,7.4528,-73.4828,110,9/15/1972,,Andes,Magdalena Cauca,Medio Magdalena,Río Lebrija y otros directos al Magdalena,2.64000010490418,4.62181806564331,4,6,0.58695650100708,0.833333313465118,1,1,1.04999995231628,2014,09,52,178,178,186.899991512299,0,28.3146820068359,2014-09-01,49.1315765380859,68.7941970825195,103.823135375977
23180040,Pluviométrica,Convencional,Santander,Sabana De Torres,7.4528,-73.4828,110,9/15/1972,,Andes,Magdalena Cauca,Medio Magdalena,Río Lebrija y otros directos al Magdalena,2.64000010490418,4.62181806564331,4,6,0.58695650100708,0.833333313465118,1,1,1.04999995231628,2014,09,53,34,34,35.6999983787537,0,35.8578910827637,2014-09-01,73.4775695800781,45.7266387939453,49.9090957641602
23180040,Pluviométrica,Convencional,Santander,Sabana De Torres,7.4528,-73.4828,110,9/15/1972,,Andes,Magdalena Cauca,Medio Magdalena,Río Lebrija y otros directos al Magdalena,2.64000010490418,4.62181806564331,4,6,0.58695650100708,0.833333313465118,1,1,1.04999995231628,2014,09,54,0,0,0,0,19.3660717010498,2014-09-01,23.3264007568359,7.21460390090942,8.15493297576904
23180040,Pluviométrica,Convencional,Santander,Sabana De Torres,7.4528,-73.4828,110,9/15/1972,,Andes,Magdalena Cauca,Medio Magdalena,Río Lebrija y otros directos al Magdalena,2.64000010490418,4.62181806564331,4,6,0.58695650100708,0.833333313465118,1,1,1.03999996185303,2014,10,55,15,15,15.5999994277954,0,34.3200416564941,2014-10-01,36.7152671813965,44.2746276855469,53.4110946655274
23180040,Pluviométrica,Convencional,Santander,Sabana De Torres,7.4528,-73.4828,110,9/15/1972,,Andes,Magdalena Cauca,Medio Magdalena,Río Lebrija y otros directos al Magdalena,2.64000010490418,4.62181806564331,4,6,0.58695650100708,0.833333313465118,1,1,1.03999996185303,2014,10,56,22,22,22.8799991607666,0,72.7755584716797,2014-10-01,105.061912536621,78.5893402099609,96.8112411499023
23180040,Pluviométrica,Convencional,Santander,Sabana De Torres,7.4528,-73.4828,110,9/15/1972,,Andes,Magdalena Cauca,Medio Magdalena,Río Lebrija y otros directos al Magdalena,2.64000010490418,4.62181806564331,4,6,0.58695650100708,0.833333313465118,1,1,1.03999996185303,2014,10,57,18,18,18.7199993133545,0,60.9432029724121,2014-10-01,84.0813674926758,43.3306198120117,48.1211967468262
23180040,Pluviométrica,Convencional,Santander,Sabana De Torres,7.4528,-73.4828,110,9/15/1972,,Andes,Magdalena Cauca,Medio Magdalena,Río Lebrija y otros directos al Magdalena,2.64000010490418,4.62181806564331,4,6,0.58695650100708,0.833333313465118,1,1,1.03999996185303,2014,10,58,99,99,102.95999622345,0,66.9058151245117,2014-10-01,91.9208221435547,76.8415222167969,82.8942565917969
23180040,Pluviométrica,Convencional,Santander,Sabana De Torres,7.4528,-73.4828,110,9/15/1972,,Andes,Magdalena Cauca,Medio Magdalena,Río Lebrija y otros directos al Magdalena,2.64000010490418,4.62181806564331,4,6,0.58695650100708,0.833333313465118,1,1,1.03999996185303,2014,10,59,94,94,97.7599964141846,0,37.4184989929199,2014-10-01,41.5441665649414,65.9784774780274,69.5213623046875
23180040,Pluviométrica,Convencional,Santander,Sabana De Torres,7.4528,-73.4828,110,9/15/1972,,Andes,Magdalena Cauca,Medio Magdalena,Río Lebrija y otros directos al Magdalena,2.64000010490418,4.62181806564331,4,6,0.58695650100708,0.833333313465118,1,1,1.03999996185303,2014,10,60,42,42,43.6799983978271,0,75.1285247802734,2014-10-01,85.3894729614258,79.0057678222656,89.1871032714844
23180040,Pluviométrica,Convencional,Santander,Sabana De Torres,7.4528,-73.4828,110,9/15/1972,,Andes,Magdalena Cauca,Medio Magdalena,Río Lebrija y otros directos al Magdalena,2.64000010490418,4.62181806564331,4,6,0.58695650100708,0.833333313465118,1,1,1.03999996185303,2014,11,61,15,15,15.5999994277954,0,56.5145225524902,2014-11-01,57.447868347168,49.7847633361817,58.5710868835449
23180040,Pluviométrica,Convencional,Santander,Sabana De Torres,7.4528,-73.4828,110,9/15/1972,,Andes,Magdalena Cauca,Medio Magdalena,Río Lebrija y otros directos al Magdalena,2.64000010490418,4.62181806564331,4,6,0.58695650100708,0.833333313465118,1,1,1.03999996185303,2014,11,62,111,111,115.439995765686,0,44.9017295837402,2014-11-01,42.5009613037109,72.0967178344727,71.9841613769531
23180040,Pluviométrica,Convencional,Santander,Sabana De Torres,7.4528,-73.4828,110,9/15/1972,,Andes,Magdalena Cauca,Medio Magdalena,Río Lebrija y otros directos al Magdalena,2.64000010490418,4.62181806564331,4,6,0.58695650100708,0.833333313465118,1,1,1.03999996185303,2014,11,63,38,38,39.519998550415,0,36.968807220459,2014-11-01,36.6257553100586,81.2872314453125,79.5233535766602
23180040,Pluviométrica,Convencional,Santander,Sabana De Torres,7.4528,-73.4828,110,9/15/1972,,Andes,Magdalena Cauca,Medio Magdalena,Río Lebrija y otros directos al Magdalena,2.64000010490418,4.62181806564331,4,6,0.58695650100708,0.833333313465118,1,1,1.03999996185303,2014,11,64,48,48,49.9199981689453,0,41.8178176879883,2014-11-01,37.2896728515625,38.8691940307617,54.0442276000977
23180040,Pluviométrica,Convencional,Santander,Sabana De Torres,7.4528,-73.4828,110,9/15/1972,,Andes,Magdalena Cauca,Medio Magdalena,Río Lebrija y otros directos al Magdalena,2.64000010490418,4.62181806564331,4,6,0.58695650100708,0.833333313465118,1,1,1.03999996185303,2014,11,65,21,21,21.8399991989136,0,19.884801864624,2014-11-01,14.8262205123901,20.6336402893066,26.0746250152588
23180040,Pluviométrica,Convencional,Santander,Sabana De Torres,7.4528,-73.4828,110,9/15/1972,,Andes,Magdalena Cauca,Medio Magdalena,Río Lebrija y otros directos al Magdalena,2.64000010490418,4.62181806564331,4,6,0.58695650100708,0.833333313465118,1,1,1.03999996185303,2014,11,66,135,135,140.399994850159,0,40.6607818603516,2014-11-01,47.6402740478516,57.866325378418,85.037971496582
23180040,Pluviométrica,Convencional,Santander,Sabana De Torres,7.4528,-73.4828,110,9/15/1972,,Andes,Magdalena Cauca,Medio Magdalena,Río Lebrija y otros directos al Magdalena,2.64000010490418,4.62181806564331,4,6,0.58695650100708,0.833333313465118,1,1,1.05999994277954,2014,12,67,32,32,33.9199981689453,0,36.1913185119629,2014-12-01,53.2646408081055,27.8648986816406,34.2525863647461
23180040,Pluviométrica,Convencional,Santander,Sabana De Torres,7.4528,-73.4828,110,9/15/1972,,Andes,Magdalena Cauca,Medio Magdalena,Río Lebrija y otros directos al Magdalena,2.64000010490418,4.62181806564331,4,6,0.58695650100708,0.833333313465118,1,1,1.05999994277954,2014,12,68,0,0,0,0,25.9167461395264,2014-12-01,49.4883728027344,17.5026798248291,29.2215270996094
23180040,Pluviométrica,Convencional,Santander,Sabana De Torres,7.4528,-73.4828,110,9/15/1972,,Andes,Magdalena Cauca,Medio Magdalena,Río Lebrija y otros directos al Magdalena,2.64000010490418,4.62181806564331,4,6,0.58695650100708,0.833333313465118,1,1,1.05999994277954,2014,12,69,9,9,9.53999948501587,0,14.9788417816162,2014-12-01,31.1952114105225,8.05083847045898,13.6153450012207
23180040,Pluviométrica,Convencional,Santander,Sabana De Torres,7.4528,-73.4828,110,9/15/1972,,Andes,Magdalena Cauca,Medio Magdalena,Río Lebrija y otros directos al Magdalena,2.64000010490418,4.62181806564331,4,6,0.58695650100708,0.833333313465118,1,1,1.05999994277954,2014,12,70,0,0,0,0,2.33731389045715,2014-12-01,1.05541276931763,1.5673201084137,1.07888340950012
23180040,Pluviométrica,Convencional,Santander,Sabana De Torres,7.4528,-73.4828,110,9/15/1972,,Andes,Magdalena Cauca,Medio Magdalena,Río Lebrija y otros directos al Magdalena,2.64000010490418,4.62181806564331,4,6,0.58695650100708,0.833333313465118,1,1,1.05999994277954,2014,12,71,0,0,0,0,2.43609690666199,2014-12-01,2.41898226737976,1.37461972236633,1.55217325687408
23180040,Pluviométrica,Convencional,Santander,Sabana De Torres,7.4528,-73.4828,110,9/15/1972,,Andes,Magdalena Cauca,Medio Magdalena,Río Lebrija y otros directos al Magdalena,2.64000010490418,4.62181806564331,4,6,0.58695650100708,0.833333313465118,1,1,1.05999994277954,2014,12,72,0,0,0,0,3.40765714645386,2014-12-01,1.10022401809692,1.7169862985611,0.804677188396454
23180040,Pluviométrica,Convencional,Santander,Sabana De Torres,7.4528,-73.4828,110,9/15/1972,,Andes,Magdalena Cauca,Medio Magdalena,Río Lebrija y otros directos al Magdalena,2.64000010490418,4.62181806564331,4,6,0.58695650100708,0.833333313465118,1,1,1.07000005245209,2015,01,1,0,0,0,0,4.39933824539185,2015-01-01,1.33791744709015,3.06860089302063,1.00294268131256
23180040,Pluviométrica,Convencional,Santander,Sabana De Torres,7.4528,-73.4828,110,9/15/1972,,Andes,Magdalena Cauca,Medio Magdalena,Río Lebrija y otros directos al Magdalena,2.64000010490418,4.62181806564331,4,6,0.58695650100708,0.833333313465118,1,1,1.07000005245209,2015,01,2,0,0,0,0,4.47502946853638,2015-01-01,0.786850214004517,3.15169739723206,0.657825291156769
23180040,Pluviométrica,Convencional,Santander,Sabana De Torres,7.4528,-73.4828,110,9/15/1972,,Andes,Magdalena Cauca,Medio Magdalena,Río Lebrija y otros directos al Magdalena,2.64000010490418,4.62181806564331,4,6,0.58695650100708,0.833333313465118,1,1,1.07000005245209,2015,01,3,12,12,12.840000629425,0,4.60236597061157,2015-01-01,0,5.75845146179199,0
23180040,Pluviométrica,Convencional,Santander,Sabana De Torres,7.4528,-73.4828,110,9/15/1972,,Andes,Magdalena Cauca,Medio Magdalena,Río Lebrija y otros directos al Magdalena,2.64000010490418,4.62181806564331,4,6,0.58695650100708,0.833333313465118,1,1,1.07000005245209,2015,01,4,61,61,65.2700031995773,0,28.6583251953125,2015-01-01,54.2884788513184,41.4193992614746,52.2011260986328
23180040,Pluviométrica,Convencional,Santander,Sabana De Torres,7.4528,-73.4828,110,9/15/1972,,Andes,Magdalena Cauca,Medio Magdalena,Río Lebrija y otros directos al Magdalena,2.64000010490418,4.62181806564331,4,6,0.58695650100708,0.833333313465118,1,1,1.07000005245209,2015,01,5,41,41,43.8700021505356,0,21.5766696929932,2015-01-01,39.8539695739746,16.2393493652344,49.3729400634766
23180040,Pluviométrica,Convencional,Santander,Sabana De Torres,7.4528,-73.4828,110,9/15/1972,,Andes,Magdalena Cauca,Medio Magdalena,Río Lebrija y otros directos al Magdalena,2.64000010490418,4.62181806564331,4,6,0.58695650100708,0.833333313465118,1,1,1.07000005245209,2015,01,6,65,65,69.5500034093857,0,27.5758991241455,2015-01-01,40.5040397644043,21.0739440917969,46.9542846679688
23180040,Pluviométrica,Convencional,Santander,Sabana De Torres,7.4528,-73.4828,110,9/15/1972,,Andes,Magdalena Cauca,Medio Magdalena,Río Lebrija y otros directos al Magdalena,2.64000010490418,4.62181806564331,4,6,0.58695650100708,0.833333313465118,1,1,1.05999994277954,2015,02,7,3,3,3.17999982833862,0,24.8750991821289,2015-02-01,48.7565269470215,19.7216911315918,21.6268863677979
23180040,Pluviométrica,Convencional,Santander,Sabana De Torres,7.4528,-73.4828,110,9/15/1972,,Andes,Magdalena Cauca,Medio Magdalena,Río Lebrija y otros directos al Magdalena,2.64000010490418,4.62181806564331,4,6,0.58695650100708,0.833333313465118,1,1,1.05999994277954,2015,02,8,107,107,113.419993877411,0,40.1074104309082,2015-02-01,73.838737487793,43.5918426513672,86.7296752929688
23180040,Pluviométrica,Convencional,Santander,Sabana De Torres,7.4528,-73.4828,110,9/15/1972,,Andes,Magdalena Cauca,Medio Magdalena,Río Lebrija y otros directos al Magdalena,2.64000010490418,4.62181806564331,4,6,0.58695650100708,0.833333313465118,1,1,1.05999994277954,2015,02,9,31,31,32.8599982261658,0,14.3724422454834,2015-02-01,22.9328517913818,6.27330684661865,15.7351207733154
23180040,Pluviométrica,Convencional,Santander,Sabana De Torres,7.4528,-73.4828,110,9/15/1972,,Andes,Magdalena Cauca,Medio Magdalena,Río Lebrija y otros directos al Magdalena,2.64000010490418,4.62181806564331,4,6,0.58695650100708,0.833333313465118,1,1,1.05999994277954,2015,02,10,0,0,0,0,4.23326253890991,2015-02-01,2.41139483451843,6.27247524261475,2.11651659011841
23180040,Pluviométrica,Convencional,Santander,Sabana De Torres,7.4528,-73.4828,110,9/15/1972,,Andes,Magdalena Cauca,Medio Magdalena,Río Lebrija y otros directos al Magdalena,2.64000010490418,4.62181806564331,4,6,0.58695650100708,0.833333313465118,1,1,1.05999994277954,2015,02,11,1,1,1.05999994277954,0,4.45711803436279,2015-02-01,0.974738776683807,9.13405799865723,1.63534712791443
23180040,Pluviométrica,Convencional,Santander,Sabana De Torres,7.4528,-73.4828,110,9/15/1972,,Andes,Magdalena Cauca,Medio Magdalena,Río Lebrija y otros directos al Magdalena,2.64000010490418,4.62181806564331,4,6,0.58695650100708,0.833333313465118,1,1,1.05999994277954,2015,02,12,0,0,0,0,2.04732847213745,2015-02-01,0.557212114334106,1.29266953468323,1.39928793907166
23180040,Pluviométrica,Convencional,Santander,Sabana De Torres,7.4528,-73.4828,110,9/15/1972,,Andes,Magdalena Cauca,Medio Magdalena,Río Lebrija y otros directos al Magdalena,2.64000010490418,4.62181806564331,4,6,0.58695650100708,0.833333313465118,1,1,1.05999994277954,2015,03,13,0,0,0,0,14.1219339370728,2015-03-01,26.2553615570068,7.78991603851318,8.78157901763916
23180040,Pluviométrica,Convencional,Santander,Sabana De Torres,7.4528,-73.4828,110,9/15/1972,,Andes,Magdalena Cauca,Medio Magdalena,Río Lebrija y otros directos al Magdalena,2.64000010490418,4.62181806564331,4,6,0.58695650100708,0.833333313465118,1,1,1.05999994277954,2015,03,14,36,36,38.1599979400635,0,8.06203842163086,2015-03-01,2.48430681228638,21.2062473297119,5.0021710395813
23180040,Pluviométrica,Convencional,Santander,Sabana De Torres,7.4528,-73.4828,110,9/15/1972,,Andes,Magdalena Cauca,Medio Magdalena,Río Lebrija y otros directos al Magdalena,2.64000010490418,4.62181806564331,4,6,0.58695650100708,0.833333313465118,1,1,1.05999994277954,2015,03,15,0,0,0,0,10.8478450775146,2015-03-01,8.44992923736572,5.85022258758545,4.06005668640137
23180040,Pluviométrica,Convencional,Santander,Sabana De Torres,7.4528,-73.4828,110,9/15/1972,,Andes,Magdalena Cauca,Medio Magdalena,Río Lebrija y otros directos al Magdalena,2.64000010490418,4.62181806564331,4,6,0.58695650100708,0.833333313465118,1,1,1.05999994277954,2015,03,16,80,80,84.7999954223633,0,17.7629451751709,2015-03-01,31.2870979309082,33.8517913818359,48.3603782653809
23180040,Pluviométrica,Convencional,Santander,Sabana De Torres,7.4528,-73.4828,110,9/15/1972,,Andes,Magdalena Cauca,Medio Magdalena,Río Lebrija y otros directos al Magdalena,2.64000010490418,4.62181806564331,4,6,0.58695650100708,0.833333313465118,1,1,1.05999994277954,2015,03,17,0,0,0,0,7.12660694122315,2015-03-01,3.05073094367981,7.43295955657959,12.4347562789917
23180040,Pluviométrica,Convencional,Santander,Sabana De Torres,7.4528,-73.4828,110,9/15/1972,,Andes,Magdalena Cauca,Medio Magdalena,Río Lebrija y otros directos al Magdalena,2.64000010490418,4.62181806564331,4,6,0.58695650100708,0.833333313465118,1,1,1.05999994277954,2015,03,18,35,35,37.0999979972839,0,30.7886409759522,2015-03-01,38.5968017578125,34.4366836547852,69.432861328125
23180040,Pluviométrica,Convencional,Santander,Sabana De Torres,7.4528,-73.4828,110,9/15/1972,,Andes,Magdalena Cauca,Medio Magdalena,Río Lebrija y otros directos al Magdalena,2.64000010490418,4.62181806564331,4,6,0.58695650100708,0.833333313465118,1,1,1.04999995231628,2015,04,19,7,7,7.34999966621399,0,27.2665748596191,2015-04-01,46.0958480834961,20.8424739837647,46.2157974243164
23180040,Pluviométrica,Convencional,Santander,Sabana De Torres,7.4528,-73.4828,110,9/15/1972,,Andes,Magdalena Cauca,Medio Magdalena,Río Lebrija y otros directos al Magdalena,2.64000010490418,4.62181806564331,4,6,0.58695650100708,0.833333313465118,1,1,1.04999995231628,2015,04,20,30,30,31.4999985694885,0,50.5101432800293,2015-04-01,64.1006774902344,22.0128803253174,23.1191711425781
23180040,Pluviométrica,Convencional,Santander,Sabana De Torres,7.4528,-73.4828,110,9/15/1972,,Andes,Magdalena Cauca,Medio Magdalena,Río Lebrija y otros directos al Magdalena,2.64000010490418,4.62181806564331,4,6,0.58695650100708,0.833333313465118,1,1,1.04999995231628,2015,04,21,160,160,167.999992370605,0,78.2294158935547,2015-04-01,98.077262878418,36.6479339599609,134.595367431641
23180040,Pluviométrica,Convencional,Santander,Sabana De Torres,7.4528,-73.4828,110,9/15/1972,,Andes,Magdalena Cauca,Medio Magdalena,Río Lebrija y otros directos al Magdalena,2.64000010490418,4.62181806564331,4,6,0.58695650100708,0.833333313465118,1,1,1.04999995231628,2015,04,22,20,20,20.9999990463257,0,43.6933975219727,2015-04-01,53.0344543457031,24.0199108123779,37.1236114501953
23180040,Pluviométrica,Convencional,Santander,Sabana De Torres,7.4528,-73.4828,110,9/15/1972,,Andes,Magdalena Cauca,Medio Magdalena,Río Lebrija y otros directos al Magdalena,2.64000010490418,4.62181806564331,4,6,0.58695650100708,0.833333313465118,1,1,1.04999995231628,2015,04,23,45,45,47.2499978542328,0,41.5267715454102,2015-04-01,50.2469215393067,45.4412384033203,40.0707473754883
23180040,Pluviométrica,Convencional,Santander,Sabana De Torres,7.4528,-73.4828,110,9/15/1972,,Andes,Magdalena Cauca,Medio Magdalena,Río Lebrija y otros directos al Magdalena,2.64000010490418,4.62181806564331,4,6,0.58695650100708,0.833333313465118,1,1,1.04999995231628,2015,04,24,173,173,181.649991750717,0,36.5431327819824,2015-04-01,43.5826835632324,45.9122161865234,65.2085342407227
23180040,Pluviométrica,Convencional,Santander,Sabana De Torres,7.4528,-73.4828,110,9/15/1972,,Andes,Magdalena Cauca,Medio Magdalena,Río Lebrija y otros directos al Magdalena,2.64000010490418,4.62181806564331,4,6,0.58695650100708,0.833333313465118,1,1,1.03999996185303,2015,05,25,95,95,98.7999963760376,0,38.0088844299316,2015-05-01,49.2065887451172,41.2375221252441,43.580436706543
23180040,Pluviométrica,Convencional,Santander,Sabana De Torres,7.4528,-73.4828,110,9/15/1972,,Andes,Magdalena Cauca,Medio Magdalena,Río Lebrija y otros directos al Magdalena,2.64000010490418,4.62181806564331,4,6,0.58695650100708,0.833333313465118,1,1,1.03999996185303,2015,05,26,37,37,38.479998588562,0,33.3266372680664,2015-05-01,37.5279083251953,11.7707786560059,40.8056411743164
23180040,Pluviométrica,Convencional,Santander,Sabana De Torres,7.4528,-73.4828,110,9/15/1972,,Andes,Magdalena Cauca,Medio Magdalena,Río Lebrija y otros directos al Magdalena,2.64000010490418,4.62181806564331,4,6,0.58695650100708,0.833333313465118,1,1,1.03999996185303,2015,05,27,56,56,58.2399978637695,0,39.8394775390625,2015-05-01,52.7777481079102,15.5046272277832,24.2644157409668
23180040,Pluviométrica,Convencional,Santander,Sabana De Torres,7.4528,-73.4828,110,9/15/1972,,Andes,Magdalena Cauca,Medio Magdalena,Río Lebrija y otros directos al Magdalena,2.64000010490418,4.62181806564331,4,6,0.58695650100708,0.833333313465118,1,1,1.03999996185303,2015,05,28,13,13,13.5199995040894,0,51.4049797058106,2015-05-01,76.4843368530273,37.9521446228027,43.1676750183105
23180040,Pluviométrica,Convencional,Santander,Sabana De Torres,7.4528,-73.4828,110,9/15/1972,,Andes,Magdalena Cauca,Medio Magdalena,Río Lebrija y otros directos al Magdalena,2.64000010490418,4.62181806564331,4,6,0.58695650100708,0.833333313465118,1,1,1.03999996185303,2015,05,29,81,81,84.2399969100952,0,48.5336151123047,2015-05-01,64.9892120361328,21.4611263275147,89.827392578125
23180040,Pluviométrica,Convencional,Santander,Sabana De Torres,7.4528,-73.4828,110,9/15/1972,,Andes,Magdalena Cauca,Medio Magdalena,Río Lebrija y otros directos al Magdalena,2.64000010490418,4.62181806564331,4,6,0.58695650100708,0.833333313465118,1,1,1.03999996185303,2015,05,30,38,38,39.519998550415,0,61.549919128418,2015-05-01,61.7341041564941,49.4463615417481,81.7323226928711
23180040,Pluviométrica,Convencional,Santander,Sabana De Torres,7.4528,-73.4828,110,9/15/1972,,Andes,Magdalena Cauca,Medio Magdalena,Río Lebrija y otros directos al Magdalena,2.64000010490418,4.62181806564331,4,6,0.58695650100708,0.833333313465118,1,1,1.04999995231628,2015,06,31,0,0,0,5,32.7961883544922,2015-06-01,62.5691871643067,17.8034229278564,19.8977527618408
23180040,Pluviométrica,Convencional,Santander,Sabana De Torres,7.4528,-73.4828,110,9/15/1972,,Andes,Magdalena Cauca,Medio Magdalena,Río Lebrija y otros directos al Magdalena,2.64000010490418,4.62181806564331,4,6,0.58695650100708,0.833333313465118,1,1,1.04999995231628,2015,06,32,0,0,0,5,26.3851509094238,2015-06-01,44.3805847167969,14.266918182373,78.2165908813477
23180040,Pluviométrica,Convencional,Santander,Sabana De Torres,7.4528,-73.4828,110,9/15/1972,,Andes,Magdalena Cauca,Medio Magdalena,Río Lebrija y otros directos al Magdalena,2.64000010490418,4.62181806564331,4,6,0.58695650100708,0.833333313465118,1,1,1.04999995231628,2015,06,33,0,0,0,5,24.6277809143066,2015-06-01,39.2547454833984,9.73537349700928,17.1331329345703
23180040,Pluviométrica,Convencional,Santander,Sabana De Torres,7.4528,-73.4828,110,9/15/1972,,Andes,Magdalena Cauca,Medio Magdalena,Río Lebrija y otros directos al Magdalena,2.64000010490418,4.62181806564331,4,6,0.58695650100708,0.833333313465118,1,1,1.04999995231628,2015,06,34,0,0,0,5,10.0147075653076,2015-06-01,1.16298198699951,3.50880527496338,0.771413564682007
23180040,Pluviométrica,Convencional,Santander,Sabana De Torres,7.4528,-73.4828,110,9/15/1972,,Andes,Magdalena Cauca,Medio Magdalena,Río Lebrija y otros directos al Magdalena,2.64000010490418,4.62181806564331,4,6,0.58695650100708,0.833333313465118,1,1,1.04999995231628,2015,06,35,0,0,0,5,15.8699321746826,2015-06-01,14.2672023773193,9.41684913635254,5.66352510452271
23180040,Pluviométrica,Convencional,Santander,Sabana De Torres,7.4528,-73.4828,110,9/15/1972,,Andes,Magdalena Cauca,Medio Magdalena,Río Lebrija y otros directos al Magdalena,2.64000010490418,4.62181806564331,4,6,0.58695650100708,0.833333313465118,1,1,1.04999995231628,2015,06,36,0,0,0,5,10.1221742630005,2015-06-01,1.57969927787781,4.66960573196411,1.49634790420532
23180040,Pluviométrica,Convencional,Santander,Sabana De Torres,7.4528,-73.4828,110,9/15/1972,,Andes,Magdalena Cauca,Medio Magdalena,Río Lebrija y otros directos al Magdalena,2.64000010490418,4.62181806564331,4,6,0.58695650100708,0.833333313465118,1,1,1.04999995231628,2015,07,37,0,0,0,5,18.9881172180176,2015-07-01,9.14085578918457,16.7327919006348,4.8779993057251
23180040,Pluviométrica,Convencional,Santander,Sabana De Torres,7.4528,-73.4828,110,9/15/1972,,Andes,Magdalena Cauca,Medio Magdalena,Río Lebrija y otros directos al Magdalena,2.64000010490418,4.62181806564331,4,6,0.58695650100708,0.833333313465118,1,1,1.04999995231628,2015,07,38,0,0,0,5,54.2252883911133,2015-07-01,75.2398147583008,19.0546016693115,36.6077308654785
23180040,Pluviométrica,Convencional,Santander,Sabana De Torres,7.4528,-73.4828,110,9/15/1972,,Andes,Magdalena Cauca,Medio Magdalena,Río Lebrija y otros directos al Magdalena,2.64000010490418,4.62181806564331,4,6,0.58695650100708,0.833333313465118,1,1,1.04999995231628,2015,07,39,0,0,0,5,52.3957405090332,2015-07-01,64.9406204223633,47.0044822692871,65.5255661010742
23180040,Pluviométrica,Convencional,Santander,Sabana De Torres,7.4528,-73.4828,110,9/15/1972,,Andes,Magdalena Cauca,Medio Magdalena,Río Lebrija y otros directos al Magdalena,2.64000010490418,4.62181806564331,4,6,0.58695650100708,0.833333313465118,1,1,1.04999995231628,2015,07,40,0,0,0,5,40.949592590332,2015-07-01,43.950740814209,28.8756275177002,47.4156608581543
23180040,Pluviométrica,Convencional,Santander,Sabana De Torres,7.4528,-73.4828,110,9/15/1972,,Andes,Magdalena Cauca,Medio Magdalena,Río Lebrija y otros directos al Magdalena,2.64000010490418,4.62181806564331,4,6,0.58695650100708,0.833333313465118,1,1,1.04999995231628,2015,07,41,0,0,0,5,18.0547142028809,2015-07-01,4.10088062286377,19.5961475372314,13.0294885635376
23180040,Pluviométrica,Convencional,Santander,Sabana De Torres,7.4528,-73.4828,110,9/15/1972,,Andes,Magdalena Cauca,Medio Magdalena,Río Lebrija y otros directos al Magdalena,2.64000010490418,4.62181806564331,4,6,0.58695650100708,0.833333313465118,1,1,1.04999995231628,2015,07,42,0,0,0,6,57.49560546875,2015-07-01,60.131721496582,22.4004001617432,33.8958854675293
23180040,Pluviométrica,Convencional,Santander,Sabana De Torres,7.4528,-73.4828,110,9/15/1972,,Andes,Magdalena Cauca,Medio Magdalena,Río Lebrija y otros directos al Magdalena,2.64000010490418,4.62181806564331,4,6,0.58695650100708,0.833333313465118,1,1,1.04999995231628,2015,08,43,0,0,0,5,37.3941345214844,2015-08-01,36.2674789428711,24.0451030731201,10.8917865753174
23180040,Pluviométrica,Convencional,Santander,Sabana De Torres,7.4528,-73.4828,110,9/15/1972,,Andes,Magdalena Cauca,Medio Magdalena,Río Lebrija y otros directos al Magdalena,2.64000010490418,4.62181806564331,4,6,0.58695650100708,0.833333313465118,1,1,1.04999995231628,2015,08,44,0,0,0,5,57.3439750671387,2015-08-01,63.3035736083984,25.330696105957,32.762882232666
23180040,Pluviométrica,Convencional,Santander,Sabana De Torres,7.4528,-73.4828,110,9/15/1972,,Andes,Magdalena Cauca,Medio Magdalena,Río Lebrija y otros directos al Magdalena,2.64000010490418,4.62181806564331,4,6,0.58695650100708,0.833333313465118,1,1,1.04999995231628,2015,08,45,0,0,0,5,38.7169570922852,2015-08-01,40.5560607910156,16.1460437774658,14.8457279205322
23180040,Pluviométrica,Convencional,Santander,Sabana De Torres,7.4528,-73.4828,110,9/15/1972,,Andes,Magdalena Cauca,Medio Magdalena,Río Lebrija y otros directos al Magdalena,2.64000010490418,4.62181806564331,4,6,0.58695650100708,0.833333313465118,1,1,1.04999995231628,2015,08,46,0,0,0,5,19.7824287414551,2015-08-01,12.128041267395,16.3987007141113,6.97862815856934
23180040,Pluviométrica,Convencional,Santander,Sabana De Torres,7.4528,-73.4828,110,9/15/1972,,Andes,Magdalena Cauca,Medio Magdalena,Río Lebrija y otros directos al Magdalena,2.64000010490418,4.62181806564331,4,6,0.58695650100708,0.833333313465118,1,1,1.04999995231628,2015,08,47,0,0,0,5,54.6299591064453,2015-08-01,69.8971710205078,47.7834930419922,48.7388191223145
23180040,Pluviométrica,Convencional,Santander,Sabana De Torres,7.4528,-73.4828,110,9/15/1972,,Andes,Magdalena Cauca,Medio Magdalena,Río Lebrija y otros directos al Magdalena,2.64000010490418,4.62181806564331,4,6,0.58695650100708,0.833333313465118,1,1,1.04999995231628,2015,08,48,0,0,0,6,51.6115188598633,2015-08-01,56.607551574707,55.8761978149414,40.8964996337891
23180040,Pluviométrica,Convencional,Santander,Sabana De Torres,7.4528,-73.4828,110,9/15/1972,,Andes,Magdalena Cauca,Medio Magdalena,Río Lebrija y otros directos al Magdalena,2.64000010490418,4.62181806564331,4,6,0.58695650100708,0.833333313465118,1,1,1.04999995231628,2015,09,49,146,146,153.299993038178,0,36.4803886413574,2015-09-01,57.6550216674805,16.1930294036865,89.8935394287109
23180040,Pluviométrica,Convencional,Santander,Sabana De Torres,7.4528,-73.4828,110,9/15/1972,,Andes,Magdalena Cauca,Medio Magdalena,Río Lebrija y otros directos al Magdalena,2.64000010490418,4.62181806564331,4,6,0.58695650100708,0.833333313465118,1,1,1.04999995231628,2015,09,50,27,27,28.3499987125397,0,42.8146553039551,2015-09-01,79.4507751464844,33.0131874084473,56.7412986755371
23180040,Pluviométrica,Convencional,Santander,Sabana De Torres,7.4528,-73.4828,110,9/15/1972,,Andes,Magdalena Cauca,Medio Magdalena,Río Lebrija y otros directos al Magdalena,2.64000010490418,4.62181806564331,4,6,0.58695650100708,0.833333313465118,1,1,1.04999995231628,2015,09,51,0,0,0,0,25.996150970459,2015-09-01,40.4574394226074,7.47045421600342,18.6970195770264
23180040,Pluviométrica,Convencional,Santander,Sabana De Torres,7.4528,-73.4828,110,9/15/1972,,Andes,Magdalena Cauca,Medio Magdalena,Río Lebrija y otros directos al Magdalena,2.64000010490418,4.62181806564331,4,6,0.58695650100708,0.833333313465118,1,1,1.04999995231628,2015,09,52,111,111,116.549994707108,0,35.1615142822266,2015-09-01,63.1385040283203,32.769214630127,97.216194152832
23180040,Pluviométrica,Convencional,Santander,Sabana De Torres,7.4528,-73.4828,110,9/15/1972,,Andes,Magdalena Cauca,Medio Magdalena,Río Lebrija y otros directos al Magdalena,2.64000010490418,4.62181806564331,4,6,0.58695650100708,0.833333313465118,1,1,1.04999995231628,2015,09,53,0,0,0,0,26.3325805664063,2015-09-01,42.6794242858887,17.1067218780518,40.8105735778809
23180040,Pluviométrica,Convencional,Santander,Sabana De Torres,7.4528,-73.4828,110,9/15/1972,,Andes,Magdalena Cauca,Medio Magdalena,Río Lebrija y otros directos al Magdalena,2.64000010490418,4.62181806564331,4,6,0.58695650100708,0.833333313465118,1,1,1.04999995231628,2015,09,54,32,32,33.5999984741211,0,28.8371887207031,2015-09-01,47.0519523620606,11.4564542770386,23.0193824768066
23180040,Pluviométrica,Convencional,Santander,Sabana De Torres,7.4528,-73.4828,110,9/15/1972,,Andes,Magdalena Cauca,Medio Magdalena,Río Lebrija y otros directos al Magdalena,2.64000010490418,4.62181806564331,4,6,0.58695650100708,0.833333313465118,1,1,1.03999996185303,2015,10,55,0,0,0,0,23.6116218566895,2015-10-01,16.2901000976563,18.2812213897705,5.37076377868652
23180040,Pluviométrica,Convencional,Santander,Sabana De Torres,7.4528,-73.4828,110,9/15/1972,,Andes,Magdalena Cauca,Medio Magdalena,Río Lebrija y otros directos al Magdalena,2.64000010490418,4.62181806564331,4,6,0.58695650100708,0.833333313465118,1,1,1.03999996185303,2015,10,56,40,40,41.5999984741211,0,47.4082336425781,2015-10-01,61.8536605834961,20.7260494232178,50.5179977416992
23180040,Pluviométrica,Convencional,Santander,Sabana De Torres,7.4528,-73.4828,110,9/15/1972,,Andes,Magdalena Cauca,Medio Magdalena,Río Lebrija y otros directos al Magdalena,2.64000010490418,4.62181806564331,4,6,0.58695650100708,0.833333313465118,1,1,1.03999996185303,2015,10,57,14,14,14.5599994659424,0,60.9432029724121,2015-10-01,80.5944213867188,17.7266674041748,51.1816711425781
23180040,Pluviométrica,Convencional,Santander,Sabana De Torres,7.4528,-73.4828,110,9/15/1972,,Andes,Magdalena Cauca,Medio Magdalena,Río Lebrija y otros directos al Magdalena,2.64000010490418,4.62181806564331,4,6,0.58695650100708,0.833333313465118,1,1,1.03999996185303,2015,10,58,47,47,48.8799982070923,0,51.0371360778809,2015-10-01,63.3603820800781,42.827205657959,64.4073944091797
23180040,Pluviométrica,Convencional,Santander,Sabana De Torres,7.4528,-73.4828,110,9/15/1972,,Andes,Magdalena Cauca,Medio Magdalena,Río Lebrija y otros directos al Magdalena,2.64000010490418,4.62181806564331,4,6,0.58695650100708,0.833333313465118,1,1,1.03999996185303,2015,10,59,11,11,11.4399995803833,0,68.2076034545899,2015-10-01,101.675682067871,27.6955318450928,48.5324668884277
23180040,Pluviométrica,Convencional,Santander,Sabana De Torres,7.4528,-73.4828,110,9/15/1972,,Andes,Magdalena Cauca,Medio Magdalena,Río Lebrija y otros directos al Magdalena,2.64000010490418,4.62181806564331,4,6,0.58695650100708,0.833333313465118,1,1,1.03999996185303,2015,10,60,119,119,123.75999546051,0,85.1086044311523,2015-10-01,105.735992431641,25.7036323547363,64.7114410400391
23180040,Pluviométrica,Convencional,Santander,Sabana De Torres,7.4528,-73.4828,110,9/15/1972,,Andes,Magdalena Cauca,Medio Magdalena,Río Lebrija y otros directos al Magdalena,2.64000010490418,4.62181806564331,4,6,0.58695650100708,0.833333313465118,1,1,1.03999996185303,2015,11,61,48,48,49.9199981689453,0,72.6506423950195,2015-11-01,77.2610702514649,43.7725944519043,128.367462158203
23180040,Pluviométrica,Convencional,Santander,Sabana De Torres,7.4528,-73.4828,110,9/15/1972,,Andes,Magdalena Cauca,Medio Magdalena,Río Lebrija y otros directos al Magdalena,2.64000010490418,4.62181806564331,4,6,0.58695650100708,0.833333313465118,1,1,1.03999996185303,2015,11,62,24,24,24.9599990844727,0,49.7085723876953,2015-11-01,52.5150146484375,52.0675659179688,43.1408271789551
23180040,Pluviométrica,Convencional,Santander,Sabana De Torres,7.4528,-73.4828,110,9/15/1972,,Andes,Magdalena Cauca,Medio Magdalena,Río Lebrija y otros directos al Magdalena,2.64000010490418,4.62181806564331,4,6,0.58695650100708,0.833333313465118,1,1,1.03999996185303,2015,11,63,0,0,0,0,83.533821105957,2015-11-01,88.4922409057617,33.1342124938965,35.0215225219727
23180040,Pluviométrica,Convencional,Santander,Sabana De Torres,7.4528,-73.4828,110,9/15/1972,,Andes,Magdalena Cauca,Medio Magdalena,Río Lebrija y otros directos al Magdalena,2.64000010490418,4.62181806564331,4,6,0.58695650100708,0.833333313465118,1,1,1.03999996185303,2015,11,64,20,20,20.7999992370605,0,89.9947738647461,2015-11-01,93.4097213745117,57.1833648681641,54.5275840759277
23180040,Pluviométrica,Convencional,Santander,Sabana De Torres,7.4528,-73.4828,110,9/15/1972,,Andes,Magdalena Cauca,Medio Magdalena,Río Lebrija y otros directos al Magdalena,2.64000010490418,4.62181806564331,4,6,0.58695650100708,0.833333313465118,1,1,1.03999996185303,2015,11,65,0,0,0,0,36.4229011535645,2015-11-01,31.7341346740723,20.9385547637939,17.3950176239014
23180040,Pluviométrica,Convencional,Santander,Sabana De Torres,7.4528,-73.4828,110,9/15/1972,,Andes,Magdalena Cauca,Medio Magdalena,Río Lebrija y otros directos al Magdalena,2.64000010490418,4.62181806564331,4,6,0.58695650100708,0.833333313465118,1,1,1.03999996185303,2015,11,66,87,87,90.4799966812134,0,17.2239398956299,2015-11-01,12.9753732681274,18.0413265228272,22.6650485992432
23180040,Pluviométrica,Convencional,Santander,Sabana De Torres,7.4528,-73.4828,110,9/15/1972,,Andes,Magdalena Cauca,Medio Magdalena,Río Lebrija y otros directos al Magdalena,2.64000010490418,4.62181806564331,4,6,0.58695650100708,0.833333313465118,1,1,1.05999994277954,2015,12,67,0,0,0,0,36.1913185119629,2015-12-01,53.2646408081055,27.4857921600342,23.4070491790772
23180040,Pluviométrica,Convencional,Santander,Sabana De Torres,7.4528,-73.4828,110,9/15/1972,,Andes,Magdalena Cauca,Medio Magdalena,Río Lebrija y otros directos al Magdalena,2.64000010490418,4.62181806564331,4,6,0.58695650100708,0.833333313465118,1,1,1.05999994277954,2015,12,68,0,0,0,0,11.0905733108521,2015-12-01,19.7798976898193,2.51148867607117,8.36051273345947
23180040,Pluviométrica,Convencional,Santander,Sabana De Torres,7.4528,-73.4828,110,9/15/1972,,Andes,Magdalena Cauca,Medio Magdalena,Río Lebrija y otros directos al Magdalena,2.64000010490418,4.62181806564331,4,6,0.58695650100708,0.833333313465118,1,1,1.05999994277954,2015,12,69,7,7,7.41999959945679,0,22.0858116149902,2015-12-01,49.6405487060547,4.12328815460205,19.7256145477295
23180040,Pluviométrica,Convencional,Santander,Sabana De Torres,7.4528,-73.4828,110,9/15/1972,,Andes,Magdalena Cauca,Medio Magdalena,Río Lebrija y otros directos al Magdalena,2.64000010490418,4.62181806564331,4,6,0.58695650100708,0.833333313465118,1,1,1.05999994277954,2015,12,70,0,0,0,0,11.7853307723999,2015-12-01,20.8693885803223,2.30472373962402,10.2975072860718
23180040,Pluviométrica,Convencional,Santander,Sabana De Torres,7.4528,-73.4828,110,9/15/1972,,Andes,Magdalena Cauca,Medio Magdalena,Río Lebrija y otros directos al Magdalena,2.64000010490418,4.62181806564331,4,6,0.58695650100708,0.833333313465118,1,1,1.05999994277954,2015,12,71,0,0,0,0,2.43609690666199,2015-12-01,2.41898226737976,0.531806468963623,1.86364185810089
23180040,Pluviométrica,Convencional,Santander,Sabana De Torres,7.4528,-73.4828,110,9/15/1972,,Andes,Magdalena Cauca,Medio Magdalena,Río Lebrija y otros directos al Magdalena,2.64000010490418,4.62181806564331,4,6,0.58695650100708,0.833333313465118,1,1,1.05999994277954,2015,12,72,0,0,0,0,3.40765714645386,2015-12-01,1.10022401809692,0.664613962173462,1.34046030044556
23180040,Pluviométrica,Convencional,Santander,Sabana De Torres,7.4528,-73.4828,110,9/15/1972,,Andes,Magdalena Cauca,Medio Magdalena,Río Lebrija y otros directos al Magdalena,2.64000010490418,4.62181806564331,4,6,0.58695650100708,0.833333313465118,1,1,1.07000005245209,2016,01,1,71,71,75.9700037240982,0,16.8830871582031,2016-01-01,28.7707347869873,9.97672557830811,39.7529563903809
23180040,Pluviométrica,Convencional,Santander,Sabana De Torres,7.4528,-73.4828,110,9/15/1972,,Andes,Magdalena Cauca,Medio Magdalena,Río Lebrija y otros directos al Magdalena,2.64000010490418,4.62181806564331,4,6,0.58695650100708,0.833333313465118,1,1,1.07000005245209,2016,01,2,0,0,0,0,10.40101146698,2016-01-01,12.8588390350342,26.74147605896,4.51578903198242
23180040,Pluviométrica,Convencional,Santander,Sabana De Torres,7.4528,-73.4828,110,9/15/1972,,Andes,Magdalena Cauca,Medio Magdalena,Río Lebrija y otros directos al Magdalena,2.64000010490418,4.62181806564331,4,6,0.58695650100708,0.833333313465118,1,1,1.07000005245209,2016,01,3,0,0,0,0,4.60236597061157,2016-01-01,0,12.0261163711548,0
23180040,Pluviométrica,Convencional,Santander,Sabana De Torres,7.4528,-73.4828,110,9/15/1972,,Andes,Magdalena Cauca,Medio Magdalena,Río Lebrija y otros directos al Magdalena,2.64000010490418,4.62181806564331,4,6,0.58695650100708,0.833333313465118,1,1,1.07000005245209,2016,01,4,0,0,0,0,4.50339603424072,2016-01-01,0,2.60251641273499,0
23180040,Pluviométrica,Convencional,Santander,Sabana De Torres,7.4528,-73.4828,110,9/15/1972,,Andes,Magdalena Cauca,Medio Magdalena,Río Lebrija y otros directos al Magdalena,2.64000010490418,4.62181806564331,4,6,0.58695650100708,0.833333313465118,1,1,1.07000005245209,2016,01,5,0,0,0,0,4.18000555038452,2016-01-01,0.492262005805969,3.42063450813293,0.595114350318909
23180040,Pluviométrica,Convencional,Santander,Sabana De Torres,7.4528,-73.4828,110,9/15/1972,,Andes,Magdalena Cauca,Medio Magdalena,Río Lebrija y otros directos al Magdalena,2.64000010490418,4.62181806564331,4,6,0.58695650100708,0.833333313465118,1,1,1.07000005245209,2016,01,6,0,0,0,0,5.81360197067261,2016-01-01,0,2.9320662021637,0
23180040,Pluviométrica,Convencional,Santander,Sabana De Torres,7.4528,-73.4828,110,9/15/1972,,Andes,Magdalena Cauca,Medio Magdalena,Río Lebrija y otros directos al Magdalena,2.64000010490418,4.62181806564331,4,6,0.58695650100708,0.833333313465118,1,1,1.05999994277954,2016,02,7,0,0,0,0,4.1022629737854,2016-02-01,0.0597022771835327,3.2968168258667,0.077393963932991
23180040,Pluviométrica,Convencional,Santander,Sabana De Torres,7.4528,-73.4828,110,9/15/1972,,Andes,Magdalena Cauca,Medio Magdalena,Río Lebrija y otros directos al Magdalena,2.64000010490418,4.62181806564331,4,6,0.58695650100708,0.833333313465118,1,1,1.05999994277954,2016,02,8,0,0,0,0,7.14005279541016,2016-02-01,6.99623012542725,5.73816108703613,9.32476615905762
23180040,Pluviométrica,Convencional,Santander,Sabana De Torres,7.4528,-73.4828,110,9/15/1972,,Andes,Magdalena Cauca,Medio Magdalena,Río Lebrija y otros directos al Magdalena,2.64000010490418,4.62181806564331,4,6,0.58695650100708,0.833333313465118,1,1,1.05999994277954,2016,02,9,3,3,3.17999982833862,0,4.21317338943481,2016-02-01,2.79299902915955,3.38595080375671,3.4504508972168
23180040,Pluviométrica,Convencional,Santander,Sabana De Torres,7.4528,-73.4828,110,9/15/1972,,Andes,Magdalena Cauca,Medio Magdalena,Río Lebrija y otros directos al Magdalena,2.64000010490418,4.62181806564331,4,6,0.58695650100708,0.833333313465118,1,1,1.05999994277954,2016,02,10,0,0,0,0,21.586368560791,2016-02-01,33.3292694091797,17.3480587005615,13.7814044952393
23180040,Pluviométrica,Convencional,Santander,Sabana De Torres,7.4528,-73.4828,110,9/15/1972,,Andes,Magdalena Cauca,Medio Magdalena,Río Lebrija y otros directos al Magdalena,2.64000010490418,4.62181806564331,4,6,0.58695650100708,0.833333313465118,1,1,1.05999994277954,2016,02,11,0,0,0,0,18.4288597106934,2016-02-01,23.4836540222168,14.8105020523071,10.5665435791016
23180040,Pluviométrica,Convencional,Santander,Sabana De Torres,7.4528,-73.4828,110,9/15/1972,,Andes,Magdalena Cauca,Medio Magdalena,Río Lebrija y otros directos al Magdalena,2.64000010490418,4.62181806564331,4,6,0.58695650100708,0.833333313465118,1,1,1.05999994277954,2016,02,12,13,13,13.779999256134,0,3.17112064361572,2016-02-01,2.38481545448303,2.54849672317505,4.86426496505737
23180040,Pluviométrica,Convencional,Santander,Sabana De Torres,7.4528,-73.4828,110,9/15/1972,,Andes,Magdalena Cauca,Medio Magdalena,Río Lebrija y otros directos al Magdalena,2.64000010490418,4.62181806564331,4,6,0.58695650100708,0.833333313465118,1,1,1.05999994277954,2016,03,13,0,0,0,0,12.3070011138916,2016-03-01,18.8743782043457,11.5047206878662,11.1548929214478
23180040,Pluviométrica,Convencional,Santander,Sabana De Torres,7.4528,-73.4828,110,9/15/1972,,Andes,Magdalena Cauca,Medio Magdalena,Río Lebrija y otros directos al Magdalena,2.64000010490418,4.62181806564331,4,6,0.58695650100708,0.833333313465118,1,1,1.05999994277954,2016,03,14,0,0,0,0,12.8958015441895,2016-03-01,14.1182155609131,16.8763675689697,7.44682455062866
23180040,Pluviométrica,Convencional,Santander,Sabana De Torres,7.4528,-73.4828,110,9/15/1972,,Andes,Magdalena Cauca,Medio Magdalena,Río Lebrija y otros directos al Magdalena,2.64000010490418,4.62181806564331,4,6,0.58695650100708,0.833333313465118,1,1,1.05999994277954,2016,03,15,0,0,0,0,6.36129665374756,2016-03-01,0,2.95832586288452,0
23180040,Pluviométrica,Convencional,Santander,Sabana De Torres,7.4528,-73.4828,110,9/15/1972,,Andes,Magdalena Cauca,Medio Magdalena,Río Lebrija y otros directos al Magdalena,2.64000010490418,4.62181806564331,4,6,0.58695650100708,0.833333313465118,1,1,1.05999994277954,2016,03,16,19,19,20.1399989128113,0,17.7629451751709,2016-03-01,34.2535438537598,10.3098382949829,41.8971290588379
23180040,Pluviométrica,Convencional,Santander,Sabana De Torres,7.4528,-73.4828,110,9/15/1972,,Andes,Magdalena Cauca,Medio Magdalena,Río Lebrija y otros directos al Magdalena,2.64000010490418,4.62181806564331,4,6,0.58695650100708,0.833333313465118,1,1,1.05999994277954,2016,03,17,0,0,0,0,10.1078519821167,2016-03-01,11.4574747085571,4.73493051528931,9.50765132904053
23180040,Pluviométrica,Convencional,Santander,Sabana De Torres,7.4528,-73.4828,110,9/15/1972,,Andes,Magdalena Cauca,Medio Magdalena,Río Lebrija y otros directos al Magdalena,2.64000010490418,4.62181806564331,4,6,0.58695650100708,0.833333313465118,1,1,1.05999994277954,2016,03,18,0,0,0,0,9.67871284484863,2016-03-01,0,21.5715618133545,0
23180040,Pluviométrica,Convencional,Santander,Sabana De Torres,7.4528,-73.4828,110,9/15/1972,,Andes,Magdalena Cauca,Medio Magdalena,Río Lebrija y otros directos al Magdalena,2.64000010490418,4.62181806564331,4,6,0.58695650100708,0.833333313465118,1,1,1.04999995231628,2016,04,19,23,23,24.1499989032745,0,42.0344467163086,2016-04-01,51.284782409668,30.5747985839844,43.5057258605957
23180040,Pluviométrica,Convencional,Santander,Sabana De Torres,7.4528,-73.4828,110,9/15/1972,,Andes,Magdalena Cauca,Medio Magdalena,Río Lebrija y otros directos al Magdalena,2.64000010490418,4.62181806564331,4,6,0.58695650100708,0.833333313465118,1,1,1.04999995231628,2016,04,20,19,19,19.9499990940094,0,65.5663833618164,2016-04-01,82.4809188842774,47.691333770752,49.7049560546875
23180040,Pluviométrica,Convencional,Santander,Sabana De Torres,7.4528,-73.4828,110,9/15/1972,,Andes,Magdalena Cauca,Medio Magdalena,Río Lebrija y otros directos al Magdalena,2.64000010490418,4.62181806564331,4,6,0.58695650100708,0.833333313465118,1,1,1.04999995231628,2016,04,21,22,22,23.0999989509583,0,17.8252067565918,2016-04-01,16.2794189453125,12.9656076431274,33.1121635437012
23180040,Pluviométrica,Convencional,Santander,Sabana De Torres,7.4528,-73.4828,110,9/15/1972,,Andes,Magdalena Cauca,Medio Magdalena,Río Lebrija y otros directos al Magdalena,2.64000010490418,4.62181806564331,4,6,0.58695650100708,0.833333313465118,1,1,1.04999995231628,2016,04,22,0,0,0,0,42.7573051452637,2016-04-01,54.3382568359375,31.1005878448486,24.0973796844482
23180040,Pluviométrica,Convencional,Santander,Sabana De Torres,7.4528,-73.4828,110,9/15/1972,,Andes,Magdalena Cauca,Medio Magdalena,Río Lebrija y otros directos al Magdalena,2.64000010490418,4.62181806564331,4,6,0.58695650100708,0.833333313465118,1,1,1.04999995231628,2016,04,23,14,14,14.699999332428,0,69.7105712890625,2016-04-01,96.3653945922852,50.7057189941406,61.2527542114258
23180040,Pluviométrica,Convencional,Santander,Sabana De Torres,7.4528,-73.4828,110,9/15/1972,,Andes,Magdalena Cauca,Medio Magdalena,Río Lebrija y otros directos al Magdalena,2.64000010490418,4.62181806564331,4,6,0.58695650100708,0.833333313465118,1,1,1.04999995231628,2016,04,24,58,58,60.8999972343445,0,62.5964431762695,2016-04-01,78.7727127075195,45.5310821533203,88.0117874145508
23180040,Pluviométrica,Convencional,Santander,Sabana De Torres,7.4528,-73.4828,110,9/15/1972,,Andes,Magdalena Cauca,Medio Magdalena,Río Lebrija y otros directos al Magdalena,2.64000010490418,4.62181806564331,4,6,0.58695650100708,0.833333313465118,1,1,1.03999996185303,2016,05,25,56,56,58.2399978637695,0,49.7541580200195,2016-05-01,74.4781036376953,52.0393218994141,61.252613067627
23180040,Pluviométrica,Convencional,Santander,Sabana De Torres,7.4528,-73.4828,110,9/15/1972,,Andes,Magdalena Cauca,Medio Magdalena,Río Lebrija y otros directos al Magdalena,2.64000010490418,4.62181806564331,4,6,0.58695650100708,0.833333313465118,1,1,1.03999996185303,2016,05,26,141,141,146.639994621277,0,57.3519401550293,2016-05-01,81.3674163818359,55.7777786254883,83.3478469848633
23180040,Pluviométrica,Convencional,Santander,Sabana De Torres,7.4528,-73.4828,110,9/15/1972,,Andes,Magdalena Cauca,Medio Magdalena,Río Lebrija y otros directos al Magdalena,2.64000010490418,4.62181806564331,4,6,0.58695650100708,0.833333313465118,1,1,1.03999996185303,2016,05,27,0,0,0,0,16.5707607269287,2016-05-01,2.76195859909058,6.67615604400635,1.71534216403961
23180040,Pluviométrica,Convencional,Santander,Sabana De Torres,7.4528,-73.4828,110,9/15/1972,,Andes,Magdalena Cauca,Medio Magdalena,Río Lebrija y otros directos al Magdalena,2.64000010490418,4.62181806564331,4,6,0.58695650100708,0.833333313465118,1,1,1.03999996185303,2016,05,28,0,0,0,0,43.4515914916992,2016-05-01,60.6947746276856,15.188943862915,16.3073062896729
23180040,Pluviométrica,Convencional,Santander,Sabana De Torres,7.4528,-73.4828,110,9/15/1972,,Andes,Magdalena Cauca,Medio Magdalena,Río Lebrija y otros directos al Magdalena,2.64000010490418,4.62181806564331,4,6,0.58695650100708,0.833333313465118,1,1,1.03999996185303,2016,05,29,24,24,24.9599990844727,0,31.2998733520508,2016-05-01,33.7015686035156,17.6642913818359,24.969633102417
23180040,Pluviométrica,Convencional,Santander,Sabana De Torres,7.4528,-73.4828,110,9/15/1972,,Andes,Magdalena Cauca,Medio Magdalena,Río Lebrija y otros directos al Magdalena,2.64000010490418,4.62181806564331,4,6,0.58695650100708,0.833333313465118,1,1,1.03999996185303,2016,05,30,14,14,14.5599994659424,0,84.8327865600586,2016-05-01,98.4977569580078,51.1993217468262,45.890266418457
23180040,Pluviométrica,Convencional,Santander,Sabana De Torres,7.4528,-73.4828,110,9/15/1972,,Andes,Magdalena Cauca,Medio Magdalena,Río Lebrija y otros directos al Magdalena,2.64000010490418,4.62181806564331,4,6,0.58695650100708,0.833333313465118,1,1,1.04999995231628,2016,06,31,40,40,41.9999980926514,0,22.6172332763672,2016-06-01,35.8129577636719,15.9446840286255,70.3921813964844
23180040,Pluviométrica,Convencional,Santander,Sabana De Torres,7.4528,-73.4828,110,9/15/1972,,Andes,Magdalena Cauca,Medio Magdalena,Río Lebrija y otros directos al Magdalena,2.64000010490418,4.62181806564331,4,6,0.58695650100708,0.833333313465118,1,1,1.04999995231628,2016,06,32,8,8,8.39999961853027,0,27.5927276611328,2016-06-01,47.4551162719727,19.4523048400879,49.3767700195313
23180040,Pluviométrica,Convencional,Santander,Sabana De Torres,7.4528,-73.4828,110,9/15/1972,,Andes,Magdalena Cauca,Medio Magdalena,Río Lebrija y otros directos al Magdalena,2.64000010490418,4.62181806564331,4,6,0.58695650100708,0.833333313465118,1,1,1.04999995231628,2016,06,33,22,22,23.0999989509583,0,20.9056358337402,2016-06-01,29.7221183776855,14.7380428314209,28.3969440460205
23180040,Pluviométrica,Convencional,Santander,Sabana De Torres,7.4528,-73.4828,110,9/15/1972,,Andes,Magdalena Cauca,Medio Magdalena,Río Lebrija y otros directos al Magdalena,2.64000010490418,4.62181806564331,4,6,0.58695650100708,0.833333313465118,1,1,1.04999995231628,2016,06,34,4,4,4.19999980926514,0,24.6710186004639,2016-06-01,46.6203956604004,17.3925609588623,31.5920581817627
23180040,Pluviométrica,Convencional,Santander,Sabana De Torres,7.4528,-73.4828,110,9/15/1972,,Andes,Magdalena Cauca,Medio Magdalena,Río Lebrija y otros directos al Magdalena,2.64000010490418,4.62181806564331,4,6,0.58695650100708,0.833333313465118,1,1,1.04999995231628,2016,06,35,12,12,12.5999994277954,0,34.3183860778809,2016-06-01,64.0572738647461,24.1937561035156,32.5707817077637
23180040,Pluviométrica,Convencional,Santander,Sabana De Torres,7.4528,-73.4828,110,9/15/1972,,Andes,Magdalena Cauca,Medio Magdalena,Río Lebrija y otros directos al Magdalena,2.64000010490418,4.62181806564331,4,6,0.58695650100708,0.833333313465118,1,1,1.04999995231628,2016,06,36,8,8,8.39999961853027,0,24.6201400756836,2016-06-01,32.9884071350098,17.3566913604736,13.5496864318848
23180040,Pluviométrica,Convencional,Santander,Sabana De Torres,7.4528,-73.4828,110,9/15/1972,,Andes,Magdalena Cauca,Medio Magdalena,Río Lebrija y otros directos al Magdalena,2.64000010490418,4.62181806564331,4,6,0.58695650100708,0.833333313465118,1,1,1.04999995231628,2016,07,37,0,0,0,5,52.1342544555664,2016-07-01,81.725212097168,45.9343872070313,75.3429641723633
23180040,Pluviométrica,Convencional,Santander,Sabana De Torres,7.4528,-73.4828,110,9/15/1972,,Andes,Magdalena Cauca,Medio Magdalena,Río Lebrija y otros directos al Magdalena,2.64000010490418,4.62181806564331,4,6,0.58695650100708,0.833333313465118,1,1,1.04999995231628,2016,07,38,0,0,0,5,14.153754234314,2016-07-01,0,4.61894750595093,0
23180040,Pluviométrica,Convencional,Santander,Sabana De Torres,7.4528,-73.4828,110,9/15/1972,,Andes,Magdalena Cauca,Medio Magdalena,Río Lebrija y otros directos al Magdalena,2.64000010490418,4.62181806564331,4,6,0.58695650100708,0.833333313465118,1,1,1.04999995231628,2016,07,39,0,0,0,5,28.9450168609619,2016-07-01,20.5964050292969,25.6456336975098,32.4942512512207
23180040,Pluviométrica,Convencional,Santander,Sabana De Torres,7.4528,-73.4828,110,9/15/1972,,Andes,Magdalena Cauca,Medio Magdalena,Río Lebrija y otros directos al Magdalena,2.64000010490418,4.62181806564331,4,6,0.58695650100708,0.833333313465118,1,1,1.04999995231628,2016,07,40,0,0,0,5,28.1476898193359,2016-07-01,21.4317817687988,23.5979385375977,37.2301712036133
23180040,Pluviométrica,Convencional,Santander,Sabana De Torres,7.4528,-73.4828,110,9/15/1972,,Andes,Magdalena Cauca,Medio Magdalena,Río Lebrija y otros directos al Magdalena,2.64000010490418,4.62181806564331,4,6,0.58695650100708,0.833333313465118,1,1,1.04999995231628,2016,07,41,0,0,0,5,32.9162101745606,2016-07-01,27.2825469970703,40.4550247192383,27.049955368042
23180040,Pluviométrica,Convencional,Santander,Sabana De Torres,7.4528,-73.4828,110,9/15/1972,,Andes,Magdalena Cauca,Medio Magdalena,Río Lebrija y otros directos al Magdalena,2.64000010490418,4.62181806564331,4,6,0.58695650100708,0.833333313465118,1,1,1.04999995231628,2016,07,42,0,0,0,6,46.5302963256836,2016-07-01,46.3068313598633,20.5788288116455,32.7818832397461
23180040,Pluviométrica,Convencional,Santander,Sabana De Torres,7.4528,-73.4828,110,9/15/1972,,Andes,Magdalena Cauca,Medio Magdalena,Río Lebrija y otros directos al Magdalena,2.64000010490418,4.62181806564331,4,6,0.58695650100708,0.833333313465118,1,1,1.04999995231628,2016,08,43,12,12,12.5999994277954,0,34.096736907959,2016-08-01,32.3007583618164,33.1389312744141,39.8960990905762
23180040,Pluviométrica,Convencional,Santander,Sabana De Torres,7.4528,-73.4828,110,9/15/1972,,Andes,Magdalena Cauca,Medio Magdalena,Río Lebrija y otros directos al Magdalena,2.64000010490418,4.62181806564331,4,6,0.58695650100708,0.833333313465118,1,1,1.04999995231628,2016,08,44,0,0,0,0,27.6564426422119,2016-08-01,18.4052047729492,8.99743938446045,9.999436378479
23180040,Pluviométrica,Convencional,Santander,Sabana De Torres,7.4528,-73.4828,110,9/15/1972,,Andes,Magdalena Cauca,Medio Magdalena,Río Lebrija y otros directos al Magdalena,2.64000010490418,4.62181806564331,4,6,0.58695650100708,0.833333313465118,1,1,1.04999995231628,2016,08,45,23,23,24.1499989032745,0,67.9455184936523,2016-08-01,87.4126815795898,35.5376014709473,40.453800201416
23180040,Pluviométrica,Convencional,Santander,Sabana De Torres,7.4528,-73.4828,110,9/15/1972,,Andes,Magdalena Cauca,Medio Magdalena,Río Lebrija y otros directos al Magdalena,2.64000010490418,4.62181806564331,4,6,0.58695650100708,0.833333313465118,1,1,1.04999995231628,2016,08,46,18,18,18.8999991416931,0,33.5867805480957,2016-08-01,36.6435737609863,24.7076835632324,30.1400985717773
23180040,Pluviométrica,Convencional,Santander,Sabana De Torres,7.4528,-73.4828,110,9/15/1972,,Andes,Magdalena Cauca,Medio Magdalena,Río Lebrija y otros directos al Magdalena,2.64000010490418,4.62181806564331,4,6,0.58695650100708,0.833333313465118,1,1,1.04999995231628,2016,08,47,104,104,109.199995040894,0,29.0083332061768,2016-08-01,26.0092220306397,31.0047550201416,47.9217185974121
23180040,Pluviométrica,Convencional,Santander,Sabana De Torres,7.4528,-73.4828,110,9/15/1972,,Andes,Magdalena Cauca,Medio Magdalena,Río Lebrija y otros directos al Magdalena,2.64000010490418,4.62181806564331,4,6,0.58695650100708,0.833333313465118,1,1,1.04999995231628,2016,08,48,14,14,14.699999332428,0,84.1053848266602,2016-08-01,105.183692932129,54.6206207275391,53.9269981384277
23180040,Pluviométrica,Convencional,Santander,Sabana De Torres,7.4528,-73.4828,110,9/15/1972,,Andes,Magdalena Cauca,Medio Magdalena,Río Lebrija y otros directos al Magdalena,2.64000010490418,4.62181806564331,4,6,0.58695650100708,0.833333313465118,1,1,1.04999995231628,2016,09,49,103,103,108.149995088577,0,35.2387313842773,2016-09-01,59.0643539428711,28.934419631958,72.5065307617188
23180040,Pluviométrica,Convencional,Santander,Sabana De Torres,7.4528,-73.4828,110,9/15/1972,,Andes,Magdalena Cauca,Medio Magdalena,Río Lebrija y otros directos al Magdalena,2.64000010490418,4.62181806564331,4,6,0.58695650100708,0.833333313465118,1,1,1.04999995231628,2016,09,50,31,31,32.5499985218048,0,22.770544052124,2016-09-01,27.6225929260254,36.6187171936035,42.3424263000488
23180040,Pluviométrica,Convencional,Santander,Sabana De Torres,7.4528,-73.4828,110,9/15/1972,,Andes,Magdalena Cauca,Medio Magdalena,Río Lebrija y otros directos al Magdalena,2.64000010490418,4.62181806564331,4,6,0.58695650100708,0.833333313465118,1,1,1.04999995231628,2016,09,51,70,70,73.4999966621399,0,23.8189544677734,2016-09-01,33.5501098632813,26.0954513549805,43.3756370544434
23180040,Pluviométrica,Convencional,Santander,Sabana De Torres,7.4528,-73.4828,110,9/15/1972,,Andes,Magdalena Cauca,Medio Magdalena,Río Lebrija y otros directos al Magdalena,2.64000010490418,4.62181806564331,4,6,0.58695650100708,0.833333313465118,1,1,1.04999995231628,2016,09,52,81,81,85.049996137619,0,20.9411735534668,2016-09-01,28.1211814880371,20.922306060791,61.4753570556641
23180040,Pluviométrica,Convencional,Santander,Sabana De Torres,7.4528,-73.4828,110,9/15/1972,,Andes,Magdalena Cauca,Medio Magdalena,Río Lebrija y otros directos al Magdalena,2.64000010490418,4.62181806564331,4,6,0.58695650100708,0.833333313465118,1,1,1.04999995231628,2016,09,53,71,71,74.5499966144562,0,34.2703361511231,2016-09-01,66.1446762084961,22.5553321838379,39.6864929199219
23180040,Pluviométrica,Convencional,Santander,Sabana De Torres,7.4528,-73.4828,110,9/15/1972,,Andes,Magdalena Cauca,Medio Magdalena,Río Lebrija y otros directos al Magdalena,2.64000010490418,4.62181806564331,4,6,0.58695650100708,0.833333313465118,1,1,1.04999995231628,2016,09,54,28,28,29.399998664856,0,23.2659435272217,2016-09-01,33.7063293457031,21.6671466827393,36.4731941223145
23180040,Pluviométrica,Convencional,Santander,Sabana De Torres,7.4528,-73.4828,110,9/15/1972,,Andes,Magdalena Cauca,Medio Magdalena,Río Lebrija y otros directos al Magdalena,2.64000010490418,4.62181806564331,4,6,0.58695650100708,0.833333313465118,1,1,1.03999996185303,2016,10,55,20,20,20.7999992370605,0,46.8132095336914,2016-10-01,61.853931427002,55.6468887329102,29.0254516601563
23180040,Pluviométrica,Convencional,Santander,Sabana De Torres,7.4528,-73.4828,110,9/15/1972,,Andes,Magdalena Cauca,Medio Magdalena,Río Lebrija y otros directos al Magdalena,2.64000010490418,4.62181806564331,4,6,0.58695650100708,0.833333313465118,1,1,1.03999996185303,2016,10,56,144,144,149.759994506836,0,80.2918014526367,2016-10-01,120.519264221191,95.4429168701172,101.255599975586
23180040,Pluviométrica,Convencional,Santander,Sabana De Torres,7.4528,-73.4828,110,9/15/1972,,Andes,Magdalena Cauca,Medio Magdalena,Río Lebrija y otros directos al Magdalena,2.64000010490418,4.62181806564331,4,6,0.58695650100708,0.833333313465118,1,1,1.03999996185303,2016,10,57,108,108,112.319995880127,0,42.6965827941895,2016-10-01,47.4684028625488,50.7534561157227,81.7206115722656
23180040,Pluviométrica,Convencional,Santander,Sabana De Torres,7.4528,-73.4828,110,9/15/1972,,Andes,Magdalena Cauca,Medio Magdalena,Río Lebrija y otros directos al Magdalena,2.64000010490418,4.62181806564331,4,6,0.58695650100708,0.833333313465118,1,1,1.03999996185303,2016,10,58,0,0,0,0,51.0371360778809,2016-10-01,63.3603820800781,60.6678733825684,28.6674919128418
23180040,Pluviométrica,Convencional,Santander,Sabana De Torres,7.4528,-73.4828,110,9/15/1972,,Andes,Magdalena Cauca,Medio Magdalena,Río Lebrija y otros directos al Magdalena,2.64000010490418,4.62181806564331,4,6,0.58695650100708,0.833333313465118,1,1,1.03999996185303,2016,10,59,158,158,164.319993972778,0,54.8656539916992,2016-10-01,74.5195159912109,65.2188415527344,126.985649108887
23180040,Pluviométrica,Convencional,Santander,Sabana De Torres,7.4528,-73.4828,110,9/15/1972,,Andes,Magdalena Cauca,Medio Magdalena,Río Lebrija y otros directos al Magdalena,2.64000010490418,4.62181806564331,4,6,0.58695650100708,0.833333313465118,1,1,1.03999996185303,2016,10,60,90,90,93.5999965667725,0,70.1384811401367,2016-10-01,83.3548202514649,83.3736572265625,110.749969482422
23180040,Pluviométrica,Convencional,Santander,Sabana De Torres,7.4528,-73.4828,110,9/15/1972,,Andes,Magdalena Cauca,Medio Magdalena,Río Lebrija y otros directos al Magdalena,2.64000010490418,4.62181806564331,4,6,0.58695650100708,0.833333313465118,1,1,1.03999996185303,2016,11,61,0,0,0,0,58.1281356811524,2016-11-01,59.4291839599609,29.90771484375,24.9640789031982
23180040,Pluviométrica,Convencional,Santander,Sabana De Torres,7.4528,-73.4828,110,9/15/1972,,Andes,Magdalena Cauca,Medio Magdalena,Río Lebrija y otros directos al Magdalena,2.64000010490418,4.62181806564331,4,6,0.58695650100708,0.833333313465118,1,1,1.03999996185303,2016,11,62,153,153,159.119994163513,0,40.0948905944824,2016-11-01,38.4953460693359,49.6419258117676,80.8057022094727
23180040,Pluviométrica,Convencional,Santander,Sabana De Torres,7.4528,-73.4828,110,9/15/1972,,Andes,Magdalena Cauca,Medio Magdalena,Río Lebrija y otros directos al Magdalena,2.64000010490418,4.62181806564331,4,6,0.58695650100708,0.833333313465118,1,1,1.03999996185303,2016,11,63,119,119,123.75999546051,0,125.281745910645,2016-11-01,140.35871887207,108.615280151367,130.2724609375
23180040,Pluviométrica,Convencional,Santander,Sabana De Torres,7.4528,-73.4828,110,9/15/1972,,Andes,Magdalena Cauca,Medio Magdalena,Río Lebrija y otros directos al Magdalena,2.64000010490418,4.62181806564331,4,6,0.58695650100708,0.833333313465118,1,1,1.03999996185303,2016,11,64,13,13,13.5199995040894,0,61.6754722595215,2016-11-01,60.4213333129883,91.2716674804688,47.6406135559082
23180040,Pluviométrica,Convencional,Santander,Sabana De Torres,7.4528,-73.4828,110,9/15/1972,,Andes,Magdalena Cauca,Medio Magdalena,Río Lebrija y otros directos al Magdalena,2.64000010490418,4.62181806564331,4,6,0.58695650100708,0.833333313465118,1,1,1.03999996185303,2016,11,65,50,50,51.9999980926514,0,33.1152801513672,2016-11-01,24.2195053100586,42.0632019042969,36.4924507141113
23180040,Pluviométrica,Convencional,Santander,Sabana De Torres,7.4528,-73.4828,110,9/15/1972,,Andes,Magdalena Cauca,Medio Magdalena,Río Lebrija y otros directos al Magdalena,2.64000010490418,4.62181806564331,4,6,0.58695650100708,0.833333313465118,1,1,1.03999996185303,2016,11,66,0,0,0,0,25.0362205505371,2016-11-01,20.6786861419678,22.6124248504639,18.2684307098389
23180040,Pluviométrica,Convencional,Santander,Sabana De Torres,7.4528,-73.4828,110,9/15/1972,,Andes,Magdalena Cauca,Medio Magdalena,Río Lebrija y otros directos al Magdalena,2.64000010490418,4.62181806564331,4,6,0.58695650100708,0.833333313465118,1,1,1.05999994277954,2016,12,67,47,47,49.8199973106384,0,60.3441200256348,2016-12-01,92.4919128417969,62.7382698059082,64.8790969848633
23180040,Pluviométrica,Convencional,Santander,Sabana De Torres,7.4528,-73.4828,110,9/15/1972,,Andes,Magdalena Cauca,Medio Magdalena,Río Lebrija y otros directos al Magdalena,2.64000010490418,4.62181806564331,4,6,0.58695650100708,0.833333313465118,1,1,1.05999994277954,2016,12,68,44,44,46.6399974822998,0,37.036376953125,2016-12-01,71.7697296142578,54.199649810791,62.9535636901856
23180040,Pluviométrica,Convencional,Santander,Sabana De Torres,7.4528,-73.4828,110,9/15/1972,,Andes,Magdalena Cauca,Medio Magdalena,Río Lebrija y otros directos al Magdalena,2.64000010490418,4.62181806564331,4,6,0.58695650100708,0.833333313465118,1,1,1.05999994277954,2016,12,69,0,0,0,0,10.2408609390259,2016-12-01,18.2834720611572,3.57845091819763,6.98668575286865
23180040,Pluviométrica,Convencional,Santander,Sabana De Torres,7.4528,-73.4828,110,9/15/1972,,Andes,Magdalena Cauca,Medio Magdalena,Río Lebrija y otros directos al Magdalena,2.64000010490418,4.62181806564331,4,6,0.58695650100708,0.833333313465118,1,1,1.05999994277954,2016,12,70,0,0,0,0,2.33731389045715,2016-12-01,1.05541276931763,1.25615811347961,1.06713509559631
23180040,Pluviométrica,Convencional,Santander,Sabana De Torres,7.4528,-73.4828,110,9/15/1972,,Andes,Magdalena Cauca,Medio Magdalena,Río Lebrija y otros directos al Magdalena,2.64000010490418,4.62181806564331,4,6,0.58695650100708,0.833333313465118,1,1,1.05999994277954,2016,12,71,0,0,0,0,9.00097751617432,2016-12-01,17.8036766052246,11.0925016403198,17.8056297302246
23180040,Pluviométrica,Convencional,Santander,Sabana De Torres,7.4528,-73.4828,110,9/15/1972,,Andes,Magdalena Cauca,Medio Magdalena,Río Lebrija y otros directos al Magdalena,2.64000010490418,4.62181806564331,4,6,0.58695650100708,0.833333313465118,1,1,1.05999994277954,2016,12,72,0,0,0,0,11.5318059921265,2016-12-01,12.0737285614014,8.23160839080811,7.71867275238037
23180040,Pluviométrica,Convencional,Santander,Sabana De Torres,7.4528,-73.4828,110,9/15/1972,,Andes,Magdalena Cauca,Medio Magdalena,Río Lebrija y otros directos al Magdalena,2.64000010490418,4.62181806564331,4,6,0.58695650100708,0.833333313465118,1,1,1.07000005245209,2017,01,1,0,0,0,0,4.39933824539185,2017-01-01,1.33791744709015,1.55552887916565,1.27595639228821
23180040,Pluviométrica,Convencional,Santander,Sabana De Torres,7.4528,-73.4828,110,9/15/1972,,Andes,Magdalena Cauca,Medio Magdalena,Río Lebrija y otros directos al Magdalena,2.64000010490418,4.62181806564331,4,6,0.58695650100708,0.833333313465118,1,1,1.07000005245209,2017,01,2,26,26,27.8200013637543,0,31.6357841491699,2017-01-01,93.9136276245117,22.190896987915,41.5549240112305
23180040,Pluviométrica,Convencional,Santander,Sabana De Torres,7.4528,-73.4828,110,9/15/1972,,Andes,Magdalena Cauca,Medio Magdalena,Río Lebrija y otros directos al Magdalena,2.64000010490418,4.62181806564331,4,6,0.58695650100708,0.833333313465118,1,1,1.07000005245209,2017,01,3,0,0,0,0,4.60236597061157,2017-01-01,0,1.53073167800903,0
23180040,Pluviométrica,Convencional,Santander,Sabana De Torres,7.4528,-73.4828,110,9/15/1972,,Andes,Magdalena Cauca,Medio Magdalena,Río Lebrija y otros directos al Magdalena,2.64000010490418,4.62181806564331,4,6,0.58695650100708,0.833333313465118,1,1,1.07000005245209,2017,01,4,0,0,0,0,4.50339603424072,2017-01-01,0,1.52768182754517,0
23180040,Pluviométrica,Convencional,Santander,Sabana De Torres,7.4528,-73.4828,110,9/15/1972,,Andes,Magdalena Cauca,Medio Magdalena,Río Lebrija y otros directos al Magdalena,2.64000010490418,4.62181806564331,4,6,0.58695650100708,0.833333313465118,1,1,1.07000005245209,2017,01,5,0,0,0,0,4.18000555038452,2017-01-01,0.492262005805969,1.45619070529938,0.393798977136612
23180040,Pluviométrica,Convencional,Santander,Sabana De Torres,7.4528,-73.4828,110,9/15/1972,,Andes,Magdalena Cauca,Medio Magdalena,Río Lebrija y otros directos al Magdalena,2.64000010490418,4.62181806564331,4,6,0.58695650100708,0.833333313465118,1,1,1.07000005245209,2017,01,6,10,10,10.7000005245209,0,8.65216255187988,2017-01-01,8.56021595001221,7.03230667114258,17.3804817199707
23180040,Pluviométrica,Convencional,Santander,Sabana De Torres,7.4528,-73.4828,110,9/15/1972,,Andes,Magdalena Cauca,Medio Magdalena,Río Lebrija y otros directos al Magdalena,2.64000010490418,4.62181806564331,4,6,0.58695650100708,0.833333313465118,1,1,1.05999994277954,2017,02,7,0,0,0,0,4.1022629737854,2017-02-01,0.0597022771835327,2.69203686714172,0.0537573024630547
23180040,Pluviométrica,Convencional,Santander,Sabana De Torres,7.4528,-73.4828,110,9/15/1972,,Andes,Magdalena Cauca,Medio Magdalena,Río Lebrija y otros directos al Magdalena,2.64000010490418,4.62181806564331,4,6,0.58695650100708,0.833333313465118,1,1,1.05999994277954,2017,02,8,0,0,0,0,4.14302110671997,2017-02-01,1.09836149215698,3.29798316955566,0.861532211303711
23180040,Pluviométrica,Convencional,Santander,Sabana De Torres,7.4528,-73.4828,110,9/15/1972,,Andes,Magdalena Cauca,Medio Magdalena,Río Lebrija y otros directos al Magdalena,2.64000010490418,4.62181806564331,4,6,0.58695650100708,0.833333313465118,1,1,1.05999994277954,2017,02,9,0,0,0,0,4.21317338943481,2017-02-01,2.79299902915955,2.31014895439148,1.45112276077271
23180040,Pluviométrica,Convencional,Santander,Sabana De Torres,7.4528,-73.4828,110,9/15/1972,,Andes,Magdalena Cauca,Medio Magdalena,Río Lebrija y otros directos al Magdalena,2.64000010490418,4.62181806564331,4,6,0.58695650100708,0.833333313465118,1,1,1.05999994277954,2017,02,10,0,0,0,0,4.23326253890991,2017-02-01,2.41139483451843,2.50527834892273,2.01466798782349
23180040,Pluviométrica,Convencional,Santander,Sabana De Torres,7.4528,-73.4828,110,9/15/1972,,Andes,Magdalena Cauca,Medio Magdalena,Río Lebrija y otros directos al Magdalena,2.64000010490418,4.62181806564331,4,6,0.58695650100708,0.833333313465118,1,1,1.05999994277954,2017,02,11,0,0,0,0,4.45711803436279,2017-02-01,0.974738776683807,2.46187710762024,1.03562808036804
23180040,Pluviométrica,Convencional,Santander,Sabana De Torres,7.4528,-73.4828,110,9/15/1972,,Andes,Magdalena Cauca,Medio Magdalena,Río Lebrija y otros directos al Magdalena,2.64000010490418,4.62181806564331,4,6,0.58695650100708,0.833333313465118,1,1,1.05999994277954,2017,02,12,0,0,0,0,2.74601531028748,2017-02-01,2.38481545448303,2.42187547683716,1.68490076065063
23180040,Pluviométrica,Convencional,Santander,Sabana De Torres,7.4528,-73.4828,110,9/15/1972,,Andes,Magdalena Cauca,Medio Magdalena,Río Lebrija y otros directos al Magdalena,2.64000010490418,4.62181806564331,4,6,0.58695650100708,0.833333313465118,1,1,1.05999994277954,2017,03,13,38,38,40.2799978256226,0,12.9119787216187,2017-03-01,18.9438648223877,21.155834197998,22.6521282196045
23180040,Pluviométrica,Convencional,Santander,Sabana De Torres,7.4528,-73.4828,110,9/15/1972,,Andes,Magdalena Cauca,Medio Magdalena,Río Lebrija y otros directos al Magdalena,2.64000010490418,4.62181806564331,4,6,0.58695650100708,0.833333313465118,1,1,1.05999994277954,2017,03,14,47,47,49.8199973106384,0,28.0013065338135,2017-03-01,54.0059089660645,36.1066093444824,47.9665298461914
23180040,Pluviométrica,Convencional,Santander,Sabana De Torres,7.4528,-73.4828,110,9/15/1972,,Andes,Magdalena Cauca,Medio Magdalena,Río Lebrija y otros directos al Magdalena,2.64000010490418,4.62181806564331,4,6,0.58695650100708,0.833333313465118,1,1,1.05999994277954,2017,03,15,20,20,21.1999988555908,0,41.1320381164551,2017-03-01,88.120735168457,64.9460601806641,88.2192687988281
23180040,Pluviométrica,Convencional,Santander,Sabana De Torres,7.4528,-73.4828,110,9/15/1972,,Andes,Magdalena Cauca,Medio Magdalena,Río Lebrija y otros directos al Magdalena,2.64000010490418,4.62181806564331,4,6,0.58695650100708,0.833333313465118,1,1,1.05999994277954,2017,03,16,0,0,0,0,11.7318754196167,2017-03-01,17.9380950927734,12.8822860717773,10.9386377334595
23180040,Pluviométrica,Convencional,Santander,Sabana De Torres,7.4528,-73.4828,110,9/15/1972,,Andes,Magdalena Cauca,Medio Magdalena,Río Lebrija y otros directos al Magdalena,2.64000010490418,4.62181806564331,4,6,0.58695650100708,0.833333313465118,1,1,1.05999994277954,2017,03,17,49,49,51.9399971961975,0,26.5046977996826,2017-03-01,60.4968070983887,48.9445953369141,61.1283798217774
23180040,Pluviométrica,Convencional,Santander,Sabana De Torres,7.4528,-73.4828,110,9/15/1972,,Andes,Magdalena Cauca,Medio Magdalena,Río Lebrija y otros directos al Magdalena,2.64000010490418,4.62181806564331,4,6,0.58695650100708,0.833333313465118,1,1,1.05999994277954,2017,03,18,146,146,154.759991645813,0,45.0889167785645,2017-03-01,68.5297775268555,91.9778823852539,100.865264892578
23180040,Pluviométrica,Convencional,Santander,Sabana De Torres,7.4528,-73.4828,110,9/15/1972,,Andes,Magdalena Cauca,Medio Magdalena,Río Lebrija y otros directos al Magdalena,2.64000010490418,4.62181806564331,4,6,0.58695650100708,0.833333313465118,1,1,1.04999995231628,2017,04,19,0,0,0,0,8.53120708465576,2017-04-01,4.58438110351563,4.99302911758423,5.66171979904175
23180040,Pluviométrica,Convencional,Santander,Sabana De Torres,7.4528,-73.4828,110,9/15/1972,,Andes,Magdalena Cauca,Medio Magdalena,Río Lebrija y otros directos al Magdalena,2.64000010490418,4.62181806564331,4,6,0.58695650100708,0.833333313465118,1,1,1.04999995231628,2017,04,20,44,44,46.1999979019165,0,42.9820251464844,2017-04-01,54.9105529785156,42.6712760925293,48.7133750915527
23180040,Pluviométrica,Convencional,Santander,Sabana De Torres,7.4528,-73.4828,110,9/15/1972,,Andes,Magdalena Cauca,Medio Magdalena,Río Lebrija y otros directos al Magdalena,2.64000010490418,4.62181806564331,4,6,0.58695650100708,0.833333313465118,1,1,1.04999995231628,2017,04,21,20,20,20.9999990463257,0,51.2303123474121,2017-04-01,59.8252449035645,43.5843353271484,28.448205947876
23180040,Pluviométrica,Convencional,Santander,Sabana De Torres,7.4528,-73.4828,110,9/15/1972,,Andes,Magdalena Cauca,Medio Magdalena,Río Lebrija y otros directos al Magdalena,2.64000010490418,4.62181806564331,4,6,0.58695650100708,0.833333313465118,1,1,1.04999995231628,2017,04,22,61,61,64.0499970912933,0,49.6875495910645,2017-04-01,58.7426910400391,76.2108993530273,86.8540649414063
23180040,Pluviométrica,Convencional,Santander,Sabana De Torres,7.4528,-73.4828,110,9/15/1972,,Andes,Magdalena Cauca,Medio Magdalena,Río Lebrija y otros directos al Magdalena,2.64000010490418,4.62181806564331,4,6,0.58695650100708,0.833333313465118,1,1,1.04999995231628,2017,04,23,149,149,156.449992895126,0,36.9810028076172,2017-04-01,47.6847801208496,25.9214706420898,101.172134399414
23180040,Pluviométrica,Convencional,Santander,Sabana De Torres,7.4528,-73.4828,110,9/15/1972,,Andes,Magdalena Cauca,Medio Magdalena,Río Lebrija y otros directos al Magdalena,2.64000010490418,4.62181806564331,4,6,0.58695650100708,0.833333313465118,1,1,1.04999995231628,2017,04,24,48,48,50.3999977111817,0,52.7141494750977,2017-04-01,69.9752044677734,46.6326637268066,62.2751617431641
23180040,Pluviométrica,Convencional,Santander,Sabana De Torres,7.4528,-73.4828,110,9/15/1972,,Andes,Magdalena Cauca,Medio Magdalena,Río Lebrija y otros directos al Magdalena,2.64000010490418,4.62181806564331,4,6,0.58695650100708,0.833333313465118,1,1,1.03999996185303,2017,05,25,50,50,51.9999980926514,0,30.0398921966553,2017-05-01,34.1864242553711,43.4700317382813,39.9105415344238
23180040,Pluviométrica,Convencional,Santander,Sabana De Torres,7.4528,-73.4828,110,9/15/1972,,Andes,Magdalena Cauca,Medio Magdalena,Río Lebrija y otros directos al Magdalena,2.64000010490418,4.62181806564331,4,6,0.58695650100708,0.833333313465118,1,1,1.03999996185303,2017,05,26,129,129,134.159995079041,0,62.1569938659668,2017-05-01,95.980598449707,86.6247711181641,98.536750793457
23180040,Pluviométrica,Convencional,Santander,Sabana De Torres,7.4528,-73.4828,110,9/15/1972,,Andes,Magdalena Cauca,Medio Magdalena,Río Lebrija y otros directos al Magdalena,2.64000010490418,4.62181806564331,4,6,0.58695650100708,0.833333313465118,1,1,1.03999996185303,2017,05,27,11,11,11.4399995803833,0,42.7480659484863,2017-05-01,56.267219543457,59.6656227111816,82.3605804443359
23180040,Pluviométrica,Convencional,Santander,Sabana De Torres,7.4528,-73.4828,110,9/15/1972,,Andes,Magdalena Cauca,Medio Magdalena,Río Lebrija y otros directos al Magdalena,2.64000010490418,4.62181806564331,4,6,0.58695650100708,0.833333313465118,1,1,1.03999996185303,2017,05,28,0,0,0,0,33.2258071899414,2017-05-01,39.2660675048828,23.4890365600586,15.2747430801392
23180040,Pluviométrica,Convencional,Santander,Sabana De Torres,7.4528,-73.4828,110,9/15/1972,,Andes,Magdalena Cauca,Medio Magdalena,Río Lebrija y otros directos al Magdalena,2.64000010490418,4.62181806564331,4,6,0.58695650100708,0.833333313465118,1,1,1.03999996185303,2017,05,29,0,0,0,0,35.3210792541504,2017-05-01,38.0171089172363,20.1867809295654,14.1250267028809
23180040,Pluviométrica,Convencional,Santander,Sabana De Torres,7.4528,-73.4828,110,9/15/1972,,Andes,Magdalena Cauca,Medio Magdalena,Río Lebrija y otros directos al Magdalena,2.64000010490418,4.62181806564331,4,6,0.58695650100708,0.833333313465118,1,1,1.03999996185303,2017,05,30,0,0,0,0,41.5931854248047,2017-05-01,32.2434883117676,21.6542835235596,16.6855449676514
23180040,Pluviométrica,Convencional,Santander,Sabana De Torres,7.4528,-73.4828,110,9/15/1972,,Andes,Magdalena Cauca,Medio Magdalena,Río Lebrija y otros directos al Magdalena,2.64000010490418,4.62181806564331,4,6,0.58695650100708,0.833333313465118,1,1,1.04999995231628,2017,06,31,44,44,46.1999979019165,0,31.9818744659424,2017-06-01,59.4819297790527,15.4943170547485,39.0100212097168
23180040,Pluviométrica,Convencional,Santander,Sabana De Torres,7.4528,-73.4828,110,9/15/1972,,Andes,Magdalena Cauca,Medio Magdalena,Río Lebrija y otros directos al Magdalena,2.64000010490418,4.62181806564331,4,6,0.58695650100708,0.833333313465118,1,1,1.04999995231628,2017,06,32,73,73,76.6499965190888,0,22.7624206542969,2017-06-01,36.1818237304688,21.4507732391357,55.7224426269531
23180040,Pluviométrica,Convencional,Santander,Sabana De Torres,7.4528,-73.4828,110,9/15/1972,,Andes,Magdalena Cauca,Medio Magdalena,Río Lebrija y otros directos al Magdalena,2.64000010490418,4.62181806564331,4,6,0.58695650100708,0.833333313465118,1,1,1.04999995231628,2017,06,33,103,103,108.149995088577,0,22.5599231719971,2017-06-01,33.9588394165039,37.4731788635254,96.1304016113281
23180040,Pluviométrica,Convencional,Santander,Sabana De Torres,7.4528,-73.4828,110,9/15/1972,,Andes,Magdalena Cauca,Medio Magdalena,Río Lebrija y otros directos al Magdalena,2.64000010490418,4.62181806564331,4,6,0.58695650100708,0.833333313465118,1,1,1.04999995231628,2017,06,34,44,44,46.1999979019165,0,33.1095008850098,2017-06-01,66.9566116333008,33.1220893859863,83.0165863037109
23180040,Pluviométrica,Convencional,Santander,Sabana De Torres,7.4528,-73.4828,110,9/15/1972,,Andes,Magdalena Cauca,Medio Magdalena,Río Lebrija y otros directos al Magdalena,2.64000010490418,4.62181806564331,4,6,0.58695650100708,0.833333313465118,1,1,1.04999995231628,2017,06,35,60,60,62.9999971389771,0,27.222827911377,2017-06-01,47.0557861328125,24.6394119262695,43.9314994812012
23180040,Pluviométrica,Convencional,Santander,Sabana De Torres,7.4528,-73.4828,110,9/15/1972,,Andes,Magdalena Cauca,Medio Magdalena,Río Lebrija y otros directos al Magdalena,2.64000010490418,4.62181806564331,4,6,0.58695650100708,0.833333313465118,1,1,1.04999995231628,2017,06,36,26,26,27.2999987602234,0,11.6755275726318,2017-06-01,2.78772616386414,18.4309024810791,10.5082731246948
23180040,Pluviométrica,Convencional,Santander,Sabana De Torres,7.4528,-73.4828,110,9/15/1972,,Andes,Magdalena Cauca,Medio Magdalena,Río Lebrija y otros directos al Magdalena,2.64000010490418,4.62181806564331,4,6,0.58695650100708,0.833333313465118,1,1,1.04999995231628,2017,07,37,20,20,20.9999990463257,0,22.3027305603027,2017-07-01,16.1651477813721,17.9492473602295,21.1408023834229
23180040,Pluviométrica,Convencional,Santander,Sabana De Torres,7.4528,-73.4828,110,9/15/1972,,Andes,Magdalena Cauca,Medio Magdalena,Río Lebrija y otros directos al Magdalena,2.64000010490418,4.62181806564331,4,6,0.58695650100708,0.833333313465118,1,1,1.04999995231628,2017,07,38,35,35,36.7499983310699,0,45.5140838623047,2017-07-01,59.426872253418,34.6036949157715,42.0223579406738
23180040,Pluviométrica,Convencional,Santander,Sabana De Torres,7.4528,-73.4828,110,9/15/1972,,Andes,Magdalena Cauca,Medio Magdalena,Río Lebrija y otros directos al Magdalena,2.64000010490418,4.62181806564331,4,6,0.58695650100708,0.833333313465118,1,1,1.04999995231628,2017,07,39,0,0,0,0,28.9450168609619,2017-07-01,22.6589279174805,24.6534614562988,18.5295925140381
23180040,Pluviométrica,Convencional,Santander,Sabana De Torres,7.4528,-73.4828,110,9/15/1972,,Andes,Magdalena Cauca,Medio Magdalena,Río Lebrija y otros directos al Magdalena,2.64000010490418,4.62181806564331,4,6,0.58695650100708,0.833333313465118,1,1,1.04999995231628,2017,07,40,0,0,0,0,33.3848304748535,2017-07-01,32.6912651062012,37.9567947387695,25.1177978515625
23180040,Pluviométrica,Convencional,Santander,Sabana De Torres,7.4528,-73.4828,110,9/15/1972,,Andes,Magdalena Cauca,Medio Magdalena,Río Lebrija y otros directos al Magdalena,2.64000010490418,4.62181806564331,4,6,0.58695650100708,0.833333313465118,1,1,1.04999995231628,2017,07,41,22,22,23.0999989509583,0,17.4602546691895,2017-07-01,1.89310264587402,7.88194942474365,3.16224074363709
23180040,Pluviométrica,Convencional,Santander,Sabana De Torres,7.4528,-73.4828,110,9/15/1972,,Andes,Magdalena Cauca,Medio Magdalena,Río Lebrija y otros directos al Magdalena,2.64000010490418,4.62181806564331,4,6,0.58695650100708,0.833333313465118,1,1,1.04999995231628,2017,07,42,12,12,12.5999994277954,0,65.5368270874024,2017-07-01,75.2134323120117,64.5707778930664,51.0487747192383
23180040,Pluviométrica,Convencional,Santander,Sabana De Torres,7.4528,-73.4828,110,9/15/1972,,Andes,Magdalena Cauca,Medio Magdalena,Río Lebrija y otros directos al Magdalena,2.64000010490418,4.62181806564331,4,6,0.58695650100708,0.833333313465118,1,1,1.04999995231628,2017,08,43,43,43,45.1499979496002,0,22.5558395385742,2017-08-01,13.789402961731,18.4733848571777,21.5305652618408
23180040,Pluviométrica,Convencional,Santander,Sabana De Torres,7.4528,-73.4828,110,9/15/1972,,Andes,Magdalena Cauca,Medio Magdalena,Río Lebrija y otros directos al Magdalena,2.64000010490418,4.62181806564331,4,6,0.58695650100708,0.833333313465118,1,1,1.04999995231628,2017,08,44,60,60,62.9999971389771,0,37.7645072937012,2017-08-01,32.0107727050781,24.4579524993897,35.0302352905273
23180040,Pluviométrica,Convencional,Santander,Sabana De Torres,7.4528,-73.4828,110,9/15/1972,,Andes,Magdalena Cauca,Medio Magdalena,Río Lebrija y otros directos al Magdalena,2.64000010490418,4.62181806564331,4,6,0.58695650100708,0.833333313465118,1,1,1.04999995231628,2017,08,45,10,10,10.4999995231628,0,40.3871612548828,2017-08-01,43.3958549499512,26.1713466644287,63.2590637207031
23180040,Pluviométrica,Convencional,Santander,Sabana De Torres,7.4528,-73.4828,110,9/15/1972,,Andes,Magdalena Cauca,Medio Magdalena,Río Lebrija y otros directos al Magdalena,2.64000010490418,4.62181806564331,4,6,0.58695650100708,0.833333313465118,1,1,1.04999995231628,2017,08,46,38,38,39.8999981880188,0,74.9998321533203,2017-08-01,92.8850784301758,67.6982040405274,96.9712448120117
23180040,Pluviométrica,Convencional,Santander,Sabana De Torres,7.4528,-73.4828,110,9/15/1972,,Andes,Magdalena Cauca,Medio Magdalena,Río Lebrija y otros directos al Magdalena,2.64000010490418,4.62181806564331,4,6,0.58695650100708,0.833333313465118,1,1,1.04999995231628,2017,08,47,0,0,0,0,32.8903961181641,2017-08-01,32.8667144775391,35.2435874938965,20.4773082733154
23180040,Pluviométrica,Convencional,Santander,Sabana De Torres,7.4528,-73.4828,110,9/15/1972,,Andes,Magdalena Cauca,Medio Magdalena,Río Lebrija y otros directos al Magdalena,2.64000010490418,4.62181806564331,4,6,0.58695650100708,0.833333313465118,1,1,1.04999995231628,2017,08,48,76,76,79.7999963760376,0,43.9156036376953,2017-08-01,42.7286491394043,38.5705833435059,72.4461059570313
23180040,Pluviométrica,Convencional,Santander,Sabana De Torres,7.4528,-73.4828,110,9/15/1972,,Andes,Magdalena Cauca,Medio Magdalena,Río Lebrija y otros directos al Magdalena,2.64000010490418,4.62181806564331,4,6,0.58695650100708,0.833333313465118,1,1,1.04999995231628,2017,09,49,10,10,10.4999995231628,0,24.0638065338135,2017-09-01,29.4683666229248,28.5550117492676,47.2742004394531
23180040,Pluviométrica,Convencional,Santander,Sabana De Torres,7.4528,-73.4828,110,9/15/1972,,Andes,Magdalena Cauca,Medio Magdalena,Río Lebrija y otros directos al Magdalena,2.64000010490418,4.62181806564331,4,6,0.58695650100708,0.833333313465118,1,1,1.04999995231628,2017,09,50,21,21,22.049998998642,0,42.8146553039551,2017-09-01,79.4507751464844,57.5312385559082,74.9349212646484
23180040,Pluviométrica,Convencional,Santander,Sabana De Torres,7.4528,-73.4828,110,9/15/1972,,Andes,Magdalena Cauca,Medio Magdalena,Río Lebrija y otros directos al Magdalena,2.64000010490418,4.62181806564331,4,6,0.58695650100708,0.833333313465118,1,1,1.04999995231628,2017,09,51,0,0,0,0,18.920259475708,2017-09-01,22.4983863830566,13.6676216125488,13.7747287750244
23180040,Pluviométrica,Convencional,Santander,Sabana De Torres,7.4528,-73.4828,110,9/15/1972,,Andes,Magdalena Cauca,Medio Magdalena,Río Lebrija y otros directos al Magdalena,2.64000010490418,4.62181806564331,4,6,0.58695650100708,0.833333313465118,1,1,1.04999995231628,2017,09,52,111,111,116.549994707108,0,26.2079639434814,2017-09-01,40.7274169921875,17.5232410430908,67.8764495849609
23180040,Pluviométrica,Convencional,Santander,Sabana De Torres,7.4528,-73.4828,110,9/15/1972,,Andes,Magdalena Cauca,Medio Magdalena,Río Lebrija y otros directos al Magdalena,2.64000010490418,4.62181806564331,4,6,0.58695650100708,0.833333313465118,1,1,1.04999995231628,2017,09,53,48,48,50.3999977111817,0,24.2158470153809,2017-09-01,38.2796859741211,31.3132381439209,60.743221282959
23180040,Pluviométrica,Convencional,Santander,Sabana De Torres,7.4528,-73.4828,110,9/15/1972,,Andes,Magdalena Cauca,Medio Magdalena,Río Lebrija y otros directos al Magdalena,2.64000010490418,4.62181806564331,4,6,0.58695650100708,0.833333313465118,1,1,1.04999995231628,2017,09,54,116,116,121.799994468689,0,38.3083038330078,2017-09-01,73.7432022094727,40.2876815795899,128.163635253906
23180040,Pluviométrica,Convencional,Santander,Sabana De Torres,7.4528,-73.4828,110,9/15/1972,,Andes,Magdalena Cauca,Medio Magdalena,Río Lebrija y otros directos al Magdalena,2.64000010490418,4.62181806564331,4,6,0.58695650100708,0.833333313465118,1,1,1.03999996185303,2017,10,55,120,120,124.799995422363,0,64.6605834960938,2017-10-01,90.1349182128906,102.000793457031,149.563751220703
23180040,Pluviométrica,Convencional,Santander,Sabana De Torres,7.4528,-73.4828,110,9/15/1972,,Andes,Magdalena Cauca,Medio Magdalena,Río Lebrija y otros directos al Magdalena,2.64000010490418,4.62181806564331,4,6,0.58695650100708,0.833333313465118,1,1,1.03999996185303,2017,10,56,11,11,11.4399995803833,0,52.105884552002,2017-10-01,70.1629409790039,32.5436210632324,42.2741012573242
23180040,Pluviométrica,Convencional,Santander,Sabana De Torres,7.4528,-73.4828,110,9/15/1972,,Andes,Magdalena Cauca,Medio Magdalena,Río Lebrija y otros directos al Magdalena,2.64000010490418,4.62181806564331,4,6,0.58695650100708,0.833333313465118,1,1,1.03999996185303,2017,10,57,45,45,46.7999982833862,0,24.4499740600586,2017-10-01,17.8293285369873,25.8831176757813,35.7730445861816
23180040,Pluviométrica,Convencional,Santander,Sabana De Torres,7.4528,-73.4828,110,9/15/1972,,Andes,Magdalena Cauca,Medio Magdalena,Río Lebrija y otros directos al Magdalena,2.64000010490418,4.62181806564331,4,6,0.58695650100708,0.833333313465118,1,1,1.03999996185303,2017,10,58,0,0,0,0,43.1027908325195,2017-10-01,49.0801544189453,25.2885704040527,28.5275592803955
23180040,Pluviométrica,Convencional,Santander,Sabana De Torres,7.4528,-73.4828,110,9/15/1972,,Andes,Magdalena Cauca,Medio Magdalena,Río Lebrija y otros directos al Magdalena,2.64000010490418,4.62181806564331,4,6,0.58695650100708,0.833333313465118,1,1,1.03999996185303,2017,10,59,0,0,0,0,93.8651962280274,2017-10-01,152.10856628418,53.8041725158691,50.2873916625977
23180040,Pluviométrica,Convencional,Santander,Sabana De Torres,7.4528,-73.4828,110,9/15/1972,,Andes,Magdalena Cauca,Medio Magdalena,Río Lebrija y otros directos al Magdalena,2.64000010490418,4.62181806564331,4,6,0.58695650100708,0.833333313465118,1,1,1.03999996185303,2017,10,60,76,76,79.0399971008301,0,68.8909606933594,2017-10-01,81.3201675415039,116.201683044434,100.381774902344
23180040,Pluviométrica,Convencional,Santander,Sabana De Torres,7.4528,-73.4828,110,9/15/1972,,Andes,Magdalena Cauca,Medio Magdalena,Río Lebrija y otros directos al Magdalena,2.64000010490418,4.62181806564331,4,6,0.58695650100708,0.833333313465118,1,1,1.03999996185303,2017,11,61,116,116,120.639995574951,0,41.9920234680176,2017-11-01,39.6159820556641,74.8633575439453,90.3379669189453
23180040,Pluviométrica,Convencional,Santander,Sabana De Torres,7.4528,-73.4828,110,9/15/1972,,Andes,Magdalena Cauca,Medio Magdalena,Río Lebrija y otros directos al Magdalena,2.64000010490418,4.62181806564331,4,6,0.58695650100708,0.833333313465118,1,1,1.03999996185303,2017,11,62,15,15,15.5999994277954,0,36.890323638916,2017-11-01,32.4869155883789,28.6916484832764,23.2926292419434
23180040,Pluviométrica,Convencional,Santander,Sabana De Torres,7.4528,-73.4828,110,9/15/1972,,Andes,Magdalena Cauca,Medio Magdalena,Río Lebrija y otros directos al Magdalena,2.64000010490418,4.62181806564331,4,6,0.58695650100708,0.833333313465118,1,1,1.03999996185303,2017,11,63,10,10,10.3999996185303,0,59.4484672546387,2017-11-01,64.5538558959961,23.0867519378662,27.3952884674072
23180040,Pluviométrica,Convencional,Santander,Sabana De Torres,7.4528,-73.4828,110,9/15/1972,,Andes,Magdalena Cauca,Medio Magdalena,Río Lebrija y otros directos al Magdalena,2.64000010490418,4.62181806564331,4,6,0.58695650100708,0.833333313465118,1,1,1.03999996185303,2017,11,64,59,59,61.3599977493286,0,31.6903419494629,2017-11-01,21.6114616394043,34.1645660400391,43.5469131469727
23180040,Pluviométrica,Convencional,Santander,Sabana De Torres,7.4528,-73.4828,110,9/15/1972,,Andes,Magdalena Cauca,Medio Magdalena,Río Lebrija y otros directos al Magdalena,2.64000010490418,4.62181806564331,4,6,0.58695650100708,0.833333313465118,1,1,1.03999996185303,2017,11,65,52,52,54.0799980163574,0,47.999568939209,2017-11-01,43.0060768127441,52.6081275939941,70.272819519043
23180040,Pluviométrica,Convencional,Santander,Sabana De Torres,7.4528,-73.4828,110,9/15/1972,,Andes,Magdalena Cauca,Medio Magdalena,Río Lebrija y otros directos al Magdalena,2.64000010490418,4.62181806564331,4,6,0.58695650100708,0.833333313465118,1,1,1.03999996185303,2017,11,66,93,93,96.7199964523316,0,29.7235870361328,2017-11-01,28.3819980621338,35.0283088684082,61.8119354248047
23180040,Pluviométrica,Convencional,Santander,Sabana De Torres,7.4528,-73.4828,110,9/15/1972,,Andes,Magdalena Cauca,Medio Magdalena,Río Lebrija y otros directos al Magdalena,2.64000010490418,4.62181806564331,4,6,0.58695650100708,0.833333313465118,1,1,1.05999994277954,2017,12,67,39,39,41.3399977684021,0,27.7378425598145,2017-12-01,42.0568504333496,34.2833518981934,32.0697174072266
23180040,Pluviométrica,Convencional,Santander,Sabana De Torres,7.4528,-73.4828,110,9/15/1972,,Andes,Magdalena Cauca,Medio Magdalena,Río Lebrija y otros directos al Magdalena,2.64000010490418,4.62181806564331,4,6,0.58695650100708,0.833333313465118,1,1,1.05999994277954,2017,12,68,91,91,96.4599947929382,0,30.5499267578125,2017-12-01,58.7722702026367,49.2730598449707,85.6671829223633
23180040,Pluviométrica,Convencional,Santander,Sabana De Torres,7.4528,-73.4828,110,9/15/1972,,Andes,Magdalena Cauca,Medio Magdalena,Río Lebrija y otros directos al Magdalena,2.64000010490418,4.62181806564331,4,6,0.58695650100708,0.833333313465118,1,1,1.05999994277954,2017,12,69,0,0,0,0,8.66153430938721,2017-12-01,9.0608024597168,14.4192886352539,15.6205034255981
23180040,Pluviométrica,Convencional,Santander,Sabana De Torres,7.4528,-73.4828,110,9/15/1972,,Andes,Magdalena Cauca,Medio Magdalena,Río Lebrija y otros directos al Magdalena,2.64000010490418,4.62181806564331,4,6,0.58695650100708,0.833333313465118,1,1,1.05999994277954,2017,12,70,0,0,0,0,2.33731389045715,2017-12-01,1.05541276931763,1.49081814289093,0.838989794254303
23180040,Pluviométrica,Convencional,Santander,Sabana De Torres,7.4528,-73.4828,110,9/15/1972,,Andes,Magdalena Cauca,Medio Magdalena,Río Lebrija y otros directos al Magdalena,2.64000010490418,4.62181806564331,4,6,0.58695650100708,0.833333313465118,1,1,1.05999994277954,2017,12,71,0,0,0,0,2.43609690666199,2017-12-01,2.41898226737976,1.74238884449005,1.60665476322174
23180040,Pluviométrica,Convencional,Santander,Sabana De Torres,7.4528,-73.4828,110,9/15/1972,,Andes,Magdalena Cauca,Medio Magdalena,Río Lebrija y otros directos al Magdalena,2.64000010490418,4.62181806564331,4,6,0.58695650100708,0.833333313465118,1,1,1.05999994277954,2017,12,72,102,102,108.119994163513,0,31.8421821594238,2017-12-01,50.4809913635254,68.4251098632813,76.2815856933594
23180040,Pluviométrica,Convencional,Santander,Sabana De Torres,7.4528,-73.4828,110,9/15/1972,,Andes,Magdalena Cauca,Medio Magdalena,Río Lebrija y otros directos al Magdalena,2.64000010490418,4.62181806564331,4,6,0.58695650100708,0.833333313465118,1,1,1.07000005245209,2018,01,1,23,23,24.610001206398,0,22.708833694458,2018-01-01,45.2304229736328,39.9622383117676,42.4707145690918
23180040,Pluviométrica,Convencional,Santander,Sabana De Torres,7.4528,-73.4828,110,9/15/1972,,Andes,Magdalena Cauca,Medio Magdalena,Río Lebrija y otros directos al Magdalena,2.64000010490418,4.62181806564331,4,6,0.58695650100708,0.833333313465118,1,1,1.07000005245209,2018,01,2,9,9,9.63000047206879,0,12.9407196044922,2018-01-01,21.481689453125,31.4563446044922,40.3692855834961
23180040,Pluviométrica,Convencional,Santander,Sabana De Torres,7.4528,-73.4828,110,9/15/1972,,Andes,Magdalena Cauca,Medio Magdalena,Río Lebrija y otros directos al Magdalena,2.64000010490418,4.62181806564331,4,6,0.58695650100708,0.833333313465118,1,1,1.07000005245209,2018,01,3,112,112,119.840005874634,0,29.0949020385742,2018-01-01,48.4440155029297,55.3883018493652,81.6542434692383
23180040,Pluviométrica,Convencional,Santander,Sabana De Torres,7.4528,-73.4828,110,9/15/1972,,Andes,Magdalena Cauca,Medio Magdalena,Río Lebrija y otros directos al Magdalena,2.64000010490418,4.62181806564331,4,6,0.58695650100708,0.833333313465118,1,1,1.07000005245209,2018,01,4,103,103,110.210005402565,0,11.3188781738281,2018-01-01,12.1523733139038,10.7255411148071,12.038067817688
23180040,Pluviométrica,Convencional,Santander,Sabana De Torres,7.4528,-73.4828,110,9/15/1972,,Andes,Magdalena Cauca,Medio Magdalena,Río Lebrija y otros directos al Magdalena,2.64000010490418,4.62181806564331,4,6,0.58695650100708,0.833333313465118,1,1,1.07000005245209,2018,01,5,0,0,0,0,8.9245491027832,2018-01-01,9.43810558319092,4.30083990097046,3.30890583992004
23180040,Pluviométrica,Convencional,Santander,Sabana De Torres,7.4528,-73.4828,110,9/15/1972,,Andes,Magdalena Cauca,Medio Magdalena,Río Lebrija y otros directos al Magdalena,2.64000010490418,4.62181806564331,4,6,0.58695650100708,0.833333313465118,1,1,1.07000005245209,2018,01,6,0,0,0,0,5.81360197067261,2018-01-01,0,2.94330024719238,0
23180040,Pluviométrica,Convencional,Santander,Sabana De Torres,7.4528,-73.4828,110,9/15/1972,,Andes,Magdalena Cauca,Medio Magdalena,Río Lebrija y otros directos al Magdalena,2.64000010490418,4.62181806564331,4,6,0.58695650100708,0.833333313465118,1,1,1.05999994277954,2018,02,7,0,0,0,0,4.1022629737854,2018-02-01,0.0597022771835327,3.52481961250305,0.0616996735334396
23180040,Pluviométrica,Convencional,Santander,Sabana De Torres,7.4528,-73.4828,110,9/15/1972,,Andes,Magdalena Cauca,Medio Magdalena,Río Lebrija y otros directos al Magdalena,2.64000010490418,4.62181806564331,4,6,0.58695650100708,0.833333313465118,1,1,1.05999994277954,2018,02,8,0,0,0,0,4.14302110671997,2018-02-01,1.09836149215698,2.01479506492615,0.83863115310669
23180040,Pluviométrica,Convencional,Santander,Sabana De Torres,7.4528,-73.4828,110,9/15/1972,,Andes,Magdalena Cauca,Medio Magdalena,Río Lebrija y otros directos al Magdalena,2.64000010490418,4.62181806564331,4,6,0.58695650100708,0.833333313465118,1,1,1.05999994277954,2018,02,9,0,0,0,0,4.21317338943481,2018-02-01,2.79299902915955,5.05296754837036,2.08311772346497
23180040,Pluviométrica,Convencional,Santander,Sabana De Torres,7.4528,-73.4828,110,9/15/1972,,Andes,Magdalena Cauca,Medio Magdalena,Río Lebrija y otros directos al Magdalena,2.64000010490418,4.62181806564331,4,6,0.58695650100708,0.833333313465118,1,1,1.05999994277954,2018,02,10,0,0,0,0,4.23326253890991,2018-02-01,2.41139483451843,2.56954073905945,1.47074520587921
23180040,Pluviométrica,Convencional,Santander,Sabana De Torres,7.4528,-73.4828,110,9/15/1972,,Andes,Magdalena Cauca,Medio Magdalena,Río Lebrija y otros directos al Magdalena,2.64000010490418,4.62181806564331,4,6,0.58695650100708,0.833333313465118,1,1,1.05999994277954,2018,02,11,0,0,0,0,10.905613899231,2018-02-01,17.8564262390137,4.45063495635986,6.97168922424316
23180040,Pluviométrica,Convencional,Santander,Sabana De Torres,7.4528,-73.4828,110,9/15/1972,,Andes,Magdalena Cauca,Medio Magdalena,Río Lebrija y otros directos al Magdalena,2.64000010490418,4.62181806564331,4,6,0.58695650100708,0.833333313465118,1,1,1.05999994277954,2018,02,12,0,0,0,0,2.04732847213745,2018-02-01,0.557212114334106,1.24692463874817,0.469404250383377
23180040,Pluviométrica,Convencional,Santander,Sabana De Torres,7.4528,-73.4828,110,9/15/1972,,Andes,Magdalena Cauca,Medio Magdalena,Río Lebrija y otros directos al Magdalena,2.64000010490418,4.62181806564331,4,6,0.58695650100708,0.833333313465118,1,1,1.05999994277954,2018,03,13,0,0,0,0,6.86219692230225,2018-03-01,2.26716566085815,6.13264560699463,3.34644103050232
23180040,Pluviométrica,Convencional,Santander,Sabana De Torres,7.4528,-73.4828,110,9/15/1972,,Andes,Magdalena Cauca,Medio Magdalena,Río Lebrija y otros directos al Magdalena,2.64000010490418,4.62181806564331,4,6,0.58695650100708,0.833333313465118,1,1,1.05999994277954,2018,03,14,0,0,0,0,6.85359859466553,2018-03-01,0,3.66568470001221,0
23180040,Pluviométrica,Convencional,Santander,Sabana De Torres,7.4528,-73.4828,110,9/15/1972,,Andes,Magdalena Cauca,Medio Magdalena,Río Lebrija y otros directos al Magdalena,2.64000010490418,4.62181806564331,4,6,0.58695650100708,0.833333313465118,1,1,1.05999994277954,2018,03,15,42,42,44.5199975967407,0,11.9694805145264,2018-03-01,11.4563760757446,13.6013689041138,29.4169178009033
23180040,Pluviométrica,Convencional,Santander,Sabana De Torres,7.4528,-73.4828,110,9/15/1972,,Andes,Magdalena Cauca,Medio Magdalena,Río Lebrija y otros directos al Magdalena,2.64000010490418,4.62181806564331,4,6,0.58695650100708,0.833333313465118,1,1,1.05999994277954,2018,03,16,20,20,21.1999988555908,0,18.7681217193604,2018-03-01,38.7032127380371,24.5737628936768,22.5779933929443
23180040,Pluviométrica,Convencional,Santander,Sabana De Torres,7.4528,-73.4828,110,9/15/1972,,Andes,Magdalena Cauca,Medio Magdalena,Río Lebrija y otros directos al Magdalena,2.64000010490418,4.62181806564331,4,6,0.58695650100708,0.833333313465118,1,1,1.05999994277954,2018,03,17,8,8,8.47999954223633,0,29.9828186035156,2018-03-01,66.1013107299805,17.945442199707,25.4232978820801
23180040,Pluviométrica,Convencional,Santander,Sabana De Torres,7.4528,-73.4828,110,9/15/1972,,Andes,Magdalena Cauca,Medio Magdalena,Río Lebrija y otros directos al Magdalena,2.64000010490418,4.62181806564331,4,6,0.58695650100708,0.833333313465118,1,1,1.05999994277954,2018,03,18,129,129,136.739992618561,0,45.2146682739258,2018-03-01,67.4732131958008,87.2182846069336,117.966842651367
23180040,Pluviométrica,Convencional,Santander,Sabana De Torres,7.4528,-73.4828,110,9/15/1972,,Andes,Magdalena Cauca,Medio Magdalena,Río Lebrija y otros directos al Magdalena,2.64000010490418,4.62181806564331,4,6,0.58695650100708,0.833333313465118,1,1,1.04999995231628,2018,04,19,59,59,61.9499971866608,0,49.9694290161133,2018-04-01,65.5543441772461,89.4392013549805,84.2771987915039
23180040,Pluviométrica,Convencional,Santander,Sabana De Torres,7.4528,-73.4828,110,9/15/1972,,Andes,Magdalena Cauca,Medio Magdalena,Río Lebrija y otros directos al Magdalena,2.64000010490418,4.62181806564331,4,6,0.58695650100708,0.833333313465118,1,1,1.04999995231628,2018,04,20,0,0,0,0,10.0465116500855,2018-04-01,6.33419942855835,17.683084487915,15.3342218399048
23180040,Pluviométrica,Convencional,Santander,Sabana De Torres,7.4528,-73.4828,110,9/15/1972,,Andes,Magdalena Cauca,Medio Magdalena,Río Lebrija y otros directos al Magdalena,2.64000010490418,4.62181806564331,4,6,0.58695650100708,0.833333313465118,1,1,1.04999995231628,2018,04,21,0,0,0,0,40.7315673828125,2018-04-01,44.456127166748,56.8254547119141,35.3856468200684
23180040,Pluviométrica,Convencional,Santander,Sabana De Torres,7.4528,-73.4828,110,9/15/1972,,Andes,Magdalena Cauca,Medio Magdalena,Río Lebrija y otros directos al Magdalena,2.64000010490418,4.62181806564331,4,6,0.58695650100708,0.833333313465118,1,1,1.04999995231628,2018,04,22,0,0,0,0,78.3289108276367,2018-04-01,103.882659912109,40.4071350097656,33.0781021118164
23180040,Pluviométrica,Convencional,Santander,Sabana De Torres,7.4528,-73.4828,110,9/15/1972,,Andes,Magdalena Cauca,Medio Magdalena,Río Lebrija y otros directos al Magdalena,2.64000010490418,4.62181806564331,4,6,0.58695650100708,0.833333313465118,1,1,1.04999995231628,2018,04,23,77,77,80.8499963283539,0,69.7105712890625,2018-04-01,93.8032608032227,49.0503730773926,40.7975196838379
23180040,Pluviométrica,Convencional,Santander,Sabana De Torres,7.4528,-73.4828,110,9/15/1972,,Andes,Magdalena Cauca,Medio Magdalena,Río Lebrija y otros directos al Magdalena,2.64000010490418,4.62181806564331,4,6,0.58695650100708,0.833333313465118,1,1,1.04999995231628,2018,04,24,9,9,9.44999957084656,0,40.1366920471191,2018-04-01,49.8666191101074,40.1602973937988,45.4262237548828
23180040,Pluviométrica,Convencional,Santander,Sabana De Torres,7.4528,-73.4828,110,9/15/1972,,Andes,Magdalena Cauca,Medio Magdalena,Río Lebrija y otros directos al Magdalena,2.64000010490418,4.62181806564331,4,6,0.58695650100708,0.833333313465118,1,1,1.03999996185303,2018,05,25,57,57,59.2799978256226,0,53.463191986084,2018-05-01,82.0595550537109,86.5122756958008,61.1853294372559
23180040,Pluviométrica,Convencional,Santander,Sabana De Torres,7.4528,-73.4828,110,9/15/1972,,Andes,Magdalena Cauca,Medio Magdalena,Río Lebrija y otros directos al Magdalena,2.64000010490418,4.62181806564331,4,6,0.58695650100708,0.833333313465118,1,1,1.03999996185303,2018,05,26,0,0,0,0,40.5342254638672,2018-05-01,54.5766067504883,91.0761871337891,74.4300003051758
23180040,Pluviométrica,Convencional,Santander,Sabana De Torres,7.4528,-73.4828,110,9/15/1972,,Andes,Magdalena Cauca,Medio Magdalena,Río Lebrija y otros directos al Magdalena,2.64000010490418,4.62181806564331,4,6,0.58695650100708,0.833333313465118,1,1,1.03999996185303,2018,05,27,142,142,147.67999458313,0,45.0749359130859,2018-05-01,62.0830078125,37.5773048400879,85.2201843261719
23180040,Pluviométrica,Convencional,Santander,Sabana De Torres,7.4528,-73.4828,110,9/15/1972,,Andes,Magdalena Cauca,Medio Magdalena,Río Lebrija y otros directos al Magdalena,2.64000010490418,4.62181806564331,4,6,0.58695650100708,0.833333313465118,1,1,1.03999996185303,2018,05,28,49,49,50.9599981307984,0,46.2920951843262,2018-05-01,66.3339004516602,39.6804122924805,80.5110168457031
23180040,Pluviométrica,Convencional,Santander,Sabana De Torres,7.4528,-73.4828,110,9/15/1972,,Andes,Magdalena Cauca,Medio Magdalena,Río Lebrija y otros directos al Magdalena,2.64000010490418,4.62181806564331,4,6,0.58695650100708,0.833333313465118,1,1,1.03999996185303,2018,05,29,18,18,18.7199993133545,0,39.9167442321777,2018-05-01,49.8848342895508,37.036060333252,60.356861114502
23180040,Pluviométrica,Convencional,Santander,Sabana De Torres,7.4528,-73.4828,110,9/15/1972,,Andes,Magdalena Cauca,Medio Magdalena,Río Lebrija y otros directos al Magdalena,2.64000010490418,4.62181806564331,4,6,0.58695650100708,0.833333313465118,1,1,1.03999996185303,2018,05,30,105,105,109.199995994568,0,60.8846969604492,2018-05-01,62.7553215026856,51.1009330749512,63.3467254638672
23180040,Pluviométrica,Convencional,Santander,Sabana De Torres,7.4528,-73.4828,110,9/15/1972,,Andes,Magdalena Cauca,Medio Magdalena,Río Lebrija y otros directos al Magdalena,2.64000010490418,4.62181806564331,4,6,0.58695650100708,0.833333313465118,1,1,1.04999995231628,2018,06,31,62,62,65.0999970436096,0,22.6172332763672,2018-06-01,35.8129577636719,29.4770851135254,41.131404876709
23180040,Pluviométrica,Convencional,Santander,Sabana De Torres,7.4528,-73.4828,110,9/15/1972,,Andes,Magdalena Cauca,Medio Magdalena,Río Lebrija y otros directos al Magdalena,2.64000010490418,4.62181806564331,4,6,0.58695650100708,0.833333313465118,1,1,1.04999995231628,2018,06,32,0,0,0,0,15.9194869995117,2018-06-01,19.7843132019043,18.4287700653076,14.2874269485474
23180040,Pluviométrica,Convencional,Santander,Sabana De Torres,7.4528,-73.4828,110,9/15/1972,,Andes,Magdalena Cauca,Medio Magdalena,Río Lebrija y otros directos al Magdalena,2.64000010490418,4.62181806564331,4,6,0.58695650100708,0.833333313465118,1,1,1.04999995231628,2018,06,33,60,60,62.9999971389771,0,21.7327785491943,2018-06-01,32.899658203125,15.1566247940063,35.3495445251465
23180040,Pluviométrica,Convencional,Santander,Sabana De Torres,7.4528,-73.4828,110,9/15/1972,,Andes,Magdalena Cauca,Medio Magdalena,Río Lebrija y otros directos al Magdalena,2.64000010490418,4.62181806564331,4,6,0.58695650100708,0.833333313465118,1,1,1.04999995231628,2018,06,34,0,0,0,0,28.66819190979,2018-06-01,53.7978858947754,21.4051723480225,41.5278396606445
23180040,Pluviométrica,Convencional,Santander,Sabana De Torres,7.4528,-73.4828,110,9/15/1972,,Andes,Magdalena Cauca,Medio Magdalena,Río Lebrija y otros directos al Magdalena,2.64000010490418,4.62181806564331,4,6,0.58695650100708,0.833333313465118,1,1,1.04999995231628,2018,06,35,0,0,0,0,22.0194206237793,2018-06-01,34.911865234375,15.1754016876221,21.9437427520752
23180040,Pluviométrica,Convencional,Santander,Sabana De Torres,7.4528,-73.4828,110,9/15/1972,,Andes,Magdalena Cauca,Medio Magdalena,Río Lebrija y otros directos al Magdalena,2.64000010490418,4.62181806564331,4,6,0.58695650100708,0.833333313465118,1,1,1.04999995231628,2018,06,36,0,0,0,0,9.60438919067383,2018-06-01,0,4.61982488632202,0
23180040,Pluviométrica,Convencional,Santander,Sabana De Torres,7.4528,-73.4828,110,9/15/1972,,Andes,Magdalena Cauca,Medio Magdalena,Río Lebrija y otros directos al Magdalena,2.64000010490418,4.62181806564331,4,6,0.58695650100708,0.833333313465118,1,1,1.04999995231628,2018,07,37,35,35,36.7499983310699,0,15.6735038757324,2018-07-01,2.11656284332275,16.1048583984375,7.18242025375366
23180040,Pluviométrica,Convencional,Santander,Sabana De Torres,7.4528,-73.4828,110,9/15/1972,,Andes,Magdalena Cauca,Medio Magdalena,Río Lebrija y otros directos al Magdalena,2.64000010490418,4.62181806564331,4,6,0.58695650100708,0.833333313465118,1,1,1.04999995231628,2018,07,38,4,4,4.19999980926514,0,33.3184013366699,2018-07-01,35.7074775695801,36.2397766113281,54.7359046936035
23180040,Pluviométrica,Convencional,Santander,Sabana De Torres,7.4528,-73.4828,110,9/15/1972,,Andes,Magdalena Cauca,Medio Magdalena,Río Lebrija y otros directos al Magdalena,2.64000010490418,4.62181806564331,4,6,0.58695650100708,0.833333313465118,1,1,1.04999995231628,2018,07,39,0,0,0,0,28.3587493896484,2018-07-01,21.6276664733887,14.3978395462036,16.7571678161621
23180040,Pluviométrica,Convencional,Santander,Sabana De Torres,7.4528,-73.4828,110,9/15/1972,,Andes,Magdalena Cauca,Medio Magdalena,Río Lebrija y otros directos al Magdalena,2.64000010490418,4.62181806564331,4,6,0.58695650100708,0.833333313465118,1,1,1.04999995231628,2018,07,40,0,0,0,0,21.7467384338379,2018-07-01,6.07794523239136,10.509373664856,3.62568998336792
23180040,Pluviométrica,Convencional,Santander,Sabana De Torres,7.4528,-73.4828,110,9/15/1972,,Andes,Magdalena Cauca,Medio Magdalena,Río Lebrija y otros directos al Magdalena,2.64000010490418,4.62181806564331,4,6,0.58695650100708,0.833333313465118,1,1,1.04999995231628,2018,07,41,49,49,51.4499976634979,0,23.9993095397949,2018-07-01,11.8281011581421,32.0466041564941,29.2821388244629
23180040,Pluviométrica,Convencional,Santander,Sabana De Torres,7.4528,-73.4828,110,9/15/1972,,Andes,Magdalena Cauca,Medio Magdalena,Río Lebrija y otros directos al Magdalena,2.64000010490418,4.62181806564331,4,6,0.58695650100708,0.833333313465118,1,1,1.04999995231628,2018,07,42,0,0,0,0,57.49560546875,2018-07-01,60.131721496582,40.1781044006348,22.5677833557129
23180040,Pluviométrica,Convencional,Santander,Sabana De Torres,7.4528,-73.4828,110,9/15/1972,,Andes,Magdalena Cauca,Medio Magdalena,Río Lebrija y otros directos al Magdalena,2.64000010490418,4.62181806564331,4,6,0.58695650100708,0.833333313465118,1,1,1.04999995231628,2018,08,43,22,22,23.0999989509583,0,38.2184829711914,2018-08-01,37.5897178649902,52.8023872375488,32.0016059875488
23180040,Pluviométrica,Convencional,Santander,Sabana De Torres,7.4528,-73.4828,110,9/15/1972,,Andes,Magdalena Cauca,Medio Magdalena,Río Lebrija y otros directos al Magdalena,2.64000010490418,4.62181806564331,4,6,0.58695650100708,0.833333313465118,1,1,1.04999995231628,2018,08,44,0,0,0,0,23.2927322387695,2018-08-01,10.2418632507324,17.4948616027832,4.8752326965332
23180040,Pluviométrica,Convencional,Santander,Sabana De Torres,7.4528,-73.4828,110,9/15/1972,,Andes,Magdalena Cauca,Medio Magdalena,Río Lebrija y otros directos al Magdalena,2.64000010490418,4.62181806564331,4,6,0.58695650100708,0.833333313465118,1,1,1.04999995231628,2018,08,45,42,42,44.0999979972839,0,50.4083786010742,2018-08-01,63.2744178771973,47.5063629150391,46.5205383300781
23180040,Pluviométrica,Convencional,Santander,Sabana De Torres,7.4528,-73.4828,110,9/15/1972,,Andes,Magdalena Cauca,Medio Magdalena,Río Lebrija y otros directos al Magdalena,2.64000010490418,4.62181806564331,4,6,0.58695650100708,0.833333313465118,1,1,1.04999995231628,2018,08,46,0,0,0,0,26.2785911560059,2018-08-01,16.4543132781982,15.9047241210938,6.85193204879761
23180040,Pluviométrica,Convencional,Santander,Sabana De Torres,7.4528,-73.4828,110,9/15/1972,,Andes,Magdalena Cauca,Medio Magdalena,Río Lebrija y otros directos al Magdalena,2.64000010490418,4.62181806564331,4,6,0.58695650100708,0.833333313465118,1,1,1.04999995231628,2018,08,47,11,11,11.5499994754791,0,33.6668128967285,2018-08-01,35.6097106933594,31.2924861907959,25.2103366851807
23180040,Pluviométrica,Convencional,Santander,Sabana De Torres,7.4528,-73.4828,110,9/15/1972,,Andes,Magdalena Cauca,Medio Magdalena,Río Lebrija y otros directos al Magdalena,2.64000010490418,4.62181806564331,4,6,0.58695650100708,0.833333313465118,1,1,1.04999995231628,2018,08,48,52,52,54.5999975204468,0,67.8584594726563,2018-08-01,77.4258880615234,38.6041145324707,61.5156288146973
23180040,Pluviométrica,Convencional,Santander,Sabana De Torres,7.4528,-73.4828,110,9/15/1972,,Andes,Magdalena Cauca,Medio Magdalena,Río Lebrija y otros directos al Magdalena,2.64000010490418,4.62181806564331,4,6,0.58695650100708,0.833333313465118,1,1,1.04999995231628,2018,09,49,85,85,89.2499959468842,0,31.5137519836426,2018-09-01,46.3803520202637,57.1175727844238,80.3334808349609
23180040,Pluviométrica,Convencional,Santander,Sabana De Torres,7.4528,-73.4828,110,9/15/1972,,Andes,Magdalena Cauca,Medio Magdalena,Río Lebrija y otros directos al Magdalena,2.64000010490418,4.62181806564331,4,6,0.58695650100708,0.833333313465118,1,1,1.04999995231628,2018,09,50,109,109,114.449994802475,0,29.0701179504395,2018-09-01,44.4317359924316,26.0841293334961,76.2346496582031
23180040,Pluviométrica,Convencional,Santander,Sabana De Torres,7.4528,-73.4828,110,9/15/1972,,Andes,Magdalena Cauca,Medio Magdalena,Río Lebrija y otros directos al Magdalena,2.64000010490418,4.62181806564331,4,6,0.58695650100708,0.833333313465118,1,1,1.04999995231628,2018,09,51,151,151,158.549992799759,0,19.4645614624023,2018-09-01,26.6427822113037,36.2194366455078,81.0098266601563
23180040,Pluviométrica,Convencional,Santander,Sabana De Torres,7.4528,-73.4828,110,9/15/1972,,Andes,Magdalena Cauca,Medio Magdalena,Río Lebrija y otros directos al Magdalena,2.64000010490418,4.62181806564331,4,6,0.58695650100708,0.833333313465118,1,1,1.04999995231628,2018,09,52,0,0,0,0,27.7880039215088,2018-09-01,43.5288047790527,11.8998327255249,18.7046070098877
23180040,Pluviométrica,Convencional,Santander,Sabana De Torres,7.4528,-73.4828,110,9/15/1972,,Andes,Magdalena Cauca,Medio Magdalena,Río Lebrija y otros directos al Magdalena,2.64000010490418,4.62181806564331,4,6,0.58695650100708,0.833333313465118,1,1,1.04999995231628,2018,09,53,80,80,83.9999961853027,0,27.9201316833496,2018-09-01,50.0123100280762,15.2376680374146,56.7421340942383
23180040,Pluviométrica,Convencional,Santander,Sabana De Torres,7.4528,-73.4828,110,9/15/1972,,Andes,Magdalena Cauca,Medio Magdalena,Río Lebrija y otros directos al Magdalena,2.64000010490418,4.62181806564331,4,6,0.58695650100708,0.833333313465118,1,1,1.04999995231628,2018,09,54,110,110,115.499994754791,0,34.9655570983887,2018-09-01,63.3632736206055,50.1921577453613,73.9154434204102
23180040,Pluviométrica,Convencional,Santander,Sabana De Torres,7.4528,-73.4828,110,9/15/1972,,Andes,Magdalena Cauca,Medio Magdalena,Río Lebrija y otros directos al Magdalena,2.64000010490418,4.62181806564331,4,6,0.58695650100708,0.833333313465118,1,1,1.03999996185303,2018,10,55,65,65,67.5999975204468,0,30.7505722045898,2018-10-01,27.2882671356201,25.526819229126,47.6715278625488
23180040,Pluviométrica,Convencional,Santander,Sabana De Torres,7.4528,-73.4828,110,9/15/1972,,Andes,Magdalena Cauca,Medio Magdalena,Río Lebrija y otros directos al Magdalena,2.64000010490418,4.62181806564331,4,6,0.58695650100708,0.833333313465118,1,1,1.03999996185303,2018,10,56,29,29,30.1599988937378,0,68.0779037475586,2018-10-01,100.076354980469,91.930908203125,71.4795761108399
23180040,Pluviométrica,Convencional,Santander,Sabana De Torres,7.4528,-73.4828,110,9/15/1972,,Andes,Magdalena Cauca,Medio Magdalena,Río Lebrija y otros directos al Magdalena,2.64000010490418,4.62181806564331,4,6,0.58695650100708,0.833333313465118,1,1,1.03999996185303,2018,10,57,43,43,44.7199983596802,0,38.8551902770996,2018-10-01,42.2379760742188,23.2124080657959,45.0672111511231
23180040,Pluviométrica,Convencional,Santander,Sabana De Torres,7.4528,-73.4828,110,9/15/1972,,Andes,Magdalena Cauca,Medio Magdalena,Río Lebrija y otros directos al Magdalena,2.64000010490418,4.62181806564331,4,6,0.58695650100708,0.833333313465118,1,1,1.03999996185303,2018,10,58,0,0,0,0,85.7498626708984,2018-10-01,127.621368408203,124.584159851074,130.939605712891
23180040,Pluviométrica,Convencional,Santander,Sabana De Torres,7.4528,-73.4828,110,9/15/1972,,Andes,Magdalena Cauca,Medio Magdalena,Río Lebrija y otros directos al Magdalena,2.64000010490418,4.62181806564331,4,6,0.58695650100708,0.833333313465118,1,1,1.03999996185303,2018,10,59,110,110,114.399995803833,0,50.7604484558106,2018-10-01,68.7003402709961,113.108055114746,103.775375366211
23180040,Pluviométrica,Convencional,Santander,Sabana De Torres,7.4528,-73.4828,110,9/15/1972,,Andes,Magdalena Cauca,Medio Magdalena,Río Lebrija y otros directos al Magdalena,2.64000010490418,4.62181806564331,4,6,0.58695650100708,0.833333313465118,1,1,1.03999996185303,2018,10,60,87,87,90.4799966812134,0,66.3959426879883,2018-10-01,77.2508697509766,73.4683380126953,55.5566139221191
23180040,Pluviométrica,Convencional,Santander,Sabana De Torres,7.4528,-73.4828,110,9/15/1972,,Andes,Magdalena Cauca,Medio Magdalena,Río Lebrija y otros directos al Magdalena,2.64000010490418,4.62181806564331,4,6,0.58695650100708,0.833333313465118,1,1,1.03999996185303,2018,11,61,109,109,113.35999584198,0,46.8328552246094,2018-11-01,45.559944152832,67.898307800293,69.3890991210938
23180040,Pluviométrica,Convencional,Santander,Sabana De Torres,7.4528,-73.4828,110,9/15/1972,,Andes,Magdalena Cauca,Medio Magdalena,Río Lebrija y otros directos al Magdalena,2.64000010490418,4.62181806564331,4,6,0.58695650100708,0.833333313465118,1,1,1.03999996185303,2018,11,62,138,138,143.519994735718,0,40.0948905944824,2018-11-01,40.4981536865234,42.425220489502,57.4562835693359
23180040,Pluviométrica,Convencional,Santander,Sabana De Torres,7.4528,-73.4828,110,9/15/1972,,Andes,Magdalena Cauca,Medio Magdalena,Río Lebrija y otros directos al Magdalena,2.64000010490418,4.62181806564331,4,6,0.58695650100708,0.833333313465118,1,1,1.03999996185303,2018,11,63,58,58,60.3199977874756,0,86.7452087402344,2018-11-01,98.466552734375,45.3680648803711,41.1158332824707
23180040,Pluviométrica,Convencional,Santander,Sabana De Torres,7.4528,-73.4828,110,9/15/1972,,Andes,Magdalena Cauca,Medio Magdalena,Río Lebrija y otros directos al Magdalena,2.64000010490418,4.62181806564331,4,6,0.58695650100708,0.833333313465118,1,1,1.03999996185303,2018,11,64,32,32,33.2799987792969,0,83.3314056396485,2018-11-01,89.5287322998047,44.5980033874512,53.9942092895508
23180040,Pluviométrica,Convencional,Santander,Sabana De Torres,7.4528,-73.4828,110,9/15/1972,,Andes,Magdalena Cauca,Medio Magdalena,Río Lebrija y otros directos al Magdalena,2.64000010490418,4.62181806564331,4,6,0.58695650100708,0.833333313465118,1,1,1.03999996185303,2018,11,65,20,20,20.7999992370605,0,33.1152801513672,2018-11-01,22.3408489227295,38.8089866638184,31.8357887268066
23180040,Pluviométrica,Convencional,Santander,Sabana De Torres,7.4528,-73.4828,110,9/15/1972,,Andes,Magdalena Cauca,Medio Magdalena,Río Lebrija y otros directos al Magdalena,2.64000010490418,4.62181806564331,4,6,0.58695650100708,0.833333313465118,1,1,1.03999996185303,2018,11,66,18,18,18.7199993133545,0,48.4730606079102,2018-11-01,49.5661010742188,48.8494033813477,40.3412933349609
23180040,Pluviométrica,Convencional,Santander,Sabana De Torres,7.4528,-73.4828,110,9/15/1972,,Andes,Magdalena Cauca,Medio Magdalena,Río Lebrija y otros directos al Magdalena,2.64000010490418,4.62181806564331,4,6,0.58695650100708,0.833333313465118,1,1,1.05999994277954,2018,12,67,0,0,0,0,3.58504867553711,2018-12-01,2.82957887649536,2.40513229370117,1.8807235956192
23180040,Pluviométrica,Convencional,Santander,Sabana De Torres,7.4528,-73.4828,110,9/15/1972,,Andes,Magdalena Cauca,Medio Magdalena,Río Lebrija y otros directos al Magdalena,2.64000010490418,4.62181806564331,4,6,0.58695650100708,0.833333313465118,1,1,1.05999994277954,2018,12,68,0,0,0,0,2.75084924697876,2018-12-01,3.06888055801392,1.2962281703949,1.51309943199158
23180040,Pluviométrica,Convencional,Santander,Sabana De Torres,7.4528,-73.4828,110,9/15/1972,,Andes,Magdalena Cauca,Medio Magdalena,Río Lebrija y otros directos al Magdalena,2.64000010490418,4.62181806564331,4,6,0.58695650100708,0.833333313465118,1,1,1.05999994277954,2018,12,69,0,0,0,0,3.13389039039612,2018-12-01,1.68266594409943,2.32358884811401,1.2651686668396
23180040,Pluviométrica,Convencional,Santander,Sabana De Torres,7.4528,-73.4828,110,9/15/1972,,Andes,Magdalena Cauca,Medio Magdalena,Río Lebrija y otros directos al Magdalena,2.64000010490418,4.62181806564331,4,6,0.58695650100708,0.833333313465118,1,1,1.05999994277954,2018,12,70,70,70,74.1999959945679,0,8.63599109649658,2018-12-01,15.4655752182007,2.9391086101532,8.9973030090332
23180040,Pluviométrica,Convencional,Santander,Sabana De Torres,7.4528,-73.4828,110,9/15/1972,,Andes,Magdalena Cauca,Medio Magdalena,Río Lebrija y otros directos al Magdalena,2.64000010490418,4.62181806564331,4,6,0.58695650100708,0.833333313465118,1,1,1.05999994277954,2018,12,71,0,0,0,0,5.71853733062744,2018-12-01,10.1113290786743,5.52304363250732,13.390383720398
23180040,Pluviométrica,Convencional,Santander,Sabana De Torres,7.4528,-73.4828,110,9/15/1972,,Andes,Magdalena Cauca,Medio Magdalena,Río Lebrija y otros directos al Magdalena,2.64000010490418,4.62181806564331,4,6,0.58695650100708,0.833333313465118,1,1,1.05999994277954,2018,12,72,0,0,0,0,3.40765714645386,2018-12-01,1.10022401809692,1.42725908756256,0.682453572750092
23180040,Pluviométrica,Convencional,Santander,Sabana De Torres,7.4528,-73.4828,110,9/15/1972,,Andes,Magdalena Cauca,Medio Magdalena,Río Lebrija y otros directos al Magdalena,2.64000010490418,4.62181806564331,4,6,0.58695650100708,0.833333313465118,1,1,1.07000005245209,2019,01,1,0,0,0,0,4.39933824539185,2019-01-01,1.33791744709015,2.17245435714722,0.764138340950012
23180040,Pluviométrica,Convencional,Santander,Sabana De Torres,7.4528,-73.4828,110,9/15/1972,,Andes,Magdalena Cauca,Medio Magdalena,Río Lebrija y otros directos al Magdalena,2.64000010490418,4.62181806564331,4,6,0.58695650100708,0.833333313465118,1,1,1.07000005245209,2019,01,2,0,0,0,0,7.01473617553711,2019-01-01,5.9605598449707,3.94170641899109,2.19410729408264
23180040,Pluviométrica,Convencional,Santander,Sabana De Torres,7.4528,-73.4828,110,9/15/1972,,Andes,Magdalena Cauca,Medio Magdalena,Río Lebrija y otros directos al Magdalena,2.64000010490418,4.62181806564331,4,6,0.58695650100708,0.833333313465118,1,1,1.07000005245209,2019,01,3,0,0,0,0,5.47302436828613,2019-01-01,0.983552575111389,3.93867492675781,0.656164824962616
23180040,Pluviométrica,Convencional,Santander,Sabana De Torres,7.4528,-73.4828,110,9/15/1972,,Andes,Magdalena Cauca,Medio Magdalena,Río Lebrija y otros directos al Magdalena,2.64000010490418,4.62181806564331,4,6,0.58695650100708,0.833333313465118,1,1,1.07000005245209,2019,01,4,0,0,0,0,4.50339603424072,2019-01-01,0,3.846275806427,0
23180040,Pluviométrica,Convencional,Santander,Sabana De Torres,7.4528,-73.4828,110,9/15/1972,,Andes,Magdalena Cauca,Medio Magdalena,Río Lebrija y otros directos al Magdalena,2.64000010490418,4.62181806564331,4,6,0.58695650100708,0.833333313465118,1,1,1.07000005245209,2019,01,5,7,7,7.49000036716461,0,4.18000555038452,2019-01-01,0.492262005805969,4.18490028381348,0.678751647472382
23180040,Pluviométrica,Convencional,Santander,Sabana De Torres,7.4528,-73.4828,110,9/15/1972,,Andes,Magdalena Cauca,Medio Magdalena,Río Lebrija y otros directos al Magdalena,2.64000010490418,4.62181806564331,4,6,0.58695650100708,0.833333313465118,1,1,1.07000005245209,2019,01,6,0,0,0,0,8.65216255187988,2019-01-01,6.78555870056152,17.0873680114746,18.1988849639893
23180040,Pluviométrica,Convencional,Santander,Sabana De Torres,7.4528,-73.4828,110,9/15/1972,,Andes,Magdalena Cauca,Medio Magdalena,Río Lebrija y otros directos al Magdalena,2.64000010490418,4.62181806564331,4,6,0.58695650100708,0.833333313465118,1,1,1.05999994277954,2019,02,7,0,0,0,5,4.1022629737854,2019-02-01,0.0597022771835327,1.42452383041382,0.0621669739484787
23180040,Pluviométrica,Convencional,Santander,Sabana De Torres,7.4528,-73.4828,110,9/15/1972,,Andes,Magdalena Cauca,Medio Magdalena,Río Lebrija y otros directos al Magdalena,2.64000010490418,4.62181806564331,4,6,0.58695650100708,0.833333313465118,1,1,1.05999994277954,2019,02,8,0,0,0,5,5.1420316696167,2019-02-01,3.06431722640991,1.88750946521759,2.82092070579529
23180040,Pluviométrica,Convencional,Santander,Sabana De Torres,7.4528,-73.4828,110,9/15/1972,,Andes,Magdalena Cauca,Medio Magdalena,Río Lebrija y otros directos al Magdalena,2.64000010490418,4.62181806564331,4,6,0.58695650100708,0.833333313465118,1,1,1.05999994277954,2019,02,9,0,0,0,5,5.22910070419312,2019-02-01,2.79299902915955,1.5538729429245,1.29304945468903
23180040,Pluviométrica,Convencional,Santander,Sabana De Torres,7.4528,-73.4828,110,9/15/1972,,Andes,Magdalena Cauca,Medio Magdalena,Río Lebrija y otros directos al Magdalena,2.64000010490418,4.62181806564331,4,6,0.58695650100708,0.833333313465118,1,1,1.05999994277954,2019,02,10,0,0,0,5,31.794075012207,2019-02-01,54.5853080749512,30.0955009460449,60.0852890014649
23180040,Pluviométrica,Convencional,Santander,Sabana De Torres,7.4528,-73.4828,110,9/15/1972,,Andes,Magdalena Cauca,Medio Magdalena,Río Lebrija y otros directos al Magdalena,2.64000010490418,4.62181806564331,4,6,0.58695650100708,0.833333313465118,1,1,1.05999994277954,2019,02,11,0,0,0,5,4.45711803436279,2019-02-01,0.974738776683807,1.83481311798096,1.17522847652435
23180040,Pluviométrica,Convencional,Santander,Sabana De Torres,7.4528,-73.4828,110,9/15/1972,,Andes,Magdalena Cauca,Medio Magdalena,Río Lebrija y otros directos al Magdalena,2.64000010490418,4.62181806564331,4,6,0.58695650100708,0.833333313465118,1,1,1.05999994277954,2019,02,12,0,0,0,3,2.04732847213745,2019-02-01,0.557212114334106,0.935402452945709,0.546105861663818
23180040,Pluviométrica,Convencional,Santander,Sabana De Torres,7.4528,-73.4828,110,9/15/1972,,Andes,Magdalena Cauca,Medio Magdalena,Río Lebrija y otros directos al Magdalena,2.64000010490418,4.62181806564331,4,6,0.58695650100708,0.833333313465118,1,1,1.05999994277954,2019,03,13,0,0,0,5,25.6165237426758,2019-03-01,57.6245346069336,17.6607265472412,22.3185977935791
23180040,Pluviométrica,Convencional,Santander,Sabana De Torres,7.4528,-73.4828,110,9/15/1972,,Andes,Magdalena Cauca,Medio Magdalena,Río Lebrija y otros directos al Magdalena,2.64000010490418,4.62181806564331,4,6,0.58695650100708,0.833333313465118,1,1,1.05999994277954,2019,03,14,0,0,0,1,21.3548851013184,2019-03-01,39.0480194091797,20.387767791748,14.5880460739136
23180040,Pluviométrica,Convencional,Santander,Sabana De Torres,7.4528,-73.4828,110,9/15/1972,,Andes,Magdalena Cauca,Medio Magdalena,Río Lebrija y otros directos al Magdalena,2.64000010490418,4.62181806564331,4,6,0.58695650100708,0.833333313465118,1,1,1.05999994277954,2019,03,15,40,40,42.3999977111816,0,10.2870264053345,2019-03-01,9.95315265655518,7.42770767211914,11.7701616287231
23180040,Pluviométrica,Convencional,Santander,Sabana De Torres,7.4528,-73.4828,110,9/15/1972,,Andes,Magdalena Cauca,Medio Magdalena,Río Lebrija y otros directos al Magdalena,2.64000010490418,4.62181806564331,4,6,0.58695650100708,0.833333313465118,1,1,1.05999994277954,2019,03,16,11,11,11.659999370575,0,25.301778793335,2019-03-01,55.0186653137207,31.9550933837891,40.2924156188965
23180040,Pluviométrica,Convencional,Santander,Sabana De Torres,7.4528,-73.4828,110,9/15/1972,,Andes,Magdalena Cauca,Medio Magdalena,Río Lebrija y otros directos al Magdalena,2.64000010490418,4.62181806564331,4,6,0.58695650100708,0.833333313465118,1,1,1.05999994277954,2019,03,17,100,100,105.999994277954,0,21.5359554290772,2019-03-01,42.2821998596191,40.7193717956543,74.7739562988281
23180040,Pluviométrica,Convencional,Santander,Sabana De Torres,7.4528,-73.4828,110,9/15/1972,,Andes,Magdalena Cauca,Medio Magdalena,Río Lebrija y otros directos al Magdalena,2.64000010490418,4.62181806564331,4,6,0.58695650100708,0.833333313465118,1,1,1.05999994277954,2019,03,18,1,1,1.05999994277954,0,24.6599521636963,2019-03-01,28.1853351593018,43.5895309448242,25.6280689239502
23180040,Pluviométrica,Convencional,Santander,Sabana De Torres,7.4528,-73.4828,110,9/15/1972,,Andes,Magdalena Cauca,Medio Magdalena,Río Lebrija y otros directos al Magdalena,2.64000010490418,4.62181806564331,4,6,0.58695650100708,0.833333313465118,1,1,1.04999995231628,2019,04,19,0,0,0,0,41.1527824401855,2019-04-01,52.5820121765137,37.5056648254395,24.419397354126
23180040,Pluviométrica,Convencional,Santander,Sabana De Torres,7.4528,-73.4828,110,9/15/1972,,Andes,Magdalena Cauca,Medio Magdalena,Río Lebrija y otros directos al Magdalena,2.64000010490418,4.62181806564331,4,6,0.58695650100708,0.833333313465118,1,1,1.04999995231628,2019,04,20,97,97,101.84999537468,0,34.5128974914551,2019-04-01,41.7818107604981,85.0809936523438,68.4429702758789
23180040,Pluviométrica,Convencional,Santander,Sabana De Torres,7.4528,-73.4828,110,9/15/1972,,Andes,Magdalena Cauca,Medio Magdalena,Río Lebrija y otros directos al Magdalena,2.64000010490418,4.62181806564331,4,6,0.58695650100708,0.833333313465118,1,1,1.04999995231628,2019,04,21,65,65,68.2499969005585,0,44.5492897033691,2019-04-01,52.1406898498535,40.4696998596191,38.3229789733887
23180040,Pluviométrica,Convencional,Santander,Sabana De Torres,7.4528,-73.4828,110,9/15/1972,,Andes,Magdalena Cauca,Medio Magdalena,Río Lebrija y otros directos al Magdalena,2.64000010490418,4.62181806564331,4,6,0.58695650100708,0.833333313465118,1,1,1.04999995231628,2019,04,22,95,95,99.749995470047,0,52.1182556152344,2019-04-01,64.7686538696289,49.4738121032715,49.5531806945801
23180040,Pluviométrica,Convencional,Santander,Sabana De Torres,7.4528,-73.4828,110,9/15/1972,,Andes,Magdalena Cauca,Medio Magdalena,Río Lebrija y otros directos al Magdalena,2.64000010490418,4.62181806564331,4,6,0.58695650100708,0.833333313465118,1,1,1.04999995231628,2019,04,23,0,0,0,0,24.7074146270752,2019-04-01,41.2794342041016,60.1920890808106,77.0548706054688
23180040,Pluviométrica,Convencional,Santander,Sabana De Torres,7.4528,-73.4828,110,9/15/1972,,Andes,Magdalena Cauca,Medio Magdalena,Río Lebrija y otros directos al Magdalena,2.64000010490418,4.62181806564331,4,6,0.58695650100708,0.833333313465118,1,1,1.04999995231628,2019,04,24,0,0,0,0,30.2544059753418,2019-04-01,36.0419692993164,15.3507213592529,13.1874523162842
23180040,Pluviométrica,Convencional,Santander,Sabana De Torres,7.4528,-73.4828,110,9/15/1972,,Andes,Magdalena Cauca,Medio Magdalena,Río Lebrija y otros directos al Magdalena,2.64000010490418,4.62181806564331,4,6,0.58695650100708,0.833333313465118,1,1,1.03999996185303,2019,05,25,99,99,102.95999622345,0,24.4090938568115,2019-05-01,20.1443462371826,29.262788772583,29.9830589294434
23180040,Pluviométrica,Convencional,Santander,Sabana De Torres,7.4528,-73.4828,110,9/15/1972,,Andes,Magdalena Cauca,Medio Magdalena,Río Lebrija y otros directos al Magdalena,2.64000010490418,4.62181806564331,4,6,0.58695650100708,0.833333313465118,1,1,1.03999996185303,2019,05,26,0,0,0,0,40.5342254638672,2019-05-01,55.794376373291,121.562019348145,131.166595458984
23180040,Pluviométrica,Convencional,Santander,Sabana De Torres,7.4528,-73.4828,110,9/15/1972,,Andes,Magdalena Cauca,Medio Magdalena,Río Lebrija y otros directos al Magdalena,2.64000010490418,4.62181806564331,4,6,0.58695650100708,0.833333313465118,1,1,1.03999996185303,2019,05,27,99,99,102.95999622345,0,43.3297805786133,2019-05-01,58.5935363769531,22.2808685302734,32.0374298095703
23180040,Pluviométrica,Convencional,Santander,Sabana De Torres,7.4528,-73.4828,110,9/15/1972,,Andes,Magdalena Cauca,Medio Magdalena,Río Lebrija y otros directos al Magdalena,2.64000010490418,4.62181806564331,4,6,0.58695650100708,0.833333313465118,1,1,1.03999996185303,2019,05,28,43,43,44.7199983596802,0,31.5215091705322,2019-05-01,34.7547607421875,51.341609954834,40.8961944580078
23180040,Pluviométrica,Convencional,Santander,Sabana De Torres,7.4528,-73.4828,110,9/15/1972,,Andes,Magdalena Cauca,Medio Magdalena,Río Lebrija y otros directos al Magdalena,2.64000010490418,4.62181806564331,4,6,0.58695650100708,0.833333313465118,1,1,1.03999996185303,2019,05,29,112,112,116.479995727539,0,52.5548210144043,2019-05-01,73.6202850341797,51.8181571960449,61.2171363830566
23180040,Pluviométrica,Convencional,Santander,Sabana De Torres,7.4528,-73.4828,110,9/15/1972,,Andes,Magdalena Cauca,Medio Magdalena,Río Lebrija y otros directos al Magdalena,2.64000010490418,4.62181806564331,4,6,0.58695650100708,0.833333313465118,1,1,1.03999996185303,2019,05,30,53,53,55.1199979782105,0,71.5282897949219,2019-05-01,77.0522994995117,89.6475601196289,94.0939254760742
23180040,Pluviométrica,Convencional,Santander,Sabana De Torres,7.4528,-73.4828,110,9/15/1972,,Andes,Magdalena Cauca,Medio Magdalena,Río Lebrija y otros directos al Magdalena,2.64000010490418,4.62181806564331,4,6,0.58695650100708,0.833333313465118,1,1,1.04999995231628,2019,06,31,80,80,83.9999961853027,0,25.0601825714111,2019-06-01,43.0165596008301,26.5230808258057,37.148567199707
23180040,Pluviométrica,Convencional,Santander,Sabana De Torres,7.4528,-73.4828,110,9/15/1972,,Andes,Magdalena Cauca,Medio Magdalena,Río Lebrija y otros directos al Magdalena,2.64000010490418,4.62181806564331,4,6,0.58695650100708,0.833333313465118,1,1,1.04999995231628,2019,06,32,0,0,0,0,28.8003044128418,2019-06-01,50.5296478271484,23.6897716522217,30.036018371582
23180040,Pluviométrica,Convencional,Santander,Sabana De Torres,7.4528,-73.4828,110,9/15/1972,,Andes,Magdalena Cauca,Medio Magdalena,Río Lebrija y otros directos al Magdalena,2.64000010490418,4.62181806564331,4,6,0.58695650100708,0.833333313465118,1,1,1.04999995231628,2019,06,33,14,14,14.699999332428,0,15.4258155822754,2019-06-01,26.5445728302002,12.2641429901123,20.7799320220947
23180040,Pluviométrica,Convencional,Santander,Sabana De Torres,7.4528,-73.4828,110,9/15/1972,,Andes,Magdalena Cauca,Medio Magdalena,Río Lebrija y otros directos al Magdalena,2.64000010490418,4.62181806564331,4,6,0.58695650100708,0.833333313465118,1,1,1.04999995231628,2019,06,34,0,0,0,0,21.562105178833,2019-06-01,34.6579208374023,6.08020782470703,9.60472011566162
23180040,Pluviométrica,Convencional,Santander,Sabana De Torres,7.4528,-73.4828,110,9/15/1972,,Andes,Magdalena Cauca,Medio Magdalena,Río Lebrija y otros directos al Magdalena,2.64000010490418,4.62181806564331,4,6,0.58695650100708,0.833333313465118,1,1,1.04999995231628,2019,06,35,49,49,51.4499976634979,0,33.3723106384277,2019-06-01,62.8428802490234,38.2402648925781,57.3872184753418
23180040,Pluviométrica,Convencional,Santander,Sabana De Torres,7.4528,-73.4828,110,9/15/1972,,Andes,Magdalena Cauca,Medio Magdalena,Río Lebrija y otros directos al Magdalena,2.64000010490418,4.62181806564331,4,6,0.58695650100708,0.833333313465118,1,1,1.04999995231628,2019,06,36,0,0,0,0,11.1577415466309,2019-06-01,0.371671497821808,5.66884756088257,0.335674107074738
23180040,Pluviométrica,Convencional,Santander,Sabana De Torres,7.4528,-73.4828,110,9/15/1972,,Andes,Magdalena Cauca,Medio Magdalena,Río Lebrija y otros directos al Magdalena,2.64000010490418,4.62181806564331,4,6,0.58695650100708,0.833333313465118,1,1,1.04999995231628,2019,07,37,0,0,0,0,20.0929889678955,2019-07-01,11.4822864532471,7.99100780487061,4.48886871337891
23180040,Pluviométrica,Convencional,Santander,Sabana De Torres,7.4528,-73.4828,110,9/15/1972,,Andes,Magdalena Cauca,Medio Magdalena,Río Lebrija y otros directos al Magdalena,2.64000010490418,4.62181806564331,4,6,0.58695650100708,0.833333313465118,1,1,1.04999995231628,2019,07,38,18,18,18.8999991416931,0,36.8028793334961,2019-07-01,40.2254600524902,37.1219825744629,33.1477546691895
23180040,Pluviométrica,Convencional,Santander,Sabana De Torres,7.4528,-73.4828,110,9/15/1972,,Andes,Magdalena Cauca,Medio Magdalena,Río Lebrija y otros directos al Magdalena,2.64000010490418,4.62181806564331,4,6,0.58695650100708,0.833333313465118,1,1,1.04999995231628,2019,07,39,43,43,45.1499979496002,0,22.4960689544678,2019-07-01,10.2837963104248,21.2815208435059,18.42063331604
23180040,Pluviométrica,Convencional,Santander,Sabana De Torres,7.4528,-73.4828,110,9/15/1972,,Andes,Magdalena Cauca,Medio Magdalena,Río Lebrija y otros directos al Magdalena,2.64000010490418,4.62181806564331,4,6,0.58695650100708,0.833333313465118,1,1,1.04999995231628,2019,07,40,63,63,66.1499969959259,0,21.7467384338379,2019-07-01,8.12512397766113,19.3683834075928,12.3296232223511
23180040,Pluviométrica,Convencional,Santander,Sabana De Torres,7.4528,-73.4828,110,9/15/1972,,Andes,Magdalena Cauca,Medio Magdalena,Río Lebrija y otros directos al Magdalena,2.64000010490418,4.62181806564331,4,6,0.58695650100708,0.833333313465118,1,1,1.04999995231628,2019,07,41,19,19,19.9499990940094,0,38.2663421630859,2019-07-01,41.6331024169922,35.5969390869141,47.8769264221192
23180040,Pluviométrica,Convencional,Santander,Sabana De Torres,7.4528,-73.4828,110,9/15/1972,,Andes,Magdalena Cauca,Medio Magdalena,Río Lebrija y otros directos al Magdalena,2.64000010490418,4.62181806564331,4,6,0.58695650100708,0.833333313465118,1,1,1.04999995231628,2019,07,42,0,0,0,0,45.7992706298828,2019-07-01,42.5364112854004,24.843635559082,23.2974624633789
23180040,Pluviométrica,Convencional,Santander,Sabana De Torres,7.4528,-73.4828,110,9/15/1972,,Andes,Magdalena Cauca,Medio Magdalena,Río Lebrija y otros directos al Magdalena,2.64000010490418,4.62181806564331,4,6,0.58695650100708,0.833333313465118,1,1,1.04999995231628,2019,08,43,12,12,12.5999994277954,0,31.623685836792,2019-08-01,24.3673229217529,19.1740436553955,14.6738147735596
23180040,Pluviométrica,Convencional,Santander,Sabana De Torres,7.4528,-73.4828,110,9/15/1972,,Andes,Magdalena Cauca,Medio Magdalena,Río Lebrija y otros directos al Magdalena,2.64000010490418,4.62181806564331,4,6,0.58695650100708,0.833333313465118,1,1,1.04999995231628,2019,08,44,0,0,0,0,18.1850471496582,2019-08-01,2.07852411270142,6.55845546722412,2.20166659355164
23180040,Pluviométrica,Convencional,Santander,Sabana De Torres,7.4528,-73.4828,110,9/15/1972,,Andes,Magdalena Cauca,Medio Magdalena,Río Lebrija y otros directos al Magdalena,2.64000010490418,4.62181806564331,4,6,0.58695650100708,0.833333313465118,1,1,1.04999995231628,2019,08,45,51,51,53.5499975681305,0,60.4295997619629,2019-08-01,76.0534896850586,55.3859443664551,54.2536010742188
23180040,Pluviométrica,Convencional,Santander,Sabana De Torres,7.4528,-73.4828,110,9/15/1972,,Andes,Magdalena Cauca,Medio Magdalena,Río Lebrija y otros directos al Magdalena,2.64000010490418,4.62181806564331,4,6,0.58695650100708,0.833333313465118,1,1,1.04999995231628,2019,08,46,33,33,34.6499984264374,0,31.1507167816162,2019-08-01,27.9910354614258,58.8156471252442,60.7264175415039
23180040,Pluviométrica,Convencional,Santander,Sabana De Torres,7.4528,-73.4828,110,9/15/1972,,Andes,Magdalena Cauca,Medio Magdalena,Río Lebrija y otros directos al Magdalena,2.64000010490418,4.62181806564331,4,6,0.58695650100708,0.833333313465118,1,1,1.04999995231628,2019,08,47,0,0,0,0,32.1139869689941,2019-08-01,28.75221824646,13.4935140609741,10.9687337875366
23180040,Pluviométrica,Convencional,Santander,Sabana De Torres,7.4528,-73.4828,110,9/15/1972,,Andes,Magdalena Cauca,Medio Magdalena,Río Lebrija y otros directos al Magdalena,2.64000010490418,4.62181806564331,4,6,0.58695650100708,0.833333313465118,1,1,1.04999995231628,2019,08,48,70,70,73.4999966621399,0,37.0747909545898,2019-08-01,33.0134201049805,31.7909069061279,32.8350219726563
23180040,Pluviométrica,Convencional,Santander,Sabana De Torres,7.4528,-73.4828,110,9/15/1972,,Andes,Magdalena Cauca,Medio Magdalena,Río Lebrija y otros directos al Magdalena,2.64000010490418,4.62181806564331,4,6,0.58695650100708,0.833333313465118,1,1,1.04999995231628,2019,09,49,0,0,0,0,34.6179008483887,2019-09-01,56.2456893920898,25.2248477935791,33.9377174377441
23180040,Pluviométrica,Convencional,Santander,Sabana De Torres,7.4528,-73.4828,110,9/15/1972,,Andes,Magdalena Cauca,Medio Magdalena,Río Lebrija y otros directos al Magdalena,2.64000010490418,4.62181806564331,4,6,0.58695650100708,0.833333313465118,1,1,1.04999995231628,2019,09,50,12,12,12.5999994277954,0,37.0877685546875,2019-09-01,65.4431610107422,15.1344795227051,28.0066795349121
23180040,Pluviométrica,Convencional,Santander,Sabana De Torres,7.4528,-73.4828,110,9/15/1972,,Andes,Magdalena Cauca,Medio Magdalena,Río Lebrija y otros directos al Magdalena,2.64000010490418,4.62181806564331,4,6,0.58695650100708,0.833333313465118,1,1,1.04999995231628,2019,09,51,91,91,95.5499956607819,0,28.1733493804932,2019-09-01,47.3647651672363,38.3597526550293,51.9549865722656
23180040,Pluviométrica,Convencional,Santander,Sabana De Torres,7.4528,-73.4828,110,9/15/1972,,Andes,Magdalena Cauca,Medio Magdalena,Río Lebrija y otros directos al Magdalena,2.64000010490418,4.62181806564331,4,6,0.58695650100708,0.833333313465118,1,1,1.04999995231628,2019,09,52,66,66,69.2999968528748,0,39.9016265869141,2019-09-01,78.5461273193359,69.5824508666992,85.2138137817383
23180040,Pluviométrica,Convencional,Santander,Sabana De Torres,7.4528,-73.4828,110,9/15/1972,,Andes,Magdalena Cauca,Medio Magdalena,Río Lebrija y otros directos al Magdalena,2.64000010490418,4.62181806564331,4,6,0.58695650100708,0.833333313465118,1,1,1.04999995231628,2019,09,53,64,64,67.1999969482422,0,25.8034000396729,2019-09-01,45.6125755310059,40.2011032104492,42.1495132446289
23180040,Pluviométrica,Convencional,Santander,Sabana De Torres,7.4528,-73.4828,110,9/15/1972,,Andes,Magdalena Cauca,Medio Magdalena,Río Lebrija y otros directos al Magdalena,2.64000010490418,4.62181806564331,4,6,0.58695650100708,0.833333313465118,1,1,1.04999995231628,2019,09,54,184,184,193.199991226196,0,29.3943099975586,2019-09-01,50.0176429748535,64.806282043457,86.5064468383789
23180040,Pluviométrica,Convencional,Santander,Sabana De Torres,7.4528,-73.4828,110,9/15/1972,,Andes,Magdalena Cauca,Medio Magdalena,Río Lebrija y otros directos al Magdalena,2.64000010490418,4.62181806564331,4,6,0.58695650100708,0.833333313465118,1,1,1.03999996185303,2019,10,55,60,60,62.3999977111816,0,44.1361045837402,2019-10-01,53.9980964660645,25.2181034088135,24.6315078735352
23180040,Pluviométrica,Convencional,Santander,Sabana De Torres,7.4528,-73.4828,110,9/15/1972,,Andes,Magdalena Cauca,Medio Magdalena,Río Lebrija y otros directos al Magdalena,2.64000010490418,4.62181806564331,4,6,0.58695650100708,0.833333313465118,1,1,1.03999996185303,2019,10,56,38,38,39.519998550415,0,56.8035354614258,2019-10-01,76.8103637695313,75.3736190795899,80.3442916870117
23180040,Pluviométrica,Convencional,Santander,Sabana De Torres,7.4528,-73.4828,110,9/15/1972,,Andes,Magdalena Cauca,Medio Magdalena,Río Lebrija y otros directos al Magdalena,2.64000010490418,4.62181806564331,4,6,0.58695650100708,0.833333313465118,1,1,1.03999996185303,2019,10,57,65,65,67.5999975204468,0,53.2604217529297,2019-10-01,73.6205215454102,42.0440559387207,58.2641754150391
23180040,Pluviométrica,Convencional,Santander,Sabana De Torres,7.4528,-73.4828,110,9/15/1972,,Andes,Magdalena Cauca,Medio Magdalena,Río Lebrija y otros directos al Magdalena,2.64000010490418,4.62181806564331,4,6,0.58695650100708,0.833333313465118,1,1,1.03999996185303,2019,10,58,48,48,49.9199981689453,0,49.0535430908203,2019-10-01,61.5753440856934,83.1199188232422,84.2913818359375
23180040,Pluviométrica,Convencional,Santander,Sabana De Torres,7.4528,-73.4828,110,9/15/1972,,Andes,Magdalena Cauca,Medio Magdalena,Río Lebrija y otros directos al Magdalena,2.64000010490418,4.62181806564331,4,6,0.58695650100708,0.833333313465118,1,1,1.03999996185303,2019,10,59,21,21,21.8399991989136,0,67.1812973022461,2019-10-01,99.7359619140625,91.6817016601563,107.214508056641
23180040,Pluviométrica,Convencional,Santander,Sabana De Torres,7.4528,-73.4828,110,9/15/1972,,Andes,Magdalena Cauca,Medio Magdalena,Río Lebrija y otros directos al Magdalena,2.64000010490418,4.62181806564331,4,6,0.58695650100708,0.833333313465118,1,1,1.03999996185303,2019,10,60,133,133,138.319994926453,0,67.6434555053711,2019-10-01,77.2508697509766,69.1601943969727,105.629348754883
23180040,Pluviométrica,Convencional,Santander,Sabana De Torres,7.4528,-73.4828,110,9/15/1972,,Andes,Magdalena Cauca,Medio Magdalena,Río Lebrija y otros directos al Magdalena,2.64000010490418,4.62181806564331,4,6,0.58695650100708,0.833333313465118,1,1,1.03999996185303,2019,11,61,143,143,148.719994544983,0,101.695648193359,2019-11-01,114.906150817871,65.7181396484375,77.8239898681641
23180040,Pluviométrica,Convencional,Santander,Sabana De Torres,7.4528,-73.4828,110,9/15/1972,,Andes,Magdalena Cauca,Medio Magdalena,Río Lebrija y otros directos al Magdalena,2.64000010490418,4.62181806564331,4,6,0.58695650100708,0.833333313465118,1,1,1.03999996185303,2019,11,62,110,110,114.399995803833,0,52.9131317138672,2019-11-01,52.5150146484375,28.8394165039063,61.4691047668457
23180040,Pluviométrica,Convencional,Santander,Sabana De Torres,7.4528,-73.4828,110,9/15/1972,,Andes,Magdalena Cauca,Medio Magdalena,Río Lebrija y otros directos al Magdalena,2.64000010490418,4.62181806564331,4,6,0.58695650100708,0.833333313465118,1,1,1.03999996185303,2019,11,63,57,57,59.2799978256226,0,115.647613525391,2019-11-01,132.379257202148,103.794662475586,84.157585144043
23180040,Pluviométrica,Convencional,Santander,Sabana De Torres,7.4528,-73.4828,110,9/15/1972,,Andes,Magdalena Cauca,Medio Magdalena,Río Lebrija y otros directos al Magdalena,2.64000010490418,4.62181806564331,4,6,0.58695650100708,0.833333313465118,1,1,1.03999996185303,2019,11,64,0,0,0,0,10.0344104766846,2019-11-01,0.266033291816711,15.767092704773,0.871328830718994
23180040,Pluviométrica,Convencional,Santander,Sabana De Torres,7.4528,-73.4828,110,9/15/1972,,Andes,Magdalena Cauca,Medio Magdalena,Río Lebrija y otros directos al Magdalena,2.64000010490418,4.62181806564331,4,6,0.58695650100708,0.833333313465118,1,1,1.03999996185303,2019,11,65,30,30,31.1999988555908,0,36.4229011535645,2019-11-01,29.8554763793945,47.2850685119629,47.4860191345215
23180040,Pluviométrica,Convencional,Santander,Sabana De Torres,7.4528,-73.4828,110,9/15/1972,,Andes,Magdalena Cauca,Medio Magdalena,Río Lebrija y otros directos al Magdalena,2.64000010490418,4.62181806564331,4,6,0.58695650100708,0.833333313465118,1,1,1.03999996185303,2019,11,66,26,26,27.0399990081787,0,31.2860431671143,2019-11-01,39.9369621276855,24.6843814849854,26.7425327301025
23180040,Pluviométrica,Convencional,Santander,Sabana De Torres,7.4528,-73.4828,110,9/15/1972,,Andes,Magdalena Cauca,Medio Magdalena,Río Lebrija y otros directos al Magdalena,2.64000010490418,4.62181806564331,4,6,0.58695650100708,0.833333313465118,1,1,1.05999994277954,2019,12,67,32,32,33.9199981689453,0,12.0385265350342,2019-12-01,17.7733001708984,15.0031547546387,17.3953514099121
23180040,Pluviométrica,Convencional,Santander,Sabana De Torres,7.4528,-73.4828,110,9/15/1972,,Andes,Magdalena Cauca,Medio Magdalena,Río Lebrija y otros directos al Magdalena,2.64000010490418,4.62181806564331,4,6,0.58695650100708,0.833333313465118,1,1,1.05999994277954,2019,12,68,26,26,27.5599985122681,0,20.3569316864014,2019-12-01,40.204475402832,30.4683895111084,58.5842323303223
23180040,Pluviométrica,Convencional,Santander,Sabana De Torres,7.4528,-73.4828,110,9/15/1972,,Andes,Magdalena Cauca,Medio Magdalena,Río Lebrija y otros directos al Magdalena,2.64000010490418,4.62181806564331,4,6,0.58695650100708,0.833333313465118,1,1,1.05999994277954,2019,12,69,36,36,38.1599979400635,0,7.87187051773071,2019-12-01,16.4389381408691,10.3080425262451,20.553279876709
23180040,Pluviométrica,Convencional,Santander,Sabana De Torres,7.4528,-73.4828,110,9/15/1972,,Andes,Magdalena Cauca,Medio Magdalena,Río Lebrija y otros directos al Magdalena,2.64000010490418,4.62181806564331,4,6,0.58695650100708,0.833333313465118,1,1,1.05999994277954,2019,12,70,0,0,0,0,16.5093364715576,2019-12-01,33.4782791137695,18.6905403137207,43.3541984558106
23180040,Pluviométrica,Convencional,Santander,Sabana De Torres,7.4528,-73.4828,110,9/15/1972,,Andes,Magdalena Cauca,Medio Magdalena,Río Lebrija y otros directos al Magdalena,2.64000010490418,4.62181806564331,4,6,0.58695650100708,0.833333313465118,1,1,1.05999994277954,2019,12,71,18,18,19.0799989700317,0,30.336841583252,2019-12-01,67.8039321899414,26.8550910949707,30.9765892028809
23180040,Pluviométrica,Convencional,Santander,Sabana De Torres,7.4528,-73.4828,110,9/15/1972,,Andes,Magdalena Cauca,Medio Magdalena,Río Lebrija y otros directos al Magdalena,2.64000010490418,4.62181806564331,4,6,0.58695650100708,0.833333313465118,1,1,1.05999994277954,2019,12,72,78,78,82.6799955368042,0,47.7686157226563,2019-12-01,118.150932312012,72.1580810546875,79.3282928466797
23180040,Pluviométrica,Convencional,Santander,Sabana De Torres,7.4528,-73.4828,110,9/15/1972,,Andes,Magdalena Cauca,Medio Magdalena,Río Lebrija y otros directos al Magdalena,2.64000010490418,4.62181806564331,4,6,0.58695650100708,0.833333313465118,1,1,1.07000005245209,2020,01,1,0,0,0,0,19.3798389434814,2020-01-01,34.2572975158691,6.52055835723877,10.2477741241455
23180040,Pluviométrica,Convencional,Santander,Sabana De Torres,7.4528,-73.4828,110,9/15/1972,,Andes,Magdalena Cauca,Medio Magdalena,Río Lebrija y otros directos al Magdalena,2.64000010490418,4.62181806564331,4,6,0.58695650100708,0.833333313465118,1,1,1.07000005245209,2020,01,2,0,0,0,0,4.47502946853638,2020-01-01,0.786850214004517,2.39208507537842,1.93158853054047
23180040,Pluviométrica,Convencional,Santander,Sabana De Torres,7.4528,-73.4828,110,9/15/1972,,Andes,Magdalena Cauca,Medio Magdalena,Río Lebrija y otros directos al Magdalena,2.64000010490418,4.62181806564331,4,6,0.58695650100708,0.833333313465118,1,1,1.07000005245209,2020,01,3,0,0,0,0,4.60236597061157,2020-01-01,0,2.14841628074646,0
23180040,Pluviométrica,Convencional,Santander,Sabana De Torres,7.4528,-73.4828,110,9/15/1972,,Andes,Magdalena Cauca,Medio Magdalena,Río Lebrija y otros directos al Magdalena,2.64000010490418,4.62181806564331,4,6,0.58695650100708,0.833333313465118,1,1,1.07000005245209,2020,01,4,70,70,74.9000036716461,0,14.7266187667847,2020-01-01,15.2735662460327,20.3853912353516,24.3226718902588
23180040,Pluviométrica,Convencional,Santander,Sabana De Torres,7.4528,-73.4828,110,9/15/1972,,Andes,Magdalena Cauca,Medio Magdalena,Río Lebrija y otros directos al Magdalena,2.64000010490418,4.62181806564331,4,6,0.58695650100708,0.833333313465118,1,1,1.07000005245209,2020,01,5,28,28,29.9600014686585,0,24.5683670043945,2020-01-01,47.0106430053711,49.8088150024414,55.5279846191406
23180040,Pluviométrica,Convencional,Santander,Sabana De Torres,7.4528,-73.4828,110,9/15/1972,,Andes,Magdalena Cauca,Medio Magdalena,Río Lebrija y otros directos al Magdalena,2.64000010490418,4.62181806564331,4,6,0.58695650100708,0.833333313465118,1,1,1.07000005245209,2020,01,6,0,0,0,0,5.81360197067261,2020-01-01,0,3.92499566078186,0
23180040,Pluviométrica,Convencional,Santander,Sabana De Torres,7.4528,-73.4828,110,9/15/1972,,Andes,Magdalena Cauca,Medio Magdalena,Río Lebrija y otros directos al Magdalena,2.64000010490418,4.62181806564331,4,6,0.58695650100708,0.833333313465118,1,1,1.05999994277954,2020,02,7,0,0,0,0,12.0157270431519,2020-02-01,15.0433397293091,6.70651388168335,7.44041776657105
23180040,Pluviométrica,Convencional,Santander,Sabana De Torres,7.4528,-73.4828,110,9/15/1972,,Andes,Magdalena Cauca,Medio Magdalena,Río Lebrija y otros directos al Magdalena,2.64000010490418,4.62181806564331,4,6,0.58695650100708,0.833333313465118,1,1,1.05999994277954,2020,02,8,0,0,0,0,4.14302110671997,2020-02-01,1.09836149215698,2.13705682754517,0.91165566444397
23180040,Pluviométrica,Convencional,Santander,Sabana De Torres,7.4528,-73.4828,110,9/15/1972,,Andes,Magdalena Cauca,Medio Magdalena,Río Lebrija y otros directos al Magdalena,2.64000010490418,4.62181806564331,4,6,0.58695650100708,0.833333313465118,1,1,1.05999994277954,2020,02,9,0,0,0,0,4.21317338943481,2020-02-01,2.79299902915955,2.14870810508728,1.88088691234589
23180040,Pluviométrica,Convencional,Santander,Sabana De Torres,7.4528,-73.4828,110,9/15/1972,,Andes,Magdalena Cauca,Medio Magdalena,Río Lebrija y otros directos al Magdalena,2.64000010490418,4.62181806564331,4,6,0.58695650100708,0.833333313465118,1,1,1.05999994277954,2020,02,10,0,0,0,0,10.3578882217407,2020-02-01,14.0055980682373,5.14339017868042,6.63005256652832
23180040,Pluviométrica,Convencional,Santander,Sabana De Torres,7.4528,-73.4828,110,9/15/1972,,Andes,Magdalena Cauca,Medio Magdalena,Río Lebrija y otros directos al Magdalena,2.64000010490418,4.62181806564331,4,6,0.58695650100708,0.833333313465118,1,1,1.05999994277954,2020,02,11,13,13,13.779999256134,0,4.45711803436279,2020-02-01,0.974738776683807,5.20446300506592,1.02445125579834
23180040,Pluviométrica,Convencional,Santander,Sabana De Torres,7.4528,-73.4828,110,9/15/1972,,Andes,Magdalena Cauca,Medio Magdalena,Río Lebrija y otros directos al Magdalena,2.64000010490418,4.62181806564331,4,6,0.58695650100708,0.833333313465118,1,1,1.05999994277954,2020,02,12,0,0,0,0,2.4724338054657,2020-02-01,0.557212114334106,2.25579333305359,1.19867622852325
23180040,Pluviométrica,Convencional,Santander,Sabana De Torres,7.4528,-73.4828,110,9/15/1972,,Andes,Magdalena Cauca,Medio Magdalena,Río Lebrija y otros directos al Magdalena,2.64000010490418,4.62181806564331,4,6,0.58695650100708,0.833333313465118,1,1,1.05999994277954,2020,03,13,0,0,0,0,6.86219692230225,2020-03-01,2.26716566085815,5.32283687591553,2.71842503547668
23180040,Pluviométrica,Convencional,Santander,Sabana De Torres,7.4528,-73.4828,110,9/15/1972,,Andes,Magdalena Cauca,Medio Magdalena,Río Lebrija y otros directos al Magdalena,2.64000010490418,4.62181806564331,4,6,0.58695650100708,0.833333313465118,1,1,1.05999994277954,2020,03,14,0,0,0,0,8.06203842163086,2020-03-01,0.822319447994232,7.37822771072388,1.64205420017242
23180040,Pluviométrica,Convencional,Santander,Sabana De Torres,7.4528,-73.4828,110,9/15/1972,,Andes,Magdalena Cauca,Medio Magdalena,Río Lebrija y otros directos al Magdalena,2.64000010490418,4.62181806564331,4,6,0.58695650100708,0.833333313465118,1,1,1.05999994277954,2020,03,15,0,0,0,0,9.1653881072998,2020-03-01,3.94026112556458,11.8161869049072,10.0932369232178
23180040,Pluviométrica,Convencional,Santander,Sabana De Torres,7.4528,-73.4828,110,9/15/1972,,Andes,Magdalena Cauca,Medio Magdalena,Río Lebrija y otros directos al Magdalena,2.64000010490418,4.62181806564331,4,6,0.58695650100708,0.833333313465118,1,1,1.05999994277954,2020,03,16,0,0,0,0,5.70080852508545,2020-03-01,0,8.3679370880127,0
23180040,Pluviométrica,Convencional,Santander,Sabana De Torres,7.4528,-73.4828,110,9/15/1972,,Andes,Magdalena Cauca,Medio Magdalena,Río Lebrija y otros directos al Magdalena,2.64000010490418,4.62181806564331,4,6,0.58695650100708,0.833333313465118,1,1,1.05999994277954,2020,03,17,0,0,0,0,5.63598442077637,2020-03-01,0,4.93337249755859,0
23180040,Pluviométrica,Convencional,Santander,Sabana De Torres,7.4528,-73.4828,110,9/15/1972,,Andes,Magdalena Cauca,Medio Magdalena,Río Lebrija y otros directos al Magdalena,2.64000010490418,4.62181806564331,4,6,0.58695650100708,0.833333313465118,1,1,1.05999994277954,2020,03,18,40,40,42.3999977111816,0,15.8074007034302,2020-03-01,9.96526145935059,19.193208694458,23.6297912597656
23180040,Pluviométrica,Convencional,Santander,Sabana De Torres,7.4528,-73.4828,110,9/15/1972,,Andes,Magdalena Cauca,Medio Magdalena,Río Lebrija y otros directos al Magdalena,2.64000010490418,4.62181806564331,4,6,0.58695650100708,0.833333313465118,1,1,1.04999995231628,2020,04,19,49,49,51.4499976634979,0,35.8628005981445,2020-04-01,46.0958480834961,32.7322196960449,38.7023048400879
23180040,Pluviométrica,Convencional,Santander,Sabana De Torres,7.4528,-73.4828,110,9/15/1972,,Andes,Magdalena Cauca,Medio Magdalena,Río Lebrija y otros directos al Magdalena,2.64000010490418,4.62181806564331,4,6,0.58695650100708,0.833333313465118,1,1,1.04999995231628,2020,04,20,0,0,0,0,37.3359375,2020-04-01,47.0333061218262,15.5745420455933,19.0395259857178
23180040,Pluviométrica,Convencional,Santander,Sabana De Torres,7.4528,-73.4828,110,9/15/1972,,Andes,Magdalena Cauca,Medio Magdalena,Río Lebrija y otros directos al Magdalena,2.64000010490418,4.62181806564331,4,6,0.58695650100708,0.833333313465118,1,1,1.04999995231628,2020,04,21,60,60,62.9999971389771,0,38.8227043151856,2020-04-01,44.456127166748,47.9253158569336,59.4636268615723
23180040,Pluviométrica,Convencional,Santander,Sabana De Torres,7.4528,-73.4828,110,9/15/1972,,Andes,Magdalena Cauca,Medio Magdalena,Río Lebrija y otros directos al Magdalena,2.64000010490418,4.62181806564331,4,6,0.58695650100708,0.833333313465118,1,1,1.04999995231628,2020,04,22,70,70,73.4999966621399,0,22.1632194519043,2020-04-01,24.3508548736572,28.5012187957764,28.7045574188232
23180040,Pluviométrica,Convencional,Santander,Sabana De Torres,7.4528,-73.4828,110,9/15/1972,,Andes,Magdalena Cauca,Medio Magdalena,Río Lebrija y otros directos al Magdalena,2.64000010490418,4.62181806564331,4,6,0.58695650100708,0.833333313465118,1,1,1.04999995231628,2020,04,23,0,0,0,0,16.9796009063721,2020-04-01,19.5012588500977,22.0192623138428,25.8493881225586
23180040,Pluviométrica,Convencional,Santander,Sabana De Torres,7.4528,-73.4828,110,9/15/1972,,Andes,Magdalena Cauca,Medio Magdalena,Río Lebrija y otros directos al Magdalena,2.64000010490418,4.62181806564331,4,6,0.58695650100708,0.833333313465118,1,1,1.04999995231628,2020,04,24,20,20,20.9999990463257,0,14.9817771911621,2020-04-01,14.6766004562378,21.0083274841309,22.6303691864014
23180040,Pluviométrica,Convencional,Santander,Sabana De Torres,7.4528,-73.4828,110,9/15/1972,,Andes,Magdalena Cauca,Medio Magdalena,Río Lebrija y otros directos al Magdalena,2.64000010490418,4.62181806564331,4,6,0.58695650100708,0.833333313465118,1,1,1.03999996185303,2020,05,25,35,35,36.399998664856,0,26.8817806243897,2020-05-01,26.4622230529785,15.357424736023,15.6553840637207
23180040,Pluviométrica,Convencional,Santander,Sabana De Torres,7.4528,-73.4828,110,9/15/1972,,Andes,Magdalena Cauca,Medio Magdalena,Río Lebrija y otros directos al Magdalena,2.64000010490418,4.62181806564331,4,6,0.58695650100708,0.833333313465118,1,1,1.03999996185303,2020,05,26,10,10,10.3999996185303,0,27.9209461212158,2020-05-01,27.785795211792,32.1536140441895,40.957878112793
23180040,Pluviométrica,Convencional,Santander,Sabana De Torres,7.4528,-73.4828,110,9/15/1972,,Andes,Magdalena Cauca,Medio Magdalena,Río Lebrija y otros directos al Magdalena,2.64000010490418,4.62181806564331,4,6,0.58695650100708,0.833333313465118,1,1,1.03999996185303,2020,05,27,124,124,128.959995269775,0,45.0749359130859,2020-05-01,59.7566909790039,87.4662628173828,97.0953521728516
23180040,Pluviométrica,Convencional,Santander,Sabana De Torres,7.4528,-73.4828,110,9/15/1972,,Andes,Magdalena Cauca,Medio Magdalena,Río Lebrija y otros directos al Magdalena,2.64000010490418,4.62181806564331,4,6,0.58695650100708,0.833333313465118,1,1,1.03999996185303,2020,05,28,0,0,0,0,33.2258071899414,2020-05-01,41.5217208862305,14.837682723999,17.3567199707031
23180040,Pluviométrica,Convencional,Santander,Sabana De Torres,7.4528,-73.4828,110,9/15/1972,,Andes,Magdalena Cauca,Medio Magdalena,Río Lebrija y otros directos al Magdalena,2.64000010490418,4.62181806564331,4,6,0.58695650100708,0.833333313465118,1,1,1.03999996185303,2020,05,29,0,0,0,0,31.8743286132813,2020-05-01,35.8593368530273,11.6026496887207,12.6397323608398
23180040,Pluviométrica,Convencional,Santander,Sabana De Torres,7.4528,-73.4828,110,9/15/1972,,Andes,Magdalena Cauca,Medio Magdalena,Río Lebrija y otros directos al Magdalena,2.64000010490418,4.62181806564331,4,6,0.58695650100708,0.833333313465118,1,1,1.03999996185303,2020,05,30,56,56,58.2399978637695,0,81.5066604614258,2020-05-01,94.4129028320313,86.0873947143555,89.119758605957
23180040,Pluviométrica,Convencional,Santander,Sabana De Torres,7.4528,-73.4828,110,9/15/1972,,Andes,Magdalena Cauca,Medio Magdalena,Río Lebrija y otros directos al Magdalena,2.64000010490418,4.62181806564331,4,6,0.58695650100708,0.833333313465118,1,1,1.04999995231628,2020,06,31,43,43,45.1499979496002,0,32.7961883544922,2020-06-01,62.5691871643067,32.6750106811523,48.8730354309082
23180040,Pluviométrica,Convencional,Santander,Sabana De Torres,7.4528,-73.4828,110,9/15/1972,,Andes,Magdalena Cauca,Medio Magdalena,Río Lebrija y otros directos al Magdalena,2.64000010490418,4.62181806564331,4,6,0.58695650100708,0.833333313465118,1,1,1.04999995231628,2020,06,32,152,152,159.599992752075,0,22.7624206542969,2020-06-01,36.1818237304688,29.5194969177246,52.9958267211914
23180040,Pluviométrica,Convencional,Santander,Sabana De Torres,7.4528,-73.4828,110,9/15/1972,,Andes,Magdalena Cauca,Medio Magdalena,Río Lebrija y otros directos al Magdalena,2.64000010490418,4.62181806564331,4,6,0.58695650100708,0.833333313465118,1,1,1.04999995231628,2020,06,33,28,28,29.399998664856,0,20.5954551696777,2020-06-01,22.3078536987305,23.3468437194824,29.586669921875
23180040,Pluviométrica,Convencional,Santander,Sabana De Torres,7.4528,-73.4828,110,9/15/1972,,Andes,Magdalena Cauca,Medio Magdalena,Río Lebrija y otros directos al Magdalena,2.64000010490418,4.62181806564331,4,6,0.58695650100708,0.833333313465118,1,1,1.04999995231628,2020,06,34,103,103,108.149995088577,0,26.8916702270508,2020-06-01,51.4053916931152,29.6314334869385,41.4122505187988
23180040,Pluviométrica,Convencional,Santander,Sabana De Torres,7.4528,-73.4828,110,9/15/1972,,Andes,Magdalena Cauca,Medio Magdalena,Río Lebrija y otros directos al Magdalena,2.64000010490418,4.62181806564331,4,6,0.58695650100708,0.833333313465118,1,1,1.04999995231628,2020,06,35,0,0,0,0,13.0317096710205,2020-06-01,9.40963459014893,4.33863401412964,4.54722929000855
23180040,Pluviométrica,Convencional,Santander,Sabana De Torres,7.4528,-73.4828,110,9/15/1972,,Andes,Magdalena Cauca,Medio Magdalena,Río Lebrija y otros directos al Magdalena,2.64000010490418,4.62181806564331,4,6,0.58695650100708,0.833333313465118,1,1,1.04999995231628,2020,06,36,129,129,135.449993848801,0,18.4067230224609,2020-06-01,18.4920806884766,21.0874996185303,30.3613014221191
23180040,Pluviométrica,Convencional,Santander,Sabana De Torres,7.4528,-73.4828,110,9/15/1972,,Andes,Magdalena Cauca,Medio Magdalena,Río Lebrija y otros directos al Magdalena,2.64000010490418,4.62181806564331,4,6,0.58695650100708,0.833333313465118,1,1,1.04999995231628,2020,07,37,53,53,55.6499974727631,0,30.5892677307129,2020-07-01,36.067310333252,24.6518268585205,25.5726451873779
23180040,Pluviométrica,Convencional,Santander,Sabana De Torres,7.4528,-73.4828,110,9/15/1972,,Andes,Magdalena Cauca,Medio Magdalena,Río Lebrija y otros directos al Magdalena,2.64000010490418,4.62181806564331,4,6,0.58695650100708,0.833333313465118,1,1,1.04999995231628,2020,07,38,34,34,35.6999983787537,0,30.4146690368652,2020-07-01,28.9305095672607,58.7878646850586,56.4877014160156
23180040,Pluviométrica,Convencional,Santander,Sabana De Torres,7.4528,-73.4828,110,9/15/1972,,Andes,Magdalena Cauca,Medio Magdalena,Río Lebrija y otros directos al Magdalena,2.64000010490418,4.62181806564331,4,6,0.58695650100708,0.833333313465118,1,1,1.04999995231628,2020,07,39,26,26,27.2999987602234,0,27.7724838256836,2020-07-01,19.5651454925537,35.4369964599609,37.5816078186035
23180040,Pluviométrica,Convencional,Santander,Sabana De Torres,7.4528,-73.4828,110,9/15/1972,,Andes,Magdalena Cauca,Medio Magdalena,Río Lebrija y otros directos al Magdalena,2.64000010490418,4.62181806564331,4,6,0.58695650100708,0.833333313465118,1,1,1.04999995231628,2020,07,40,64,64,67.1999969482422,0,40.3676872253418,2020-07-01,31.6676731109619,24.3961772918701,23.2947483062744
23180040,Pluviométrica,Convencional,Santander,Sabana De Torres,7.4528,-73.4828,110,9/15/1972,,Andes,Magdalena Cauca,Medio Magdalena,Río Lebrija y otros directos al Magdalena,2.64000010490418,4.62181806564331,4,6,0.58695650100708,0.833333313465118,1,1,1.04999995231628,2020,07,41,115,115,120.749994516373,0,55.505672454834,2020-07-01,70.3342132568359,64.0586776733399,63.9482345581055
23180040,Pluviométrica,Convencional,Santander,Sabana De Torres,7.4528,-73.4828,110,9/15/1972,,Andes,Magdalena Cauca,Medio Magdalena,Río Lebrija y otros directos al Magdalena,2.64000010490418,4.62181806564331,4,6,0.58695650100708,0.833333313465118,1,1,1.04999995231628,2020,07,42,108,108,113.399994850159,0,44.3372344970703,2020-07-01,43.7932167053223,55.2767601013184,64.5899353027344
23180040,Pluviométrica,Convencional,Santander,Sabana De Torres,7.4528,-73.4828,110,9/15/1972,,Andes,Magdalena Cauca,Medio Magdalena,Río Lebrija y otros directos al Magdalena,2.64000010490418,4.62181806564331,4,6,0.58695650100708,0.833333313465118,1,1,1.04999995231628,2020,08,43,0,0,0,0,21.7314891815186,2020-08-01,11.1449213027954,11.3339052200317,9.42257499694824
23180040,Pluviométrica,Convencional,Santander,Sabana De Torres,7.4528,-73.4828,110,9/15/1972,,Andes,Magdalena Cauca,Medio Magdalena,Río Lebrija y otros directos al Magdalena,2.64000010490418,4.62181806564331,4,6,0.58695650100708,0.833333313465118,1,1,1.04999995231628,2020,08,44,0,0,0,0,41.1696319580078,2020-08-01,44.2557830810547,16.2621784210205,21.6671886444092
23180040,Pluviométrica,Convencional,Santander,Sabana De Torres,7.4528,-73.4828,110,9/15/1972,,Andes,Magdalena Cauca,Medio Magdalena,Río Lebrija y otros directos al Magdalena,2.64000010490418,4.62181806564331,4,6,0.58695650100708,0.833333313465118,1,1,1.04999995231628,2020,08,45,28,28,29.399998664856,0,42.0573692321777,2020-08-01,46.235652923584,37.3588523864746,52.2627601623535
23180040,Pluviométrica,Convencional,Santander,Sabana De Torres,7.4528,-73.4828,110,9/15/1972,,Andes,Magdalena Cauca,Medio Magdalena,Río Lebrija y otros directos al Magdalena,2.64000010490418,4.62181806564331,4,6,0.58695650100708,0.833333313465118,1,1,1.04999995231628,2020,08,46,88,88,92.399995803833,0,35.210823059082,2020-08-01,42.4119338989258,54.266773223877,88.4624786376953
23180040,Pluviométrica,Convencional,Santander,Sabana De Torres,7.4528,-73.4828,110,9/15/1972,,Andes,Magdalena Cauca,Medio Magdalena,Río Lebrija y otros directos al Magdalena,2.64000010490418,4.62181806564331,4,6,0.58695650100708,0.833333313465118,1,1,1.04999995231628,2020,08,47,137,137,143.849993467331,0,42.5955619812012,2020-08-01,74.0116653442383,60.810115814209,84.5015106201172
23180040,Pluviométrica,Convencional,Santander,Sabana De Torres,7.4528,-73.4828,110,9/15/1972,,Andes,Magdalena Cauca,Medio Magdalena,Río Lebrija y otros directos al Magdalena,2.64000010490418,4.62181806564331,4,6,0.58695650100708,0.833333313465118,1,1,1.04999995231628,2020,08,48,116,116,121.799994468689,0,26.8135643005371,2020-08-01,16.3587436676025,41.1858444213867,21.0132617950439
23180040,Pluviométrica,Convencional,Santander,Sabana De Torres,7.4528,-73.4828,110,9/15/1972,,Andes,Magdalena Cauca,Medio Magdalena,Río Lebrija y otros directos al Magdalena,2.64000010490418,4.62181806564331,4,6,0.58695650100708,0.833333313465118,1,1,1.04999995231628,2020,09,49,78,78,81.8999962806702,0,32.1345863342285,2020-09-01,46.3803520202637,53.2949714660645,67.6304550170899
23180040,Pluviométrica,Convencional,Santander,Sabana De Torres,7.4528,-73.4828,110,9/15/1972,,Andes,Magdalena Cauca,Medio Magdalena,Río Lebrija y otros directos al Magdalena,2.64000010490418,4.62181806564331,4,6,0.58695650100708,0.833333313465118,1,1,1.04999995231628,2020,09,50,125,125,131.249994039536,0,29.6428127288818,2020-09-01,45.8324966430664,25.7262210845947,35.4310493469238
23180040,Pluviométrica,Convencional,Santander,Sabana De Torres,7.4528,-73.4828,110,9/15/1972,,Andes,Magdalena Cauca,Medio Magdalena,Río Lebrija y otros directos al Magdalena,2.64000010490418,4.62181806564331,4,6,0.58695650100708,0.833333313465118,1,1,1.04999995231628,2020,09,51,19,19,19.9499990940094,0,21.0974578857422,2020-09-01,26.6427822113037,34.053352355957,36.1086616516113
23180040,Pluviométrica,Convencional,Santander,Sabana De Torres,7.4528,-73.4828,110,9/15/1972,,Andes,Magdalena Cauca,Medio Magdalena,Río Lebrija y otros directos al Magdalena,2.64000010490418,4.62181806564331,4,6,0.58695650100708,0.833333313465118,1,1,1.04999995231628,2020,09,52,163,163,171.149992227554,0,25.1546058654785,2020-09-01,40.7274169921875,35.238941192627,52.5760383605957
23180040,Pluviométrica,Convencional,Santander,Sabana De Torres,7.4528,-73.4828,110,9/15/1972,,Andes,Magdalena Cauca,Medio Magdalena,Río Lebrija y otros directos al Magdalena,2.64000010490418,4.62181806564331,4,6,0.58695650100708,0.833333313465118,1,1,1.04999995231628,2020,09,53,77,77,80.8499963283539,0,22.6282978057861,2020-09-01,36.8131103515625,18.0751113891602,25.8793773651123
23180040,Pluviométrica,Convencional,Santander,Sabana De Torres,7.4528,-73.4828,110,9/15/1972,,Andes,Magdalena Cauca,Medio Magdalena,Río Lebrija y otros directos al Magdalena,2.64000010490418,4.62181806564331,4,6,0.58695650100708,0.833333313465118,1,1,1.04999995231628,2020,09,54,83,83,87.1499960422516,0,26.469409942627,2020-09-01,52.9833450317383,43.2079315185547,85.4229888916016
23180040,Pluviométrica,Convencional,Santander,Sabana De Torres,7.4528,-73.4828,110,9/15/1972,,Andes,Magdalena Cauca,Medio Magdalena,Río Lebrija y otros directos al Magdalena,2.64000010490418,4.62181806564331,4,6,0.58695650100708,0.833333313465118,1,1,1.03999996185303,2020,10,55,238,238,247.519990921021,0,36.1047821044922,2020-10-01,39.8575973510742,88.9137115478516,105.226280212402
23180040,Pluviométrica,Convencional,Santander,Sabana De Torres,7.4528,-73.4828,110,9/15/1972,,Andes,Magdalena Cauca,Medio Magdalena,Río Lebrija y otros directos al Magdalena,2.64000010490418,4.62181806564331,4,6,0.58695650100708,0.833333313465118,1,1,1.03999996185303,2020,10,56,93,93,96.7199964523316,0,55.8640098571777,2020-10-01,71.8247985839844,64.4530563354492,69.9558868408203
23180040,Pluviométrica,Convencional,Santander,Sabana De Torres,7.4528,-73.4828,110,9/15/1972,,Andes,Magdalena Cauca,Medio Magdalena,Río Lebrija y otros directos al Magdalena,2.64000010490418,4.62181806564331,4,6,0.58695650100708,0.833333313465118,1,1,1.03999996185303,2020,10,57,102,102,106.079996109009,0,48.4586753845215,2020-10-01,63.1596717834473,66.9823150634766,79.5738525390625
23180040,Pluviométrica,Convencional,Santander,Sabana De Torres,7.4528,-73.4828,110,9/15/1972,,Andes,Magdalena Cauca,Medio Magdalena,Río Lebrija y otros directos al Magdalena,2.64000010490418,4.62181806564331,4,6,0.58695650100708,0.833333313465118,1,1,1.03999996185303,2020,10,58,81,81,84.2399969100952,0,58.9714736938477,2020-10-01,79.4256286621094,66.9402236938477,74.9325256347656
23180040,Pluviométrica,Convencional,Santander,Sabana De Torres,7.4528,-73.4828,110,9/15/1972,,Andes,Magdalena Cauca,Medio Magdalena,Río Lebrija y otros directos al Magdalena,2.64000010490418,4.62181806564331,4,6,0.58695650100708,0.833333313465118,1,1,1.03999996185303,2020,10,59,73,73,75.919997215271,0,41.5237121582031,2020-10-01,51.2427978515625,41.9331665039063,46.3846092224121
23180040,Pluviométrica,Convencional,Santander,Sabana De Torres,7.4528,-73.4828,110,9/15/1972,,Andes,Magdalena Cauca,Medio Magdalena,Río Lebrija y otros directos al Magdalena,2.64000010490418,4.62181806564331,4,6,0.58695650100708,0.833333313465118,1,1,1.03999996185303,2020,10,60,244,244,253.759990692139,0,101.32625579834,2020-10-01,138.290420532227,124.279502868652,144.639007568359
23180040,Pluviométrica,Convencional,Santander,Sabana De Torres,7.4528,-73.4828,110,9/15/1972,,Andes,Magdalena Cauca,Medio Magdalena,Río Lebrija y otros directos al Magdalena,2.64000010490418,4.62181806564331,4,6,0.58695650100708,0.833333313465118,1,1,1.03999996185303,2020,11,61,112,112,116.479995727539,0,58.1281356811524,2020-11-01,55.4665412902832,41.0138549804688,45.1942825317383
23180040,Pluviométrica,Convencional,Santander,Sabana De Torres,7.4528,-73.4828,110,9/15/1972,,Andes,Magdalena Cauca,Medio Magdalena,Río Lebrija y otros directos al Magdalena,2.64000010490418,4.62181806564331,4,6,0.58695650100708,0.833333313465118,1,1,1.03999996185303,2020,11,62,15,15,15.5999994277954,0,30.4812030792236,2020-11-01,28.4812984466553,56.8908081054688,63.3860855102539
23180040,Pluviométrica,Convencional,Santander,Sabana De Torres,7.4528,-73.4828,110,9/15/1972,,Andes,Magdalena Cauca,Medio Magdalena,Río Lebrija y otros directos al Magdalena,2.64000010490418,4.62181806564331,4,6,0.58695650100708,0.833333313465118,1,1,1.03999996185303,2020,11,63,88,88,91.5199966430664,0,72.2939910888672,2020-11-01,78.5179061889649,40.8929214477539,41.2004661560059
23180040,Pluviométrica,Convencional,Santander,Sabana De Torres,7.4528,-73.4828,110,9/15/1972,,Andes,Magdalena Cauca,Medio Magdalena,Río Lebrija y otros directos al Magdalena,2.64000010490418,4.62181806564331,4,6,0.58695650100708,0.833333313465118,1,1,1.03999996185303,2020,11,64,27,27,28.0799989700317,0,98.323974609375,2020-11-01,97.2907104492188,135.149017333984,137.807159423828
23180040,Pluviométrica,Convencional,Santander,Sabana De Torres,7.4528,-73.4828,110,9/15/1972,,Andes,Magdalena Cauca,Medio Magdalena,Río Lebrija y otros directos al Magdalena,2.64000010490418,4.62181806564331,4,6,0.58695650100708,0.833333313465118,1,1,1.03999996185303,2020,11,65,190,190,197.599992752075,0,57.9224281311035,2020-11-01,54.278018951416,32.9090042114258,33.3778381347656
23180040,Pluviométrica,Convencional,Santander,Sabana De Torres,7.4528,-73.4828,110,9/15/1972,,Andes,Magdalena Cauca,Medio Magdalena,Río Lebrija y otros directos al Magdalena,2.64000010490418,4.62181806564331,4,6,0.58695650100708,0.833333313465118,1,1,1.03999996185303,2020,11,66,84,84,87.3599967956543,0,35.9734077453613,2020-11-01,38.0111351013184,52.2634468078613,58.4272346496582
23180040,Pluviométrica,Convencional,Santander,Sabana De Torres,7.4528,-73.4828,110,9/15/1972,,Andes,Magdalena Cauca,Medio Magdalena,Río Lebrija y otros directos al Magdalena,2.64000010490418,4.62181806564331,4,6,0.58695650100708,0.833333313465118,1,1,1.05999994277954,2020,12,67,75,75,79.4999957084656,0,38.6065979003906,2020-12-01,58.8685340881348,42.0142593383789,44.7348403930664
23180040,Pluviométrica,Convencional,Santander,Sabana De Torres,7.4528,-73.4828,110,9/15/1972,,Andes,Magdalena Cauca,Medio Magdalena,Río Lebrija y otros directos al Magdalena,2.64000010490418,4.62181806564331,4,6,0.58695650100708,0.833333313465118,1,1,1.05999994277954,2020,12,68,15,15,15.8999991416931,0,11.0905733108521,2020-12-01,19.7798976898193,7.16394567489624,9.6889533996582
23180040,Pluviométrica,Convencional,Santander,Sabana De Torres,7.4528,-73.4828,110,9/15/1972,,Andes,Magdalena Cauca,Medio Magdalena,Río Lebrija y otros directos al Magdalena,2.64000010490418,4.62181806564331,4,6,0.58695650100708,0.833333313465118,1,1,1.05999994277954,2020,12,69,0,0,0,0,2.34422707557678,2020-12-01,1.68266594409943,1.51905453205109,2.25725173950195
23180040,Pluviométrica,Convencional,Santander,Sabana De Torres,7.4528,-73.4828,110,9/15/1972,,Andes,Magdalena Cauca,Medio Magdalena,Río Lebrija y otros directos al Magdalena,2.64000010490418,4.62181806564331,4,6,0.58695650100708,0.833333313465118,1,1,1.05999994277954,2020,12,70,0,0,0,0,6.27398777008057,2020-12-01,8.26049423217773,7.42286539077759,15.174916267395
23180040,Pluviométrica,Convencional,Santander,Sabana De Torres,7.4528,-73.4828,110,9/15/1972,,Andes,Magdalena Cauca,Medio Magdalena,Río Lebrija y otros directos al Magdalena,2.64000010490418,4.62181806564331,4,6,0.58695650100708,0.833333313465118,1,1,1.05999994277954,2020,12,71,34,34,36.0399980545044,0,6.53914785385132,2020-12-01,12.0344161987305,7.35716342926025,16.358793258667
23180040,Pluviométrica,Convencional,Santander,Sabana De Torres,7.4528,-73.4828,110,9/15/1972,,Andes,Magdalena Cauca,Medio Magdalena,Río Lebrija y otros directos al Magdalena,2.64000010490418,4.62181806564331,4,6,0.58695650100708,0.833333313465118,1,1,1.05999994277954,2020,12,72,42,42,44.5199975967407,0,7.46973180770874,2020-12-01,10.2448110580444,4.8758978843689,8.13714218139648
23180040,Pluviométrica,Convencional,Santander,Sabana De Torres,7.4528,-73.4828,110,9/15/1972,,Andes,Magdalena Cauca,Medio Magdalena,Río Lebrija y otros directos al Magdalena,2.64000010490418,4.62181806564331,4,6,0.58695650100708,0.833333313465118,1,1,1.07000005245209,2021,01,1,41,41,43.8700021505356,0,4.39933824539185,2021-01-01,1.33791744709015,3.42483687400818,1.59804773330688
23180040,Pluviométrica,Convencional,Santander,Sabana De Torres,7.4528,-73.4828,110,9/15/1972,,Andes,Magdalena Cauca,Medio Magdalena,Río Lebrija y otros directos al Magdalena,2.64000010490418,4.62181806564331,4,6,0.58695650100708,0.833333313465118,1,1,1.07000005245209,2021,01,2,38,38,40.6600019931793,0,14.6338567733765,2021-01-01,26.6553974151611,26.481990814209,42.9580039978027
23180040,Pluviométrica,Convencional,Santander,Sabana De Torres,7.4528,-73.4828,110,9/15/1972,,Andes,Magdalena Cauca,Medio Magdalena,Río Lebrija y otros directos al Magdalena,2.64000010490418,4.62181806564331,4,6,0.58695650100708,0.833333313465118,1,1,1.07000005245209,2021,01,3,0,0,0,0,4.60236597061157,2021-01-01,0,2.72520017623901,0
23180040,Pluviométrica,Convencional,Santander,Sabana De Torres,7.4528,-73.4828,110,9/15/1972,,Andes,Magdalena Cauca,Medio Magdalena,Río Lebrija y otros directos al Magdalena,2.64000010490418,4.62181806564331,4,6,0.58695650100708,0.833333313465118,1,1,1.07000005245209,2021,01,4,0,0,0,0,4.50339603424072,2021-01-01,0,2.36332631111145,0
23180040,Pluviométrica,Convencional,Santander,Sabana De Torres,7.4528,-73.4828,110,9/15/1972,,Andes,Magdalena Cauca,Medio Magdalena,Río Lebrija y otros directos al Magdalena,2.64000010490418,4.62181806564331,4,6,0.58695650100708,0.833333313465118,1,1,1.07000005245209,2021,01,5,0,0,0,0,4.18000555038452,2021-01-01,0.492262005805969,3.13453936576843,0.544597387313843
23180040,Pluviométrica,Convencional,Santander,Sabana De Torres,7.4528,-73.4828,110,9/15/1972,,Andes,Magdalena Cauca,Medio Magdalena,Río Lebrija y otros directos al Magdalena,2.64000010490418,4.62181806564331,4,6,0.58695650100708,0.833333313465118,1,1,1.07000005245209,2021,01,6,0,0,0,0,5.81360197067261,2021-01-01,0,2.78442168235779,0
23180040,Pluviométrica,Convencional,Santander,Sabana De Torres,7.4528,-73.4828,110,9/15/1972,,Andes,Magdalena Cauca,Medio Magdalena,Río Lebrija y otros directos al Magdalena,2.64000010490418,4.62181806564331,4,6,0.58695650100708,0.833333313465118,1,1,1.05999994277954,2021,02,7,0,0,0,0,9.04817676544189,2021-02-01,7.55152177810669,6.57980537414551,3.92570757865906
23180040,Pluviométrica,Convencional,Santander,Sabana De Torres,7.4528,-73.4828,110,9/15/1972,,Andes,Magdalena Cauca,Medio Magdalena,Río Lebrija y otros directos al Magdalena,2.64000010490418,4.62181806564331,4,6,0.58695650100708,0.833333313465118,1,1,1.05999994277954,2021,02,8,0,0,0,0,4.14302110671997,2021-02-01,1.09836149215698,5.77768087387085,1.50551640987396
23180040,Pluviométrica,Convencional,Santander,Sabana De Torres,7.4528,-73.4828,110,9/15/1972,,Andes,Magdalena Cauca,Medio Magdalena,Río Lebrija y otros directos al Magdalena,2.64000010490418,4.62181806564331,4,6,0.58695650100708,0.833333313465118,1,1,1.05999994277954,2021,02,9,86,86,91.1599950790405,0,7.26095342636108,2021-02-01,8.8349552154541,18.5314178466797,16.0427780151367
23180040,Pluviométrica,Convencional,Santander,Sabana De Torres,7.4528,-73.4828,110,9/15/1972,,Andes,Magdalena Cauca,Medio Magdalena,Río Lebrija y otros directos al Magdalena,2.64000010490418,4.62181806564331,4,6,0.58695650100708,0.833333313465118,1,1,1.05999994277954,2021,02,10,0,0,0,0,15.4617433547974,2021-02-01,21.7350654602051,14.9743738174438,12.8478307723999
23180040,Pluviométrica,Convencional,Santander,Sabana De Torres,7.4528,-73.4828,110,9/15/1972,,Andes,Magdalena Cauca,Medio Magdalena,Río Lebrija y otros directos al Magdalena,2.64000010490418,4.62181806564331,4,6,0.58695650100708,0.833333313465118,1,1,1.05999994277954,2021,02,11,0,0,0,0,7.6813645362854,2021-02-01,6.60196781158447,7.27478265762329,10.5956964492798
23180040,Pluviométrica,Convencional,Santander,Sabana De Torres,7.4528,-73.4828,110,9/15/1972,,Andes,Magdalena Cauca,Medio Magdalena,Río Lebrija y otros directos al Magdalena,2.64000010490418,4.62181806564331,4,6,0.58695650100708,0.833333313465118,1,1,1.05999994277954,2021,02,12,23,23,24.3799986839294,0,4.84207487106323,2021-02-01,7.86762428283691,5.81513595581055,11.234148979187
23180040,Pluviométrica,Convencional,Santander,Sabana De Torres,7.4528,-73.4828,110,9/15/1972,,Andes,Magdalena Cauca,Medio Magdalena,Río Lebrija y otros directos al Magdalena,2.64000010490418,4.62181806564331,4,6,0.58695650100708,0.833333313465118,1,1,1.05999994277954,2021,03,13,10,10,10.5999994277954,0,6.86219692230225,2021-03-01,2.26716566085815,3.72253799438477,1.91782689094543
23180040,Pluviométrica,Convencional,Santander,Sabana De Torres,7.4528,-73.4828,110,9/15/1972,,Andes,Magdalena Cauca,Medio Magdalena,Río Lebrija y otros directos al Magdalena,2.64000010490418,4.62181806564331,4,6,0.58695650100708,0.833333313465118,1,1,1.05999994277954,2021,03,14,73,73,77.3799958229065,0,20.7506637573242,2021-03-01,37.3860321044922,27.0681247711182,38.9142112731934
23180040,Pluviométrica,Convencional,Santander,Sabana De Torres,7.4528,-73.4828,110,9/15/1972,,Andes,Magdalena Cauca,Medio Magdalena,Río Lebrija y otros directos al Magdalena,2.64000010490418,4.62181806564331,4,6,0.58695650100708,0.833333313465118,1,1,1.05999994277954,2021,03,15,0,0,0,0,17.016845703125,2021-03-01,21.9789333343506,22.1975593566895,22.8773384094238
23180040,Pluviométrica,Convencional,Santander,Sabana De Torres,7.4528,-73.4828,110,9/15/1972,,Andes,Magdalena Cauca,Medio Magdalena,Río Lebrija y otros directos al Magdalena,2.64000010490418,4.62181806564331,4,6,0.58695650100708,0.833333313465118,1,1,1.05999994277954,2021,03,16,142,142,150.519991874695,0,18.2655334472656,2021-03-01,35.7367668151856,23.8264083862305,37.1975326538086
23180040,Pluviométrica,Convencional,Santander,Sabana De Torres,7.4528,-73.4828,110,9/15/1972,,Andes,Magdalena Cauca,Medio Magdalena,Río Lebrija y otros directos al Magdalena,2.64000010490418,4.62181806564331,4,6,0.58695650100708,0.833333313465118,1,1,1.05999994277954,2021,03,17,22,22,23.3199987411499,0,15.573468208313,2021-03-01,25.4687156677246,20.3147525787354,26.5097637176514
23180040,Pluviométrica,Convencional,Santander,Sabana De Torres,7.4528,-73.4828,110,9/15/1972,,Andes,Magdalena Cauca,Medio Magdalena,Río Lebrija y otros directos al Magdalena,2.64000010490418,4.62181806564331,4,6,0.58695650100708,0.833333313465118,1,1,1.05999994277954,2021,03,18,0,0,0,0,36.9173278808594,2021-03-01,54.2140121459961,48.1566696166992,56.4300422668457
23180040,Pluviométrica,Convencional,Santander,Sabana De Torres,7.4528,-73.4828,110,9/15/1972,,Andes,Magdalena Cauca,Medio Magdalena,Río Lebrija y otros directos al Magdalena,2.64000010490418,4.62181806564331,4,6,0.58695650100708,0.833333313465118,1,1,1.04999995231628,2021,04,19,0,0,0,5,57.0227432250977,2021-04-01,73.3377456665039,51.3672409057617,59.2393646240234
23180040,Pluviométrica,Convencional,Santander,Sabana De Torres,7.4528,-73.4828,110,9/15/1972,,Andes,Magdalena Cauca,Medio Magdalena,Río Lebrija y otros directos al Magdalena,2.64000010490418,4.62181806564331,4,6,0.58695650100708,0.833333313465118,1,1,1.04999995231628,2021,04,20,0,0,0,5,50.5101432800293,2021-04-01,65.4135513305664,45.5005569458008,52.838508605957
23180040,Pluviométrica,Convencional,Santander,Sabana De Torres,7.4528,-73.4828,110,9/15/1972,,Andes,Magdalena Cauca,Medio Magdalena,Río Lebrija y otros directos al Magdalena,2.64000010490418,4.62181806564331,4,6,0.58695650100708,0.833333313465118,1,1,1.04999995231628,2021,04,21,0,0,0,5,44.5492897033691,2021-04-01,53.4214477539063,40.1309013366699,43.1517562866211
23180040,Pluviométrica,Convencional,Santander,Sabana De Torres,7.4528,-73.4828,110,9/15/1972,,Andes,Magdalena Cauca,Medio Magdalena,Río Lebrija y otros directos al Magdalena,2.64000010490418,4.62181806564331,4,6,0.58695650100708,0.833333313465118,1,1,1.04999995231628,2021,04,22,0,0,0,5,39.0129241943359,2021-04-01,43.9078598022461,35.1436309814453,35.4670486450195
23180040,Pluviométrica,Convencional,Santander,Sabana De Torres,7.4528,-73.4828,110,9/15/1972,,Andes,Magdalena Cauca,Medio Magdalena,Río Lebrija y otros directos al Magdalena,2.64000010490418,4.62181806564331,4,6,0.58695650100708,0.833333313465118,1,1,1.04999995231628,2021,04,23,0,0,0,5,21.5253734588623,2021-04-01,24.6255378723145,8.18374633789063,10.4089441299438
23180040,Pluviométrica,Convencional,Santander,Sabana De Torres,7.4528,-73.4828,110,9/15/1972,,Andes,Magdalena Cauca,Medio Magdalena,Río Lebrija y otros directos al Magdalena,2.64000010490418,4.62181806564331,4,6,0.58695650100708,0.833333313465118,1,1,1.04999995231628,2021,04,24,0,0,0,5,62.5964431762695,2021-04-01,81.2862854003906,56.3881416320801,65.6598815917969
23180040,Pluviométrica,Convencional,Santander,Sabana De Torres,7.4528,-73.4828,110,9/15/1972,,Andes,Magdalena Cauca,Medio Magdalena,Río Lebrija y otros directos al Magdalena,2.64000010490418,4.62181806564331,4,6,0.58695650100708,0.833333313465118,1,1,1.03999996185303,2021,05,25,174,174,180.959993362427,0,42.9542655944824,2021-05-01,59.3151931762695,42.9542655944824,66.1908798217774
23180040,Pluviométrica,Convencional,Santander,Sabana De Torres,7.4528,-73.4828,110,9/15/1972,,Andes,Magdalena Cauca,Medio Magdalena,Río Lebrija y otros directos al Magdalena,2.64000010490418,4.62181806564331,4,6,0.58695650100708,0.833333313465118,1,1,1.03999996185303,2021,05,26,21,21,21.8399991989136,0,22.5152530670166,2021-05-01,18.0436820983887,22.5152530670166,10.5126113891602
23180040,Pluviométrica,Convencional,Santander,Sabana De Torres,7.4528,-73.4828,110,9/15/1972,,Andes,Magdalena Cauca,Medio Magdalena,Río Lebrija y otros directos al Magdalena,2.64000010490418,4.62181806564331,4,6,0.58695650100708,0.833333313465118,1,1,1.03999996185303,2021,05,27,12,12,12.4799995422363,0,16.5707607269287,2021-05-01,5.08827447891235,16.5707607269287,5.67809629440308
23180040,Pluviométrica,Convencional,Santander,Sabana De Torres,7.4528,-73.4828,110,9/15/1972,,Andes,Magdalena Cauca,Medio Magdalena,Río Lebrija y otros directos al Magdalena,2.64000010490418,4.62181806564331,4,6,0.58695650100708,0.833333313465118,1,1,1.03999996185303,2021,05,28,0,0,0,0,46.8601951599121,2021-05-01,67.4617233276367,46.8601951599121,75.28173828125
23180040,Pluviométrica,Convencional,Santander,Sabana De Torres,7.4528,-73.4828,110,9/15/1972,,Andes,Magdalena Cauca,Medio Magdalena,Río Lebrija y otros directos al Magdalena,2.64000010490418,4.62181806564331,4,6,0.58695650100708,0.833333313465118,1,1,1.03999996185303,2021,05,29,137,137,142.479994773865,0,42.7890319824219,2021-05-01,54.2003707885742,42.7890319824219,60.4831619262695
23180040,Pluviométrica,Convencional,Santander,Sabana De Torres,7.4528,-73.4828,110,9/15/1972,,Andes,Magdalena Cauca,Medio Magdalena,Río Lebrija y otros directos al Magdalena,2.64000010490418,4.62181806564331,4,6,0.58695650100708,0.833333313465118,1,1,1.03999996185303,2021,05,30,160,160,166.399993896484,0,50.2411079406738,2021-05-01,44.3734970092773,50.2411079406738,49.5171737670898
23180040,Pluviométrica,Convencional,Santander,Sabana De Torres,7.4528,-73.4828,110,9/15/1972,,Andes,Magdalena Cauca,Medio Magdalena,Río Lebrija y otros directos al Magdalena,2.64000010490418,4.62181806564331,4,6,0.58695650100708,0.833333313465118,1,1,1.04999995231628,2021,06,31,92,92,96.5999956130982,0,32.7961883544922,2021-06-01,61.5401039123535,25.6462688446045,53.2639389038086
23180040,Pluviométrica,Convencional,Santander,Sabana De Torres,7.4528,-73.4828,110,9/15/1972,,Andes,Magdalena Cauca,Medio Magdalena,Río Lebrija y otros directos al Magdalena,2.64000010490418,4.62181806564331,4,6,0.58695650100708,0.833333313465118,1,1,1.04999995231628,2021,06,32,50,50,52.4999976158142,0,35.2407112121582,2021-06-01,71.0265350341797,27.557861328125,61.4745941162109
23180040,Pluviométrica,Convencional,Santander,Sabana De Torres,7.4528,-73.4828,110,9/15/1972,,Andes,Magdalena Cauca,Medio Magdalena,Río Lebrija y otros directos al Magdalena,2.64000010490418,4.62181806564331,4,6,0.58695650100708,0.833333313465118,1,1,1.04999995231628,2021,06,33,28,28,29.399998664856,0,26.6956367492676,2021-06-01,46.6690101623535,20.8757038116455,40.3927688598633
23180040,Pluviométrica,Convencional,Santander,Sabana De Torres,7.4528,-73.4828,110,9/15/1972,,Andes,Magdalena Cauca,Medio Magdalena,Río Lebrija y otros directos al Magdalena,2.64000010490418,4.62181806564331,4,6,0.58695650100708,0.833333313465118,1,1,1.04999995231628,2021,06,34,90,90,94.4999957084656,0,19.7855834960938,2021-06-01,29.8729286193848,15.4721155166626,25.8554954528809
23180040,Pluviométrica,Convencional,Santander,Sabana De Torres,7.4528,-73.4828,110,9/15/1972,,Andes,Magdalena Cauca,Medio Magdalena,Río Lebrija y otros directos al Magdalena,2.64000010490418,4.62181806564331,4,6,0.58695650100708,0.833333313465118,1,1,1.04999995231628,2021,06,35,123,123,129.149994134903,0,22.0194206237793,2021-06-01,31.2686901092529,17.2189502716064,27.0635471343994
23180040,Pluviométrica,Convencional,Santander,Sabana De Torres,7.4528,-73.4828,110,9/15/1972,,Andes,Magdalena Cauca,Medio Magdalena,Río Lebrija y otros directos al Magdalena,2.64000010490418,4.62181806564331,4,6,0.58695650100708,0.833333313465118,1,1,1.04999995231628,2021,06,36,0,0,0,0,32.386905670166,2021-06-01,48.6927604675293,25.3262157440186,42.1443595886231
23180040,Pluviométrica,Convencional,Santander,Sabana De Torres,7.4528,-73.4828,110,9/15/1972,,Andes,Magdalena Cauca,Medio Magdalena,Río Lebrija y otros directos al Magdalena,2.64000010490418,4.62181806564331,4,6,0.58695650100708,0.833333313465118,1,1,1.04999995231628,2021,07,37,91,91,95.5499956607819,0,20.6454238891602,2021-07-01,11.4822864532471,21.9484691619873,13.5790405273438
23180040,Pluviométrica,Convencional,Santander,Sabana De Torres,7.4528,-73.4828,110,9/15/1972,,Andes,Magdalena Cauca,Medio Magdalena,Río Lebrija y otros directos al Magdalena,2.64000010490418,4.62181806564331,4,6,0.58695650100708,0.833333313465118,1,1,1.04999995231628,2021,07,38,40,40,41.9999980926514,0,33.3184013366699,2021-07-01,33.4484901428223,35.4213066101074,39.5564460754395
23180040,Pluviométrica,Convencional,Santander,Sabana De Torres,7.4528,-73.4828,110,9/15/1972,,Andes,Magdalena Cauca,Medio Magdalena,Río Lebrija y otros directos al Magdalena,2.64000010490418,4.62181806564331,4,6,0.58695650100708,0.833333313465118,1,1,1.04999995231628,2021,07,39,0,0,0,0,31.8763580322266,2021-07-01,32.2435913085938,33.8882484436035,38.1315231323242
23180040,Pluviométrica,Convencional,Santander,Sabana De Torres,7.4528,-73.4828,110,9/15/1972,,Andes,Magdalena Cauca,Medio Magdalena,Río Lebrija y otros directos al Magdalena,2.64000010490418,4.62181806564331,4,6,0.58695650100708,0.833333313465118,1,1,1.04999995231628,2021,07,40,14,14,14.699999332428,0,28.1476898193359,2021-07-01,20.4081935882568,29.9242458343506,24.1348876953125
23180040,Pluviométrica,Convencional,Santander,Sabana De Torres,7.4528,-73.4828,110,9/15/1972,,Andes,Magdalena Cauca,Medio Magdalena,Río Lebrija y otros directos al Magdalena,2.64000010490418,4.62181806564331,4,6,0.58695650100708,0.833333313465118,1,1,1.04999995231628,2021,07,41,183,183,192.14999127388,0,51.3444557189941,2021-07-01,63.710880279541,54.5850868225098,75.3449783325195
23180040,Pluviométrica,Convencional,Santander,Sabana De Torres,7.4528,-73.4828,110,9/15/1972,,Andes,Magdalena Cauca,Medio Magdalena,Río Lebrija y otros directos al Magdalena,2.64000010490418,4.62181806564331,4,6,0.58695650100708,0.833333313465118,1,1,1.04999995231628,2021,07,42,25,25,26.2499988079071,0,40.6821327209473,2021-07-01,34.9955596923828,43.2498054504395,41.3860206604004
23180040,Pluviométrica,Convencional,Santander,Sabana De Torres,7.4528,-73.4828,110,9/15/1972,,Andes,Magdalena Cauca,Medio Magdalena,Río Lebrija y otros directos al Magdalena,2.64000010490418,4.62181806564331,4,6,0.58695650100708,0.833333313465118,1,1,1.04999995231628,2021,08,43,0,0,0,0,32.4480361938477,2021-08-01,27.0118007659912,32.4480361938477,54.009708404541
23180040,Pluviométrica,Convencional,Santander,Sabana De Torres,7.4528,-73.4828,110,9/15/1972,,Andes,Magdalena Cauca,Medio Magdalena,Río Lebrija y otros directos al Magdalena,2.64000010490418,4.62181806564331,4,6,0.58695650100708,0.833333313465118,1,1,1.04999995231628,2021,08,44,43,43,45.1499979496002,0,41.1696319580078,2021-08-01,38.8135566711426,41.1696319580078,77.6071548461914
23180040,Pluviométrica,Convencional,Santander,Sabana De Torres,7.4528,-73.4828,110,9/15/1972,,Andes,Magdalena Cauca,Medio Magdalena,Río Lebrija y otros directos al Magdalena,2.64000010490418,4.62181806564331,4,6,0.58695650100708,0.833333313465118,1,1,1.04999995231628,2021,08,45,13,13,13.6499993801117,0,36.2116584777832,2021-08-01,37.7162628173828,36.2116584777832,75.4131317138672
23180040,Pluviométrica,Convencional,Santander,Sabana De Torres,7.4528,-73.4828,110,9/15/1972,,Andes,Magdalena Cauca,Medio Magdalena,Río Lebrija y otros directos al Magdalena,2.64000010490418,4.62181806564331,4,6,0.58695650100708,0.833333313465118,1,1,1.04999995231628,2021,08,46,96,96,100.799995422363,0,46.5791091918945,2021-08-01,58.2749252319336,46.5791091918945,116.519889831543
23180040,Pluviométrica,Convencional,Santander,Sabana De Torres,7.4528,-73.4828,110,9/15/1972,,Andes,Magdalena Cauca,Medio Magdalena,Río Lebrija y otros directos al Magdalena,2.64000010490418,4.62181806564331,4,6,0.58695650100708,0.833333313465118,1,1,1.04999995231628,2021,08,47,40,40,41.9999980926514,0,65.4997482299805,2021-08-01,93.2126388549805,65.4997482299805,186.377349853516
23180040,Pluviométrica,Convencional,Santander,Sabana De Torres,7.4528,-73.4828,110,9/15/1972,,Andes,Magdalena Cauca,Medio Magdalena,Río Lebrija y otros directos al Magdalena,2.64000010490418,4.62181806564331,4,6,0.58695650100708,0.833333313465118,1,1,1.04999995231628,2021,08,48,85,85,89.2499959468842,1,56.7421340942383,2021-08-01,66.3227691650391,56.7421340942383,132.611434936523
23180040,Pluviométrica,Convencional,Santander,Sabana De Torres,7.4528,-73.4828,110,9/15/1972,,Andes,Magdalena Cauca,Medio Magdalena,Río Lebrija y otros directos al Magdalena,2.64000010490418,4.62181806564331,4,6,0.58695650100708,0.833333313465118,1,1,1.04999995231628,2021,09,49,110,110,115.499994754791,0,20.959659576416,2021-09-01,22.4217014312744,34.8827896118164,25.7799434661865
23180040,Pluviométrica,Convencional,Santander,Sabana De Torres,7.4528,-73.4828,110,9/15/1972,,Andes,Magdalena Cauca,Medio Magdalena,Río Lebrija y otros directos al Magdalena,2.64000010490418,4.62181806564331,4,6,0.58695650100708,0.833333313465118,1,1,1.04999995231628,2021,09,50,41,41,43.0499980449677,0,23.9159240722656,2021-09-01,33.2256393432617,39.8028450012207,75.3300628662109
23180040,Pluviométrica,Convencional,Santander,Sabana De Torres,7.4528,-73.4828,110,9/15/1972,,Andes,Magdalena Cauca,Medio Magdalena,Río Lebrija y otros directos al Magdalena,2.64000010490418,4.62181806564331,4,6,0.58695650100708,0.833333313465118,1,1,1.04999995231628,2021,09,51,32,32,33.5999984741211,0,20.5531558990479,2021-09-01,25.2613162994385,34.2062530517578,24.3363361358643
23180040,Pluviométrica,Convencional,Santander,Sabana De Torres,7.4528,-73.4828,110,9/15/1972,,Andes,Magdalena Cauca,Medio Magdalena,Río Lebrija y otros directos al Magdalena,2.64000010490418,4.62181806564331,4,6,0.58695650100708,0.833333313465118,1,1,1.04999995231628,2021,09,52,124,124,130.199994087219,0,16.7277374267578,2021-09-01,16.9156379699707,27.8396759033203,38.3515892028809
23180040,Pluviométrica,Convencional,Santander,Sabana De Torres,7.4528,-73.4828,110,9/15/1972,,Andes,Magdalena Cauca,Medio Magdalena,Río Lebrija y otros directos al Magdalena,2.64000010490418,4.62181806564331,4,6,0.58695650100708,0.833333313465118,1,1,1.04999995231628,2021,09,53,17,17,17.8499991893768,0,21.0407447814941,2021-09-01,30.9468002319336,35.0177383422852,70.1634140014649
23180040,Pluviométrica,Convencional,Santander,Sabana De Torres,7.4528,-73.4828,110,9/15/1972,,Andes,Magdalena Cauca,Medio Magdalena,Río Lebrija y otros directos al Magdalena,2.64000010490418,4.62181806564331,4,6,0.58695650100708,0.833333313465118,1,1,1.04999995231628,2021,09,54,69,69,72.4499967098236,0,31.0656909942627,2021-09-01,50.0176429748535,51.7020721435547,113.401359558105
23180040,Pluviométrica,Convencional,Santander,Sabana De Torres,7.4528,-73.4828,110,9/15/1972,,Andes,Magdalena Cauca,Medio Magdalena,Río Lebrija y otros directos al Magdalena,2.64000010490418,4.62181806564331,4,6,0.58695650100708,0.833333313465118,1,1,1.03999996185303,2021,10,55,0,0,0,0,54.8445205688477,2021-10-01,68.1385879516602,37.3218536376953,40.7840003967285
23180040,Pluviométrica,Convencional,Santander,Sabana De Torres,7.4528,-73.4828,110,9/15/1972,,Andes,Magdalena Cauca,Medio Magdalena,Río Lebrija y otros directos al Magdalena,2.64000010490418,4.62181806564331,4,6,0.58695650100708,0.833333313465118,1,1,1.03999996185303,2021,10,56,25,25,25.9999990463257,0,51.1663551330566,2021-10-01,63.5155181884766,39.6208457946777,46.0842933654785
23180040,Pluviométrica,Convencional,Santander,Sabana De Torres,7.4528,-73.4828,110,9/15/1972,,Andes,Magdalena Cauca,Medio Magdalena,Río Lebrija y otros directos al Magdalena,2.64000010490418,4.62181806564331,4,6,0.58695650100708,0.833333313465118,1,1,1.03999996185303,2021,10,57,167,167,173.679993629456,0,46.537971496582,2021-10-01,56.1857795715332,61.0341148376465,70.591682434082
23180040,Pluviométrica,Convencional,Santander,Sabana De Torres,7.4528,-73.4828,110,9/15/1972,,Andes,Magdalena Cauca,Medio Magdalena,Río Lebrija y otros directos al Magdalena,2.64000010490418,4.62181806564331,4,6,0.58695650100708,0.833333313465118,1,1,1.03999996185303,2021,10,58,68,68,70.7199974060059,0,26.2423210144043,2021-10-01,18.7346878051758,34.079647064209,32.5088424682617
23180040,Pluviométrica,Convencional,Santander,Sabana De Torres,7.4528,-73.4828,110,9/15/1972,,Andes,Magdalena Cauca,Medio Magdalena,Río Lebrija y otros directos al Magdalena,2.64000010490418,4.62181806564331,4,6,0.58695650100708,0.833333313465118,1,1,1.03999996185303,2021,10,59,89,89,92.5599966049194,0,39.4711036682129,2021-10-01,47.3633422851563,56.8929443359375,64.9422378540039
23180040,Pluviométrica,Convencional,Santander,Sabana De Torres,7.4528,-73.4828,110,9/15/1972,,Andes,Magdalena Cauca,Medio Magdalena,Río Lebrija y otros directos al Magdalena,2.64000010490418,4.62181806564331,4,6,0.58695650100708,0.833333313465118,1,1,1.03999996185303,2021,10,60,250,250,259.999990463257,0,63.9009284973145,2021-10-01,73.1815643310547,87.7154922485352,94.6320571899414
23180040,Pluviométrica,Convencional,Santander,Sabana De Torres,7.4528,-73.4828,110,9/15/1972,,Andes,Magdalena Cauca,Medio Magdalena,Río Lebrija y otros directos al Magdalena,2.64000010490418,4.62181806564331,4,6,0.58695650100708,0.833333313465118,1,1,1.03999996185303,2021,11,61,118,118,122.719995498657,0,56.5145225524902,2021-11-01,57.447868347168,67.3515472412109,77.3629455566406
23180040,Pluviométrica,Convencional,Santander,Sabana De Torres,7.4528,-73.4828,110,9/15/1972,,Andes,Magdalena Cauca,Medio Magdalena,Río Lebrija y otros directos al Magdalena,2.64000010490418,4.62181806564331,4,6,0.58695650100708,0.833333313465118,1,1,1.03999996185303,2021,11,62,78,78,81.1199970245361,0,44.9017295837402,2021-11-01,48.5093879699707,47.2876243591309,57.0084533691406
23180040,Pluviométrica,Convencional,Santander,Sabana De Torres,7.4528,-73.4828,110,9/15/1972,,Andes,Magdalena Cauca,Medio Magdalena,Río Lebrija y otros directos al Magdalena,2.64000010490418,4.62181806564331,4,6,0.58695650100708,0.833333313465118,1,1,1.03999996185303,2021,11,63,85,85,88.3999967575073,0,17.700532913208,2021-11-01,16.6771087646484,27.6343688964844,45.2964019775391
23180040,Pluviométrica,Convencional,Santander,Sabana De Torres,7.4528,-73.4828,110,9/15/1972,,Andes,Magdalena Cauca,Medio Magdalena,Río Lebrija y otros directos al Magdalena,2.64000010490418,4.62181806564331,4,6,0.58695650100708,0.833333313465118,1,1,1.03999996185303,2021,11,64,50,50,51.9999980926514,0,20.0294551849365,2021-11-01,8.02800750732422,29.9623413085938,16.079402923584
23180040,Pluviométrica,Convencional,Santander,Sabana De Torres,7.4528,-73.4828,110,9/15/1972,,Andes,Magdalena Cauca,Medio Magdalena,Río Lebrija y otros directos al Magdalena,2.64000010490418,4.62181806564331,4,6,0.58695650100708,0.833333313465118,1,1,1.03999996185303,2021,11,65,90,90,93.5999965667725,0,62.8838577270508,2021-11-01,58.035327911377,105.848388671875,113.051322937012
23180040,Pluviométrica,Convencional,Santander,Sabana De Torres,7.4528,-73.4828,110,9/15/1972,,Andes,Magdalena Cauca,Medio Magdalena,Río Lebrija y otros directos al Magdalena,2.64000010490418,4.62181806564331,4,6,0.58695650100708,0.833333313465118,1,1,1.03999996185303,2021,11,66,42,42,43.6799983978271,0,54.7228813171387,2021-11-01,61.1210670471191,45.0641174316406,51.3647918701172
23180040,Pluviométrica,Convencional,Santander,Sabana De Torres,7.4528,-73.4828,110,9/15/1972,,Andes,Magdalena Cauca,Medio Magdalena,Río Lebrija y otros directos al Magdalena,2.64000010490418,4.62181806564331,4,6,0.58695650100708,0.833333313465118,1,1,1.05999994277954,2021,12,67,0,0,0,0,28.9454784393311,2021-12-01,42.0568504333496,107.746192932129,64.9326248168945
23180040,Pluviométrica,Convencional,Santander,Sabana De Torres,7.4528,-73.4828,110,9/15/1972,,Andes,Magdalena Cauca,Medio Magdalena,Río Lebrija y otros directos al Magdalena,2.64000010490418,4.62181806564331,4,6,0.58695650100708,0.833333313465118,1,1,1.05999994277954,2021,12,68,0,0,0,0,2.75084924697876,2021-12-01,3.06888055801392,2.15150594711304,2.16528248786926
23180040,Pluviométrica,Convencional,Santander,Sabana De Torres,7.4528,-73.4828,110,9/15/1972,,Andes,Magdalena Cauca,Medio Magdalena,Río Lebrija y otros directos al Magdalena,2.64000010490418,4.62181806564331,4,6,0.58695650100708,0.833333313465118,1,1,1.05999994277954,2021,12,69,0,0,0,0,4.71321725845337,2021-12-01,5.37173414230347,16.0863246917725,17.2679767608643
23180040,Pluviométrica,Convencional,Santander,Sabana De Torres,7.4528,-73.4828,110,9/15/1972,,Andes,Magdalena Cauca,Medio Magdalena,Río Lebrija y otros directos al Magdalena,2.64000010490418,4.62181806564331,4,6,0.58695650100708,0.833333313465118,1,1,1.05999994277954,2021,12,70,0,0,0,0,7.84865665435791,2021-12-01,11.8630342483521,14.3506860733032,11.6361742019653
23180040,Pluviométrica,Convencional,Santander,Sabana De Torres,7.4528,-73.4828,110,9/15/1972,,Andes,Magdalena Cauca,Medio Magdalena,Río Lebrija y otros directos al Magdalena,2.64000010490418,4.62181806564331,4,6,0.58695650100708,0.833333313465118,1,1,1.05999994277954,2021,12,71,20.6,20.6,21.8359988212585,0,8.1803674697876,2021-12-01,17.8036766052246,9.80436611175537,27.3679008483887
23180040,Pluviométrica,Convencional,Santander,Sabana De Torres,7.4528,-73.4828,110,9/15/1972,,Andes,Magdalena Cauca,Medio Magdalena,Río Lebrija y otros directos al Magdalena,2.64000010490418,4.62181806564331,4,6,0.58695650100708,0.833333313465118,1,1,1.05999994277954,2021,12,72,21,21,22.2599987983704,0,17.6249179840088,2021-12-01,21.2183151245117,31.8315601348877,40.1345291137695
23180040,Pluviométrica,Convencional,Santander,Sabana De Torres,7.4528,-73.4828,110,9/15/1972,,Andes,Magdalena Cauca,Medio Magdalena,Río Lebrija y otros directos al Magdalena,2.64000010490418,4.62181806564331,4,6,0.58695650100708,0.833333313465118,1,1,1.07000005245209,2022,01,1,0,0,0,0,4.39933824539185,2022-01-01,1.33791744709015,4.39840745925903,1.38532602787018
23180040,Pluviométrica,Convencional,Santander,Sabana De Torres,7.4528,-73.4828,110,9/15/1972,,Andes,Magdalena Cauca,Medio Magdalena,Río Lebrija y otros directos al Magdalena,2.64000010490418,4.62181806564331,4,6,0.58695650100708,0.833333313465118,1,1,1.07000005245209,2022,01,2,0,0,0,0,12.0941495895386,2022-01-01,16.3079795837402,9.38414001464844,7.71491718292236
23180040,Pluviométrica,Convencional,Santander,Sabana De Torres,7.4528,-73.4828,110,9/15/1972,,Andes,Magdalena Cauca,Medio Magdalena,Río Lebrija y otros directos al Magdalena,2.64000010490418,4.62181806564331,4,6,0.58695650100708,0.833333313465118,1,1,1.07000005245209,2022,01,3,61,61,65.2700031995773,0,8.95565605163574,2022-01-01,7.52982378005981,13.5887794494629,34.2251739501953
23180040,Pluviométrica,Convencional,Santander,Sabana De Torres,7.4528,-73.4828,110,9/15/1972,,Andes,Magdalena Cauca,Medio Magdalena,Río Lebrija y otros directos al Magdalena,2.64000010490418,4.62181806564331,4,6,0.58695650100708,0.833333313465118,1,1,1.07000005245209,2022,01,4,0,0,0,0,4.50339603424072,2022-01-01,0,6.75798082351685,0
23180040,Pluviométrica,Convencional,Santander,Sabana De Torres,7.4528,-73.4828,110,9/15/1972,,Andes,Magdalena Cauca,Medio Magdalena,Río Lebrija y otros directos al Magdalena,2.64000010490418,4.62181806564331,4,6,0.58695650100708,0.833333313465118,1,1,1.07000005245209,2022,01,5,12,12,12.840000629425,0,4.18000555038452,2022-01-01,0.492262005805969,8.60387229919434,1.14057660102844
23180040,Pluviométrica,Convencional,Santander,Sabana De Torres,7.4528,-73.4828,110,9/15/1972,,Andes,Magdalena Cauca,Medio Magdalena,Río Lebrija y otros directos al Magdalena,2.64000010490418,4.62181806564331,4,6,0.58695650100708,0.833333313465118,1,1,1.07000005245209,2022,01,6,14,14,14.9800007343292,0,11.4907236099243,2022-01-01,10.3348722457886,21.6666431427002,20.075590133667
23180040,Pluviométrica,Convencional,Santander,Sabana De Torres,7.4528,-73.4828,110,9/15/1972,,Andes,Magdalena Cauca,Medio Magdalena,Río Lebrija y otros directos al Magdalena,2.64000010490418,4.62181806564331,4,6,0.58695650100708,0.833333313465118,1,1,1.05999994277954,2022,02,7,20,20,21.1999988555908,0,4.1022629737854,2022-02-01,0.0597022771835327,4.47448682785034,0.104141183197498
23180040,Pluviométrica,Convencional,Santander,Sabana De Torres,7.4528,-73.4828,110,9/15/1972,,Andes,Magdalena Cauca,Medio Magdalena,Río Lebrija y otros directos al Magdalena,2.64000010490418,4.62181806564331,4,6,0.58695650100708,0.833333313465118,1,1,1.05999994277954,2022,02,8,76,76,80.5599956512451,0,20.1271953582764,2022-02-01,32.5536575317383,31.177131652832,41.2995262145996
23180040,Pluviométrica,Convencional,Santander,Sabana De Torres,7.4528,-73.4828,110,9/15/1972,,Andes,Magdalena Cauca,Medio Magdalena,Río Lebrija y otros directos al Magdalena,2.64000010490418,4.62181806564331,4,6,0.58695650100708,0.833333313465118,1,1,1.05999994277954,2022,02,9,8,8,8.47999954223633,0,24.5317096710205,2022-02-01,43.0727043151856,15.6891555786133,21.4091873168945
23180040,Pluviométrica,Convencional,Santander,Sabana De Torres,7.4528,-73.4828,110,9/15/1972,,Andes,Magdalena Cauca,Medio Magdalena,Río Lebrija y otros directos al Magdalena,2.64000010490418,4.62181806564331,4,6,0.58695650100708,0.833333313465118,1,1,1.05999994277954,2022,02,10,0,0,0,0,10.3578882217407,2022-02-01,14.0055980682373,8.77915382385254,11.4988813400269
23180040,Pluviométrica,Convencional,Santander,Sabana De Torres,7.4528,-73.4828,110,9/15/1972,,Andes,Magdalena Cauca,Medio Magdalena,Río Lebrija y otros directos al Magdalena,2.64000010490418,4.62181806564331,4,6,0.58695650100708,0.833333313465118,1,1,1.05999994277954,2022,02,11,0,0,0,0,4.45711803436279,2022-02-01,0.974738776683807,1.93458914756775,0.707645416259766
23180040,Pluviométrica,Convencional,Santander,Sabana De Torres,7.4528,-73.4828,110,9/15/1972,,Andes,Magdalena Cauca,Medio Magdalena,Río Lebrija y otros directos al Magdalena,2.64000010490418,4.62181806564331,4,6,0.58695650100708,0.833333313465118,1,1,1.05999994277954,2022,02,12,31,31,32.8599982261658,0,13.2263135910034,2022-02-01,31.62646484375,25.0504627227783,32.0535469055176
23180040,Pluviométrica,Convencional,Santander,Sabana De Torres,7.4528,-73.4828,110,9/15/1972,,Andes,Magdalena Cauca,Medio Magdalena,Río Lebrija y otros directos al Magdalena,2.64000010490418,4.62181806564331,4,6,0.58695650100708,0.833333313465118,1,1,1.05999994277954,2022,03,13,122.4,122.4,129.743992996216,0,28.641414642334,2022-03-01,76.0770034790039,69.1677474975586,92.0928115844727
23180040,Pluviométrica,Convencional,Santander,Sabana De Torres,7.4528,-73.4828,110,9/15/1972,,Andes,Magdalena Cauca,Medio Magdalena,Río Lebrija y otros directos al Magdalena,2.64000010490418,4.62181806564331,4,6,0.58695650100708,0.833333313465118,1,1,1.05999994277954,2022,03,14,60,60,63.5999965667725,0,20.7506637573242,2022-03-01,37.3860321044922,26.6371822357178,34.7516136169434
23180040,Pluviométrica,Convencional,Santander,Sabana De Torres,7.4528,-73.4828,110,9/15/1972,,Andes,Magdalena Cauca,Medio Magdalena,Río Lebrija y otros directos al Magdalena,2.64000010490418,4.62181806564331,4,6,0.58695650100708,0.833333313465118,1,1,1.05999994277954,2022,03,15,30,30,31.7999982833862,0,19.2601184844971,2022-03-01,30.9982719421387,32.8737983703613,37.6238098144531
23180040,Pluviométrica,Convencional,Santander,Sabana De Torres,7.4528,-73.4828,110,9/15/1972,,Andes,Magdalena Cauca,Medio Magdalena,Río Lebrija y otros directos al Magdalena,2.64000010490418,4.62181806564331,4,6,0.58695650100708,0.833333313465118,1,1,1.05999994277954,2022,03,16,0,0,0,0,8.71634197235107,2022-03-01,6.0723123550415,7.83461380004883,8.39652538299561
23180040,Pluviométrica,Convencional,Santander,Sabana De Torres,7.4528,-73.4828,110,9/15/1972,,Andes,Magdalena Cauca,Medio Magdalena,Río Lebrija y otros directos al Magdalena,2.64000010490418,4.62181806564331,4,6,0.58695650100708,0.833333313465118,1,1,1.05999994277954,2022,03,17,0,0,0,0,9.11410427093506,2022-03-01,8.6552267074585,15.8710098266602,30.4466323852539
23180040,Pluviométrica,Convencional,Santander,Sabana De Torres,7.4528,-73.4828,110,9/15/1972,,Andes,Magdalena Cauca,Medio Magdalena,Río Lebrija y otros directos al Magdalena,2.64000010490418,4.62181806564331,4,6,0.58695650100708,0.833333313465118,1,1,1.05999994277954,2022,03,18,129,129,136.739992618561,0,46.4508438110352,2022-03-01,68.5297775268555,103.516471862793,114.458961486816
23180040,Pluviométrica,Convencional,Santander,Sabana De Torres,7.4528,-73.4828,110,9/15/1972,,Andes,Magdalena Cauca,Medio Magdalena,Río Lebrija y otros directos al Magdalena,2.64000010490418,4.62181806564331,4,6,0.58695650100708,0.833333313465118,1,1,1.04999995231628,2022,04,19,42,42,44.0999979972839,0,44.6794357299805,2022-04-01,60.3654136657715,37.8136978149414,46.0968246459961
23180040,Pluviométrica,Convencional,Santander,Sabana De Torres,7.4528,-73.4828,110,9/15/1972,,Andes,Magdalena Cauca,Medio Magdalena,Río Lebrija y otros directos al Magdalena,2.64000010490418,4.62181806564331,4,6,0.58695650100708,0.833333313465118,1,1,1.04999995231628,2022,04,20,157,157,164.849992513657,0,47.6870880126953,2022-04-01,56.2234268188477,90.7828216552734,101.09986114502
23180040,Pluviométrica,Convencional,Santander,Sabana De Torres,7.4528,-73.4828,110,9/15/1972,,Andes,Magdalena Cauca,Medio Magdalena,Río Lebrija y otros directos al Magdalena,2.64000010490418,4.62181806564331,4,6,0.58695650100708,0.833333313465118,1,1,1.04999995231628,2022,04,21,37,37,38.8499982357025,0,18.7796382904053,2022-04-01,16.2794189453125,23.3786392211914,27.0865955352783
23180040,Pluviométrica,Convencional,Santander,Sabana De Torres,7.4528,-73.4828,110,9/15/1972,,Andes,Magdalena Cauca,Medio Magdalena,Río Lebrija y otros directos al Magdalena,2.64000010490418,4.62181806564331,4,6,0.58695650100708,0.833333313465118,1,1,1.04999995231628,2022,04,22,105.7,105.7,110.984994959831,0,64.2874908447266,2022-04-01,86.9332580566406,116.909507751465,149.234527587891
23180040,Pluviométrica,Convencional,Santander,Sabana De Torres,7.4528,-73.4828,110,9/15/1972,,Andes,Magdalena Cauca,Medio Magdalena,Río Lebrija y otros directos al Magdalena,2.64000010490418,4.62181806564331,4,6,0.58695650100708,0.833333313465118,1,1,1.04999995231628,2022,04,23,3.7,3.7,3.88499982357025,0,47.8908615112305,2022-04-01,59.2143974304199,92.229606628418,121.877235412598
23180040,Pluviométrica,Convencional,Santander,Sabana De Torres,7.4528,-73.4828,110,9/15/1972,,Andes,Magdalena Cauca,Medio Magdalena,Río Lebrija y otros directos al Magdalena,2.64000010490418,4.62181806564331,4,6,0.58695650100708,0.833333313465118,1,1,1.04999995231628,2022,04,24,60.4,60.4,63.4199971199036,0,36.5431327819824,2022-04-01,43.5826835632324,55.7906646728516,70.8261489868164
23180040,Pluviométrica,Convencional,Santander,Sabana De Torres,7.4528,-73.4828,110,9/15/1972,,Andes,Magdalena Cauca,Medio Magdalena,Río Lebrija y otros directos al Magdalena,2.64000010490418,4.62181806564331,4,6,0.58695650100708,0.833333313465118,1,1,1.03999996185303,2022,05,25,75,75,77.9999971389771,0,50.3723297119141,2022-05-01,74.4781036376953,54.1823348999024,62.1076622009277
23180040,Pluviométrica,Convencional,Santander,Sabana De Torres,7.4528,-73.4828,110,9/15/1972,,Andes,Magdalena Cauca,Medio Magdalena,Río Lebrija y otros directos al Magdalena,2.64000010490418,4.62181806564331,4,6,0.58695650100708,0.833333313465118,1,1,1.03999996185303,2022,05,26,63,63,65.5199975967407,0,49.5437126159668,2022-05-01,71.6253051757813,67.2827911376953,78.329345703125
23180040,Pluviométrica,Convencional,Santander,Sabana De Torres,7.4528,-73.4828,110,9/15/1972,,Andes,Magdalena Cauca,Medio Magdalena,Río Lebrija y otros directos al Magdalena,2.64000010490418,4.62181806564331,4,6,0.58695650100708,0.833333313465118,1,1,1.03999996185303,2022,05,27,0,0,0,0,46.8200912475586,2022-05-01,64.4093246459961,39.835823059082,45.0668487548828
23180040,Pluviométrica,Convencional,Santander,Sabana De Torres,7.4528,-73.4828,110,9/15/1972,,Andes,Magdalena Cauca,Medio Magdalena,Río Lebrija y otros directos al Magdalena,2.64000010490418,4.62181806564331,4,6,0.58695650100708,0.833333313465118,1,1,1.03999996185303,2022,05,28,64,64,66.5599975585938,0,30.9534091949463,2022-05-01,37.0104141235352,31.316967010498,35.9514389038086
23180040,Pluviométrica,Convencional,Santander,Sabana De Torres,7.4528,-73.4828,110,9/15/1972,,Andes,Magdalena Cauca,Medio Magdalena,Río Lebrija y otros directos al Magdalena,2.64000010490418,4.62181806564331,4,6,0.58695650100708,0.833333313465118,1,1,1.03999996185303,2022,05,29,16,16,16.6399993896484,0,38.7678260803223,2022-05-01,49.8848342895508,14.3384494781494,17.4331932067871
23180040,Pluviométrica,Convencional,Santander,Sabana De Torres,7.4528,-73.4828,110,9/15/1972,,Andes,Magdalena Cauca,Medio Magdalena,Río Lebrija y otros directos al Magdalena,2.64000010490418,4.62181806564331,4,6,0.58695650100708,0.833333313465118,1,1,1.03999996185303,2022,05,30,121,121,125.839995384216,0,42.9236335754395,2022-05-01,40.288646697998,23.4111919403076,24.1799221038818
23180040,Pluviométrica,Convencional,Santander,Sabana De Torres,7.4528,-73.4828,110,9/15/1972,,Andes,Magdalena Cauca,Medio Magdalena,Río Lebrija y otros directos al Magdalena,2.64000010490418,4.62181806564331,4,6,0.58695650100708,0.833333313465118,1,1,1.04999995231628,2022,06,31,111,111,116.549994707108,0,19.3599700927734,2022-06-01,24.493013381958,47.6180534362793,60.0300750732422
23180040,Pluviométrica,Convencional,Santander,Sabana De Torres,7.4528,-73.4828,110,9/15/1972,,Andes,Magdalena Cauca,Medio Magdalena,Río Lebrija y otros directos al Magdalena,2.64000010490418,4.62181806564331,4,6,0.58695650100708,0.833333313465118,1,1,1.04999995231628,2022,06,32,15,15,15.7499992847443,0,24.3725185394287,2022-06-01,39.2563591003418,45.6049652099609,89.0870056152344
23180040,Pluviométrica,Convencional,Santander,Sabana De Torres,7.4528,-73.4828,110,9/15/1972,,Andes,Magdalena Cauca,Medio Magdalena,Río Lebrija y otros directos al Magdalena,2.64000010490418,4.62181806564331,4,6,0.58695650100708,0.833333313465118,1,1,1.04999995231628,2022,06,33,33,33,34.6499984264374,0,32.4856414794922,2022-06-01,57.2608184814453,36.1035079956055,61.5411834716797
23180040,Pluviométrica,Convencional,Santander,Sabana De Torres,7.4528,-73.4828,110,9/15/1972,,Andes,Magdalena Cauca,Medio Magdalena,Río Lebrija y otros directos al Magdalena,2.64000010490418,4.62181806564331,4,6,0.58695650100708,0.833333313465118,1,1,1.04999995231628,2022,06,34,94,94,98.6999955177307,0,34.8860244750977,2022-06-01,76.5265960693359,47.7888526916504,87.2123947143555
23180040,Pluviométrica,Convencional,Santander,Sabana De Torres,7.4528,-73.4828,110,9/15/1972,,Andes,Magdalena Cauca,Medio Magdalena,Río Lebrija y otros directos al Magdalena,2.64000010490418,4.62181806564331,4,6,0.58695650100708,0.833333313465118,1,1,1.04999995231628,2022,06,35,12,12,12.5999994277954,0,24.3846035003662,2022-06-01,34.911865234375,38.9646873474121,62.8577423095703
23180040,Pluviométrica,Convencional,Santander,Sabana De Torres,7.4528,-73.4828,110,9/15/1972,,Andes,Magdalena Cauca,Medio Magdalena,Río Lebrija y otros directos al Magdalena,2.64000010490418,4.62181806564331,4,6,0.58695650100708,0.833333313465118,1,1,1.04999995231628,2022,06,36,191,191,200.54999089241,0,16.8533725738525,2022-06-01,16.0760269165039,17.4170017242432,26.9852066040039
23180040,Pluviométrica,Convencional,Santander,Sabana De Torres,7.4528,-73.4828,110,9/15/1972,,Andes,Magdalena Cauca,Medio Magdalena,Río Lebrija y otros directos al Magdalena,2.64000010490418,4.62181806564331,4,6,0.58695650100708,0.833333313465118,1,1,1.04999995231628,2022,07,37,47,47,49.3499977588654,0,21.1978607177734,2022-07-01,14.9944324493408,26.8224124908447,19.6872138977051
23180040,Pluviométrica,Convencional,Santander,Sabana De Torres,7.4528,-73.4828,110,9/15/1972,,Andes,Magdalena Cauca,Medio Magdalena,Río Lebrija y otros directos al Magdalena,2.64000010490418,4.62181806564331,4,6,0.58695650100708,0.833333313465118,1,1,1.04999995231628,2022,07,38,50,50,52.4999976158142,0,26.9301853179932,2022-07-01,22.1535396575928,38.1327972412109,38.5478782653809
23180040,Pluviométrica,Convencional,Santander,Sabana De Torres,7.4528,-73.4828,110,9/15/1972,,Andes,Magdalena Cauca,Medio Magdalena,Río Lebrija y otros directos al Magdalena,2.64000010490418,4.62181806564331,4,6,0.58695650100708,0.833333313465118,1,1,1.04999995231628,2022,07,39,52,52,54.5999975204468,0,34.2214317321777,2022-07-01,30.9090137481689,25.9391613006592,25.7128925323486
23180040,Pluviométrica,Convencional,Santander,Sabana De Torres,7.4528,-73.4828,110,9/15/1972,,Andes,Magdalena Cauca,Medio Magdalena,Río Lebrija y otros directos al Magdalena,2.64000010490418,4.62181806564331,4,6,0.58695650100708,0.833333313465118,1,1,1.04999995231628,2022,07,40,50,50,52.4999976158142,0,29.3115005493164,2022-07-01,22.4553718566895,39.4785308837891,39.1166381835938
23180040,Pluviométrica,Convencional,Santander,Sabana De Torres,7.4528,-73.4828,110,9/15/1972,,Andes,Magdalena Cauca,Medio Magdalena,Río Lebrija y otros directos al Magdalena,2.64000010490418,4.62181806564331,4,6,0.58695650100708,0.833333313465118,1,1,1.04999995231628,2022,07,41,79,79,82.9499962329865,0,37.6718826293945,2022-07-01,42.7369918823242,70.1111679077149,78.420051574707
23180040,Pluviométrica,Convencional,Santander,Sabana De Torres,7.4528,-73.4828,110,9/15/1972,,Andes,Magdalena Cauca,Medio Magdalena,Río Lebrija y otros directos al Magdalena,2.64000010490418,4.62181806564331,4,6,0.58695650100708,0.833333313465118,1,1,1.04999995231628,2022,07,42,84,84,88.1999959945679,1,45.7992706298828,2022-07-01,43.7932167053223,55.1798782348633,66.5954208374023
23180040,Pluviométrica,Convencional,Santander,Sabana De Torres,7.4528,-73.4828,110,9/15/1972,,Andes,Magdalena Cauca,Medio Magdalena,Río Lebrija y otros directos al Magdalena,2.64000010490418,4.62181806564331,4,6,0.58695650100708,0.833333313465118,1,1,1.04999995231628,2022,08,43,53,53,55.6499974727631,0,59.6515808105469,2022-08-01,75.9346771240234,108.413368225098,134.323013305664
23180040,Pluviométrica,Convencional,Santander,Sabana De Torres,7.4528,-73.4828,110,9/15/1972,,Andes,Magdalena Cauca,Medio Magdalena,Río Lebrija y otros directos al Magdalena,2.64000010490418,4.62181806564331,4,6,0.58695650100708,0.833333313465118,1,1,1.04999995231628,2022,08,44,32,32,33.5999984741211,0,46.2773208618164,2022-08-01,52.419116973877,35.3197250366211,44.1663322448731
23180040,Pluviométrica,Convencional,Santander,Sabana De Torres,7.4528,-73.4828,110,9/15/1972,,Andes,Magdalena Cauca,Medio Magdalena,Río Lebrija y otros directos al Magdalena,2.64000010490418,4.62181806564331,4,6,0.58695650100708,0.833333313465118,1,1,1.04999995231628,2022,08,45,24,24,25.1999988555908,0,35.3765525817871,2022-08-01,33.4565734863281,61.8577613830566,82.1699142456055
23180040,Pluviométrica,Convencional,Santander,Sabana De Torres,7.4528,-73.4828,110,9/15/1972,,Andes,Magdalena Cauca,Medio Magdalena,Río Lebrija y otros directos al Magdalena,2.64000010490418,4.62181806564331,4,6,0.58695650100708,0.833333313465118,1,1,1.04999995231628,2022,08,46,40,40,41.9999980926514,0,27.9026355743408,2022-08-01,29.4331207275391,40.6273765563965,58.4602394104004
23180040,Pluviométrica,Convencional,Santander,Sabana De Torres,7.4528,-73.4828,110,9/15/1972,,Andes,Magdalena Cauca,Medio Magdalena,Río Lebrija y otros directos al Magdalena,2.64000010490418,4.62181806564331,4,6,0.58695650100708,0.833333313465118,1,1,1.04999995231628,2022,08,47,52,52,54.5999975204468,0,56.1827964782715,2022-08-01,72.6401672363281,62.6162719726563,75.914680480957
23180040,Pluviométrica,Convencional,Santander,Sabana De Torres,7.4528,-73.4828,110,9/15/1972,,Andes,Magdalena Cauca,Medio Magdalena,Río Lebrija y otros directos al Magdalena,2.64000010490418,4.62181806564331,4,6,0.58695650100708,0.833333313465118,1,1,1.04999995231628,2022,08,48,165,165,173.249992132187,1,35.3645820617676,2022-08-01,31.6255302429199,74.6001434326172,74.7092132568359
23180040,Pluviométrica,Convencional,Santander,Sabana De Torres,7.4528,-73.4828,110,9/15/1972,,Andes,Magdalena Cauca,Medio Magdalena,Río Lebrija y otros directos al Magdalena,2.64000010490418,4.62181806564331,4,6,0.58695650100708,0.833333313465118,1,1,1.04999995231628,2022,09,49,34,34,35.6999983787537,0,35.8595581054688,2022-09-01,56.2456893920898,31.0253562927246,41.085823059082
23180040,Pluviométrica,Convencional,Santander,Sabana De Torres,7.4528,-73.4828,110,9/15/1972,,Andes,Magdalena Cauca,Medio Magdalena,Río Lebrija y otros directos al Magdalena,2.64000010490418,4.62181806564331,4,6,0.58695650100708,0.833333313465118,1,1,1.04999995231628,2022,09,50,92,92,96.5999956130982,0,21.6251640319824,2022-09-01,31.8248767852783,24.3570652008057,30.2103672027588
23180040,Pluviométrica,Convencional,Santander,Sabana De Torres,7.4528,-73.4828,110,9/15/1972,,Andes,Magdalena Cauca,Medio Magdalena,Río Lebrija y otros directos al Magdalena,2.64000010490418,4.62181806564331,4,6,0.58695650100708,0.833333313465118,1,1,1.04999995231628,2022,09,51,8,8,8.39999961853027,0,25.4518527984619,2022-09-01,40.4574394226074,30.1206073760986,41.6119041442871
23180040,Pluviométrica,Convencional,Santander,Sabana De Torres,7.4528,-73.4828,110,9/15/1972,,Andes,Magdalena Cauca,Medio Magdalena,Río Lebrija y otros directos al Magdalena,2.64000010490418,4.62181806564331,4,6,0.58695650100708,0.833333313465118,1,1,1.04999995231628,2022,09,52,172,172,180.599991798401,0,26.7346439361572,2022-09-01,37.9260330200195,55.1106109619141,72.5941314697266
23180040,Pluviométrica,Convencional,Santander,Sabana De Torres,7.4528,-73.4828,110,9/15/1972,,Andes,Magdalena Cauca,Medio Magdalena,Río Lebrija y otros directos al Magdalena,2.64000010490418,4.62181806564331,4,6,0.58695650100708,0.833333313465118,1,1,1.04999995231628,2022,09,53,89,89,93.4499957561493,0,29.5076847076416,2022-09-01,57.3452033996582,25.4269275665283,35.6866493225098
23180040,Pluviométrica,Convencional,Santander,Sabana De Torres,7.4528,-73.4828,110,9/15/1972,,Andes,Magdalena Cauca,Medio Magdalena,Río Lebrija y otros directos al Magdalena,2.64000010490418,4.62181806564331,4,6,0.58695650100708,0.833333313465118,1,1,1.04999995231628,2022,09,54,39,39,40.9499981403351,0,26.6086883544922,2022-09-01,42.6034126281738,43.6483879089356,53.2771186828613
23180040,Pluviométrica,Convencional,Santander,Sabana De Torres,7.4528,-73.4828,110,9/15/1972,,Andes,Magdalena Cauca,Medio Magdalena,Río Lebrija y otros directos al Magdalena,2.64000010490418,4.62181806564331,4,6,0.58695650100708,0.833333313465118,1,1,1.03999996185303,2022,10,55,43,43,44.7199983596802,0,43.2437286376953,2022-10-01,53.9980964660645,64.3137893676758,67.9805908203125
23180040,Pluviométrica,Convencional,Santander,Sabana De Torres,7.4528,-73.4828,110,9/15/1972,,Andes,Magdalena Cauca,Medio Magdalena,Río Lebrija y otros directos al Magdalena,2.64000010490418,4.62181806564331,4,6,0.58695650100708,0.833333313465118,1,1,1.03999996185303,2022,10,56,97,97,100.879996299744,0,59.622127532959,2022-10-01,78.4722213745117,66.1182861328125,71.6861190795899
23180040,Pluviométrica,Convencional,Santander,Sabana De Torres,7.4528,-73.4828,110,9/15/1972,,Andes,Magdalena Cauca,Medio Magdalena,Río Lebrija y otros directos al Magdalena,2.64000010490418,4.62181806564331,4,6,0.58695650100708,0.833333313465118,1,1,1.03999996185303,2022,10,57,48,48,49.9199981689453,0,56.1414604187012,2022-10-01,77.1074676513672,95.0060577392578,96.9352035522461
23180040,Pluviométrica,Convencional,Santander,Sabana De Torres,7.4528,-73.4828,110,9/15/1972,,Andes,Magdalena Cauca,Medio Magdalena,Río Lebrija y otros directos al Magdalena,2.64000010490418,4.62181806564331,4,6,0.58695650100708,0.833333313465118,1,1,1.03999996185303,2022,10,58,169,169,175.759993553162,0,72.856559753418,2022-10-01,102.630989074707,138.687515258789,151.229507446289
23180040,Pluviométrica,Convencional,Santander,Sabana De Torres,7.4528,-73.4828,110,9/15/1972,,Andes,Magdalena Cauca,Medio Magdalena,Río Lebrija y otros directos al Magdalena,2.64000010490418,4.62181806564331,4,6,0.58695650100708,0.833333313465118,1,1,1.03999996185303,2022,10,59,11,11,11.4399995803833,0,64.1023864746094,2022-10-01,99.7359619140625,95.0216064453125,110.885025024414
23180040,Pluviométrica,Convencional,Santander,Sabana De Torres,7.4528,-73.4828,110,9/15/1972,,Andes,Magdalena Cauca,Medio Magdalena,Río Lebrija y otros directos al Magdalena,2.64000010490418,4.62181806564331,4,6,0.58695650100708,0.833333313465118,1,1,1.03999996185303,2022,10,60,125,125,129.999995231628,1,35.2081680297852,2022-10-01,26.3845844268799,63.7609367370606,115.694541931152
23180040,Pluviométrica,Convencional,Santander,Sabana De Torres,7.4528,-73.4828,110,9/15/1972,,Andes,Magdalena Cauca,Medio Magdalena,Río Lebrija y otros directos al Magdalena,2.64000010490418,4.62181806564331,4,6,0.58695650100708,0.833333313465118,1,1,1.03999996185303,2022,11,61,35,35,36.399998664856,0,64.5825805664063,2022-11-01,69.3357849121094,37.3814430236816,39.5824317932129
23180040,Pluviométrica,Convencional,Santander,Sabana De Torres,7.4528,-73.4828,110,9/15/1972,,Andes,Magdalena Cauca,Medio Magdalena,Río Lebrija y otros directos al Magdalena,2.64000010490418,4.62181806564331,4,6,0.58695650100708,0.833333313465118,1,1,1.03999996185303,2022,11,62,50,50,51.9999980926514,0,78.5496292114258,2022-11-01,88.5655746459961,58.1445999145508,63.8036918640137
23180040,Pluviométrica,Convencional,Santander,Sabana De Torres,7.4528,-73.4828,110,9/15/1972,,Andes,Magdalena Cauca,Medio Magdalena,Río Lebrija y otros directos al Magdalena,2.64000010490418,4.62181806564331,4,6,0.58695650100708,0.833333313465118,1,1,1.03999996185303,2022,11,63,109,109,113.35999584198,0,64.2655334472656,2022-11-01,68.543586730957,69.9187850952148,75.6572570800781
23180040,Pluviométrica,Convencional,Santander,Sabana De Torres,7.4528,-73.4828,110,9/15/1972,,Andes,Magdalena Cauca,Medio Magdalena,Río Lebrija y otros directos al Magdalena,2.64000010490418,4.62181806564331,4,6,0.58695650100708,0.833333313465118,1,1,1.03999996185303,2022,11,64,113,113,117.519995689392,0,78.3338851928711,2022-11-01,72.0642929077149,71.5367126464844,67.0683364868164
23180040,Pluviométrica,Convencional,Santander,Sabana De Torres,7.4528,-73.4828,110,9/15/1972,,Andes,Magdalena Cauca,Medio Magdalena,Río Lebrija y otros directos al Magdalena,2.64000010490418,4.62181806564331,4,6,0.58695650100708,0.833333313465118,1,1,1.03999996185303,2022,11,65,61,61,63.4399976730347,0,54.6148185729981,2022-11-01,52.399356842041,27.3759899139404,29.1852493286133
23180040,Pluviométrica,Convencional,Santander,Sabana De Torres,7.4528,-73.4828,110,9/15/1972,,Andes,Magdalena Cauca,Medio Magdalena,Río Lebrija y otros directos al Magdalena,2.64000010490418,4.62181806564331,4,6,0.58695650100708,0.833333313465118,1,1,1.03999996185303,2022,11,66,87,87,90.4799966812134,1,57.8477935791016,2022-11-01,64.9727249145508,95.6097183227539,112.774284362793
23180040,Pluviométrica,Convencional,Santander,Sabana De Torres,7.4528,-73.4828,110,9/15/1972,,Andes,Magdalena Cauca,Medio Magdalena,Río Lebrija y otros directos al Magdalena,2.64000010490418,4.62181806564331,4,6,0.58695650100708,0.833333313465118,1,1,1.05999994277954,2022,12,67,0,0,0,0,3.58504867553711,2022-12-01,2.82957887649536,3.44204258918762,3.36683416366577
23180040,Pluviométrica,Convencional,Santander,Sabana De Torres,7.4528,-73.4828,110,9/15/1972,,Andes,Magdalena Cauca,Medio Magdalena,Río Lebrija y otros directos al Magdalena,2.64000010490418,4.62181806564331,4,6,0.58695650100708,0.833333313465118,1,1,1.05999994277954,2022,12,68,0,0,0,0,2.75084924697876,2022-12-01,3.06888055801392,2.01788663864136,2.18197989463806
23180040,Pluviométrica,Convencional,Santander,Sabana De Torres,7.4528,-73.4828,110,9/15/1972,,Andes,Magdalena Cauca,Medio Magdalena,Río Lebrija y otros directos al Magdalena,2.64000010490418,4.62181806564331,4,6,0.58695650100708,0.833333313465118,1,1,1.05999994277954,2022,12,69,31,31,32.8599982261658,0,11.0305242538452,2022-12-01,21.9725399017334,19.7475566864014,24.3031597137451
23180040,Pluviométrica,Convencional,Santander,Sabana De Torres,7.4528,-73.4828,110,9/15/1972,,Andes,Magdalena Cauca,Medio Magdalena,Río Lebrija y otros directos al Magdalena,2.64000010490418,4.62181806564331,4,6,0.58695650100708,0.833333313465118,1,1,1.05999994277954,2022,12,70,31,31,32.8599982261658,0,5.48665237426758,2022-12-01,8.26049423217773,4.36389255523682,13.6928386688232
23180040,Pluviométrica,Convencional,Santander,Sabana De Torres,7.4528,-73.4828,110,9/15/1972,,Andes,Magdalena Cauca,Medio Magdalena,Río Lebrija y otros directos al Magdalena,2.64000010490418,4.62181806564331,4,6,0.58695650100708,0.833333313465118,1,1,1.05999994277954,2022,12,71,0,0,0,0,2.43609690666199,2022-12-01,2.41898226737976,1.78126513957977,1.97279119491577
23180040,Pluviométrica,Convencional,Santander,Sabana De Torres,7.4528,-73.4828,110,9/15/1972,,Andes,Magdalena Cauca,Medio Magdalena,Río Lebrija y otros directos al Magdalena,2.64000010490418,4.62181806564331,4,6,0.58695650100708,0.833333313465118,1,1,1.05999994277954,2022,12,72,0,0,0,0,5.48190784454346,2022-12-01,4.8358850479126,11.0652599334717,13.0943183898926
23180040,Pluviométrica,Convencional,Santander,Sabana De Torres,7.4528,-73.4828,110,9/15/1972,,Andes,Magdalena Cauca,Medio Magdalena,Río Lebrija y otros directos al Magdalena,2.64000010490418,4.62181806564331,4,6,0.58695650100708,0.833333313465118,1,1,1.07000005245209,2023,01,1,0,0,0,0,4.39933824539185,2023-01-01,1.33791744709015,5.45415687561035,2.47578239440918
23180040,Pluviométrica,Convencional,Santander,Sabana De Torres,7.4528,-73.4828,110,9/15/1972,,Andes,Magdalena Cauca,Medio Magdalena,Río Lebrija y otros directos al Magdalena,2.64000010490418,4.62181806564331,4,6,0.58695650100708,0.833333313465118,1,1,1.07000005245209,2023,01,2,13,13,13.9100006818771,0,28.1789646148682,2023-01-01,49.4805870056152,55.2602310180664,64.8030548095703
23180040,Pluviométrica,Convencional,Santander,Sabana De Torres,7.4528,-73.4828,110,9/15/1972,,Andes,Magdalena Cauca,Medio Magdalena,Río Lebrija y otros directos al Magdalena,2.64000010490418,4.62181806564331,4,6,0.58695650100708,0.833333313465118,1,1,1.07000005245209,2023,01,3,11,11,11.770000576973,0,29.0949020385742,2023-01-01,52.1572380065918,71.9174346923828,89.1431427001953
23180040,Pluviométrica,Convencional,Santander,Sabana De Torres,7.4528,-73.4828,110,9/15/1972,,Andes,Magdalena Cauca,Medio Magdalena,Río Lebrija y otros directos al Magdalena,2.64000010490418,4.62181806564331,4,6,0.58695650100708,0.833333313465118,1,1,1.07000005245209,2023,01,4,0,0,0,0,12.1708126068115,2023-01-01,10.6966905593872,9.6100378036499,9.47152805328369
23180040,Pluviométrica,Convencional,Santander,Sabana De Torres,7.4528,-73.4828,110,9/15/1972,,Andes,Magdalena Cauca,Medio Magdalena,Río Lebrija y otros directos al Magdalena,2.64000010490418,4.62181806564331,4,6,0.58695650100708,0.833333313465118,1,1,1.07000005245209,2023,01,5,0,0,0,0,6.53250885009766,2023-01-01,4.07059955596924,2.94753456115723,2.48892068862915
23180040,Pluviométrica,Convencional,Santander,Sabana De Torres,7.4528,-73.4828,110,9/15/1972,,Andes,Magdalena Cauca,Medio Magdalena,Río Lebrija y otros directos al Magdalena,2.64000010490418,4.62181806564331,4,6,0.58695650100708,0.833333313465118,1,1,1.07000005245209,2023,01,6,0,0,0,0,5.81360197067261,2023-01-01,0,2.57470607757568,0
23180040,Pluviométrica,Convencional,Santander,Sabana De Torres,7.4528,-73.4828,110,9/15/1972,,Andes,Magdalena Cauca,Medio Magdalena,Río Lebrija y otros directos al Magdalena,2.64000010490418,4.62181806564331,4,6,0.58695650100708,0.833333313465118,1,1,1.05999994277954,2023,02,7,0,0,0,0,4.1022629737854,2023-02-01,0.0597022771835327,1.8215868473053,0.0515721216797829
23180040,Pluviométrica,Convencional,Santander,Sabana De Torres,7.4528,-73.4828,110,9/15/1972,,Andes,Magdalena Cauca,Medio Magdalena,Río Lebrija y otros directos al Magdalena,2.64000010490418,4.62181806564331,4,6,0.58695650100708,0.833333313465118,1,1,1.05999994277954,2023,02,8,0,0,0,0,4.14302110671997,2023-02-01,1.09836149215698,1.87806022167206,0.801793038845062
23180040,Pluviométrica,Convencional,Santander,Sabana De Torres,7.4528,-73.4828,110,9/15/1972,,Andes,Magdalena Cauca,Medio Magdalena,Río Lebrija y otros directos al Magdalena,2.64000010490418,4.62181806564331,4,6,0.58695650100708,0.833333313465118,1,1,1.05999994277954,2023,02,9,0.3,0.3,0.317999982833862,0,4.21317338943481,2023-02-01,2.79299902915955,4.13569164276123,3.6261739730835
23180040,Pluviométrica,Convencional,Santander,Sabana De Torres,7.4528,-73.4828,110,9/15/1972,,Andes,Magdalena Cauca,Medio Magdalena,Río Lebrija y otros directos al Magdalena,2.64000010490418,4.62181806564331,4,6,0.58695650100708,0.833333313465118,1,1,1.05999994277954,2023,02,10,0,0,0,0,14.440972328186,2023-02-01,21.7350654602051,21.6138687133789,26.8104362487793
23180040,Pluviométrica,Convencional,Santander,Sabana De Torres,7.4528,-73.4828,110,9/15/1972,,Andes,Magdalena Cauca,Medio Magdalena,Río Lebrija y otros directos al Magdalena,2.64000010490418,4.62181806564331,4,6,0.58695650100708,0.833333313465118,1,1,1.05999994277954,2023,02,11,0,0,0,0,6.6066164970398,2023-02-01,6.60196781158447,3.20680737495422,4.14930152893066
23180040,Pluviométrica,Convencional,Santander,Sabana De Torres,7.4528,-73.4828,110,9/15/1972,,Andes,Magdalena Cauca,Medio Magdalena,Río Lebrija y otros directos al Magdalena,2.64000010490418,4.62181806564331,4,6,0.58695650100708,0.833333313465118,1,1,1.05999994277954,2023,02,12,0,0,0,0,2.04732847213745,2023-02-01,0.557212114334106,1.1671599149704,0.433859050273895
23180040,Pluviométrica,Convencional,Santander,Sabana De Torres,7.4528,-73.4828,110,9/15/1972,,Andes,Magdalena Cauca,Medio Magdalena,Río Lebrija y otros directos al Magdalena,2.64000010490418,4.62181806564331,4,6,0.58695650100708,0.833333313465118,1,1,1.05999994277954,2023,03,13,39,39,41.3399977684021,0,15.3318920135498,2023-03-01,28.100606918335,21.2738628387451,26.8078918457031
23180040,Pluviométrica,Convencional,Santander,Sabana De Torres,7.4528,-73.4828,110,9/15/1972,,Andes,Magdalena Cauca,Medio Magdalena,Río Lebrija y otros directos al Magdalena,2.64000010490418,4.62181806564331,4,6,0.58695650100708,0.833333313465118,1,1,1.05999994277954,2023,03,14,69,69,73.1399960517883,0,30.4181861877441,2023-03-01,62.3158378601074,58.9317817687988,67.686164855957
23180040,Pluviométrica,Convencional,Santander,Sabana De Torres,7.4528,-73.4828,110,9/15/1972,,Andes,Magdalena Cauca,Medio Magdalena,Río Lebrija y otros directos al Magdalena,2.64000010490418,4.62181806564331,4,6,0.58695650100708,0.833333313465118,1,1,1.05999994277954,2023,03,15,51,51,54.0599970817566,0,14.7735729217529,2023-03-01,17.4692668914795,25.4379138946533,39.3151092529297
23180040,Pluviométrica,Convencional,Santander,Sabana De Torres,7.4528,-73.4828,110,9/15/1972,,Andes,Magdalena Cauca,Medio Magdalena,Río Lebrija y otros directos al Magdalena,2.64000010490418,4.62181806564331,4,6,0.58695650100708,0.833333313465118,1,1,1.05999994277954,2023,03,16,18,18,19.0799989700317,0,14.747410774231,2023-03-01,26.8374328613281,19.0981483459473,39.6218948364258
23180040,Pluviométrica,Convencional,Santander,Sabana De Torres,7.4528,-73.4828,110,9/15/1972,,Andes,Magdalena Cauca,Medio Magdalena,Río Lebrija y otros directos al Magdalena,2.64000010490418,4.62181806564331,4,6,0.58695650100708,0.833333313465118,1,1,1.05999994277954,2023,03,17,0,0,0,0,5.63598442077637,2023-03-01,0,3.21214580535889,0
23180040,Pluviométrica,Convencional,Santander,Sabana De Torres,7.4528,-73.4828,110,9/15/1972,,Andes,Magdalena Cauca,Medio Magdalena,Río Lebrija y otros directos al Magdalena,2.64000010490418,4.62181806564331,4,6,0.58695650100708,0.833333313465118,1,1,1.05999994277954,2023,03,18,122,122,129.319993019104,0,37.5982894897461,2023-03-01,54.2140121459961,33.8768463134766,34.3982963562012
23180040,Pluviométrica,Convencional,Santander,Sabana De Torres,7.4528,-73.4828,110,9/15/1972,,Andes,Magdalena Cauca,Medio Magdalena,Río Lebrija y otros directos al Magdalena,2.64000010490418,4.62181806564331,4,6,0.58695650100708,0.833333313465118,1,1,1.04999995231628,2023,04,19,37,37,38.8499982357025,1,24.4011611938477,2023-04-01,26.6373462677002,33.0825462341309,34.9411926269531
23180040,Pluviométrica,Convencional,Santander,Sabana De Torres,7.4528,-73.4828,110,9/15/1972,,Andes,Magdalena Cauca,Medio Magdalena,Río Lebrija y otros directos al Magdalena,2.64000010490418,4.62181806564331,4,6,0.58695650100708,0.833333313465118,1,1,1.04999995231628,2023,04,20,124,124,130.199994087219,0,31.6898498535156,2023-04-01,37.8431854248047,61.9036979675293,66.2253723144531
23180040,Pluviométrica,Convencional,Santander,Sabana De Torres,7.4528,-73.4828,110,9/15/1972,,Andes,Magdalena Cauca,Medio Magdalena,Río Lebrija y otros directos al Magdalena,2.64000010490418,4.62181806564331,4,6,0.58695650100708,0.833333313465118,1,1,1.04999995231628,2023,04,21,0,0,0,0,47.4125862121582,2023-04-01,55.982967376709,43.1370162963867,47.6022453308106
23180040,Pluviométrica,Convencional,Santander,Sabana De Torres,7.4528,-73.4828,110,9/15/1972,,Andes,Magdalena Cauca,Medio Magdalena,Río Lebrija y otros directos al Magdalena,2.64000010490418,4.62181806564331,4,6,0.58695650100708,0.833333313465118,1,1,1.04999995231628,2023,04,22,66,66,69.2999968528748,0,55.8626365661621,2023-04-01,73.8952560424805,58.459644317627,66.031852722168
23180040,Pluviométrica,Convencional,Santander,Sabana De Torres,7.4528,-73.4828,110,9/15/1972,,Andes,Magdalena Cauca,Medio Magdalena,Río Lebrija y otros directos al Magdalena,2.64000010490418,4.62181806564331,4,6,0.58695650100708,0.833333313465118,1,1,1.04999995231628,2023,04,23,0,0,0,0,30.6169185638428,2023-04-01,41.2794342041016,40.5715942382813,64.5779647827149
23180040,Pluviométrica,Convencional,Santander,Sabana De Torres,7.4528,-73.4828,110,9/15/1972,,Andes,Magdalena Cauca,Medio Magdalena,Río Lebrija y otros directos al Magdalena,2.64000010490418,4.62181806564331,4,6,0.58695650100708,0.833333313465118,1,1,1.04999995231628,2023,04,24,11,11,11.5499994754791,0,39.2383003234863,2023-04-01,46.0962600708008,79.7720031738281,88.5478515625
23180040,Pluviométrica,Convencional,Santander,Sabana De Torres,7.4528,-73.4828,110,9/15/1972,,Andes,Magdalena Cauca,Medio Magdalena,Río Lebrija y otros directos al Magdalena,2.64000010490418,4.62181806564331,4,6,0.58695650100708,0.833333313465118,1,1,1.03999996185303,2023,05,25,19,19,19.7599992752075,0,17.6091995239258,2023-05-01,7.50858926773071,6.23967552185059,6.43941116333008
23180040,Pluviométrica,Convencional,Santander,Sabana De Torres,7.4528,-73.4828,110,9/15/1972,,Andes,Magdalena Cauca,Medio Magdalena,Río Lebrija y otros directos al Magdalena,2.64000010490418,4.62181806564331,4,6,0.58695650100708,0.833333313465118,1,1,1.03999996185303,2023,05,26,36,36,37.439998626709,0,34.5279006958008,2023-05-01,38.7456741333008,27.9551391601563,33.2554397583008
23180040,Pluviométrica,Convencional,Santander,Sabana De Torres,7.4528,-73.4828,110,9/15/1972,,Andes,Magdalena Cauca,Medio Magdalena,Río Lebrija y otros directos al Magdalena,2.64000010490418,4.62181806564331,4,6,0.58695650100708,0.833333313465118,1,1,1.03999996185303,2023,05,27,9,9,9.35999965667725,0,59.0361709594727,2023-05-01,88.8356399536133,39.0140075683594,50.5781555175781
23180040,Pluviométrica,Convencional,Santander,Sabana De Torres,7.4528,-73.4828,110,9/15/1972,,Andes,Magdalena Cauca,Medio Magdalena,Río Lebrija y otros directos al Magdalena,2.64000010490418,4.62181806564331,4,6,0.58695650100708,0.833333313465118,1,1,1.03999996185303,2023,05,28,27,27,28.0799989700317,0,39.4749031066895,2023-05-01,55.0556373596191,26.2394313812256,34.6033477783203
23180040,Pluviométrica,Convencional,Santander,Sabana De Torres,7.4528,-73.4828,110,9/15/1972,,Andes,Magdalena Cauca,Medio Magdalena,Río Lebrija y otros directos al Magdalena,2.64000010490418,4.62181806564331,4,6,0.58695650100708,0.833333313465118,1,1,1.03999996185303,2023,05,29,53,53,55.1199979782105,0,54.8526611328125,2023-05-01,76.8569412231445,66.4879455566406,80.8013687133789
23180040,Pluviométrica,Convencional,Santander,Sabana De Torres,7.4528,-73.4828,110,9/15/1972,,Andes,Magdalena Cauca,Medio Magdalena,Río Lebrija y otros directos al Magdalena,2.64000010490418,4.62181806564331,4,6,0.58695650100708,0.833333313465118,1,1,1.03999996185303,2023,05,30,65,65,67.5999975204468,0,26.2930164337158,2023-05-01,9.65227794647217,33.8155021667481,20.3283233642578
23180040,Pluviométrica,Convencional,Santander,Sabana De Torres,7.4528,-73.4828,110,9/15/1972,,Andes,Magdalena Cauca,Medio Magdalena,Río Lebrija y otros directos al Magdalena,2.64000010490418,4.62181806564331,4,6,0.58695650100708,0.833333313465118,1,1,1.04999995231628,2023,06,31,5,5,5.24999976158142,0,40.1250381469727,2023-06-01,80.0636444091797,43.9648513793945,58.8101005554199
23180040,Pluviométrica,Convencional,Santander,Sabana De Torres,7.4528,-73.4828,110,9/15/1972,,Andes,Magdalena Cauca,Medio Magdalena,Río Lebrija y otros directos al Magdalena,2.64000010490418,4.62181806564331,4,6,0.58695650100708,0.833333313465118,1,1,1.04999995231628,2023,06,32,31,31,32.5499985218048,0,24.3725185394287,2023-06-01,39.2563591003418,33.2527656555176,47.5997848510742
23180040,Pluviométrica,Convencional,Santander,Sabana De Torres,7.4528,-73.4828,110,9/15/1972,,Andes,Magdalena Cauca,Medio Magdalena,Río Lebrija y otros directos al Magdalena,2.64000010490418,4.62181806564331,4,6,0.58695650100708,0.833333313465118,1,1,1.04999995231628,2023,06,33,7,7,7.34999966621399,0,16.7699184417725,2023-06-01,21.2486705780029,8.71372699737549,10.6597137451172
23180040,Pluviométrica,Convencional,Santander,Sabana De Torres,7.4528,-73.4828,110,9/15/1972,,Andes,Magdalena Cauca,Medio Magdalena,Río Lebrija y otros directos al Magdalena,2.64000010490418,4.62181806564331,4,6,0.58695650100708,0.833333313465118,1,1,1.04999995231628,2023,06,34,0,0,0,0,11.7912321090698,2023-06-01,10.7329635620117,4.6715989112854,6.50543308258057
23180040,Pluviométrica,Convencional,Santander,Sabana De Torres,7.4528,-73.4828,110,9/15/1972,,Andes,Magdalena Cauca,Medio Magdalena,Río Lebrija y otros directos al Magdalena,2.64000010490418,4.62181806564331,4,6,0.58695650100708,0.833333313465118,1,1,1.04999995231628,2023,06,35,15,15,15.7499992847443,0,33.8453521728516,2023-06-01,64.0572738647461,28.7218532562256,39.3090591430664
23180040,Pluviométrica,Convencional,Santander,Sabana De Torres,7.4528,-73.4828,110,9/15/1972,,Andes,Magdalena Cauca,Medio Magdalena,Río Lebrija y otros directos al Magdalena,2.64000010490418,4.62181806564331,4,6,0.58695650100708,0.833333313465118,1,1,1.04999995231628,2023,06,36,82,82,86.0999960899353,0,21.5134315490723,2023-06-01,26.9482727050781,11.013277053833,12.9496297836304
23180040,Pluviométrica,Convencional,Santander,Sabana De Torres,7.4528,-73.4828,110,9/15/1972,,Andes,Magdalena Cauca,Medio Magdalena,Río Lebrija y otros directos al Magdalena,2.64000010490418,4.62181806564331,4,6,0.58695650100708,0.833333313465118,1,1,1.04999995231628,2023,07,37,21,21,22.049998998642,0,33.351448059082,2023-07-01,41.9208869934082,45.9922256469727,53.1836624145508
23180040,Pluviométrica,Convencional,Santander,Sabana De Torres,7.4528,-73.4828,110,9/15/1972,,Andes,Magdalena Cauca,Medio Magdalena,Río Lebrija y otros directos al Magdalena,2.64000010490418,4.62181806564331,4,6,0.58695650100708,0.833333313465118,1,1,1.04999995231628,2023,07,38,0,0,0,0,29.8339233398438,2023-07-01,27.8010158538818,20.3327331542969,18.6360168457031
23180040,Pluviométrica,Convencional,Santander,Sabana De Torres,7.4528,-73.4828,110,9/15/1972,,Andes,Magdalena Cauca,Medio Magdalena,Río Lebrija y otros directos al Magdalena,2.64000010490418,4.62181806564331,4,6,0.58695650100708,0.833333313465118,1,1,1.04999995231628,2023,07,39,59,59,61.9499971866608,0,33.0488967895508,2023-07-01,28.8464908599854,37.074592590332,33.8165245056152
23180040,Pluviométrica,Convencional,Santander,Sabana De Torres,7.4528,-73.4828,110,9/15/1972,,Andes,Magdalena Cauca,Medio Magdalena,Río Lebrija y otros directos al Magdalena,2.64000010490418,4.62181806564331,4,6,0.58695650100708,0.833333313465118,1,1,1.04999995231628,2023,07,40,51,51,53.5499975681305,0,23.49245262146,2023-07-01,12.2194805145264,14.8068265914917,11.7593460083008
23180040,Pluviométrica,Convencional,Santander,Sabana De Torres,7.4528,-73.4828,110,9/15/1972,,Andes,Magdalena Cauca,Medio Magdalena,Río Lebrija y otros directos al Magdalena,2.64000010490418,4.62181806564331,4,6,0.58695650100708,0.833333313465118,1,1,1.04999995231628,2023,07,41,28,28,29.399998664856,0,26.9716091156006,2023-07-01,19.5553245544434,22.8882102966309,18.7796936035156
23180040,Pluviométrica,Convencional,Santander,Sabana De Torres,7.4528,-73.4828,110,9/15/1972,,Andes,Magdalena Cauca,Medio Magdalena,Río Lebrija y otros directos al Magdalena,2.64000010490418,4.62181806564331,4,6,0.58695650100708,0.833333313465118,1,1,1.04999995231628,2023,07,42,26,26,27.2999987602234,0,64.0747833251953,2023-07-01,77.72705078125,49.7009124755859,53.4756584167481
23180040,Pluviométrica,Convencional,Santander,Sabana De Torres,7.4528,-73.4828,110,9/15/1972,,Andes,Magdalena Cauca,Medio Magdalena,Río Lebrija y otros directos al Magdalena,2.64000010490418,4.62181806564331,4,6,0.58695650100708,0.833333313465118,1,1,1.04999995231628,2023,08,43,70,70,73.4999966621399,0,24.2045440673828,2023-08-01,15.1116409301758,11.2068243026733,11.5041303634644
23180040,Pluviométrica,Convencional,Santander,Sabana De Torres,7.4528,-73.4828,110,9/15/1972,,Andes,Magdalena Cauca,Medio Magdalena,Río Lebrija y otros directos al Magdalena,2.64000010490418,4.62181806564331,4,6,0.58695650100708,0.833333313465118,1,1,1.04999995231628,2023,08,44,21,21,22.049998998642,0,42.0209159851074,2023-08-01,44.2557830810547,49.6266059875488,57.1675987243652
23180040,Pluviométrica,Convencional,Santander,Sabana De Torres,7.4528,-73.4828,110,9/15/1972,,Andes,Magdalena Cauca,Medio Magdalena,Río Lebrija y otros directos al Magdalena,2.64000010490418,4.62181806564331,4,6,0.58695650100708,0.833333313465118,1,1,1.04999995231628,2023,08,45,48,48,50.3999977111817,0,32.0361480712891,2023-08-01,29.1968803405762,35.8637084960938,43.9005279541016
23180040,Pluviométrica,Convencional,Santander,Sabana De Torres,7.4528,-73.4828,110,9/15/1972,,Andes,Magdalena Cauca,Medio Magdalena,Río Lebrija y otros directos al Magdalena,2.64000010490418,4.62181806564331,4,6,0.58695650100708,0.833333313465118,1,1,1.04999995231628,2023,08,46,131,131,137.549993753433,0,58.7594146728516,2023-08-01,79.9062728881836,60.5914878845215,74.7952346801758
23180040,Pluviométrica,Convencional,Santander,Sabana De Torres,7.4528,-73.4828,110,9/15/1972,,Andes,Magdalena Cauca,Medio Magdalena,Río Lebrija y otros directos al Magdalena,2.64000010490418,4.62181806564331,4,6,0.58695650100708,0.833333313465118,1,1,1.04999995231628,2023,08,47,60,60,62.9999971389771,0,39.878116607666,2023-08-01,41.095703125,35.379581451416,39.3827819824219
23180040,Pluviométrica,Convencional,Santander,Sabana De Torres,7.4528,-73.4828,110,9/15/1972,,Andes,Magdalena Cauca,Medio Magdalena,Río Lebrija y otros directos al Magdalena,2.64000010490418,4.62181806564331,4,6,0.58695650100708,0.833333313465118,1,1,1.04999995231628,2023,08,48,43,43,45.1499979496002,0,23.3931579589844,2023-08-01,9.41929531097412,20.4198760986328,6.32999753952026
23180040,Pluviométrica,Convencional,Santander,Sabana De Torres,7.4528,-73.4828,110,9/15/1972,,Andes,Magdalena Cauca,Medio Magdalena,Río Lebrija y otros directos al Magdalena,2.64000010490418,4.62181806564331,4,6,0.58695650100708,0.833333313465118,1,1,1.04999995231628,2023,09,49,121,121,127.04999423027,0,33.3762397766113,2023-09-01,50.6083602905274,48.0470581054688,56.1542129516602
23180040,Pluviométrica,Convencional,Santander,Sabana De Torres,7.4528,-73.4828,110,9/15/1972,,Andes,Magdalena Cauca,Medio Magdalena,Río Lebrija y otros directos al Magdalena,2.64000010490418,4.62181806564331,4,6,0.58695650100708,0.833333313465118,1,1,1.04999995231628,2023,09,50,36,36,37.7999982833862,0,30.7881870269775,2023-09-01,50.034782409668,26.1537780761719,38.7794761657715
23180040,Pluviométrica,Convencional,Santander,Sabana De Torres,7.4528,-73.4828,110,9/15/1972,,Andes,Magdalena Cauca,Medio Magdalena,Río Lebrija y otros directos al Magdalena,2.64000010490418,4.62181806564331,4,6,0.58695650100708,0.833333313465118,1,1,1.04999995231628,2023,09,51,65,65,68.2499969005585,0,16.1987628936768,2023-09-01,12.8281316757202,23.0646667480469,32.5396118164063
23180040,Pluviométrica,Convencional,Santander,Sabana De Torres,7.4528,-73.4828,110,9/15/1972,,Andes,Magdalena Cauca,Medio Magdalena,Río Lebrija y otros directos al Magdalena,2.64000010490418,4.62181806564331,4,6,0.58695650100708,0.833333313465118,1,1,1.04999995231628,2023,09,52,0,0,0,0,10.407585144043,2023-09-01,2.90871000289917,5.54195785522461,3.62517333030701
23180040,Pluviométrica,Convencional,Santander,Sabana De Torres,7.4528,-73.4828,110,9/15/1972,,Andes,Magdalena Cauca,Medio Magdalena,Río Lebrija y otros directos al Magdalena,2.64000010490418,4.62181806564331,4,6,0.58695650100708,0.833333313465118,1,1,1.04999995231628,2023,09,53,0,0,0,0,20.5115623474121,2023-09-01,29.4802169799805,26.3213291168213,32.8967018127441
23180040,Pluviométrica,Convencional,Santander,Sabana De Torres,7.4528,-73.4828,110,9/15/1972,,Andes,Magdalena Cauca,Medio Magdalena,Río Lebrija y otros directos al Magdalena,2.64000010490418,4.62181806564331,4,6,0.58695650100708,0.833333313465118,1,1,1.04999995231628,2023,09,54,100,100,104.999995231628,0,40.5368003845215,2023-09-01,78.1917495727539,44.4001197814941,58.3963813781738
23180040,Pluviométrica,Convencional,Santander,Sabana De Torres,7.4528,-73.4828,110,9/15/1972,,Andes,Magdalena Cauca,Medio Magdalena,Río Lebrija y otros directos al Magdalena,2.64000010490418,4.62181806564331,4,6,0.58695650100708,0.833333313465118,1,1,1.03999996185303,2023,10,55,96,96,99.8399963378906,0,40.5666236877441,2023-10-01,44.5710945129395,62.4178810119629,70.8147430419922
23180040,Pluviométrica,Convencional,Santander,Sabana De Torres,7.4528,-73.4828,110,9/15/1972,,Andes,Magdalena Cauca,Medio Magdalena,Río Lebrija y otros directos al Magdalena,2.64000010490418,4.62181806564331,4,6,0.58695650100708,0.833333313465118,1,1,1.03999996185303,2023,10,56,0,0,0,0,51.1663551330566,2023-10-01,65.177375793457,58.9590301513672,66.8239593505859
23180040,Pluviométrica,Convencional,Santander,Sabana De Torres,7.4528,-73.4828,110,9/15/1972,,Andes,Magdalena Cauca,Medio Magdalena,Río Lebrija y otros directos al Magdalena,2.64000010490418,4.62181806564331,4,6,0.58695650100708,0.833333313465118,1,1,1.03999996185303,2023,10,57,105,105,109.199995994568,0,32.1327590942383,2023-10-01,31.7771263122559,54.0908660888672,60.3075294494629
23180040,Pluviométrica,Convencional,Santander,Sabana De Torres,7.4528,-73.4828,110,9/15/1972,,Andes,Magdalena Cauca,Medio Magdalena,Río Lebrija y otros directos al Magdalena,2.64000010490418,4.62181806564331,4,6,0.58695650100708,0.833333313465118,1,1,1.03999996185303,2023,10,58,21,21,21.8399991989136,0,51.0371360778809,2023-10-01,63.3603820800781,53.0589370727539,59.9929962158203
23180040,Pluviométrica,Convencional,Santander,Sabana De Torres,7.4528,-73.4828,110,9/15/1972,,Andes,Magdalena Cauca,Medio Magdalena,Río Lebrija y otros directos al Magdalena,2.64000010490418,4.62181806564331,4,6,0.58695650100708,0.833333313465118,1,1,1.03999996185303,2023,10,59,41,41,42.6399984359741,0,49.7341384887695,2023-10-01,62.8811531066895,65.3586654663086,68.4981155395508
23180040,Pluviométrica,Convencional,Santander,Sabana De Torres,7.4528,-73.4828,110,9/15/1972,,Andes,Magdalena Cauca,Medio Magdalena,Río Lebrija y otros directos al Magdalena,2.64000010490418,4.62181806564331,4,6,0.58695650100708,0.833333313465118,1,1,1.03999996185303,2023,10,60,127,127,132.079995155334,0,68.8909606933594,2023-10-01,79.2855224609375,67.8755493164063,83.8265686035156
23180040,Pluviométrica,Convencional,Santander,Sabana De Torres,7.4528,-73.4828,110,9/15/1972,,Andes,Magdalena Cauca,Medio Magdalena,Río Lebrija y otros directos al Magdalena,2.64000010490418,4.62181806564331,4,6,0.58695650100708,0.833333313465118,1,1,1.03999996185303,2023,11,61,120.2,120.2,125.007995414734,0,58.1281356811524,2023-11-01,59.4291839599609,86.7171630859375,90.2476043701172
23180040,Pluviométrica,Convencional,Santander,Sabana De Torres,7.4528,-73.4828,110,9/15/1972,,Andes,Magdalena Cauca,Medio Magdalena,Río Lebrija y otros directos al Magdalena,2.64000010490418,4.62181806564331,4,6,0.58695650100708,0.833333313465118,1,1,1.03999996185303,2023,11,62,0,0,0,0,56.1176948547363,2023-11-01,60.5262451171875,56.4726409912109,62.4350166320801
23180040,Pluviométrica,Convencional,Santander,Sabana De Torres,7.4528,-73.4828,110,9/15/1972,,Andes,Magdalena Cauca,Medio Magdalena,Río Lebrija y otros directos al Magdalena,2.64000010490418,4.62181806564331,4,6,0.58695650100708,0.833333313465118,1,1,1.03999996185303,2023,11,63,21,21,21.8399991989136,0,106.013473510742,2023-11-01,114.425468444824,61.0504722595215,65.6406173706055
23180040,Pluviométrica,Convencional,Santander,Sabana De Torres,7.4528,-73.4828,110,9/15/1972,,Andes,Magdalena Cauca,Medio Magdalena,Río Lebrija y otros directos al Magdalena,2.64000010490418,4.62181806564331,4,6,0.58695650100708,0.833333313465118,1,1,1.03999996185303,2023,11,64,96,96,99.8399963378906,0,20.0294551849365,2023-11-01,13.8494882583618,35.4271240234375,33.982421875
23180040,Pluviométrica,Convencional,Santander,Sabana De Torres,7.4528,-73.4828,110,9/15/1972,,Andes,Magdalena Cauca,Medio Magdalena,Río Lebrija y otros directos al Magdalena,2.64000010490418,4.62181806564331,4,6,0.58695650100708,0.833333313465118,1,1,1.03999996185303,2023,11,65,21,21,21.8399991989136,0,11.6157522201538,2023-11-01,1.67562234401703,7.21553325653076,4.05681800842285
23180040,Pluviométrica,Convencional,Santander,Sabana De Torres,7.4528,-73.4828,110,9/15/1972,,Andes,Magdalena Cauca,Medio Magdalena,Río Lebrija y otros directos al Magdalena,2.64000010490418,4.62181806564331,4,6,0.58695650100708,0.833333313465118,1,1,1.03999996185303,2023,11,66,0,0,0,0,10.9741153717041,2023-11-01,5.27206468582153,3.93446922302246,2.55003380775452
23180040,Pluviométrica,Convencional,Santander,Sabana De Torres,7.4528,-73.4828,110,9/15/1972,,Andes,Magdalena Cauca,Medio Magdalena,Río Lebrija y otros directos al Magdalena,2.64000010490418,4.62181806564331,4,6,0.58695650100708,0.833333313465118,1,1,1.05999994277954,2023,12,67,11,11,11.659999370575,0,3.58504867553711,2023-12-01,2.82957887649536,1.99802696704865,1.70382976531982
23180040,Pluviométrica,Convencional,Santander,Sabana De Torres,7.4528,-73.4828,110,9/15/1972,,Andes,Magdalena Cauca,Medio Magdalena,Río Lebrija y otros directos al Magdalena,2.64000010490418,4.62181806564331,4,6,0.58695650100708,0.833333313465118,1,1,1.05999994277954,2023,12,68,0,0,0,0,13.8704805374146,2023-12-01,25.3502368927002,13.095103263855,16.0161666870117
23180040,Pluviométrica,Convencional,Santander,Sabana De Torres,7.4528,-73.4828,110,9/15/1972,,Andes,Magdalena Cauca,Medio Magdalena,Río Lebrija y otros directos al Magdalena,2.64000010490418,4.62181806564331,4,6,0.58695650100708,0.833333313465118,1,1,1.05999994277954,2023,12,69,0,0,0,0,5.50288105010986,2023-12-01,9.0608024597168,2.59860920906067,6.35003757476807
23180040,Pluviométrica,Convencional,Santander,Sabana De Torres,7.4528,-73.4828,110,9/15/1972,,Andes,Magdalena Cauca,Medio Magdalena,Río Lebrija y otros directos al Magdalena,2.64000010490418,4.62181806564331,4,6,0.58695650100708,0.833333313465118,1,1,1.05999994277954,2023,12,70,33,33,34.9799981117249,0,14.9346694946289,2023-12-01,31.9343376159668,36.6793746948242,59.3085403442383
23180040,Pluviométrica,Convencional,Santander,Sabana De Torres,7.4528,-73.4828,110,9/15/1972,,Andes,Magdalena Cauca,Medio Magdalena,Río Lebrija y otros directos al Magdalena,2.64000010490418,4.62181806564331,4,6,0.58695650100708,0.833333313465118,1,1,1.05999994277954,2023,12,71,50,50,52.9999971389771,0,2.43609690666199,2023-12-01,2.41898226737976,3.68522214889526,7.99938631057739
23180040,Pluviométrica,Convencional,Santander,Sabana De Torres,7.4528,-73.4828,110,9/15/1972,,Andes,Magdalena Cauca,Medio Magdalena,Río Lebrija y otros directos al Magdalena,2.64000010490418,4.62181806564331,4,6,0.58695650100708,0.833333313465118,1,1,1.05999994277954,2023,12,72,7,7,7.41999959945679,0,26.7645874023438,2023-12-01,43.1653213500977,48.2835426330566,49.3751678466797
