gauge_code,category,tecnology,state,municipality,latitude,longitude,elevation,instalation_date,suspention_date,nat_region,hidrographic_area,hidrographic_zone,hidrographic_subzone,mean_gauges_v2,mean_gauges_v3,max_gauges_v2,max_gauges_v3,mean_gauges_v2_005,mean_gauges_v3_005,max_gauges_v2_005,max_gauges_v3_005,factor,year,month,pcp_ideam,pcp_ideam_flag,pcp_ideam_flag_scale,na_count_ideam,chirpv2,date,chirpv3,chirpsv2,chirpsv3
23210130,Pluviométrica,Convencional,Cesar,Aguachica,8.2494,-73.58,250,10/15/1973,,Andes,Magdalena Cauca,Medio Magdalena,Quebrada El Carmen y Otros Directos al Magdalena,2.80363631248474,4.08727264404297,5,5,0.56521737575531,0.829710125923157,1,1,1.10000002384186,2001,01,9,9,9.90000021457672,0,39.3927917480469,2001-01-01,22.9999046325684,22.3160018920898,26.807544708252
23210130,Pluviométrica,Convencional,Cesar,Aguachica,8.2494,-73.58,250,10/15/1973,,Andes,Magdalena Cauca,Medio Magdalena,Quebrada El Carmen y Otros Directos al Magdalena,2.80363631248474,4.08727264404297,5,5,0.56521737575531,0.829710125923157,1,1,1.11000001430511,2001,02,26,26,28.860000371933,0,9.97812461853027,2001-02-01,15.0857782363892,9.52070140838623,14.4674835205078
23210130,Pluviométrica,Convencional,Cesar,Aguachica,8.2494,-73.58,250,10/15/1973,,Andes,Magdalena Cauca,Medio Magdalena,Quebrada El Carmen y Otros Directos al Magdalena,2.80363631248474,4.08727264404297,5,5,0.56521737575531,0.829710125923157,1,1,1.07000005245209,2001,03,110,110,117.70000576973,0,68.0298614501953,2001-03-01,65.4045639038086,85.0172729492188,100.824287414551
23210130,Pluviométrica,Convencional,Cesar,Aguachica,8.2494,-73.58,250,10/15/1973,,Andes,Magdalena Cauca,Medio Magdalena,Quebrada El Carmen y Otros Directos al Magdalena,2.80363631248474,4.08727264404297,5,5,0.56521737575531,0.829710125923157,1,1,1.04999995231628,2001,04,123,123,129.149994134903,0,157.240432739258,2001-04-01,158.717056274414,109.165992736816,121.886489868164
23210130,Pluviométrica,Convencional,Cesar,Aguachica,8.2494,-73.58,250,10/15/1973,,Andes,Magdalena Cauca,Medio Magdalena,Quebrada El Carmen y Otros Directos al Magdalena,2.80363631248474,4.08727264404297,5,5,0.56521737575531,0.829710125923157,1,1,1.04999995231628,2001,05,122,122,128.099994182587,0,152.300888061523,2001-05-01,197.576614379883,136.875427246094,162.493469238281
23210130,Pluviométrica,Convencional,Cesar,Aguachica,8.2494,-73.58,250,10/15/1973,,Andes,Magdalena Cauca,Medio Magdalena,Quebrada El Carmen y Otros Directos al Magdalena,2.80363631248474,4.08727264404297,5,5,0.56521737575531,0.829710125923157,1,1,1.04999995231628,2001,06,74,74,77.699996471405,0,86.2218017578125,2001-06-01,124.844116210938,64.693244934082,80.40234375
23210130,Pluviométrica,Convencional,Cesar,Aguachica,8.2494,-73.58,250,10/15/1973,,Andes,Magdalena Cauca,Medio Magdalena,Quebrada El Carmen y Otros Directos al Magdalena,2.80363631248474,4.08727264404297,5,5,0.56521737575531,0.829710125923157,1,1,1.04999995231628,2001,07,65,65,68.2499969005585,0,125.216674804688,2001-07-01,174.863265991211,96.0056991577149,130.705596923828
23210130,Pluviométrica,Convencional,Cesar,Aguachica,8.2494,-73.58,250,10/15/1973,,Andes,Magdalena Cauca,Medio Magdalena,Quebrada El Carmen y Otros Directos al Magdalena,2.80363631248474,4.08727264404297,5,5,0.56521737575531,0.829710125923157,1,1,1.05999994277954,2001,08,213,213,225.779987812042,0,80.1252975463867,2001-08-01,96.1654663085938,104.66862487793,113.536407470703
23210130,Pluviométrica,Convencional,Cesar,Aguachica,8.2494,-73.58,250,10/15/1973,,Andes,Magdalena Cauca,Medio Magdalena,Quebrada El Carmen y Otros Directos al Magdalena,2.80363631248474,4.08727264404297,5,5,0.56521737575531,0.829710125923157,1,1,1.04999995231628,2001,09,128,128,134.399993896484,0,157.928207397461,2001-09-01,178.34504699707,158.83415222168,159.076309204102
23210130,Pluviométrica,Convencional,Cesar,Aguachica,8.2494,-73.58,250,10/15/1973,,Andes,Magdalena Cauca,Medio Magdalena,Quebrada El Carmen y Otros Directos al Magdalena,2.80363631248474,4.08727264404297,5,5,0.56521737575531,0.829710125923157,1,1,1.03999996185303,2001,10,61,61,63.4399976730347,0,206.468658447266,2001-10-01,173.697250366211,126.526542663574,115.900833129883
23210130,Pluviométrica,Convencional,Cesar,Aguachica,8.2494,-73.58,250,10/15/1973,,Andes,Magdalena Cauca,Medio Magdalena,Quebrada El Carmen y Otros Directos al Magdalena,2.80363631248474,4.08727264404297,5,5,0.56521737575531,0.829710125923157,1,1,1.04999995231628,2001,11,50,50,52.4999976158142,0,157.816848754883,2001-11-01,115.84977722168,123.119033813477,105.296234130859
23210130,Pluviométrica,Convencional,Cesar,Aguachica,8.2494,-73.58,250,10/15/1973,,Andes,Magdalena Cauca,Medio Magdalena,Quebrada El Carmen y Otros Directos al Magdalena,2.80363631248474,4.08727264404297,5,5,0.56521737575531,0.829710125923157,1,1,1.07000005245209,2001,12,53,53,56.7100027799606,0,101.113166809082,2001-12-01,155.015701293945,61.7384490966797,76.0306015014649
23210130,Pluviométrica,Convencional,Cesar,Aguachica,8.2494,-73.58,250,10/15/1973,,Andes,Magdalena Cauca,Medio Magdalena,Quebrada El Carmen y Otros Directos al Magdalena,2.80363631248474,4.08727264404297,5,5,0.56521737575531,0.829710125923157,1,1,1.10000002384186,2002,01,29,29,31.9000006914139,0,31.2177124023438,2002-01-01,11.5678939819336,15.8666305541992,10.5252418518066
23210130,Pluviométrica,Convencional,Cesar,Aguachica,8.2494,-73.58,250,10/15/1973,,Andes,Magdalena Cauca,Medio Magdalena,Quebrada El Carmen y Otros Directos al Magdalena,2.80363631248474,4.08727264404297,5,5,0.56521737575531,0.829710125923157,1,1,1.11000001430511,2002,02,37,37,41.0700005292892,0,15.0062780380249,2002-02-01,40.6581840515137,17.7669258117676,32.4629974365234
23210130,Pluviométrica,Convencional,Cesar,Aguachica,8.2494,-73.58,250,10/15/1973,,Andes,Magdalena Cauca,Medio Magdalena,Quebrada El Carmen y Otros Directos al Magdalena,2.80363631248474,4.08727264404297,5,5,0.56521737575531,0.829710125923157,1,1,1.07000005245209,2002,03,131,131,140.170006871223,0,63.7894058227539,2002-03-01,60.3971099853516,62.5531921386719,65.6526412963867
23210130,Pluviométrica,Convencional,Cesar,Aguachica,8.2494,-73.58,250,10/15/1973,,Andes,Magdalena Cauca,Medio Magdalena,Quebrada El Carmen y Otros Directos al Magdalena,2.80363631248474,4.08727264404297,5,5,0.56521737575531,0.829710125923157,1,1,1.04999995231628,2002,04,184,184,193.199991226196,0,150.445175170898,2002-04-01,141.854751586914,151.367584228516,164.765274047852
23210130,Pluviométrica,Convencional,Cesar,Aguachica,8.2494,-73.58,250,10/15/1973,,Andes,Magdalena Cauca,Medio Magdalena,Quebrada El Carmen y Otros Directos al Magdalena,2.80363631248474,4.08727264404297,5,5,0.56521737575531,0.829710125923157,1,1,1.04999995231628,2002,05,128,128,134.399993896484,0,142.004455566406,2002-05-01,172.904907226563,105.089874267578,115.175437927246
23210130,Pluviométrica,Convencional,Cesar,Aguachica,8.2494,-73.58,250,10/15/1973,,Andes,Magdalena Cauca,Medio Magdalena,Quebrada El Carmen y Otros Directos al Magdalena,2.80363631248474,4.08727264404297,5,5,0.56521737575531,0.829710125923157,1,1,1.04999995231628,2002,06,181,181,190.049991369247,0,90.6511993408203,2002-06-01,134.115295410156,117.847984313965,144.402114868164
23210130,Pluviométrica,Convencional,Cesar,Aguachica,8.2494,-73.58,250,10/15/1973,,Andes,Magdalena Cauca,Medio Magdalena,Quebrada El Carmen y Otros Directos al Magdalena,2.80363631248474,4.08727264404297,5,5,0.56521737575531,0.829710125923157,1,1,1.04999995231628,2002,07,76,76,79.7999963760376,0,90.1540222167969,2002-07-01,96.8888854980469,64.4547348022461,72.3270111083984
23210130,Pluviométrica,Convencional,Cesar,Aguachica,8.2494,-73.58,250,10/15/1973,,Andes,Magdalena Cauca,Medio Magdalena,Quebrada El Carmen y Otros Directos al Magdalena,2.80363631248474,4.08727264404297,5,5,0.56521737575531,0.829710125923157,1,1,1.05999994277954,2002,08,89,89,94.3399949073792,0,99.2245101928711,2002-08-01,136.004608154297,91.8339538574219,107.916786193848
23210130,Pluviométrica,Convencional,Cesar,Aguachica,8.2494,-73.58,250,10/15/1973,,Andes,Magdalena Cauca,Medio Magdalena,Quebrada El Carmen y Otros Directos al Magdalena,2.80363631248474,4.08727264404297,5,5,0.56521737575531,0.829710125923157,1,1,1.04999995231628,2002,09,148,148,155.39999294281,0,167.059967041016,2002-09-01,191.628448486328,151.319290161133,155.001281738281
23210130,Pluviométrica,Convencional,Cesar,Aguachica,8.2494,-73.58,250,10/15/1973,,Andes,Magdalena Cauca,Medio Magdalena,Quebrada El Carmen y Otros Directos al Magdalena,2.80363631248474,4.08727264404297,5,5,0.56521737575531,0.829710125923157,1,1,1.03999996185303,2002,10,190,190,197.599992752075,0,202.002990722656,2002-10-01,174.150787353516,224.22314453125,217.378936767578
23210130,Pluviométrica,Convencional,Cesar,Aguachica,8.2494,-73.58,250,10/15/1973,,Andes,Magdalena Cauca,Medio Magdalena,Quebrada El Carmen y Otros Directos al Magdalena,2.80363631248474,4.08727264404297,5,5,0.56521737575531,0.829710125923157,1,1,1.04999995231628,2002,11,113,113,118.64999461174,0,128.423080444336,2002-11-01,81.3019332885742,107.835273742676,94.0902404785156
23210130,Pluviométrica,Convencional,Cesar,Aguachica,8.2494,-73.58,250,10/15/1973,,Andes,Magdalena Cauca,Medio Magdalena,Quebrada El Carmen y Otros Directos al Magdalena,2.80363631248474,4.08727264404297,5,5,0.56521737575531,0.829710125923157,1,1,1.07000005245209,2002,12,54,54,57.7800028324127,0,38.195182800293,2002-12-01,22.666862487793,49.7661437988281,48.8418197631836
23210130,Pluviométrica,Convencional,Cesar,Aguachica,8.2494,-73.58,250,10/15/1973,,Andes,Magdalena Cauca,Medio Magdalena,Quebrada El Carmen y Otros Directos al Magdalena,2.80363631248474,4.08727264404297,5,5,0.56521737575531,0.829710125923157,1,1,1.10000002384186,2003,01,0,0,0,0,25.8273448944092,2003-01-01,1.44286143779755,10.7388973236084,1.32148516178131
23210130,Pluviométrica,Convencional,Cesar,Aguachica,8.2494,-73.58,250,10/15/1973,,Andes,Magdalena Cauca,Medio Magdalena,Quebrada El Carmen y Otros Directos al Magdalena,2.80363631248474,4.08727264404297,5,5,0.56521737575531,0.829710125923157,1,1,1.11000001430511,2003,02,0,0,0,0,14.7048225402832,2003-02-01,39.5519943237305,10.885461807251,20.9260673522949
23210130,Pluviométrica,Convencional,Cesar,Aguachica,8.2494,-73.58,250,10/15/1973,,Andes,Magdalena Cauca,Medio Magdalena,Quebrada El Carmen y Otros Directos al Magdalena,2.80363631248474,4.08727264404297,5,5,0.56521737575531,0.829710125923157,1,1,1.07000005245209,2003,03,18,18,19.2600009441376,0,64.7808456420898,2003-03-01,51.829517364502,52.6720161437988,52.6605987548828
23210130,Pluviométrica,Convencional,Cesar,Aguachica,8.2494,-73.58,250,10/15/1973,,Andes,Magdalena Cauca,Medio Magdalena,Quebrada El Carmen y Otros Directos al Magdalena,2.80363631248474,4.08727264404297,5,5,0.56521737575531,0.829710125923157,1,1,1.04999995231628,2003,04,216,216,226.799989700317,0,131.734436035156,2003-04-01,121.597183227539,148.736907958984,158.372787475586
23210130,Pluviométrica,Convencional,Cesar,Aguachica,8.2494,-73.58,250,10/15/1973,,Andes,Magdalena Cauca,Medio Magdalena,Quebrada El Carmen y Otros Directos al Magdalena,2.80363631248474,4.08727264404297,5,5,0.56521737575531,0.829710125923157,1,1,1.04999995231628,2003,05,140,140,146.99999332428,0,162.617813110352,2003-05-01,220.845581054688,156.649963378906,178.196853637695
23210130,Pluviométrica,Convencional,Cesar,Aguachica,8.2494,-73.58,250,10/15/1973,,Andes,Magdalena Cauca,Medio Magdalena,Quebrada El Carmen y Otros Directos al Magdalena,2.80363631248474,4.08727264404297,5,5,0.56521737575531,0.829710125923157,1,1,1.04999995231628,2003,06,251,251,263.549988031387,0,128.065826416016,2003-06-01,214.854263305664,177.735321044922,222.878280639648
23210130,Pluviométrica,Convencional,Cesar,Aguachica,8.2494,-73.58,250,10/15/1973,,Andes,Magdalena Cauca,Medio Magdalena,Quebrada El Carmen y Otros Directos al Magdalena,2.80363631248474,4.08727264404297,5,5,0.56521737575531,0.829710125923157,1,1,1.04999995231628,2003,07,138,138,144.899993419647,0,103.436996459961,2003-07-01,126.864799499512,117.396682739258,137.118270874023
23210130,Pluviométrica,Convencional,Cesar,Aguachica,8.2494,-73.58,250,10/15/1973,,Andes,Magdalena Cauca,Medio Magdalena,Quebrada El Carmen y Otros Directos al Magdalena,2.80363631248474,4.08727264404297,5,5,0.56521737575531,0.829710125923157,1,1,1.05999994277954,2003,08,154,154,163.239991188049,0,120.350059509277,2003-08-01,185.765289306641,144.959320068359,175.054611206055
23210130,Pluviométrica,Convencional,Cesar,Aguachica,8.2494,-73.58,250,10/15/1973,,Andes,Magdalena Cauca,Medio Magdalena,Quebrada El Carmen y Otros Directos al Magdalena,2.80363631248474,4.08727264404297,5,5,0.56521737575531,0.829710125923157,1,1,1.04999995231628,2003,09,189,189,198.449990987778,0,160.061569213867,2003-09-01,176.389984130859,205.359130859375,202.112701416016
23210130,Pluviométrica,Convencional,Cesar,Aguachica,8.2494,-73.58,250,10/15/1973,,Andes,Magdalena Cauca,Medio Magdalena,Quebrada El Carmen y Otros Directos al Magdalena,2.80363631248474,4.08727264404297,5,5,0.56521737575531,0.829710125923157,1,1,1.03999996185303,2003,10,143,143,148.719994544983,0,219.500381469727,2003-10-01,192.095932006836,194.089172363281,198.192413330078
23210130,Pluviométrica,Convencional,Cesar,Aguachica,8.2494,-73.58,250,10/15/1973,,Andes,Magdalena Cauca,Medio Magdalena,Quebrada El Carmen y Otros Directos al Magdalena,2.80363631248474,4.08727264404297,5,5,0.56521737575531,0.829710125923157,1,1,1.04999995231628,2003,11,214,214,224.699989795685,0,208.867050170898,2003-11-01,163.716827392578,168.414367675781,156.572189331055
23210130,Pluviométrica,Convencional,Cesar,Aguachica,8.2494,-73.58,250,10/15/1973,,Andes,Magdalena Cauca,Medio Magdalena,Quebrada El Carmen y Otros Directos al Magdalena,2.80363631248474,4.08727264404297,5,5,0.56521737575531,0.829710125923157,1,1,1.07000005245209,2003,12,40,40,42.8000020980835,0,59.4598846435547,2003-12-01,60.8780364990234,41.903564453125,45.4338798522949
23210130,Pluviométrica,Convencional,Cesar,Aguachica,8.2494,-73.58,250,10/15/1973,,Andes,Magdalena Cauca,Medio Magdalena,Quebrada El Carmen y Otros Directos al Magdalena,2.80363631248474,4.08727264404297,5,5,0.56521737575531,0.829710125923157,1,1,1.10000002384186,2004,01,0,0,0,0,31.6570796966553,2004-01-01,9.73839473724365,15.2753210067749,7.46580934524536
23210130,Pluviométrica,Convencional,Cesar,Aguachica,8.2494,-73.58,250,10/15/1973,,Andes,Magdalena Cauca,Medio Magdalena,Quebrada El Carmen y Otros Directos al Magdalena,2.80363631248474,4.08727264404297,5,5,0.56521737575531,0.829710125923157,1,1,1.11000001430511,2004,02,15,15,16.6500002145767,0,8.45862770080566,2004-02-01,4.43550109863281,9.86997890472412,7.57459163665772
23210130,Pluviométrica,Convencional,Cesar,Aguachica,8.2494,-73.58,250,10/15/1973,,Andes,Magdalena Cauca,Medio Magdalena,Quebrada El Carmen y Otros Directos al Magdalena,2.80363631248474,4.08727264404297,5,5,0.56521737575531,0.829710125923157,1,1,1.07000005245209,2004,03,15,15,16.0500007867813,0,40.3396377563477,2004-03-01,14.9726762771606,31.3392772674561,25.4235343933106
23210130,Pluviométrica,Convencional,Cesar,Aguachica,8.2494,-73.58,250,10/15/1973,,Andes,Magdalena Cauca,Medio Magdalena,Quebrada El Carmen y Otros Directos al Magdalena,2.80363631248474,4.08727264404297,5,5,0.56521737575531,0.829710125923157,1,1,1.04999995231628,2004,04,224,224,235.199989318848,0,126.447914123535,2004-04-01,109.234756469727,169.426513671875,177.122421264648
23210130,Pluviométrica,Convencional,Cesar,Aguachica,8.2494,-73.58,250,10/15/1973,,Andes,Magdalena Cauca,Medio Magdalena,Quebrada El Carmen y Otros Directos al Magdalena,2.80363631248474,4.08727264404297,5,5,0.56521737575531,0.829710125923157,1,1,1.04999995231628,2004,05,198,198,207.899990558624,0,159.718536376953,2004-05-01,213.434432983398,154.941345214844,174.386016845703
23210130,Pluviométrica,Convencional,Cesar,Aguachica,8.2494,-73.58,250,10/15/1973,,Andes,Magdalena Cauca,Medio Magdalena,Quebrada El Carmen y Otros Directos al Magdalena,2.80363631248474,4.08727264404297,5,5,0.56521737575531,0.829710125923157,1,1,1.04999995231628,2004,06,73,73,76.6499965190888,0,93.3706283569336,2004-06-01,142.309494018555,60.865364074707,75.7540054321289
23210130,Pluviométrica,Convencional,Cesar,Aguachica,8.2494,-73.58,250,10/15/1973,,Andes,Magdalena Cauca,Medio Magdalena,Quebrada El Carmen y Otros Directos al Magdalena,2.80363631248474,4.08727264404297,5,5,0.56521737575531,0.829710125923157,1,1,1.04999995231628,2004,07,170,170,178.499991893768,0,126.480278015137,2004-07-01,178.431823730469,134.09651184082,173.709564208984
23210130,Pluviométrica,Convencional,Cesar,Aguachica,8.2494,-73.58,250,10/15/1973,,Andes,Magdalena Cauca,Medio Magdalena,Quebrada El Carmen y Otros Directos al Magdalena,2.80363631248474,4.08727264404297,5,5,0.56521737575531,0.829710125923157,1,1,1.05999994277954,2004,08,96,96,101.759994506836,7,101.260650634766,2004-08-01,143.346115112305,95.8846054077148,112.323371887207
23210130,Pluviométrica,Convencional,Cesar,Aguachica,8.2494,-73.58,250,10/15/1973,,Andes,Magdalena Cauca,Medio Magdalena,Quebrada El Carmen y Otros Directos al Magdalena,2.80363631248474,4.08727264404297,5,5,0.56521737575531,0.829710125923157,1,1,1.04999995231628,2004,09,103,103,108.149995088577,0,137.19450378418,2004-09-01,142.560684204102,158.493850708008,152.147232055664
23210130,Pluviométrica,Convencional,Cesar,Aguachica,8.2494,-73.58,250,10/15/1973,,Andes,Magdalena Cauca,Medio Magdalena,Quebrada El Carmen y Otros Directos al Magdalena,2.80363631248474,4.08727264404297,5,5,0.56521737575531,0.829710125923157,1,1,1.03999996185303,2004,10,124,124,128.959995269775,1,197.201812744141,2004-10-01,170.270126342773,162.474243164063,156.432067871094
23210130,Pluviométrica,Convencional,Cesar,Aguachica,8.2494,-73.58,250,10/15/1973,,Andes,Magdalena Cauca,Medio Magdalena,Quebrada El Carmen y Otros Directos al Magdalena,2.80363631248474,4.08727264404297,5,5,0.56521737575531,0.829710125923157,1,1,1.04999995231628,2004,11,111,111,116.549994707108,0,167.256011962891,2004-11-01,119.528854370117,123.652389526367,113.751502990723
23210130,Pluviométrica,Convencional,Cesar,Aguachica,8.2494,-73.58,250,10/15/1973,,Andes,Magdalena Cauca,Medio Magdalena,Quebrada El Carmen y Otros Directos al Magdalena,2.80363631248474,4.08727264404297,5,5,0.56521737575531,0.829710125923157,1,1,1.07000005245209,2004,12,11,11,11.770000576973,0,31.4061641693115,2004-12-01,16.4073219299316,23.0476837158203,22.7910385131836
23210130,Pluviométrica,Convencional,Cesar,Aguachica,8.2494,-73.58,250,10/15/1973,,Andes,Magdalena Cauca,Medio Magdalena,Quebrada El Carmen y Otros Directos al Magdalena,2.80363631248474,4.08727264404297,5,5,0.56521737575531,0.829710125923157,1,1,1.10000002384186,2005,01,16,16,17.6000003814697,0,47.6937637329102,2005-01-01,32.3738555908203,38.8716354370117,35.9880485534668
23210130,Pluviométrica,Convencional,Cesar,Aguachica,8.2494,-73.58,250,10/15/1973,,Andes,Magdalena Cauca,Medio Magdalena,Quebrada El Carmen y Otros Directos al Magdalena,2.80363631248474,4.08727264404297,5,5,0.56521737575531,0.829710125923157,1,1,1.11000001430511,2005,02,5,5,5.55000007152557,0,7.70221614837647,2005-02-01,4.90659189224243,6.11132526397705,6.48575878143311
23210130,Pluviométrica,Convencional,Cesar,Aguachica,8.2494,-73.58,250,10/15/1973,,Andes,Magdalena Cauca,Medio Magdalena,Quebrada El Carmen y Otros Directos al Magdalena,2.80363631248474,4.08727264404297,5,5,0.56521737575531,0.829710125923157,1,1,1.07000005245209,2005,03,62,62,66.3400032520294,0,37.5040245056152,2005-03-01,14.487024307251,41.4376068115234,30.9555225372315
23210130,Pluviométrica,Convencional,Cesar,Aguachica,8.2494,-73.58,250,10/15/1973,,Andes,Magdalena Cauca,Medio Magdalena,Quebrada El Carmen y Otros Directos al Magdalena,2.80363631248474,4.08727264404297,5,5,0.56521737575531,0.829710125923157,1,1,1.04999995231628,2005,04,113,113,118.64999461174,0,179.131774902344,2005-04-01,176.302368164063,140.37223815918,151.432281494141
23210130,Pluviométrica,Convencional,Cesar,Aguachica,8.2494,-73.58,250,10/15/1973,,Andes,Magdalena Cauca,Medio Magdalena,Quebrada El Carmen y Otros Directos al Magdalena,2.80363631248474,4.08727264404297,5,5,0.56521737575531,0.829710125923157,1,1,1.04999995231628,2005,05,166,166,174.299992084503,0,141.019332885742,2005-05-01,170.557113647461,159.647262573242,183.02326965332
23210130,Pluviométrica,Convencional,Cesar,Aguachica,8.2494,-73.58,250,10/15/1973,,Andes,Magdalena Cauca,Medio Magdalena,Quebrada El Carmen y Otros Directos al Magdalena,2.80363631248474,4.08727264404297,5,5,0.56521737575531,0.829710125923157,1,1,1.04999995231628,2005,06,114,114,119.699994564056,0,114.098823547363,2005-06-01,184.559616088867,140.252471923828,173.017761230469
23210130,Pluviométrica,Convencional,Cesar,Aguachica,8.2494,-73.58,250,10/15/1973,,Andes,Magdalena Cauca,Medio Magdalena,Quebrada El Carmen y Otros Directos al Magdalena,2.80363631248474,4.08727264404297,5,5,0.56521737575531,0.829710125923157,1,1,1.04999995231628,2005,07,126,126,132.299993991852,0,103.320922851562,2005-07-01,125.231979370117,108.329574584961,126.263862609863
23210130,Pluviométrica,Convencional,Cesar,Aguachica,8.2494,-73.58,250,10/15/1973,,Andes,Magdalena Cauca,Medio Magdalena,Quebrada El Carmen y Otros Directos al Magdalena,2.80363631248474,4.08727264404297,5,5,0.56521737575531,0.829710125923157,1,1,1.05999994277954,2005,08,126,126,133.559992790222,0,119.573585510254,2005-08-01,179.748870849609,116.057197570801,133.731109619141
23210130,Pluviométrica,Convencional,Cesar,Aguachica,8.2494,-73.58,250,10/15/1973,,Andes,Magdalena Cauca,Medio Magdalena,Quebrada El Carmen y Otros Directos al Magdalena,2.80363631248474,4.08727264404297,5,5,0.56521737575531,0.829710125923157,1,1,1.04999995231628,2005,09,181,181,190.049991369247,0,158.277359008789,2005-09-01,172.582229614258,189.764038085938,185.48078918457
23210130,Pluviométrica,Convencional,Cesar,Aguachica,8.2494,-73.58,250,10/15/1973,,Andes,Magdalena Cauca,Medio Magdalena,Quebrada El Carmen y Otros Directos al Magdalena,2.80363631248474,4.08727264404297,5,5,0.56521737575531,0.829710125923157,1,1,1.03999996185303,2005,10,144,144,149.759994506836,0,271.770568847656,2005-10-01,248.210327148438,219.783340454102,215.395904541016
23210130,Pluviométrica,Convencional,Cesar,Aguachica,8.2494,-73.58,250,10/15/1973,,Andes,Magdalena Cauca,Medio Magdalena,Quebrada El Carmen y Otros Directos al Magdalena,2.80363631248474,4.08727264404297,5,5,0.56521737575531,0.829710125923157,1,1,1.04999995231628,2005,11,175,175,183.74999165535,0,158.247634887695,2005-11-01,109.917892456055,171.326904296875,155.482635498047
23210130,Pluviométrica,Convencional,Cesar,Aguachica,8.2494,-73.58,250,10/15/1973,,Andes,Magdalena Cauca,Medio Magdalena,Quebrada El Carmen y Otros Directos al Magdalena,2.80363631248474,4.08727264404297,5,5,0.56521737575531,0.829710125923157,1,1,1.07000005245209,2005,12,10,10,10.7000005245209,0,34.4253005981445,2005-12-01,14.7819309234619,22.6402015686035,14.9374675750732
23210130,Pluviométrica,Convencional,Cesar,Aguachica,8.2494,-73.58,250,10/15/1973,,Andes,Magdalena Cauca,Medio Magdalena,Quebrada El Carmen y Otros Directos al Magdalena,2.80363631248474,4.08727264404297,5,5,0.56521737575531,0.829710125923157,1,1,1.10000002384186,2006,01,44,44,48.4000010490418,0,46.3207244873047,2006-01-01,39.2991600036621,46.9530487060547,44.2631187438965
23210130,Pluviométrica,Convencional,Cesar,Aguachica,8.2494,-73.58,250,10/15/1973,,Andes,Magdalena Cauca,Medio Magdalena,Quebrada El Carmen y Otros Directos al Magdalena,2.80363631248474,4.08727264404297,5,5,0.56521737575531,0.829710125923157,1,1,1.11000001430511,2006,02,0,0,0,0,12.1592845916748,2006-02-01,25.6321468353272,8.03715324401856,14.7468023300171
23210130,Pluviométrica,Convencional,Cesar,Aguachica,8.2494,-73.58,250,10/15/1973,,Andes,Magdalena Cauca,Medio Magdalena,Quebrada El Carmen y Otros Directos al Magdalena,2.80363631248474,4.08727264404297,5,5,0.56521737575531,0.829710125923157,1,1,1.07000005245209,2006,03,35,35,37.4500018358231,0,94.1142120361328,2006-03-01,102.690292358398,74.8531494140625,81.4283828735352
23210130,Pluviométrica,Convencional,Cesar,Aguachica,8.2494,-73.58,250,10/15/1973,,Andes,Magdalena Cauca,Medio Magdalena,Quebrada El Carmen y Otros Directos al Magdalena,2.80363631248474,4.08727264404297,5,5,0.56521737575531,0.829710125923157,1,1,1.04999995231628,2006,04,223,223,234.149989366531,0,161.202728271484,2006-04-01,160.885803222656,165.739501953125,180.831100463867
23210130,Pluviométrica,Convencional,Cesar,Aguachica,8.2494,-73.58,250,10/15/1973,,Andes,Magdalena Cauca,Medio Magdalena,Quebrada El Carmen y Otros Directos al Magdalena,2.80363631248474,4.08727264404297,5,5,0.56521737575531,0.829710125923157,1,1,1.04999995231628,2006,05,300,300,314.999985694885,0,140.742584228516,2006-05-01,165.887451171875,179.844055175781,203.846176147461
23210130,Pluviométrica,Convencional,Cesar,Aguachica,8.2494,-73.58,250,10/15/1973,,Andes,Magdalena Cauca,Medio Magdalena,Quebrada El Carmen y Otros Directos al Magdalena,2.80363631248474,4.08727264404297,5,5,0.56521737575531,0.829710125923157,1,1,1.04999995231628,2006,06,250,250,262.499988079071,0,96.445198059082,2006-06-01,146.957733154297,157.355529785156,180.176696777344
23210130,Pluviométrica,Convencional,Cesar,Aguachica,8.2494,-73.58,250,10/15/1973,,Andes,Magdalena Cauca,Medio Magdalena,Quebrada El Carmen y Otros Directos al Magdalena,2.80363631248474,4.08727264404297,5,5,0.56521737575531,0.829710125923157,1,1,1.04999995231628,2006,07,156,156,163.79999256134,0,114.542533874512,2006-07-01,148.096725463867,107.635551452637,129.234451293945
23210130,Pluviométrica,Convencional,Cesar,Aguachica,8.2494,-73.58,250,10/15/1973,,Andes,Magdalena Cauca,Medio Magdalena,Quebrada El Carmen y Otros Directos al Magdalena,2.80363631248474,4.08727264404297,5,5,0.56521737575531,0.829710125923157,1,1,1.05999994277954,2006,08,141,141,149.459991931915,0,109.724395751953,2006-08-01,160.394912719727,131.765045166016,148.564697265625
23210130,Pluviométrica,Convencional,Cesar,Aguachica,8.2494,-73.58,250,10/15/1973,,Andes,Magdalena Cauca,Medio Magdalena,Quebrada El Carmen y Otros Directos al Magdalena,2.80363631248474,4.08727264404297,5,5,0.56521737575531,0.829710125923157,1,1,1.04999995231628,2006,09,106,106,111.299994945526,0,148.749038696289,2006-09-01,165.566467285156,170.4931640625,175.730117797852
23210130,Pluviométrica,Convencional,Cesar,Aguachica,8.2494,-73.58,250,10/15/1973,,Andes,Magdalena Cauca,Medio Magdalena,Quebrada El Carmen y Otros Directos al Magdalena,2.80363631248474,4.08727264404297,5,5,0.56521737575531,0.829710125923157,1,1,1.03999996185303,2006,10,148,148,153.919994354248,0,231.588592529297,2006-10-01,207.381042480469,195.934326171875,200.730682373047
23210130,Pluviométrica,Convencional,Cesar,Aguachica,8.2494,-73.58,250,10/15/1973,,Andes,Magdalena Cauca,Medio Magdalena,Quebrada El Carmen y Otros Directos al Magdalena,2.80363631248474,4.08727264404297,5,5,0.56521737575531,0.829710125923157,1,1,1.04999995231628,2006,11,130,130,136.499993801117,0,153.024139404297,2006-11-01,105.494842529297,155.425415039063,135.750183105469
23210130,Pluviométrica,Convencional,Cesar,Aguachica,8.2494,-73.58,250,10/15/1973,,Andes,Magdalena Cauca,Medio Magdalena,Quebrada El Carmen y Otros Directos al Magdalena,2.80363631248474,4.08727264404297,5,5,0.56521737575531,0.829710125923157,1,1,1.07000005245209,2006,12,44,44,47.0800023078918,0,48.6836242675781,2006-12-01,49.4073333740234,44.4525108337402,45.9570732116699
23210130,Pluviométrica,Convencional,Cesar,Aguachica,8.2494,-73.58,250,10/15/1973,,Andes,Magdalena Cauca,Medio Magdalena,Quebrada El Carmen y Otros Directos al Magdalena,2.80363631248474,4.08727264404297,5,5,0.56521737575531,0.829710125923157,1,1,1.10000002384186,2007,01,0,0,0,0,22.9963779449463,2007-01-01,0.0256242845207453,9.72057914733887,0.0252008363604546
23210130,Pluviométrica,Convencional,Cesar,Aguachica,8.2494,-73.58,250,10/15/1973,,Andes,Magdalena Cauca,Medio Magdalena,Quebrada El Carmen y Otros Directos al Magdalena,2.80363631248474,4.08727264404297,5,5,0.56521737575531,0.829710125923157,1,1,1.11000001430511,2007,02,0,0,0,0,7.12211894989014,2007-02-01,0.441176444292069,5.1074800491333,0.514518260955811
23210130,Pluviométrica,Convencional,Cesar,Aguachica,8.2494,-73.58,250,10/15/1973,,Andes,Magdalena Cauca,Medio Magdalena,Quebrada El Carmen y Otros Directos al Magdalena,2.80363631248474,4.08727264404297,5,5,0.56521737575531,0.829710125923157,1,1,1.07000005245209,2007,03,73,73,78.1100038290024,0,94.3133163452148,2007-03-01,94.5236968994141,83.0590209960938,87.8769989013672
23210130,Pluviométrica,Convencional,Cesar,Aguachica,8.2494,-73.58,250,10/15/1973,,Andes,Magdalena Cauca,Medio Magdalena,Quebrada El Carmen y Otros Directos al Magdalena,2.80363631248474,4.08727264404297,5,5,0.56521737575531,0.829710125923157,1,1,1.04999995231628,2007,04,134,134,140.699993610382,0,168.932678222656,2007-04-01,153.206893920898,176.791961669922,177.652191162109
23210130,Pluviométrica,Convencional,Cesar,Aguachica,8.2494,-73.58,250,10/15/1973,,Andes,Magdalena Cauca,Medio Magdalena,Quebrada El Carmen y Otros Directos al Magdalena,2.80363631248474,4.08727264404297,5,5,0.56521737575531,0.829710125923157,1,1,1.04999995231628,2007,05,122,122,128.099994182587,0,169.035766601563,2007-05-01,238.507904052734,229.439926147461,262.820678710938
23210130,Pluviométrica,Convencional,Cesar,Aguachica,8.2494,-73.58,250,10/15/1973,,Andes,Magdalena Cauca,Medio Magdalena,Quebrada El Carmen y Otros Directos al Magdalena,2.80363631248474,4.08727264404297,5,5,0.56521737575531,0.829710125923157,1,1,1.04999995231628,2007,06,51,51,53.5499975681305,0,61.3225822448731,2007-06-01,75.6707229614258,54.6146087646484,66.5317153930664
23210130,Pluviométrica,Convencional,Cesar,Aguachica,8.2494,-73.58,250,10/15/1973,,Andes,Magdalena Cauca,Medio Magdalena,Quebrada El Carmen y Otros Directos al Magdalena,2.80363631248474,4.08727264404297,5,5,0.56521737575531,0.829710125923157,1,1,1.04999995231628,2007,07,131,131,137.549993753433,0,96.1346588134766,2007-07-01,103.526420593262,112.754981994629,129.04621887207
23210130,Pluviométrica,Convencional,Cesar,Aguachica,8.2494,-73.58,250,10/15/1973,,Andes,Magdalena Cauca,Medio Magdalena,Quebrada El Carmen y Otros Directos al Magdalena,2.80363631248474,4.08727264404297,5,5,0.56521737575531,0.829710125923157,1,1,1.05999994277954,2007,08,278,278,294.679984092712,0,99.1654205322266,2007-08-01,141.239456176758,197.411071777344,220.93424987793
23210130,Pluviométrica,Convencional,Cesar,Aguachica,8.2494,-73.58,250,10/15/1973,,Andes,Magdalena Cauca,Medio Magdalena,Quebrada El Carmen y Otros Directos al Magdalena,2.80363631248474,4.08727264404297,5,5,0.56521737575531,0.829710125923157,1,1,1.04999995231628,2007,09,135,135,141.749993562698,0,148.272338867188,2007-09-01,158.179534912109,183.759735107422,172.681854248047
23210130,Pluviométrica,Convencional,Cesar,Aguachica,8.2494,-73.58,250,10/15/1973,,Andes,Magdalena Cauca,Medio Magdalena,Quebrada El Carmen y Otros Directos al Magdalena,2.80363631248474,4.08727264404297,5,5,0.56521737575531,0.829710125923157,1,1,1.03999996185303,2007,10,142,142,147.67999458313,0,190.629364013672,2007-10-01,160.301620483398,170.918472290039,159.164474487305
23210130,Pluviométrica,Convencional,Cesar,Aguachica,8.2494,-73.58,250,10/15/1973,,Andes,Magdalena Cauca,Medio Magdalena,Quebrada El Carmen y Otros Directos al Magdalena,2.80363631248474,4.08727264404297,5,5,0.56521737575531,0.829710125923157,1,1,1.04999995231628,2007,11,165,165,173.249992132187,0,163.225601196289,2007-11-01,118.032409667969,107.557479858398,94.3467102050781
23210130,Pluviométrica,Convencional,Cesar,Aguachica,8.2494,-73.58,250,10/15/1973,,Andes,Magdalena Cauca,Medio Magdalena,Quebrada El Carmen y Otros Directos al Magdalena,2.80363631248474,4.08727264404297,5,5,0.56521737575531,0.829710125923157,1,1,1.07000005245209,2007,12,30,30,32.1000015735626,0,44.9658660888672,2007-12-01,34.8973770141602,52.2537002563477,45.5397491455078
23210130,Pluviométrica,Convencional,Cesar,Aguachica,8.2494,-73.58,250,10/15/1973,,Andes,Magdalena Cauca,Medio Magdalena,Quebrada El Carmen y Otros Directos al Magdalena,2.80363631248474,4.08727264404297,5,5,0.56521737575531,0.829710125923157,1,1,1.10000002384186,2008,01,8,8,8.80000019073486,0,34.2700042724609,2008-01-01,13.5416126251221,19.162239074707,12.0165042877197
23210130,Pluviométrica,Convencional,Cesar,Aguachica,8.2494,-73.58,250,10/15/1973,,Andes,Magdalena Cauca,Medio Magdalena,Quebrada El Carmen y Otros Directos al Magdalena,2.80363631248474,4.08727264404297,5,5,0.56521737575531,0.829710125923157,1,1,1.11000001430511,2008,02,19,19,21.0900002717972,0,10.3379697799683,2008-02-01,21.2742614746094,11.3181915283203,28.6061706542969
23210130,Pluviométrica,Convencional,Cesar,Aguachica,8.2494,-73.58,250,10/15/1973,,Andes,Magdalena Cauca,Medio Magdalena,Quebrada El Carmen y Otros Directos al Magdalena,2.80363631248474,4.08727264404297,5,5,0.56521737575531,0.829710125923157,1,1,1.07000005245209,2008,03,15,15,16.0500007867813,0,52.0953140258789,2008-03-01,32.9998245239258,40.7816543579102,39.8725357055664
23210130,Pluviométrica,Convencional,Cesar,Aguachica,8.2494,-73.58,250,10/15/1973,,Andes,Magdalena Cauca,Medio Magdalena,Quebrada El Carmen y Otros Directos al Magdalena,2.80363631248474,4.08727264404297,5,5,0.56521737575531,0.829710125923157,1,1,1.04999995231628,2008,04,215,215,225.749989748001,0,117.764266967773,2008-04-01,103.323539733887,129.346038818359,140.278472900391
23210130,Pluviométrica,Convencional,Cesar,Aguachica,8.2494,-73.58,250,10/15/1973,,Andes,Magdalena Cauca,Medio Magdalena,Quebrada El Carmen y Otros Directos al Magdalena,2.80363631248474,4.08727264404297,5,5,0.56521737575531,0.829710125923157,1,1,1.04999995231628,2008,05,329,329,345.449984312058,0,152.874160766602,2008-05-01,199.743072509766,195.992889404297,223.715072631836
23210130,Pluviométrica,Convencional,Cesar,Aguachica,8.2494,-73.58,250,10/15/1973,,Andes,Magdalena Cauca,Medio Magdalena,Quebrada El Carmen y Otros Directos al Magdalena,2.80363631248474,4.08727264404297,5,5,0.56521737575531,0.829710125923157,1,1,1.04999995231628,2008,06,158,158,165.899992465973,0,104.63117980957,2008-06-01,161.654678344727,116.196548461914,136.701507568359
23210130,Pluviométrica,Convencional,Cesar,Aguachica,8.2494,-73.58,250,10/15/1973,,Andes,Magdalena Cauca,Medio Magdalena,Quebrada El Carmen y Otros Directos al Magdalena,2.80363631248474,4.08727264404297,5,5,0.56521737575531,0.829710125923157,1,1,1.04999995231628,2008,07,203,203,213.149990320206,0,128.3359375,2008-07-01,182.346954345703,154.611038208008,199.170516967773
23210130,Pluviométrica,Convencional,Cesar,Aguachica,8.2494,-73.58,250,10/15/1973,,Andes,Magdalena Cauca,Medio Magdalena,Quebrada El Carmen y Otros Directos al Magdalena,2.80363631248474,4.08727264404297,5,5,0.56521737575531,0.829710125923157,1,1,1.05999994277954,2008,08,147,147,155.819991588593,0,117.959686279297,2008-08-01,171.459579467773,169.285491943359,198.607086181641
23210130,Pluviométrica,Convencional,Cesar,Aguachica,8.2494,-73.58,250,10/15/1973,,Andes,Magdalena Cauca,Medio Magdalena,Quebrada El Carmen y Otros Directos al Magdalena,2.80363631248474,4.08727264404297,5,5,0.56521737575531,0.829710125923157,1,1,1.04999995231628,2008,09,134,134,140.699993610382,0,168.835601806641,2008-09-01,193.873596191406,169.922882080078,166.816802978516
23210130,Pluviométrica,Convencional,Cesar,Aguachica,8.2494,-73.58,250,10/15/1973,,Andes,Magdalena Cauca,Medio Magdalena,Quebrada El Carmen y Otros Directos al Magdalena,2.80363631248474,4.08727264404297,5,5,0.56521737575531,0.829710125923157,1,1,1.03999996185303,2008,10,161,161,167.439993858337,0,190.243026733398,2008-10-01,160.283325195313,138.070404052734,131.492416381836
23210130,Pluviométrica,Convencional,Cesar,Aguachica,8.2494,-73.58,250,10/15/1973,,Andes,Magdalena Cauca,Medio Magdalena,Quebrada El Carmen y Otros Directos al Magdalena,2.80363631248474,4.08727264404297,5,5,0.56521737575531,0.829710125923157,1,1,1.04999995231628,2008,11,260,260,272.999987602234,0,184.557098388672,2008-11-01,130.164855957031,211.892196655273,188.043975830078
23210130,Pluviométrica,Convencional,Cesar,Aguachica,8.2494,-73.58,250,10/15/1973,,Andes,Magdalena Cauca,Medio Magdalena,Quebrada El Carmen y Otros Directos al Magdalena,2.80363631248474,4.08727264404297,5,5,0.56521737575531,0.829710125923157,1,1,1.07000005245209,2008,12,11,11,11.770000576973,0,30.4743404388428,2008-12-01,12.7528190612793,19.2783660888672,12.3825159072876
23210130,Pluviométrica,Convencional,Cesar,Aguachica,8.2494,-73.58,250,10/15/1973,,Andes,Magdalena Cauca,Medio Magdalena,Quebrada El Carmen y Otros Directos al Magdalena,2.80363631248474,4.08727264404297,5,5,0.56521737575531,0.829710125923157,1,1,1.10000002384186,2009,01,7,7,7.70000016689301,0,55.8913497924805,2009-01-01,48.8020629882813,30.8031902313232,32.0886726379395
23210130,Pluviométrica,Convencional,Cesar,Aguachica,8.2494,-73.58,250,10/15/1973,,Andes,Magdalena Cauca,Medio Magdalena,Quebrada El Carmen y Otros Directos al Magdalena,2.80363631248474,4.08727264404297,5,5,0.56521737575531,0.829710125923157,1,1,1.11000001430511,2009,02,27,27,29.9700003862381,0,13.789662361145,2009-02-01,33.6026153564453,12.6214017868042,28.5776844024658
23210130,Pluviométrica,Convencional,Cesar,Aguachica,8.2494,-73.58,250,10/15/1973,,Andes,Magdalena Cauca,Medio Magdalena,Quebrada El Carmen y Otros Directos al Magdalena,2.80363631248474,4.08727264404297,5,5,0.56521737575531,0.829710125923157,1,1,1.07000005245209,2009,03,172,172,184.040009021759,0,87.1570205688477,2009-03-01,103.273597717285,91.9014205932617,100.496963500977
23210130,Pluviométrica,Convencional,Cesar,Aguachica,8.2494,-73.58,250,10/15/1973,,Andes,Magdalena Cauca,Medio Magdalena,Quebrada El Carmen y Otros Directos al Magdalena,2.80363631248474,4.08727264404297,5,5,0.56521737575531,0.829710125923157,1,1,1.04999995231628,2009,04,32,32,33.5999984741211,0,119.978843688965,2009-04-01,104.478805541992,67.2719268798828,69.7160720825195
23210130,Pluviométrica,Convencional,Cesar,Aguachica,8.2494,-73.58,250,10/15/1973,,Andes,Magdalena Cauca,Medio Magdalena,Quebrada El Carmen y Otros Directos al Magdalena,2.80363631248474,4.08727264404297,5,5,0.56521737575531,0.829710125923157,1,1,1.04999995231628,2009,05,154,154,161.699992656708,0,146.373077392578,2009-05-01,182.430252075195,153.162628173828,171.487091064453
23210130,Pluviométrica,Convencional,Cesar,Aguachica,8.2494,-73.58,250,10/15/1973,,Andes,Magdalena Cauca,Medio Magdalena,Quebrada El Carmen y Otros Directos al Magdalena,2.80363631248474,4.08727264404297,5,5,0.56521737575531,0.829710125923157,1,1,1.04999995231628,2009,06,135,135,141.749993562698,0,121.728759765625,2009-06-01,192.942138671875,128.46842956543,162.383453369141
23210130,Pluviométrica,Convencional,Cesar,Aguachica,8.2494,-73.58,250,10/15/1973,,Andes,Magdalena Cauca,Medio Magdalena,Quebrada El Carmen y Otros Directos al Magdalena,2.80363631248474,4.08727264404297,5,5,0.56521737575531,0.829710125923157,1,1,1.04999995231628,2009,07,141,141,148.049993276596,0,88.639274597168,2009-07-01,95.2885360717774,62.1762237548828,67.7353057861328
23210130,Pluviométrica,Convencional,Cesar,Aguachica,8.2494,-73.58,250,10/15/1973,,Andes,Magdalena Cauca,Medio Magdalena,Quebrada El Carmen y Otros Directos al Magdalena,2.80363631248474,4.08727264404297,5,5,0.56521737575531,0.829710125923157,1,1,1.05999994277954,2009,08,197,197,208.81998872757,0,99.9507141113281,2009-08-01,143.83219909668,146.277755737305,164.874450683594
23210130,Pluviométrica,Convencional,Cesar,Aguachica,8.2494,-73.58,250,10/15/1973,,Andes,Magdalena Cauca,Medio Magdalena,Quebrada El Carmen y Otros Directos al Magdalena,2.80363631248474,4.08727264404297,5,5,0.56521737575531,0.829710125923157,1,1,1.04999995231628,2009,09,198,198,207.899990558624,0,125.68514251709,2009-09-01,133.368209838867,114.239151000977,113.680351257324
23210130,Pluviométrica,Convencional,Cesar,Aguachica,8.2494,-73.58,250,10/15/1973,,Andes,Magdalena Cauca,Medio Magdalena,Quebrada El Carmen y Otros Directos al Magdalena,2.80363631248474,4.08727264404297,5,5,0.56521737575531,0.829710125923157,1,1,1.03999996185303,2009,10,231,231,240.239991188049,0,194.936477661133,2009-10-01,158.245025634766,174.481719970703,151.30110168457
23210130,Pluviométrica,Convencional,Cesar,Aguachica,8.2494,-73.58,250,10/15/1973,,Andes,Magdalena Cauca,Medio Magdalena,Quebrada El Carmen y Otros Directos al Magdalena,2.80363631248474,4.08727264404297,5,5,0.56521737575531,0.829710125923157,1,1,1.04999995231628,2009,11,81,81,85.049996137619,0,116.132797241211,2009-11-01,69.5287170410156,112.476364135742,82.8154983520508
23210130,Pluviométrica,Convencional,Cesar,Aguachica,8.2494,-73.58,250,10/15/1973,,Andes,Magdalena Cauca,Medio Magdalena,Quebrada El Carmen y Otros Directos al Magdalena,2.80363631248474,4.08727264404297,5,5,0.56521737575531,0.829710125923157,1,1,1.07000005245209,2009,12,46,46,49.220002412796,0,50.7622756958008,2009-12-01,50.0541000366211,42.9118232727051,44.8616218566895
23210130,Pluviométrica,Convencional,Cesar,Aguachica,8.2494,-73.58,250,10/15/1973,,Andes,Magdalena Cauca,Medio Magdalena,Quebrada El Carmen y Otros Directos al Magdalena,2.80363631248474,4.08727264404297,5,5,0.56521737575531,0.829710125923157,1,1,1.10000002384186,2010,01,0,0,0,0,24.9403991699219,2010-01-01,4.14147090911865,9.60908031463623,3.38139891624451
23210130,Pluviométrica,Convencional,Cesar,Aguachica,8.2494,-73.58,250,10/15/1973,,Andes,Magdalena Cauca,Medio Magdalena,Quebrada El Carmen y Otros Directos al Magdalena,2.80363631248474,4.08727264404297,5,5,0.56521737575531,0.829710125923157,1,1,1.11000001430511,2010,02,10,10,11.1000001430511,0,18.2379150390625,2010-02-01,47.2986717224121,13.2457895278931,26.5706157684326
23210130,Pluviométrica,Convencional,Cesar,Aguachica,8.2494,-73.58,250,10/15/1973,,Andes,Magdalena Cauca,Medio Magdalena,Quebrada El Carmen y Otros Directos al Magdalena,2.80363631248474,4.08727264404297,5,5,0.56521737575531,0.829710125923157,1,1,1.07000005245209,2010,03,0,0,0,31,88.1384735107422,2010-03-01,99.9929885864258,85.4575958251953,89.3321533203125
23210130,Pluviométrica,Convencional,Cesar,Aguachica,8.2494,-73.58,250,10/15/1973,,Andes,Magdalena Cauca,Medio Magdalena,Quebrada El Carmen y Otros Directos al Magdalena,2.80363631248474,4.08727264404297,5,5,0.56521737575531,0.829710125923157,1,1,1.04999995231628,2010,04,226,159,166.949992418289,10,174.98127746582,2010-04-01,167.584381103516,149.011291503906,162.854522705078
23210130,Pluviométrica,Convencional,Cesar,Aguachica,8.2494,-73.58,250,10/15/1973,,Andes,Magdalena Cauca,Medio Magdalena,Quebrada El Carmen y Otros Directos al Magdalena,2.80363631248474,4.08727264404297,5,5,0.56521737575531,0.829710125923157,1,1,1.04999995231628,2010,05,296,296,310.79998588562,0,146.346725463867,2010-05-01,180.472686767578,213.552551269531,230.860137939453
23210130,Pluviométrica,Convencional,Cesar,Aguachica,8.2494,-73.58,250,10/15/1973,,Andes,Magdalena Cauca,Medio Magdalena,Quebrada El Carmen y Otros Directos al Magdalena,2.80363631248474,4.08727264404297,5,5,0.56521737575531,0.829710125923157,1,1,1.04999995231628,2010,06,117,117,122.849994421005,0,98.2473602294922,2010-06-01,152.311737060547,153.231384277344,189.112442016602
23210130,Pluviométrica,Convencional,Cesar,Aguachica,8.2494,-73.58,250,10/15/1973,,Andes,Magdalena Cauca,Medio Magdalena,Quebrada El Carmen y Otros Directos al Magdalena,2.80363631248474,4.08727264404297,5,5,0.56521737575531,0.829710125923157,1,1,1.04999995231628,2010,07,277,277,290.849986791611,1,134.640609741211,2010-07-01,184.328247070313,192.374313354492,238.127914428711
23210130,Pluviométrica,Convencional,Cesar,Aguachica,8.2494,-73.58,250,10/15/1973,,Andes,Magdalena Cauca,Medio Magdalena,Quebrada El Carmen y Otros Directos al Magdalena,2.80363631248474,4.08727264404297,5,5,0.56521737575531,0.829710125923157,1,1,1.05999994277954,2010,08,0,0,0,31,116.758819580078,2010-08-01,178.102386474609,208.131423950195,247.931610107422
23210130,Pluviométrica,Convencional,Cesar,Aguachica,8.2494,-73.58,250,10/15/1973,,Andes,Magdalena Cauca,Medio Magdalena,Quebrada El Carmen y Otros Directos al Magdalena,2.80363631248474,4.08727264404297,5,5,0.56521737575531,0.829710125923157,1,1,1.04999995231628,2010,09,0,0,0,30,184.058135986328,2010-09-01,217.177001953125,257.540466308594,267.272552490234
23210130,Pluviométrica,Convencional,Cesar,Aguachica,8.2494,-73.58,250,10/15/1973,,Andes,Magdalena Cauca,Medio Magdalena,Quebrada El Carmen y Otros Directos al Magdalena,2.80363631248474,4.08727264404297,5,5,0.56521737575531,0.829710125923157,1,1,1.03999996185303,2010,10,0,0,0,31,167.667785644531,2010-10-01,130.974884033203,133.743041992188,106.957717895508
23210130,Pluviométrica,Convencional,Cesar,Aguachica,8.2494,-73.58,250,10/15/1973,,Andes,Magdalena Cauca,Medio Magdalena,Quebrada El Carmen y Otros Directos al Magdalena,2.80363631248474,4.08727264404297,5,5,0.56521737575531,0.829710125923157,1,1,1.04999995231628,2010,11,116,116,121.799994468689,0,187.072082519531,2010-11-01,138.578567504883,193.344512939453,182.874206542969
23210130,Pluviométrica,Convencional,Cesar,Aguachica,8.2494,-73.58,250,10/15/1973,,Andes,Magdalena Cauca,Medio Magdalena,Quebrada El Carmen y Otros Directos al Magdalena,2.80363631248474,4.08727264404297,5,5,0.56521737575531,0.829710125923157,1,1,1.07000005245209,2010,12,52,52,55.6400027275086,0,66.1463012695313,2010-12-01,78.0166473388672,63.7340545654297,75.6846313476563
23210130,Pluviométrica,Convencional,Cesar,Aguachica,8.2494,-73.58,250,10/15/1973,,Andes,Magdalena Cauca,Medio Magdalena,Quebrada El Carmen y Otros Directos al Magdalena,2.80363631248474,4.08727264404297,5,5,0.56521737575531,0.829710125923157,1,1,1.10000002384186,2011,01,56,56,61.6000013351441,0,41.6316680908203,2011-01-01,26.5103721618652,28.3546371459961,25.1375293731689
23210130,Pluviométrica,Convencional,Cesar,Aguachica,8.2494,-73.58,250,10/15/1973,,Andes,Magdalena Cauca,Medio Magdalena,Quebrada El Carmen y Otros Directos al Magdalena,2.80363631248474,4.08727264404297,5,5,0.56521737575531,0.829710125923157,1,1,1.11000001430511,2011,02,146,146,162.060002088547,0,20.9326477050781,2011-02-01,84.0949249267578,32.292724609375,88.90576171875
23210130,Pluviométrica,Convencional,Cesar,Aguachica,8.2494,-73.58,250,10/15/1973,,Andes,Magdalena Cauca,Medio Magdalena,Quebrada El Carmen y Otros Directos al Magdalena,2.80363631248474,4.08727264404297,5,5,0.56521737575531,0.829710125923157,1,1,1.07000005245209,2011,03,63,63,67.4100033044815,0,86.2517166137695,2011-03-01,91.5145721435547,75.8919830322266,86.3090438842774
23210130,Pluviométrica,Convencional,Cesar,Aguachica,8.2494,-73.58,250,10/15/1973,,Andes,Magdalena Cauca,Medio Magdalena,Quebrada El Carmen y Otros Directos al Magdalena,2.80363631248474,4.08727264404297,5,5,0.56521737575531,0.829710125923157,1,1,1.04999995231628,2011,04,247,247,259.349988222122,0,185.64111328125,2011-04-01,183.409484863281,200.180633544922,229.19352722168
23210130,Pluviométrica,Convencional,Cesar,Aguachica,8.2494,-73.58,250,10/15/1973,,Andes,Magdalena Cauca,Medio Magdalena,Quebrada El Carmen y Otros Directos al Magdalena,2.80363631248474,4.08727264404297,5,5,0.56521737575531,0.829710125923157,1,1,1.04999995231628,2011,05,171,171,179.549991846085,0,129.857818603516,2011-05-01,140.329162597656,149.973236083984,171.157241821289
23210130,Pluviométrica,Convencional,Cesar,Aguachica,8.2494,-73.58,250,10/15/1973,,Andes,Magdalena Cauca,Medio Magdalena,Quebrada El Carmen y Otros Directos al Magdalena,2.80363631248474,4.08727264404297,5,5,0.56521737575531,0.829710125923157,1,1,1.04999995231628,2011,06,171,171,179.549991846085,0,112.532028198242,2011-06-01,181.457214355469,137.421508789063,166.772552490234
23210130,Pluviométrica,Convencional,Cesar,Aguachica,8.2494,-73.58,250,10/15/1973,,Andes,Magdalena Cauca,Medio Magdalena,Quebrada El Carmen y Otros Directos al Magdalena,2.80363631248474,4.08727264404297,5,5,0.56521737575531,0.829710125923157,1,1,1.04999995231628,2011,07,238,238,249.899988651276,0,108.82152557373,2011-07-01,140.432174682617,135.096801757813,154.783828735352
23210130,Pluviométrica,Convencional,Cesar,Aguachica,8.2494,-73.58,250,10/15/1973,,Andes,Magdalena Cauca,Medio Magdalena,Quebrada El Carmen y Otros Directos al Magdalena,2.80363631248474,4.08727264404297,5,5,0.56521737575531,0.829710125923157,1,1,1.05999994277954,2011,08,99,99,104.939994335175,0,108.890144348145,2011-08-01,164.421340942383,121.043304443359,143.883499145508
23210130,Pluviométrica,Convencional,Cesar,Aguachica,8.2494,-73.58,250,10/15/1973,,Andes,Magdalena Cauca,Medio Magdalena,Quebrada El Carmen y Otros Directos al Magdalena,2.80363631248474,4.08727264404297,5,5,0.56521737575531,0.829710125923157,1,1,1.04999995231628,2011,09,116,116,121.799994468689,0,130.884811401367,2011-09-01,135.7265625,157.418548583984,148.892761230469
23210130,Pluviométrica,Convencional,Cesar,Aguachica,8.2494,-73.58,250,10/15/1973,,Andes,Magdalena Cauca,Medio Magdalena,Quebrada El Carmen y Otros Directos al Magdalena,2.80363631248474,4.08727264404297,5,5,0.56521737575531,0.829710125923157,1,1,1.03999996185303,2011,10,380,380,395.19998550415,0,180.595748901367,2011-10-01,146.656066894531,230.17529296875,214.271911621094
23210130,Pluviométrica,Convencional,Cesar,Aguachica,8.2494,-73.58,250,10/15/1973,,Andes,Magdalena Cauca,Medio Magdalena,Quebrada El Carmen y Otros Directos al Magdalena,2.80363631248474,4.08727264404297,5,5,0.56521737575531,0.829710125923157,1,1,1.04999995231628,2011,11,210,210,220.49998998642,0,170.587844848633,2011-11-01,118.939010620117,176.301406860352,151.738525390625
23210130,Pluviométrica,Convencional,Cesar,Aguachica,8.2494,-73.58,250,10/15/1973,,Andes,Magdalena Cauca,Medio Magdalena,Quebrada El Carmen y Otros Directos al Magdalena,2.80363631248474,4.08727264404297,5,5,0.56521737575531,0.829710125923157,1,1,1.07000005245209,2011,12,63,63,67.4100033044815,0,78.7943801879883,2011-12-01,105.486061096191,70.9306945800781,84.2159118652344
23210130,Pluviométrica,Convencional,Cesar,Aguachica,8.2494,-73.58,250,10/15/1973,,Andes,Magdalena Cauca,Medio Magdalena,Quebrada El Carmen y Otros Directos al Magdalena,2.80363631248474,4.08727264404297,5,5,0.56521737575531,0.829710125923157,1,1,1.10000002384186,2012,01,0,0,0,0,23.9683876037598,2012-01-01,1.14152157306671,13.5153408050537,1.38023376464844
23210130,Pluviométrica,Convencional,Cesar,Aguachica,8.2494,-73.58,250,10/15/1973,,Andes,Magdalena Cauca,Medio Magdalena,Quebrada El Carmen y Otros Directos al Magdalena,2.80363631248474,4.08727264404297,5,5,0.56521737575531,0.829710125923157,1,1,1.11000001430511,2012,02,17,17,18.870000243187,0,14.7823305130005,2012-02-01,48.2187385559082,12.213264465332,25.0505561828613
23210130,Pluviométrica,Convencional,Cesar,Aguachica,8.2494,-73.58,250,10/15/1973,,Andes,Magdalena Cauca,Medio Magdalena,Quebrada El Carmen y Otros Directos al Magdalena,2.80363631248474,4.08727264404297,5,5,0.56521737575531,0.829710125923157,1,1,1.07000005245209,2012,03,114,114,121.980005979538,0,105.751525878906,2012-03-01,130.650436401367,89.4626159667969,103.238059997559
23210130,Pluviométrica,Convencional,Cesar,Aguachica,8.2494,-73.58,250,10/15/1973,,Andes,Magdalena Cauca,Medio Magdalena,Quebrada El Carmen y Otros Directos al Magdalena,2.80363631248474,4.08727264404297,5,5,0.56521737575531,0.829710125923157,1,1,1.04999995231628,2012,04,144,144,151.199993133545,0,206.882690429688,2012-04-01,217.68244934082,220.584991455078,219.121231079102
23210130,Pluviométrica,Convencional,Cesar,Aguachica,8.2494,-73.58,250,10/15/1973,,Andes,Magdalena Cauca,Medio Magdalena,Quebrada El Carmen y Otros Directos al Magdalena,2.80363631248474,4.08727264404297,5,5,0.56521737575531,0.829710125923157,1,1,1.04999995231628,2012,05,121,121,127.04999423027,0,149.654159545898,2012-05-01,195.227066040039,179.550308227539,202.313980102539
23210130,Pluviométrica,Convencional,Cesar,Aguachica,8.2494,-73.58,250,10/15/1973,,Andes,Magdalena Cauca,Medio Magdalena,Quebrada El Carmen y Otros Directos al Magdalena,2.80363631248474,4.08727264404297,5,5,0.56521737575531,0.829710125923157,1,1,1.04999995231628,2012,06,85,85,89.2499959468842,0,80.2240753173828,2012-06-01,112.387367248535,107.375984191895,116.390258789063
23210130,Pluviométrica,Convencional,Cesar,Aguachica,8.2494,-73.58,250,10/15/1973,,Andes,Magdalena Cauca,Medio Magdalena,Quebrada El Carmen y Otros Directos al Magdalena,2.80363631248474,4.08727264404297,5,5,0.56521737575531,0.829710125923157,1,1,1.04999995231628,2012,07,117,117,122.849994421005,0,105.674339294434,2012-07-01,129.007110595703,101.791000366211,119.195434570313
23210130,Pluviométrica,Convencional,Cesar,Aguachica,8.2494,-73.58,250,10/15/1973,,Andes,Magdalena Cauca,Medio Magdalena,Quebrada El Carmen y Otros Directos al Magdalena,2.80363631248474,4.08727264404297,5,5,0.56521737575531,0.829710125923157,1,1,1.05999994277954,2012,08,257,257,272.419985294342,0,109.688095092773,2012-08-01,156.746673583984,180.553665161133,217.952011108398
23210130,Pluviométrica,Convencional,Cesar,Aguachica,8.2494,-73.58,250,10/15/1973,,Andes,Magdalena Cauca,Medio Magdalena,Quebrada El Carmen y Otros Directos al Magdalena,2.80363631248474,4.08727264404297,5,5,0.56521737575531,0.829710125923157,1,1,1.04999995231628,2012,09,135,135,141.749993562698,0,153.639282226563,2012-09-01,169.492523193359,125.963104248047,127.881805419922
23210130,Pluviométrica,Convencional,Cesar,Aguachica,8.2494,-73.58,250,10/15/1973,,Andes,Magdalena Cauca,Medio Magdalena,Quebrada El Carmen y Otros Directos al Magdalena,2.80363631248474,4.08727264404297,5,5,0.56521737575531,0.829710125923157,1,1,1.03999996185303,2012,10,157,157,163.279994010925,0,230.427963256836,2012-10-01,201.032943725586,172.156875610352,165.976989746094
23210130,Pluviométrica,Convencional,Cesar,Aguachica,8.2494,-73.58,250,10/15/1973,,Andes,Magdalena Cauca,Medio Magdalena,Quebrada El Carmen y Otros Directos al Magdalena,2.80363631248474,4.08727264404297,5,5,0.56521737575531,0.829710125923157,1,1,1.04999995231628,2012,11,37,37,38.8499982357025,0,117.179862976074,2012-11-01,69.2390594482422,68.0070648193359,50.2695770263672
23210130,Pluviométrica,Convencional,Cesar,Aguachica,8.2494,-73.58,250,10/15/1973,,Andes,Magdalena Cauca,Medio Magdalena,Quebrada El Carmen y Otros Directos al Magdalena,2.80363631248474,4.08727264404297,5,5,0.56521737575531,0.829710125923157,1,1,1.07000005245209,2012,12,12.5,12.5,13.3750006556511,0,50.9787902832031,2012-12-01,46.1938438415527,34.3152198791504,34.6768569946289
23210130,Pluviométrica,Convencional,Cesar,Aguachica,8.2494,-73.58,250,10/15/1973,,Andes,Magdalena Cauca,Medio Magdalena,Quebrada El Carmen y Otros Directos al Magdalena,2.80363631248474,4.08727264404297,5,5,0.56521737575531,0.829710125923157,1,1,1.10000002384186,2013,01,0,0,0,0,26.2825889587402,2013-01-01,0.0256242845207453,11.1281471252441,0.0274129398167133
23210130,Pluviométrica,Convencional,Cesar,Aguachica,8.2494,-73.58,250,10/15/1973,,Andes,Magdalena Cauca,Medio Magdalena,Quebrada El Carmen y Otros Directos al Magdalena,2.80363631248474,4.08727264404297,5,5,0.56521737575531,0.829710125923157,1,1,1.11000001430511,2013,02,31,31,34.4100004434586,0,15.775671005249,2013-02-01,30.1765403747559,15.5781078338623,27.5002307891846
23210130,Pluviométrica,Convencional,Cesar,Aguachica,8.2494,-73.58,250,10/15/1973,,Andes,Magdalena Cauca,Medio Magdalena,Quebrada El Carmen y Otros Directos al Magdalena,2.80363631248474,4.08727264404297,5,5,0.56521737575531,0.829710125923157,1,1,1.07000005245209,2013,03,81,81,86.6700042486191,0,83.2801208496094,2013-03-01,108.464653015137,72.9144287109375,89.725959777832
23210130,Pluviométrica,Convencional,Cesar,Aguachica,8.2494,-73.58,250,10/15/1973,,Andes,Magdalena Cauca,Medio Magdalena,Quebrada El Carmen y Otros Directos al Magdalena,2.80363631248474,4.08727264404297,5,5,0.56521737575531,0.829710125923157,1,1,1.04999995231628,2013,04,113,113,118.64999461174,0,141.369567871094,2013-04-01,146.964538574219,96.4404678344727,105.549224853516
23210130,Pluviométrica,Convencional,Cesar,Aguachica,8.2494,-73.58,250,10/15/1973,,Andes,Magdalena Cauca,Medio Magdalena,Quebrada El Carmen y Otros Directos al Magdalena,2.80363631248474,4.08727264404297,5,5,0.56521737575531,0.829710125923157,1,1,1.04999995231628,2013,05,141,141,148.049993276596,0,151.285430908203,2013-05-01,218.655700683594,165.107055664063,190.715225219727
23210130,Pluviométrica,Convencional,Cesar,Aguachica,8.2494,-73.58,250,10/15/1973,,Andes,Magdalena Cauca,Medio Magdalena,Quebrada El Carmen y Otros Directos al Magdalena,2.80363631248474,4.08727264404297,5,5,0.56521737575531,0.829710125923157,1,1,1.04999995231628,2013,06,106,106,111.299994945526,0,94.2474060058594,2013-06-01,157.389053344727,100.80810546875,125.168296813965
23210130,Pluviométrica,Convencional,Cesar,Aguachica,8.2494,-73.58,250,10/15/1973,,Andes,Magdalena Cauca,Medio Magdalena,Quebrada El Carmen y Otros Directos al Magdalena,2.80363631248474,4.08727264404297,5,5,0.56521737575531,0.829710125923157,1,1,1.04999995231628,2013,07,121,121,127.04999423027,0,80.0054016113281,2013-07-01,89.4126586914063,60.417350769043,77.3558807373047
23210130,Pluviométrica,Convencional,Cesar,Aguachica,8.2494,-73.58,250,10/15/1973,,Andes,Magdalena Cauca,Medio Magdalena,Quebrada El Carmen y Otros Directos al Magdalena,2.80363631248474,4.08727264404297,5,5,0.56521737575531,0.829710125923157,1,1,1.05999994277954,2013,08,135,135,143.099992275238,0,105.367767333984,2013-08-01,170.06965637207,146.388946533203,179.657348632813
23210130,Pluviométrica,Convencional,Cesar,Aguachica,8.2494,-73.58,250,10/15/1973,,Andes,Magdalena Cauca,Medio Magdalena,Quebrada El Carmen y Otros Directos al Magdalena,2.80363631248474,4.08727264404297,5,5,0.56521737575531,0.829710125923157,1,1,1.04999995231628,2013,09,152,152,159.599992752075,0,164.125778198242,2013-09-01,187.911636352539,170.942428588867,166.225601196289
23210130,Pluviométrica,Convencional,Cesar,Aguachica,8.2494,-73.58,250,10/15/1973,,Andes,Magdalena Cauca,Medio Magdalena,Quebrada El Carmen y Otros Directos al Magdalena,2.80363631248474,4.08727264404297,5,5,0.56521737575531,0.829710125923157,1,1,1.03999996185303,2013,10,178,178,185.119993209839,0,211.397186279297,2013-10-01,184.600357055664,187.113647460938,181.616134643555
23210130,Pluviométrica,Convencional,Cesar,Aguachica,8.2494,-73.58,250,10/15/1973,,Andes,Magdalena Cauca,Medio Magdalena,Quebrada El Carmen y Otros Directos al Magdalena,2.80363631248474,4.08727264404297,5,5,0.56521737575531,0.829710125923157,1,1,1.04999995231628,2013,11,60,60,62.9999971389771,0,132.891799926758,2013-11-01,82.2250366210938,82.1044082641602,72.0011901855469
23210130,Pluviométrica,Convencional,Cesar,Aguachica,8.2494,-73.58,250,10/15/1973,,Andes,Magdalena Cauca,Medio Magdalena,Quebrada El Carmen y Otros Directos al Magdalena,2.80363631248474,4.08727264404297,5,5,0.56521737575531,0.829710125923157,1,1,1.07000005245209,2013,12,68,68,72.760003566742,0,47.9780006408691,2013-12-01,33.5319862365723,46.4997482299805,38.2878646850586
23210130,Pluviométrica,Convencional,Cesar,Aguachica,8.2494,-73.58,250,10/15/1973,,Andes,Magdalena Cauca,Medio Magdalena,Quebrada El Carmen y Otros Directos al Magdalena,2.80363631248474,4.08727264404297,5,5,0.56521737575531,0.829710125923157,1,1,1.10000002384186,2014,01,87,87,95.7000020742416,0,52.0403480529785,2014-01-01,30.333080291748,32.5232925415039,26.8442153930664
23210130,Pluviométrica,Convencional,Cesar,Aguachica,8.2494,-73.58,250,10/15/1973,,Andes,Magdalena Cauca,Medio Magdalena,Quebrada El Carmen y Otros Directos al Magdalena,2.80363631248474,4.08727264404297,5,5,0.56521737575531,0.829710125923157,1,1,1.11000001430511,2014,02,158,158,175.380002260208,0,13.2700262069702,2014-02-01,29.0369644165039,16.1235408782959,53.4562606811524
23210130,Pluviométrica,Convencional,Cesar,Aguachica,8.2494,-73.58,250,10/15/1973,,Andes,Magdalena Cauca,Medio Magdalena,Quebrada El Carmen y Otros Directos al Magdalena,2.80363631248474,4.08727264404297,5,5,0.56521737575531,0.829710125923157,1,1,1.07000005245209,2014,03,40,40,42.8000020980835,0,58.3930397033691,2014-03-01,73.2501602172852,45.8724975585938,54.428150177002
23210130,Pluviométrica,Convencional,Cesar,Aguachica,8.2494,-73.58,250,10/15/1973,,Andes,Magdalena Cauca,Medio Magdalena,Quebrada El Carmen y Otros Directos al Magdalena,2.80363631248474,4.08727264404297,5,5,0.56521737575531,0.829710125923157,1,1,1.04999995231628,2014,04,204,204,214.199990272522,0,143.038040161133,2014-04-01,154.168914794922,135.097045898438,149.264541625977
23210130,Pluviométrica,Convencional,Cesar,Aguachica,8.2494,-73.58,250,10/15/1973,,Andes,Magdalena Cauca,Medio Magdalena,Quebrada El Carmen y Otros Directos al Magdalena,2.80363631248474,4.08727264404297,5,5,0.56521737575531,0.829710125923157,1,1,1.04999995231628,2014,05,121,121,127.04999423027,0,126.583602905273,2014-05-01,157.094299316406,146.930465698242,160.278213500977
23210130,Pluviométrica,Convencional,Cesar,Aguachica,8.2494,-73.58,250,10/15/1973,,Andes,Magdalena Cauca,Medio Magdalena,Quebrada El Carmen y Otros Directos al Magdalena,2.80363631248474,4.08727264404297,5,5,0.56521737575531,0.829710125923157,1,1,1.04999995231628,2014,06,120,120,125.999994277954,0,67.7143096923828,2014-06-01,101.723159790039,59.6177558898926,69.7647171020508
23210130,Pluviométrica,Convencional,Cesar,Aguachica,8.2494,-73.58,250,10/15/1973,,Andes,Magdalena Cauca,Medio Magdalena,Quebrada El Carmen y Otros Directos al Magdalena,2.80363631248474,4.08727264404297,5,5,0.56521737575531,0.829710125923157,1,1,1.04999995231628,2014,07,69,69,72.4499967098236,0,73.8118438720703,2014-07-01,80.2172164916992,56.2357711791992,61.6226043701172
23210130,Pluviométrica,Convencional,Cesar,Aguachica,8.2494,-73.58,250,10/15/1973,,Andes,Magdalena Cauca,Medio Magdalena,Quebrada El Carmen y Otros Directos al Magdalena,2.80363631248474,4.08727264404297,5,5,0.56521737575531,0.829710125923157,1,1,1.05999994277954,2014,08,150,150,158.999991416931,0,108.648490905762,2014-08-01,183.768493652344,98.9756011962891,126.347473144531
23210130,Pluviométrica,Convencional,Cesar,Aguachica,8.2494,-73.58,250,10/15/1973,,Andes,Magdalena Cauca,Medio Magdalena,Quebrada El Carmen y Otros Directos al Magdalena,2.80363631248474,4.08727264404297,5,5,0.56521737575531,0.829710125923157,1,1,1.04999995231628,2014,09,62,62,65.0999970436096,0,178.959564208984,2014-09-01,214.44482421875,158.623947143555,158.789199829102
23210130,Pluviométrica,Convencional,Cesar,Aguachica,8.2494,-73.58,250,10/15/1973,,Andes,Magdalena Cauca,Medio Magdalena,Quebrada El Carmen y Otros Directos al Magdalena,2.80363631248474,4.08727264404297,5,5,0.56521737575531,0.829710125923157,1,1,1.03999996185303,2014,10,352,352,366.079986572266,0,207.177169799805,2014-10-01,190.110946655273,244.183486938477,268.893402099609
23210130,Pluviométrica,Convencional,Cesar,Aguachica,8.2494,-73.58,250,10/15/1973,,Andes,Magdalena Cauca,Medio Magdalena,Quebrada El Carmen y Otros Directos al Magdalena,2.80363631248474,4.08727264404297,5,5,0.56521737575531,0.829710125923157,1,1,1.04999995231628,2014,11,189,189,198.449990987778,0,134.729034423828,2014-11-01,84.1642761230469,142.130249023438,121.811378479004
23210130,Pluviométrica,Convencional,Cesar,Aguachica,8.2494,-73.58,250,10/15/1973,,Andes,Magdalena Cauca,Medio Magdalena,Quebrada El Carmen y Otros Directos al Magdalena,2.80363631248474,4.08727264404297,5,5,0.56521737575531,0.829710125923157,1,1,1.07000005245209,2014,12,77,77,82.3900040388107,0,63.6027412414551,2014-12-01,69.2050247192383,59.1601676940918,70.9428253173828
23210130,Pluviométrica,Convencional,Cesar,Aguachica,8.2494,-73.58,250,10/15/1973,,Andes,Magdalena Cauca,Medio Magdalena,Quebrada El Carmen y Otros Directos al Magdalena,2.80363631248474,4.08727264404297,5,5,0.56521737575531,0.829710125923157,1,1,1.10000002384186,2015,01,80,80,88.0000019073486,0,58.5237655639649,2015-01-01,33.1304931640625,58.5237655639649,27.1906337738037
23210130,Pluviométrica,Convencional,Cesar,Aguachica,8.2494,-73.58,250,10/15/1973,,Andes,Magdalena Cauca,Medio Magdalena,Quebrada El Carmen y Otros Directos al Magdalena,2.80363631248474,4.08727264404297,5,5,0.56521737575531,0.829710125923157,1,1,1.11000001430511,2015,02,109,109,120.990001559258,0,22.4286708831787,2015-02-01,82.9623641967774,22.4286708831787,66.9865417480469
23210130,Pluviométrica,Convencional,Cesar,Aguachica,8.2494,-73.58,250,10/15/1973,,Andes,Magdalena Cauca,Medio Magdalena,Quebrada El Carmen y Otros Directos al Magdalena,2.80363631248474,4.08727264404297,5,5,0.56521737575531,0.829710125923157,1,1,1.07000005245209,2015,03,75,75,80.2500039339066,0,40.3124809265137,2015-03-01,29.9305839538574,40.3124809265137,53.4102096557617
23210130,Pluviométrica,Convencional,Cesar,Aguachica,8.2494,-73.58,250,10/15/1973,,Andes,Magdalena Cauca,Medio Magdalena,Quebrada El Carmen y Otros Directos al Magdalena,2.80363631248474,4.08727264404297,5,5,0.56521737575531,0.829710125923157,1,1,1.04999995231628,2015,04,99,99,103.949995279312,0,135.18196105957,2015-04-01,149.637817382813,135.18196105957,110.511352539063
23210130,Pluviométrica,Convencional,Cesar,Aguachica,8.2494,-73.58,250,10/15/1973,,Andes,Magdalena Cauca,Medio Magdalena,Quebrada El Carmen y Otros Directos al Magdalena,2.80363631248474,4.08727264404297,5,5,0.56521737575531,0.829710125923157,1,1,1.04999995231628,2015,05,151,151,158.549992799759,0,129.168273925781,2015-05-01,166.767150878906,129.168273925781,124.511863708496
23210130,Pluviométrica,Convencional,Cesar,Aguachica,8.2494,-73.58,250,10/15/1973,,Andes,Magdalena Cauca,Medio Magdalena,Quebrada El Carmen y Otros Directos al Magdalena,2.80363631248474,4.08727264404297,5,5,0.56521737575531,0.829710125923157,1,1,1.04999995231628,2015,06,78,78,81.8999962806702,0,66.2892303466797,2015-06-01,102.012359619141,66.2892303466797,69.5195083618164
23210130,Pluviométrica,Convencional,Cesar,Aguachica,8.2494,-73.58,250,10/15/1973,,Andes,Magdalena Cauca,Medio Magdalena,Quebrada El Carmen y Otros Directos al Magdalena,2.80363631248474,4.08727264404297,5,5,0.56521737575531,0.829710125923157,1,1,1.04999995231628,2015,07,107,107,112.349994897842,0,94.0016021728516,2015-07-01,127.990982055664,94.0016021728516,92.8581848144531
23210130,Pluviométrica,Convencional,Cesar,Aguachica,8.2494,-73.58,250,10/15/1973,,Andes,Magdalena Cauca,Medio Magdalena,Quebrada El Carmen y Otros Directos al Magdalena,2.80363631248474,4.08727264404297,5,5,0.56521737575531,0.829710125923157,1,1,1.05999994277954,2015,08,71,71,75.2599959373474,0,105.136978149414,2015-08-01,175.620986938477,105.136978149414,120.464813232422
23210130,Pluviométrica,Convencional,Cesar,Aguachica,8.2494,-73.58,250,10/15/1973,,Andes,Magdalena Cauca,Medio Magdalena,Quebrada El Carmen y Otros Directos al Magdalena,2.80363631248474,4.08727264404297,5,5,0.56521737575531,0.829710125923157,1,1,1.04999995231628,2015,09,120,120,125.999994277954,0,126.353828430176,2015-09-01,128.953384399414,126.353828430176,115.756118774414
23210130,Pluviométrica,Convencional,Cesar,Aguachica,8.2494,-73.58,250,10/15/1973,,Andes,Magdalena Cauca,Medio Magdalena,Quebrada El Carmen y Otros Directos al Magdalena,2.80363631248474,4.08727264404297,5,5,0.56521737575531,0.829710125923157,1,1,1.03999996185303,2015,10,213.8,213.8,222.351991844177,0,227.735824584961,2015-10-01,210.808654785156,227.735824584961,185.451126098633
23210130,Pluviométrica,Convencional,Cesar,Aguachica,8.2494,-73.58,250,10/15/1973,,Andes,Magdalena Cauca,Medio Magdalena,Quebrada El Carmen y Otros Directos al Magdalena,2.80363631248474,4.08727264404297,5,5,0.56521737575531,0.829710125923157,1,1,1.04999995231628,2015,11,167,167,175.349992036819,0,151.192657470703,2015-11-01,108.517570495605,151.192657470703,138.423156738281
23210130,Pluviométrica,Convencional,Cesar,Aguachica,8.2494,-73.58,250,10/15/1973,,Andes,Magdalena Cauca,Medio Magdalena,Quebrada El Carmen y Otros Directos al Magdalena,2.80363631248474,4.08727264404297,5,5,0.56521737575531,0.829710125923157,1,1,1.07000005245209,2015,12,35,35,37.4500018358231,0,71.4886245727539,2015-12-01,81.2293853759766,71.4886245727539,42.5016937255859
23210130,Pluviométrica,Convencional,Cesar,Aguachica,8.2494,-73.58,250,10/15/1973,,Andes,Magdalena Cauca,Medio Magdalena,Quebrada El Carmen y Otros Directos al Magdalena,2.80363631248474,4.08727264404297,5,5,0.56521737575531,0.829710125923157,1,1,1.10000002384186,2016,01,9,9,9.90000021457672,0,37.368034362793,2016-01-01,14.8796434402466,37.368034362793,13.6906404495239
23210130,Pluviométrica,Convencional,Cesar,Aguachica,8.2494,-73.58,250,10/15/1973,,Andes,Magdalena Cauca,Medio Magdalena,Quebrada El Carmen y Otros Directos al Magdalena,2.80363631248474,4.08727264404297,5,5,0.56521737575531,0.829710125923157,1,1,1.11000001430511,2016,02,3,3,3.33000004291534,0,13.2194881439209,2016-02-01,17.9329528808594,13.2194881439209,10.479100227356
23210130,Pluviométrica,Convencional,Cesar,Aguachica,8.2494,-73.58,250,10/15/1973,,Andes,Magdalena Cauca,Medio Magdalena,Quebrada El Carmen y Otros Directos al Magdalena,2.80363631248474,4.08727264404297,5,5,0.56521737575531,0.829710125923157,1,1,1.07000005245209,2016,03,0,0,0,0,23.3463573455811,2016-03-01,6.87280654907227,23.3463573455811,13.9064779281616
23210130,Pluviométrica,Convencional,Cesar,Aguachica,8.2494,-73.58,250,10/15/1973,,Andes,Magdalena Cauca,Medio Magdalena,Quebrada El Carmen y Otros Directos al Magdalena,2.80363631248474,4.08727264404297,5,5,0.56521737575531,0.829710125923157,1,1,1.04999995231628,2016,04,145,145,152.249993085861,0,151.080429077148,2016-04-01,166.348693847656,151.080429077148,170.849746704102
23210130,Pluviométrica,Convencional,Cesar,Aguachica,8.2494,-73.58,250,10/15/1973,,Andes,Magdalena Cauca,Medio Magdalena,Quebrada El Carmen y Otros Directos al Magdalena,2.80363631248474,4.08727264404297,5,5,0.56521737575531,0.829710125923157,1,1,1.04999995231628,2016,05,192,192,201.599990844727,0,138.095764160156,2016-05-01,182.840835571289,126.505821228027,183.300476074219
23210130,Pluviométrica,Convencional,Cesar,Aguachica,8.2494,-73.58,250,10/15/1973,,Andes,Magdalena Cauca,Medio Magdalena,Quebrada El Carmen y Otros Directos al Magdalena,2.80363631248474,4.08727264404297,5,5,0.56521737575531,0.829710125923157,1,1,1.04999995231628,2016,06,139,139,145.949993371964,0,85.1606826782227,2016-06-01,130.719207763672,41.5177001953125,117.123062133789
23210130,Pluviométrica,Convencional,Cesar,Aguachica,8.2494,-73.58,250,10/15/1973,,Andes,Magdalena Cauca,Medio Magdalena,Quebrada El Carmen y Otros Directos al Magdalena,2.80363631248474,4.08727264404297,5,5,0.56521737575531,0.829710125923157,1,1,1.04999995231628,2016,07,139,139,145.949993371964,0,103.191467285156,2016-07-01,142.563720703125,75.2815704345703,100.930572509766
23210130,Pluviométrica,Convencional,Cesar,Aguachica,8.2494,-73.58,250,10/15/1973,,Andes,Magdalena Cauca,Medio Magdalena,Quebrada El Carmen y Otros Directos al Magdalena,2.80363631248474,4.08727264404297,5,5,0.56521737575531,0.829710125923157,1,1,1.05999994277954,2016,08,97,97,102.819994449615,0,94.2796936035156,2016-08-01,144.131103515625,108.991844177246,150.311859130859
23210130,Pluviométrica,Convencional,Cesar,Aguachica,8.2494,-73.58,250,10/15/1973,,Andes,Magdalena Cauca,Medio Magdalena,Quebrada El Carmen y Otros Directos al Magdalena,2.80363631248474,4.08727264404297,5,5,0.56521737575531,0.829710125923157,1,1,1.04999995231628,2016,09,75,75,78.7499964237213,0,133.193710327148,2016-09-01,145.306838989258,118.391395568848,103.439865112305
23210130,Pluviométrica,Convencional,Cesar,Aguachica,8.2494,-73.58,250,10/15/1973,,Andes,Magdalena Cauca,Medio Magdalena,Quebrada El Carmen y Otros Directos al Magdalena,2.80363631248474,4.08727264404297,5,5,0.56521737575531,0.829710125923157,1,1,1.03999996185303,2016,10,219,219,227.759991645813,0,192.251235961914,2016-10-01,170.993072509766,142.345626831055,194.003204345703
23210130,Pluviométrica,Convencional,Cesar,Aguachica,8.2494,-73.58,250,10/15/1973,,Andes,Magdalena Cauca,Medio Magdalena,Quebrada El Carmen y Otros Directos al Magdalena,2.80363631248474,4.08727264404297,5,5,0.56521737575531,0.829710125923157,1,1,1.04999995231628,2016,11,183,183,192.14999127388,0,214.434417724609,2016-11-01,170.258758544922,203.418426513672,166.568267822266
23210130,Pluviométrica,Convencional,Cesar,Aguachica,8.2494,-73.58,250,10/15/1973,,Andes,Magdalena Cauca,Medio Magdalena,Quebrada El Carmen y Otros Directos al Magdalena,2.80363631248474,4.08727264404297,5,5,0.56521737575531,0.829710125923157,1,1,1.07000005245209,2016,12,62,62,66.3400032520294,0,57.4929161071777,2016-12-01,44.3977203369141,53.7004699707031,44.4888725280762
23210130,Pluviométrica,Convencional,Cesar,Aguachica,8.2494,-73.58,250,10/15/1973,,Andes,Magdalena Cauca,Medio Magdalena,Quebrada El Carmen y Otros Directos al Magdalena,2.80363631248474,4.08727264404297,5,5,0.56521737575531,0.829710125923157,1,1,1.10000002384186,2017,01,11,11,12.1000002622604,0,46.9275054931641,2017-01-01,51.7088470458984,45.1547775268555,33.3964614868164
23210130,Pluviométrica,Convencional,Cesar,Aguachica,8.2494,-73.58,250,10/15/1973,,Andes,Magdalena Cauca,Medio Magdalena,Quebrada El Carmen y Otros Directos al Magdalena,2.80363631248474,4.08727264404297,5,5,0.56521737575531,0.829710125923157,1,1,1.11000001430511,2017,02,0,0,0,0,11.8873233795166,2017-02-01,13.9050693511963,13.2491607666016,18.2828712463379
23210130,Pluviométrica,Convencional,Cesar,Aguachica,8.2494,-73.58,250,10/15/1973,,Andes,Magdalena Cauca,Medio Magdalena,Quebrada El Carmen y Otros Directos al Magdalena,2.80363631248474,4.08727264404297,5,5,0.56521737575531,0.829710125923157,1,1,1.07000005245209,2017,03,307,307,328.490016102791,0,86.3623504638672,2017-03-01,99.9642791748047,114.442222595215,156.584930419922
23210130,Pluviométrica,Convencional,Cesar,Aguachica,8.2494,-73.58,250,10/15/1973,,Andes,Magdalena Cauca,Medio Magdalena,Quebrada El Carmen y Otros Directos al Magdalena,2.80363631248474,4.08727264404297,5,5,0.56521737575531,0.829710125923157,1,1,1.04999995231628,2017,04,70,70,73.4999966621399,0,119.607528686523,2017-04-01,113.343688964844,87.305290222168,75.7993545532227
23210130,Pluviométrica,Convencional,Cesar,Aguachica,8.2494,-73.58,250,10/15/1973,,Andes,Magdalena Cauca,Medio Magdalena,Quebrada El Carmen y Otros Directos al Magdalena,2.80363631248474,4.08727264404297,5,5,0.56521737575531,0.829710125923157,1,1,1.04999995231628,2017,05,1036,1036,1087.79995059967,0,146.268524169922,2017-05-01,210.678100585938,172.841537475586,232.238525390625
23210130,Pluviométrica,Convencional,Cesar,Aguachica,8.2494,-73.58,250,10/15/1973,,Andes,Magdalena Cauca,Medio Magdalena,Quebrada El Carmen y Otros Directos al Magdalena,2.80363631248474,4.08727264404297,5,5,0.56521737575531,0.829710125923157,1,1,1.04999995231628,2017,06,409,409,429.44998049736,0,104.938354492187,2017-06-01,179.495315551758,125.880233764648,242.238052368164
23210130,Pluviométrica,Convencional,Cesar,Aguachica,8.2494,-73.58,250,10/15/1973,,Andes,Magdalena Cauca,Medio Magdalena,Quebrada El Carmen y Otros Directos al Magdalena,2.80363631248474,4.08727264404297,5,5,0.56521737575531,0.829710125923157,1,1,1.04999995231628,2017,07,538,538,564.899974346161,0,110.813903808594,2017-07-01,156.592132568359,111.354644775391,223.618957519531
23210130,Pluviométrica,Convencional,Cesar,Aguachica,8.2494,-73.58,250,10/15/1973,,Andes,Magdalena Cauca,Medio Magdalena,Quebrada El Carmen y Otros Directos al Magdalena,2.80363631248474,4.08727264404297,5,5,0.56521737575531,0.829710125923157,1,1,1.05999994277954,2017,08,57,57,60.4199967384338,0,114.911193847656,2017-08-01,182.008499145508,131.379440307617,154.401763916016
23210130,Pluviométrica,Convencional,Cesar,Aguachica,8.2494,-73.58,250,10/15/1973,,Andes,Magdalena Cauca,Medio Magdalena,Quebrada El Carmen y Otros Directos al Magdalena,2.80363631248474,4.08727264404297,5,5,0.56521737575531,0.829710125923157,1,1,1.04999995231628,2017,09,166,166,174.299992084503,0,177.948028564453,2017-09-01,210.687911987305,174.783737182617,182.362380981445
23210130,Pluviométrica,Convencional,Cesar,Aguachica,8.2494,-73.58,250,10/15/1973,,Andes,Magdalena Cauca,Medio Magdalena,Quebrada El Carmen y Otros Directos al Magdalena,2.80363631248474,4.08727264404297,5,5,0.56521737575531,0.829710125923157,1,1,1.03999996185303,2017,10,314,314,326.559988021851,0,199.935806274414,2017-10-01,177.885375976563,157.748672485352,155.396545410156
23210130,Pluviométrica,Convencional,Cesar,Aguachica,8.2494,-73.58,250,10/15/1973,,Andes,Magdalena Cauca,Medio Magdalena,Quebrada El Carmen y Otros Directos al Magdalena,2.80363631248474,4.08727264404297,5,5,0.56521737575531,0.829710125923157,1,1,1.04999995231628,2017,11,257,257,269.849987745285,0,123.967056274414,2017-11-01,72.5359497070313,114.900856018066,99.234748840332
23210130,Pluviométrica,Convencional,Cesar,Aguachica,8.2494,-73.58,250,10/15/1973,,Andes,Magdalena Cauca,Medio Magdalena,Quebrada El Carmen y Otros Directos al Magdalena,2.80363631248474,4.08727264404297,5,5,0.56521737575531,0.829710125923157,1,1,1.07000005245209,2017,12,186,186,199.020009756088,0,50.6500244140625,2017-12-01,39.5976676940918,42.590160369873,48.9563484191895
23210130,Pluviométrica,Convencional,Cesar,Aguachica,8.2494,-73.58,250,10/15/1973,,Andes,Magdalena Cauca,Medio Magdalena,Quebrada El Carmen y Otros Directos al Magdalena,2.80363631248474,4.08727264404297,5,5,0.56521737575531,0.829710125923157,1,1,1.10000002384186,2018,01,37,37,40.7000008821488,0,78.436637878418,2018-01-01,73.7106475830078,66.3899993896484,61.3193550109863
23210130,Pluviométrica,Convencional,Cesar,Aguachica,8.2494,-73.58,250,10/15/1973,,Andes,Magdalena Cauca,Medio Magdalena,Quebrada El Carmen y Otros Directos al Magdalena,2.80363631248474,4.08727264404297,5,5,0.56521737575531,0.829710125923157,1,1,1.11000001430511,2018,02,20,20,22.2000002861023,0,9.16752433776855,2018-02-01,1.90973377227783,8.2142505645752,2.46192502975464
23210130,Pluviométrica,Convencional,Cesar,Aguachica,8.2494,-73.58,250,10/15/1973,,Andes,Magdalena Cauca,Medio Magdalena,Quebrada El Carmen y Otros Directos al Magdalena,2.80363631248474,4.08727264404297,5,5,0.56521737575531,0.829710125923157,1,1,1.07000005245209,2018,03,2,2,2.14000010490417,0,56.129508972168,2018-03-01,47.9886703491211,40.1147270202637,37.7929496765137
23210130,Pluviométrica,Convencional,Cesar,Aguachica,8.2494,-73.58,250,10/15/1973,,Andes,Magdalena Cauca,Medio Magdalena,Quebrada El Carmen y Otros Directos al Magdalena,2.80363631248474,4.08727264404297,5,5,0.56521737575531,0.829710125923157,1,1,1.04999995231628,2018,04,237,237,248.849988698959,0,134.371215820313,2018-04-01,139.352401733398,134.009979248047,179.44938659668
23210130,Pluviométrica,Convencional,Cesar,Aguachica,8.2494,-73.58,250,10/15/1973,,Andes,Magdalena Cauca,Medio Magdalena,Quebrada El Carmen y Otros Directos al Magdalena,2.80363631248474,4.08727264404297,5,5,0.56521737575531,0.829710125923157,1,1,1.04999995231628,2018,05,239,239,250.949988603592,0,146.338470458984,2018-05-01,205.315246582031,197.131713867188,247.229568481445
23210130,Pluviométrica,Convencional,Cesar,Aguachica,8.2494,-73.58,250,10/15/1973,,Andes,Magdalena Cauca,Medio Magdalena,Quebrada El Carmen y Otros Directos al Magdalena,2.80363631248474,4.08727264404297,5,5,0.56521737575531,0.829710125923157,1,1,1.04999995231628,2018,06,198,198,207.899990558624,0,83.1270446777344,2018-06-01,137.547988891602,70.1671524047852,112.123260498047
23210130,Pluviométrica,Convencional,Cesar,Aguachica,8.2494,-73.58,250,10/15/1973,,Andes,Magdalena Cauca,Medio Magdalena,Quebrada El Carmen y Otros Directos al Magdalena,2.80363631248474,4.08727264404297,5,5,0.56521737575531,0.829710125923157,1,1,1.04999995231628,2018,07,181,181,190.049991369247,0,82.8417739868164,2018-07-01,95.6688919067383,58.20068359375,105.482894897461
23210130,Pluviométrica,Convencional,Cesar,Aguachica,8.2494,-73.58,250,10/15/1973,,Andes,Magdalena Cauca,Medio Magdalena,Quebrada El Carmen y Otros Directos al Magdalena,2.80363631248474,4.08727264404297,5,5,0.56521737575531,0.829710125923157,1,1,1.05999994277954,2018,08,101,101,107.059994220734,0,89.2145767211914,2018-08-01,136.700561523438,87.1561050415039,139.420974731445
23210130,Pluviométrica,Convencional,Cesar,Aguachica,8.2494,-73.58,250,10/15/1973,,Andes,Magdalena Cauca,Medio Magdalena,Quebrada El Carmen y Otros Directos al Magdalena,2.80363631248474,4.08727264404297,5,5,0.56521737575531,0.829710125923157,1,1,1.04999995231628,2018,09,193,193,202.649990797043,0,141.180877685547,2018-09-01,154.481643676758,179.101531982422,185.639053344727
23210130,Pluviométrica,Convencional,Cesar,Aguachica,8.2494,-73.58,250,10/15/1973,,Andes,Magdalena Cauca,Medio Magdalena,Quebrada El Carmen y Otros Directos al Magdalena,2.80363631248474,4.08727264404297,5,5,0.56521737575531,0.829710125923157,1,1,1.03999996185303,2018,10,209,209,217.359992027283,0,185.679534912109,2018-10-01,155.460525512695,208.861373901367,161.487716674805
23210130,Pluviométrica,Convencional,Cesar,Aguachica,8.2494,-73.58,250,10/15/1973,,Andes,Magdalena Cauca,Medio Magdalena,Quebrada El Carmen y Otros Directos al Magdalena,2.80363631248474,4.08727264404297,5,5,0.56521737575531,0.829710125923157,1,1,1.04999995231628,2018,11,159,159,166.949992418289,0,165.689605712891,2018-11-01,113.683265686035,95.1204833984375,107.553810119629
23210130,Pluviométrica,Convencional,Cesar,Aguachica,8.2494,-73.58,250,10/15/1973,,Andes,Magdalena Cauca,Medio Magdalena,Quebrada El Carmen y Otros Directos al Magdalena,2.80363631248474,4.08727264404297,5,5,0.56521737575531,0.829710125923157,1,1,1.07000005245209,2018,12,0,0,0,0,31.7724189758301,2018-12-01,3.8791561126709,12.0048265457153,4.47259378433228
23210130,Pluviométrica,Convencional,Cesar,Aguachica,8.2494,-73.58,250,10/15/1973,,Andes,Magdalena Cauca,Medio Magdalena,Quebrada El Carmen y Otros Directos al Magdalena,2.80363631248474,4.08727264404297,5,5,0.56521737575531,0.829710125923157,1,1,1.10000002384186,2019,01,5,5,5.50000011920929,0,25.0485610961914,2019-01-01,0.0256242845207453,13.104850769043,0.0305293500423431
23210130,Pluviométrica,Convencional,Cesar,Aguachica,8.2494,-73.58,250,10/15/1973,,Andes,Magdalena Cauca,Medio Magdalena,Quebrada El Carmen y Otros Directos al Magdalena,2.80363631248474,4.08727264404297,5,5,0.56521737575531,0.829710125923157,1,1,1.11000001430511,2019,02,12,12,13.3200001716614,0,12.2785367965698,2019-02-01,20.6762008666992,12.4871959686279,15.2548885345459
23210130,Pluviométrica,Convencional,Cesar,Aguachica,8.2494,-73.58,250,10/15/1973,,Andes,Magdalena Cauca,Medio Magdalena,Quebrada El Carmen y Otros Directos al Magdalena,2.80363631248474,4.08727264404297,5,5,0.56521737575531,0.829710125923157,1,1,1.07000005245209,2019,03,104,104,111.280005455017,0,61.3859558105469,2019-03-01,71.2458953857422,51.5012283325195,88.6623382568359
23210130,Pluviométrica,Convencional,Cesar,Aguachica,8.2494,-73.58,250,10/15/1973,,Andes,Magdalena Cauca,Medio Magdalena,Quebrada El Carmen y Otros Directos al Magdalena,2.80363631248474,4.08727264404297,5,5,0.56521737575531,0.829710125923157,1,1,1.04999995231628,2019,04,155,155,162.749992609024,0,118.94507598877,2019-04-01,126.387771606445,138.494232177734,160.072463989258
23210130,Pluviométrica,Convencional,Cesar,Aguachica,8.2494,-73.58,250,10/15/1973,,Andes,Magdalena Cauca,Medio Magdalena,Quebrada El Carmen y Otros Directos al Magdalena,2.80363631248474,4.08727264404297,5,5,0.56521737575531,0.829710125923157,1,1,1.04999995231628,2019,05,216,216,226.799989700317,0,135.319061279297,2019-05-01,176.495361328125,169.990417480469,221.155868530273
23210130,Pluviométrica,Convencional,Cesar,Aguachica,8.2494,-73.58,250,10/15/1973,,Andes,Magdalena Cauca,Medio Magdalena,Quebrada El Carmen y Otros Directos al Magdalena,2.80363631248474,4.08727264404297,5,5,0.56521737575531,0.829710125923157,1,1,1.04999995231628,2019,06,51,51,53.5499975681305,0,67.5943756103516,2019-06-01,108.328857421875,44.0583534240723,75.8533554077149
23210130,Pluviométrica,Convencional,Cesar,Aguachica,8.2494,-73.58,250,10/15/1973,,Andes,Magdalena Cauca,Medio Magdalena,Quebrada El Carmen y Otros Directos al Magdalena,2.80363631248474,4.08727264404297,5,5,0.56521737575531,0.829710125923157,1,1,1.04999995231628,2019,07,136,136,142.799993515015,0,76.2729644775391,2019-07-01,82.8645401000977,52.0200424194336,91.9208297729492
23210130,Pluviométrica,Convencional,Cesar,Aguachica,8.2494,-73.58,250,10/15/1973,,Andes,Magdalena Cauca,Medio Magdalena,Quebrada El Carmen y Otros Directos al Magdalena,2.80363631248474,4.08727264404297,5,5,0.56521737575531,0.829710125923157,1,1,1.05999994277954,2019,08,93,93,98.5799946784973,0,78.7829132080078,2019-08-01,116.602844238281,69.2618942260742,128.377960205078
23210130,Pluviométrica,Convencional,Cesar,Aguachica,8.2494,-73.58,250,10/15/1973,,Andes,Magdalena Cauca,Medio Magdalena,Quebrada El Carmen y Otros Directos al Magdalena,2.80363631248474,4.08727264404297,5,5,0.56521737575531,0.829710125923157,1,1,1.04999995231628,2019,09,114,114,119.699994564056,0,159.720001220703,2019-09-01,185.05158996582,154.413757324219,166.741668701172
23210130,Pluviométrica,Convencional,Cesar,Aguachica,8.2494,-73.58,250,10/15/1973,,Andes,Magdalena Cauca,Medio Magdalena,Quebrada El Carmen y Otros Directos al Magdalena,2.80363631248474,4.08727264404297,5,5,0.56521737575531,0.829710125923157,1,1,1.03999996185303,2019,10,221,221,229.839991569519,0,203.806869506836,2019-10-01,193.855743408203,203.375350952148,226.688385009766
23210130,Pluviométrica,Convencional,Cesar,Aguachica,8.2494,-73.58,250,10/15/1973,,Andes,Magdalena Cauca,Medio Magdalena,Quebrada El Carmen y Otros Directos al Magdalena,2.80363631248474,4.08727264404297,5,5,0.56521737575531,0.829710125923157,1,1,1.04999995231628,2019,11,44,44,46.1999979019165,0,176.821243286133,2019-11-01,129.512115478516,102.337684631348,70.2531585693359
23210130,Pluviométrica,Convencional,Cesar,Aguachica,8.2494,-73.58,250,10/15/1973,,Andes,Magdalena Cauca,Medio Magdalena,Quebrada El Carmen y Otros Directos al Magdalena,2.80363631248474,4.08727264404297,5,5,0.56521737575531,0.829710125923157,1,1,1.07000005245209,2019,12,5,5,5.35000026226044,0,70.313346862793,2019-12-01,93.9178771972656,33.6271171569824,45.0162963867188
23210130,Pluviométrica,Convencional,Cesar,Aguachica,8.2494,-73.58,250,10/15/1973,,Andes,Magdalena Cauca,Medio Magdalena,Quebrada El Carmen y Otros Directos al Magdalena,2.80363631248474,4.08727264404297,5,5,0.56521737575531,0.829710125923157,1,1,1.10000002384186,2020,01,5,5,5.50000011920929,0,60.2199897766113,2020-01-01,35.0185279846191,42.923210144043,24.189567565918
23210130,Pluviométrica,Convencional,Cesar,Aguachica,8.2494,-73.58,250,10/15/1973,,Andes,Magdalena Cauca,Medio Magdalena,Quebrada El Carmen y Otros Directos al Magdalena,2.80363631248474,4.08727264404297,5,5,0.56521737575531,0.829710125923157,1,1,1.11000001430511,2020,02,0,0,0,0,9.53266143798828,2020-02-01,1.30039072036743,10.840461730957,1.80272102355957
23210130,Pluviométrica,Convencional,Cesar,Aguachica,8.2494,-73.58,250,10/15/1973,,Andes,Magdalena Cauca,Medio Magdalena,Quebrada El Carmen y Otros Directos al Magdalena,2.80363631248474,4.08727264404297,5,5,0.56521737575531,0.829710125923157,1,1,1.07000005245209,2020,03,0,0,0,0,17.0476570129395,2020-03-01,0.508693695068359,18.6669921875,1.22582685947418
23210130,Pluviométrica,Convencional,Cesar,Aguachica,8.2494,-73.58,250,10/15/1973,,Andes,Magdalena Cauca,Medio Magdalena,Quebrada El Carmen y Otros Directos al Magdalena,2.80363631248474,4.08727264404297,5,5,0.56521737575531,0.829710125923157,1,1,1.04999995231628,2020,04,71,71,74.5499966144562,0,99.6988830566406,2020-04-01,92.7009582519531,96.8314208984375,110.785163879395
23210130,Pluviométrica,Convencional,Cesar,Aguachica,8.2494,-73.58,250,10/15/1973,,Andes,Magdalena Cauca,Medio Magdalena,Quebrada El Carmen y Otros Directos al Magdalena,2.80363631248474,4.08727264404297,5,5,0.56521737575531,0.829710125923157,1,1,1.04999995231628,2020,05,234,234,245.699988842011,0,140.044845581055,2020-05-01,184.887359619141,123.922172546387,174.275238037109
23210130,Pluviométrica,Convencional,Cesar,Aguachica,8.2494,-73.58,250,10/15/1973,,Andes,Magdalena Cauca,Medio Magdalena,Quebrada El Carmen y Otros Directos al Magdalena,2.80363631248474,4.08727264404297,5,5,0.56521737575531,0.829710125923157,1,1,1.04999995231628,2020,06,297,297,311.849985837936,0,75.2992095947266,2020-06-01,111.29158782959,92.7644119262695,153.088607788086
23210130,Pluviométrica,Convencional,Cesar,Aguachica,8.2494,-73.58,250,10/15/1973,,Andes,Magdalena Cauca,Medio Magdalena,Quebrada El Carmen y Otros Directos al Magdalena,2.80363631248474,4.08727264404297,5,5,0.56521737575531,0.829710125923157,1,1,1.04999995231628,2020,07,267,267,280.349987268448,0,119.780540466309,2020-07-01,175.577377319336,143.171630859375,220.969543457031
23210130,Pluviométrica,Convencional,Cesar,Aguachica,8.2494,-73.58,250,10/15/1973,,Andes,Magdalena Cauca,Medio Magdalena,Quebrada El Carmen y Otros Directos al Magdalena,2.80363631248474,4.08727264404297,5,5,0.56521737575531,0.829710125923157,1,1,1.05999994277954,2020,08,76,76,80.5599956512451,0,78.9634704589844,2020-08-01,122.882186889648,97.700325012207,142.457366943359
23210130,Pluviométrica,Convencional,Cesar,Aguachica,8.2494,-73.58,250,10/15/1973,,Andes,Magdalena Cauca,Medio Magdalena,Quebrada El Carmen y Otros Directos al Magdalena,2.80363631248474,4.08727264404297,5,5,0.56521737575531,0.829710125923157,1,1,1.04999995231628,2020,09,150,150,157.499992847443,0,134.740707397461,2020-09-01,147.770080566406,175.997451782227,187.136703491211
23210130,Pluviométrica,Convencional,Cesar,Aguachica,8.2494,-73.58,250,10/15/1973,,Andes,Magdalena Cauca,Medio Magdalena,Quebrada El Carmen y Otros Directos al Magdalena,2.80363631248474,4.08727264404297,5,5,0.56521737575531,0.829710125923157,1,1,1.03999996185303,2020,10,164,164,170.559993743897,0,197.70881652832,2020-10-01,177.4560546875,219.917373657227,223.791580200195
23210130,Pluviométrica,Convencional,Cesar,Aguachica,8.2494,-73.58,250,10/15/1973,,Andes,Magdalena Cauca,Medio Magdalena,Quebrada El Carmen y Otros Directos al Magdalena,2.80363631248474,4.08727264404297,5,5,0.56521737575531,0.829710125923157,1,1,1.04999995231628,2020,11,140,140,146.99999332428,0,182.261795043945,2020-11-01,135.169296264648,175.498306274414,152.345092773438
23210130,Pluviométrica,Convencional,Cesar,Aguachica,8.2494,-73.58,250,10/15/1973,,Andes,Magdalena Cauca,Medio Magdalena,Quebrada El Carmen y Otros Directos al Magdalena,2.80363631248474,4.08727264404297,5,5,0.56521737575531,0.829710125923157,1,1,1.07000005245209,2020,12,11,11,11.770000576973,0,46.6424942016602,2020-12-01,31.0854415893555,30.2817306518555,38.9973754882813
23210130,Pluviométrica,Convencional,Cesar,Aguachica,8.2494,-73.58,250,10/15/1973,,Andes,Magdalena Cauca,Medio Magdalena,Quebrada El Carmen y Otros Directos al Magdalena,2.80363631248474,4.08727264404297,5,5,0.56521737575531,0.829710125923157,1,1,1.10000002384186,2021,01,5,5,5.50000011920929,0,48.0161094665527,2021-01-01,24.620059967041,26.7729511260986,21.1016960144043
23210130,Pluviométrica,Convencional,Cesar,Aguachica,8.2494,-73.58,250,10/15/1973,,Andes,Magdalena Cauca,Medio Magdalena,Quebrada El Carmen y Otros Directos al Magdalena,2.80363631248474,4.08727264404297,5,5,0.56521737575531,0.829710125923157,1,1,1.11000001430511,2021,02,51,51,56.6100007295609,0,12.9230051040649,2021-02-01,19.1755409240723,20.2477931976318,30.7600517272949
23210130,Pluviométrica,Convencional,Cesar,Aguachica,8.2494,-73.58,250,10/15/1973,,Andes,Magdalena Cauca,Medio Magdalena,Quebrada El Carmen y Otros Directos al Magdalena,2.80363631248474,4.08727264404297,5,5,0.56521737575531,0.829710125923157,1,1,1.07000005245209,2021,03,54,54,57.7800028324127,0,76.655387878418,2021-03-01,83.328987121582,100.974906921387,83.328987121582
23210130,Pluviométrica,Convencional,Cesar,Aguachica,8.2494,-73.58,250,10/15/1973,,Andes,Magdalena Cauca,Medio Magdalena,Quebrada El Carmen y Otros Directos al Magdalena,2.80363631248474,4.08727264404297,5,5,0.56521737575531,0.829710125923157,1,1,1.04999995231628,2021,04,148,148,155.39999294281,0,156.717315673828,2021-04-01,173.461669921875,169.783676147461,173.461669921875
23210130,Pluviométrica,Convencional,Cesar,Aguachica,8.2494,-73.58,250,10/15/1973,,Andes,Magdalena Cauca,Medio Magdalena,Quebrada El Carmen y Otros Directos al Magdalena,2.80363631248474,4.08727264404297,5,5,0.56521737575531,0.829710125923157,1,1,1.04999995231628,2021,05,240,240,251.999988555908,0,122.621101379395,2021-05-01,145.911682128906,122.621101379395,145.911682128906
23210130,Pluviométrica,Convencional,Cesar,Aguachica,8.2494,-73.58,250,10/15/1973,,Andes,Magdalena Cauca,Medio Magdalena,Quebrada El Carmen y Otros Directos al Magdalena,2.80363631248474,4.08727264404297,5,5,0.56521737575531,0.829710125923157,1,1,1.04999995231628,2021,06,229,229,240.449989080429,0,119.023132324219,2021-06-01,208.094451904297,119.023132324219,208.094451904297
23210130,Pluviométrica,Convencional,Cesar,Aguachica,8.2494,-73.58,250,10/15/1973,,Andes,Magdalena Cauca,Medio Magdalena,Quebrada El Carmen y Otros Directos al Magdalena,2.80363631248474,4.08727264404297,5,5,0.56521737575531,0.829710125923157,1,1,1.04999995231628,2021,07,177,177,185.849991559982,0,96.8617630004883,2021-07-01,126.391052246094,96.8617630004883,126.391052246094
23210130,Pluviométrica,Convencional,Cesar,Aguachica,8.2494,-73.58,250,10/15/1973,,Andes,Magdalena Cauca,Medio Magdalena,Quebrada El Carmen y Otros Directos al Magdalena,2.80363631248474,4.08727264404297,5,5,0.56521737575531,0.829710125923157,1,1,1.05999994277954,2021,08,183,183,193.979989528656,0,113.466171264648,2021-08-01,189.420364379883,113.466171264648,189.420364379883
23210130,Pluviométrica,Convencional,Cesar,Aguachica,8.2494,-73.58,250,10/15/1973,,Andes,Magdalena Cauca,Medio Magdalena,Quebrada El Carmen y Otros Directos al Magdalena,2.80363631248474,4.08727264404297,5,5,0.56521737575531,0.829710125923157,1,1,1.04999995231628,2021,09,184,184,193.199991226196,0,145.09635925293,2021-09-01,163.686050415039,145.09635925293,163.686050415039
23210130,Pluviométrica,Convencional,Cesar,Aguachica,8.2494,-73.58,250,10/15/1973,,Andes,Magdalena Cauca,Medio Magdalena,Quebrada El Carmen y Otros Directos al Magdalena,2.80363631248474,4.08727264404297,5,5,0.56521737575531,0.829710125923157,1,1,1.03999996185303,2021,10,200.8,200.8,208.831992340088,1,169.277465820313,2021-10-01,131.771514892578,147.991561889648,136.535293579102
23210130,Pluviométrica,Convencional,Cesar,Aguachica,8.2494,-73.58,250,10/15/1973,,Andes,Magdalena Cauca,Medio Magdalena,Quebrada El Carmen y Otros Directos al Magdalena,2.80363631248474,4.08727264404297,5,5,0.56521737575531,0.829710125923157,1,1,1.04999995231628,2021,11,70,70,73.4999966621399,0,137.535110473633,2021-11-01,91.7855606079102,117.355979919434,103.213989257813
23210130,Pluviométrica,Convencional,Cesar,Aguachica,8.2494,-73.58,250,10/15/1973,,Andes,Magdalena Cauca,Medio Magdalena,Quebrada El Carmen y Otros Directos al Magdalena,2.80363631248474,4.08727264404297,5,5,0.56521737575531,0.829710125923157,1,1,1.07000005245209,2021,12,0,0,0,0,31.9459247589111,2021-12-01,3.06830430030823,31.9705257415772,3.06830430030823
23210130,Pluviométrica,Convencional,Cesar,Aguachica,8.2494,-73.58,250,10/15/1973,,Andes,Magdalena Cauca,Medio Magdalena,Quebrada El Carmen y Otros Directos al Magdalena,2.80363631248474,4.08727264404297,5,5,0.56521737575531,0.829710125923157,1,1,1.10000002384186,2022,01,39,39,42.9000009298325,0,31.5077934265137,2022-01-01,5.50771760940552,19.2696323394775,7.17659950256348
23210130,Pluviométrica,Convencional,Cesar,Aguachica,8.2494,-73.58,250,10/15/1973,,Andes,Magdalena Cauca,Medio Magdalena,Quebrada El Carmen y Otros Directos al Magdalena,2.80363631248474,4.08727264404297,5,5,0.56521737575531,0.829710125923157,1,1,1.11000001430511,2022,02,108,108,119.880001544952,0,14.5831909179688,2022-02-01,33.9401969909668,19.8795967102051,29.7954845428467
23210130,Pluviométrica,Convencional,Cesar,Aguachica,8.2494,-73.58,250,10/15/1973,,Andes,Magdalena Cauca,Medio Magdalena,Quebrada El Carmen y Otros Directos al Magdalena,2.80363631248474,4.08727264404297,5,5,0.56521737575531,0.829710125923157,1,1,1.07000005245209,2022,03,197,197,210.790010333061,0,68.6640167236328,2022-03-01,89.6352844238281,58.0206451416016,72.5394592285156
23210130,Pluviométrica,Convencional,Cesar,Aguachica,8.2494,-73.58,250,10/15/1973,,Andes,Magdalena Cauca,Medio Magdalena,Quebrada El Carmen y Otros Directos al Magdalena,2.80363631248474,4.08727264404297,5,5,0.56521737575531,0.829710125923157,1,1,1.04999995231628,2022,04,261,261,274.04998755455,0,147.761917114258,2022-04-01,154.639739990234,200.559356689453,259.962921142578
23210130,Pluviométrica,Convencional,Cesar,Aguachica,8.2494,-73.58,250,10/15/1973,,Andes,Magdalena Cauca,Medio Magdalena,Quebrada El Carmen y Otros Directos al Magdalena,2.80363631248474,4.08727264404297,5,5,0.56521737575531,0.829710125923157,1,1,1.04999995231628,2022,05,261,261,274.04998755455,1,140.148696899414,2022-05-01,192.266448974609,171.048767089844,219.726058959961
23210130,Pluviométrica,Convencional,Cesar,Aguachica,8.2494,-73.58,250,10/15/1973,,Andes,Magdalena Cauca,Medio Magdalena,Quebrada El Carmen y Otros Directos al Magdalena,2.80363631248474,4.08727264404297,5,5,0.56521737575531,0.829710125923157,1,1,1.04999995231628,2022,06,182,182,191.099991321564,0,99.4465789794922,2022-06-01,166.819061279297,152.391082763672,244.439987182617
23210130,Pluviométrica,Convencional,Cesar,Aguachica,8.2494,-73.58,250,10/15/1973,,Andes,Magdalena Cauca,Medio Magdalena,Quebrada El Carmen y Otros Directos al Magdalena,2.80363631248474,4.08727264404297,5,5,0.56521737575531,0.829710125923157,1,1,1.04999995231628,2022,07,285,285,299.249986410141,1,95.1349945068359,2022-07-01,122.757423400879,119.59204864502,160.589996337891
23210130,Pluviométrica,Convencional,Cesar,Aguachica,8.2494,-73.58,250,10/15/1973,,Andes,Magdalena Cauca,Medio Magdalena,Quebrada El Carmen y Otros Directos al Magdalena,2.80363631248474,4.08727264404297,5,5,0.56521737575531,0.829710125923157,1,1,1.05999994277954,2022,08,390,390,413.399977684021,0,107.34644317627,2022-08-01,176.175491333008,143.05158996582,225.725524902344
23210130,Pluviométrica,Convencional,Cesar,Aguachica,8.2494,-73.58,250,10/15/1973,,Andes,Magdalena Cauca,Medio Magdalena,Quebrada El Carmen y Otros Directos al Magdalena,2.80363631248474,4.08727264404297,5,5,0.56521737575531,0.829710125923157,1,1,1.04999995231628,2022,09,270,270,283.499987125397,0,163.726684570313,2022-09-01,190.866439819336,205.296630859375,213.34635925293
23210130,Pluviométrica,Convencional,Cesar,Aguachica,8.2494,-73.58,250,10/15/1973,,Andes,Magdalena Cauca,Medio Magdalena,Quebrada El Carmen y Otros Directos al Magdalena,2.80363631248474,4.08727264404297,5,5,0.56521737575531,0.829710125923157,1,1,1.03999996185303,2022,10,0,0,0,31,151.973937988281,2022-10-01,121.013298034668,257.619110107422,225.637832641602
23210130,Pluviométrica,Convencional,Cesar,Aguachica,8.2494,-73.58,250,10/15/1973,,Andes,Magdalena Cauca,Medio Magdalena,Quebrada El Carmen y Otros Directos al Magdalena,2.80363631248474,4.08727264404297,5,5,0.56521737575531,0.829710125923157,1,1,1.04999995231628,2022,11,342,342,359.099983692169,0,163.034561157227,2022-11-01,109.903526306152,167.846862792969,125.739730834961
23210130,Pluviométrica,Convencional,Cesar,Aguachica,8.2494,-73.58,250,10/15/1973,,Andes,Magdalena Cauca,Medio Magdalena,Quebrada El Carmen y Otros Directos al Magdalena,2.80363631248474,4.08727264404297,5,5,0.56521737575531,0.829710125923157,1,1,1.07000005245209,2022,12,22,22,23.5400011539459,1,32.2916984558105,2022-12-01,5.80055475234985,14.9943723678589,5.32047128677368
23210130,Pluviométrica,Convencional,Cesar,Aguachica,8.2494,-73.58,250,10/15/1973,,Andes,Magdalena Cauca,Medio Magdalena,Quebrada El Carmen y Otros Directos al Magdalena,2.80363631248474,4.08727264404297,5,5,0.56521737575531,0.829710125923157,1,1,1.10000002384186,2023,01,75,75,82.5000017881393,0,64.367805480957,2023-01-01,48.0964965820313,68.8102416992188,59.4460525512695
23210130,Pluviométrica,Convencional,Cesar,Aguachica,8.2494,-73.58,250,10/15/1973,,Andes,Magdalena Cauca,Medio Magdalena,Quebrada El Carmen y Otros Directos al Magdalena,2.80363631248474,4.08727264404297,5,5,0.56521737575531,0.829710125923157,1,1,1.11000001430511,2023,02,45,45,49.9500006437302,0,9.60677242279053,2023-02-01,6.28006887435913,8.58810615539551,6.23372268676758
23210130,Pluviométrica,Convencional,Cesar,Aguachica,8.2494,-73.58,250,10/15/1973,,Andes,Magdalena Cauca,Medio Magdalena,Quebrada El Carmen y Otros Directos al Magdalena,2.80363631248474,4.08727264404297,5,5,0.56521737575531,0.829710125923157,1,1,1.07000005245209,2023,03,180,180,192.600009441376,0,52.2310371398926,2023-03-01,53.3278274536133,84.8637161254883,91.010986328125
23210130,Pluviométrica,Convencional,Cesar,Aguachica,8.2494,-73.58,250,10/15/1973,,Andes,Magdalena Cauca,Medio Magdalena,Quebrada El Carmen y Otros Directos al Magdalena,2.80363631248474,4.08727264404297,5,5,0.56521737575531,0.829710125923157,1,1,1.04999995231628,2023,04,177,177,185.849991559982,0,117.344657897949,2023-04-01,119.069877624512,132.298400878906,175.204132080078
23210130,Pluviométrica,Convencional,Cesar,Aguachica,8.2494,-73.58,250,10/15/1973,,Andes,Magdalena Cauca,Medio Magdalena,Quebrada El Carmen y Otros Directos al Magdalena,2.80363631248474,4.08727264404297,5,5,0.56521737575531,0.829710125923157,1,1,1.04999995231628,2023,05,220,220,230.999989509583,1,123.496406555176,2023-05-01,145.424942016602,116.01554107666,142.056396484375
23210130,Pluviométrica,Convencional,Cesar,Aguachica,8.2494,-73.58,250,10/15/1973,,Andes,Magdalena Cauca,Medio Magdalena,Quebrada El Carmen y Otros Directos al Magdalena,2.80363631248474,4.08727264404297,5,5,0.56521737575531,0.829710125923157,1,1,1.04999995231628,2023,06,107,107,112.349994897842,0,98.3986740112305,2023-06-01,165.3154296875,118.718254089355,186.7685546875
23210130,Pluviométrica,Convencional,Cesar,Aguachica,8.2494,-73.58,250,10/15/1973,,Andes,Magdalena Cauca,Medio Magdalena,Quebrada El Carmen y Otros Directos al Magdalena,2.80363631248474,4.08727264404297,5,5,0.56521737575531,0.829710125923157,1,1,1.04999995231628,2023,07,0,0,0,31,95.8063125610352,2023-07-01,127.341407775879,98.3435668945313,126.267036437988
23210130,Pluviométrica,Convencional,Cesar,Aguachica,8.2494,-73.58,250,10/15/1973,,Andes,Magdalena Cauca,Medio Magdalena,Quebrada El Carmen y Otros Directos al Magdalena,2.80363631248474,4.08727264404297,5,5,0.56521737575531,0.829710125923157,1,1,1.05999994277954,2023,08,107,107,113.419993877411,0,82.9953002929688,2023-08-01,121.173301696777,71.7608337402344,95.0759735107422
23210130,Pluviométrica,Convencional,Cesar,Aguachica,8.2494,-73.58,250,10/15/1973,,Andes,Magdalena Cauca,Medio Magdalena,Quebrada El Carmen y Otros Directos al Magdalena,2.80363631248474,4.08727264404297,5,5,0.56521737575531,0.829710125923157,1,1,1.04999995231628,2023,09,92,92,96.5999956130982,0,113.53687286377,2023-09-01,112.304061889648,110.216651916504,115.749755859375
23210130,Pluviométrica,Convencional,Cesar,Aguachica,8.2494,-73.58,250,10/15/1973,,Andes,Magdalena Cauca,Medio Magdalena,Quebrada El Carmen y Otros Directos al Magdalena,2.80363631248474,4.08727264404297,5,5,0.56521737575531,0.829710125923157,1,1,1.03999996185303,2023,10,159,159,165.359993934631,0,148.238677978516,2023-10-01,124.117980957031,192.079559326172,173.929046630859
23210130,Pluviométrica,Convencional,Cesar,Aguachica,8.2494,-73.58,250,10/15/1973,,Andes,Magdalena Cauca,Medio Magdalena,Quebrada El Carmen y Otros Directos al Magdalena,2.80363631248474,4.08727264404297,5,5,0.56521737575531,0.829710125923157,1,1,1.04999995231628,2023,11,85,85,89.2499959468842,0,127.639587402344,2023-11-01,80.2045288085938,102.881240844727,83.3394241333008
23210130,Pluviométrica,Convencional,Cesar,Aguachica,8.2494,-73.58,250,10/15/1973,,Andes,Magdalena Cauca,Medio Magdalena,Quebrada El Carmen y Otros Directos al Magdalena,2.80363631248474,4.08727264404297,5,5,0.56521737575531,0.829710125923157,1,1,1.07000005245209,2023,12,0,0,0,0,39.2766265869141,2023-12-01,22.1573715209961,31.3437881469727,21.470609664917
