gauge_code,category,tecnology,state,municipality,latitude,longitude,elevation,instalation_date,suspention_date,nat_region,hidrographic_area,hidrographic_zone,hidrographic_subzone,mean_gauges_v2,mean_gauges_v3,max_gauges_v2,max_gauges_v3,mean_gauges_v2_005,mean_gauges_v3_005,max_gauges_v2_005,max_gauges_v3_005,factor,year,month,pcp_ideam,pcp_ideam_flag,pcp_ideam_flag_scale,na_count_ideam,chirpv2,date,chirpv3,chirpsv2,chirpsv3
23190260,Pluviométrica,Convencional,Santander,Lebrija,7.0797,-73.2136,150,5/15/1967,,Andes,Magdalena Cauca,Medio Magdalena,Río Lebrija y otros directos al Magdalena,10.214545249939,11.6945457458496,12,13,0.971014499664307,0.996376812458038,1,1,1.07000005245209,2001,01,42,42,44.9400022029877,0,56.1796760559082,2001-01-01,50.7563514709473,67.0364074707031,62.3215217590332
23190260,Pluviométrica,Convencional,Santander,Lebrija,7.0797,-73.2136,150,5/15/1967,,Andes,Magdalena Cauca,Medio Magdalena,Río Lebrija y otros directos al Magdalena,10.214545249939,11.6945457458496,12,13,0.971014499664307,0.996376812458038,1,1,1.05999994277954,2001,02,25,25,26.4999985694885,0,52.7267532348633,2001-02-01,45.7520942687988,34.9966850280762,32.4554252624512
23190260,Pluviométrica,Convencional,Santander,Lebrija,7.0797,-73.2136,150,5/15/1967,,Andes,Magdalena Cauca,Medio Magdalena,Río Lebrija y otros directos al Magdalena,10.214545249939,11.6945457458496,12,13,0.971014499664307,0.996376812458038,1,1,1.05999994277954,2001,03,94,94,99.6399946212769,0,92.5512084960937,2001-03-01,122.627288818359,101.339126586914,107.182525634766
23190260,Pluviométrica,Convencional,Santander,Lebrija,7.0797,-73.2136,150,5/15/1967,,Andes,Magdalena Cauca,Medio Magdalena,Río Lebrija y otros directos al Magdalena,10.214545249939,11.6945457458496,12,13,0.971014499664307,0.996376812458038,1,1,1.04999995231628,2001,04,88,25,26.2499988079071,1,134.193267822266,2001-04-01,105.593490600586,89.3531951904297,76.1089324951172
23190260,Pluviométrica,Convencional,Santander,Lebrija,7.0797,-73.2136,150,5/15/1967,,Andes,Magdalena Cauca,Medio Magdalena,Río Lebrija y otros directos al Magdalena,10.214545249939,11.6945457458496,12,13,0.971014499664307,0.996376812458038,1,1,1.03999996185303,2001,05,101,27,28.0799989700317,1,148.670852661133,2001-05-01,150.489593505859,128.112045288086,122.198699951172
23190260,Pluviométrica,Convencional,Santander,Lebrija,7.0797,-73.2136,150,5/15/1967,,Andes,Magdalena Cauca,Medio Magdalena,Río Lebrija y otros directos al Magdalena,10.214545249939,11.6945457458496,12,13,0.971014499664307,0.996376812458038,1,1,1.04999995231628,2001,06,64,64,67.1999969482422,0,129.828506469727,2001-06-01,86.1477355957031,107.682182312012,77.1271133422852
23190260,Pluviométrica,Convencional,Santander,Lebrija,7.0797,-73.2136,150,5/15/1967,,Andes,Magdalena Cauca,Medio Magdalena,Río Lebrija y otros directos al Magdalena,10.214545249939,11.6945457458496,12,13,0.971014499664307,0.996376812458038,1,1,1.04999995231628,2001,07,87,87,91.3499958515167,0,144.690170288086,2001-07-01,119.299362182617,131.294158935547,112.413024902344
23190260,Pluviométrica,Convencional,Santander,Lebrija,7.0797,-73.2136,150,5/15/1967,,Andes,Magdalena Cauca,Medio Magdalena,Río Lebrija y otros directos al Magdalena,10.214545249939,11.6945457458496,12,13,0.971014499664307,0.996376812458038,1,1,1.04999995231628,2001,08,13,13,13.6499993801117,0,93.4401168823242,2001-08-01,55.1162414550781,59.7343139648438,52.0711135864258
23190260,Pluviométrica,Convencional,Santander,Lebrija,7.0797,-73.2136,150,5/15/1967,,Andes,Magdalena Cauca,Medio Magdalena,Río Lebrija y otros directos al Magdalena,10.214545249939,11.6945457458496,12,13,0.971014499664307,0.996376812458038,1,1,1.04999995231628,2001,09,35,35,36.7499983310699,0,97.8113479614258,2001-09-01,90.8219451904297,102.11417388916,85.5324554443359
23190260,Pluviométrica,Convencional,Santander,Lebrija,7.0797,-73.2136,150,5/15/1967,,Andes,Magdalena Cauca,Medio Magdalena,Río Lebrija y otros directos al Magdalena,10.214545249939,11.6945457458496,12,13,0.971014499664307,0.996376812458038,1,1,1.03999996185303,2001,10,272,124,128.959995269775,3,190.903778076172,2001-10-01,199.379592895508,204.191802978516,189.193283081055
23190260,Pluviométrica,Convencional,Santander,Lebrija,7.0797,-73.2136,150,5/15/1967,,Andes,Magdalena Cauca,Medio Magdalena,Río Lebrija y otros directos al Magdalena,10.214545249939,11.6945457458496,12,13,0.971014499664307,0.996376812458038,1,1,1.03999996185303,2001,11,227,54,56.1599979400635,2,120.586959838867,2001-11-01,98.885368347168,160.967147827148,136.726943969727
23190260,Pluviométrica,Convencional,Santander,Lebrija,7.0797,-73.2136,150,5/15/1967,,Andes,Magdalena Cauca,Medio Magdalena,Río Lebrija y otros directos al Magdalena,10.214545249939,11.6945457458496,12,13,0.971014499664307,0.996376812458038,1,1,1.05999994277954,2001,12,40,40,42.3999977111816,0,119.907562255859,2001-12-01,140.031646728516,79.2191619873047,70.4563903808594
23190260,Pluviométrica,Convencional,Santander,Lebrija,7.0797,-73.2136,150,5/15/1967,,Andes,Magdalena Cauca,Medio Magdalena,Río Lebrija y otros directos al Magdalena,10.214545249939,11.6945457458496,12,13,0.971014499664307,0.996376812458038,1,1,1.07000005245209,2002,01,9,9,9.63000047206879,0,41.9358177185059,2002-01-01,31.5638484954834,32.1300773620606,26.9659614562988
23190260,Pluviométrica,Convencional,Santander,Lebrija,7.0797,-73.2136,150,5/15/1967,,Andes,Magdalena Cauca,Medio Magdalena,Río Lebrija y otros directos al Magdalena,10.214545249939,11.6945457458496,12,13,0.971014499664307,0.996376812458038,1,1,1.05999994277954,2002,02,19,19,20.1399989128113,0,86.0170211791992,2002-02-01,112.839088439941,46.9278755187988,58.0605506896973
23190260,Pluviométrica,Convencional,Santander,Lebrija,7.0797,-73.2136,150,5/15/1967,,Andes,Magdalena Cauca,Medio Magdalena,Río Lebrija y otros directos al Magdalena,10.214545249939,11.6945457458496,12,13,0.971014499664307,0.996376812458038,1,1,1.05999994277954,2002,03,86,41,43.4599976539612,1,113.839385986328,2002-03-01,161.812408447266,133.044494628906,146.192565917969
23190260,Pluviométrica,Convencional,Santander,Lebrija,7.0797,-73.2136,150,5/15/1967,,Andes,Magdalena Cauca,Medio Magdalena,Río Lebrija y otros directos al Magdalena,10.214545249939,11.6945457458496,12,13,0.971014499664307,0.996376812458038,1,1,1.04999995231628,2002,04,104,59,61.9499971866608,1,164.669677734375,2002-04-01,147.034957885742,161.817504882813,144.28385925293
23190260,Pluviométrica,Convencional,Santander,Lebrija,7.0797,-73.2136,150,5/15/1967,,Andes,Magdalena Cauca,Medio Magdalena,Río Lebrija y otros directos al Magdalena,10.214545249939,11.6945457458496,12,13,0.971014499664307,0.996376812458038,1,1,1.03999996185303,2002,05,105,69,71.7599973678589,1,146.880096435547,2002-05-01,143.896499633789,141.018463134766,139.263366699219
23190260,Pluviométrica,Convencional,Santander,Lebrija,7.0797,-73.2136,150,5/15/1967,,Andes,Magdalena Cauca,Medio Magdalena,Río Lebrija y otros directos al Magdalena,10.214545249939,11.6945457458496,12,13,0.971014499664307,0.996376812458038,1,1,1.04999995231628,2002,06,90,52,54.5999975204468,1,120.114372253418,2002-06-01,73.1600875854492,114.251991271973,90.4773330688477
23190260,Pluviométrica,Convencional,Santander,Lebrija,7.0797,-73.2136,150,5/15/1967,,Andes,Magdalena Cauca,Medio Magdalena,Río Lebrija y otros directos al Magdalena,10.214545249939,11.6945457458496,12,13,0.971014499664307,0.996376812458038,1,1,1.04999995231628,2002,07,28,28,29.399998664856,0,129.952835083008,2002-07-01,90.3497924804688,86.834831237793,66.5775833129883
23190260,Pluviométrica,Convencional,Santander,Lebrija,7.0797,-73.2136,150,5/15/1967,,Andes,Magdalena Cauca,Medio Magdalena,Río Lebrija y otros directos al Magdalena,10.214545249939,11.6945457458496,12,13,0.971014499664307,0.996376812458038,1,1,1.04999995231628,2002,08,39,39,40.9499981403351,0,132.2646484375,2002-08-01,124.759765625,82.6234970092773,83.1856384277344
23190260,Pluviométrica,Convencional,Santander,Lebrija,7.0797,-73.2136,150,5/15/1967,,Andes,Magdalena Cauca,Medio Magdalena,Río Lebrija y otros directos al Magdalena,10.214545249939,11.6945457458496,12,13,0.971014499664307,0.996376812458038,1,1,1.04999995231628,2002,09,42,42,44.0999979972839,0,101.312164306641,2002-09-01,99.2152328491211,93.2216720581055,76.8858108520508
23190260,Pluviométrica,Convencional,Santander,Lebrija,7.0797,-73.2136,150,5/15/1967,,Andes,Magdalena Cauca,Medio Magdalena,Río Lebrija y otros directos al Magdalena,10.214545249939,11.6945457458496,12,13,0.971014499664307,0.996376812458038,1,1,1.03999996185303,2002,10,99,40,41.5999984741211,1,176.62858581543,2002-10-01,175.474609375,134.698440551758,130.681762695313
23190260,Pluviométrica,Convencional,Santander,Lebrija,7.0797,-73.2136,150,5/15/1967,,Andes,Magdalena Cauca,Medio Magdalena,Río Lebrija y otros directos al Magdalena,10.214545249939,11.6945457458496,12,13,0.971014499664307,0.996376812458038,1,1,1.03999996185303,2002,11,51,5,5.19999980926514,1,99.8900604248047,2002-11-01,63.0814552307129,69.0780639648438,55.0825271606445
23190260,Pluviométrica,Convencional,Santander,Lebrija,7.0797,-73.2136,150,5/15/1967,,Andes,Magdalena Cauca,Medio Magdalena,Río Lebrija y otros directos al Magdalena,10.214545249939,11.6945457458496,12,13,0.971014499664307,0.996376812458038,1,1,1.05999994277954,2002,12,39,39,41.3399977684021,0,58.2957496643066,2002-12-01,48.1280899047852,40.7812194824219,32.7889404296875
23190260,Pluviométrica,Convencional,Santander,Lebrija,7.0797,-73.2136,150,5/15/1967,,Andes,Magdalena Cauca,Medio Magdalena,Río Lebrija y otros directos al Magdalena,10.214545249939,11.6945457458496,12,13,0.971014499664307,0.996376812458038,1,1,1.07000005245209,2003,01,26,26,27.8200013637543,0,28.8164520263672,2003-01-01,6.56484889984131,36.6412353515625,13.9898767471313
23190260,Pluviométrica,Convencional,Santander,Lebrija,7.0797,-73.2136,150,5/15/1967,,Andes,Magdalena Cauca,Medio Magdalena,Río Lebrija y otros directos al Magdalena,10.214545249939,11.6945457458496,12,13,0.971014499664307,0.996376812458038,1,1,1.05999994277954,2003,02,130,85,90.099995136261,1,110.732002258301,2003-02-01,172.449844360352,122.92081451416,141.194122314453
23190260,Pluviométrica,Convencional,Santander,Lebrija,7.0797,-73.2136,150,5/15/1967,,Andes,Magdalena Cauca,Medio Magdalena,Río Lebrija y otros directos al Magdalena,10.214545249939,11.6945457458496,12,13,0.971014499664307,0.996376812458038,1,1,1.05999994277954,2003,03,234,62,65.7199964523316,3,83.5444946289063,2003-03-01,95.5100784301758,176.963150024414,182.974502563477
23190260,Pluviométrica,Convencional,Santander,Lebrija,7.0797,-73.2136,150,5/15/1967,,Andes,Magdalena Cauca,Medio Magdalena,Río Lebrija y otros directos al Magdalena,10.214545249939,11.6945457458496,12,13,0.971014499664307,0.996376812458038,1,1,1.04999995231628,2003,04,90,90,94.4999957084656,0,127.745185852051,2003-04-01,94.0446472167969,141.758712768555,119.251281738281
23190260,Pluviométrica,Convencional,Santander,Lebrija,7.0797,-73.2136,150,5/15/1967,,Andes,Magdalena Cauca,Medio Magdalena,Río Lebrija y otros directos al Magdalena,10.214545249939,11.6945457458496,12,13,0.971014499664307,0.996376812458038,1,1,1.03999996185303,2003,05,66,66,68.6399974822998,0,145.734512329102,2003-05-01,143.923217773438,84.3921203613281,84.6856231689453
23190260,Pluviométrica,Convencional,Santander,Lebrija,7.0797,-73.2136,150,5/15/1967,,Andes,Magdalena Cauca,Medio Magdalena,Río Lebrija y otros directos al Magdalena,10.214545249939,11.6945457458496,12,13,0.971014499664307,0.996376812458038,1,1,1.04999995231628,2003,06,128,128,134.399993896484,0,146.982345581055,2003-06-01,112.77311706543,160.645172119141,133.593719482422
23190260,Pluviométrica,Convencional,Santander,Lebrija,7.0797,-73.2136,150,5/15/1967,,Andes,Magdalena Cauca,Medio Magdalena,Río Lebrija y otros directos al Magdalena,10.214545249939,11.6945457458496,12,13,0.971014499664307,0.996376812458038,1,1,1.04999995231628,2003,07,54,54,56.6999974250794,0,126.186958312988,2003-07-01,81.8427505493164,110.390518188477,75.001838684082
23190260,Pluviométrica,Convencional,Santander,Lebrija,7.0797,-73.2136,150,5/15/1967,,Andes,Magdalena Cauca,Medio Magdalena,Río Lebrija y otros directos al Magdalena,10.214545249939,11.6945457458496,12,13,0.971014499664307,0.996376812458038,1,1,1.04999995231628,2003,08,21,21,22.049998998642,0,134.154479980469,2003-08-01,133.209045410156,96.8468704223633,98.5727462768555
23190260,Pluviométrica,Convencional,Santander,Lebrija,7.0797,-73.2136,150,5/15/1967,,Andes,Magdalena Cauca,Medio Magdalena,Río Lebrija y otros directos al Magdalena,10.214545249939,11.6945457458496,12,13,0.971014499664307,0.996376812458038,1,1,1.04999995231628,2003,09,93,93,97.6499955654144,0,95.9973831176758,2003-09-01,84.3267440795898,134.643280029297,108.337821960449
23190260,Pluviométrica,Convencional,Santander,Lebrija,7.0797,-73.2136,150,5/15/1967,,Andes,Magdalena Cauca,Medio Magdalena,Río Lebrija y otros directos al Magdalena,10.214545249939,11.6945457458496,12,13,0.971014499664307,0.996376812458038,1,1,1.03999996185303,2003,10,180,70,72.7999973297119,2,205.975677490234,2003-10-01,217.680435180664,194.668060302734,192.38932800293
23190260,Pluviométrica,Convencional,Santander,Lebrija,7.0797,-73.2136,150,5/15/1967,,Andes,Magdalena Cauca,Medio Magdalena,Río Lebrija y otros directos al Magdalena,10.214545249939,11.6945457458496,12,13,0.971014499664307,0.996376812458038,1,1,1.03999996185303,2003,11,187,71,73.8399972915649,2,169.646347045898,2003-11-01,185.526275634766,175.184463500977,169.095779418945
23190260,Pluviométrica,Convencional,Santander,Lebrija,7.0797,-73.2136,150,5/15/1967,,Andes,Magdalena Cauca,Medio Magdalena,Río Lebrija y otros directos al Magdalena,10.214545249939,11.6945457458496,12,13,0.971014499664307,0.996376812458038,1,1,1.05999994277954,2003,12,47,47,49.8199973106384,0,90.2572784423828,2003-12-01,98.3654556274414,92.2369918823242,80.0685882568359
23190260,Pluviométrica,Convencional,Santander,Lebrija,7.0797,-73.2136,150,5/15/1967,,Andes,Magdalena Cauca,Medio Magdalena,Río Lebrija y otros directos al Magdalena,10.214545249939,11.6945457458496,12,13,0.971014499664307,0.996376812458038,1,1,1.07000005245209,2004,01,41,41,43.8700021505356,0,51.4824523925781,2004-01-01,38.8986167907715,56.4135780334473,48.1035499572754
23190260,Pluviométrica,Convencional,Santander,Lebrija,7.0797,-73.2136,150,5/15/1967,,Andes,Magdalena Cauca,Medio Magdalena,Río Lebrija y otros directos al Magdalena,10.214545249939,11.6945457458496,12,13,0.971014499664307,0.996376812458038,1,1,1.05999994277954,2004,02,73,30,31.7999982833862,1,44.0258979797363,2004-02-01,30.7529029846191,62.0049629211426,54.9362945556641
23190260,Pluviométrica,Convencional,Santander,Lebrija,7.0797,-73.2136,150,5/15/1967,,Andes,Magdalena Cauca,Medio Magdalena,Río Lebrija y otros directos al Magdalena,10.214545249939,11.6945457458496,12,13,0.971014499664307,0.996376812458038,1,1,1.05999994277954,2004,03,78,78,82.6799955368042,0,83.1358489990234,2004-03-01,86.1047058105469,88.7397384643555,91.5128479003906
23190260,Pluviométrica,Convencional,Santander,Lebrija,7.0797,-73.2136,150,5/15/1967,,Andes,Magdalena Cauca,Medio Magdalena,Río Lebrija y otros directos al Magdalena,10.214545249939,11.6945457458496,12,13,0.971014499664307,0.996376812458038,1,1,1.04999995231628,2004,04,76,76,79.7999963760376,0,140.985122680664,2004-04-01,113.536308288574,131.00602722168,110.848388671875
23190260,Pluviométrica,Convencional,Santander,Lebrija,7.0797,-73.2136,150,5/15/1967,,Andes,Magdalena Cauca,Medio Magdalena,Río Lebrija y otros directos al Magdalena,10.214545249939,11.6945457458496,12,13,0.971014499664307,0.996376812458038,1,1,1.03999996185303,2004,05,158,88,91.5199966430664,2,133.389541625977,2004-05-01,129.040756225586,137.519821166992,136.691970825195
23190260,Pluviométrica,Convencional,Santander,Lebrija,7.0797,-73.2136,150,5/15/1967,,Andes,Magdalena Cauca,Medio Magdalena,Río Lebrija y otros directos al Magdalena,10.214545249939,11.6945457458496,12,13,0.971014499664307,0.996376812458038,1,1,1.04999995231628,2004,06,40,40,41.9999980926514,0,136.164306640625,2004-06-01,100.268539428711,73.5639343261719,55.9328956604004
23190260,Pluviométrica,Convencional,Santander,Lebrija,7.0797,-73.2136,150,5/15/1967,,Andes,Magdalena Cauca,Medio Magdalena,Río Lebrija y otros directos al Magdalena,10.214545249939,11.6945457458496,12,13,0.971014499664307,0.996376812458038,1,1,1.04999995231628,2004,07,43,43,45.1499979496002,0,128.371200561523,2004-07-01,93.1846466064453,110.293212890625,97.8476104736328
23190260,Pluviométrica,Convencional,Santander,Lebrija,7.0797,-73.2136,150,5/15/1967,,Andes,Magdalena Cauca,Medio Magdalena,Río Lebrija y otros directos al Magdalena,10.214545249939,11.6945457458496,12,13,0.971014499664307,0.996376812458038,1,1,1.04999995231628,2004,08,54,54,56.6999974250794,0,99.8959121704102,2004-08-01,63.7024765014649,68.9030609130859,58.4303779602051
23190260,Pluviométrica,Convencional,Santander,Lebrija,7.0797,-73.2136,150,5/15/1967,,Andes,Magdalena Cauca,Medio Magdalena,Río Lebrija y otros directos al Magdalena,10.214545249939,11.6945457458496,12,13,0.971014499664307,0.996376812458038,1,1,1.04999995231628,2004,09,72,72,75.5999965667725,0,100.482162475586,2004-09-01,95.7671356201172,117.068939208984,98.8040084838867
23190260,Pluviométrica,Convencional,Santander,Lebrija,7.0797,-73.2136,150,5/15/1967,,Andes,Magdalena Cauca,Medio Magdalena,Río Lebrija y otros directos al Magdalena,10.214545249939,11.6945457458496,12,13,0.971014499664307,0.996376812458038,1,1,1.03999996185303,2004,10,186,109,113.35999584198,1,144.522674560547,2004-10-01,103.652465820313,153.880020141602,125.570274353027
23190260,Pluviométrica,Convencional,Santander,Lebrija,7.0797,-73.2136,150,5/15/1967,,Andes,Magdalena Cauca,Medio Magdalena,Río Lebrija y otros directos al Magdalena,10.214545249939,11.6945457458496,12,13,0.971014499664307,0.996376812458038,1,1,1.03999996185303,2004,11,84,84,87.3599967956543,0,111.413314819336,2004-11-01,90.3246002197266,137.307189941406,123.023422241211
23190260,Pluviométrica,Convencional,Santander,Lebrija,7.0797,-73.2136,150,5/15/1967,,Andes,Magdalena Cauca,Medio Magdalena,Río Lebrija y otros directos al Magdalena,10.214545249939,11.6945457458496,12,13,0.971014499664307,0.996376812458038,1,1,1.05999994277954,2004,12,66,5,5.29999971389771,1,60.4795875549316,2004-12-01,49.3536148071289,78.7509078979492,57.8796424865723
23190260,Pluviométrica,Convencional,Santander,Lebrija,7.0797,-73.2136,150,5/15/1967,,Andes,Magdalena Cauca,Medio Magdalena,Río Lebrija y otros directos al Magdalena,10.214545249939,11.6945457458496,12,13,0.971014499664307,0.996376812458038,1,1,1.07000005245209,2005,01,142,53,56.7100027799606,2,81.8082962036133,2005-01-01,119.110931396484,101.644149780273,114.068298339844
23190260,Pluviométrica,Convencional,Santander,Lebrija,7.0797,-73.2136,150,5/15/1967,,Andes,Magdalena Cauca,Medio Magdalena,Río Lebrija y otros directos al Magdalena,10.214545249939,11.6945457458496,12,13,0.971014499664307,0.996376812458038,1,1,1.05999994277954,2005,02,283,23,24.3799986839294,3,95.5385360717773,2005-02-01,138.545013427734,223.882888793945,257.618377685547
23190260,Pluviométrica,Convencional,Santander,Lebrija,7.0797,-73.2136,150,5/15/1967,,Andes,Magdalena Cauca,Medio Magdalena,Río Lebrija y otros directos al Magdalena,10.214545249939,11.6945457458496,12,13,0.971014499664307,0.996376812458038,1,1,1.05999994277954,2005,03,53,53,56.1799969673157,0,43.4725761413574,2005-03-01,7.00428676605225,68.1623840332031,16.8761310577393
23190260,Pluviométrica,Convencional,Santander,Lebrija,7.0797,-73.2136,150,5/15/1967,,Andes,Magdalena Cauca,Medio Magdalena,Río Lebrija y otros directos al Magdalena,10.214545249939,11.6945457458496,12,13,0.971014499664307,0.996376812458038,1,1,1.04999995231628,2005,04,258,116,121.799994468689,2,187.909240722656,2005-04-01,176.256271362305,156.238128662109,142.636795043945
23190260,Pluviométrica,Convencional,Santander,Lebrija,7.0797,-73.2136,150,5/15/1967,,Andes,Magdalena Cauca,Medio Magdalena,Río Lebrija y otros directos al Magdalena,10.214545249939,11.6945457458496,12,13,0.971014499664307,0.996376812458038,1,1,1.03999996185303,2005,05,145,106,110.239995956421,1,120.747611999512,2005-05-01,105.815979003906,132.058319091797,123.647506713867
23190260,Pluviométrica,Convencional,Santander,Lebrija,7.0797,-73.2136,150,5/15/1967,,Andes,Magdalena Cauca,Medio Magdalena,Río Lebrija y otros directos al Magdalena,10.214545249939,11.6945457458496,12,13,0.971014499664307,0.996376812458038,1,1,1.04999995231628,2005,06,96,96,100.799995422363,0,142.290588378906,2005-06-01,114.336486816406,124.583511352539,100.477951049805
23190260,Pluviométrica,Convencional,Santander,Lebrija,7.0797,-73.2136,150,5/15/1967,,Andes,Magdalena Cauca,Medio Magdalena,Río Lebrija y otros directos al Magdalena,10.214545249939,11.6945457458496,12,13,0.971014499664307,0.996376812458038,1,1,1.04999995231628,2005,07,69,35,36.7499983310699,1,112.186141967773,2005-07-01,60.059700012207,82.1136245727539,58.5525703430176
23190260,Pluviométrica,Convencional,Santander,Lebrija,7.0797,-73.2136,150,5/15/1967,,Andes,Magdalena Cauca,Medio Magdalena,Río Lebrija y otros directos al Magdalena,10.214545249939,11.6945457458496,12,13,0.971014499664307,0.996376812458038,1,1,1.04999995231628,2005,08,43,43,45.1499979496002,0,129.409210205078,2005-08-01,121.384925842285,78.8442459106445,77.9285507202149
23190260,Pluviométrica,Convencional,Santander,Lebrija,7.0797,-73.2136,150,5/15/1967,,Andes,Magdalena Cauca,Medio Magdalena,Río Lebrija y otros directos al Magdalena,10.214545249939,11.6945457458496,12,13,0.971014499664307,0.996376812458038,1,1,1.04999995231628,2005,09,83,83,87.1499960422516,0,92.8671493530273,2005-09-01,82.4882736206055,117.090087890625,93.5104064941406
23190260,Pluviométrica,Convencional,Santander,Lebrija,7.0797,-73.2136,150,5/15/1967,,Andes,Magdalena Cauca,Medio Magdalena,Río Lebrija y otros directos al Magdalena,10.214545249939,11.6945457458496,12,13,0.971014499664307,0.996376812458038,1,1,1.03999996185303,2005,10,187,144,149.759994506836,1,152.044052124023,2005-10-01,132.209289550781,225.812255859375,209.239974975586
23190260,Pluviométrica,Convencional,Santander,Lebrija,7.0797,-73.2136,150,5/15/1967,,Andes,Magdalena Cauca,Medio Magdalena,Río Lebrija y otros directos al Magdalena,10.214545249939,11.6945457458496,12,13,0.971014499664307,0.996376812458038,1,1,1.03999996185303,2005,11,211,124,128.959995269775,1,114.395309448242,2005-11-01,96.5914459228516,162.227493286133,160.527984619141
23190260,Pluviométrica,Convencional,Santander,Lebrija,7.0797,-73.2136,150,5/15/1967,,Andes,Magdalena Cauca,Medio Magdalena,Río Lebrija y otros directos al Magdalena,10.214545249939,11.6945457458496,12,13,0.971014499664307,0.996376812458038,1,1,1.05999994277954,2005,12,20,20,21.1999988555908,0,42.3802223205566,2005-12-01,22.3177299499512,80.5321655273438,46.6303482055664
23190260,Pluviométrica,Convencional,Santander,Lebrija,7.0797,-73.2136,150,5/15/1967,,Andes,Magdalena Cauca,Medio Magdalena,Río Lebrija y otros directos al Magdalena,10.214545249939,11.6945457458496,12,13,0.971014499664307,0.996376812458038,1,1,1.07000005245209,2006,01,76,76,81.3200039863587,0,73.1834106445313,2006-01-01,90.7923965454102,99.0149612426758,103.500030517578
23190260,Pluviométrica,Convencional,Santander,Lebrija,7.0797,-73.2136,150,5/15/1967,,Andes,Magdalena Cauca,Medio Magdalena,Río Lebrija y otros directos al Magdalena,10.214545249939,11.6945457458496,12,13,0.971014499664307,0.996376812458038,1,1,1.05999994277954,2006,02,56.1,16.1,17.0659990787506,1,85.4347305297852,2006-02-01,131.480804443359,77.3894577026367,91.6163635253906
23190260,Pluviométrica,Convencional,Santander,Lebrija,7.0797,-73.2136,150,5/15/1967,,Andes,Magdalena Cauca,Medio Magdalena,Río Lebrija y otros directos al Magdalena,10.214545249939,11.6945457458496,12,13,0.971014499664307,0.996376812458038,1,1,1.05999994277954,2006,03,83.7,83.7,88.7219952106476,0,115.498275756836,2006-03-01,180.141250610352,117.348251342773,135.512176513672
23190260,Pluviométrica,Convencional,Santander,Lebrija,7.0797,-73.2136,150,5/15/1967,,Andes,Magdalena Cauca,Medio Magdalena,Río Lebrija y otros directos al Magdalena,10.214545249939,11.6945457458496,12,13,0.971014499664307,0.996376812458038,1,1,1.04999995231628,2006,04,60.6,18.4,19.3199991226196,1,136.772521972656,2006-04-01,115.88264465332,123.729583740234,120.18531036377
23190260,Pluviométrica,Convencional,Santander,Lebrija,7.0797,-73.2136,150,5/15/1967,,Andes,Magdalena Cauca,Medio Magdalena,Río Lebrija y otros directos al Magdalena,10.214545249939,11.6945457458496,12,13,0.971014499664307,0.996376812458038,1,1,1.03999996185303,2006,05,176.9,141.8,147.471994590759,1,142.574035644531,2006-05-01,129.707412719727,143.671356201172,136.651641845703
23190260,Pluviométrica,Convencional,Santander,Lebrija,7.0797,-73.2136,150,5/15/1967,,Andes,Magdalena Cauca,Medio Magdalena,Río Lebrija y otros directos al Magdalena,10.214545249939,11.6945457458496,12,13,0.971014499664307,0.996376812458038,1,1,1.04999995231628,2006,06,68.8,68.8,72.2399967193604,0,119.344772338867,2006-06-01,75.3813095092774,154.599411010742,110.625511169434
23190260,Pluviométrica,Convencional,Santander,Lebrija,7.0797,-73.2136,150,5/15/1967,,Andes,Magdalena Cauca,Medio Magdalena,Río Lebrija y otros directos al Magdalena,10.214545249939,11.6945457458496,12,13,0.971014499664307,0.996376812458038,1,1,1.04999995231628,2006,07,59.9,59.9,62.8949971437454,0,139.7685546875,2006-07-01,116.725616455078,99.4075241088867,88.6003341674805
23190260,Pluviométrica,Convencional,Santander,Lebrija,7.0797,-73.2136,150,5/15/1967,,Andes,Magdalena Cauca,Medio Magdalena,Río Lebrija y otros directos al Magdalena,10.214545249939,11.6945457458496,12,13,0.971014499664307,0.996376812458038,1,1,1.04999995231628,2006,08,75.3,75.3,79.0649964094162,0,118.59545135498,2006-08-01,97.1125946044922,111.679420471191,101.773559570313
23190260,Pluviométrica,Convencional,Santander,Lebrija,7.0797,-73.2136,150,5/15/1967,,Andes,Magdalena Cauca,Medio Magdalena,Río Lebrija y otros directos al Magdalena,10.214545249939,11.6945457458496,12,13,0.971014499664307,0.996376812458038,1,1,1.04999995231628,2006,09,83.5,46.5,48.8249977827072,1,73.836555480957,2006-09-01,49.580207824707,74.5513763427734,57.3025627136231
23190260,Pluviométrica,Convencional,Santander,Lebrija,7.0797,-73.2136,150,5/15/1967,,Andes,Magdalena Cauca,Medio Magdalena,Río Lebrija y otros directos al Magdalena,10.214545249939,11.6945457458496,12,13,0.971014499664307,0.996376812458038,1,1,1.03999996185303,2006,10,285.7,144.7,150.487994480133,2,176.847930908203,2006-10-01,166.907363891602,239.6943359375,215.317886352539
23190260,Pluviométrica,Convencional,Santander,Lebrija,7.0797,-73.2136,150,5/15/1967,,Andes,Magdalena Cauca,Medio Magdalena,Río Lebrija y otros directos al Magdalena,10.214545249939,11.6945457458496,12,13,0.971014499664307,0.996376812458038,1,1,1.03999996185303,2006,11,94,94,97.7599964141846,0,95.1620864868164,2006-11-01,65.6698989868164,83.6629333496094,66.5728149414063
23190260,Pluviométrica,Convencional,Santander,Lebrija,7.0797,-73.2136,150,5/15/1967,,Andes,Magdalena Cauca,Medio Magdalena,Río Lebrija y otros directos al Magdalena,10.214545249939,11.6945457458496,12,13,0.971014499664307,0.996376812458038,1,1,1.05999994277954,2006,12,26.9,26.9,28.5139984607697,0,57.8292999267578,2006-12-01,38.9567718505859,43.1969184875488,33.7820739746094
23190260,Pluviométrica,Convencional,Santander,Lebrija,7.0797,-73.2136,150,5/15/1967,,Andes,Magdalena Cauca,Medio Magdalena,Río Lebrija y otros directos al Magdalena,10.214545249939,11.6945457458496,12,13,0.971014499664307,0.996376812458038,1,1,1.07000005245209,2007,01,52.3,52.3,55.9610027432442,0,36.8087615966797,2007-01-01,21.6896629333496,56.2054901123047,43.8741798400879
23190260,Pluviométrica,Convencional,Santander,Lebrija,7.0797,-73.2136,150,5/15/1967,,Andes,Magdalena Cauca,Medio Magdalena,Río Lebrija y otros directos al Magdalena,10.214545249939,11.6945457458496,12,13,0.971014499664307,0.996376812458038,1,1,1.05999994277954,2007,02,49.7,49.7,52.6819971561432,0,33.3242835998535,2007-02-01,7.61797046661377,54.1362457275391,18.4233551025391
23190260,Pluviométrica,Convencional,Santander,Lebrija,7.0797,-73.2136,150,5/15/1967,,Andes,Magdalena Cauca,Medio Magdalena,Río Lebrija y otros directos al Magdalena,10.214545249939,11.6945457458496,12,13,0.971014499664307,0.996376812458038,1,1,1.05999994277954,2007,03,55.7,55.7,59.0419968128204,0,134.752182006836,2007-03-01,220.594833374023,135.459136962891,160.928161621094
23190260,Pluviométrica,Convencional,Santander,Lebrija,7.0797,-73.2136,150,5/15/1967,,Andes,Magdalena Cauca,Medio Magdalena,Río Lebrija y otros directos al Magdalena,10.214545249939,11.6945457458496,12,13,0.971014499664307,0.996376812458038,1,1,1.04999995231628,2007,04,81.4,81.4,85.4699961185455,0,115.756172180176,2007-04-01,93.379035949707,109.647239685059,101.205963134766
23190260,Pluviométrica,Convencional,Santander,Lebrija,7.0797,-73.2136,150,5/15/1967,,Andes,Magdalena Cauca,Medio Magdalena,Río Lebrija y otros directos al Magdalena,10.214545249939,11.6945457458496,12,13,0.971014499664307,0.996376812458038,1,1,1.03999996185303,2007,05,86.9,86.9,90.3759966850281,0,119.624229431152,2007-05-01,95.2071990966797,130.316970825195,110.392692565918
23190260,Pluviométrica,Convencional,Santander,Lebrija,7.0797,-73.2136,150,5/15/1967,,Andes,Magdalena Cauca,Medio Magdalena,Río Lebrija y otros directos al Magdalena,10.214545249939,11.6945457458496,12,13,0.971014499664307,0.996376812458038,1,1,1.04999995231628,2007,06,0,0,0,30,88.1508560180664,2007-06-01,21.6398639678955,79.6398468017578,44.8802642822266
23190260,Pluviométrica,Convencional,Santander,Lebrija,7.0797,-73.2136,150,5/15/1967,,Andes,Magdalena Cauca,Medio Magdalena,Río Lebrija y otros directos al Magdalena,10.214545249939,11.6945457458496,12,13,0.971014499664307,0.996376812458038,1,1,1.04999995231628,2007,07,40.4,40.4,42.4199980735779,0,95.2268600463867,2007-07-01,25.1073951721191,89.4486389160156,45.2871704101563
23190260,Pluviométrica,Convencional,Santander,Lebrija,7.0797,-73.2136,150,5/15/1967,,Andes,Magdalena Cauca,Medio Magdalena,Río Lebrija y otros directos al Magdalena,10.214545249939,11.6945457458496,12,13,0.971014499664307,0.996376812458038,1,1,1.04999995231628,2007,08,138.6,91.8,96.3899956226349,1,104.553604125977,2007-08-01,72.1175765991211,116.449226379395,98.5575180053711
23190260,Pluviométrica,Convencional,Santander,Lebrija,7.0797,-73.2136,150,5/15/1967,,Andes,Magdalena Cauca,Medio Magdalena,Río Lebrija y otros directos al Magdalena,10.214545249939,11.6945457458496,12,13,0.971014499664307,0.996376812458038,1,1,1.04999995231628,2007,09,141,78.6,82.5299962520599,1,85.30224609375,2007-09-01,68.0370025634766,91.2738952636719,71.7079238891602
23190260,Pluviométrica,Convencional,Santander,Lebrija,7.0797,-73.2136,150,5/15/1967,,Andes,Magdalena Cauca,Medio Magdalena,Río Lebrija y otros directos al Magdalena,10.214545249939,11.6945457458496,12,13,0.971014499664307,0.996376812458038,1,1,1.03999996185303,2007,10,96,96,99.8399963378906,0,151.960144042969,2007-10-01,128.176300048828,170.219802856445,163.668060302734
23190260,Pluviométrica,Convencional,Santander,Lebrija,7.0797,-73.2136,150,5/15/1967,,Andes,Magdalena Cauca,Medio Magdalena,Río Lebrija y otros directos al Magdalena,10.214545249939,11.6945457458496,12,13,0.971014499664307,0.996376812458038,1,1,1.03999996185303,2007,11,79,79,82.1599969863892,0,127.973297119141,2007-11-01,102.402305603027,93.0509490966797,79.0279235839844
23190260,Pluviométrica,Convencional,Santander,Lebrija,7.0797,-73.2136,150,5/15/1967,,Andes,Magdalena Cauca,Medio Magdalena,Río Lebrija y otros directos al Magdalena,10.214545249939,11.6945457458496,12,13,0.971014499664307,0.996376812458038,1,1,1.05999994277954,2007,12,24.6,24.6,26.0759985923767,0,53.7453269958496,2007-12-01,34.0584449768066,50.2352714538574,31.5173034667969
23190260,Pluviométrica,Convencional,Santander,Lebrija,7.0797,-73.2136,150,5/15/1967,,Andes,Magdalena Cauca,Medio Magdalena,Río Lebrija y otros directos al Magdalena,10.214545249939,11.6945457458496,12,13,0.971014499664307,0.996376812458038,1,1,1.07000005245209,2008,01,47.9,47.9,51.253002512455,0,58.1636466979981,2008-01-01,61.3576049804688,64.6445770263672,64.5209732055664
23190260,Pluviométrica,Convencional,Santander,Lebrija,7.0797,-73.2136,150,5/15/1967,,Andes,Magdalena Cauca,Medio Magdalena,Río Lebrija y otros directos al Magdalena,10.214545249939,11.6945457458496,12,13,0.971014499664307,0.996376812458038,1,1,1.05999994277954,2008,02,204.2,81.4,86.2839953422546,2,62.0899925231934,2008-02-01,67.313606262207,125.44189453125,137.733978271484
23190260,Pluviométrica,Convencional,Santander,Lebrija,7.0797,-73.2136,150,5/15/1967,,Andes,Magdalena Cauca,Medio Magdalena,Río Lebrija y otros directos al Magdalena,10.214545249939,11.6945457458496,12,13,0.971014499664307,0.996376812458038,1,1,1.05999994277954,2008,03,197.5,197.5,209.349988698959,0,66.5028839111328,2008-03-01,48.8032341003418,154.445114135742,106.74250793457
23190260,Pluviométrica,Convencional,Santander,Lebrija,7.0797,-73.2136,150,5/15/1967,,Andes,Magdalena Cauca,Medio Magdalena,Río Lebrija y otros directos al Magdalena,10.214545249939,11.6945457458496,12,13,0.971014499664307,0.996376812458038,1,1,1.04999995231628,2008,04,48.1,48.1,50.5049977064133,0,113.956405639648,2008-04-01,82.0218505859375,92.5191192626953,80.0767288208008
23190260,Pluviométrica,Convencional,Santander,Lebrija,7.0797,-73.2136,150,5/15/1967,,Andes,Magdalena Cauca,Medio Magdalena,Río Lebrija y otros directos al Magdalena,10.214545249939,11.6945457458496,12,13,0.971014499664307,0.996376812458038,1,1,1.03999996185303,2008,05,180.7,180.7,187.927993106842,0,118.118293762207,2008-05-01,96.8610000610352,152.108993530273,130.765930175781
23190260,Pluviométrica,Convencional,Santander,Lebrija,7.0797,-73.2136,150,5/15/1967,,Andes,Magdalena Cauca,Medio Magdalena,Río Lebrija y otros directos al Magdalena,10.214545249939,11.6945457458496,12,13,0.971014499664307,0.996376812458038,1,1,1.04999995231628,2008,06,55.4,55.4,58.1699973583222,0,118.731063842773,2008-06-01,68.1150360107422,72.8058319091797,50.8293609619141
23190260,Pluviométrica,Convencional,Santander,Lebrija,7.0797,-73.2136,150,5/15/1967,,Andes,Magdalena Cauca,Medio Magdalena,Río Lebrija y otros directos al Magdalena,10.214545249939,11.6945457458496,12,13,0.971014499664307,0.996376812458038,1,1,1.04999995231628,2008,07,105.1,105.1,110.354994988441,0,141.173309326172,2008-07-01,118.625495910645,117.081283569336,95.5284271240234
23190260,Pluviométrica,Convencional,Santander,Lebrija,7.0797,-73.2136,150,5/15/1967,,Andes,Magdalena Cauca,Medio Magdalena,Río Lebrija y otros directos al Magdalena,10.214545249939,11.6945457458496,12,13,0.971014499664307,0.996376812458038,1,1,1.04999995231628,2008,08,96.5,96.5,101.324995398521,0,103.000015258789,2008-08-01,70.1558456420899,95.8641357421875,82.405647277832
23190260,Pluviométrica,Convencional,Santander,Lebrija,7.0797,-73.2136,150,5/15/1967,,Andes,Magdalena Cauca,Medio Magdalena,Río Lebrija y otros directos al Magdalena,10.214545249939,11.6945457458496,12,13,0.971014499664307,0.996376812458038,1,1,1.04999995231628,2008,09,68.6,68.6,72.0299967288971,0,96.5791473388672,2008-09-01,88.2823791503906,104.131164550781,83.2589416503906
23190260,Pluviométrica,Convencional,Santander,Lebrija,7.0797,-73.2136,150,5/15/1967,,Andes,Magdalena Cauca,Medio Magdalena,Río Lebrija y otros directos al Magdalena,10.214545249939,11.6945457458496,12,13,0.971014499664307,0.996376812458038,1,1,1.03999996185303,2008,10,120.7,68.4,71.1359973907471,1,141.875564575195,2008-10-01,99.9001617431641,135.678726196289,115.661773681641
23190260,Pluviométrica,Convencional,Santander,Lebrija,7.0797,-73.2136,150,5/15/1967,,Andes,Magdalena Cauca,Medio Magdalena,Río Lebrija y otros directos al Magdalena,10.214545249939,11.6945457458496,12,13,0.971014499664307,0.996376812458038,1,1,1.03999996185303,2008,11,125.5,71.5,74.3599972724915,1,151.635269165039,2008-11-01,148.368881225586,195.914642333984,181.052642822266
23190260,Pluviométrica,Convencional,Santander,Lebrija,7.0797,-73.2136,150,5/15/1967,,Andes,Magdalena Cauca,Medio Magdalena,Río Lebrija y otros directos al Magdalena,10.214545249939,11.6945457458496,12,13,0.971014499664307,0.996376812458038,1,1,1.05999994277954,2008,12,6.2,6.2,6.57199964523316,0,38.0341835021973,2008-12-01,12.9140348434448,29.4319648742676,13.7030467987061
23190260,Pluviométrica,Convencional,Santander,Lebrija,7.0797,-73.2136,150,5/15/1967,,Andes,Magdalena Cauca,Medio Magdalena,Río Lebrija y otros directos al Magdalena,10.214545249939,11.6945457458496,12,13,0.971014499664307,0.996376812458038,1,1,1.07000005245209,2009,01,46.7,46.7,49.9690024495125,0,53.4713287353516,2009-01-01,52.0985450744629,71.6669845581055,72.6811904907227
23190260,Pluviométrica,Convencional,Santander,Lebrija,7.0797,-73.2136,150,5/15/1967,,Andes,Magdalena Cauca,Medio Magdalena,Río Lebrija y otros directos al Magdalena,10.214545249939,11.6945457458496,12,13,0.971014499664307,0.996376812458038,1,1,1.05999994277954,2009,02,67.7,67.7,71.7619961261749,0,74.6232833862305,2009-02-01,89.9358215332031,74.7204132080078,73.5410308837891
23190260,Pluviométrica,Convencional,Santander,Lebrija,7.0797,-73.2136,150,5/15/1967,,Andes,Magdalena Cauca,Medio Magdalena,Río Lebrija y otros directos al Magdalena,10.214545249939,11.6945457458496,12,13,0.971014499664307,0.996376812458038,1,1,1.05999994277954,2009,03,128,60.4,64.0239965438843,1,115.080253601074,2009-03-01,178.286544799805,137.50666809082,151.716491699219
23190260,Pluviométrica,Convencional,Santander,Lebrija,7.0797,-73.2136,150,5/15/1967,,Andes,Magdalena Cauca,Medio Magdalena,Río Lebrija y otros directos al Magdalena,10.214545249939,11.6945457458496,12,13,0.971014499664307,0.996376812458038,1,1,1.04999995231628,2009,04,120.7,72.4,76.019996547699,1,120.101196289063,2009-04-01,87.9850769042969,148.347839355469,117.803672790527
23190260,Pluviométrica,Convencional,Santander,Lebrija,7.0797,-73.2136,150,5/15/1967,,Andes,Magdalena Cauca,Medio Magdalena,Río Lebrija y otros directos al Magdalena,10.214545249939,11.6945457458496,12,13,0.971014499664307,0.996376812458038,1,1,1.03999996185303,2009,05,67.3,67.3,69.9919974327088,0,145.248031616211,2009-05-01,140.5732421875,116.402473449707,109.137229919434
23190260,Pluviométrica,Convencional,Santander,Lebrija,7.0797,-73.2136,150,5/15/1967,,Andes,Magdalena Cauca,Medio Magdalena,Río Lebrija y otros directos al Magdalena,10.214545249939,11.6945457458496,12,13,0.971014499664307,0.996376812458038,1,1,1.04999995231628,2009,06,155.9,109.9,115.39499475956,1,174.940734863281,2009-06-01,162.496795654297,143.706069946289,115.835113525391
23190260,Pluviométrica,Convencional,Santander,Lebrija,7.0797,-73.2136,150,5/15/1967,,Andes,Magdalena Cauca,Medio Magdalena,Río Lebrija y otros directos al Magdalena,10.214545249939,11.6945457458496,12,13,0.971014499664307,0.996376812458038,1,1,1.04999995231628,2009,07,65.6,65.6,68.8799968719482,0,117.203895568848,2009-07-01,68.8808670043945,77.5244903564453,55.366096496582
23190260,Pluviométrica,Convencional,Santander,Lebrija,7.0797,-73.2136,150,5/15/1967,,Andes,Magdalena Cauca,Medio Magdalena,Río Lebrija y otros directos al Magdalena,10.214545249939,11.6945457458496,12,13,0.971014499664307,0.996376812458038,1,1,1.04999995231628,2009,08,44.6,44.6,46.8299978733063,0,138.157562255859,2009-08-01,136.891464233398,119.886085510254,116.725608825684
23190260,Pluviométrica,Convencional,Santander,Lebrija,7.0797,-73.2136,150,5/15/1967,,Andes,Magdalena Cauca,Medio Magdalena,Río Lebrija y otros directos al Magdalena,10.214545249939,11.6945457458496,12,13,0.971014499664307,0.996376812458038,1,1,1.04999995231628,2009,09,13.4,13.4,14.0699993610382,0,95.3413238525391,2009-09-01,86.607177734375,44.9787330627441,39.7874069213867
23190260,Pluviométrica,Convencional,Santander,Lebrija,7.0797,-73.2136,150,5/15/1967,,Andes,Magdalena Cauca,Medio Magdalena,Río Lebrija y otros directos al Magdalena,10.214545249939,11.6945457458496,12,13,0.971014499664307,0.996376812458038,1,1,1.03999996185303,2009,10,180.9,88.6,92.1439966201782,2,206.662155151367,2009-10-01,229.312194824219,203.113983154297,193.446380615234
23190260,Pluviométrica,Convencional,Santander,Lebrija,7.0797,-73.2136,150,5/15/1967,,Andes,Magdalena Cauca,Medio Magdalena,Río Lebrija y otros directos al Magdalena,10.214545249939,11.6945457458496,12,13,0.971014499664307,0.996376812458038,1,1,1.03999996185303,2009,11,66,66,68.6399974822998,0,120.252983093262,2009-11-01,98.9912033081055,137.261856079102,117.166152954102
23190260,Pluviométrica,Convencional,Santander,Lebrija,7.0797,-73.2136,150,5/15/1967,,Andes,Magdalena Cauca,Medio Magdalena,Río Lebrija y otros directos al Magdalena,10.214545249939,11.6945457458496,12,13,0.971014499664307,0.996376812458038,1,1,1.05999994277954,2009,12,5.5,5.5,5.82999968528748,0,57.9633445739746,2009-12-01,49.6222534179688,57.1136817932129,42.9743270874023
23190260,Pluviométrica,Convencional,Santander,Lebrija,7.0797,-73.2136,150,5/15/1967,,Andes,Magdalena Cauca,Medio Magdalena,Río Lebrija y otros directos al Magdalena,10.214545249939,11.6945457458496,12,13,0.971014499664307,0.996376812458038,1,1,1.07000005245209,2010,01,0,0,0,0,52.7118186950684,2010-01-01,57.631965637207,21.5893363952637,26.2482833862305
23190260,Pluviométrica,Convencional,Santander,Lebrija,7.0797,-73.2136,150,5/15/1967,,Andes,Magdalena Cauca,Medio Magdalena,Río Lebrija y otros directos al Magdalena,10.214545249939,11.6945457458496,12,13,0.971014499664307,0.996376812458038,1,1,1.05999994277954,2010,02,34.7,34.7,36.7819980144501,0,93.613883972168,2010-02-01,126.028503417969,88.670166015625,105.273834228516
23190260,Pluviométrica,Convencional,Santander,Lebrija,7.0797,-73.2136,150,5/15/1967,,Andes,Magdalena Cauca,Medio Magdalena,Río Lebrija y otros directos al Magdalena,10.214545249939,11.6945457458496,12,13,0.971014499664307,0.996376812458038,1,1,1.05999994277954,2010,03,28.4,28.4,30.103998374939,0,98.6834564208984,2010-03-01,129.707305908203,68.0834350585938,72.4533996582031
23190260,Pluviométrica,Convencional,Santander,Lebrija,7.0797,-73.2136,150,5/15/1967,,Andes,Magdalena Cauca,Medio Magdalena,Río Lebrija y otros directos al Magdalena,10.214545249939,11.6945457458496,12,13,0.971014499664307,0.996376812458038,1,1,1.04999995231628,2010,04,46.3,46.3,48.614997792244,0,141.937072753906,2010-04-01,120.466842651367,90.1722412109375,79.7392425537109
23190260,Pluviométrica,Convencional,Santander,Lebrija,7.0797,-73.2136,150,5/15/1967,,Andes,Magdalena Cauca,Medio Magdalena,Río Lebrija y otros directos al Magdalena,10.214545249939,11.6945457458496,12,13,0.971014499664307,0.996376812458038,1,1,1.03999996185303,2010,05,220.8,84.4,87.7759967803955,3,125.950752258301,2010-05-01,109.569778442383,189.25439453125,178.24250793457
23190260,Pluviométrica,Convencional,Santander,Lebrija,7.0797,-73.2136,150,5/15/1967,,Andes,Magdalena Cauca,Medio Magdalena,Río Lebrija y otros directos al Magdalena,10.214545249939,11.6945457458496,12,13,0.971014499664307,0.996376812458038,1,1,1.04999995231628,2010,06,75.3,75.3,79.0649964094162,0,107.200691223145,2010-06-01,48.7508697509766,157.021453857422,105.242698669434
23190260,Pluviométrica,Convencional,Santander,Lebrija,7.0797,-73.2136,150,5/15/1967,,Andes,Magdalena Cauca,Medio Magdalena,Río Lebrija y otros directos al Magdalena,10.214545249939,11.6945457458496,12,13,0.971014499664307,0.996376812458038,1,1,1.04999995231628,2010,07,149,149,156.449992895126,0,126.119636535645,2010-07-01,83.8449859619141,148.079498291016,118.437965393066
23190260,Pluviométrica,Convencional,Santander,Lebrija,7.0797,-73.2136,150,5/15/1967,,Andes,Magdalena Cauca,Medio Magdalena,Río Lebrija y otros directos al Magdalena,10.214545249939,11.6945457458496,12,13,0.971014499664307,0.996376812458038,1,1,1.04999995231628,2010,08,150.4,90.4,94.9199956893921,1,85.3456344604492,2010-08-01,34.1342163085938,121.286819458008,83.5881576538086
23190260,Pluviométrica,Convencional,Santander,Lebrija,7.0797,-73.2136,150,5/15/1967,,Andes,Magdalena Cauca,Medio Magdalena,Río Lebrija y otros directos al Magdalena,10.214545249939,11.6945457458496,12,13,0.971014499664307,0.996376812458038,1,1,1.04999995231628,2010,09,136.4,136.4,143.219993495941,0,126.136444091797,2010-09-01,140.122146606445,188.321807861328,164.871841430664
23190260,Pluviométrica,Convencional,Santander,Lebrija,7.0797,-73.2136,150,5/15/1967,,Andes,Magdalena Cauca,Medio Magdalena,Río Lebrija y otros directos al Magdalena,10.214545249939,11.6945457458496,12,13,0.971014499664307,0.996376812458038,1,1,1.03999996185303,2010,10,142.7,55.2,57.4079978942871,2,124.956886291504,2010-10-01,75.6866912841797,147.116683959961,120.199028015137
23190260,Pluviométrica,Convencional,Santander,Lebrija,7.0797,-73.2136,150,5/15/1967,,Andes,Magdalena Cauca,Medio Magdalena,Río Lebrija y otros directos al Magdalena,10.214545249939,11.6945457458496,12,13,0.971014499664307,0.996376812458038,1,1,1.03999996185303,2010,11,160.1,120.3,125.111995410919,1,98.9403076171875,2010-11-01,63.0877876281738,188.416641235352,140.155975341797
23190260,Pluviométrica,Convencional,Santander,Lebrija,7.0797,-73.2136,150,5/15/1967,,Andes,Magdalena Cauca,Medio Magdalena,Río Lebrija y otros directos al Magdalena,10.214545249939,11.6945457458496,12,13,0.971014499664307,0.996376812458038,1,1,1.05999994277954,2010,12,119.4,76.9,81.5139955997467,1,70.2313003540039,2010-12-01,65.5906143188477,138.249954223633,128.158096313477
23190260,Pluviométrica,Convencional,Santander,Lebrija,7.0797,-73.2136,150,5/15/1967,,Andes,Magdalena Cauca,Medio Magdalena,Río Lebrija y otros directos al Magdalena,10.214545249939,11.6945457458496,12,13,0.971014499664307,0.996376812458038,1,1,1.07000005245209,2011,01,65.9,65.9,70.5130034565926,0,46.0248222351074,2011-01-01,36.9090270996094,37.3188896179199,30.443437576294
23190260,Pluviométrica,Convencional,Santander,Lebrija,7.0797,-73.2136,150,5/15/1967,,Andes,Magdalena Cauca,Medio Magdalena,Río Lebrija y otros directos al Magdalena,10.214545249939,11.6945457458496,12,13,0.971014499664307,0.996376812458038,1,1,1.05999994277954,2011,02,50.2,50.2,53.211997127533,0,57.5144805908203,2011-02-01,60.0029335021973,63.0913200378418,61.1406936645508
23190260,Pluviométrica,Convencional,Santander,Lebrija,7.0797,-73.2136,150,5/15/1967,,Andes,Magdalena Cauca,Medio Magdalena,Río Lebrija y otros directos al Magdalena,10.214545249939,11.6945457458496,12,13,0.971014499664307,0.996376812458038,1,1,1.05999994277954,2011,03,62.2,62.2,65.9319964408875,0,93.3335113525391,2011-03-01,110.023857116699,88.3766784667969,94.6068344116211
23190260,Pluviométrica,Convencional,Santander,Lebrija,7.0797,-73.2136,150,5/15/1967,,Andes,Magdalena Cauca,Medio Magdalena,Río Lebrija y otros directos al Magdalena,10.214545249939,11.6945457458496,12,13,0.971014499664307,0.996376812458038,1,1,1.04999995231628,2011,04,154,95.4,100.169995450974,1,124.001022338867,2011-04-01,91.8288726806641,161.2705078125,140.735412597656
23190260,Pluviométrica,Convencional,Santander,Lebrija,7.0797,-73.2136,150,5/15/1967,,Andes,Magdalena Cauca,Medio Magdalena,Río Lebrija y otros directos al Magdalena,10.214545249939,11.6945457458496,12,13,0.971014499664307,0.996376812458038,1,1,1.03999996185303,2011,05,273.8,137.1,142.58399477005,3,139.864151000977,2011-05-01,133.914733886719,183.179962158203,173.799331665039
23190260,Pluviométrica,Convencional,Santander,Lebrija,7.0797,-73.2136,150,5/15/1967,,Andes,Magdalena Cauca,Medio Magdalena,Río Lebrija y otros directos al Magdalena,10.214545249939,11.6945457458496,12,13,0.971014499664307,0.996376812458038,1,1,1.04999995231628,2011,06,103.7,103.7,108.884995055199,0,126.012214660645,2011-06-01,82.3693237304688,144.378707885742,109.032241821289
23190260,Pluviométrica,Convencional,Santander,Lebrija,7.0797,-73.2136,150,5/15/1967,,Andes,Magdalena Cauca,Medio Magdalena,Río Lebrija y otros directos al Magdalena,10.214545249939,11.6945457458496,12,13,0.971014499664307,0.996376812458038,1,1,1.04999995231628,2011,07,87.5,87.5,91.8749958276749,0,146.280532836914,2011-07-01,126.529327392578,108.236801147461,92.29638671875
23190260,Pluviométrica,Convencional,Santander,Lebrija,7.0797,-73.2136,150,5/15/1967,,Andes,Magdalena Cauca,Medio Magdalena,Río Lebrija y otros directos al Magdalena,10.214545249939,11.6945457458496,12,13,0.971014499664307,0.996376812458038,1,1,1.04999995231628,2011,08,92.4,51.5,54.0749975442886,1,94.6179428100586,2011-08-01,53.2208404541016,119.689407348633,102.387496948242
23190260,Pluviométrica,Convencional,Santander,Lebrija,7.0797,-73.2136,150,5/15/1967,,Andes,Magdalena Cauca,Medio Magdalena,Río Lebrija y otros directos al Magdalena,10.214545249939,11.6945457458496,12,13,0.971014499664307,0.996376812458038,1,1,1.04999995231628,2011,09,70.8,36.2,38.0099982738495,1,90.2737808227539,2011-09-01,79.3403854370117,86.3303070068359,71.4299697875977
23190260,Pluviométrica,Convencional,Santander,Lebrija,7.0797,-73.2136,150,5/15/1967,,Andes,Magdalena Cauca,Medio Magdalena,Río Lebrija y otros directos al Magdalena,10.214545249939,11.6945457458496,12,13,0.971014499664307,0.996376812458038,1,1,1.03999996185303,2011,10,289.9,154.8,160.991994094849,2,196.706024169922,2011-10-01,201.031295776367,335.877410888672,288.704681396484
23190260,Pluviométrica,Convencional,Santander,Lebrija,7.0797,-73.2136,150,5/15/1967,,Andes,Magdalena Cauca,Medio Magdalena,Río Lebrija y otros directos al Magdalena,10.214545249939,11.6945457458496,12,13,0.971014499664307,0.996376812458038,1,1,1.03999996185303,2011,11,141,95.7,99.5279963493347,1,167.688751220703,2011-11-01,174.736892700195,154.38249206543,166.913421630859
23190260,Pluviométrica,Convencional,Santander,Lebrija,7.0797,-73.2136,150,5/15/1967,,Andes,Magdalena Cauca,Medio Magdalena,Río Lebrija y otros directos al Magdalena,10.214545249939,11.6945457458496,12,13,0.971014499664307,0.996376812458038,1,1,1.05999994277954,2011,12,62.6,62.6,66.3559964179993,0,62.339900970459,2011-12-01,51.4349212646484,108.81014251709,72.1468276977539
23190260,Pluviométrica,Convencional,Santander,Lebrija,7.0797,-73.2136,150,5/15/1967,,Andes,Magdalena Cauca,Medio Magdalena,Río Lebrija y otros directos al Magdalena,10.214545249939,11.6945457458496,12,13,0.971014499664307,0.996376812458038,1,1,1.07000005245209,2012,01,101.7,24.3,26.0010012745857,2,34.3258781433106,2012-01-01,16.9432678222656,53.9280776977539,36.3208160400391
23190260,Pluviométrica,Convencional,Santander,Lebrija,7.0797,-73.2136,150,5/15/1967,,Andes,Magdalena Cauca,Medio Magdalena,Río Lebrija y otros directos al Magdalena,10.214545249939,11.6945457458496,12,13,0.971014499664307,0.996376812458038,1,1,1.05999994277954,2012,02,17,17,18.0199990272522,0,73.9215774536133,2012-02-01,89.5229568481445,43.6751480102539,52.8065032958984
23190260,Pluviométrica,Convencional,Santander,Lebrija,7.0797,-73.2136,150,5/15/1967,,Andes,Magdalena Cauca,Medio Magdalena,Río Lebrija y otros directos al Magdalena,10.214545249939,11.6945457458496,12,13,0.971014499664307,0.996376812458038,1,1,1.05999994277954,2012,03,129.5,93.2,98.7919946670532,1,172.751281738281,2012-03-01,326.274841308594,121.266586303711,171.509735107422
23190260,Pluviométrica,Convencional,Santander,Lebrija,7.0797,-73.2136,150,5/15/1967,,Andes,Magdalena Cauca,Medio Magdalena,Río Lebrija y otros directos al Magdalena,10.214545249939,11.6945457458496,12,13,0.971014499664307,0.996376812458038,1,1,1.04999995231628,2012,04,200.8,154.3,162.014992642403,1,158.390380859375,2012-04-01,151.796142578125,189.929138183594,179.25505065918
23190260,Pluviométrica,Convencional,Santander,Lebrija,7.0797,-73.2136,150,5/15/1967,,Andes,Magdalena Cauca,Medio Magdalena,Río Lebrija y otros directos al Magdalena,10.214545249939,11.6945457458496,12,13,0.971014499664307,0.996376812458038,1,1,1.03999996185303,2012,05,24.7,24.7,25.6879990577698,0,137.998428344727,2012-05-01,131.269012451172,106.523933410645,87.1239471435547
23190260,Pluviométrica,Convencional,Santander,Lebrija,7.0797,-73.2136,150,5/15/1967,,Andes,Magdalena Cauca,Medio Magdalena,Río Lebrija y otros directos al Magdalena,10.214545249939,11.6945457458496,12,13,0.971014499664307,0.996376812458038,1,1,1.04999995231628,2012,06,17,17,17.8499991893768,0,121.126747131348,2012-06-01,73.8354034423828,97.4195404052734,84.3539123535156
23190260,Pluviométrica,Convencional,Santander,Lebrija,7.0797,-73.2136,150,5/15/1967,,Andes,Magdalena Cauca,Medio Magdalena,Río Lebrija y otros directos al Magdalena,10.214545249939,11.6945457458496,12,13,0.971014499664307,0.996376812458038,1,1,1.04999995231628,2012,07,6.3,6.3,6.61499969959259,0,134.163284301758,2012-07-01,101.156448364258,73.4430084228516,61.0715370178223
23190260,Pluviométrica,Convencional,Santander,Lebrija,7.0797,-73.2136,150,5/15/1967,,Andes,Magdalena Cauca,Medio Magdalena,Río Lebrija y otros directos al Magdalena,10.214545249939,11.6945457458496,12,13,0.971014499664307,0.996376812458038,1,1,1.04999995231628,2012,08,63.6,3.4,3.56999983787537,1,105.10375213623,2012-08-01,74.7732696533203,108.292869567871,97.7826232910156
23190260,Pluviométrica,Convencional,Santander,Lebrija,7.0797,-73.2136,150,5/15/1967,,Andes,Magdalena Cauca,Medio Magdalena,Río Lebrija y otros directos al Magdalena,10.214545249939,11.6945457458496,12,13,0.971014499664307,0.996376812458038,1,1,1.04999995231628,2012,09,90,42.8,44.939997959137,1,124.160949707031,2012-09-01,131.004577636719,71.5076446533203,75.6432647705078
23190260,Pluviométrica,Convencional,Santander,Lebrija,7.0797,-73.2136,150,5/15/1967,,Andes,Magdalena Cauca,Medio Magdalena,Río Lebrija y otros directos al Magdalena,10.214545249939,11.6945457458496,12,13,0.971014499664307,0.996376812458038,1,1,1.03999996185303,2012,10,177,136.8,142.271994781494,1,178.048980712891,2012-10-01,168.407501220703,220.471740722656,188.810241699219
23190260,Pluviométrica,Convencional,Santander,Lebrija,7.0797,-73.2136,150,5/15/1967,,Andes,Magdalena Cauca,Medio Magdalena,Río Lebrija y otros directos al Magdalena,10.214545249939,11.6945457458496,12,13,0.971014499664307,0.996376812458038,1,1,1.03999996185303,2012,11,18,18,18.7199993133545,0,110.654853820801,2012-11-01,90.1371536254883,88.3369445800781,78.8399810791016
23190260,Pluviométrica,Convencional,Santander,Lebrija,7.0797,-73.2136,150,5/15/1967,,Andes,Magdalena Cauca,Medio Magdalena,Río Lebrija y otros directos al Magdalena,10.214545249939,11.6945457458496,12,13,0.971014499664307,0.996376812458038,1,1,1.05999994277954,2012,12,117.7,15.5,16.4299991130829,2,55.7693328857422,2012-12-01,42.2911567687988,87.400016784668,62.4450378417969
23190260,Pluviométrica,Convencional,Santander,Lebrija,7.0797,-73.2136,150,5/15/1967,,Andes,Magdalena Cauca,Medio Magdalena,Río Lebrija y otros directos al Magdalena,10.214545249939,11.6945457458496,12,13,0.971014499664307,0.996376812458038,1,1,1.07000005245209,2013,01,34.5,34.5,36.915001809597,0,32.5997848510742,2013-01-01,12.9215106964111,47.0906181335449,28.6647472381592
23190260,Pluviométrica,Convencional,Santander,Lebrija,7.0797,-73.2136,150,5/15/1967,,Andes,Magdalena Cauca,Medio Magdalena,Río Lebrija y otros directos al Magdalena,10.214545249939,11.6945457458496,12,13,0.971014499664307,0.996376812458038,1,1,1.05999994277954,2013,02,111.5,19.2,20.3519989013672,1,77.2552185058594,2013-02-01,105.172821044922,136.529495239258,163.364776611328
23190260,Pluviométrica,Convencional,Santander,Lebrija,7.0797,-73.2136,150,5/15/1967,,Andes,Magdalena Cauca,Medio Magdalena,Río Lebrija y otros directos al Magdalena,10.214545249939,11.6945457458496,12,13,0.971014499664307,0.996376812458038,1,1,1.05999994277954,2013,03,70.9,70.9,75.1539959430695,0,87.7872009277344,2013-03-01,135.037353515625,112.934585571289,120.524192810059
23190260,Pluviométrica,Convencional,Santander,Lebrija,7.0797,-73.2136,150,5/15/1967,,Andes,Magdalena Cauca,Medio Magdalena,Río Lebrija y otros directos al Magdalena,10.214545249939,11.6945457458496,12,13,0.971014499664307,0.996376812458038,1,1,1.04999995231628,2013,04,26,26,27.2999987602234,0,137.778869628906,2013-04-01,123.159294128418,71.3222961425781,72.8159942626953
23190260,Pluviométrica,Convencional,Santander,Lebrija,7.0797,-73.2136,150,5/15/1967,,Andes,Magdalena Cauca,Medio Magdalena,Río Lebrija y otros directos al Magdalena,10.214545249939,11.6945457458496,12,13,0.971014499664307,0.996376812458038,1,1,1.03999996185303,2013,05,135.3,53.8,55.9519979476929,2,160.94921875,2013-05-01,153.070159912109,177.829330444336,165.907485961914
23190260,Pluviométrica,Convencional,Santander,Lebrija,7.0797,-73.2136,150,5/15/1967,,Andes,Magdalena Cauca,Medio Magdalena,Río Lebrija y otros directos al Magdalena,10.214545249939,11.6945457458496,12,13,0.971014499664307,0.996376812458038,1,1,1.04999995231628,2013,06,34.9,34.9,36.6449983358383,0,113.188232421875,2013-06-01,47.1850433349609,75.2718124389649,48.1201972961426
23190260,Pluviométrica,Convencional,Santander,Lebrija,7.0797,-73.2136,150,5/15/1967,,Andes,Magdalena Cauca,Medio Magdalena,Río Lebrija y otros directos al Magdalena,10.214545249939,11.6945457458496,12,13,0.971014499664307,0.996376812458038,1,1,1.04999995231628,2013,07,54.5,54.5,57.2249974012375,0,123.878219604492,2013-07-01,78.2725372314453,72.5551147460938,57.4054946899414
23190260,Pluviométrica,Convencional,Santander,Lebrija,7.0797,-73.2136,150,5/15/1967,,Andes,Magdalena Cauca,Medio Magdalena,Río Lebrija y otros directos al Magdalena,10.214545249939,11.6945457458496,12,13,0.971014499664307,0.996376812458038,1,1,1.04999995231628,2013,08,140.6,140.6,147.62999329567,0,146.036041259766,2013-08-01,159.002380371094,159.408325195313,151.853302001953
23190260,Pluviométrica,Convencional,Santander,Lebrija,7.0797,-73.2136,150,5/15/1967,,Andes,Magdalena Cauca,Medio Magdalena,Río Lebrija y otros directos al Magdalena,10.214545249939,11.6945457458496,12,13,0.971014499664307,0.996376812458038,1,1,1.04999995231628,2013,09,26.9,26.9,28.244998717308,0,127.146728515625,2013-09-01,131.777725219727,84.6173858642578,74.5998458862305
23190260,Pluviométrica,Convencional,Santander,Lebrija,7.0797,-73.2136,150,5/15/1967,,Andes,Magdalena Cauca,Medio Magdalena,Río Lebrija y otros directos al Magdalena,10.214545249939,11.6945457458496,12,13,0.971014499664307,0.996376812458038,1,1,1.03999996185303,2013,10,94.6,94.6,98.3839963912964,0,154.64729309082,2013-10-01,122.240905761719,128.293472290039,110.391662597656
23190260,Pluviométrica,Convencional,Santander,Lebrija,7.0797,-73.2136,150,5/15/1967,,Andes,Magdalena Cauca,Medio Magdalena,Río Lebrija y otros directos al Magdalena,10.214545249939,11.6945457458496,12,13,0.971014499664307,0.996376812458038,1,1,1.03999996185303,2013,11,129.8,71.7,74.5679972648621,1,156.795333862305,2013-11-01,133.789825439453,132.036987304688,123.19930267334
23190260,Pluviométrica,Convencional,Santander,Lebrija,7.0797,-73.2136,150,5/15/1967,,Andes,Magdalena Cauca,Medio Magdalena,Río Lebrija y otros directos al Magdalena,10.214545249939,11.6945457458496,12,13,0.971014499664307,0.996376812458038,1,1,1.05999994277954,2013,12,8.5,8.5,9.0099995136261,0,57.0525245666504,2013-12-01,36.5443496704102,42.0161819458008,27.7963199615479
23190260,Pluviométrica,Convencional,Santander,Lebrija,7.0797,-73.2136,150,5/15/1967,,Andes,Magdalena Cauca,Medio Magdalena,Río Lebrija y otros directos al Magdalena,10.214545249939,11.6945457458496,12,13,0.971014499664307,0.996376812458038,1,1,1.07000005245209,2014,01,31.3,31.3,33.4910016417503,0,42.4226684570313,2014-01-01,27.6151294708252,33.1522560119629,26.1222114562988
23190260,Pluviométrica,Convencional,Santander,Lebrija,7.0797,-73.2136,150,5/15/1967,,Andes,Magdalena Cauca,Medio Magdalena,Río Lebrija y otros directos al Magdalena,10.214545249939,11.6945457458496,12,13,0.971014499664307,0.996376812458038,1,1,1.05999994277954,2014,02,33.3,33.3,35.2979980945587,0,100.506774902344,2014-02-01,137.120391845703,102.392288208008,111.402061462402
23190260,Pluviométrica,Convencional,Santander,Lebrija,7.0797,-73.2136,150,5/15/1967,,Andes,Magdalena Cauca,Medio Magdalena,Río Lebrija y otros directos al Magdalena,10.214545249939,11.6945457458496,12,13,0.971014499664307,0.996376812458038,1,1,1.05999994277954,2014,03,73.2,37.6,39.8559978485107,1,68.5040664672852,2014-03-01,69.2626037597656,82.9713134765625,84.7476119995117
23190260,Pluviométrica,Convencional,Santander,Lebrija,7.0797,-73.2136,150,5/15/1967,,Andes,Magdalena Cauca,Medio Magdalena,Río Lebrija y otros directos al Magdalena,10.214545249939,11.6945457458496,12,13,0.971014499664307,0.996376812458038,1,1,1.04999995231628,2014,04,31.4,31.4,32.9699985027313,0,127.786407470703,2014-04-01,110.12149810791,99.4894866943359,98.8354721069336
23190260,Pluviométrica,Convencional,Santander,Lebrija,7.0797,-73.2136,150,5/15/1967,,Andes,Magdalena Cauca,Medio Magdalena,Río Lebrija y otros directos al Magdalena,10.214545249939,11.6945457458496,12,13,0.971014499664307,0.996376812458038,1,1,1.03999996185303,2014,05,53.6,53.6,55.7439979553223,0,118.796051025391,2014-05-01,94.0002899169922,85.5996475219727,74.1348342895508
23190260,Pluviométrica,Convencional,Santander,Lebrija,7.0797,-73.2136,150,5/15/1967,,Andes,Magdalena Cauca,Medio Magdalena,Río Lebrija y otros directos al Magdalena,10.214545249939,11.6945457458496,12,13,0.971014499664307,0.996376812458038,1,1,1.04999995231628,2014,06,31.6,31.6,33.1799984931946,0,124.653274536133,2014-06-01,59.540397644043,75.7769012451172,45.437614440918
23190260,Pluviométrica,Convencional,Santander,Lebrija,7.0797,-73.2136,150,5/15/1967,,Andes,Magdalena Cauca,Medio Magdalena,Río Lebrija y otros directos al Magdalena,10.214545249939,11.6945457458496,12,13,0.971014499664307,0.996376812458038,1,1,1.04999995231628,2014,07,50.8,50.8,53.3399975776672,0,125.526733398438,2014-07-01,78.5169906616211,90.3997039794922,66.1806259155274
23190260,Pluviométrica,Convencional,Santander,Lebrija,7.0797,-73.2136,150,5/15/1967,,Andes,Magdalena Cauca,Medio Magdalena,Río Lebrija y otros directos al Magdalena,10.214545249939,11.6945457458496,12,13,0.971014499664307,0.996376812458038,1,1,1.04999995231628,2014,08,102.1,102.1,107.204995131493,0,130.87776184082,2014-08-01,113.143112182617,121.901840209961,118.566253662109
23190260,Pluviométrica,Convencional,Santander,Lebrija,7.0797,-73.2136,150,5/15/1967,,Andes,Magdalena Cauca,Medio Magdalena,Río Lebrija y otros directos al Magdalena,10.214545249939,11.6945457458496,12,13,0.971014499664307,0.996376812458038,1,1,1.04999995231628,2014,09,46.2,46.2,48.5099977970123,0,113.199592590332,2014-09-01,108.00594329834,98.7712554931641,86.128791809082
23190260,Pluviométrica,Convencional,Santander,Lebrija,7.0797,-73.2136,150,5/15/1967,,Andes,Magdalena Cauca,Medio Magdalena,Río Lebrija y otros directos al Magdalena,10.214545249939,11.6945457458496,12,13,0.971014499664307,0.996376812458038,1,1,1.03999996185303,2014,10,213.1,110.5,114.91999578476,2,198.749755859375,2014-10-01,204.859878540039,239.350738525391,235.799835205078
23190260,Pluviométrica,Convencional,Santander,Lebrija,7.0797,-73.2136,150,5/15/1967,,Andes,Magdalena Cauca,Medio Magdalena,Río Lebrija y otros directos al Magdalena,10.214545249939,11.6945457458496,12,13,0.971014499664307,0.996376812458038,1,1,1.03999996185303,2014,11,134.3,98.5,102.439996242523,1,143.411483764648,2014-11-01,111.222610473633,151.412384033203,142.337875366211
23190260,Pluviométrica,Convencional,Santander,Lebrija,7.0797,-73.2136,150,5/15/1967,,Andes,Magdalena Cauca,Medio Magdalena,Río Lebrija y otros directos al Magdalena,10.214545249939,11.6945457458496,12,13,0.971014499664307,0.996376812458038,1,1,1.05999994277954,2014,12,5.3,5.3,5.61799969673157,0,78.778434753418,2014-12-01,72.2559967041016,45.5743370056152,37.4825134277344
23190260,Pluviométrica,Convencional,Santander,Lebrija,7.0797,-73.2136,150,5/15/1967,,Andes,Magdalena Cauca,Medio Magdalena,Río Lebrija y otros directos al Magdalena,10.214545249939,11.6945457458496,12,13,0.971014499664307,0.996376812458038,1,1,1.07000005245209,2015,01,57.5,57.5,61.525003015995,0,74.6784286499024,2015-01-01,87.1362609863281,52.7126083374024,51.8537521362305
23190260,Pluviométrica,Convencional,Santander,Lebrija,7.0797,-73.2136,150,5/15/1967,,Andes,Magdalena Cauca,Medio Magdalena,Río Lebrija y otros directos al Magdalena,10.214545249939,11.6945457458496,12,13,0.971014499664307,0.996376812458038,1,1,1.05999994277954,2015,02,29.4,29.4,31.1639983177185,0,106.342994689941,2015-02-01,138.338226318359,116.893257141113,108.386520385742
23190260,Pluviométrica,Convencional,Santander,Lebrija,7.0797,-73.2136,150,5/15/1967,,Andes,Magdalena Cauca,Medio Magdalena,Río Lebrija y otros directos al Magdalena,10.214545249939,11.6945457458496,12,13,0.971014499664307,0.996376812458038,1,1,1.05999994277954,2015,03,103.4,103.4,109.603994083405,0,71.7745361328125,2015-03-01,70.4357299804688,96.5008010864258,107.639633178711
23190260,Pluviométrica,Convencional,Santander,Lebrija,7.0797,-73.2136,150,5/15/1967,,Andes,Magdalena Cauca,Medio Magdalena,Río Lebrija y otros directos al Magdalena,10.214545249939,11.6945457458496,12,13,0.971014499664307,0.996376812458038,1,1,1.04999995231628,2015,04,72.5,72.5,76.1249965429306,0,168.566650390625,2015-04-01,161.307891845703,105.375015258789,92.4287261962891
23190260,Pluviométrica,Convencional,Santander,Lebrija,7.0797,-73.2136,150,5/15/1967,,Andes,Magdalena Cauca,Medio Magdalena,Río Lebrija y otros directos al Magdalena,10.214545249939,11.6945457458496,12,13,0.971014499664307,0.996376812458038,1,1,1.03999996185303,2015,05,92.2,92.2,95.8879964828491,0,161.954788208008,2015-05-01,153.961151123047,100.976135253906,129.051376342773
23190260,Pluviométrica,Convencional,Santander,Lebrija,7.0797,-73.2136,150,5/15/1967,,Andes,Magdalena Cauca,Medio Magdalena,Río Lebrija y otros directos al Magdalena,10.214545249939,11.6945457458496,12,13,0.971014499664307,0.996376812458038,1,1,1.04999995231628,2015,06,23.7,23.7,24.8849988698959,0,105.984580993652,2015-06-01,36.9024810791016,47.2015495300293,29.7122859954834
23190260,Pluviométrica,Convencional,Santander,Lebrija,7.0797,-73.2136,150,5/15/1967,,Andes,Magdalena Cauca,Medio Magdalena,Río Lebrija y otros directos al Magdalena,10.214545249939,11.6945457458496,12,13,0.971014499664307,0.996376812458038,1,1,1.04999995231628,2015,07,32,32,33.5999984741211,0,152.927047729492,2015-07-01,133.103118896484,89.1201477050781,77.2761459350586
23190260,Pluviométrica,Convencional,Santander,Lebrija,7.0797,-73.2136,150,5/15/1967,,Andes,Magdalena Cauca,Medio Magdalena,Río Lebrija y otros directos al Magdalena,10.214545249939,11.6945457458496,12,13,0.971014499664307,0.996376812458038,1,1,1.04999995231628,2015,08,123.6,123.6,129.779994106293,0,144.155700683594,2015-08-01,136.838119506836,97.486457824707,115.216011047363
23190260,Pluviométrica,Convencional,Santander,Lebrija,7.0797,-73.2136,150,5/15/1967,,Andes,Magdalena Cauca,Medio Magdalena,Río Lebrija y otros directos al Magdalena,10.214545249939,11.6945457458496,12,13,0.971014499664307,0.996376812458038,1,1,1.04999995231628,2015,09,120.4,34.3,36.0149983644485,2,133.915740966797,2015-09-01,144.000152587891,67.8323211669922,87.9468765258789
23190260,Pluviométrica,Convencional,Santander,Lebrija,7.0797,-73.2136,150,5/15/1967,,Andes,Magdalena Cauca,Medio Magdalena,Río Lebrija y otros directos al Magdalena,10.214545249939,11.6945457458496,12,13,0.971014499664307,0.996376812458038,1,1,1.03999996185303,2015,10,18.5,18.5,19.239999294281,0,173.770782470703,2015-10-01,161.73127746582,53.1987419128418,76.9979553222656
23190260,Pluviométrica,Convencional,Santander,Lebrija,7.0797,-73.2136,150,5/15/1967,,Andes,Magdalena Cauca,Medio Magdalena,Río Lebrija y otros directos al Magdalena,10.214545249939,11.6945457458496,12,13,0.971014499664307,0.996376812458038,1,1,1.03999996185303,2015,11,88.2,88.2,91.727996635437,0,188.618728637695,2015-11-01,178.691390991211,107.976066589355,111.976600646973
23190260,Pluviométrica,Convencional,Santander,Lebrija,7.0797,-73.2136,150,5/15/1967,,Andes,Magdalena Cauca,Medio Magdalena,Río Lebrija y otros directos al Magdalena,10.214545249939,11.6945457458496,12,13,0.971014499664307,0.996376812458038,1,1,1.05999994277954,2015,12,8.8,8.8,9.32799949645996,0,67.5865020751953,2015-12-01,54.4873847961426,23.870288848877,24.0729351043701
23190260,Pluviométrica,Convencional,Santander,Lebrija,7.0797,-73.2136,150,5/15/1967,,Andes,Magdalena Cauca,Medio Magdalena,Río Lebrija y otros directos al Magdalena,10.214545249939,11.6945457458496,12,13,0.971014499664307,0.996376812458038,1,1,1.07000005245209,2016,01,47.8,47.8,51.1460025072098,0,44.4080009460449,2016-01-01,28.9548606872559,51.732795715332,40.4569091796875
23190260,Pluviométrica,Convencional,Santander,Lebrija,7.0797,-73.2136,150,5/15/1967,,Andes,Magdalena Cauca,Medio Magdalena,Río Lebrija y otros directos al Magdalena,10.214545249939,11.6945457458496,12,13,0.971014499664307,0.996376812458038,1,1,1.05999994277954,2016,02,29.6,29.6,31.3759983062744,0,59.3116989135742,2016-02-01,46.6730308532715,47.6492309570313,49.3278388977051
23190260,Pluviométrica,Convencional,Santander,Lebrija,7.0797,-73.2136,150,5/15/1967,,Andes,Magdalena Cauca,Medio Magdalena,Río Lebrija y otros directos al Magdalena,10.214545249939,11.6945457458496,12,13,0.971014499664307,0.996376812458038,1,1,1.05999994277954,2016,03,150.4,42.6,45.1559975624085,2,70.8392333984375,2016-03-01,80.8651351928711,77.0843048095703,115.353576660156
23190260,Pluviométrica,Convencional,Santander,Lebrija,7.0797,-73.2136,150,5/15/1967,,Andes,Magdalena Cauca,Medio Magdalena,Río Lebrija y otros directos al Magdalena,10.214545249939,11.6945457458496,12,13,0.971014499664307,0.996376812458038,1,1,1.04999995231628,2016,04,64.7,64.7,67.9349969148636,0,151.264190673828,2016-04-01,140.826202392578,111.264587402344,130.807769775391
23190260,Pluviométrica,Convencional,Santander,Lebrija,7.0797,-73.2136,150,5/15/1967,,Andes,Magdalena Cauca,Medio Magdalena,Río Lebrija y otros directos al Magdalena,10.214545249939,11.6945457458496,12,13,0.971014499664307,0.996376812458038,1,1,1.03999996185303,2016,05,85,85,88.3999967575073,0,177.822906494141,2016-05-01,174.310424804688,155.900238037109,135.591598510742
23190260,Pluviométrica,Convencional,Santander,Lebrija,7.0797,-73.2136,150,5/15/1967,,Andes,Magdalena Cauca,Medio Magdalena,Río Lebrija y otros directos al Magdalena,10.214545249939,11.6945457458496,12,13,0.971014499664307,0.996376812458038,1,1,1.04999995231628,2016,06,110.2,17.4,18.2699991703033,2,124.902557373047,2016-06-01,68.9502029418945,67.127571105957,62.1210174560547
23190260,Pluviométrica,Convencional,Santander,Lebrija,7.0797,-73.2136,150,5/15/1967,,Andes,Magdalena Cauca,Medio Magdalena,Río Lebrija y otros directos al Magdalena,10.214545249939,11.6945457458496,12,13,0.971014499664307,0.996376812458038,1,1,1.04999995231628,2016,07,71.5,71.5,75.0749965906143,0,132.861145019531,2016-07-01,93.3480453491211,102.549201965332,106.07982635498
23190260,Pluviométrica,Convencional,Santander,Lebrija,7.0797,-73.2136,150,5/15/1967,,Andes,Magdalena Cauca,Medio Magdalena,Río Lebrija y otros directos al Magdalena,10.214545249939,11.6945457458496,12,13,0.971014499664307,0.996376812458038,1,1,1.04999995231628,2016,08,73,73,76.6499965190888,0,141.046463012695,2016-08-01,121.027114868164,70.6608734130859,85.2603988647461
23190260,Pluviométrica,Convencional,Santander,Lebrija,7.0797,-73.2136,150,5/15/1967,,Andes,Magdalena Cauca,Medio Magdalena,Río Lebrija y otros directos al Magdalena,10.214545249939,11.6945457458496,12,13,0.971014499664307,0.996376812458038,1,1,1.04999995231628,2016,09,21.3,21.3,22.3649989843369,0,101.213005065918,2016-09-01,86.6939392089844,52.5273971557617,58.4660148620606
23190260,Pluviométrica,Convencional,Santander,Lebrija,7.0797,-73.2136,150,5/15/1967,,Andes,Magdalena Cauca,Medio Magdalena,Río Lebrija y otros directos al Magdalena,10.214545249939,11.6945457458496,12,13,0.971014499664307,0.996376812458038,1,1,1.03999996185303,2016,10,116,116,120.639995574951,0,172.148681640625,2016-10-01,149.365280151367,138.882507324219,146.40104675293
23190260,Pluviométrica,Convencional,Santander,Lebrija,7.0797,-73.2136,150,5/15/1967,,Andes,Magdalena Cauca,Medio Magdalena,Río Lebrija y otros directos al Magdalena,10.214545249939,11.6945457458496,12,13,0.971014499664307,0.996376812458038,1,1,1.03999996185303,2016,11,114.2,114.2,118.767995643616,0,174.067962646484,2016-11-01,149.380661010742,104.663291931152,130.834259033203
23190260,Pluviométrica,Convencional,Santander,Lebrija,7.0797,-73.2136,150,5/15/1967,,Andes,Magdalena Cauca,Medio Magdalena,Río Lebrija y otros directos al Magdalena,10.214545249939,11.6945457458496,12,13,0.971014499664307,0.996376812458038,1,1,1.05999994277954,2016,12,14.5,14.5,15.3699991703033,0,87.3652420043945,2016-12-01,87.8744583129883,35.9657707214356,46.5040397644043
23190260,Pluviométrica,Convencional,Santander,Lebrija,7.0797,-73.2136,150,5/15/1967,,Andes,Magdalena Cauca,Medio Magdalena,Río Lebrija y otros directos al Magdalena,10.214545249939,11.6945457458496,12,13,0.971014499664307,0.996376812458038,1,1,1.07000005245209,2017,01,10.4,10.4,11.1280005455017,0,56.599250793457,2017-01-01,97.6614761352539,24.3071880340576,47.0337982177734
23190260,Pluviométrica,Convencional,Santander,Lebrija,7.0797,-73.2136,150,5/15/1967,,Andes,Magdalena Cauca,Medio Magdalena,Río Lebrija y otros directos al Magdalena,10.214545249939,11.6945457458496,12,13,0.971014499664307,0.996376812458038,1,1,1.05999994277954,2017,02,16.6,16.6,17.5959990501404,0,36.1006202697754,2017-02-01,9.33103942871094,21.771598815918,12.7357482910156
23190260,Pluviométrica,Convencional,Santander,Lebrija,7.0797,-73.2136,150,5/15/1967,,Andes,Magdalena Cauca,Medio Magdalena,Río Lebrija y otros directos al Magdalena,10.214545249939,11.6945457458496,12,13,0.971014499664307,0.996376812458038,1,1,1.05999994277954,2017,03,281.7,150.1,159.105991411209,3,108.448020935059,2017-03-01,167.103942871094,133.689575195313,191.087020874023
23190260,Pluviométrica,Convencional,Santander,Lebrija,7.0797,-73.2136,150,5/15/1967,,Andes,Magdalena Cauca,Medio Magdalena,Río Lebrija y otros directos al Magdalena,10.214545249939,11.6945457458496,12,13,0.971014499664307,0.996376812458038,1,1,1.04999995231628,2017,04,106.2,106.2,111.509994935989,0,148.626083374023,2017-04-01,134.636322021484,199.897109985352,127.497650146484
23190260,Pluviométrica,Convencional,Santander,Lebrija,7.0797,-73.2136,150,5/15/1967,,Andes,Magdalena Cauca,Medio Magdalena,Río Lebrija y otros directos al Magdalena,10.214545249939,11.6945457458496,12,13,0.971014499664307,0.996376812458038,1,1,1.03999996185303,2017,05,52.3,52.3,54.3919980049133,0,107.368194580078,2017-05-01,82.9341583251953,69.2244186401367,77.477897644043
23190260,Pluviométrica,Convencional,Santander,Lebrija,7.0797,-73.2136,150,5/15/1967,,Andes,Magdalena Cauca,Medio Magdalena,Río Lebrija y otros directos al Magdalena,10.214545249939,11.6945457458496,12,13,0.971014499664307,0.996376812458038,1,1,1.04999995231628,2017,06,149.2,115.8,121.589994478226,1,141.722137451172,2017-06-01,91.8404846191406,106.417701721191,104.488891601563
23190260,Pluviométrica,Convencional,Santander,Lebrija,7.0797,-73.2136,150,5/15/1967,,Andes,Magdalena Cauca,Medio Magdalena,Río Lebrija y otros directos al Magdalena,10.214545249939,11.6945457458496,12,13,0.971014499664307,0.996376812458038,1,1,1.04999995231628,2017,07,68.7,68.7,72.1349967241287,0,123.280479431152,2017-07-01,72.629035949707,73.9354553222656,66.4375534057617
23190260,Pluviométrica,Convencional,Santander,Lebrija,7.0797,-73.2136,150,5/15/1967,,Andes,Magdalena Cauca,Medio Magdalena,Río Lebrija y otros directos al Magdalena,10.214545249939,11.6945457458496,12,13,0.971014499664307,0.996376812458038,1,1,1.04999995231628,2017,08,45.1,45.1,47.3549978494644,0,116.946662902832,2017-08-01,79.7033996582031,68.1482162475586,75.032829284668
23190260,Pluviométrica,Convencional,Santander,Lebrija,7.0797,-73.2136,150,5/15/1967,,Andes,Magdalena Cauca,Medio Magdalena,Río Lebrija y otros directos al Magdalena,10.214545249939,11.6945457458496,12,13,0.971014499664307,0.996376812458038,1,1,1.04999995231628,2017,09,64.1,64.1,67.3049969434738,0,102.659858703613,2017-09-01,90.4785461425781,72.9614562988281,71.1045227050781
23190260,Pluviométrica,Convencional,Santander,Lebrija,7.0797,-73.2136,150,5/15/1967,,Andes,Magdalena Cauca,Medio Magdalena,Río Lebrija y otros directos al Magdalena,10.214545249939,11.6945457458496,12,13,0.971014499664307,0.996376812458038,1,1,1.03999996185303,2017,10,101.8,58.4,60.7359977722168,1,201.935287475586,2017-10-01,204.44612121582,173.444412231445,160.321182250977
23190260,Pluviométrica,Convencional,Santander,Lebrija,7.0797,-73.2136,150,5/15/1967,,Andes,Magdalena Cauca,Medio Magdalena,Río Lebrija y otros directos al Magdalena,10.214545249939,11.6945457458496,12,13,0.971014499664307,0.996376812458038,1,1,1.03999996185303,2017,11,77.5,77.5,80.5999970436096,0,158.275207519531,2017-11-01,131.659469604492,135.93244934082,134.154663085938
23190260,Pluviométrica,Convencional,Santander,Lebrija,7.0797,-73.2136,150,5/15/1967,,Andes,Magdalena Cauca,Medio Magdalena,Río Lebrija y otros directos al Magdalena,10.214545249939,11.6945457458496,12,13,0.971014499664307,0.996376812458038,1,1,1.05999994277954,2017,12,63.5,63.5,67.3099963665009,0,46.4211311340332,2017-12-01,32.6056785583496,80.6358947753906,60.3768882751465
23190260,Pluviométrica,Convencional,Santander,Lebrija,7.0797,-73.2136,150,5/15/1967,,Andes,Magdalena Cauca,Medio Magdalena,Río Lebrija y otros directos al Magdalena,10.214545249939,11.6945457458496,12,13,0.971014499664307,0.996376812458038,1,1,1.07000005245209,2018,01,6.2,6.2,6.63400032520294,0,62.5947189331055,2018-01-01,69.7187957763672,46.900936126709,50.2947845458984
23190260,Pluviométrica,Convencional,Santander,Lebrija,7.0797,-73.2136,150,5/15/1967,,Andes,Magdalena Cauca,Medio Magdalena,Río Lebrija y otros directos al Magdalena,10.214545249939,11.6945457458496,12,13,0.971014499664307,0.996376812458038,1,1,1.05999994277954,2018,02,13.4,13.4,14.2039992332459,0,37.033332824707,2018-02-01,11.337498664856,20.9637451171875,16.0600395202637
23190260,Pluviométrica,Convencional,Santander,Lebrija,7.0797,-73.2136,150,5/15/1967,,Andes,Magdalena Cauca,Medio Magdalena,Río Lebrija y otros directos al Magdalena,10.214545249939,11.6945457458496,12,13,0.971014499664307,0.996376812458038,1,1,1.05999994277954,2018,03,134.6,39.6,41.9759977340698,2,83.9200592041016,2018-03-01,105.018096923828,126.015441894531,153.463363647461
23190260,Pluviométrica,Convencional,Santander,Lebrija,7.0797,-73.2136,150,5/15/1967,,Andes,Magdalena Cauca,Medio Magdalena,Río Lebrija y otros directos al Magdalena,10.214545249939,11.6945457458496,12,13,0.971014499664307,0.996376812458038,1,1,1.04999995231628,2018,04,105.1,105.1,110.354994988441,0,159.399612426758,2018-04-01,156.453979492188,142.164169311523,138.626388549805
23190260,Pluviométrica,Convencional,Santander,Lebrija,7.0797,-73.2136,150,5/15/1967,,Andes,Magdalena Cauca,Medio Magdalena,Río Lebrija y otros directos al Magdalena,10.214545249939,11.6945457458496,12,13,0.971014499664307,0.996376812458038,1,1,1.03999996185303,2018,05,85.2,44.8,46.5919982910156,1,140.722457885742,2018-05-01,124.268707275391,141.133056640625,134.762588500977
23190260,Pluviométrica,Convencional,Santander,Lebrija,7.0797,-73.2136,150,5/15/1967,,Andes,Magdalena Cauca,Medio Magdalena,Río Lebrija y otros directos al Magdalena,10.214545249939,11.6945457458496,12,13,0.971014499664307,0.996376812458038,1,1,1.04999995231628,2018,06,73.8,37.4,39.269998216629,1,125.12557220459,2018-06-01,65.4849319458008,89.450813293457,64.0352096557617
23190260,Pluviométrica,Convencional,Santander,Lebrija,7.0797,-73.2136,150,5/15/1967,,Andes,Magdalena Cauca,Medio Magdalena,Río Lebrija y otros directos al Magdalena,10.214545249939,11.6945457458496,12,13,0.971014499664307,0.996376812458038,1,1,1.04999995231628,2018,07,15.7,15.7,16.4849992513657,0,122.568519592285,2018-07-01,66.3223190307617,102.857139587402,67.5353622436523
23190260,Pluviométrica,Convencional,Santander,Lebrija,7.0797,-73.2136,150,5/15/1967,,Andes,Magdalena Cauca,Medio Magdalena,Río Lebrija y otros directos al Magdalena,10.214545249939,11.6945457458496,12,13,0.971014499664307,0.996376812458038,1,1,1.04999995231628,2018,08,88.4,42.6,44.7299979686737,1,128.385681152344,2018-08-01,104.304183959961,132.199340820313,124.80770111084
23190260,Pluviométrica,Convencional,Santander,Lebrija,7.0797,-73.2136,150,5/15/1967,,Andes,Magdalena Cauca,Medio Magdalena,Río Lebrija y otros directos al Magdalena,10.214545249939,11.6945457458496,12,13,0.971014499664307,0.996376812458038,1,1,1.04999995231628,2018,09,123,86.4,90.719995880127,1,105.067565917969,2018-09-01,91.0510482788086,106.848457336426,91.441650390625
23190260,Pluviométrica,Convencional,Santander,Lebrija,7.0797,-73.2136,150,5/15/1967,,Andes,Magdalena Cauca,Medio Magdalena,Río Lebrija y otros directos al Magdalena,10.214545249939,11.6945457458496,12,13,0.971014499664307,0.996376812458038,1,1,1.03999996185303,2018,10,219.7,123.2,128.127995300293,1,147.329711914063,2018-10-01,114.052520751953,238.504608154297,195.744857788086
23190260,Pluviométrica,Convencional,Santander,Lebrija,7.0797,-73.2136,150,5/15/1967,,Andes,Magdalena Cauca,Medio Magdalena,Río Lebrija y otros directos al Magdalena,10.214545249939,11.6945457458496,12,13,0.971014499664307,0.996376812458038,1,1,1.03999996185303,2018,11,38.2,38.2,39.7279985427856,0,172.74592590332,2018-11-01,156.137725830078,93.5343246459961,100.221740722656
23190260,Pluviométrica,Convencional,Santander,Lebrija,7.0797,-73.2136,150,5/15/1967,,Andes,Magdalena Cauca,Medio Magdalena,Río Lebrija y otros directos al Magdalena,10.214545249939,11.6945457458496,12,13,0.971014499664307,0.996376812458038,1,1,1.05999994277954,2018,12,0,0,0,0,37.0161247253418,2018-12-01,11.8309440612793,19.0842227935791,9.10596084594727
23190260,Pluviométrica,Convencional,Santander,Lebrija,7.0797,-73.2136,150,5/15/1967,,Andes,Magdalena Cauca,Medio Magdalena,Río Lebrija y otros directos al Magdalena,10.214545249939,11.6945457458496,12,13,0.971014499664307,0.996376812458038,1,1,1.07000005245209,2019,01,30.2,30.2,32.314001584053,0,57.8141784667969,2019-01-01,54.7924766540527,60.033878326416,65.8170547485352
23190260,Pluviométrica,Convencional,Santander,Lebrija,7.0797,-73.2136,150,5/15/1967,,Andes,Magdalena Cauca,Medio Magdalena,Río Lebrija y otros directos al Magdalena,10.214545249939,11.6945457458496,12,13,0.971014499664307,0.996376812458038,1,1,1.05999994277954,2019,02,16.1,16.1,17.0659990787506,0,85.5964660644531,2019-02-01,84.1306610107422,44.736213684082,51.6060562133789
23190260,Pluviométrica,Convencional,Santander,Lebrija,7.0797,-73.2136,150,5/15/1967,,Andes,Magdalena Cauca,Medio Magdalena,Río Lebrija y otros directos al Magdalena,10.214545249939,11.6945457458496,12,13,0.971014499664307,0.996376812458038,1,1,1.05999994277954,2019,03,118.2,33,34.9799981117249,1,91.9081039428711,2019-03-01,141.003631591797,136.479339599609,159.003402709961
23190260,Pluviométrica,Convencional,Santander,Lebrija,7.0797,-73.2136,150,5/15/1967,,Andes,Magdalena Cauca,Medio Magdalena,Río Lebrija y otros directos al Magdalena,10.214545249939,11.6945457458496,12,13,0.971014499664307,0.996376812458038,1,1,1.04999995231628,2019,04,191.1,39.4,41.3699981212616,4,115.180625915527,2019-04-01,95.4948577880859,170.130432128906,148.53239440918
23190260,Pluviométrica,Convencional,Santander,Lebrija,7.0797,-73.2136,150,5/15/1967,,Andes,Magdalena Cauca,Medio Magdalena,Río Lebrija y otros directos al Magdalena,10.214545249939,11.6945457458496,12,13,0.971014499664307,0.996376812458038,1,1,1.03999996185303,2019,05,184.3,94,97.7599964141846,2,143.322402954102,2019-05-01,129.0244140625,152.664581298828,149.691925048828
23190260,Pluviométrica,Convencional,Santander,Lebrija,7.0797,-73.2136,150,5/15/1967,,Andes,Magdalena Cauca,Medio Magdalena,Río Lebrija y otros directos al Magdalena,10.214545249939,11.6945457458496,12,13,0.971014499664307,0.996376812458038,1,1,1.04999995231628,2019,06,7.4,7.4,7.7699996471405,0,132.342224121094,2019-06-01,81.9980926513672,74.878662109375,54.4512939453125
23190260,Pluviométrica,Convencional,Santander,Lebrija,7.0797,-73.2136,150,5/15/1967,,Andes,Magdalena Cauca,Medio Magdalena,Río Lebrija y otros directos al Magdalena,10.214545249939,11.6945457458496,12,13,0.971014499664307,0.996376812458038,1,1,1.04999995231628,2019,07,34.5,34.5,36.2249983549118,0,119.043037414551,2019-07-01,67.5177917480469,89.9509048461914,64.5794906616211
23190260,Pluviométrica,Convencional,Santander,Lebrija,7.0797,-73.2136,150,5/15/1967,,Andes,Magdalena Cauca,Medio Magdalena,Río Lebrija y otros directos al Magdalena,10.214545249939,11.6945457458496,12,13,0.971014499664307,0.996376812458038,1,1,1.04999995231628,2019,08,125.7,125.7,131.984994006157,0,113.480041503906,2019-08-01,75.50830078125,110.842384338379,96.3430557250977
23190260,Pluviométrica,Convencional,Santander,Lebrija,7.0797,-73.2136,150,5/15/1967,,Andes,Magdalena Cauca,Medio Magdalena,Río Lebrija y otros directos al Magdalena,10.214545249939,11.6945457458496,12,13,0.971014499664307,0.996376812458038,1,1,1.04999995231628,2019,09,124.5,124.5,130.724994063377,0,128.769714355469,2019-09-01,137.361892700195,116.421508789063,105.483871459961
23190260,Pluviométrica,Convencional,Santander,Lebrija,7.0797,-73.2136,150,5/15/1967,,Andes,Magdalena Cauca,Medio Magdalena,Río Lebrija y otros directos al Magdalena,10.214545249939,11.6945457458496,12,13,0.971014499664307,0.996376812458038,1,1,1.03999996185303,2019,10,44.5,44.5,46.2799983024597,0,159.45166015625,2019-10-01,132.566696166992,149.819473266602,117.199783325195
23190260,Pluviométrica,Convencional,Santander,Lebrija,7.0797,-73.2136,150,5/15/1967,,Andes,Magdalena Cauca,Medio Magdalena,Río Lebrija y otros directos al Magdalena,10.214545249939,11.6945457458496,12,13,0.971014499664307,0.996376812458038,1,1,1.03999996185303,2019,11,163.3,27.3,28.3919989585877,3,158.383773803711,2019-11-01,140.100631713867,146.085098266602,137.135528564453
23190260,Pluviométrica,Convencional,Santander,Lebrija,7.0797,-73.2136,150,5/15/1967,,Andes,Magdalena Cauca,Medio Magdalena,Río Lebrija y otros directos al Magdalena,10.214545249939,11.6945457458496,12,13,0.971014499664307,0.996376812458038,1,1,1.05999994277954,2019,12,25.9,25.9,27.4539985179901,0,81.9447631835938,2019-12-01,109.743583679199,66.2403030395508,74.189567565918
23190260,Pluviométrica,Convencional,Santander,Lebrija,7.0797,-73.2136,150,5/15/1967,,Andes,Magdalena Cauca,Medio Magdalena,Río Lebrija y otros directos al Magdalena,10.214545249939,11.6945457458496,12,13,0.971014499664307,0.996376812458038,1,1,1.07000005245209,2020,01,86.8,53.3,57.0310027956963,1,78.0399780273438,2020-01-01,108.124420166016,109.904960632324,121.833961486816
23190260,Pluviométrica,Convencional,Santander,Lebrija,7.0797,-73.2136,150,5/15/1967,,Andes,Magdalena Cauca,Medio Magdalena,Río Lebrija y otros directos al Magdalena,10.214545249939,11.6945457458496,12,13,0.971014499664307,0.996376812458038,1,1,1.05999994277954,2020,02,92.1,46.4,49.1839973449707,1,58.3909378051758,2020-02-01,42.4609451293945,39.8550338745117,45.8490180969238
23190260,Pluviométrica,Convencional,Santander,Lebrija,7.0797,-73.2136,150,5/15/1967,,Andes,Magdalena Cauca,Medio Magdalena,Río Lebrija y otros directos al Magdalena,10.214545249939,11.6945457458496,12,13,0.971014499664307,0.996376812458038,1,1,1.05999994277954,2020,03,116.9,81.5,86.3899953365326,1,52.2556304931641,2020-03-01,25.5675888061523,124.936378479004,66.4757537841797
23190260,Pluviométrica,Convencional,Santander,Lebrija,7.0797,-73.2136,150,5/15/1967,,Andes,Magdalena Cauca,Medio Magdalena,Río Lebrija y otros directos al Magdalena,10.214545249939,11.6945457458496,12,13,0.971014499664307,0.996376812458038,1,1,1.04999995231628,2020,04,64.4,64.4,67.6199969291687,0,90.3103485107422,2020-04-01,56.889102935791,76.564697265625,65.0589370727539
23190260,Pluviométrica,Convencional,Santander,Lebrija,7.0797,-73.2136,150,5/15/1967,,Andes,Magdalena Cauca,Medio Magdalena,Río Lebrija y otros directos al Magdalena,10.214545249939,11.6945457458496,12,13,0.971014499664307,0.996376812458038,1,1,1.03999996185303,2020,05,57.8,20.3,21.1119992256165,1,126.193542480469,2020-05-01,99.2369766235352,95.6075744628906,86.3711624145508
23190260,Pluviométrica,Convencional,Santander,Lebrija,7.0797,-73.2136,150,5/15/1967,,Andes,Magdalena Cauca,Medio Magdalena,Río Lebrija y otros directos al Magdalena,10.214545249939,11.6945457458496,12,13,0.971014499664307,0.996376812458038,1,1,1.04999995231628,2020,06,49.3,49.3,51.7649976491928,0,124.674011230469,2020-06-01,60.8352012634277,73.2316055297852,52.0807876586914
23190260,Pluviométrica,Convencional,Santander,Lebrija,7.0797,-73.2136,150,5/15/1967,,Andes,Magdalena Cauca,Medio Magdalena,Río Lebrija y otros directos al Magdalena,10.214545249939,11.6945457458496,12,13,0.971014499664307,0.996376812458038,1,1,1.04999995231628,2020,07,62.8,62.8,65.9399970054627,0,115.327575683594,2020-07-01,58.352668762207,102.396797180176,81.3526458740235
23190260,Pluviométrica,Convencional,Santander,Lebrija,7.0797,-73.2136,150,5/15/1967,,Andes,Magdalena Cauca,Medio Magdalena,Río Lebrija y otros directos al Magdalena,10.214545249939,11.6945457458496,12,13,0.971014499664307,0.996376812458038,1,1,1.04999995231628,2020,08,29.7,29.7,31.1849985837936,0,99.8035278320313,2020-08-01,69.3124160766602,91.2939910888672,84.6413497924805
23190260,Pluviométrica,Convencional,Santander,Lebrija,7.0797,-73.2136,150,5/15/1967,,Andes,Magdalena Cauca,Medio Magdalena,Río Lebrija y otros directos al Magdalena,10.214545249939,11.6945457458496,12,13,0.971014499664307,0.996376812458038,1,1,1.04999995231628,2020,09,73.4,73.4,77.0699965000153,0,74.6416015625,2020-09-01,49.4065895080566,82.41845703125,64.5115737915039
23190260,Pluviométrica,Convencional,Santander,Lebrija,7.0797,-73.2136,150,5/15/1967,,Andes,Magdalena Cauca,Medio Magdalena,Río Lebrija y otros directos al Magdalena,10.214545249939,11.6945457458496,12,13,0.971014499664307,0.996376812458038,1,1,1.03999996185303,2020,10,229.5,61.7,64.1679976463318,3,169.947570800781,2020-10-01,155.989929199219,176.923690795898,162.138031005859
23190260,Pluviométrica,Convencional,Santander,Lebrija,7.0797,-73.2136,150,5/15/1967,,Andes,Magdalena Cauca,Medio Magdalena,Río Lebrija y otros directos al Magdalena,10.214545249939,11.6945457458496,12,13,0.971014499664307,0.996376812458038,1,1,1.03999996185303,2020,11,148,112.8,117.311995697021,1,132.294219970703,2020-11-01,97.2866973876953,138.114303588867,131.844375610352
23190260,Pluviométrica,Convencional,Santander,Lebrija,7.0797,-73.2136,150,5/15/1967,,Andes,Magdalena Cauca,Medio Magdalena,Río Lebrija y otros directos al Magdalena,10.214545249939,11.6945457458496,12,13,0.971014499664307,0.996376812458038,1,1,1.05999994277954,2020,12,44.6,44.6,47.2759974479675,0,43.0982398986816,2020-12-01,22.798885345459,39.1801681518555,34.1389770507813
23190260,Pluviométrica,Convencional,Santander,Lebrija,7.0797,-73.2136,150,5/15/1967,,Andes,Magdalena Cauca,Medio Magdalena,Río Lebrija y otros directos al Magdalena,10.214545249939,11.6945457458496,12,13,0.971014499664307,0.996376812458038,1,1,1.07000005245209,2021,01,32,32,34.2400016784668,0,29.3080444335938,2021-01-01,6.56484889984131,15.5249347686768,7.66364812850952
23190260,Pluviométrica,Convencional,Santander,Lebrija,7.0797,-73.2136,150,5/15/1967,,Andes,Magdalena Cauca,Medio Magdalena,Río Lebrija y otros directos al Magdalena,10.214545249939,11.6945457458496,12,13,0.971014499664307,0.996376812458038,1,1,1.05999994277954,2021,02,51.8,51.8,54.9079970359802,0,61.0634307861328,2021-02-01,60.2858085632324,68.2526321411133,78.7744216918945
23190260,Pluviométrica,Convencional,Santander,Lebrija,7.0797,-73.2136,150,5/15/1967,,Andes,Magdalena Cauca,Medio Magdalena,Río Lebrija y otros directos al Magdalena,10.214545249939,11.6945457458496,12,13,0.971014499664307,0.996376812458038,1,1,1.05999994277954,2021,03,105.6,105.6,111.93599395752,0,81.1263656616211,2021-03-01,97.3936462402344,96.0007934570313,101.138778686523
23190260,Pluviométrica,Convencional,Santander,Lebrija,7.0797,-73.2136,150,5/15/1967,,Andes,Magdalena Cauca,Medio Magdalena,Río Lebrija y otros directos al Magdalena,10.214545249939,11.6945457458496,12,13,0.971014499664307,0.996376812458038,1,1,1.04999995231628,2021,04,171.4,171.4,179.969991827011,0,142.471923828125,2021-04-01,129.964965820313,132.016021728516,101.752433776855
23190260,Pluviométrica,Convencional,Santander,Lebrija,7.0797,-73.2136,150,5/15/1967,,Andes,Magdalena Cauca,Medio Magdalena,Río Lebrija y otros directos al Magdalena,10.214545249939,11.6945457458496,12,13,0.971014499664307,0.996376812458038,1,1,1.03999996185303,2021,05,62.1,62.1,64.583997631073,0,103.43871307373,2021-05-01,72.6728668212891,103.43871307373,78.5138702392578
23190260,Pluviométrica,Convencional,Santander,Lebrija,7.0797,-73.2136,150,5/15/1967,,Andes,Magdalena Cauca,Medio Magdalena,Río Lebrija y otros directos al Magdalena,10.214545249939,11.6945457458496,12,13,0.971014499664307,0.996376812458038,1,1,1.04999995231628,2021,06,99.5,99.5,104.47499525547,0,160.583068847656,2021-06-01,122.961952209473,112.244132995605,102.647476196289
23190260,Pluviométrica,Convencional,Santander,Lebrija,7.0797,-73.2136,150,5/15/1967,,Andes,Magdalena Cauca,Medio Magdalena,Río Lebrija y otros directos al Magdalena,10.214545249939,11.6945457458496,12,13,0.971014499664307,0.996376812458038,1,1,1.04999995231628,2021,07,98.7,98.7,103.634995293617,0,123.04029083252,2021-07-01,80.5343246459961,124.383331298828,96.1560516357422
23190260,Pluviométrica,Convencional,Santander,Lebrija,7.0797,-73.2136,150,5/15/1967,,Andes,Magdalena Cauca,Medio Magdalena,Río Lebrija y otros directos al Magdalena,10.214545249939,11.6945457458496,12,13,0.971014499664307,0.996376812458038,1,1,1.04999995231628,2021,08,236.5,147.8,155.189992952347,2,104.777214050293,2021-08-01,64.9047546386719,104.777214050293,143.827606201172
23190260,Pluviométrica,Convencional,Santander,Lebrija,7.0797,-73.2136,150,5/15/1967,,Andes,Magdalena Cauca,Medio Magdalena,Río Lebrija y otros directos al Magdalena,10.214545249939,11.6945457458496,12,13,0.971014499664307,0.996376812458038,1,1,1.04999995231628,2021,09,125.9,69.1,72.5549967050552,1,74.8050231933594,2021-09-01,40.1173667907715,131.952056884766,82.0740356445313
23190260,Pluviométrica,Convencional,Santander,Lebrija,7.0797,-73.2136,150,5/15/1967,,Andes,Magdalena Cauca,Medio Magdalena,Río Lebrija y otros directos al Magdalena,10.214545249939,11.6945457458496,12,13,0.971014499664307,0.996376812458038,1,1,1.03999996185303,2021,10,99.8,99.8,103.791996192932,0,160.199172973633,2021-10-01,133.87956237793,97.8131103515625,88.5657806396485
23190260,Pluviométrica,Convencional,Santander,Lebrija,7.0797,-73.2136,150,5/15/1967,,Andes,Magdalena Cauca,Medio Magdalena,Río Lebrija y otros directos al Magdalena,10.214545249939,11.6945457458496,12,13,0.971014499664307,0.996376812458038,1,1,1.03999996185303,2021,11,68.5,68.5,71.2399973869324,0,116.375549316406,2021-11-01,74.9073257446289,114.031150817871,89.9373092651367
23190260,Pluviométrica,Convencional,Santander,Lebrija,7.0797,-73.2136,150,5/15/1967,,Andes,Magdalena Cauca,Medio Magdalena,Río Lebrija y otros directos al Magdalena,10.214545249939,11.6945457458496,12,13,0.971014499664307,0.996376812458038,1,1,1.05999994277954,2021,12,92.2,8.6,9.11599950790405,2,52.1635589599609,2021-12-01,34.1580963134766,156.490676879883,57.9017639160156
23190260,Pluviométrica,Convencional,Santander,Lebrija,7.0797,-73.2136,150,5/15/1967,,Andes,Magdalena Cauca,Medio Magdalena,Río Lebrija y otros directos al Magdalena,10.214545249939,11.6945457458496,12,13,0.971014499664307,0.996376812458038,1,1,1.07000005245209,2022,01,137.7,75.5,80.7850039601326,1,45.3527946472168,2022-01-01,35.2980003356934,70.8375625610352,57.569766998291
23190260,Pluviométrica,Convencional,Santander,Lebrija,7.0797,-73.2136,150,5/15/1967,,Andes,Magdalena Cauca,Medio Magdalena,Río Lebrija y otros directos al Magdalena,10.214545249939,11.6945457458496,12,13,0.971014499664307,0.996376812458038,1,1,1.05999994277954,2022,02,115,115,121.899993419647,0,63.1664657592773,2022-02-01,70.1152648925781,113.035034179688,120.008422851563
23190260,Pluviométrica,Convencional,Santander,Lebrija,7.0797,-73.2136,150,5/15/1967,,Andes,Magdalena Cauca,Medio Magdalena,Río Lebrija y otros directos al Magdalena,10.214545249939,11.6945457458496,12,13,0.971014499664307,0.996376812458038,1,1,1.05999994277954,2022,03,186.8,186.8,198.007989311218,0,78.7010040283203,2022-03-01,91.6218643188477,110.255424499512,107.873519897461
23190260,Pluviométrica,Convencional,Santander,Lebrija,7.0797,-73.2136,150,5/15/1967,,Andes,Magdalena Cauca,Medio Magdalena,Río Lebrija y otros directos al Magdalena,10.214545249939,11.6945457458496,12,13,0.971014499664307,0.996376812458038,1,1,1.04999995231628,2022,04,280.6,134.6,141.329993581772,3,127.537475585938,2022-04-01,109.329139709473,193.16130065918,211.880493164063
23190260,Pluviométrica,Convencional,Santander,Lebrija,7.0797,-73.2136,150,5/15/1967,,Andes,Magdalena Cauca,Medio Magdalena,Río Lebrija y otros directos al Magdalena,10.214545249939,11.6945457458496,12,13,0.971014499664307,0.996376812458038,1,1,1.03999996185303,2022,05,139.1,139.1,144.663994693756,0,141.212066650391,2022-05-01,127.985786437988,117.523635864258,106.339218139648
23190260,Pluviométrica,Convencional,Santander,Lebrija,7.0797,-73.2136,150,5/15/1967,,Andes,Magdalena Cauca,Medio Magdalena,Río Lebrija y otros directos al Magdalena,10.214545249939,11.6945457458496,12,13,0.971014499664307,0.996376812458038,1,1,1.04999995231628,2022,06,35.9,35.9,37.6949982881546,0,119.500427246094,2022-06-01,55.643238067627,118.590469360352,77.2078475952149
23190260,Pluviométrica,Convencional,Santander,Lebrija,7.0797,-73.2136,150,5/15/1967,,Andes,Magdalena Cauca,Medio Magdalena,Río Lebrija y otros directos al Magdalena,10.214545249939,11.6945457458496,12,13,0.971014499664307,0.996376812458038,1,1,1.04999995231628,2022,07,62.8,20.8,21.8399990081787,1,107.287651062012,2022-07-01,41.0595092773438,100.295654296875,73.5775527954102
23190260,Pluviométrica,Convencional,Santander,Lebrija,7.0797,-73.2136,150,5/15/1967,,Andes,Magdalena Cauca,Medio Magdalena,Río Lebrija y otros directos al Magdalena,10.214545249939,11.6945457458496,12,13,0.971014499664307,0.996376812458038,1,1,1.04999995231628,2022,08,82,82,86.0999960899353,0,116.353530883789,2022-08-01,81.9241638183594,149.772155761719,159.411544799805
23190260,Pluviométrica,Convencional,Santander,Lebrija,7.0797,-73.2136,150,5/15/1967,,Andes,Magdalena Cauca,Medio Magdalena,Río Lebrija y otros directos al Magdalena,10.214545249939,11.6945457458496,12,13,0.971014499664307,0.996376812458038,1,1,1.04999995231628,2022,09,66.3,66.3,69.6149968385696,0,89.0617828369141,2022-09-01,65.6696319580078,122.880470275879,101.720809936523
23190260,Pluviométrica,Convencional,Santander,Lebrija,7.0797,-73.2136,150,5/15/1967,,Andes,Magdalena Cauca,Medio Magdalena,Río Lebrija y otros directos al Magdalena,10.214545249939,11.6945457458496,12,13,0.971014499664307,0.996376812458038,1,1,1.03999996185303,2022,10,300.8,115.3,119.911995601654,3,183.76318359375,2022-10-01,184.544982910156,310.657043457031,274.576507568359
23190260,Pluviométrica,Convencional,Santander,Lebrija,7.0797,-73.2136,150,5/15/1967,,Andes,Magdalena Cauca,Medio Magdalena,Río Lebrija y otros directos al Magdalena,10.214545249939,11.6945457458496,12,13,0.971014499664307,0.996376812458038,1,1,1.03999996185303,2022,11,75.6,75.6,78.6239971160889,0,145.950378417969,2022-11-01,117.676681518555,117.866256713867,101.008735656738
23190260,Pluviométrica,Convencional,Santander,Lebrija,7.0797,-73.2136,150,5/15/1967,,Andes,Magdalena Cauca,Medio Magdalena,Río Lebrija y otros directos al Magdalena,10.214545249939,11.6945457458496,12,13,0.971014499664307,0.996376812458038,1,1,1.05999994277954,2022,12,83.1,83.1,88.0859952449799,0,36.5612449645996,2022-12-01,11.7732782363892,39.0289764404297,25.2153148651123
23190260,Pluviométrica,Convencional,Santander,Lebrija,7.0797,-73.2136,150,5/15/1967,,Andes,Magdalena Cauca,Medio Magdalena,Río Lebrija y otros directos al Magdalena,10.214545249939,11.6945457458496,12,13,0.971014499664307,0.996376812458038,1,1,1.07000005245209,2023,01,67.1,67.1,71.7970035195351,0,75.9042129516602,2023-01-01,80.4895172119141,119.142883300781,99.3826217651367
23190260,Pluviométrica,Convencional,Santander,Lebrija,7.0797,-73.2136,150,5/15/1967,,Andes,Magdalena Cauca,Medio Magdalena,Río Lebrija y otros directos al Magdalena,10.214545249939,11.6945457458496,12,13,0.971014499664307,0.996376812458038,1,1,1.05999994277954,2023,02,74.7,41.3,43.777997636795,1,55.9273796081543,2023-02-01,40.0249977111816,64.3066177368164,58.7488632202149
23190260,Pluviométrica,Convencional,Santander,Lebrija,7.0797,-73.2136,150,5/15/1967,,Andes,Magdalena Cauca,Medio Magdalena,Río Lebrija y otros directos al Magdalena,10.214545249939,11.6945457458496,12,13,0.971014499664307,0.996376812458038,1,1,1.05999994277954,2023,03,113.8,113.8,120.627993488312,0,84.9169540405273,2023-03-01,113.536071777344,147.862213134766,137.282562255859
23190260,Pluviométrica,Convencional,Santander,Lebrija,7.0797,-73.2136,150,5/15/1967,,Andes,Magdalena Cauca,Medio Magdalena,Río Lebrija y otros directos al Magdalena,10.214545249939,11.6945457458496,12,13,0.971014499664307,0.996376812458038,1,1,1.04999995231628,2023,04,246.5,207.9,218.294990086555,1,141.748107910156,2023-04-01,124.806503295898,156.72509765625,143.763671875
23190260,Pluviométrica,Convencional,Santander,Lebrija,7.0797,-73.2136,150,5/15/1967,,Andes,Magdalena Cauca,Medio Magdalena,Río Lebrija y otros directos al Magdalena,10.214545249939,11.6945457458496,12,13,0.971014499664307,0.996376812458038,1,1,1.03999996185303,2023,05,96,60.6,63.0239976882935,1,124.475143432617,2023-05-01,111.930473327637,130.916854858398,116.268852233887
23190260,Pluviométrica,Convencional,Santander,Lebrija,7.0797,-73.2136,150,5/15/1967,,Andes,Magdalena Cauca,Medio Magdalena,Río Lebrija y otros directos al Magdalena,10.214545249939,11.6945457458496,12,13,0.971014499664307,0.996376812458038,1,1,1.04999995231628,2023,06,121,48.4,50.8199976921082,1,134.797958374023,2023-06-01,87.3989105224609,158.685607910156,122.039978027344
23190260,Pluviométrica,Convencional,Santander,Lebrija,7.0797,-73.2136,150,5/15/1967,,Andes,Magdalena Cauca,Medio Magdalena,Río Lebrija y otros directos al Magdalena,10.214545249939,11.6945457458496,12,13,0.971014499664307,0.996376812458038,1,1,1.04999995231628,2023,07,34.7,34.7,36.4349983453751,0,136.253067016602,2023-07-01,98.2747497558594,104.184349060059,81.8565292358399
23190260,Pluviométrica,Convencional,Santander,Lebrija,7.0797,-73.2136,150,5/15/1967,,Andes,Magdalena Cauca,Medio Magdalena,Río Lebrija y otros directos al Magdalena,10.214545249939,11.6945457458496,12,13,0.971014499664307,0.996376812458038,1,1,1.04999995231628,2023,08,168.7,62.6,65.7299970149994,1,102.265327453613,2023-08-01,61.8595008850098,108.734916687012,94.468620300293
23190260,Pluviométrica,Convencional,Santander,Lebrija,7.0797,-73.2136,150,5/15/1967,,Andes,Magdalena Cauca,Medio Magdalena,Río Lebrija y otros directos al Magdalena,10.214545249939,11.6945457458496,12,13,0.971014499664307,0.996376812458038,1,1,1.04999995231628,2023,09,32.7,32.7,34.3349984407425,0,81.3399658203125,2023-09-01,54.7040328979492,56.8834457397461,40.0658721923828
23190260,Pluviométrica,Convencional,Santander,Lebrija,7.0797,-73.2136,150,5/15/1967,,Andes,Magdalena Cauca,Medio Magdalena,Río Lebrija y otros directos al Magdalena,10.214545249939,11.6945457458496,12,13,0.971014499664307,0.996376812458038,1,1,1.03999996185303,2023,10,86.9,38.7,40.2479985237122,1,165.063339233398,2023-10-01,147.924713134766,160.976440429688,142.226867675781
23190260,Pluviométrica,Convencional,Santander,Lebrija,7.0797,-73.2136,150,5/15/1967,,Andes,Magdalena Cauca,Medio Magdalena,Río Lebrija y otros directos al Magdalena,10.214545249939,11.6945457458496,12,13,0.971014499664307,0.996376812458038,1,1,1.03999996185303,2023,11,104.3,104.3,108.471996021271,0,164.679641723633,2023-11-01,144.928558349609,118.351982116699,107.546737670898
23190260,Pluviométrica,Convencional,Santander,Lebrija,7.0797,-73.2136,150,5/15/1967,,Andes,Magdalena Cauca,Medio Magdalena,Río Lebrija y otros directos al Magdalena,10.214545249939,11.6945457458496,12,13,0.971014499664307,0.996376812458038,1,1,1.05999994277954,2023,12,5.2,5.2,5.51199970245361,0,60.8871650695801,2023-12-01,45.6143951416016,33.4097900390625,27.1978931427002
