gauge_code,category,tecnology,state,municipality,latitude,longitude,elevation,instalation_date,suspention_date,nat_region,hidrographic_area,hidrographic_zone,hidrographic_subzone,mean_gauges_v2,mean_gauges_v3,max_gauges_v2,max_gauges_v3,mean_gauges_v2_005,mean_gauges_v3_005,max_gauges_v2_005,max_gauges_v3_005,factor,year,month,pcp_ideam,pcp_ideam_flag,pcp_ideam_flag_scale,na_count_ideam,chirpv2,date,chirpv3,chirpsv2,chirpsv3
25021330,Pluviométrica,Convencional,Bolívar,Mompós,9.1154,-74.6135,20,10/15/1976,,Caribe,Magdalena Cauca,Bajo Magdalena,Directos Bajo Magdalena entre El Banco y El Plato,3.24727272987366,4.5381817817688,6,6,0.539855062961578,0.786231875419617,1,1,1.13999998569489,2001,01,19,19,21.6599997282028,0,9.69874382019043,2001-01-01,9.32741355895996,8.20567321777344,9.82711696624756
25021330,Pluviométrica,Convencional,Bolívar,Mompós,9.1154,-74.6135,20,10/15/1976,,Caribe,Magdalena Cauca,Bajo Magdalena,Directos Bajo Magdalena entre El Banco y El Plato,3.24727272987366,4.5381817817688,6,6,0.539855062961578,0.786231875419617,1,1,1.14999997615814,2001,02,0,0,0,0,10.5381088256836,2001-02-01,3.91070771217346,5.78454780578613,2.73402738571167
25021330,Pluviométrica,Convencional,Bolívar,Mompós,9.1154,-74.6135,20,10/15/1976,,Caribe,Magdalena Cauca,Bajo Magdalena,Directos Bajo Magdalena entre El Banco y El Plato,3.24727272987366,4.5381817817688,6,6,0.539855062961578,0.786231875419617,1,1,1.12999999523163,2001,03,63,63,71.1899996995926,3,23.2403678894043,2001-03-01,13.8154850006104,31.009952545166,23.1479225158691
25021330,Pluviométrica,Convencional,Bolívar,Mompós,9.1154,-74.6135,20,10/15/1976,,Caribe,Magdalena Cauca,Bajo Magdalena,Directos Bajo Magdalena entre El Banco y El Plato,3.24727272987366,4.5381817817688,6,6,0.539855062961578,0.786231875419617,1,1,1.0900000333786,2001,04,12,12,13.0800004005432,0,90.3232421875,2001-04-01,123.649139404297,34.668083190918,55.9952507019043
25021330,Pluviométrica,Convencional,Bolívar,Mompós,9.1154,-74.6135,20,10/15/1976,,Caribe,Magdalena Cauca,Bajo Magdalena,Directos Bajo Magdalena entre El Banco y El Plato,3.24727272987366,4.5381817817688,6,6,0.539855062961578,0.786231875419617,1,1,1.05999994277954,2001,05,334,334,354.039980888367,0,108.882965087891,2001-05-01,215.702545166016,193.129699707031,246.318817138672
25021330,Pluviométrica,Convencional,Bolívar,Mompós,9.1154,-74.6135,20,10/15/1976,,Caribe,Magdalena Cauca,Bajo Magdalena,Directos Bajo Magdalena entre El Banco y El Plato,3.24727272987366,4.5381817817688,6,6,0.539855062961578,0.786231875419617,1,1,1.05999994277954,2001,06,30,30,31.7999982833862,0,171.902542114258,2001-06-01,196.799407958984,91.819091796875,105.927803039551
25021330,Pluviométrica,Convencional,Bolívar,Mompós,9.1154,-74.6135,20,10/15/1976,,Caribe,Magdalena Cauca,Bajo Magdalena,Directos Bajo Magdalena entre El Banco y El Plato,3.24727272987366,4.5381817817688,6,6,0.539855062961578,0.786231875419617,1,1,1.05999994277954,2001,07,95,95,100.699994564056,0,175.838668823242,2001-07-01,198.144821166992,122.594734191895,123.307144165039
25021330,Pluviométrica,Convencional,Bolívar,Mompós,9.1154,-74.6135,20,10/15/1976,,Caribe,Magdalena Cauca,Bajo Magdalena,Directos Bajo Magdalena entre El Banco y El Plato,3.24727272987366,4.5381817817688,6,6,0.539855062961578,0.786231875419617,1,1,1.05999994277954,2001,08,101,101,107.059994220734,0,127.166557312012,2001-08-01,169.62028503418,136.915679931641,151.351531982422
25021330,Pluviométrica,Convencional,Bolívar,Mompós,9.1154,-74.6135,20,10/15/1976,,Caribe,Magdalena Cauca,Bajo Magdalena,Directos Bajo Magdalena entre El Banco y El Plato,3.24727272987366,4.5381817817688,6,6,0.539855062961578,0.786231875419617,1,1,1.04999995231628,2001,09,327,327,343.349984407425,0,230.199859619141,2001-09-01,289.289520263672,328.521484375,318.318603515625
25021330,Pluviométrica,Convencional,Bolívar,Mompós,9.1154,-74.6135,20,10/15/1976,,Caribe,Magdalena Cauca,Bajo Magdalena,Directos Bajo Magdalena entre El Banco y El Plato,3.24727272987366,4.5381817817688,6,6,0.539855062961578,0.786231875419617,1,1,1.04999995231628,2001,10,152,152,159.599992752075,0,217.559020996094,2001-10-01,205.537750244141,186.117889404297,169.183746337891
25021330,Pluviométrica,Convencional,Bolívar,Mompós,9.1154,-74.6135,20,10/15/1976,,Caribe,Magdalena Cauca,Bajo Magdalena,Directos Bajo Magdalena entre El Banco y El Plato,3.24727272987366,4.5381817817688,6,6,0.539855062961578,0.786231875419617,1,1,1.05999994277954,2001,11,55,55,58.2999968528748,0,115.124923706055,2001-11-01,163.070892333984,157.868850708008,184.326416015625
25021330,Pluviométrica,Convencional,Bolívar,Mompós,9.1154,-74.6135,20,10/15/1976,,Caribe,Magdalena Cauca,Bajo Magdalena,Directos Bajo Magdalena entre El Banco y El Plato,3.24727272987366,4.5381817817688,6,6,0.539855062961578,0.786231875419617,1,1,1.11000001430511,2001,12,44,44,48.8400006294251,0,74.2881164550781,2001-12-01,200.740814208984,93.0945205688477,139.264404296875
25021330,Pluviométrica,Convencional,Bolívar,Mompós,9.1154,-74.6135,20,10/15/1976,,Caribe,Magdalena Cauca,Bajo Magdalena,Directos Bajo Magdalena entre El Banco y El Plato,3.24727272987366,4.5381817817688,6,6,0.539855062961578,0.786231875419617,1,1,1.13999998569489,2002,01,0,0,0,0,7.88818454742432,2002-01-01,2.21615982055664,5.26126480102539,2.35980844497681
25021330,Pluviométrica,Convencional,Bolívar,Mompós,9.1154,-74.6135,20,10/15/1976,,Caribe,Magdalena Cauca,Bajo Magdalena,Directos Bajo Magdalena entre El Banco y El Plato,3.24727272987366,4.5381817817688,6,6,0.539855062961578,0.786231875419617,1,1,1.14999997615814,2002,02,12,12,13.7999997138977,0,9.79471015930176,2002-02-01,3.23679256439209,6.36048460006714,2.63528871536255
25021330,Pluviométrica,Convencional,Bolívar,Mompós,9.1154,-74.6135,20,10/15/1976,,Caribe,Magdalena Cauca,Bajo Magdalena,Directos Bajo Magdalena entre El Banco y El Plato,3.24727272987366,4.5381817817688,6,6,0.539855062961578,0.786231875419617,1,1,1.12999999523163,2002,03,102,102,115.259999513626,0,28.5984058380127,2002-03-01,33.6453323364258,48.849781036377,53.7934303283691
25021330,Pluviométrica,Convencional,Bolívar,Mompós,9.1154,-74.6135,20,10/15/1976,,Caribe,Magdalena Cauca,Bajo Magdalena,Directos Bajo Magdalena entre El Banco y El Plato,3.24727272987366,4.5381817817688,6,6,0.539855062961578,0.786231875419617,1,1,1.0900000333786,2002,04,169,169,184.210005640984,0,92.6762924194336,2002-04-01,124.108123779297,119.37629699707,150.570236206055
25021330,Pluviométrica,Convencional,Bolívar,Mompós,9.1154,-74.6135,20,10/15/1976,,Caribe,Magdalena Cauca,Bajo Magdalena,Directos Bajo Magdalena entre El Banco y El Plato,3.24727272987366,4.5381817817688,6,6,0.539855062961578,0.786231875419617,1,1,1.05999994277954,2002,05,350,350,370.999979972839,0,102.26953125,2002-05-01,195.108245849609,197.843811035156,246.837692260742
25021330,Pluviométrica,Convencional,Bolívar,Mompós,9.1154,-74.6135,20,10/15/1976,,Caribe,Magdalena Cauca,Bajo Magdalena,Directos Bajo Magdalena entre El Banco y El Plato,3.24727272987366,4.5381817817688,6,6,0.539855062961578,0.786231875419617,1,1,1.05999994277954,2002,06,289,289,306.339983463287,0,183.566772460938,2002-06-01,213.632263183594,245.438003540039,279.730041503906
25021330,Pluviométrica,Convencional,Bolívar,Mompós,9.1154,-74.6135,20,10/15/1976,,Caribe,Magdalena Cauca,Bajo Magdalena,Directos Bajo Magdalena entre El Banco y El Plato,3.24727272987366,4.5381817817688,6,6,0.539855062961578,0.786231875419617,1,1,1.05999994277954,2002,07,20,20,21.1999988555908,0,168.310089111328,2002-07-01,186.492065429688,74.1647796630859,84.2253723144531
25021330,Pluviométrica,Convencional,Bolívar,Mompós,9.1154,-74.6135,20,10/15/1976,,Caribe,Magdalena Cauca,Bajo Magdalena,Directos Bajo Magdalena entre El Banco y El Plato,3.24727272987366,4.5381817817688,6,6,0.539855062961578,0.786231875419617,1,1,1.05999994277954,2002,08,144,144,152.639991760254,0,148.569763183594,2002-08-01,197.071746826172,129.809936523438,144.632293701172
25021330,Pluviométrica,Convencional,Bolívar,Mompós,9.1154,-74.6135,20,10/15/1976,,Caribe,Magdalena Cauca,Bajo Magdalena,Directos Bajo Magdalena entre El Banco y El Plato,3.24727272987366,4.5381817817688,6,6,0.539855062961578,0.786231875419617,1,1,1.04999995231628,2002,09,174,174,182.699991703033,0,210.626983642578,2002-09-01,256.335235595703,247.465057373047,238.593490600586
25021330,Pluviométrica,Convencional,Bolívar,Mompós,9.1154,-74.6135,20,10/15/1976,,Caribe,Magdalena Cauca,Bajo Magdalena,Directos Bajo Magdalena entre El Banco y El Plato,3.24727272987366,4.5381817817688,6,6,0.539855062961578,0.786231875419617,1,1,1.04999995231628,2002,10,174,174,182.699991703033,0,249.627685546875,2002-10-01,244.078079223633,199.721588134766,184.558380126953
25021330,Pluviométrica,Convencional,Bolívar,Mompós,9.1154,-74.6135,20,10/15/1976,,Caribe,Magdalena Cauca,Bajo Magdalena,Directos Bajo Magdalena entre El Banco y El Plato,3.24727272987366,4.5381817817688,6,6,0.539855062961578,0.786231875419617,1,1,1.05999994277954,2002,11,95,95,100.699994564056,0,102.090560913086,2002-11-01,141.383880615234,130.965209960938,152.548400878906
25021330,Pluviométrica,Convencional,Bolívar,Mompós,9.1154,-74.6135,20,10/15/1976,,Caribe,Magdalena Cauca,Bajo Magdalena,Directos Bajo Magdalena entre El Banco y El Plato,3.24727272987366,4.5381817817688,6,6,0.539855062961578,0.786231875419617,1,1,1.11000001430511,2002,12,58,58,64.3800008296967,0,12.0009136199951,2002-12-01,24.279764175415,17.771183013916,51.9536895751953
25021330,Pluviométrica,Convencional,Bolívar,Mompós,9.1154,-74.6135,20,10/15/1976,,Caribe,Magdalena Cauca,Bajo Magdalena,Directos Bajo Magdalena entre El Banco y El Plato,3.24727272987366,4.5381817817688,6,6,0.539855062961578,0.786231875419617,1,1,1.13999998569489,2003,01,1,1,1.13999998569489,0,7.58000659942627,2003-01-01,0.297068893909454,5.26719427108765,0.340739190578461
25021330,Pluviométrica,Convencional,Bolívar,Mompós,9.1154,-74.6135,20,10/15/1976,,Caribe,Magdalena Cauca,Bajo Magdalena,Directos Bajo Magdalena entre El Banco y El Plato,3.24727272987366,4.5381817817688,6,6,0.539855062961578,0.786231875419617,1,1,1.14999997615814,2003,02,0,0,0,0,14.4237775802612,2003-02-01,15.7051630020142,7.15045213699341,7.95108556747437
25021330,Pluviométrica,Convencional,Bolívar,Mompós,9.1154,-74.6135,20,10/15/1976,,Caribe,Magdalena Cauca,Bajo Magdalena,Directos Bajo Magdalena entre El Banco y El Plato,3.24727272987366,4.5381817817688,6,6,0.539855062961578,0.786231875419617,1,1,1.12999999523163,2003,03,43,43,48.58999979496,0,23.7955455780029,2003-03-01,22.1004238128662,27.659257888794,29.0192470550537
25021330,Pluviométrica,Convencional,Bolívar,Mompós,9.1154,-74.6135,20,10/15/1976,,Caribe,Magdalena Cauca,Bajo Magdalena,Directos Bajo Magdalena entre El Banco y El Plato,3.24727272987366,4.5381817817688,6,6,0.539855062961578,0.786231875419617,1,1,1.0900000333786,2003,04,126,126,137.340004205704,0,107.414527893066,2003-04-01,146.613861083984,102.14924621582,130.296752929688
25021330,Pluviométrica,Convencional,Bolívar,Mompós,9.1154,-74.6135,20,10/15/1976,,Caribe,Magdalena Cauca,Bajo Magdalena,Directos Bajo Magdalena entre El Banco y El Plato,3.24727272987366,4.5381817817688,6,6,0.539855062961578,0.786231875419617,1,1,1.05999994277954,2003,05,243,243,257.579986095428,0,156.462295532227,2003-05-01,341.457855224609,149.843963623047,205.592041015625
25021330,Pluviométrica,Convencional,Bolívar,Mompós,9.1154,-74.6135,20,10/15/1976,,Caribe,Magdalena Cauca,Bajo Magdalena,Directos Bajo Magdalena entre El Banco y El Plato,3.24727272987366,4.5381817817688,6,6,0.539855062961578,0.786231875419617,1,1,1.05999994277954,2003,06,221,221,234.259987354279,0,259.8447265625,2003-06-01,312.049865722656,257.152099609375,297.106750488281
25021330,Pluviométrica,Convencional,Bolívar,Mompós,9.1154,-74.6135,20,10/15/1976,,Caribe,Magdalena Cauca,Bajo Magdalena,Directos Bajo Magdalena entre El Banco y El Plato,3.24727272987366,4.5381817817688,6,6,0.539855062961578,0.786231875419617,1,1,1.05999994277954,2003,07,158,158,167.479990959167,0,210.522552490234,2003-07-01,237.472457885742,215.429840087891,215.989288330078
25021330,Pluviométrica,Convencional,Bolívar,Mompós,9.1154,-74.6135,20,10/15/1976,,Caribe,Magdalena Cauca,Bajo Magdalena,Directos Bajo Magdalena entre El Banco y El Plato,3.24727272987366,4.5381817817688,6,6,0.539855062961578,0.786231875419617,1,1,1.05999994277954,2003,08,77,77,81.6199955940247,0,148.065444946289,2003-08-01,198.761978149414,98.0254821777344,111.712074279785
25021330,Pluviométrica,Convencional,Bolívar,Mompós,9.1154,-74.6135,20,10/15/1976,,Caribe,Magdalena Cauca,Bajo Magdalena,Directos Bajo Magdalena entre El Banco y El Plato,3.24727272987366,4.5381817817688,6,6,0.539855062961578,0.786231875419617,1,1,1.04999995231628,2003,09,307,307,322.349985361099,0,201.051727294922,2003-09-01,244.244857788086,274.0400390625,267.676788330078
25021330,Pluviométrica,Convencional,Bolívar,Mompós,9.1154,-74.6135,20,10/15/1976,,Caribe,Magdalena Cauca,Bajo Magdalena,Directos Bajo Magdalena entre El Banco y El Plato,3.24727272987366,4.5381817817688,6,6,0.539855062961578,0.786231875419617,1,1,1.04999995231628,2003,10,786,786,825.2999625206,0,308.758178710938,2003-10-01,298.130249023438,500.870513916016,459.680694580078
25021330,Pluviométrica,Convencional,Bolívar,Mompós,9.1154,-74.6135,20,10/15/1976,,Caribe,Magdalena Cauca,Bajo Magdalena,Directos Bajo Magdalena entre El Banco y El Plato,3.24727272987366,4.5381817817688,6,6,0.539855062961578,0.786231875419617,1,1,1.05999994277954,2003,11,442,442,468.519974708557,0,125.531196594238,2003-11-01,186.214904785156,174.235229492188,208.769912719727
25021330,Pluviométrica,Convencional,Bolívar,Mompós,9.1154,-74.6135,20,10/15/1976,,Caribe,Magdalena Cauca,Bajo Magdalena,Directos Bajo Magdalena entre El Banco y El Plato,3.24727272987366,4.5381817817688,6,6,0.539855062961578,0.786231875419617,1,1,1.11000001430511,2003,12,360,360,399.600005149841,0,50.1411933898926,2003-12-01,112.915687561035,85.9672241210938,141.041732788086
25021330,Pluviométrica,Convencional,Bolívar,Mompós,9.1154,-74.6135,20,10/15/1976,,Caribe,Magdalena Cauca,Bajo Magdalena,Directos Bajo Magdalena entre El Banco y El Plato,3.24727272987366,4.5381817817688,6,6,0.539855062961578,0.786231875419617,1,1,1.13999998569489,2004,01,0,0,0,31,9.48925685882568,2004-01-01,3.66247892379761,8.76395606994629,5.82942628860474
25021330,Pluviométrica,Convencional,Bolívar,Mompós,9.1154,-74.6135,20,10/15/1976,,Caribe,Magdalena Cauca,Bajo Magdalena,Directos Bajo Magdalena entre El Banco y El Plato,3.24727272987366,4.5381817817688,6,6,0.539855062961578,0.786231875419617,1,1,1.14999997615814,2004,02,0,0,0,29,9.36722087860107,2004-02-01,1.67565608024597,5.76955270767212,1.62718844413757
25021330,Pluviométrica,Convencional,Bolívar,Mompós,9.1154,-74.6135,20,10/15/1976,,Caribe,Magdalena Cauca,Bajo Magdalena,Directos Bajo Magdalena entre El Banco y El Plato,3.24727272987366,4.5381817817688,6,6,0.539855062961578,0.786231875419617,1,1,1.12999999523163,2004,03,0,0,0,31,16.166130065918,2004-03-01,3.40977191925049,18.438777923584,7.61280107498169
25021330,Pluviométrica,Convencional,Bolívar,Mompós,9.1154,-74.6135,20,10/15/1976,,Caribe,Magdalena Cauca,Bajo Magdalena,Directos Bajo Magdalena entre El Banco y El Plato,3.24727272987366,4.5381817817688,6,6,0.539855062961578,0.786231875419617,1,1,1.0900000333786,2004,04,0,0,0,30,82.6656341552734,2004-04-01,100.218246459961,111.073989868164,139.703125
25021330,Pluviométrica,Convencional,Bolívar,Mompós,9.1154,-74.6135,20,10/15/1976,,Caribe,Magdalena Cauca,Bajo Magdalena,Directos Bajo Magdalena entre El Banco y El Plato,3.24727272987366,4.5381817817688,6,6,0.539855062961578,0.786231875419617,1,1,1.05999994277954,2004,05,350,350,370.999979972839,0,151.738357543945,2004-05-01,314.595092773438,250.411148071289,315.39013671875
25021330,Pluviométrica,Convencional,Bolívar,Mompós,9.1154,-74.6135,20,10/15/1976,,Caribe,Magdalena Cauca,Bajo Magdalena,Directos Bajo Magdalena entre El Banco y El Plato,3.24727272987366,4.5381817817688,6,6,0.539855062961578,0.786231875419617,1,1,1.05999994277954,2004,06,160,160,169.599990844727,0,214.852645874023,2004-06-01,254.655059814453,178.133056640625,205.345489501953
25021330,Pluviométrica,Convencional,Bolívar,Mompós,9.1154,-74.6135,20,10/15/1976,,Caribe,Magdalena Cauca,Bajo Magdalena,Directos Bajo Magdalena entre El Banco y El Plato,3.24727272987366,4.5381817817688,6,6,0.539855062961578,0.786231875419617,1,1,1.05999994277954,2004,07,363,363,384.779979228973,0,224.573379516602,2004-07-01,261.580291748047,300.272827148438,302.596618652344
25021330,Pluviométrica,Convencional,Bolívar,Mompós,9.1154,-74.6135,20,10/15/1976,,Caribe,Magdalena Cauca,Bajo Magdalena,Directos Bajo Magdalena entre El Banco y El Plato,3.24727272987366,4.5381817817688,6,6,0.539855062961578,0.786231875419617,1,1,1.05999994277954,2004,08,120,120,127.199993133545,0,170.001495361328,2004-08-01,235.695709228516,186.425674438477,205.576095581055
25021330,Pluviométrica,Convencional,Bolívar,Mompós,9.1154,-74.6135,20,10/15/1976,,Caribe,Magdalena Cauca,Bajo Magdalena,Directos Bajo Magdalena entre El Banco y El Plato,3.24727272987366,4.5381817817688,6,6,0.539855062961578,0.786231875419617,1,1,1.04999995231628,2004,09,178,178,186.899991512299,0,175.149353027344,2004-09-01,209.02685546875,226.540405273438,218.053100585938
25021330,Pluviométrica,Convencional,Bolívar,Mompós,9.1154,-74.6135,20,10/15/1976,,Caribe,Magdalena Cauca,Bajo Magdalena,Directos Bajo Magdalena entre El Banco y El Plato,3.24727272987366,4.5381817817688,6,6,0.539855062961578,0.786231875419617,1,1,1.04999995231628,2004,10,303,303,318.149985551834,0,287.261047363281,2004-10-01,276.149536132813,292.829895019531,268.633666992188
25021330,Pluviométrica,Convencional,Bolívar,Mompós,9.1154,-74.6135,20,10/15/1976,,Caribe,Magdalena Cauca,Bajo Magdalena,Directos Bajo Magdalena entre El Banco y El Plato,3.24727272987366,4.5381817817688,6,6,0.539855062961578,0.786231875419617,1,1,1.05999994277954,2004,11,0,0,0,30,154.032119750977,2004-11-01,242.345260620117,235.979095458984,284.140106201172
25021330,Pluviométrica,Convencional,Bolívar,Mompós,9.1154,-74.6135,20,10/15/1976,,Caribe,Magdalena Cauca,Bajo Magdalena,Directos Bajo Magdalena entre El Banco y El Plato,3.24727272987366,4.5381817817688,6,6,0.539855062961578,0.786231875419617,1,1,1.11000001430511,2004,12,0,0,0,31,11.5778274536133,2004-12-01,25.9259738922119,12.2736501693726,53.8390312194824
25021330,Pluviométrica,Convencional,Bolívar,Mompós,9.1154,-74.6135,20,10/15/1976,,Caribe,Magdalena Cauca,Bajo Magdalena,Directos Bajo Magdalena entre El Banco y El Plato,3.24727272987366,4.5381817817688,6,6,0.539855062961578,0.786231875419617,1,1,1.13999998569489,2005,01,37,37,42.1799994707108,0,10.5218029022217,2005-01-01,10.2977867126465,15.2376298904419,19.3688144683838
25021330,Pluviométrica,Convencional,Bolívar,Mompós,9.1154,-74.6135,20,10/15/1976,,Caribe,Magdalena Cauca,Bajo Magdalena,Directos Bajo Magdalena entre El Banco y El Plato,3.24727272987366,4.5381817817688,6,6,0.539855062961578,0.786231875419617,1,1,1.14999997615814,2005,02,5,5,5.74999988079071,0,9.36722087860107,2005-02-01,1.67565608024597,7.6577033996582,2.61826586723328
25021330,Pluviométrica,Convencional,Bolívar,Mompós,9.1154,-74.6135,20,10/15/1976,,Caribe,Magdalena Cauca,Bajo Magdalena,Directos Bajo Magdalena entre El Banco y El Plato,3.24727272987366,4.5381817817688,6,6,0.539855062961578,0.786231875419617,1,1,1.12999999523163,2005,03,18,18,20.3399999141693,0,22.5233860015869,2005-03-01,17.1125144958496,23.8744697570801,20.8985290527344
25021330,Pluviométrica,Convencional,Bolívar,Mompós,9.1154,-74.6135,20,10/15/1976,,Caribe,Magdalena Cauca,Bajo Magdalena,Directos Bajo Magdalena entre El Banco y El Plato,3.24727272987366,4.5381817817688,6,6,0.539855062961578,0.786231875419617,1,1,1.0900000333786,2005,04,83,83,90.4700027704239,0,131.521850585938,2005-04-01,170.374099731445,95.5552673339844,118.374542236328
25021330,Pluviométrica,Convencional,Bolívar,Mompós,9.1154,-74.6135,20,10/15/1976,,Caribe,Magdalena Cauca,Bajo Magdalena,Directos Bajo Magdalena entre El Banco y El Plato,3.24727272987366,4.5381817817688,6,6,0.539855062961578,0.786231875419617,1,1,1.05999994277954,2005,05,313,313,331.779982089996,0,110.856475830078,2005-05-01,221.61555480957,185.554656982422,235.637542724609
25021330,Pluviométrica,Convencional,Bolívar,Mompós,9.1154,-74.6135,20,10/15/1976,,Caribe,Magdalena Cauca,Bajo Magdalena,Directos Bajo Magdalena entre El Banco y El Plato,3.24727272987366,4.5381817817688,6,6,0.539855062961578,0.786231875419617,1,1,1.05999994277954,2005,06,281,281,297.859983921051,0,218.710098266602,2005-06-01,255.680389404297,190.758331298828,211.760223388672
25021330,Pluviométrica,Convencional,Bolívar,Mompós,9.1154,-74.6135,20,10/15/1976,,Caribe,Magdalena Cauca,Bajo Magdalena,Directos Bajo Magdalena entre El Banco y El Plato,3.24727272987366,4.5381817817688,6,6,0.539855062961578,0.786231875419617,1,1,1.05999994277954,2005,07,144,144,152.639991760254,0,177.117904663086,2005-07-01,201.802856445312,188.098922729492,188.411392211914
25021330,Pluviométrica,Convencional,Bolívar,Mompós,9.1154,-74.6135,20,10/15/1976,,Caribe,Magdalena Cauca,Bajo Magdalena,Directos Bajo Magdalena entre El Banco y El Plato,3.24727272987366,4.5381817817688,6,6,0.539855062961578,0.786231875419617,1,1,1.05999994277954,2005,08,232,232,245.919986724854,0,200.128356933594,2005-08-01,284.292694091797,269.023834228516,294.665740966797
25021330,Pluviométrica,Convencional,Bolívar,Mompós,9.1154,-74.6135,20,10/15/1976,,Caribe,Magdalena Cauca,Bajo Magdalena,Directos Bajo Magdalena entre El Banco y El Plato,3.24727272987366,4.5381817817688,6,6,0.539855062961578,0.786231875419617,1,1,1.04999995231628,2005,09,238,238,249.899988651276,1,217.976867675781,2005-09-01,265.557861328125,273.457427978516,263.334381103516
25021330,Pluviométrica,Convencional,Bolívar,Mompós,9.1154,-74.6135,20,10/15/1976,,Caribe,Magdalena Cauca,Bajo Magdalena,Directos Bajo Magdalena entre El Banco y El Plato,3.24727272987366,4.5381817817688,6,6,0.539855062961578,0.786231875419617,1,1,1.04999995231628,2005,10,398,398,417.899981021881,0,278.872283935547,2005-10-01,269.719055175781,281.988403320313,264.137634277344
25021330,Pluviométrica,Convencional,Bolívar,Mompós,9.1154,-74.6135,20,10/15/1976,,Caribe,Magdalena Cauca,Bajo Magdalena,Directos Bajo Magdalena entre El Banco y El Plato,3.24727272987366,4.5381817817688,6,6,0.539855062961578,0.786231875419617,1,1,1.05999994277954,2005,11,379,379,401.739978313446,0,189.808303833008,2005-11-01,277.661834716797,320.243682861328,372.264190673828
25021330,Pluviométrica,Convencional,Bolívar,Mompós,9.1154,-74.6135,20,10/15/1976,,Caribe,Magdalena Cauca,Bajo Magdalena,Directos Bajo Magdalena entre El Banco y El Plato,3.24727272987366,4.5381817817688,6,6,0.539855062961578,0.786231875419617,1,1,1.11000001430511,2005,12,44,44,48.8400006294251,0,30.2256355285645,2005-12-01,75.2691879272461,47.0733795166016,100.120811462402
25021330,Pluviométrica,Convencional,Bolívar,Mompós,9.1154,-74.6135,20,10/15/1976,,Caribe,Magdalena Cauca,Bajo Magdalena,Directos Bajo Magdalena entre El Banco y El Plato,3.24727272987366,4.5381817817688,6,6,0.539855062961578,0.786231875419617,1,1,1.13999998569489,2006,01,17,17,19.3799997568131,1,16.9698066711426,2006-01-01,35.6337852478027,27.1832046508789,58.8167419433594
25021330,Pluviométrica,Convencional,Bolívar,Mompós,9.1154,-74.6135,20,10/15/1976,,Caribe,Magdalena Cauca,Bajo Magdalena,Directos Bajo Magdalena entre El Banco y El Plato,3.24727272987366,4.5381817817688,6,6,0.539855062961578,0.786231875419617,1,1,1.14999997615814,2006,02,13,13,14.9499996900558,0,17.0546112060547,2006-02-01,29.2456207275391,20.330602645874,29.6749305725098
25021330,Pluviométrica,Convencional,Bolívar,Mompós,9.1154,-74.6135,20,10/15/1976,,Caribe,Magdalena Cauca,Bajo Magdalena,Directos Bajo Magdalena entre El Banco y El Plato,3.24727272987366,4.5381817817688,6,6,0.539855062961578,0.786231875419617,1,1,1.12999999523163,2006,03,10,10,11.2999999523163,0,55.9174346923828,2006-03-01,97.9664306640625,70.0477676391602,84.8318405151367
25021330,Pluviométrica,Convencional,Bolívar,Mompós,9.1154,-74.6135,20,10/15/1976,,Caribe,Magdalena Cauca,Bajo Magdalena,Directos Bajo Magdalena entre El Banco y El Plato,3.24727272987366,4.5381817817688,6,6,0.539855062961578,0.786231875419617,1,1,1.0900000333786,2006,04,88,88,95.9200029373169,0,105.583435058594,2006-04-01,139.793640136719,126.764923095703,161.957397460938
25021330,Pluviométrica,Convencional,Bolívar,Mompós,9.1154,-74.6135,20,10/15/1976,,Caribe,Magdalena Cauca,Bajo Magdalena,Directos Bajo Magdalena entre El Banco y El Plato,3.24727272987366,4.5381817817688,6,6,0.539855062961578,0.786231875419617,1,1,1.05999994277954,2006,05,156,156,165.359991073608,0,133.828582763672,2006-05-01,276.192108154297,194.283142089844,254.61686706543
25021330,Pluviométrica,Convencional,Bolívar,Mompós,9.1154,-74.6135,20,10/15/1976,,Caribe,Magdalena Cauca,Bajo Magdalena,Directos Bajo Magdalena entre El Banco y El Plato,3.24727272987366,4.5381817817688,6,6,0.539855062961578,0.786231875419617,1,1,1.05999994277954,2006,06,327,327,346.61998128891,0,220.551849365234,2006-06-01,262.198089599609,352.407745361328,397.554840087891
25021330,Pluviométrica,Convencional,Bolívar,Mompós,9.1154,-74.6135,20,10/15/1976,,Caribe,Magdalena Cauca,Bajo Magdalena,Directos Bajo Magdalena entre El Banco y El Plato,3.24727272987366,4.5381817817688,6,6,0.539855062961578,0.786231875419617,1,1,1.05999994277954,2006,07,249,249,263.939985752106,0,196.721160888672,2006-07-01,224.298522949219,247.773971557617,247.058639526367
25021330,Pluviométrica,Convencional,Bolívar,Mompós,9.1154,-74.6135,20,10/15/1976,,Caribe,Magdalena Cauca,Bajo Magdalena,Directos Bajo Magdalena entre El Banco y El Plato,3.24727272987366,4.5381817817688,6,6,0.539855062961578,0.786231875419617,1,1,1.05999994277954,2006,08,238,238,252.279986381531,0,155.701507568359,2006-08-01,212.336502075195,214.592193603516,236.328277587891
25021330,Pluviométrica,Convencional,Bolívar,Mompós,9.1154,-74.6135,20,10/15/1976,,Caribe,Magdalena Cauca,Bajo Magdalena,Directos Bajo Magdalena entre El Banco y El Plato,3.24727272987366,4.5381817817688,6,6,0.539855062961578,0.786231875419617,1,1,1.04999995231628,2006,09,213,213,223.649989843369,0,186.20832824707,2006-09-01,226.72575378418,248.332962036133,243.105056762695
25021330,Pluviométrica,Convencional,Bolívar,Mompós,9.1154,-74.6135,20,10/15/1976,,Caribe,Magdalena Cauca,Bajo Magdalena,Directos Bajo Magdalena entre El Banco y El Plato,3.24727272987366,4.5381817817688,6,6,0.539855062961578,0.786231875419617,1,1,1.04999995231628,2006,10,293,293,307.649986028671,0,273.313720703125,2006-10-01,267.782745361328,370.555358886719,340.062957763672
25021330,Pluviométrica,Convencional,Bolívar,Mompós,9.1154,-74.6135,20,10/15/1976,,Caribe,Magdalena Cauca,Bajo Magdalena,Directos Bajo Magdalena entre El Banco y El Plato,3.24727272987366,4.5381817817688,6,6,0.539855062961578,0.786231875419617,1,1,1.05999994277954,2006,11,240,240,254.39998626709,0,118.944046020508,2006-11-01,189.105117797852,187.741333007813,231.201858520508
25021330,Pluviométrica,Convencional,Bolívar,Mompós,9.1154,-74.6135,20,10/15/1976,,Caribe,Magdalena Cauca,Bajo Magdalena,Directos Bajo Magdalena entre El Banco y El Plato,3.24727272987366,4.5381817817688,6,6,0.539855062961578,0.786231875419617,1,1,1.11000001430511,2006,12,49,49,54.3900007009506,0,32.7839698791504,2006-12-01,80.6469573974609,71.452507019043,136.692321777344
25021330,Pluviométrica,Convencional,Bolívar,Mompós,9.1154,-74.6135,20,10/15/1976,,Caribe,Magdalena Cauca,Bajo Magdalena,Directos Bajo Magdalena entre El Banco y El Plato,3.24727272987366,4.5381817817688,6,6,0.539855062961578,0.786231875419617,1,1,1.13999998569489,2007,01,0,0,0,0,7.58000659942627,2007-01-01,0.297068893909454,4.55614137649536,0.302516967058182
25021330,Pluviométrica,Convencional,Bolívar,Mompós,9.1154,-74.6135,20,10/15/1976,,Caribe,Magdalena Cauca,Bajo Magdalena,Directos Bajo Magdalena entre El Banco y El Plato,3.24727272987366,4.5381817817688,6,6,0.539855062961578,0.786231875419617,1,1,1.14999997615814,2007,02,0,0,0,0,13.8688154220581,2007-02-01,15.6377143859863,8.95094966888428,10.5885038375855
25021330,Pluviométrica,Convencional,Bolívar,Mompós,9.1154,-74.6135,20,10/15/1976,,Caribe,Magdalena Cauca,Bajo Magdalena,Directos Bajo Magdalena entre El Banco y El Plato,3.24727272987366,4.5381817817688,6,6,0.539855062961578,0.786231875419617,1,1,1.12999999523163,2007,03,98,98,110.7399995327,0,44.8661155700684,2007-03-01,65.9158096313477,48.1024894714356,57.8843307495117
25021330,Pluviométrica,Convencional,Bolívar,Mompós,9.1154,-74.6135,20,10/15/1976,,Caribe,Magdalena Cauca,Bajo Magdalena,Directos Bajo Magdalena entre El Banco y El Plato,3.24727272987366,4.5381817817688,6,6,0.539855062961578,0.786231875419617,1,1,1.0900000333786,2007,04,150,150,163.50000500679,0,115.443130493164,2007-04-01,148.726852416992,150.39143371582,187.559951782227
25021330,Pluviométrica,Convencional,Bolívar,Mompós,9.1154,-74.6135,20,10/15/1976,,Caribe,Magdalena Cauca,Bajo Magdalena,Directos Bajo Magdalena entre El Banco y El Plato,3.24727272987366,4.5381817817688,6,6,0.539855062961578,0.786231875419617,1,1,1.05999994277954,2007,05,266,266,281.959984779358,0,147.964096069336,2007-05-01,310.880249023438,282.997589111328,364.623382568359
25021330,Pluviométrica,Convencional,Bolívar,Mompós,9.1154,-74.6135,20,10/15/1976,,Caribe,Magdalena Cauca,Bajo Magdalena,Directos Bajo Magdalena entre El Banco y El Plato,3.24727272987366,4.5381817817688,6,6,0.539855062961578,0.786231875419617,1,1,1.05999994277954,2007,06,469,469,497.139973163605,0,200.482528686523,2007-06-01,228.76203918457,329.500091552734,362.940979003906
25021330,Pluviométrica,Convencional,Bolívar,Mompós,9.1154,-74.6135,20,10/15/1976,,Caribe,Magdalena Cauca,Bajo Magdalena,Directos Bajo Magdalena entre El Banco y El Plato,3.24727272987366,4.5381817817688,6,6,0.539855062961578,0.786231875419617,1,1,1.05999994277954,2007,07,178,178,188.679989814758,0,213.255554199219,2007-07-01,238.694473266602,257.659912109375,249.951309204102
25021330,Pluviométrica,Convencional,Bolívar,Mompós,9.1154,-74.6135,20,10/15/1976,,Caribe,Magdalena Cauca,Bajo Magdalena,Directos Bajo Magdalena entre El Banco y El Plato,3.24727272987366,4.5381817817688,6,6,0.539855062961578,0.786231875419617,1,1,1.05999994277954,2007,08,301,301,319.059982776642,0,191.354431152344,2007-08-01,264.218322753906,373.107055664063,410.039611816406
25021330,Pluviométrica,Convencional,Bolívar,Mompós,9.1154,-74.6135,20,10/15/1976,,Caribe,Magdalena Cauca,Bajo Magdalena,Directos Bajo Magdalena entre El Banco y El Plato,3.24727272987366,4.5381817817688,6,6,0.539855062961578,0.786231875419617,1,1,1.04999995231628,2007,09,274,274,287.699986934662,0,186.970016479492,2007-09-01,230.759902954102,269.451416015625,277.225646972656
25021330,Pluviométrica,Convencional,Bolívar,Mompós,9.1154,-74.6135,20,10/15/1976,,Caribe,Magdalena Cauca,Bajo Magdalena,Directos Bajo Magdalena entre El Banco y El Plato,3.24727272987366,4.5381817817688,6,6,0.539855062961578,0.786231875419617,1,1,1.04999995231628,2007,10,340,340,356.999983787537,0,346.417175292969,2007-10-01,340.920227050781,431.657501220703,397.914978027344
25021330,Pluviométrica,Convencional,Bolívar,Mompós,9.1154,-74.6135,20,10/15/1976,,Caribe,Magdalena Cauca,Bajo Magdalena,Directos Bajo Magdalena entre El Banco y El Plato,3.24727272987366,4.5381817817688,6,6,0.539855062961578,0.786231875419617,1,1,1.05999994277954,2007,11,69,69,73.1399960517883,0,124.745567321777,2007-11-01,175.670166015625,142.996444702148,169.352386474609
25021330,Pluviométrica,Convencional,Bolívar,Mompós,9.1154,-74.6135,20,10/15/1976,,Caribe,Magdalena Cauca,Bajo Magdalena,Directos Bajo Magdalena entre El Banco y El Plato,3.24727272987366,4.5381817817688,6,6,0.539855062961578,0.786231875419617,1,1,1.11000001430511,2007,12,67,67,74.3700009584427,0,49.1349716186524,2007-12-01,145.022933959961,107.77173614502,204.81689453125
25021330,Pluviométrica,Convencional,Bolívar,Mompós,9.1154,-74.6135,20,10/15/1976,,Caribe,Magdalena Cauca,Bajo Magdalena,Directos Bajo Magdalena entre El Banco y El Plato,3.24727272987366,4.5381817817688,6,6,0.539855062961578,0.786231875419617,1,1,1.13999998569489,2008,01,6,6,6.83999991416931,0,9.49469184875488,2008-01-01,4.1147894859314,5.66940307617188,3.68987941741943
25021330,Pluviométrica,Convencional,Bolívar,Mompós,9.1154,-74.6135,20,10/15/1976,,Caribe,Magdalena Cauca,Bajo Magdalena,Directos Bajo Magdalena entre El Banco y El Plato,3.24727272987366,4.5381817817688,6,6,0.539855062961578,0.786231875419617,1,1,1.14999997615814,2008,02,3,3,3.44999992847443,0,15.2034978866577,2008-02-01,19.7626914978027,16.4211044311523,21.3161201477051
25021330,Pluviométrica,Convencional,Bolívar,Mompós,9.1154,-74.6135,20,10/15/1976,,Caribe,Magdalena Cauca,Bajo Magdalena,Directos Bajo Magdalena entre El Banco y El Plato,3.24727272987366,4.5381817817688,6,6,0.539855062961578,0.786231875419617,1,1,1.12999999523163,2008,03,68,68,76.8399996757507,0,25.8669586181641,2008-03-01,24.9002685546875,56.5598449707031,60.9906120300293
25021330,Pluviométrica,Convencional,Bolívar,Mompós,9.1154,-74.6135,20,10/15/1976,,Caribe,Magdalena Cauca,Bajo Magdalena,Directos Bajo Magdalena entre El Banco y El Plato,3.24727272987366,4.5381817817688,6,6,0.539855062961578,0.786231875419617,1,1,1.0900000333786,2008,04,197,197,214.730006575584,0,71.9377822875977,2008-04-01,89.1498260498047,116.478187561035,148.84992980957
25021330,Pluviométrica,Convencional,Bolívar,Mompós,9.1154,-74.6135,20,10/15/1976,,Caribe,Magdalena Cauca,Bajo Magdalena,Directos Bajo Magdalena entre El Banco y El Plato,3.24727272987366,4.5381817817688,6,6,0.539855062961578,0.786231875419617,1,1,1.05999994277954,2008,05,392,392,415.51997756958,0,116.327842712402,2008-05-01,241.888381958008,192.65153503418,250.635009765625
25021330,Pluviométrica,Convencional,Bolívar,Mompós,9.1154,-74.6135,20,10/15/1976,,Caribe,Magdalena Cauca,Bajo Magdalena,Directos Bajo Magdalena entre El Banco y El Plato,3.24727272987366,4.5381817817688,6,6,0.539855062961578,0.786231875419617,1,1,1.05999994277954,2008,06,391,391,414.459977626801,0,248.082870483398,2008-06-01,297.336700439453,238.463821411133,267.618835449219
25021330,Pluviométrica,Convencional,Bolívar,Mompós,9.1154,-74.6135,20,10/15/1976,,Caribe,Magdalena Cauca,Bajo Magdalena,Directos Bajo Magdalena entre El Banco y El Plato,3.24727272987366,4.5381817817688,6,6,0.539855062961578,0.786231875419617,1,1,1.05999994277954,2008,07,725,725,768.499958515167,0,283.836578369141,2008-07-01,329.799743652344,424.470031738281,423.216766357422
25021330,Pluviométrica,Convencional,Bolívar,Mompós,9.1154,-74.6135,20,10/15/1976,,Caribe,Magdalena Cauca,Bajo Magdalena,Directos Bajo Magdalena entre El Banco y El Plato,3.24727272987366,4.5381817817688,6,6,0.539855062961578,0.786231875419617,1,1,1.05999994277954,2008,08,526,526,557.559969902039,0,204.123184204102,2008-08-01,284.774261474609,361.239685058594,388.174926757813
25021330,Pluviométrica,Convencional,Bolívar,Mompós,9.1154,-74.6135,20,10/15/1976,,Caribe,Magdalena Cauca,Bajo Magdalena,Directos Bajo Magdalena entre El Banco y El Plato,3.24727272987366,4.5381817817688,6,6,0.539855062961578,0.786231875419617,1,1,1.04999995231628,2008,09,215,215,225.749989748001,0,213.376342773438,2008-09-01,264.189392089844,316.361907958984,303.745849609375
25021330,Pluviométrica,Convencional,Bolívar,Mompós,9.1154,-74.6135,20,10/15/1976,,Caribe,Magdalena Cauca,Bajo Magdalena,Directos Bajo Magdalena entre El Banco y El Plato,3.24727272987366,4.5381817817688,6,6,0.539855062961578,0.786231875419617,1,1,1.04999995231628,2008,10,260,260,272.999987602234,0,281.806060791016,2008-10-01,274.484436035156,298.997192382813,279.273162841797
25021330,Pluviométrica,Convencional,Bolívar,Mompós,9.1154,-74.6135,20,10/15/1976,,Caribe,Magdalena Cauca,Bajo Magdalena,Directos Bajo Magdalena entre El Banco y El Plato,3.24727272987366,4.5381817817688,6,6,0.539855062961578,0.786231875419617,1,1,1.05999994277954,2008,11,240,240,254.39998626709,0,194.512084960938,2008-11-01,294.104949951172,286.196075439453,347.954956054688
25021330,Pluviométrica,Convencional,Bolívar,Mompós,9.1154,-74.6135,20,10/15/1976,,Caribe,Magdalena Cauca,Bajo Magdalena,Directos Bajo Magdalena entre El Banco y El Plato,3.24727272987366,4.5381817817688,6,6,0.539855062961578,0.786231875419617,1,1,1.11000001430511,2008,12,94,94,104.340001344681,0,19.8741416931152,2008-12-01,40.1897048950195,37.8623809814453,71.2044296264649
25021330,Pluviométrica,Convencional,Bolívar,Mompós,9.1154,-74.6135,20,10/15/1976,,Caribe,Magdalena Cauca,Bajo Magdalena,Directos Bajo Magdalena entre El Banco y El Plato,3.24727272987366,4.5381817817688,6,6,0.539855062961578,0.786231875419617,1,1,1.13999998569489,2009,01,0,0,0,1,9.49517726898193,2009-01-01,3.9289915561676,9.12897205352783,4.44157600402832
25021330,Pluviométrica,Convencional,Bolívar,Mompós,9.1154,-74.6135,20,10/15/1976,,Caribe,Magdalena Cauca,Bajo Magdalena,Directos Bajo Magdalena entre El Banco y El Plato,3.24727272987366,4.5381817817688,6,6,0.539855062961578,0.786231875419617,1,1,1.14999997615814,2009,02,9,9,10.3499997854233,0,12.1148262023926,2009-02-01,7.18815469741821,7.63918113708496,5.90273094177246
25021330,Pluviométrica,Convencional,Bolívar,Mompós,9.1154,-74.6135,20,10/15/1976,,Caribe,Magdalena Cauca,Bajo Magdalena,Directos Bajo Magdalena entre El Banco y El Plato,3.24727272987366,4.5381817817688,6,6,0.539855062961578,0.786231875419617,1,1,1.12999999523163,2009,03,182,182,205.659999132156,0,31.1291961669922,2009-03-01,44.1601333618164,80.2557907104492,102.503684997559
25021330,Pluviométrica,Convencional,Bolívar,Mompós,9.1154,-74.6135,20,10/15/1976,,Caribe,Magdalena Cauca,Bajo Magdalena,Directos Bajo Magdalena entre El Banco y El Plato,3.24727272987366,4.5381817817688,6,6,0.539855062961578,0.786231875419617,1,1,1.0900000333786,2009,04,268,268,292.120008945465,0,86.6638107299805,2009-04-01,115.208984375,119.709114074707,149.804931640625
25021330,Pluviométrica,Convencional,Bolívar,Mompós,9.1154,-74.6135,20,10/15/1976,,Caribe,Magdalena Cauca,Bajo Magdalena,Directos Bajo Magdalena entre El Banco y El Plato,3.24727272987366,4.5381817817688,6,6,0.539855062961578,0.786231875419617,1,1,1.05999994277954,2009,05,71,71,75.2599959373474,0,124.763671875,2009-05-01,261.775939941406,157.346817016602,210.280639648437
25021330,Pluviométrica,Convencional,Bolívar,Mompós,9.1154,-74.6135,20,10/15/1976,,Caribe,Magdalena Cauca,Bajo Magdalena,Directos Bajo Magdalena entre El Banco y El Plato,3.24727272987366,4.5381817817688,6,6,0.539855062961578,0.786231875419617,1,1,1.05999994277954,2009,06,219,219,232.139987468719,0,215.718231201172,2009-06-01,250.513687133789,202.393600463867,225.503311157227
25021330,Pluviométrica,Convencional,Bolívar,Mompós,9.1154,-74.6135,20,10/15/1976,,Caribe,Magdalena Cauca,Bajo Magdalena,Directos Bajo Magdalena entre El Banco y El Plato,3.24727272987366,4.5381817817688,6,6,0.539855062961578,0.786231875419617,1,1,1.05999994277954,2009,07,216,216,228.959987640381,0,169.751403808594,2009-07-01,187.321624755859,156.482620239258,158.818725585938
25021330,Pluviométrica,Convencional,Bolívar,Mompós,9.1154,-74.6135,20,10/15/1976,,Caribe,Magdalena Cauca,Bajo Magdalena,Directos Bajo Magdalena entre El Banco y El Plato,3.24727272987366,4.5381817817688,6,6,0.539855062961578,0.786231875419617,1,1,1.05999994277954,2009,08,81,81,85.8599953651428,0,174.840347290039,2009-08-01,239.697860717773,178.894683837891,197.13752746582
25021330,Pluviométrica,Convencional,Bolívar,Mompós,9.1154,-74.6135,20,10/15/1976,,Caribe,Magdalena Cauca,Bajo Magdalena,Directos Bajo Magdalena entre El Banco y El Plato,3.24727272987366,4.5381817817688,6,6,0.539855062961578,0.786231875419617,1,1,1.04999995231628,2009,09,67,67,70.349996805191,0,164.089233398438,2009-09-01,192.808441162109,157.572784423828,150.850326538086
25021330,Pluviométrica,Convencional,Bolívar,Mompós,9.1154,-74.6135,20,10/15/1976,,Caribe,Magdalena Cauca,Bajo Magdalena,Directos Bajo Magdalena entre El Banco y El Plato,3.24727272987366,4.5381817817688,6,6,0.539855062961578,0.786231875419617,1,1,1.04999995231628,2009,10,45,45,47.2499978542328,0,248.125152587891,2009-10-01,238.016098022461,171.236633300781,157.16423034668
25021330,Pluviométrica,Convencional,Bolívar,Mompós,9.1154,-74.6135,20,10/15/1976,,Caribe,Magdalena Cauca,Bajo Magdalena,Directos Bajo Magdalena entre El Banco y El Plato,3.24727272987366,4.5381817817688,6,6,0.539855062961578,0.786231875419617,1,1,1.05999994277954,2009,11,108,108,114.47999382019,0,103.197418212891,2009-11-01,140.522857666016,121.522399902344,138.5947265625
25021330,Pluviométrica,Convencional,Bolívar,Mompós,9.1154,-74.6135,20,10/15/1976,,Caribe,Magdalena Cauca,Bajo Magdalena,Directos Bajo Magdalena entre El Banco y El Plato,3.24727272987366,4.5381817817688,6,6,0.539855062961578,0.786231875419617,1,1,1.11000001430511,2009,12,73,73,81.0300010442734,0,24.8555850982666,2009-12-01,51.9116134643555,35.7316513061523,51.507194519043
25021330,Pluviométrica,Convencional,Bolívar,Mompós,9.1154,-74.6135,20,10/15/1976,,Caribe,Magdalena Cauca,Bajo Magdalena,Directos Bajo Magdalena entre El Banco y El Plato,3.24727272987366,4.5381817817688,6,6,0.539855062961578,0.786231875419617,1,1,1.13999998569489,2010,01,0,0,0,0,8.19894123077393,2010-01-01,1.26949405670166,4.91897106170654,1.34134292602539
25021330,Pluviométrica,Convencional,Bolívar,Mompós,9.1154,-74.6135,20,10/15/1976,,Caribe,Magdalena Cauca,Bajo Magdalena,Directos Bajo Magdalena entre El Banco y El Plato,3.24727272987366,4.5381817817688,6,6,0.539855062961578,0.786231875419617,1,1,1.14999997615814,2010,02,3,3,3.44999992847443,0,21.0997409820557,2010-02-01,33.694149017334,12.6988258361816,15.7503242492676
25021330,Pluviométrica,Convencional,Bolívar,Mompós,9.1154,-74.6135,20,10/15/1976,,Caribe,Magdalena Cauca,Bajo Magdalena,Directos Bajo Magdalena entre El Banco y El Plato,3.24727272987366,4.5381817817688,6,6,0.539855062961578,0.786231875419617,1,1,1.12999999523163,2010,03,11,11,12.4299999475479,0,46.3399391174316,2010-03-01,72.2607498168945,58.3295402526856,68.1046447753906
25021330,Pluviométrica,Convencional,Bolívar,Mompós,9.1154,-74.6135,20,10/15/1976,,Caribe,Magdalena Cauca,Bajo Magdalena,Directos Bajo Magdalena entre El Banco y El Plato,3.24727272987366,4.5381817817688,6,6,0.539855062961578,0.786231875419617,1,1,1.0900000333786,2010,04,207,207,225.63000690937,0,140.193283081055,2010-04-01,200.092956542969,141.097732543945,184.66374206543
25021330,Pluviométrica,Convencional,Bolívar,Mompós,9.1154,-74.6135,20,10/15/1976,,Caribe,Magdalena Cauca,Bajo Magdalena,Directos Bajo Magdalena entre El Banco y El Plato,3.24727272987366,4.5381817817688,6,6,0.539855062961578,0.786231875419617,1,1,1.05999994277954,2010,05,76,76,80.5599956512451,0,118.35425567627,2010-05-01,247.723709106445,201.734481811523,266.320678710938
25021330,Pluviométrica,Convencional,Bolívar,Mompós,9.1154,-74.6135,20,10/15/1976,,Caribe,Magdalena Cauca,Bajo Magdalena,Directos Bajo Magdalena entre El Banco y El Plato,3.24727272987366,4.5381817817688,6,6,0.539855062961578,0.786231875419617,1,1,1.05999994277954,2010,06,258,258,273.479985237122,0,219.239974975586,2010-06-01,257.236389160156,271.396392822266,308.917205810547
25021330,Pluviométrica,Convencional,Bolívar,Mompós,9.1154,-74.6135,20,10/15/1976,,Caribe,Magdalena Cauca,Bajo Magdalena,Directos Bajo Magdalena entre El Banco y El Plato,3.24727272987366,4.5381817817688,6,6,0.539855062961578,0.786231875419617,1,1,1.05999994277954,2010,07,454,454,481.239974021912,0,269.238525390625,2010-07-01,318.497131347656,506.645721435547,506.160003662109
25021330,Pluviométrica,Convencional,Bolívar,Mompós,9.1154,-74.6135,20,10/15/1976,,Caribe,Magdalena Cauca,Bajo Magdalena,Directos Bajo Magdalena entre El Banco y El Plato,3.24727272987366,4.5381817817688,6,6,0.539855062961578,0.786231875419617,1,1,1.05999994277954,2010,08,267,267,283.019984722137,0,207.51106262207,2010-08-01,297.752075195313,416.437225341797,460.201843261719
25021330,Pluviométrica,Convencional,Bolívar,Mompós,9.1154,-74.6135,20,10/15/1976,,Caribe,Magdalena Cauca,Bajo Magdalena,Directos Bajo Magdalena entre El Banco y El Plato,3.24727272987366,4.5381817817688,6,6,0.539855062961578,0.786231875419617,1,1,1.04999995231628,2010,09,341,341,358.049983739853,0,223.250457763672,2010-09-01,279.001647949219,368.846282958984,356.602264404297
25021330,Pluviométrica,Convencional,Bolívar,Mompós,9.1154,-74.6135,20,10/15/1976,,Caribe,Magdalena Cauca,Bajo Magdalena,Directos Bajo Magdalena entre El Banco y El Plato,3.24727272987366,4.5381817817688,6,6,0.539855062961578,0.786231875419617,1,1,1.04999995231628,2010,10,0,0,0,31,349.498199462891,2010-10-01,332.777465820313,439.931762695313,399.543701171875
25021330,Pluviométrica,Convencional,Bolívar,Mompós,9.1154,-74.6135,20,10/15/1976,,Caribe,Magdalena Cauca,Bajo Magdalena,Directos Bajo Magdalena entre El Banco y El Plato,3.24727272987366,4.5381817817688,6,6,0.539855062961578,0.786231875419617,1,1,1.05999994277954,2010,11,356,356,377.359979629517,0,180.010116577148,2010-11-01,277.994323730469,298.645446777344,382.760101318359
25021330,Pluviométrica,Convencional,Bolívar,Mompós,9.1154,-74.6135,20,10/15/1976,,Caribe,Magdalena Cauca,Bajo Magdalena,Directos Bajo Magdalena entre El Banco y El Plato,3.24727272987366,4.5381817817688,6,6,0.539855062961578,0.786231875419617,1,1,1.11000001430511,2010,12,361,361,400.710005164146,0,101.946449279785,2010-12-01,247.075424194336,206.781097412109,300.512390136719
25021330,Pluviométrica,Convencional,Bolívar,Mompós,9.1154,-74.6135,20,10/15/1976,,Caribe,Magdalena Cauca,Bajo Magdalena,Directos Bajo Magdalena entre El Banco y El Plato,3.24727272987366,4.5381817817688,6,6,0.539855062961578,0.786231875419617,1,1,1.13999998569489,2011,01,71,71,80.9399989843369,0,22.4956188201904,2011-01-01,59.2263870239258,47.1945877075195,105.309005737305
25021330,Pluviométrica,Convencional,Bolívar,Mompós,9.1154,-74.6135,20,10/15/1976,,Caribe,Magdalena Cauca,Bajo Magdalena,Directos Bajo Magdalena entre El Banco y El Plato,3.24727272987366,4.5381817817688,6,6,0.539855062961578,0.786231875419617,1,1,1.14999997615814,2011,02,26,26,29.8999993801117,0,21.0321445465088,2011-02-01,40.4819030761719,29.1744823455811,38.1152496337891
25021330,Pluviométrica,Convencional,Bolívar,Mompós,9.1154,-74.6135,20,10/15/1976,,Caribe,Magdalena Cauca,Bajo Magdalena,Directos Bajo Magdalena entre El Banco y El Plato,3.24727272987366,4.5381817817688,6,6,0.539855062961578,0.786231875419617,1,1,1.12999999523163,2011,03,9,9,10.1699999570847,0,44.3900032043457,2011-03-01,64.1162719726563,52.9268226623535,59.694507598877
25021330,Pluviométrica,Convencional,Bolívar,Mompós,9.1154,-74.6135,20,10/15/1976,,Caribe,Magdalena Cauca,Bajo Magdalena,Directos Bajo Magdalena entre El Banco y El Plato,3.24727272987366,4.5381817817688,6,6,0.539855062961578,0.786231875419617,1,1,1.0900000333786,2011,04,103,103,112.270003437996,0,123.898384094238,2011-04-01,171.192016601563,199.191223144531,263.842834472656
25021330,Pluviométrica,Convencional,Bolívar,Mompós,9.1154,-74.6135,20,10/15/1976,,Caribe,Magdalena Cauca,Bajo Magdalena,Directos Bajo Magdalena entre El Banco y El Plato,3.24727272987366,4.5381817817688,6,6,0.539855062961578,0.786231875419617,1,1,1.05999994277954,2011,05,263,263,278.779984951019,0,161.646514892578,2011-05-01,338.506713867188,381.355407714844,503.514251708984
25021330,Pluviométrica,Convencional,Bolívar,Mompós,9.1154,-74.6135,20,10/15/1976,,Caribe,Magdalena Cauca,Bajo Magdalena,Directos Bajo Magdalena entre El Banco y El Plato,3.24727272987366,4.5381817817688,6,6,0.539855062961578,0.786231875419617,1,1,1.05999994277954,2011,06,215,215,227.899987697601,0,262.251159667969,2011-06-01,309.717529296875,384.337646484375,428.306854248047
25021330,Pluviométrica,Convencional,Bolívar,Mompós,9.1154,-74.6135,20,10/15/1976,,Caribe,Magdalena Cauca,Bajo Magdalena,Directos Bajo Magdalena entre El Banco y El Plato,3.24727272987366,4.5381817817688,6,6,0.539855062961578,0.786231875419617,1,1,1.05999994277954,2011,07,187,187,198.219989299774,0,243.879013061523,2011-07-01,283.766723632813,386.0556640625,387.606048583984
25021330,Pluviométrica,Convencional,Bolívar,Mompós,9.1154,-74.6135,20,10/15/1976,,Caribe,Magdalena Cauca,Bajo Magdalena,Directos Bajo Magdalena entre El Banco y El Plato,3.24727272987366,4.5381817817688,6,6,0.539855062961578,0.786231875419617,1,1,1.05999994277954,2011,08,205,205,217.299988269806,0,168.312347412109,2011-08-01,237.702194213867,277.821228027344,302.25244140625
25021330,Pluviométrica,Convencional,Bolívar,Mompós,9.1154,-74.6135,20,10/15/1976,,Caribe,Magdalena Cauca,Bajo Magdalena,Directos Bajo Magdalena entre El Banco y El Plato,3.24727272987366,4.5381817817688,6,6,0.539855062961578,0.786231875419617,1,1,1.04999995231628,2011,09,254,254,266.699987888336,0,170.663436889648,2011-09-01,206.345153808594,342.640045166016,330.514709472656
25021330,Pluviométrica,Convencional,Bolívar,Mompós,9.1154,-74.6135,20,10/15/1976,,Caribe,Magdalena Cauca,Bajo Magdalena,Directos Bajo Magdalena entre El Banco y El Plato,3.24727272987366,4.5381817817688,6,6,0.539855062961578,0.786231875419617,1,1,1.04999995231628,2011,10,123,123,129.149994134903,0,284.770812988281,2011-10-01,274.565551757813,356.29296875,329.789489746094
25021330,Pluviométrica,Convencional,Bolívar,Mompós,9.1154,-74.6135,20,10/15/1976,,Caribe,Magdalena Cauca,Bajo Magdalena,Directos Bajo Magdalena entre El Banco y El Plato,3.24727272987366,4.5381817817688,6,6,0.539855062961578,0.786231875419617,1,1,1.05999994277954,2011,11,495,495,524.699971675873,0,173.864715576172,2011-11-01,266.362487792969,344.163635253906,424.342956542969
25021330,Pluviométrica,Convencional,Bolívar,Mompós,9.1154,-74.6135,20,10/15/1976,,Caribe,Magdalena Cauca,Bajo Magdalena,Directos Bajo Magdalena entre El Banco y El Plato,3.24727272987366,4.5381817817688,6,6,0.539855062961578,0.786231875419617,1,1,1.11000001430511,2011,12,114,114,126.540001630783,0,58.573299407959,2011-12-01,196.131530761719,130.660827636719,291.176574707031
25021330,Pluviométrica,Convencional,Bolívar,Mompós,9.1154,-74.6135,20,10/15/1976,,Caribe,Magdalena Cauca,Bajo Magdalena,Directos Bajo Magdalena entre El Banco y El Plato,3.24727272987366,4.5381817817688,6,6,0.539855062961578,0.786231875419617,1,1,1.13999998569489,2012,01,32,32,36.4799995422363,0,14.7614669799805,2012-01-01,22.6338520050049,20.3714752197266,29.4699649810791
25021330,Pluviométrica,Convencional,Bolívar,Mompós,9.1154,-74.6135,20,10/15/1976,,Caribe,Magdalena Cauca,Bajo Magdalena,Directos Bajo Magdalena entre El Banco y El Plato,3.24727272987366,4.5381817817688,6,6,0.539855062961578,0.786231875419617,1,1,1.14999997615814,2012,02,10,10,11.4999997615814,0,14.1200904846191,2012-02-01,18.2796058654785,19.2466259002686,30.4652156829834
25021330,Pluviométrica,Convencional,Bolívar,Mompós,9.1154,-74.6135,20,10/15/1976,,Caribe,Magdalena Cauca,Bajo Magdalena,Directos Bajo Magdalena entre El Banco y El Plato,3.24727272987366,4.5381817817688,6,6,0.539855062961578,0.786231875419617,1,1,1.12999999523163,2012,03,10,10,11.2999999523163,0,32.790885925293,2012-03-01,35.6980857849121,24.0183486938477,28.5877475738525
25021330,Pluviométrica,Convencional,Bolívar,Mompós,9.1154,-74.6135,20,10/15/1976,,Caribe,Magdalena Cauca,Bajo Magdalena,Directos Bajo Magdalena entre El Banco y El Plato,3.24727272987366,4.5381817817688,6,6,0.539855062961578,0.786231875419617,1,1,1.0900000333786,2012,04,177,177,192.930005908012,0,170.131637573242,2012-04-01,238.746948242188,229.296768188477,280.966918945313
25021330,Pluviométrica,Convencional,Bolívar,Mompós,9.1154,-74.6135,20,10/15/1976,,Caribe,Magdalena Cauca,Bajo Magdalena,Directos Bajo Magdalena entre El Banco y El Plato,3.24727272987366,4.5381817817688,6,6,0.539855062961578,0.786231875419617,1,1,1.05999994277954,2012,05,226,226,239.559987068176,0,134.518783569336,2012-05-01,281.065734863281,261.317169189453,326.078796386719
25021330,Pluviométrica,Convencional,Bolívar,Mompós,9.1154,-74.6135,20,10/15/1976,,Caribe,Magdalena Cauca,Bajo Magdalena,Directos Bajo Magdalena entre El Banco y El Plato,3.24727272987366,4.5381817817688,6,6,0.539855062961578,0.786231875419617,1,1,1.05999994277954,2012,06,79,79,83.7399954795838,0,199.549987792969,2012-06-01,234.532821655273,192.148223876953,218.715026855469
25021330,Pluviométrica,Convencional,Bolívar,Mompós,9.1154,-74.6135,20,10/15/1976,,Caribe,Magdalena Cauca,Bajo Magdalena,Directos Bajo Magdalena entre El Banco y El Plato,3.24727272987366,4.5381817817688,6,6,0.539855062961578,0.786231875419617,1,1,1.05999994277954,2012,07,125,125,132.499992847443,0,259.772399902344,2012-07-01,302.566680908203,243.187896728516,246.869293212891
25021330,Pluviométrica,Convencional,Bolívar,Mompós,9.1154,-74.6135,20,10/15/1976,,Caribe,Magdalena Cauca,Bajo Magdalena,Directos Bajo Magdalena entre El Banco y El Plato,3.24727272987366,4.5381817817688,6,6,0.539855062961578,0.786231875419617,1,1,1.05999994277954,2012,08,348,348,368.87998008728,0,225.674407958984,2012-08-01,300.067626953125,331.770660400391,340.857177734375
25021330,Pluviométrica,Convencional,Bolívar,Mompós,9.1154,-74.6135,20,10/15/1976,,Caribe,Magdalena Cauca,Bajo Magdalena,Directos Bajo Magdalena entre El Banco y El Plato,3.24727272987366,4.5381817817688,6,6,0.539855062961578,0.786231875419617,1,1,1.04999995231628,2012,09,150,150,157.499992847443,0,205.172714233398,2012-09-01,246.407745361328,265.371002197266,239.734268188477
25021330,Pluviométrica,Convencional,Bolívar,Mompós,9.1154,-74.6135,20,10/15/1976,,Caribe,Magdalena Cauca,Bajo Magdalena,Directos Bajo Magdalena entre El Banco y El Plato,3.24727272987366,4.5381817817688,6,6,0.539855062961578,0.786231875419617,1,1,1.04999995231628,2012,10,93,93,97.6499955654144,0,333.679321289063,2012-10-01,322.4873046875,270.830902099609,244.135482788086
25021330,Pluviométrica,Convencional,Bolívar,Mompós,9.1154,-74.6135,20,10/15/1976,,Caribe,Magdalena Cauca,Bajo Magdalena,Directos Bajo Magdalena entre El Banco y El Plato,3.24727272987366,4.5381817817688,6,6,0.539855062961578,0.786231875419617,1,1,1.05999994277954,2012,11,186,186,197.159989356995,0,107.72966003418,2012-11-01,153.300582885742,137.143508911133,160.168930053711
25021330,Pluviométrica,Convencional,Bolívar,Mompós,9.1154,-74.6135,20,10/15/1976,,Caribe,Magdalena Cauca,Bajo Magdalena,Directos Bajo Magdalena entre El Banco y El Plato,3.24727272987366,4.5381817817688,6,6,0.539855062961578,0.786231875419617,1,1,1.11000001430511,2012,12,85,85,94.3500012159348,0,25.1072807312012,2012-12-01,66.8199462890625,46.4964294433594,79.8892974853516
25021330,Pluviométrica,Convencional,Bolívar,Mompós,9.1154,-74.6135,20,10/15/1976,,Caribe,Magdalena Cauca,Bajo Magdalena,Directos Bajo Magdalena entre El Banco y El Plato,3.24727272987366,4.5381817817688,6,6,0.539855062961578,0.786231875419617,1,1,1.13999998569489,2013,01,13,13,14.8199998140335,0,7.23059272766113,2013-01-01,0.297068893909454,5.23383617401123,0.381223440170288
25021330,Pluviométrica,Convencional,Bolívar,Mompós,9.1154,-74.6135,20,10/15/1976,,Caribe,Magdalena Cauca,Bajo Magdalena,Directos Bajo Magdalena entre El Banco y El Plato,3.24727272987366,4.5381817817688,6,6,0.539855062961578,0.786231875419617,1,1,1.14999997615814,2013,02,0,0,0,0,15.3479804992676,2013-02-01,7.03554344177246,14.489086151123,9.2563362121582
25021330,Pluviométrica,Convencional,Bolívar,Mompós,9.1154,-74.6135,20,10/15/1976,,Caribe,Magdalena Cauca,Bajo Magdalena,Directos Bajo Magdalena entre El Banco y El Plato,3.24727272987366,4.5381817817688,6,6,0.539855062961578,0.786231875419617,1,1,1.12999999523163,2013,03,20,20,22.5999999046326,0,46.2188034057617,2013-03-01,75.3585433959961,52.3489036560059,60.293155670166
25021330,Pluviométrica,Convencional,Bolívar,Mompós,9.1154,-74.6135,20,10/15/1976,,Caribe,Magdalena Cauca,Bajo Magdalena,Directos Bajo Magdalena entre El Banco y El Plato,3.24727272987366,4.5381817817688,6,6,0.539855062961578,0.786231875419617,1,1,1.0900000333786,2013,04,68,68,74.1200022697449,1,66.8280563354492,2013-04-01,97.3418731689453,77.1211853027344,107.18586730957
25021330,Pluviométrica,Convencional,Bolívar,Mompós,9.1154,-74.6135,20,10/15/1976,,Caribe,Magdalena Cauca,Bajo Magdalena,Directos Bajo Magdalena entre El Banco y El Plato,3.24727272987366,4.5381817817688,6,6,0.539855062961578,0.786231875419617,1,1,1.05999994277954,2013,05,354,354,375.239979743958,0,128.92985534668,2013-05-01,288.343322753906,305.699615478516,390.648254394531
25021330,Pluviométrica,Convencional,Bolívar,Mompós,9.1154,-74.6135,20,10/15/1976,,Caribe,Magdalena Cauca,Bajo Magdalena,Directos Bajo Magdalena entre El Banco y El Plato,3.24727272987366,4.5381817817688,6,6,0.539855062961578,0.786231875419617,1,1,1.05999994277954,2013,06,270,270,286.199984550476,0,191.480194091797,2013-06-01,229.071762084961,215.39485168457,245.202896118164
25021330,Pluviométrica,Convencional,Bolívar,Mompós,9.1154,-74.6135,20,10/15/1976,,Caribe,Magdalena Cauca,Bajo Magdalena,Directos Bajo Magdalena entre El Banco y El Plato,3.24727272987366,4.5381817817688,6,6,0.539855062961578,0.786231875419617,1,1,1.05999994277954,2013,07,112,112,118.719993591309,0,156.101379394531,2013-07-01,176.587158203125,180.512756347656,179.087951660156
25021330,Pluviométrica,Convencional,Bolívar,Mompós,9.1154,-74.6135,20,10/15/1976,,Caribe,Magdalena Cauca,Bajo Magdalena,Directos Bajo Magdalena entre El Banco y El Plato,3.24727272987366,4.5381817817688,6,6,0.539855062961578,0.786231875419617,1,1,1.05999994277954,2013,08,104,104,110.239994049072,0,159.360610961914,2013-08-01,240.371200561523,215.899139404297,241.43635559082
25021330,Pluviométrica,Convencional,Bolívar,Mompós,9.1154,-74.6135,20,10/15/1976,,Caribe,Magdalena Cauca,Bajo Magdalena,Directos Bajo Magdalena entre El Banco y El Plato,3.24727272987366,4.5381817817688,6,6,0.539855062961578,0.786231875419617,1,1,1.04999995231628,2013,09,169,169,177.449991941452,0,201.990386962891,2013-09-01,256.442657470703,208.546508789063,203.194152832031
25021330,Pluviométrica,Convencional,Bolívar,Mompós,9.1154,-74.6135,20,10/15/1976,,Caribe,Magdalena Cauca,Bajo Magdalena,Directos Bajo Magdalena entre El Banco y El Plato,3.24727272987366,4.5381817817688,6,6,0.539855062961578,0.786231875419617,1,1,1.04999995231628,2013,10,214,214,224.699989795685,0,328.066955566406,2013-10-01,308.024963378906,320.209411621094,292.561492919922
25021330,Pluviométrica,Convencional,Bolívar,Mompós,9.1154,-74.6135,20,10/15/1976,,Caribe,Magdalena Cauca,Bajo Magdalena,Directos Bajo Magdalena entre El Banco y El Plato,3.24727272987366,4.5381817817688,6,6,0.539855062961578,0.786231875419617,1,1,1.05999994277954,2013,11,173,173,183.379990100861,0,81.2490158081055,2013-11-01,131.116119384766,140.123336791992,176.819839477539
25021330,Pluviométrica,Convencional,Bolívar,Mompós,9.1154,-74.6135,20,10/15/1976,,Caribe,Magdalena Cauca,Bajo Magdalena,Directos Bajo Magdalena entre El Banco y El Plato,3.24727272987366,4.5381817817688,6,6,0.539855062961578,0.786231875419617,1,1,1.11000001430511,2013,12,71,71,78.8100010156632,0,9.93472766876221,2013-12-01,23.6363697052002,15.9332523345947,44.0078506469727
25021330,Pluviométrica,Convencional,Bolívar,Mompós,9.1154,-74.6135,20,10/15/1976,,Caribe,Magdalena Cauca,Bajo Magdalena,Directos Bajo Magdalena entre El Banco y El Plato,3.24727272987366,4.5381817817688,6,6,0.539855062961578,0.786231875419617,1,1,1.13999998569489,2014,01,18,18,20.5199997425079,0,15.0345277786255,2014-01-01,30.09352684021,15.0238084793091,27.4219036102295
25021330,Pluviométrica,Convencional,Bolívar,Mompós,9.1154,-74.6135,20,10/15/1976,,Caribe,Magdalena Cauca,Bajo Magdalena,Directos Bajo Magdalena entre El Banco y El Plato,3.24727272987366,4.5381817817688,6,6,0.539855062961578,0.786231875419617,1,1,1.14999997615814,2014,02,70,70,80.49999833107,0,14.4328126907349,2014-02-01,3.80150818824768,26.3368492126465,8.48054790496826
25021330,Pluviométrica,Convencional,Bolívar,Mompós,9.1154,-74.6135,20,10/15/1976,,Caribe,Magdalena Cauca,Bajo Magdalena,Directos Bajo Magdalena entre El Banco y El Plato,3.24727272987366,4.5381817817688,6,6,0.539855062961578,0.786231875419617,1,1,1.12999999523163,2014,03,0,0,0,0,24.1298007965088,2014-03-01,27.417272567749,20.2642078399658,22.2597904205322
25021330,Pluviométrica,Convencional,Bolívar,Mompós,9.1154,-74.6135,20,10/15/1976,,Caribe,Magdalena Cauca,Bajo Magdalena,Directos Bajo Magdalena entre El Banco y El Plato,3.24727272987366,4.5381817817688,6,6,0.539855062961578,0.786231875419617,1,1,1.0900000333786,2014,04,71,71,77.3900023698807,0,83.2211532592774,2014-04-01,129.319122314453,75.4983215332031,100.206970214844
25021330,Pluviométrica,Convencional,Bolívar,Mompós,9.1154,-74.6135,20,10/15/1976,,Caribe,Magdalena Cauca,Bajo Magdalena,Directos Bajo Magdalena entre El Banco y El Plato,3.24727272987366,4.5381817817688,6,6,0.539855062961578,0.786231875419617,1,1,1.05999994277954,2014,05,256,256,271.359985351563,0,87.1357955932617,2014-05-01,181.270172119141,164.035736083984,209.997451782227
25021330,Pluviométrica,Convencional,Bolívar,Mompós,9.1154,-74.6135,20,10/15/1976,,Caribe,Magdalena Cauca,Bajo Magdalena,Directos Bajo Magdalena entre El Banco y El Plato,3.24727272987366,4.5381817817688,6,6,0.539855062961578,0.786231875419617,1,1,1.05999994277954,2014,06,47,47,49.8199973106384,0,141.318313598633,2014-06-01,153.376541137695,95.5325012207031,86.2577209472656
25021330,Pluviométrica,Convencional,Bolívar,Mompós,9.1154,-74.6135,20,10/15/1976,,Caribe,Magdalena Cauca,Bajo Magdalena,Directos Bajo Magdalena entre El Banco y El Plato,3.24727272987366,4.5381817817688,6,6,0.539855062961578,0.786231875419617,1,1,1.05999994277954,2014,07,9,9,9.53999948501587,0,97.1054611206055,2014-07-01,102.990417480469,72.1506652832031,52.1841888427734
25021330,Pluviométrica,Convencional,Bolívar,Mompós,9.1154,-74.6135,20,10/15/1976,,Caribe,Magdalena Cauca,Bajo Magdalena,Directos Bajo Magdalena entre El Banco y El Plato,3.24727272987366,4.5381817817688,6,6,0.539855062961578,0.786231875419617,1,1,1.05999994277954,2014,08,170,170,180.199990272522,0,166.1044921875,2014-08-01,244.526641845703,334.993865966797,283.886108398438
25021330,Pluviométrica,Convencional,Bolívar,Mompós,9.1154,-74.6135,20,10/15/1976,,Caribe,Magdalena Cauca,Bajo Magdalena,Directos Bajo Magdalena entre El Banco y El Plato,3.24727272987366,4.5381817817688,6,6,0.539855062961578,0.786231875419617,1,1,1.04999995231628,2014,09,343,343,360.149983644485,0,179.993148803711,2014-09-01,234.385543823242,258.263000488281,233.730117797852
25021330,Pluviométrica,Convencional,Bolívar,Mompós,9.1154,-74.6135,20,10/15/1976,,Caribe,Magdalena Cauca,Bajo Magdalena,Directos Bajo Magdalena entre El Banco y El Plato,3.24727272987366,4.5381817817688,6,6,0.539855062961578,0.786231875419617,1,1,1.04999995231628,2014,10,209,209,219.449990034103,0,301.990478515625,2014-10-01,296.710266113281,320.226165771484,251.433792114258
25021330,Pluviométrica,Convencional,Bolívar,Mompós,9.1154,-74.6135,20,10/15/1976,,Caribe,Magdalena Cauca,Bajo Magdalena,Directos Bajo Magdalena entre El Banco y El Plato,3.24727272987366,4.5381817817688,6,6,0.539855062961578,0.786231875419617,1,1,1.05999994277954,2014,11,90,90,95.3999948501587,0,71.3889389038086,2014-11-01,101.385330200195,166.55778503418,153.70654296875
25021330,Pluviométrica,Convencional,Bolívar,Mompós,9.1154,-74.6135,20,10/15/1976,,Caribe,Magdalena Cauca,Bajo Magdalena,Directos Bajo Magdalena entre El Banco y El Plato,3.24727272987366,4.5381817817688,6,6,0.539855062961578,0.786231875419617,1,1,1.11000001430511,2014,12,109,109,120.990001559258,0,14.3642959594727,2014-12-01,39.765739440918,29.83078956604,58.0239791870117
25021330,Pluviométrica,Convencional,Bolívar,Mompós,9.1154,-74.6135,20,10/15/1976,,Caribe,Magdalena Cauca,Bajo Magdalena,Directos Bajo Magdalena entre El Banco y El Plato,3.24727272987366,4.5381817817688,6,6,0.539855062961578,0.786231875419617,1,1,1.13999998569489,2015,01,0,0,0,0,7.78258752822876,2015-01-01,2.60424852371216,7.78258752822876,2.42666721343994
25021330,Pluviométrica,Convencional,Bolívar,Mompós,9.1154,-74.6135,20,10/15/1976,,Caribe,Magdalena Cauca,Bajo Magdalena,Directos Bajo Magdalena entre El Banco y El Plato,3.24727272987366,4.5381817817688,6,6,0.539855062961578,0.786231875419617,1,1,1.14999997615814,2015,02,0,0,0,0,18.4482345581055,2015-02-01,15.2055616378784,18.4482345581055,9.38389873504639
25021330,Pluviométrica,Convencional,Bolívar,Mompós,9.1154,-74.6135,20,10/15/1976,,Caribe,Magdalena Cauca,Bajo Magdalena,Directos Bajo Magdalena entre El Banco y El Plato,3.24727272987366,4.5381817817688,6,6,0.539855062961578,0.786231875419617,1,1,1.12999999523163,2015,03,10,10,11.2999999523163,0,22.2638931274414,2015-03-01,14.8990106582642,22.2638931274414,21.6138515472412
25021330,Pluviométrica,Convencional,Bolívar,Mompós,9.1154,-74.6135,20,10/15/1976,,Caribe,Magdalena Cauca,Bajo Magdalena,Directos Bajo Magdalena entre El Banco y El Plato,3.24727272987366,4.5381817817688,6,6,0.539855062961578,0.786231875419617,1,1,1.0900000333786,2015,04,33,33,35.9700011014938,0,86.0160369873047,2015-04-01,133.920776367188,86.0160369873047,99.657455444336
25021330,Pluviométrica,Convencional,Bolívar,Mompós,9.1154,-74.6135,20,10/15/1976,,Caribe,Magdalena Cauca,Bajo Magdalena,Directos Bajo Magdalena entre El Banco y El Plato,3.24727272987366,4.5381817817688,6,6,0.539855062961578,0.786231875419617,1,1,1.05999994277954,2015,05,193,193,204.579988956451,0,101.827865600586,2015-05-01,213.385223388672,101.827865600586,205.885482788086
25021330,Pluviométrica,Convencional,Bolívar,Mompós,9.1154,-74.6135,20,10/15/1976,,Caribe,Magdalena Cauca,Bajo Magdalena,Directos Bajo Magdalena entre El Banco y El Plato,3.24727272987366,4.5381817817688,6,6,0.539855062961578,0.786231875419617,1,1,1.05999994277954,2015,06,115,115,121.899993419647,0,135.420394897461,2015-06-01,161.775955200195,135.420394897461,131.095886230469
25021330,Pluviométrica,Convencional,Bolívar,Mompós,9.1154,-74.6135,20,10/15/1976,,Caribe,Magdalena Cauca,Bajo Magdalena,Directos Bajo Magdalena entre El Banco y El Plato,3.24727272987366,4.5381817817688,6,6,0.539855062961578,0.786231875419617,1,1,1.05999994277954,2015,07,90,90,95.3999948501587,0,160.25422668457,2015-07-01,196.081314086914,160.25422668457,125.821105957031
25021330,Pluviométrica,Convencional,Bolívar,Mompós,9.1154,-74.6135,20,10/15/1976,,Caribe,Magdalena Cauca,Bajo Magdalena,Directos Bajo Magdalena entre El Banco y El Plato,3.24727272987366,4.5381817817688,6,6,0.539855062961578,0.786231875419617,1,1,1.05999994277954,2015,08,253,253,268.179985523224,0,166.934951782227,2015-08-01,251.378311157227,166.934951782227,236.458740234375
25021330,Pluviométrica,Convencional,Bolívar,Mompós,9.1154,-74.6135,20,10/15/1976,,Caribe,Magdalena Cauca,Bajo Magdalena,Directos Bajo Magdalena entre El Banco y El Plato,3.24727272987366,4.5381817817688,6,6,0.539855062961578,0.786231875419617,1,1,1.04999995231628,2015,09,225,225,236.249989271164,0,186.942337036133,2015-09-01,234.621658325195,186.942337036133,200.112350463867
25021330,Pluviométrica,Convencional,Bolívar,Mompós,9.1154,-74.6135,20,10/15/1976,,Caribe,Magdalena Cauca,Bajo Magdalena,Directos Bajo Magdalena entre El Banco y El Plato,3.24727272987366,4.5381817817688,6,6,0.539855062961578,0.786231875419617,1,1,1.04999995231628,2015,10,120,120,125.999994277954,0,232.430679321289,2015-10-01,218.866195678711,232.430679321289,173.78239440918
25021330,Pluviométrica,Convencional,Bolívar,Mompós,9.1154,-74.6135,20,10/15/1976,,Caribe,Magdalena Cauca,Bajo Magdalena,Directos Bajo Magdalena entre El Banco y El Plato,3.24727272987366,4.5381817817688,6,6,0.539855062961578,0.786231875419617,1,1,1.05999994277954,2015,11,86,86,91.1599950790405,0,94.4870071411133,2015-11-01,142.140960693359,94.4870071411133,142.571899414063
25021330,Pluviométrica,Convencional,Bolívar,Mompós,9.1154,-74.6135,20,10/15/1976,,Caribe,Magdalena Cauca,Bajo Magdalena,Directos Bajo Magdalena entre El Banco y El Plato,3.24727272987366,4.5381817817688,6,6,0.539855062961578,0.786231875419617,1,1,1.11000001430511,2015,12,0,0,0,0,25.2761859893799,2015-12-01,68.7188568115234,25.2761859893799,31.4431762695313
25021330,Pluviométrica,Convencional,Bolívar,Mompós,9.1154,-74.6135,20,10/15/1976,,Caribe,Magdalena Cauca,Bajo Magdalena,Directos Bajo Magdalena entre El Banco y El Plato,3.24727272987366,4.5381817817688,6,6,0.539855062961578,0.786231875419617,1,1,1.13999998569489,2016,01,30,30,34.1999995708466,0,9.01526641845703,2016-01-01,9.56660461425781,9.01526641845703,15.3315677642822
25021330,Pluviométrica,Convencional,Bolívar,Mompós,9.1154,-74.6135,20,10/15/1976,,Caribe,Magdalena Cauca,Bajo Magdalena,Directos Bajo Magdalena entre El Banco y El Plato,3.24727272987366,4.5381817817688,6,6,0.539855062961578,0.786231875419617,1,1,1.14999997615814,2016,02,10,10,11.4999997615814,0,13.5743055343628,2016-02-01,1.67565608024597,13.5743055343628,2.06730937957764
25021330,Pluviométrica,Convencional,Bolívar,Mompós,9.1154,-74.6135,20,10/15/1976,,Caribe,Magdalena Cauca,Bajo Magdalena,Directos Bajo Magdalena entre El Banco y El Plato,3.24727272987366,4.5381817817688,6,6,0.539855062961578,0.786231875419617,1,1,1.12999999523163,2016,03,0,0,0,0,12.0782251358032,2016-03-01,0.793042838573456,12.0782251358032,1.27228450775146
25021330,Pluviométrica,Convencional,Bolívar,Mompós,9.1154,-74.6135,20,10/15/1976,,Caribe,Magdalena Cauca,Bajo Magdalena,Directos Bajo Magdalena entre El Banco y El Plato,3.24727272987366,4.5381817817688,6,6,0.539855062961578,0.786231875419617,1,1,1.0900000333786,2016,04,138,138,150.420004606247,0,73.871711730957,2016-04-01,110.525680541992,73.871711730957,111.175918579102
25021330,Pluviométrica,Convencional,Bolívar,Mompós,9.1154,-74.6135,20,10/15/1976,,Caribe,Magdalena Cauca,Bajo Magdalena,Directos Bajo Magdalena entre El Banco y El Plato,3.24727272987366,4.5381817817688,6,6,0.539855062961578,0.786231875419617,1,1,1.05999994277954,2016,05,127,127,134.619992733002,0,114.57975769043,2016-05-01,252.508712768555,138.840759277344,213.816970825195
25021330,Pluviométrica,Convencional,Bolívar,Mompós,9.1154,-74.6135,20,10/15/1976,,Caribe,Magdalena Cauca,Bajo Magdalena,Directos Bajo Magdalena entre El Banco y El Plato,3.24727272987366,4.5381817817688,6,6,0.539855062961578,0.786231875419617,1,1,1.05999994277954,2016,06,166,166,175.959990501404,0,169.497222900391,2016-06-01,202.413131713867,195.594314575195,200.353713989258
25021330,Pluviométrica,Convencional,Bolívar,Mompós,9.1154,-74.6135,20,10/15/1976,,Caribe,Magdalena Cauca,Bajo Magdalena,Directos Bajo Magdalena entre El Banco y El Plato,3.24727272987366,4.5381817817688,6,6,0.539855062961578,0.786231875419617,1,1,1.05999994277954,2016,07,213,213,225.779987812042,0,217.188537597656,2016-07-01,272.439880371094,224.610595703125,206.644393920898
25021330,Pluviométrica,Convencional,Bolívar,Mompós,9.1154,-74.6135,20,10/15/1976,,Caribe,Magdalena Cauca,Bajo Magdalena,Directos Bajo Magdalena entre El Banco y El Plato,3.24727272987366,4.5381817817688,6,6,0.539855062961578,0.786231875419617,1,1,1.05999994277954,2016,08,260,260,275.599985122681,0,145.252990722656,2016-08-01,207.57080078125,185.606002807617,238.037292480469
25021330,Pluviométrica,Convencional,Bolívar,Mompós,9.1154,-74.6135,20,10/15/1976,,Caribe,Magdalena Cauca,Bajo Magdalena,Directos Bajo Magdalena entre El Banco y El Plato,3.24727272987366,4.5381817817688,6,6,0.539855062961578,0.786231875419617,1,1,1.04999995231628,2016,09,218,218,228.89998960495,0,184.840026855469,2016-09-01,235.043380737305,167.956909179688,208.211944580078
25021330,Pluviométrica,Convencional,Bolívar,Mompós,9.1154,-74.6135,20,10/15/1976,,Caribe,Magdalena Cauca,Bajo Magdalena,Directos Bajo Magdalena entre El Banco y El Plato,3.24727272987366,4.5381817817688,6,6,0.539855062961578,0.786231875419617,1,1,1.04999995231628,2016,10,311,311,326.549985170364,0,228.727600097656,2016-10-01,215.289169311523,284.085266113281,284.030303955078
25021330,Pluviométrica,Convencional,Bolívar,Mompós,9.1154,-74.6135,20,10/15/1976,,Caribe,Magdalena Cauca,Bajo Magdalena,Directos Bajo Magdalena entre El Banco y El Plato,3.24727272987366,4.5381817817688,6,6,0.539855062961578,0.786231875419617,1,1,1.05999994277954,2016,11,401,401,425.059977054596,0,177.558364868164,2016-11-01,313.945373535156,232.927612304688,391.417785644531
25021330,Pluviométrica,Convencional,Bolívar,Mompós,9.1154,-74.6135,20,10/15/1976,,Caribe,Magdalena Cauca,Bajo Magdalena,Directos Bajo Magdalena entre El Banco y El Plato,3.24727272987366,4.5381817817688,6,6,0.539855062961578,0.786231875419617,1,1,1.11000001430511,2016,12,69,69,76.5900009870529,0,45.161994934082,2016-12-01,105.125091552734,56.2500839233399,95.9336013793945
25021330,Pluviométrica,Convencional,Bolívar,Mompós,9.1154,-74.6135,20,10/15/1976,,Caribe,Magdalena Cauca,Bajo Magdalena,Directos Bajo Magdalena entre El Banco y El Plato,3.24727272987366,4.5381817817688,6,6,0.539855062961578,0.786231875419617,1,1,1.13999998569489,2017,01,60,60,68.3999991416931,0,14.816746711731,2017-01-01,28.7494010925293,10.7944927215576,30.011625289917
25021330,Pluviométrica,Convencional,Bolívar,Mompós,9.1154,-74.6135,20,10/15/1976,,Caribe,Magdalena Cauca,Bajo Magdalena,Directos Bajo Magdalena entre El Banco y El Plato,3.24727272987366,4.5381817817688,6,6,0.539855062961578,0.786231875419617,1,1,1.14999997615814,2017,02,0,0,0,0,17.5245475769043,2017-02-01,10.4571914672852,11.6493244171143,6.54452514648438
25021330,Pluviométrica,Convencional,Bolívar,Mompós,9.1154,-74.6135,20,10/15/1976,,Caribe,Magdalena Cauca,Bajo Magdalena,Directos Bajo Magdalena entre El Banco y El Plato,3.24727272987366,4.5381817817688,6,6,0.539855062961578,0.786231875419617,1,1,1.12999999523163,2017,03,200,200,225.999999046326,0,59.7951736450195,2017-03-01,97.2913131713867,141.249069213867,138.569763183594
25021330,Pluviométrica,Convencional,Bolívar,Mompós,9.1154,-74.6135,20,10/15/1976,,Caribe,Magdalena Cauca,Bajo Magdalena,Directos Bajo Magdalena entre El Banco y El Plato,3.24727272987366,4.5381817817688,6,6,0.539855062961578,0.786231875419617,1,1,1.0900000333786,2017,04,55,55,59.9500018358231,0,69.8286972045899,2017-04-01,104.864730834961,53.8971328735352,66.3107223510742
25021330,Pluviométrica,Convencional,Bolívar,Mompós,9.1154,-74.6135,20,10/15/1976,,Caribe,Magdalena Cauca,Bajo Magdalena,Directos Bajo Magdalena entre El Banco y El Plato,3.24727272987366,4.5381817817688,6,6,0.539855062961578,0.786231875419617,1,1,1.05999994277954,2017,05,412,412,436.719976425171,0,109.432861328125,2017-05-01,246.758010864258,150.692718505859,306.489776611328
25021330,Pluviométrica,Convencional,Bolívar,Mompós,9.1154,-74.6135,20,10/15/1976,,Caribe,Magdalena Cauca,Bajo Magdalena,Directos Bajo Magdalena entre El Banco y El Plato,3.24727272987366,4.5381817817688,6,6,0.539855062961578,0.786231875419617,1,1,1.05999994277954,2017,06,614,614,650.839964866638,0,259.127197265625,2017-06-01,308.713439941406,322.215545654297,470.530731201172
25021330,Pluviométrica,Convencional,Bolívar,Mompós,9.1154,-74.6135,20,10/15/1976,,Caribe,Magdalena Cauca,Bajo Magdalena,Directos Bajo Magdalena entre El Banco y El Plato,3.24727272987366,4.5381817817688,6,6,0.539855062961578,0.786231875419617,1,1,1.05999994277954,2017,07,450,450,476.999974250794,0,249.539520263672,2017-07-01,311.486633300781,428.690399169922,383.898712158203
25021330,Pluviométrica,Convencional,Bolívar,Mompós,9.1154,-74.6135,20,10/15/1976,,Caribe,Magdalena Cauca,Bajo Magdalena,Directos Bajo Magdalena entre El Banco y El Plato,3.24727272987366,4.5381817817688,6,6,0.539855062961578,0.786231875419617,1,1,1.05999994277954,2017,08,551,551,584.059968471527,0,170.632675170898,2017-08-01,249.141479492188,263.601165771484,357.981628417969
25021330,Pluviométrica,Convencional,Bolívar,Mompós,9.1154,-74.6135,20,10/15/1976,,Caribe,Magdalena Cauca,Bajo Magdalena,Directos Bajo Magdalena entre El Banco y El Plato,3.24727272987366,4.5381817817688,6,6,0.539855062961578,0.786231875419617,1,1,1.04999995231628,2017,09,485,485,509.249976873398,0,202.256866455078,2017-09-01,246.855316162109,200.518768310547,233.044586181641
25021330,Pluviométrica,Convencional,Bolívar,Mompós,9.1154,-74.6135,20,10/15/1976,,Caribe,Magdalena Cauca,Bajo Magdalena,Directos Bajo Magdalena entre El Banco y El Plato,3.24727272987366,4.5381817817688,6,6,0.539855062961578,0.786231875419617,1,1,1.04999995231628,2017,10,207,207,217.349990129471,0,297.343780517578,2017-10-01,291.334747314453,233.569976806641,220.649765014648
25021330,Pluviométrica,Convencional,Bolívar,Mompós,9.1154,-74.6135,20,10/15/1976,,Caribe,Magdalena Cauca,Bajo Magdalena,Directos Bajo Magdalena entre El Banco y El Plato,3.24727272987366,4.5381817817688,6,6,0.539855062961578,0.786231875419617,1,1,1.05999994277954,2017,11,95,95,100.699994564056,0,78.6749877929688,2017-11-01,121.818511962891,130.674591064453,167.284454345703
25021330,Pluviométrica,Convencional,Bolívar,Mompós,9.1154,-74.6135,20,10/15/1976,,Caribe,Magdalena Cauca,Bajo Magdalena,Directos Bajo Magdalena entre El Banco y El Plato,3.24727272987366,4.5381817817688,6,6,0.539855062961578,0.786231875419617,1,1,1.11000001430511,2017,12,10,10,11.1000001430511,0,29.4552688598633,2017-12-01,72.5573883056641,51.6182746887207,79.8082275390625
25021330,Pluviométrica,Convencional,Bolívar,Mompós,9.1154,-74.6135,20,10/15/1976,,Caribe,Magdalena Cauca,Bajo Magdalena,Directos Bajo Magdalena entre El Banco y El Plato,3.24727272987366,4.5381817817688,6,6,0.539855062961578,0.786231875419617,1,1,1.13999998569489,2018,01,179,179,204.059997439384,0,32.8611145019531,2018-01-01,123.092926025391,46.9685592651367,120.550903320313
25021330,Pluviométrica,Convencional,Bolívar,Mompós,9.1154,-74.6135,20,10/15/1976,,Caribe,Magdalena Cauca,Bajo Magdalena,Directos Bajo Magdalena entre El Banco y El Plato,3.24727272987366,4.5381817817688,6,6,0.539855062961578,0.786231875419617,1,1,1.14999997615814,2018,02,0,0,0,0,13.0353775024414,2018-02-01,1.67565608024597,9.09939479827881,1.72739386558533
25021330,Pluviométrica,Convencional,Bolívar,Mompós,9.1154,-74.6135,20,10/15/1976,,Caribe,Magdalena Cauca,Bajo Magdalena,Directos Bajo Magdalena entre El Banco y El Plato,3.24727272987366,4.5381817817688,6,6,0.539855062961578,0.786231875419617,1,1,1.12999999523163,2018,03,30,30,33.8999998569489,0,24.3540840148926,2018-03-01,18.8073768615723,33.7799797058106,26.979133605957
25021330,Pluviométrica,Convencional,Bolívar,Mompós,9.1154,-74.6135,20,10/15/1976,,Caribe,Magdalena Cauca,Bajo Magdalena,Directos Bajo Magdalena entre El Banco y El Plato,3.24727272987366,4.5381817817688,6,6,0.539855062961578,0.786231875419617,1,1,1.0900000333786,2018,04,155,155,168.950005173683,0,94.3017120361328,2018-04-01,149.805236816406,94.5898818969727,149.551055908203
25021330,Pluviométrica,Convencional,Bolívar,Mompós,9.1154,-74.6135,20,10/15/1976,,Caribe,Magdalena Cauca,Bajo Magdalena,Directos Bajo Magdalena entre El Banco y El Plato,3.24727272987366,4.5381817817688,6,6,0.539855062961578,0.786231875419617,1,1,1.05999994277954,2018,05,298,298,315.879982948303,0,127.86328125,2018-05-01,290.045349121094,198.211135864258,271.675903320313
25021330,Pluviométrica,Convencional,Bolívar,Mompós,9.1154,-74.6135,20,10/15/1976,,Caribe,Magdalena Cauca,Bajo Magdalena,Directos Bajo Magdalena entre El Banco y El Plato,3.24727272987366,4.5381817817688,6,6,0.539855062961578,0.786231875419617,1,1,1.05999994277954,2018,06,198,198,209.879988670349,0,198.060897827148,2018-06-01,232.223617553711,151.324462890625,197.129638671875
25021330,Pluviométrica,Convencional,Bolívar,Mompós,9.1154,-74.6135,20,10/15/1976,,Caribe,Magdalena Cauca,Bajo Magdalena,Directos Bajo Magdalena entre El Banco y El Plato,3.24727272987366,4.5381817817688,6,6,0.539855062961578,0.786231875419617,1,1,1.05999994277954,2018,07,171,171,181.259990215302,0,172.616394042969,2018-07-01,206.795928955078,152.790985107422,156.037506103516
25021330,Pluviométrica,Convencional,Bolívar,Mompós,9.1154,-74.6135,20,10/15/1976,,Caribe,Magdalena Cauca,Bajo Magdalena,Directos Bajo Magdalena entre El Banco y El Plato,3.24727272987366,4.5381817817688,6,6,0.539855062961578,0.786231875419617,1,1,1.05999994277954,2018,08,217,217,230.01998758316,0,150.363250732422,2018-08-01,211.103607177734,170.92643737793,227.001052856445
25021330,Pluviométrica,Convencional,Bolívar,Mompós,9.1154,-74.6135,20,10/15/1976,,Caribe,Magdalena Cauca,Bajo Magdalena,Directos Bajo Magdalena entre El Banco y El Plato,3.24727272987366,4.5381817817688,6,6,0.539855062961578,0.786231875419617,1,1,1.04999995231628,2018,09,336,336,352.799983978272,0,189.851928710938,2018-09-01,239.609146118164,223.081298828125,239.693756103516
25021330,Pluviométrica,Convencional,Bolívar,Mompós,9.1154,-74.6135,20,10/15/1976,,Caribe,Magdalena Cauca,Bajo Magdalena,Directos Bajo Magdalena entre El Banco y El Plato,3.24727272987366,4.5381817817688,6,6,0.539855062961578,0.786231875419617,1,1,1.04999995231628,2018,10,458,458,480.899978160858,0,292.657196044922,2018-10-01,288.901092529297,400.681030273438,354.640075683594
25021330,Pluviométrica,Convencional,Bolívar,Mompós,9.1154,-74.6135,20,10/15/1976,,Caribe,Magdalena Cauca,Bajo Magdalena,Directos Bajo Magdalena entre El Banco y El Plato,3.24727272987366,4.5381817817688,6,6,0.539855062961578,0.786231875419617,1,1,1.05999994277954,2018,11,284,284,301.03998374939,0,106.156295776367,2018-11-01,173.277618408203,180.475860595703,245.095901489258
25021330,Pluviométrica,Convencional,Bolívar,Mompós,9.1154,-74.6135,20,10/15/1976,,Caribe,Magdalena Cauca,Bajo Magdalena,Directos Bajo Magdalena entre El Banco y El Plato,3.24727272987366,4.5381817817688,6,6,0.539855062961578,0.786231875419617,1,1,1.11000001430511,2018,12,18,18,19.9800002574921,0,3.73948383331299,2018-12-01,1.71862244606018,3.70741963386536,2.97524833679199
25021330,Pluviométrica,Convencional,Bolívar,Mompós,9.1154,-74.6135,20,10/15/1976,,Caribe,Magdalena Cauca,Bajo Magdalena,Directos Bajo Magdalena entre El Banco y El Plato,3.24727272987366,4.5381817817688,6,6,0.539855062961578,0.786231875419617,1,1,1.13999998569489,2019,01,0,0,0,0,7.23059272766113,2019-01-01,0.297068893909454,6.70859336853027,0.341544300317764
25021330,Pluviométrica,Convencional,Bolívar,Mompós,9.1154,-74.6135,20,10/15/1976,,Caribe,Magdalena Cauca,Bajo Magdalena,Directos Bajo Magdalena entre El Banco y El Plato,3.24727272987366,4.5381817817688,6,6,0.539855062961578,0.786231875419617,1,1,1.14999997615814,2019,02,42,42,48.299998998642,0,14.8170356750488,2019-02-01,7.18963861465454,7.71444368362427,8.21700286865234
25021330,Pluviométrica,Convencional,Bolívar,Mompós,9.1154,-74.6135,20,10/15/1976,,Caribe,Magdalena Cauca,Bajo Magdalena,Directos Bajo Magdalena entre El Banco y El Plato,3.24727272987366,4.5381817817688,6,6,0.539855062961578,0.786231875419617,1,1,1.12999999523163,2019,03,48,48,54.2399997711182,0,14.6269931793213,2019-03-01,4.98392343521118,14.7548789978027,8.26419353485107
25021330,Pluviométrica,Convencional,Bolívar,Mompós,9.1154,-74.6135,20,10/15/1976,,Caribe,Magdalena Cauca,Bajo Magdalena,Directos Bajo Magdalena entre El Banco y El Plato,3.24727272987366,4.5381817817688,6,6,0.539855062961578,0.786231875419617,1,1,1.0900000333786,2019,04,52,52,56.6800017356873,0,58.2263336181641,2019-04-01,97.9850463867188,68.1231079101563,83.7592468261719
25021330,Pluviométrica,Convencional,Bolívar,Mompós,9.1154,-74.6135,20,10/15/1976,,Caribe,Magdalena Cauca,Bajo Magdalena,Directos Bajo Magdalena entre El Banco y El Plato,3.24727272987366,4.5381817817688,6,6,0.539855062961578,0.786231875419617,1,1,1.05999994277954,2019,05,239,239,253.33998632431,0,113.818206787109,2019-05-01,251.957229614258,145.250625610352,307.385009765625
25021330,Pluviométrica,Convencional,Bolívar,Mompós,9.1154,-74.6135,20,10/15/1976,,Caribe,Magdalena Cauca,Bajo Magdalena,Directos Bajo Magdalena entre El Banco y El Plato,3.24727272987366,4.5381817817688,6,6,0.539855062961578,0.786231875419617,1,1,1.05999994277954,2019,06,154,154,163.239991188049,0,172.047241210938,2019-06-01,215.299362182617,169.687957763672,203.342819213867
25021330,Pluviométrica,Convencional,Bolívar,Mompós,9.1154,-74.6135,20,10/15/1976,,Caribe,Magdalena Cauca,Bajo Magdalena,Directos Bajo Magdalena entre El Banco y El Plato,3.24727272987366,4.5381817817688,6,6,0.539855062961578,0.786231875419617,1,1,1.05999994277954,2019,07,48,48,50.879997253418,0,145.243774414063,2019-07-01,169.874267578125,118.074905395508,118.247009277344
25021330,Pluviométrica,Convencional,Bolívar,Mompós,9.1154,-74.6135,20,10/15/1976,,Caribe,Magdalena Cauca,Bajo Magdalena,Directos Bajo Magdalena entre El Banco y El Plato,3.24727272987366,4.5381817817688,6,6,0.539855062961578,0.786231875419617,1,1,1.05999994277954,2019,08,464,464,491.839973449707,0,146.263000488281,2019-08-01,213.374084472656,177.261169433594,240.594985961914
25021330,Pluviométrica,Convencional,Bolívar,Mompós,9.1154,-74.6135,20,10/15/1976,,Caribe,Magdalena Cauca,Bajo Magdalena,Directos Bajo Magdalena entre El Banco y El Plato,3.24727272987366,4.5381817817688,6,6,0.539855062961578,0.786231875419617,1,1,1.04999995231628,2019,09,298,298,312.899985790253,0,187.723236083984,2019-09-01,237.366928100586,212.04035949707,246.518478393555
25021330,Pluviométrica,Convencional,Bolívar,Mompós,9.1154,-74.6135,20,10/15/1976,,Caribe,Magdalena Cauca,Bajo Magdalena,Directos Bajo Magdalena entre El Banco y El Plato,3.24727272987366,4.5381817817688,6,6,0.539855062961578,0.786231875419617,1,1,1.04999995231628,2019,10,229,229,240.449989080429,0,332.1064453125,2019-10-01,322.020782470703,429.036071777344,327.446014404297
25021330,Pluviométrica,Convencional,Bolívar,Mompós,9.1154,-74.6135,20,10/15/1976,,Caribe,Magdalena Cauca,Bajo Magdalena,Directos Bajo Magdalena entre El Banco y El Plato,3.24727272987366,4.5381817817688,6,6,0.539855062961578,0.786231875419617,1,1,1.05999994277954,2019,11,103,103,109.179994106293,0,92.0091094970703,2019-11-01,144.890869140625,83.7845458984375,108.563110351563
25021330,Pluviométrica,Convencional,Bolívar,Mompós,9.1154,-74.6135,20,10/15/1976,,Caribe,Magdalena Cauca,Bajo Magdalena,Directos Bajo Magdalena entre El Banco y El Plato,3.24727272987366,4.5381817817688,6,6,0.539855062961578,0.786231875419617,1,1,1.11000001430511,2019,12,105,105,116.550001502037,0,40.6131057739258,2019-12-01,113.751235961914,47.595157623291,91.329345703125
25021330,Pluviométrica,Convencional,Bolívar,Mompós,9.1154,-74.6135,20,10/15/1976,,Caribe,Magdalena Cauca,Bajo Magdalena,Directos Bajo Magdalena entre El Banco y El Plato,3.24727272987366,4.5381817817688,6,6,0.539855062961578,0.786231875419617,1,1,1.13999998569489,2020,01,0,0,0,0,11.0978450775146,2020-01-01,12.1380062103271,13.6508388519287,19.5899124145508
25021330,Pluviométrica,Convencional,Bolívar,Mompós,9.1154,-74.6135,20,10/15/1976,,Caribe,Magdalena Cauca,Bajo Magdalena,Directos Bajo Magdalena entre El Banco y El Plato,3.24727272987366,4.5381817817688,6,6,0.539855062961578,0.786231875419617,1,1,1.14999997615814,2020,02,0,0,0,0,13.5743055343628,2020-02-01,1.67565608024597,11.9179983139038,2.17807483673096
25021330,Pluviométrica,Convencional,Bolívar,Mompós,9.1154,-74.6135,20,10/15/1976,,Caribe,Magdalena Cauca,Bajo Magdalena,Directos Bajo Magdalena entre El Banco y El Plato,3.24727272987366,4.5381817817688,6,6,0.539855062961578,0.786231875419617,1,1,1.12999999523163,2020,03,0,0,0,31,12.0446186065674,2020-03-01,0,11.8899917602539,0
25021330,Pluviométrica,Convencional,Bolívar,Mompós,9.1154,-74.6135,20,10/15/1976,,Caribe,Magdalena Cauca,Bajo Magdalena,Directos Bajo Magdalena entre El Banco y El Plato,3.24727272987366,4.5381817817688,6,6,0.539855062961578,0.786231875419617,1,1,1.0900000333786,2020,04,22,22,23.9800007343292,0,54.0020980834961,2020-04-01,61.2303047180176,79.7129898071289,96.7032089233398
25021330,Pluviométrica,Convencional,Bolívar,Mompós,9.1154,-74.6135,20,10/15/1976,,Caribe,Magdalena Cauca,Bajo Magdalena,Directos Bajo Magdalena entre El Banco y El Plato,3.24727272987366,4.5381817817688,6,6,0.539855062961578,0.786231875419617,1,1,1.05999994277954,2020,05,46,46,48.7599973678589,0,90.8757781982422,2020-05-01,182.160888671875,96.936897277832,152.283416748047
25021330,Pluviométrica,Convencional,Bolívar,Mompós,9.1154,-74.6135,20,10/15/1976,,Caribe,Magdalena Cauca,Bajo Magdalena,Directos Bajo Magdalena entre El Banco y El Plato,3.24727272987366,4.5381817817688,6,6,0.539855062961578,0.786231875419617,1,1,1.05999994277954,2020,06,124,124,131.439992904663,0,216.352798461914,2020-06-01,255.5322265625,218.287445068359,261.219299316406
25021330,Pluviométrica,Convencional,Bolívar,Mompós,9.1154,-74.6135,20,10/15/1976,,Caribe,Magdalena Cauca,Bajo Magdalena,Directos Bajo Magdalena entre El Banco y El Plato,3.24727272987366,4.5381817817688,6,6,0.539855062961578,0.786231875419617,1,1,1.05999994277954,2020,07,366,366,387.959979057312,0,191.059371948242,2020-07-01,227.925170898438,256.601715087891,256.285095214844
25021330,Pluviométrica,Convencional,Bolívar,Mompós,9.1154,-74.6135,20,10/15/1976,,Caribe,Magdalena Cauca,Bajo Magdalena,Directos Bajo Magdalena entre El Banco y El Plato,3.24727272987366,4.5381817817688,6,6,0.539855062961578,0.786231875419617,1,1,1.05999994277954,2020,08,315,315,333.899981975555,0,166.422210693359,2020-08-01,261.594146728516,191.32861328125,249.500961303711
25021330,Pluviométrica,Convencional,Bolívar,Mompós,9.1154,-74.6135,20,10/15/1976,,Caribe,Magdalena Cauca,Bajo Magdalena,Directos Bajo Magdalena entre El Banco y El Plato,3.24727272987366,4.5381817817688,6,6,0.539855062961578,0.786231875419617,1,1,1.04999995231628,2020,09,458,458,480.899978160858,0,197.130508422852,2020-09-01,264.576171875,276.873046875,308.153503417969
25021330,Pluviométrica,Convencional,Bolívar,Mompós,9.1154,-74.6135,20,10/15/1976,,Caribe,Magdalena Cauca,Bajo Magdalena,Directos Bajo Magdalena entre El Banco y El Plato,3.24727272987366,4.5381817817688,6,6,0.539855062961578,0.786231875419617,1,1,1.04999995231628,2020,10,324,324,340.199984550476,0,199.126098632813,2020-10-01,184.792053222656,255.895217895508,203.810455322266
25021330,Pluviométrica,Convencional,Bolívar,Mompós,9.1154,-74.6135,20,10/15/1976,,Caribe,Magdalena Cauca,Bajo Magdalena,Directos Bajo Magdalena entre El Banco y El Plato,3.24727272987366,4.5381817817688,6,6,0.539855062961578,0.786231875419617,1,1,1.05999994277954,2020,11,445,445,471.699974536896,0,129.498977661133,2020-11-01,223.193878173828,196.702697753906,279.494323730469
25021330,Pluviométrica,Convencional,Bolívar,Mompós,9.1154,-74.6135,20,10/15/1976,,Caribe,Magdalena Cauca,Bajo Magdalena,Directos Bajo Magdalena entre El Banco y El Plato,3.24727272987366,4.5381817817688,6,6,0.539855062961578,0.786231875419617,1,1,1.11000001430511,2020,12,187,187,207.570002675056,0,27.8570919036865,2020-12-01,69.2373199462891,56.5503311157227,96.9496765136719
25021330,Pluviométrica,Convencional,Bolívar,Mompós,9.1154,-74.6135,20,10/15/1976,,Caribe,Magdalena Cauca,Bajo Magdalena,Directos Bajo Magdalena entre El Banco y El Plato,3.24727272987366,4.5381817817688,6,6,0.539855062961578,0.786231875419617,1,1,1.13999998569489,2021,01,79,79,90.0599988698959,0,10.967248916626,2021-01-01,12.1218519210815,8.85699081420898,10.4873361587524
25021330,Pluviométrica,Convencional,Bolívar,Mompós,9.1154,-74.6135,20,10/15/1976,,Caribe,Magdalena Cauca,Bajo Magdalena,Directos Bajo Magdalena entre El Banco y El Plato,3.24727272987366,4.5381817817688,6,6,0.539855062961578,0.786231875419617,1,1,1.14999997615814,2021,02,0,0,0,0,18.6608371734619,2021-02-01,13.3460073471069,16.7680397033691,15.4381904602051
25021330,Pluviométrica,Convencional,Bolívar,Mompós,9.1154,-74.6135,20,10/15/1976,,Caribe,Magdalena Cauca,Bajo Magdalena,Directos Bajo Magdalena entre El Banco y El Plato,3.24727272987366,4.5381817817688,6,6,0.539855062961578,0.786231875419617,1,1,1.12999999523163,2021,03,96,96,108.479999542236,0,36.3303642272949,2021-03-01,61.9681243896484,43.1285781860352,61.9681243896484
25021330,Pluviométrica,Convencional,Bolívar,Mompós,9.1154,-74.6135,20,10/15/1976,,Caribe,Magdalena Cauca,Bajo Magdalena,Directos Bajo Magdalena entre El Banco y El Plato,3.24727272987366,4.5381817817688,6,6,0.539855062961578,0.786231875419617,1,1,1.0900000333786,2021,04,151,151,164.590005040169,0,108.354583740234,2021-04-01,163.000869750977,118.729751586914,163.000869750977
25021330,Pluviométrica,Convencional,Bolívar,Mompós,9.1154,-74.6135,20,10/15/1976,,Caribe,Magdalena Cauca,Bajo Magdalena,Directos Bajo Magdalena entre El Banco y El Plato,3.24727272987366,4.5381817817688,6,6,0.539855062961578,0.786231875419617,1,1,1.05999994277954,2021,05,195,195,206.699988842011,0,86.0148773193359,2021-05-01,178.565795898438,86.0148773193359,178.565795898438
25021330,Pluviométrica,Convencional,Bolívar,Mompós,9.1154,-74.6135,20,10/15/1976,,Caribe,Magdalena Cauca,Bajo Magdalena,Directos Bajo Magdalena entre El Banco y El Plato,3.24727272987366,4.5381817817688,6,6,0.539855062961578,0.786231875419617,1,1,1.05999994277954,2021,06,308,308,326.479982376099,0,233.876556396484,2021-06-01,288.925567626953,233.876556396484,288.925567626953
25021330,Pluviométrica,Convencional,Bolívar,Mompós,9.1154,-74.6135,20,10/15/1976,,Caribe,Magdalena Cauca,Bajo Magdalena,Directos Bajo Magdalena entre El Banco y El Plato,3.24727272987366,4.5381817817688,6,6,0.539855062961578,0.786231875419617,1,1,1.05999994277954,2021,07,295,295,312.699983119965,0,157.811508178711,2021-07-01,189.504364013672,159.399963378906,189.504364013672
25021330,Pluviométrica,Convencional,Bolívar,Mompós,9.1154,-74.6135,20,10/15/1976,,Caribe,Magdalena Cauca,Bajo Magdalena,Directos Bajo Magdalena entre El Banco y El Plato,3.24727272987366,4.5381817817688,6,6,0.539855062961578,0.786231875419617,1,1,1.05999994277954,2021,08,773,424,449.439975738525,4,188.580108642578,2021-08-01,289.61572265625,188.580108642578,289.61572265625
25021330,Pluviométrica,Convencional,Bolívar,Mompós,9.1154,-74.6135,20,10/15/1976,,Caribe,Magdalena Cauca,Bajo Magdalena,Directos Bajo Magdalena entre El Banco y El Plato,3.24727272987366,4.5381817817688,6,6,0.539855062961578,0.786231875419617,1,1,1.04999995231628,2021,09,647,567,595.349972963333,1,213.211532592773,2021-09-01,272.919769287109,213.211532592773,272.919769287109
25021330,Pluviométrica,Convencional,Bolívar,Mompós,9.1154,-74.6135,20,10/15/1976,,Caribe,Magdalena Cauca,Bajo Magdalena,Directos Bajo Magdalena entre El Banco y El Plato,3.24727272987366,4.5381817817688,6,6,0.539855062961578,0.786231875419617,1,1,1.04999995231628,2021,10,397,397,416.849981069565,0,272.1787109375,2021-10-01,265.126708984375,361.110534667969,291.260864257813
25021330,Pluviométrica,Convencional,Bolívar,Mompós,9.1154,-74.6135,20,10/15/1976,,Caribe,Magdalena Cauca,Bajo Magdalena,Directos Bajo Magdalena entre El Banco y El Plato,3.24727272987366,4.5381817817688,6,6,0.539855062961578,0.786231875419617,1,1,1.05999994277954,2021,11,537,335,355.099980831146,3,114.772567749023,2021-11-01,197.026168823242,138.422271728516,180.349411010742
25021330,Pluviométrica,Convencional,Bolívar,Mompós,9.1154,-74.6135,20,10/15/1976,,Caribe,Magdalena Cauca,Bajo Magdalena,Directos Bajo Magdalena entre El Banco y El Plato,3.24727272987366,4.5381817817688,6,6,0.539855062961578,0.786231875419617,1,1,1.11000001430511,2021,12,42,42,46.6200006008148,0,9.25016784667969,2021-12-01,17.2327194213867,9.87028312683105,17.2327194213867
25021330,Pluviométrica,Convencional,Bolívar,Mompós,9.1154,-74.6135,20,10/15/1976,,Caribe,Magdalena Cauca,Bajo Magdalena,Directos Bajo Magdalena entre El Banco y El Plato,3.24727272987366,4.5381817817688,6,6,0.539855062961578,0.786231875419617,1,1,1.13999998569489,2022,01,22,22,25.0799996852875,0,7.23059272766113,2022-01-01,0.297068893909454,4.72694301605225,0.305104315280914
25021330,Pluviométrica,Convencional,Bolívar,Mompós,9.1154,-74.6135,20,10/15/1976,,Caribe,Magdalena Cauca,Bajo Magdalena,Directos Bajo Magdalena entre El Banco y El Plato,3.24727272987366,4.5381817817688,6,6,0.539855062961578,0.786231875419617,1,1,1.14999997615814,2022,02,44,44,50.5999989509583,0,24.2866764068604,2022-02-01,26.6740646362305,36.2986068725586,26.7915763854981
25021330,Pluviométrica,Convencional,Bolívar,Mompós,9.1154,-74.6135,20,10/15/1976,,Caribe,Magdalena Cauca,Bajo Magdalena,Directos Bajo Magdalena entre El Banco y El Plato,3.24727272987366,4.5381817817688,6,6,0.539855062961578,0.786231875419617,1,1,1.12999999523163,2022,03,206,141,159.32999932766,1,52.3499565124512,2022-03-01,80.7514114379883,94.8203353881836,113.446884155273
25021330,Pluviométrica,Convencional,Bolívar,Mompós,9.1154,-74.6135,20,10/15/1976,,Caribe,Magdalena Cauca,Bajo Magdalena,Directos Bajo Magdalena entre El Banco y El Plato,3.24727272987366,4.5381817817688,6,6,0.539855062961578,0.786231875419617,1,1,1.0900000333786,2022,04,396,266,289.940008878708,2,110.847061157227,2022-04-01,177.088470458984,146.428863525391,210.366287231445
25021330,Pluviométrica,Convencional,Bolívar,Mompós,9.1154,-74.6135,20,10/15/1976,,Caribe,Magdalena Cauca,Bajo Magdalena,Directos Bajo Magdalena entre El Banco y El Plato,3.24727272987366,4.5381817817688,6,6,0.539855062961578,0.786231875419617,1,1,1.05999994277954,2022,05,422,292,309.519983291626,2,115.873672485352,2022-05-01,266.637512207031,153.776412963867,229.573303222656
25021330,Pluviométrica,Convencional,Bolívar,Mompós,9.1154,-74.6135,20,10/15/1976,,Caribe,Magdalena Cauca,Bajo Magdalena,Directos Bajo Magdalena entre El Banco y El Plato,3.24727272987366,4.5381817817688,6,6,0.539855062961578,0.786231875419617,1,1,1.05999994277954,2022,06,302,238,252.279986381531,1,304.321350097656,2022-06-01,378.204345703125,405.003234863281,470.400146484375
25021330,Pluviométrica,Convencional,Bolívar,Mompós,9.1154,-74.6135,20,10/15/1976,,Caribe,Magdalena Cauca,Bajo Magdalena,Directos Bajo Magdalena entre El Banco y El Plato,3.24727272987366,4.5381817817688,6,6,0.539855062961578,0.786231875419617,1,1,1.05999994277954,2022,07,718,718,761.079958915711,0,195.265548706055,2022-07-01,242.187210083008,245.216186523438,258.31787109375
25021330,Pluviométrica,Convencional,Bolívar,Mompós,9.1154,-74.6135,20,10/15/1976,,Caribe,Magdalena Cauca,Bajo Magdalena,Directos Bajo Magdalena entre El Banco y El Plato,3.24727272987366,4.5381817817688,6,6,0.539855062961578,0.786231875419617,1,1,1.05999994277954,2022,08,442,256,271.359985351563,2,179.655151367188,2022-08-01,270.444549560547,280.253326416016,327.254150390625
25021330,Pluviométrica,Convencional,Bolívar,Mompós,9.1154,-74.6135,20,10/15/1976,,Caribe,Magdalena Cauca,Bajo Magdalena,Directos Bajo Magdalena entre El Banco y El Plato,3.24727272987366,4.5381817817688,6,6,0.539855062961578,0.786231875419617,1,1,1.04999995231628,2022,09,541,541,568.04997420311,0,201.766464233398,2022-09-01,257.383758544922,294.858184814453,294.521270751953
25021330,Pluviométrica,Convencional,Bolívar,Mompós,9.1154,-74.6135,20,10/15/1976,,Caribe,Magdalena Cauca,Bajo Magdalena,Directos Bajo Magdalena entre El Banco y El Plato,3.24727272987366,4.5381817817688,6,6,0.539855062961578,0.786231875419617,1,1,1.04999995231628,2022,10,477,477,500.849977254868,0,277.535003662109,2022-10-01,265.378631591797,597.527221679688,603.289245605469
25021330,Pluviométrica,Convencional,Bolívar,Mompós,9.1154,-74.6135,20,10/15/1976,,Caribe,Magdalena Cauca,Bajo Magdalena,Directos Bajo Magdalena entre El Banco y El Plato,3.24727272987366,4.5381817817688,6,6,0.539855062961578,0.786231875419617,1,1,1.05999994277954,2022,11,600,600,635.999965667725,0,203.888748168945,2022-11-01,360.849884033203,278.066986083984,362.963287353516
25021330,Pluviométrica,Convencional,Bolívar,Mompós,9.1154,-74.6135,20,10/15/1976,,Caribe,Magdalena Cauca,Bajo Magdalena,Directos Bajo Magdalena entre El Banco y El Plato,3.24727272987366,4.5381817817688,6,6,0.539855062961578,0.786231875419617,1,1,1.11000001430511,2022,12,286,286,317.460004091263,0,11.6522836685181,2022-12-01,21.198299407959,14.4847564697266,25.7828845977783
25021330,Pluviométrica,Convencional,Bolívar,Mompós,9.1154,-74.6135,20,10/15/1976,,Caribe,Magdalena Cauca,Bajo Magdalena,Directos Bajo Magdalena entre El Banco y El Plato,3.24727272987366,4.5381817817688,6,6,0.539855062961578,0.786231875419617,1,1,1.13999998569489,2023,01,57,57,64.9799991846085,0,18.644063949585,2023-01-01,57.3865585327149,34.3605041503906,59.7174110412598
25021330,Pluviométrica,Convencional,Bolívar,Mompós,9.1154,-74.6135,20,10/15/1976,,Caribe,Magdalena Cauca,Bajo Magdalena,Directos Bajo Magdalena entre El Banco y El Plato,3.24727272987366,4.5381817817688,6,6,0.539855062961578,0.786231875419617,1,1,1.14999997615814,2023,02,0,0,0,0,13.0353775024414,2023-02-01,1.67565608024597,10.4905586242676,1.97366607189178
25021330,Pluviométrica,Convencional,Bolívar,Mompós,9.1154,-74.6135,20,10/15/1976,,Caribe,Magdalena Cauca,Bajo Magdalena,Directos Bajo Magdalena entre El Banco y El Plato,3.24727272987366,4.5381817817688,6,6,0.539855062961578,0.786231875419617,1,1,1.12999999523163,2023,03,11,11,12.4299999475479,0,27.5741138458252,2023-03-01,29.2190971374512,32.6731567382813,31.0541477203369
25021330,Pluviométrica,Convencional,Bolívar,Mompós,9.1154,-74.6135,20,10/15/1976,,Caribe,Magdalena Cauca,Bajo Magdalena,Directos Bajo Magdalena entre El Banco y El Plato,3.24727272987366,4.5381817817688,6,6,0.539855062961578,0.786231875419617,1,1,1.0900000333786,2023,04,81,81,88.2900027036667,0,52.4477577209473,2023-04-01,65.3794555664063,66.3421783447266,111.249076843262
25021330,Pluviométrica,Convencional,Bolívar,Mompós,9.1154,-74.6135,20,10/15/1976,,Caribe,Magdalena Cauca,Bajo Magdalena,Directos Bajo Magdalena entre El Banco y El Plato,3.24727272987366,4.5381817817688,6,6,0.539855062961578,0.786231875419617,1,1,1.05999994277954,2023,05,272,272,288.319984436035,0,102.839736938477,2023-05-01,218.751266479492,178.045623779297,251.629959106445
25021330,Pluviométrica,Convencional,Bolívar,Mompós,9.1154,-74.6135,20,10/15/1976,,Caribe,Magdalena Cauca,Bajo Magdalena,Directos Bajo Magdalena entre El Banco y El Plato,3.24727272987366,4.5381817817688,6,6,0.539855062961578,0.786231875419617,1,1,1.05999994277954,2023,06,154,154,163.239991188049,0,213.446533203125,2023-06-01,255.777374267578,218.528793334961,251.797790527344
25021330,Pluviométrica,Convencional,Bolívar,Mompós,9.1154,-74.6135,20,10/15/1976,,Caribe,Magdalena Cauca,Bajo Magdalena,Directos Bajo Magdalena entre El Banco y El Plato,3.24727272987366,4.5381817817688,6,6,0.539855062961578,0.786231875419617,1,1,1.05999994277954,2023,07,133,133,140.979992389679,0,173.606384277344,2023-07-01,222.224273681641,153.725128173828,168.871078491211
25021330,Pluviométrica,Convencional,Bolívar,Mompós,9.1154,-74.6135,20,10/15/1976,,Caribe,Magdalena Cauca,Bajo Magdalena,Directos Bajo Magdalena entre El Banco y El Plato,3.24727272987366,4.5381817817688,6,6,0.539855062961578,0.786231875419617,1,1,1.05999994277954,2023,08,269,269,285.139984607697,0,157.779022216797,2023-08-01,239.254867553711,135.551910400391,167.203338623047
25021330,Pluviométrica,Convencional,Bolívar,Mompós,9.1154,-74.6135,20,10/15/1976,,Caribe,Magdalena Cauca,Bajo Magdalena,Directos Bajo Magdalena entre El Banco y El Plato,3.24727272987366,4.5381817817688,6,6,0.539855062961578,0.786231875419617,1,1,1.04999995231628,2023,09,255,255,267.749987840653,0,147.950592041016,2023-09-01,184.407730102539,177.63591003418,180.826110839844
25021330,Pluviométrica,Convencional,Bolívar,Mompós,9.1154,-74.6135,20,10/15/1976,,Caribe,Magdalena Cauca,Bajo Magdalena,Directos Bajo Magdalena entre El Banco y El Plato,3.24727272987366,4.5381817817688,6,6,0.539855062961578,0.786231875419617,1,1,1.04999995231628,2023,10,112,112,117.599994659424,0,255.429168701172,2023-10-01,243.109573364258,357.854583740234,284.069732666016
25021330,Pluviométrica,Convencional,Bolívar,Mompós,9.1154,-74.6135,20,10/15/1976,,Caribe,Magdalena Cauca,Bajo Magdalena,Directos Bajo Magdalena entre El Banco y El Plato,3.24727272987366,4.5381817817688,6,6,0.539855062961578,0.786231875419617,1,1,1.05999994277954,2023,11,0,0,0,30,90.5869216918945,2023-11-01,140.023422241211,182.901260375977,212.221298217773
25021330,Pluviométrica,Convencional,Bolívar,Mompós,9.1154,-74.6135,20,10/15/1976,,Caribe,Magdalena Cauca,Bajo Magdalena,Directos Bajo Magdalena entre El Banco y El Plato,3.24727272987366,4.5381817817688,6,6,0.539855062961578,0.786231875419617,1,1,1.11000001430511,2023,12,0,0,0,31,15.4836349487305,2023-12-01,37.9646987915039,35.9546241760254,74.0050506591797
