gauge_code,category,tecnology,state,municipality,latitude,longitude,elevation,instalation_date,suspention_date,nat_region,hidrographic_area,hidrographic_zone,hidrographic_subzone,mean_gauges_v2,mean_gauges_v3,max_gauges_v2,max_gauges_v3,mean_gauges_v2_005,mean_gauges_v3_005,max_gauges_v2_005,max_gauges_v3_005,factor,year,month,pcp_ideam,pcp_ideam_flag,pcp_ideam_flag_scale,na_count_ideam,chirpv2,date,chirpv3,chirpsv2,chirpsv3
25021540,Pluviométrica,Convencional,Bolívar,San Martín De Loba,8.95,-74.05,30,11/15/1978,,Caribe,Magdalena Cauca,Bajo Magdalena,Directos Bajo Magdalena entre El Banco y El Plato,1.1345454454422,1.58545458316803,2,2,0.568840563297272,0.757246375083923,1,1,1.11000001430511,2001,01,0,0,0,0,13.027660369873,2001-01-01,8.81363391876221,5.05154275894165,5.78111028671265
25021540,Pluviométrica,Convencional,Bolívar,San Martín De Loba,8.95,-74.05,30,11/15/1978,,Caribe,Magdalena Cauca,Bajo Magdalena,Directos Bajo Magdalena entre El Banco y El Plato,1.1345454454422,1.58545458316803,2,2,0.568840563297272,0.757246375083923,1,1,1.12000000476837,2001,02,0,0,0,0,14.3085918426514,2001-02-01,7.87772226333618,6.18724060058594,5.14295196533203
25021540,Pluviométrica,Convencional,Bolívar,San Martín De Loba,8.95,-74.05,30,11/15/1978,,Caribe,Magdalena Cauca,Bajo Magdalena,Directos Bajo Magdalena entre El Banco y El Plato,1.1345454454422,1.58545458316803,2,2,0.568840563297272,0.757246375083923,1,1,1.10000002384186,2001,03,48,48,52.8000011444092,0,39.3564682006836,2001-03-01,46.526741027832,59.0170478820801,78.5755386352539
25021540,Pluviométrica,Convencional,Bolívar,San Martín De Loba,8.95,-74.05,30,11/15/1978,,Caribe,Magdalena Cauca,Bajo Magdalena,Directos Bajo Magdalena entre El Banco y El Plato,1.1345454454422,1.58545458316803,2,2,0.568840563297272,0.757246375083923,1,1,1.07000005245209,2001,04,81,81,86.6700042486191,1,133.742279052734,2001-04-01,146.283508300781,67.5369873046875,75.0096282958984
25021540,Pluviométrica,Convencional,Bolívar,San Martín De Loba,8.95,-74.05,30,11/15/1978,,Caribe,Magdalena Cauca,Bajo Magdalena,Directos Bajo Magdalena entre El Banco y El Plato,1.1345454454422,1.58545458316803,2,2,0.568840563297272,0.757246375083923,1,1,1.04999995231628,2001,05,252,252,264.599987983704,0,178.22248840332,2001-05-01,253.605346679688,250.325607299805,280.005981445313
25021540,Pluviométrica,Convencional,Bolívar,San Martín De Loba,8.95,-74.05,30,11/15/1978,,Caribe,Magdalena Cauca,Bajo Magdalena,Directos Bajo Magdalena entre El Banco y El Plato,1.1345454454422,1.58545458316803,2,2,0.568840563297272,0.757246375083923,1,1,1.04999995231628,2001,06,106,106,111.299994945526,0,125.170402526855,2001-06-01,137.94709777832,75.879524230957,79.9150848388672
25021540,Pluviométrica,Convencional,Bolívar,San Martín De Loba,8.95,-74.05,30,11/15/1978,,Caribe,Magdalena Cauca,Bajo Magdalena,Directos Bajo Magdalena entre El Banco y El Plato,1.1345454454422,1.58545458316803,2,2,0.568840563297272,0.757246375083923,1,1,1.04999995231628,2001,07,98,98,102.899995326996,0,137.655792236328,2001-07-01,193.871673583984,135.506622314453,165.778869628906
25021540,Pluviométrica,Convencional,Bolívar,San Martín De Loba,8.95,-74.05,30,11/15/1978,,Caribe,Magdalena Cauca,Bajo Magdalena,Directos Bajo Magdalena entre El Banco y El Plato,1.1345454454422,1.58545458316803,2,2,0.568840563297272,0.757246375083923,1,1,1.04999995231628,2001,08,87,87,91.3499958515167,0,165.410705566406,2001-08-01,169.647674560547,119.399452209473,122.312698364258
25021540,Pluviométrica,Convencional,Bolívar,San Martín De Loba,8.95,-74.05,30,11/15/1978,,Caribe,Magdalena Cauca,Bajo Magdalena,Directos Bajo Magdalena entre El Banco y El Plato,1.1345454454422,1.58545458316803,2,2,0.568840563297272,0.757246375083923,1,1,1.04999995231628,2001,09,265,265,278.249987363815,0,246.491622924805,2001-09-01,281.021362304688,254.424911499023,277.641265869141
25021540,Pluviométrica,Convencional,Bolívar,San Martín De Loba,8.95,-74.05,30,11/15/1978,,Caribe,Magdalena Cauca,Bajo Magdalena,Directos Bajo Magdalena entre El Banco y El Plato,1.1345454454422,1.58545458316803,2,2,0.568840563297272,0.757246375083923,1,1,1.03999996185303,2001,10,375,375,389.999985694885,0,349.025360107422,2001-10-01,365.823425292969,334.012145996094,337.454895019531
25021540,Pluviométrica,Convencional,Bolívar,San Martín De Loba,8.95,-74.05,30,11/15/1978,,Caribe,Magdalena Cauca,Bajo Magdalena,Directos Bajo Magdalena entre El Banco y El Plato,1.1345454454422,1.58545458316803,2,2,0.568840563297272,0.757246375083923,1,1,1.04999995231628,2001,11,261,261,274.04998755455,0,323.668487548828,2001-11-01,245.100463867188,259.083801269531,280.016418457031
25021540,Pluviométrica,Convencional,Bolívar,San Martín De Loba,8.95,-74.05,30,11/15/1978,,Caribe,Magdalena Cauca,Bajo Magdalena,Directos Bajo Magdalena entre El Banco y El Plato,1.1345454454422,1.58545458316803,2,2,0.568840563297272,0.757246375083923,1,1,1.0900000333786,2001,12,192,192,209.280006408691,0,97.9800643920898,2001-12-01,245.278259277344,159.706665039063,218.300003051758
25021540,Pluviométrica,Convencional,Bolívar,San Martín De Loba,8.95,-74.05,30,11/15/1978,,Caribe,Magdalena Cauca,Bajo Magdalena,Directos Bajo Magdalena entre El Banco y El Plato,1.1345454454422,1.58545458316803,2,2,0.568840563297272,0.757246375083923,1,1,1.11000001430511,2002,01,0,0,0,0,15.1373100280762,2002-01-01,11.6295986175537,11.19753074646,17.2801570892334
25021540,Pluviométrica,Convencional,Bolívar,San Martín De Loba,8.95,-74.05,30,11/15/1978,,Caribe,Magdalena Cauca,Bajo Magdalena,Directos Bajo Magdalena entre El Banco y El Plato,1.1345454454422,1.58545458316803,2,2,0.568840563297272,0.757246375083923,1,1,1.12000000476837,2002,02,0,0,0,0,18.8127307891846,2002-02-01,20.029052734375,14.6822719573975,19.7428894042969
25021540,Pluviométrica,Convencional,Bolívar,San Martín De Loba,8.95,-74.05,30,11/15/1978,,Caribe,Magdalena Cauca,Bajo Magdalena,Directos Bajo Magdalena entre El Banco y El Plato,1.1345454454422,1.58545458316803,2,2,0.568840563297272,0.757246375083923,1,1,1.10000002384186,2002,03,74,74,81.4000017642975,0,36.1797904968262,2002-03-01,46.9868621826172,50.8231925964356,61.0635185241699
25021540,Pluviométrica,Convencional,Bolívar,San Martín De Loba,8.95,-74.05,30,11/15/1978,,Caribe,Magdalena Cauca,Bajo Magdalena,Directos Bajo Magdalena entre El Banco y El Plato,1.1345454454422,1.58545458316803,2,2,0.568840563297272,0.757246375083923,1,1,1.07000005245209,2002,04,92,92,98.440004825592,0,129.992248535156,2002-04-01,141.791519165039,122.363052368164,135.720062255859
25021540,Pluviométrica,Convencional,Bolívar,San Martín De Loba,8.95,-74.05,30,11/15/1978,,Caribe,Magdalena Cauca,Bajo Magdalena,Directos Bajo Magdalena entre El Banco y El Plato,1.1345454454422,1.58545458316803,2,2,0.568840563297272,0.757246375083923,1,1,1.04999995231628,2002,05,180,180,188.999991416931,0,143.48095703125,2002-05-01,195.904190063477,170.899291992188,189.100387573242
25021540,Pluviométrica,Convencional,Bolívar,San Martín De Loba,8.95,-74.05,30,11/15/1978,,Caribe,Magdalena Cauca,Bajo Magdalena,Directos Bajo Magdalena entre El Banco y El Plato,1.1345454454422,1.58545458316803,2,2,0.568840563297272,0.757246375083923,1,1,1.04999995231628,2002,06,218,218,228.89998960495,0,155.420043945313,2002-06-01,175.693756103516,221.011856079102,228.893402099609
25021540,Pluviométrica,Convencional,Bolívar,San Martín De Loba,8.95,-74.05,30,11/15/1978,,Caribe,Magdalena Cauca,Bajo Magdalena,Directos Bajo Magdalena entre El Banco y El Plato,1.1345454454422,1.58545458316803,2,2,0.568840563297272,0.757246375083923,1,1,1.04999995231628,2002,07,97,97,101.84999537468,0,95.37939453125,2002-07-01,118.592529296875,71.6666107177734,88.5562057495117
25021540,Pluviométrica,Convencional,Bolívar,San Martín De Loba,8.95,-74.05,30,11/15/1978,,Caribe,Magdalena Cauca,Bajo Magdalena,Directos Bajo Magdalena entre El Banco y El Plato,1.1345454454422,1.58545458316803,2,2,0.568840563297272,0.757246375083923,1,1,1.04999995231628,2002,08,124,124,130.199994087219,0,180.861083984375,2002-08-01,187.338073730469,128.632171630859,126.710525512695
25021540,Pluviométrica,Convencional,Bolívar,San Martín De Loba,8.95,-74.05,30,11/15/1978,,Caribe,Magdalena Cauca,Bajo Magdalena,Directos Bajo Magdalena entre El Banco y El Plato,1.1345454454422,1.58545458316803,2,2,0.568840563297272,0.757246375083923,1,1,1.04999995231628,2002,09,261,261,274.04998755455,0,292.513885498047,2002-09-01,347.865844726563,232.811218261719,261.512939453125
25021540,Pluviométrica,Convencional,Bolívar,San Martín De Loba,8.95,-74.05,30,11/15/1978,,Caribe,Magdalena Cauca,Bajo Magdalena,Directos Bajo Magdalena entre El Banco y El Plato,1.1345454454422,1.58545458316803,2,2,0.568840563297272,0.757246375083923,1,1,1.03999996185303,2002,10,253,253,263.119990348816,0,371.889465332031,2002-10-01,381.897796630859,288.347290039063,303.614868164063
25021540,Pluviométrica,Convencional,Bolívar,San Martín De Loba,8.95,-74.05,30,11/15/1978,,Caribe,Magdalena Cauca,Bajo Magdalena,Directos Bajo Magdalena entre El Banco y El Plato,1.1345454454422,1.58545458316803,2,2,0.568840563297272,0.757246375083923,1,1,1.04999995231628,2002,11,165,165,173.249992132187,0,208.933502197266,2002-11-01,156.164535522461,127.052673339844,134.252410888672
25021540,Pluviométrica,Convencional,Bolívar,San Martín De Loba,8.95,-74.05,30,11/15/1978,,Caribe,Magdalena Cauca,Bajo Magdalena,Directos Bajo Magdalena entre El Banco y El Plato,1.1345454454422,1.58545458316803,2,2,0.568840563297272,0.757246375083923,1,1,1.0900000333786,2002,12,15,15,16.350000500679,0,20.6676807403564,2002-12-01,17.9217166900635,21.9812469482422,33.5752143859863
25021540,Pluviométrica,Convencional,Bolívar,San Martín De Loba,8.95,-74.05,30,11/15/1978,,Caribe,Magdalena Cauca,Bajo Magdalena,Directos Bajo Magdalena entre El Banco y El Plato,1.1345454454422,1.58545458316803,2,2,0.568840563297272,0.757246375083923,1,1,1.11000001430511,2003,01,12,12,13.3200001716614,0,7.31164503097534,2003-01-01,1.89379489421844,3.69563055038452,2.15857768058777
25021540,Pluviométrica,Convencional,Bolívar,San Martín De Loba,8.95,-74.05,30,11/15/1978,,Caribe,Magdalena Cauca,Bajo Magdalena,Directos Bajo Magdalena entre El Banco y El Plato,1.1345454454422,1.58545458316803,2,2,0.568840563297272,0.757246375083923,1,1,1.12000000476837,2003,02,27,27,30.240000128746,0,18.9230403900147,2003-02-01,18.8394546508789,16.4571743011475,22.0627574920654
25021540,Pluviométrica,Convencional,Bolívar,San Martín De Loba,8.95,-74.05,30,11/15/1978,,Caribe,Magdalena Cauca,Bajo Magdalena,Directos Bajo Magdalena entre El Banco y El Plato,1.1345454454422,1.58545458316803,2,2,0.568840563297272,0.757246375083923,1,1,1.10000002384186,2003,03,87,87,95.7000020742416,0,46.9342880249023,2003-03-01,58.508415222168,67.5020446777344,84.044677734375
25021540,Pluviométrica,Convencional,Bolívar,San Martín De Loba,8.95,-74.05,30,11/15/1978,,Caribe,Magdalena Cauca,Bajo Magdalena,Directos Bajo Magdalena entre El Banco y El Plato,1.1345454454422,1.58545458316803,2,2,0.568840563297272,0.757246375083923,1,1,1.07000005245209,2003,04,114,114,121.980005979538,0,151.541244506836,2003-04-01,176.42919921875,138.425262451172,159.171951293945
25021540,Pluviométrica,Convencional,Bolívar,San Martín De Loba,8.95,-74.05,30,11/15/1978,,Caribe,Magdalena Cauca,Bajo Magdalena,Directos Bajo Magdalena entre El Banco y El Plato,1.1345454454422,1.58545458316803,2,2,0.568840563297272,0.757246375083923,1,1,1.04999995231628,2003,05,118,118,123.899994373322,0,195.718322753906,2003-05-01,283.173034667969,125.391761779785,147.51091003418
25021540,Pluviométrica,Convencional,Bolívar,San Martín De Loba,8.95,-74.05,30,11/15/1978,,Caribe,Magdalena Cauca,Bajo Magdalena,Directos Bajo Magdalena entre El Banco y El Plato,1.1345454454422,1.58545458316803,2,2,0.568840563297272,0.757246375083923,1,1,1.04999995231628,2003,06,376,376,394.799982070923,0,229.1552734375,2003-06-01,277.425537109375,317.575012207031,342.305419921875
25021540,Pluviométrica,Convencional,Bolívar,San Martín De Loba,8.95,-74.05,30,11/15/1978,,Caribe,Magdalena Cauca,Bajo Magdalena,Directos Bajo Magdalena entre El Banco y El Plato,1.1345454454422,1.58545458316803,2,2,0.568840563297272,0.757246375083923,1,1,1.04999995231628,2003,07,79,79,82.9499962329865,0,134.597045898438,2003-07-01,179.428894042969,80.8961181640625,103.52685546875
25021540,Pluviométrica,Convencional,Bolívar,San Martín De Loba,8.95,-74.05,30,11/15/1978,,Caribe,Magdalena Cauca,Bajo Magdalena,Directos Bajo Magdalena entre El Banco y El Plato,1.1345454454422,1.58545458316803,2,2,0.568840563297272,0.757246375083923,1,1,1.04999995231628,2003,08,122,122,128.099994182587,0,227.812652587891,2003-08-01,247.344741821289,174.259078979492,177.709197998047
25021540,Pluviométrica,Convencional,Bolívar,San Martín De Loba,8.95,-74.05,30,11/15/1978,,Caribe,Magdalena Cauca,Bajo Magdalena,Directos Bajo Magdalena entre El Banco y El Plato,1.1345454454422,1.58545458316803,2,2,0.568840563297272,0.757246375083923,1,1,1.04999995231628,2003,09,344,344,361.199983596802,0,246.910140991211,2003-09-01,288.271911621094,320.339019775391,360.743774414063
25021540,Pluviométrica,Convencional,Bolívar,San Martín De Loba,8.95,-74.05,30,11/15/1978,,Caribe,Magdalena Cauca,Bajo Magdalena,Directos Bajo Magdalena entre El Banco y El Plato,1.1345454454422,1.58545458316803,2,2,0.568840563297272,0.757246375083923,1,1,1.03999996185303,2003,10,416.8,416.8,433.471984100342,0,398.1767578125,2003-10-01,417.233917236328,407.803314208984,434.574066162109
25021540,Pluviométrica,Convencional,Bolívar,San Martín De Loba,8.95,-74.05,30,11/15/1978,,Caribe,Magdalena Cauca,Bajo Magdalena,Directos Bajo Magdalena entre El Banco y El Plato,1.1345454454422,1.58545458316803,2,2,0.568840563297272,0.757246375083923,1,1,1.04999995231628,2003,11,299,299,313.949985742569,0,368.486267089844,2003-11-01,291.365051269531,245.933151245117,259.145751953125
25021540,Pluviométrica,Convencional,Bolívar,San Martín De Loba,8.95,-74.05,30,11/15/1978,,Caribe,Magdalena Cauca,Bajo Magdalena,Directos Bajo Magdalena entre El Banco y El Plato,1.1345454454422,1.58545458316803,2,2,0.568840563297272,0.757246375083923,1,1,1.0900000333786,2003,12,83,83,90.4700027704239,0,64.1761016845703,2003-12-01,109.160926818848,82.0345458984375,109.910034179688
25021540,Pluviométrica,Convencional,Bolívar,San Martín De Loba,8.95,-74.05,30,11/15/1978,,Caribe,Magdalena Cauca,Bajo Magdalena,Directos Bajo Magdalena entre El Banco y El Plato,1.1345454454422,1.58545458316803,2,2,0.568840563297272,0.757246375083923,1,1,1.11000001430511,2004,01,7,7,7.7700001001358,0,14.285548210144,2004-01-01,11.405764579773,5.76329183578491,8.72384452819824
25021540,Pluviométrica,Convencional,Bolívar,San Martín De Loba,8.95,-74.05,30,11/15/1978,,Caribe,Magdalena Cauca,Bajo Magdalena,Directos Bajo Magdalena entre El Banco y El Plato,1.1345454454422,1.58545458316803,2,2,0.568840563297272,0.757246375083923,1,1,1.12000000476837,2004,02,0,0,0,0,15.0284042358398,2004-02-01,7.87772226333618,8.46207714080811,5.94019412994385
25021540,Pluviométrica,Convencional,Bolívar,San Martín De Loba,8.95,-74.05,30,11/15/1978,,Caribe,Magdalena Cauca,Bajo Magdalena,Directos Bajo Magdalena entre El Banco y El Plato,1.1345454454422,1.58545458316803,2,2,0.568840563297272,0.757246375083923,1,1,1.10000002384186,2004,03,14,14,15.400000333786,0,22.292013168335,2004-03-01,6.64941263198853,15.554295539856,8.0270299911499
25021540,Pluviométrica,Convencional,Bolívar,San Martín De Loba,8.95,-74.05,30,11/15/1978,,Caribe,Magdalena Cauca,Bajo Magdalena,Directos Bajo Magdalena entre El Banco y El Plato,1.1345454454422,1.58545458316803,2,2,0.568840563297272,0.757246375083923,1,1,1.07000005245209,2004,04,299,299,319.930015683174,0,141.024917602539,2004-04-01,149.637435913086,189.853820800781,196.818557739258
25021540,Pluviométrica,Convencional,Bolívar,San Martín De Loba,8.95,-74.05,30,11/15/1978,,Caribe,Magdalena Cauca,Bajo Magdalena,Directos Bajo Magdalena entre El Banco y El Plato,1.1345454454422,1.58545458316803,2,2,0.568840563297272,0.757246375083923,1,1,1.04999995231628,2004,05,128,128,134.399993896484,0,206.133377075195,2004-05-01,301.599395751953,220.832809448242,266.767730712891
25021540,Pluviométrica,Convencional,Bolívar,San Martín De Loba,8.95,-74.05,30,11/15/1978,,Caribe,Magdalena Cauca,Bajo Magdalena,Directos Bajo Magdalena entre El Banco y El Plato,1.1345454454422,1.58545458316803,2,2,0.568840563297272,0.757246375083923,1,1,1.04999995231628,2004,06,276,276,289.799986839294,0,183.675872802734,2004-06-01,219.062942504883,129.857345581055,142.667129516602
25021540,Pluviométrica,Convencional,Bolívar,San Martín De Loba,8.95,-74.05,30,11/15/1978,,Caribe,Magdalena Cauca,Bajo Magdalena,Directos Bajo Magdalena entre El Banco y El Plato,1.1345454454422,1.58545458316803,2,2,0.568840563297272,0.757246375083923,1,1,1.04999995231628,2004,07,84,84,88.1999959945679,0,148.081161499023,2004-07-01,208.825439453125,170.322937011719,206.289215087891
25021540,Pluviométrica,Convencional,Bolívar,San Martín De Loba,8.95,-74.05,30,11/15/1978,,Caribe,Magdalena Cauca,Bajo Magdalena,Directos Bajo Magdalena entre El Banco y El Plato,1.1345454454422,1.58545458316803,2,2,0.568840563297272,0.757246375083923,1,1,1.04999995231628,2004,08,288,288,302.39998626709,0,208.28694152832,2004-08-01,217.667175292969,184.776779174805,181.356399536133
25021540,Pluviométrica,Convencional,Bolívar,San Martín De Loba,8.95,-74.05,30,11/15/1978,,Caribe,Magdalena Cauca,Bajo Magdalena,Directos Bajo Magdalena entre El Banco y El Plato,1.1345454454422,1.58545458316803,2,2,0.568840563297272,0.757246375083923,1,1,1.04999995231628,2004,09,188,188,197.399991035461,0,257.614135742188,2004-09-01,298.441284179688,253.746673583984,287.611877441406
25021540,Pluviométrica,Convencional,Bolívar,San Martín De Loba,8.95,-74.05,30,11/15/1978,,Caribe,Magdalena Cauca,Bajo Magdalena,Directos Bajo Magdalena entre El Banco y El Plato,1.1345454454422,1.58545458316803,2,2,0.568840563297272,0.757246375083923,1,1,1.03999996185303,2004,10,0,0,0,31,420.114288330078,2004-10-01,450.736389160156,503.051879882813,566.085815429688
25021540,Pluviométrica,Convencional,Bolívar,San Martín De Loba,8.95,-74.05,30,11/15/1978,,Caribe,Magdalena Cauca,Bajo Magdalena,Directos Bajo Magdalena entre El Banco y El Plato,1.1345454454422,1.58545458316803,2,2,0.568840563297272,0.757246375083923,1,1,1.04999995231628,2004,11,0,0,0,30,244.09423828125,2004-11-01,189.265960693359,226.909545898438,257.038513183594
25021540,Pluviométrica,Convencional,Bolívar,San Martín De Loba,8.95,-74.05,30,11/15/1978,,Caribe,Magdalena Cauca,Bajo Magdalena,Directos Bajo Magdalena entre El Banco y El Plato,1.1345454454422,1.58545458316803,2,2,0.568840563297272,0.757246375083923,1,1,1.0900000333786,2004,12,0,0,0,31,20.474910736084,2004-12-01,30.9437637329102,22.6661758422852,43.661304473877
25021540,Pluviométrica,Convencional,Bolívar,San Martín De Loba,8.95,-74.05,30,11/15/1978,,Caribe,Magdalena Cauca,Bajo Magdalena,Directos Bajo Magdalena entre El Banco y El Plato,1.1345454454422,1.58545458316803,2,2,0.568840563297272,0.757246375083923,1,1,1.11000001430511,2005,01,103,103,114.330001473427,0,27.3208904266357,2005-01-01,26.3339366912842,45.8311958312988,61.5888061523438
25021540,Pluviométrica,Convencional,Bolívar,San Martín De Loba,8.95,-74.05,30,11/15/1978,,Caribe,Magdalena Cauca,Bajo Magdalena,Directos Bajo Magdalena entre El Banco y El Plato,1.1345454454422,1.58545458316803,2,2,0.568840563297272,0.757246375083923,1,1,1.12000000476837,2005,02,209,209,234.08000099659,0,19.084400177002,2005-02-01,21.0190391540527,40.4519348144531,50.369384765625
25021540,Pluviométrica,Convencional,Bolívar,San Martín De Loba,8.95,-74.05,30,11/15/1978,,Caribe,Magdalena Cauca,Bajo Magdalena,Directos Bajo Magdalena entre El Banco y El Plato,1.1345454454422,1.58545458316803,2,2,0.568840563297272,0.757246375083923,1,1,1.10000002384186,2005,03,95,95,104.500002264977,0,37.6780395507813,2005-03-01,39.9179344177246,53.2338104248047,63.1968231201172
25021540,Pluviométrica,Convencional,Bolívar,San Martín De Loba,8.95,-74.05,30,11/15/1978,,Caribe,Magdalena Cauca,Bajo Magdalena,Directos Bajo Magdalena entre El Banco y El Plato,1.1345454454422,1.58545458316803,2,2,0.568840563297272,0.757246375083923,1,1,1.07000005245209,2005,04,129,129,138.030006766319,0,221.203353881836,2005-04-01,253.193252563477,157.455520629883,163.218444824219
25021540,Pluviométrica,Convencional,Bolívar,San Martín De Loba,8.95,-74.05,30,11/15/1978,,Caribe,Magdalena Cauca,Bajo Magdalena,Directos Bajo Magdalena entre El Banco y El Plato,1.1345454454422,1.58545458316803,2,2,0.568840563297272,0.757246375083923,1,1,1.04999995231628,2005,05,187,187,196.349991083145,0,189.482299804688,2005-05-01,269.869354248047,203.824737548828,225.842361450195
25021540,Pluviométrica,Convencional,Bolívar,San Martín De Loba,8.95,-74.05,30,11/15/1978,,Caribe,Magdalena Cauca,Bajo Magdalena,Directos Bajo Magdalena entre El Banco y El Plato,1.1345454454422,1.58545458316803,2,2,0.568840563297272,0.757246375083923,1,1,1.04999995231628,2005,06,279,279,292.949986696243,0,227.112991333008,2005-06-01,277.522338867188,230.322875976563,260.134857177734
25021540,Pluviométrica,Convencional,Bolívar,San Martín De Loba,8.95,-74.05,30,11/15/1978,,Caribe,Magdalena Cauca,Bajo Magdalena,Directos Bajo Magdalena entre El Banco y El Plato,1.1345454454422,1.58545458316803,2,2,0.568840563297272,0.757246375083923,1,1,1.04999995231628,2005,07,115,115,120.749994516373,0,117.277236938477,2005-07-01,169.841567993164,94.8325119018555,119.417015075684
25021540,Pluviométrica,Convencional,Bolívar,San Martín De Loba,8.95,-74.05,30,11/15/1978,,Caribe,Magdalena Cauca,Bajo Magdalena,Directos Bajo Magdalena entre El Banco y El Plato,1.1345454454422,1.58545458316803,2,2,0.568840563297272,0.757246375083923,1,1,1.04999995231628,2005,08,205,205,215.249990224838,0,238.466522216797,2005-08-01,257.992309570313,218.126571655273,227.920181274414
25021540,Pluviométrica,Convencional,Bolívar,San Martín De Loba,8.95,-74.05,30,11/15/1978,,Caribe,Magdalena Cauca,Bajo Magdalena,Directos Bajo Magdalena entre El Banco y El Plato,1.1345454454422,1.58545458316803,2,2,0.568840563297272,0.757246375083923,1,1,1.04999995231628,2005,09,307,307,322.349985361099,0,273.15625,2005-09-01,316.346984863281,299.179901123047,314.494140625
25021540,Pluviométrica,Convencional,Bolívar,San Martín De Loba,8.95,-74.05,30,11/15/1978,,Caribe,Magdalena Cauca,Bajo Magdalena,Directos Bajo Magdalena entre El Banco y El Plato,1.1345454454422,1.58545458316803,2,2,0.568840563297272,0.757246375083923,1,1,1.03999996185303,2005,10,441,441,458.639983177185,0,415.066741943359,2005-10-01,453.226196289063,467.412536621094,502.216430664063
25021540,Pluviométrica,Convencional,Bolívar,San Martín De Loba,8.95,-74.05,30,11/15/1978,,Caribe,Magdalena Cauca,Bajo Magdalena,Directos Bajo Magdalena entre El Banco y El Plato,1.1345454454422,1.58545458316803,2,2,0.568840563297272,0.757246375083923,1,1,1.04999995231628,2005,11,535,535,561.749974489212,0,419.933563232422,2005-11-01,330.271697998047,487.229339599609,510.146118164063
25021540,Pluviométrica,Convencional,Bolívar,San Martín De Loba,8.95,-74.05,30,11/15/1978,,Caribe,Magdalena Cauca,Bajo Magdalena,Directos Bajo Magdalena entre El Banco y El Plato,1.1345454454422,1.58545458316803,2,2,0.568840563297272,0.757246375083923,1,1,1.0900000333786,2005,12,89,89,97.0100029706955,0,28.9191513061523,2005-12-01,56.8515167236328,47.6793060302734,83.2280654907227
25021540,Pluviométrica,Convencional,Bolívar,San Martín De Loba,8.95,-74.05,30,11/15/1978,,Caribe,Magdalena Cauca,Bajo Magdalena,Directos Bajo Magdalena entre El Banco y El Plato,1.1345454454422,1.58545458316803,2,2,0.568840563297272,0.757246375083923,1,1,1.11000001430511,2006,01,69,69,76.5900009870529,0,31.2471771240234,2006-01-01,38.1223182678223,37.9906692504883,56.0204811096191
25021540,Pluviométrica,Convencional,Bolívar,San Martín De Loba,8.95,-74.05,30,11/15/1978,,Caribe,Magdalena Cauca,Bajo Magdalena,Directos Bajo Magdalena entre El Banco y El Plato,1.1345454454422,1.58545458316803,2,2,0.568840563297272,0.757246375083923,1,1,1.12000000476837,2006,02,48,48,53.7600002288818,0,32.4266548156738,2006-02-01,59.7532234191895,35.6033439636231,57.8360748291016
25021540,Pluviométrica,Convencional,Bolívar,San Martín De Loba,8.95,-74.05,30,11/15/1978,,Caribe,Magdalena Cauca,Bajo Magdalena,Directos Bajo Magdalena entre El Banco y El Plato,1.1345454454422,1.58545458316803,2,2,0.568840563297272,0.757246375083923,1,1,1.10000002384186,2006,03,107,107,117.700002551079,0,88.3579635620117,2006-03-01,166.359008789063,87.6686401367188,126.594551086426
25021540,Pluviométrica,Convencional,Bolívar,San Martín De Loba,8.95,-74.05,30,11/15/1978,,Caribe,Magdalena Cauca,Bajo Magdalena,Directos Bajo Magdalena entre El Banco y El Plato,1.1345454454422,1.58545458316803,2,2,0.568840563297272,0.757246375083923,1,1,1.07000005245209,2006,04,168,168,179.760008811951,0,161.51953125,2006-04-01,182.551300048828,214.4970703125,225.757369995117
25021540,Pluviométrica,Convencional,Bolívar,San Martín De Loba,8.95,-74.05,30,11/15/1978,,Caribe,Magdalena Cauca,Bajo Magdalena,Directos Bajo Magdalena entre El Banco y El Plato,1.1345454454422,1.58545458316803,2,2,0.568840563297272,0.757246375083923,1,1,1.04999995231628,2006,05,209,209,219.449990034103,0,180.671051025391,2006-05-01,256.403137207031,239.773651123047,288.375946044922
25021540,Pluviométrica,Convencional,Bolívar,San Martín De Loba,8.95,-74.05,30,11/15/1978,,Caribe,Magdalena Cauca,Bajo Magdalena,Directos Bajo Magdalena entre El Banco y El Plato,1.1345454454422,1.58545458316803,2,2,0.568840563297272,0.757246375083923,1,1,1.04999995231628,2006,06,349,349,366.449983358383,0,180.470443725586,2006-06-01,218.842697143555,262.619750976563,292.516479492188
25021540,Pluviométrica,Convencional,Bolívar,San Martín De Loba,8.95,-74.05,30,11/15/1978,,Caribe,Magdalena Cauca,Bajo Magdalena,Directos Bajo Magdalena entre El Banco y El Plato,1.1345454454422,1.58545458316803,2,2,0.568840563297272,0.757246375083923,1,1,1.04999995231628,2006,07,67,67,70.349996805191,0,138.256042480469,2006-07-01,188.750823974609,91.1936264038086,117.159461975098
25021540,Pluviométrica,Convencional,Bolívar,San Martín De Loba,8.95,-74.05,30,11/15/1978,,Caribe,Magdalena Cauca,Bajo Magdalena,Directos Bajo Magdalena entre El Banco y El Plato,1.1345454454422,1.58545458316803,2,2,0.568840563297272,0.757246375083923,1,1,1.04999995231628,2006,08,206,206,216.299990177155,0,192.484268188477,2006-08-01,204.05908203125,227.828689575195,243.525573730469
25021540,Pluviométrica,Convencional,Bolívar,San Martín De Loba,8.95,-74.05,30,11/15/1978,,Caribe,Magdalena Cauca,Bajo Magdalena,Directos Bajo Magdalena entre El Banco y El Plato,1.1345454454422,1.58545458316803,2,2,0.568840563297272,0.757246375083923,1,1,1.04999995231628,2006,09,130,130,136.499993801117,0,270.670623779297,2006-09-01,311.041076660156,290.898010253906,324.768798828125
25021540,Pluviométrica,Convencional,Bolívar,San Martín De Loba,8.95,-74.05,30,11/15/1978,,Caribe,Magdalena Cauca,Bajo Magdalena,Directos Bajo Magdalena entre El Banco y El Plato,1.1345454454422,1.58545458316803,2,2,0.568840563297272,0.757246375083923,1,1,1.03999996185303,2006,10,396,396,411.839984893799,0,395.184143066406,2006-10-01,411.687652587891,407.812530517578,458.712219238281
25021540,Pluviométrica,Convencional,Bolívar,San Martín De Loba,8.95,-74.05,30,11/15/1978,,Caribe,Magdalena Cauca,Bajo Magdalena,Directos Bajo Magdalena entre El Banco y El Plato,1.1345454454422,1.58545458316803,2,2,0.568840563297272,0.757246375083923,1,1,1.04999995231628,2006,11,415,415,435.749980211258,0,422.019622802734,2006-11-01,338.839965820313,372.075347900391,399.171600341797
25021540,Pluviométrica,Convencional,Bolívar,San Martín De Loba,8.95,-74.05,30,11/15/1978,,Caribe,Magdalena Cauca,Bajo Magdalena,Directos Bajo Magdalena entre El Banco y El Plato,1.1345454454422,1.58545458316803,2,2,0.568840563297272,0.757246375083923,1,1,1.0900000333786,2006,12,61,61,66.4900020360947,0,36.4831008911133,2006-12-01,69.1040954589844,58.3730850219727,87.7822265625
25021540,Pluviométrica,Convencional,Bolívar,San Martín De Loba,8.95,-74.05,30,11/15/1978,,Caribe,Magdalena Cauca,Bajo Magdalena,Directos Bajo Magdalena entre El Banco y El Plato,1.1345454454422,1.58545458316803,2,2,0.568840563297272,0.757246375083923,1,1,1.11000001430511,2007,01,0,0,0,0,7.31164503097534,2007-01-01,1.89379489421844,4.07179832458496,2.06252408027649
25021540,Pluviométrica,Convencional,Bolívar,San Martín De Loba,8.95,-74.05,30,11/15/1978,,Caribe,Magdalena Cauca,Bajo Magdalena,Directos Bajo Magdalena entre El Banco y El Plato,1.1345454454422,1.58545458316803,2,2,0.568840563297272,0.757246375083923,1,1,1.12000000476837,2007,02,78,78,87.360000371933,0,18.4104347229004,2007-02-01,18.9926872253418,23.6493682861328,42.760368347168
25021540,Pluviométrica,Convencional,Bolívar,San Martín De Loba,8.95,-74.05,30,11/15/1978,,Caribe,Magdalena Cauca,Bajo Magdalena,Directos Bajo Magdalena entre El Banco y El Plato,1.1345454454422,1.58545458316803,2,2,0.568840563297272,0.757246375083923,1,1,1.10000002384186,2007,03,59,59,64.9000014066696,0,51.8888092041016,2007-03-01,65.0188446044922,60.6846618652344,73.233757019043
25021540,Pluviométrica,Convencional,Bolívar,San Martín De Loba,8.95,-74.05,30,11/15/1978,,Caribe,Magdalena Cauca,Bajo Magdalena,Directos Bajo Magdalena entre El Banco y El Plato,1.1345454454422,1.58545458316803,2,2,0.568840563297272,0.757246375083923,1,1,1.07000005245209,2007,04,277,277,296.390014529228,0,187.836730957031,2007-04-01,221.343200683594,266.437255859375,299.073333740234
25021540,Pluviométrica,Convencional,Bolívar,San Martín De Loba,8.95,-74.05,30,11/15/1978,,Caribe,Magdalena Cauca,Bajo Magdalena,Directos Bajo Magdalena entre El Banco y El Plato,1.1345454454422,1.58545458316803,2,2,0.568840563297272,0.757246375083923,1,1,1.04999995231628,2007,05,136,136,142.799993515015,0,254.226669311523,2007-05-01,369.952819824219,330.298370361328,372.668243408203
25021540,Pluviométrica,Convencional,Bolívar,San Martín De Loba,8.95,-74.05,30,11/15/1978,,Caribe,Magdalena Cauca,Bajo Magdalena,Directos Bajo Magdalena entre El Banco y El Plato,1.1345454454422,1.58545458316803,2,2,0.568840563297272,0.757246375083923,1,1,1.04999995231628,2007,06,69,69,72.4499967098236,0,159.088729858398,2007-06-01,182.923110961914,134.372985839844,155.391998291016
25021540,Pluviométrica,Convencional,Bolívar,San Martín De Loba,8.95,-74.05,30,11/15/1978,,Caribe,Magdalena Cauca,Bajo Magdalena,Directos Bajo Magdalena entre El Banco y El Plato,1.1345454454422,1.58545458316803,2,2,0.568840563297272,0.757246375083923,1,1,1.04999995231628,2007,07,187,187,196.349991083145,0,124.505615234375,2007-07-01,166.000457763672,192.412994384766,236.668930053711
25021540,Pluviométrica,Convencional,Bolívar,San Martín De Loba,8.95,-74.05,30,11/15/1978,,Caribe,Magdalena Cauca,Bajo Magdalena,Directos Bajo Magdalena entre El Banco y El Plato,1.1345454454422,1.58545458316803,2,2,0.568840563297272,0.757246375083923,1,1,1.04999995231628,2007,08,243,243,255.149988412857,0,244.233108520508,2007-08-01,263.272399902344,363.531433105469,371.491088867188
25021540,Pluviométrica,Convencional,Bolívar,San Martín De Loba,8.95,-74.05,30,11/15/1978,,Caribe,Magdalena Cauca,Bajo Magdalena,Directos Bajo Magdalena entre El Banco y El Plato,1.1345454454422,1.58545458316803,2,2,0.568840563297272,0.757246375083923,1,1,1.04999995231628,2007,09,455,455,477.749978303909,0,230.522064208984,2007-09-01,254.458587646484,311.883850097656,339.277069091797
25021540,Pluviométrica,Convencional,Bolívar,San Martín De Loba,8.95,-74.05,30,11/15/1978,,Caribe,Magdalena Cauca,Bajo Magdalena,Directos Bajo Magdalena entre El Banco y El Plato,1.1345454454422,1.58545458316803,2,2,0.568840563297272,0.757246375083923,1,1,1.03999996185303,2007,10,721,721,749.839972496033,0,382.090423583984,2007-10-01,399.606994628906,620.554626464844,637.902587890625
25021540,Pluviométrica,Convencional,Bolívar,San Martín De Loba,8.95,-74.05,30,11/15/1978,,Caribe,Magdalena Cauca,Bajo Magdalena,Directos Bajo Magdalena entre El Banco y El Plato,1.1345454454422,1.58545458316803,2,2,0.568840563297272,0.757246375083923,1,1,1.04999995231628,2007,11,173,173,181.649991750717,1,344.950714111328,2007-11-01,259.691558837891,201.213653564453,203.918792724609
25021540,Pluviométrica,Convencional,Bolívar,San Martín De Loba,8.95,-74.05,30,11/15/1978,,Caribe,Magdalena Cauca,Bajo Magdalena,Directos Bajo Magdalena entre El Banco y El Plato,1.1345454454422,1.58545458316803,2,2,0.568840563297272,0.757246375083923,1,1,1.0900000333786,2007,12,94,94,102.460003137589,0,40.3784675598145,2007-12-01,93.1320419311523,79.2971496582031,125.02742767334
25021540,Pluviométrica,Convencional,Bolívar,San Martín De Loba,8.95,-74.05,30,11/15/1978,,Caribe,Magdalena Cauca,Bajo Magdalena,Directos Bajo Magdalena entre El Banco y El Plato,1.1345454454422,1.58545458316803,2,2,0.568840563297272,0.757246375083923,1,1,1.11000001430511,2008,01,0,0,0,0,22.6944236755371,2008-01-01,24.4853954315186,10.6253643035889,21.2608165740967
25021540,Pluviométrica,Convencional,Bolívar,San Martín De Loba,8.95,-74.05,30,11/15/1978,,Caribe,Magdalena Cauca,Bajo Magdalena,Directos Bajo Magdalena entre El Banco y El Plato,1.1345454454422,1.58545458316803,2,2,0.568840563297272,0.757246375083923,1,1,1.12000000476837,2008,02,23,23,25.7600001096725,0,20.5030574798584,2008-02-01,24.4259777069092,20.8232879638672,31.0641689300537
25021540,Pluviométrica,Convencional,Bolívar,San Martín De Loba,8.95,-74.05,30,11/15/1978,,Caribe,Magdalena Cauca,Bajo Magdalena,Directos Bajo Magdalena entre El Banco y El Plato,1.1345454454422,1.58545458316803,2,2,0.568840563297272,0.757246375083923,1,1,1.10000002384186,2008,03,146,146,160.600003480911,0,53.5830383300781,2008-03-01,75.0911865234375,85.5564880371094,120.014450073242
25021540,Pluviométrica,Convencional,Bolívar,San Martín De Loba,8.95,-74.05,30,11/15/1978,,Caribe,Magdalena Cauca,Bajo Magdalena,Directos Bajo Magdalena entre El Banco y El Plato,1.1345454454422,1.58545458316803,2,2,0.568840563297272,0.757246375083923,1,1,1.07000005245209,2008,04,117,117,125.190006136894,0,90.0485610961914,2008-04-01,95.1974945068359,123.87565612793,136.191497802734
25021540,Pluviométrica,Convencional,Bolívar,San Martín De Loba,8.95,-74.05,30,11/15/1978,,Caribe,Magdalena Cauca,Bajo Magdalena,Directos Bajo Magdalena entre El Banco y El Plato,1.1345454454422,1.58545458316803,2,2,0.568840563297272,0.757246375083923,1,1,1.04999995231628,2008,05,313,313,328.649985074997,0,201.285003662109,2008-05-01,295.117004394531,335.5439453125,382.427581787109
25021540,Pluviométrica,Convencional,Bolívar,San Martín De Loba,8.95,-74.05,30,11/15/1978,,Caribe,Magdalena Cauca,Bajo Magdalena,Directos Bajo Magdalena entre El Banco y El Plato,1.1345454454422,1.58545458316803,2,2,0.568840563297272,0.757246375083923,1,1,1.04999995231628,2008,06,265,265,278.249987363815,0,200.129058837891,2008-06-01,236.550399780273,181.2783203125,192.464385986328
25021540,Pluviométrica,Convencional,Bolívar,San Martín De Loba,8.95,-74.05,30,11/15/1978,,Caribe,Magdalena Cauca,Bajo Magdalena,Directos Bajo Magdalena entre El Banco y El Plato,1.1345454454422,1.58545458316803,2,2,0.568840563297272,0.757246375083923,1,1,1.04999995231628,2008,07,335,335,351.749984025955,1,179.923583984375,2008-07-01,260.181030273438,239.402130126953,311.114013671875
25021540,Pluviométrica,Convencional,Bolívar,San Martín De Loba,8.95,-74.05,30,11/15/1978,,Caribe,Magdalena Cauca,Bajo Magdalena,Directos Bajo Magdalena entre El Banco y El Plato,1.1345454454422,1.58545458316803,2,2,0.568840563297272,0.757246375083923,1,1,1.04999995231628,2008,08,214,214,224.699989795685,0,262.347229003906,2008-08-01,287.350006103516,347.278594970703,364.779876708984
25021540,Pluviométrica,Convencional,Bolívar,San Martín De Loba,8.95,-74.05,30,11/15/1978,,Caribe,Magdalena Cauca,Bajo Magdalena,Directos Bajo Magdalena entre El Banco y El Plato,1.1345454454422,1.58545458316803,2,2,0.568840563297272,0.757246375083923,1,1,1.04999995231628,2008,09,393,393,412.6499812603,0,304.227203369141,2008-09-01,365.384155273438,343.435302734375,364.969360351563
25021540,Pluviométrica,Convencional,Bolívar,San Martín De Loba,8.95,-74.05,30,11/15/1978,,Caribe,Magdalena Cauca,Bajo Magdalena,Directos Bajo Magdalena entre El Banco y El Plato,1.1345454454422,1.58545458316803,2,2,0.568840563297272,0.757246375083923,1,1,1.03999996185303,2008,10,369,369,383.759985923767,0,345.007263183594,2008-10-01,344.090026855469,386.962127685547,409.988708496094
25021540,Pluviométrica,Convencional,Bolívar,San Martín De Loba,8.95,-74.05,30,11/15/1978,,Caribe,Magdalena Cauca,Bajo Magdalena,Directos Bajo Magdalena entre El Banco y El Plato,1.1345454454422,1.58545458316803,2,2,0.568840563297272,0.757246375083923,1,1,1.04999995231628,2008,11,515,515,540.749975442886,0,458.7236328125,2008-11-01,372.409484863281,431.57861328125,458.870513916016
25021540,Pluviométrica,Convencional,Bolívar,San Martín De Loba,8.95,-74.05,30,11/15/1978,,Caribe,Magdalena Cauca,Bajo Magdalena,Directos Bajo Magdalena entre El Banco y El Plato,1.1345454454422,1.58545458316803,2,2,0.568840563297272,0.757246375083923,1,1,1.0900000333786,2008,12,22,22,23.9800007343292,0,33.0515098571777,2008-12-01,47.8233757019043,43.668399810791,54.0655822753906
25021540,Pluviométrica,Convencional,Bolívar,San Martín De Loba,8.95,-74.05,30,11/15/1978,,Caribe,Magdalena Cauca,Bajo Magdalena,Directos Bajo Magdalena entre El Banco y El Plato,1.1345454454422,1.58545458316803,2,2,0.568840563297272,0.757246375083923,1,1,1.11000001430511,2009,01,42,42,46.6200006008148,0,27.9830265045166,2009-01-01,34.8013572692871,41.5125045776367,61.7909545898438
25021540,Pluviométrica,Convencional,Bolívar,San Martín De Loba,8.95,-74.05,30,11/15/1978,,Caribe,Magdalena Cauca,Bajo Magdalena,Directos Bajo Magdalena entre El Banco y El Plato,1.1345454454422,1.58545458316803,2,2,0.568840563297272,0.757246375083923,1,1,1.12000000476837,2009,02,0,0,0,0,27.0225410461426,2009-02-01,48.1671142578125,17.9725379943848,28.6809158325195
25021540,Pluviométrica,Convencional,Bolívar,San Martín De Loba,8.95,-74.05,30,11/15/1978,,Caribe,Magdalena Cauca,Bajo Magdalena,Directos Bajo Magdalena entre El Banco y El Plato,1.1345454454422,1.58545458316803,2,2,0.568840563297272,0.757246375083923,1,1,1.10000002384186,2009,03,237,237,260.70000565052,0,75.6688690185547,2009-03-01,137.01872253418,158.836334228516,251.594711303711
25021540,Pluviométrica,Convencional,Bolívar,San Martín De Loba,8.95,-74.05,30,11/15/1978,,Caribe,Magdalena Cauca,Bajo Magdalena,Directos Bajo Magdalena entre El Banco y El Plato,1.1345454454422,1.58545458316803,2,2,0.568840563297272,0.757246375083923,1,1,1.07000005245209,2009,04,172,172,184.040009021759,0,114.088279724121,2009-04-01,128.30224609375,156.478652954102,172.332885742188
25021540,Pluviométrica,Convencional,Bolívar,San Martín De Loba,8.95,-74.05,30,11/15/1978,,Caribe,Magdalena Cauca,Bajo Magdalena,Directos Bajo Magdalena entre El Banco y El Plato,1.1345454454422,1.58545458316803,2,2,0.568840563297272,0.757246375083923,1,1,1.04999995231628,2009,05,193,193,202.649990797043,0,159.147369384766,2009-05-01,224.198867797852,180.429000854492,214.088638305664
25021540,Pluviométrica,Convencional,Bolívar,San Martín De Loba,8.95,-74.05,30,11/15/1978,,Caribe,Magdalena Cauca,Bajo Magdalena,Directos Bajo Magdalena entre El Banco y El Plato,1.1345454454422,1.58545458316803,2,2,0.568840563297272,0.757246375083923,1,1,1.04999995231628,2009,06,223,223,234.149989366531,0,197.760284423828,2009-06-01,231.870651245117,210.891128540039,228.900634765625
25021540,Pluviométrica,Convencional,Bolívar,San Martín De Loba,8.95,-74.05,30,11/15/1978,,Caribe,Magdalena Cauca,Bajo Magdalena,Directos Bajo Magdalena entre El Banco y El Plato,1.1345454454422,1.58545458316803,2,2,0.568840563297272,0.757246375083923,1,1,1.04999995231628,2009,07,108,108,113.399994850159,0,98.1717910766602,2009-07-01,124.304756164551,87.3846893310547,107.718467712402
25021540,Pluviométrica,Convencional,Bolívar,San Martín De Loba,8.95,-74.05,30,11/15/1978,,Caribe,Magdalena Cauca,Bajo Magdalena,Directos Bajo Magdalena entre El Banco y El Plato,1.1345454454422,1.58545458316803,2,2,0.568840563297272,0.757246375083923,1,1,1.04999995231628,2009,08,265,265,278.249987363815,0,221.93115234375,2009-08-01,236.744155883789,217.172515869141,217.922988891602
25021540,Pluviométrica,Convencional,Bolívar,San Martín De Loba,8.95,-74.05,30,11/15/1978,,Caribe,Magdalena Cauca,Bajo Magdalena,Directos Bajo Magdalena entre El Banco y El Plato,1.1345454454422,1.58545458316803,2,2,0.568840563297272,0.757246375083923,1,1,1.04999995231628,2009,09,132,132,138.59999370575,0,203.518920898438,2009-09-01,220.005233764648,129.289886474609,141.152496337891
25021540,Pluviométrica,Convencional,Bolívar,San Martín De Loba,8.95,-74.05,30,11/15/1978,,Caribe,Magdalena Cauca,Bajo Magdalena,Directos Bajo Magdalena entre El Banco y El Plato,1.1345454454422,1.58545458316803,2,2,0.568840563297272,0.757246375083923,1,1,1.03999996185303,2009,10,206,206,214.239992141724,0,327.757141113281,2009-10-01,326.121398925781,247.41064453125,246.144592285156
25021540,Pluviométrica,Convencional,Bolívar,San Martín De Loba,8.95,-74.05,30,11/15/1978,,Caribe,Magdalena Cauca,Bajo Magdalena,Directos Bajo Magdalena entre El Banco y El Plato,1.1345454454422,1.58545458316803,2,2,0.568840563297272,0.757246375083923,1,1,1.04999995231628,2009,11,137,137,143.849993467331,0,310.464324951172,2009-11-01,243.806076049805,232.147262573242,239.217742919922
25021540,Pluviométrica,Convencional,Bolívar,San Martín De Loba,8.95,-74.05,30,11/15/1978,,Caribe,Magdalena Cauca,Bajo Magdalena,Directos Bajo Magdalena entre El Banco y El Plato,1.1345454454422,1.58545458316803,2,2,0.568840563297272,0.757246375083923,1,1,1.0900000333786,2009,12,2,2,2.1800000667572,0,23.9050159454346,2009-12-01,44.4856567382813,22.7274169921875,29.5412445068359
25021540,Pluviométrica,Convencional,Bolívar,San Martín De Loba,8.95,-74.05,30,11/15/1978,,Caribe,Magdalena Cauca,Bajo Magdalena,Directos Bajo Magdalena entre El Banco y El Plato,1.1345454454422,1.58545458316803,2,2,0.568840563297272,0.757246375083923,1,1,1.11000001430511,2010,01,5,5,5.55000007152557,0,8.84200382232666,2010-01-01,5.38549041748047,3.81031537055969,4.72747087478638
25021540,Pluviométrica,Convencional,Bolívar,San Martín De Loba,8.95,-74.05,30,11/15/1978,,Caribe,Magdalena Cauca,Bajo Magdalena,Directos Bajo Magdalena entre El Banco y El Plato,1.1345454454422,1.58545458316803,2,2,0.568840563297272,0.757246375083923,1,1,1.12000000476837,2010,02,29,29,32.4800001382828,0,29.0832099914551,2010-02-01,44.5117721557617,27.4708843231201,37.7139663696289
25021540,Pluviométrica,Convencional,Bolívar,San Martín De Loba,8.95,-74.05,30,11/15/1978,,Caribe,Magdalena Cauca,Bajo Magdalena,Directos Bajo Magdalena entre El Banco y El Plato,1.1345454454422,1.58545458316803,2,2,0.568840563297272,0.757246375083923,1,1,1.10000002384186,2010,03,128,128,140.800003051758,0,76.6829071044922,2010-03-01,132.710845947266,82.1454315185547,108.492286682129
25021540,Pluviométrica,Convencional,Bolívar,San Martín De Loba,8.95,-74.05,30,11/15/1978,,Caribe,Magdalena Cauca,Bajo Magdalena,Directos Bajo Magdalena entre El Banco y El Plato,1.1345454454422,1.58545458316803,2,2,0.568840563297272,0.757246375083923,1,1,1.07000005245209,2010,04,119,119,127.330006241798,0,182.823593139648,2010-04-01,205.073028564453,207.77507019043,227.761138916016
25021540,Pluviométrica,Convencional,Bolívar,San Martín De Loba,8.95,-74.05,30,11/15/1978,,Caribe,Magdalena Cauca,Bajo Magdalena,Directos Bajo Magdalena entre El Banco y El Plato,1.1345454454422,1.58545458316803,2,2,0.568840563297272,0.757246375083923,1,1,1.04999995231628,2010,05,380,380,398.999981880188,0,191.836486816406,2010-05-01,270.74462890625,349.594329833984,393.9775390625
25021540,Pluviométrica,Convencional,Bolívar,San Martín De Loba,8.95,-74.05,30,11/15/1978,,Caribe,Magdalena Cauca,Bajo Magdalena,Directos Bajo Magdalena entre El Banco y El Plato,1.1345454454422,1.58545458316803,2,2,0.568840563297272,0.757246375083923,1,1,1.04999995231628,2010,06,385,385,404.249981641769,0,225.183944702148,2010-06-01,269.141784667969,403.218048095703,450.079925537109
25021540,Pluviométrica,Convencional,Bolívar,San Martín De Loba,8.95,-74.05,30,11/15/1978,,Caribe,Magdalena Cauca,Bajo Magdalena,Directos Bajo Magdalena entre El Banco y El Plato,1.1345454454422,1.58545458316803,2,2,0.568840563297272,0.757246375083923,1,1,1.04999995231628,2010,07,394,394,413.699981212616,0,191.985061645508,2010-07-01,288.853973388672,297.948822021484,391.493377685547
25021540,Pluviométrica,Convencional,Bolívar,San Martín De Loba,8.95,-74.05,30,11/15/1978,,Caribe,Magdalena Cauca,Bajo Magdalena,Directos Bajo Magdalena entre El Banco y El Plato,1.1345454454422,1.58545458316803,2,2,0.568840563297272,0.757246375083923,1,1,1.04999995231628,2010,08,646,646,678.29996919632,0,301.325866699219,2010-08-01,335.180389404297,476.922302246094,512.88330078125
25021540,Pluviométrica,Convencional,Bolívar,San Martín De Loba,8.95,-74.05,30,11/15/1978,,Caribe,Magdalena Cauca,Bajo Magdalena,Directos Bajo Magdalena entre El Banco y El Plato,1.1345454454422,1.58545458316803,2,2,0.568840563297272,0.757246375083923,1,1,1.04999995231628,2010,09,577,577,605.849972486496,0,319.411926269531,2010-09-01,381.562072753906,543.858459472656,562.640930175781
25021540,Pluviométrica,Convencional,Bolívar,San Martín De Loba,8.95,-74.05,30,11/15/1978,,Caribe,Magdalena Cauca,Bajo Magdalena,Directos Bajo Magdalena entre El Banco y El Plato,1.1345454454422,1.58545458316803,2,2,0.568840563297272,0.757246375083923,1,1,1.03999996185303,2010,10,684,684,711.359973907471,0,381.8388671875,2010-10-01,415.493072509766,553.808776855469,587.202392578125
25021540,Pluviométrica,Convencional,Bolívar,San Martín De Loba,8.95,-74.05,30,11/15/1978,,Caribe,Magdalena Cauca,Bajo Magdalena,Directos Bajo Magdalena entre El Banco y El Plato,1.1345454454422,1.58545458316803,2,2,0.568840563297272,0.757246375083923,1,1,1.04999995231628,2010,11,514,514,539.69997549057,0,414.541229248047,2010-11-01,332.880035400391,524.230712890625,546.3271484375
25021540,Pluviométrica,Convencional,Bolívar,San Martín De Loba,8.95,-74.05,30,11/15/1978,,Caribe,Magdalena Cauca,Bajo Magdalena,Directos Bajo Magdalena entre El Banco y El Plato,1.1345454454422,1.58545458316803,2,2,0.568840563297272,0.757246375083923,1,1,1.0900000333786,2010,12,625,625,681.250020861626,0,109.772178649902,2010-12-01,211.265365600586,288.458709716797,445.447570800781
25021540,Pluviométrica,Convencional,Bolívar,San Martín De Loba,8.95,-74.05,30,11/15/1978,,Caribe,Magdalena Cauca,Bajo Magdalena,Directos Bajo Magdalena entre El Banco y El Plato,1.1345454454422,1.58545458316803,2,2,0.568840563297272,0.757246375083923,1,1,1.11000001430511,2011,01,10,10,11.1000001430511,0,33.043643951416,2011-01-01,48.8794822692871,27.1388454437256,51.2405853271484
25021540,Pluviométrica,Convencional,Bolívar,San Martín De Loba,8.95,-74.05,30,11/15/1978,,Caribe,Magdalena Cauca,Bajo Magdalena,Directos Bajo Magdalena entre El Banco y El Plato,1.1345454454422,1.58545458316803,2,2,0.568840563297272,0.757246375083923,1,1,1.12000000476837,2011,02,39,39,43.6800001859665,0,36.9094924926758,2011-02-01,66.466178894043,33.5782203674316,54.6589393615723
25021540,Pluviométrica,Convencional,Bolívar,San Martín De Loba,8.95,-74.05,30,11/15/1978,,Caribe,Magdalena Cauca,Bajo Magdalena,Directos Bajo Magdalena entre El Banco y El Plato,1.1345454454422,1.58545458316803,2,2,0.568840563297272,0.757246375083923,1,1,1.10000002384186,2011,03,94,94,103.400002241135,0,81.4899139404297,2011-03-01,114.637878417969,132.417373657227,168.472366333008
25021540,Pluviométrica,Convencional,Bolívar,San Martín De Loba,8.95,-74.05,30,11/15/1978,,Caribe,Magdalena Cauca,Bajo Magdalena,Directos Bajo Magdalena entre El Banco y El Plato,1.1345454454422,1.58545458316803,2,2,0.568840563297272,0.757246375083923,1,1,1.07000005245209,2011,04,333,333,356.310017466545,0,158.263626098633,2011-04-01,183.049530029297,328.839721679688,350.066009521484
25021540,Pluviométrica,Convencional,Bolívar,San Martín De Loba,8.95,-74.05,30,11/15/1978,,Caribe,Magdalena Cauca,Bajo Magdalena,Directos Bajo Magdalena entre El Banco y El Plato,1.1345454454422,1.58545458316803,2,2,0.568840563297272,0.757246375083923,1,1,1.04999995231628,2011,05,262,262,275.099987506866,0,188.211196899414,2011-05-01,272.798583984375,248.754928588867,306.938079833984
25021540,Pluviométrica,Convencional,Bolívar,San Martín De Loba,8.95,-74.05,30,11/15/1978,,Caribe,Magdalena Cauca,Bajo Magdalena,Directos Bajo Magdalena entre El Banco y El Plato,1.1345454454422,1.58545458316803,2,2,0.568840563297272,0.757246375083923,1,1,1.04999995231628,2011,06,214,214,224.699989795685,0,207.74494934082,2011-06-01,253.722732543945,253.615142822266,282.2919921875
25021540,Pluviométrica,Convencional,Bolívar,San Martín De Loba,8.95,-74.05,30,11/15/1978,,Caribe,Magdalena Cauca,Bajo Magdalena,Directos Bajo Magdalena entre El Banco y El Plato,1.1345454454422,1.58545458316803,2,2,0.568840563297272,0.757246375083923,1,1,1.04999995231628,2011,07,329,329,345.449984312058,0,148.588592529297,2011-07-01,210.268753051758,252.220748901367,309.649841308594
25021540,Pluviométrica,Convencional,Bolívar,San Martín De Loba,8.95,-74.05,30,11/15/1978,,Caribe,Magdalena Cauca,Bajo Magdalena,Directos Bajo Magdalena entre El Banco y El Plato,1.1345454454422,1.58545458316803,2,2,0.568840563297272,0.757246375083923,1,1,1.04999995231628,2011,08,167,167,175.349992036819,0,234.877365112305,2011-08-01,252.807144165039,233.805618286133,236.783462524414
25021540,Pluviométrica,Convencional,Bolívar,San Martín De Loba,8.95,-74.05,30,11/15/1978,,Caribe,Magdalena Cauca,Bajo Magdalena,Directos Bajo Magdalena entre El Banco y El Plato,1.1345454454422,1.58545458316803,2,2,0.568840563297272,0.757246375083923,1,1,1.04999995231628,2011,09,304,304,319.19998550415,0,219.826965332031,2011-09-01,247.986633300781,355.299743652344,366.915496826172
25021540,Pluviométrica,Convencional,Bolívar,San Martín De Loba,8.95,-74.05,30,11/15/1978,,Caribe,Magdalena Cauca,Bajo Magdalena,Directos Bajo Magdalena entre El Banco y El Plato,1.1345454454422,1.58545458316803,2,2,0.568840563297272,0.757246375083923,1,1,1.03999996185303,2011,10,426,426,443.03998374939,0,377.539947509766,2011-10-01,382.514221191406,502.402374267578,514.525390625
25021540,Pluviométrica,Convencional,Bolívar,San Martín De Loba,8.95,-74.05,30,11/15/1978,,Caribe,Magdalena Cauca,Bajo Magdalena,Directos Bajo Magdalena entre El Banco y El Plato,1.1345454454422,1.58545458316803,2,2,0.568840563297272,0.757246375083923,1,1,1.04999995231628,2011,11,539,539,565.949974298477,0,420.569946289063,2011-11-01,337.639038085938,484.848205566406,543.491088867188
25021540,Pluviométrica,Convencional,Bolívar,San Martín De Loba,8.95,-74.05,30,11/15/1978,,Caribe,Magdalena Cauca,Bajo Magdalena,Directos Bajo Magdalena entre El Banco y El Plato,1.1345454454422,1.58545458316803,2,2,0.568840563297272,0.757246375083923,1,1,1.0900000333786,2011,12,282,282,307.380009412766,0,70.1900939941406,2011-12-01,186.728408813477,180.00651550293,275.813629150391
25021540,Pluviométrica,Convencional,Bolívar,San Martín De Loba,8.95,-74.05,30,11/15/1978,,Caribe,Magdalena Cauca,Bajo Magdalena,Directos Bajo Magdalena entre El Banco y El Plato,1.1345454454422,1.58545458316803,2,2,0.568840563297272,0.757246375083923,1,1,1.11000001430511,2012,01,5,5,5.55000007152557,0,22.8031883239746,2012-01-01,19.3058319091797,9.59889793395996,14.5565118789673
25021540,Pluviométrica,Convencional,Bolívar,San Martín De Loba,8.95,-74.05,30,11/15/1978,,Caribe,Magdalena Cauca,Bajo Magdalena,Directos Bajo Magdalena entre El Banco y El Plato,1.1345454454422,1.58545458316803,2,2,0.568840563297272,0.757246375083923,1,1,1.12000000476837,2012,02,68,68,76.1600003242493,0,34.6767501831055,2012-02-01,62.9200439453125,33.166877746582,51.1824760437012
25021540,Pluviométrica,Convencional,Bolívar,San Martín De Loba,8.95,-74.05,30,11/15/1978,,Caribe,Magdalena Cauca,Bajo Magdalena,Directos Bajo Magdalena entre El Banco y El Plato,1.1345454454422,1.58545458316803,2,2,0.568840563297272,0.757246375083923,1,1,1.10000002384186,2012,03,82,82,90.2000019550323,0,80.4213409423828,2012-03-01,131.075622558594,66.4587707519531,87.7337951660156
25021540,Pluviométrica,Convencional,Bolívar,San Martín De Loba,8.95,-74.05,30,11/15/1978,,Caribe,Magdalena Cauca,Bajo Magdalena,Directos Bajo Magdalena entre El Banco y El Plato,1.1345454454422,1.58545458316803,2,2,0.568840563297272,0.757246375083923,1,1,1.07000005245209,2012,04,510,510,545.700026750565,0,265.550567626953,2012-04-01,319.382171630859,406.544982910156,455.411651611328
25021540,Pluviométrica,Convencional,Bolívar,San Martín De Loba,8.95,-74.05,30,11/15/1978,,Caribe,Magdalena Cauca,Bajo Magdalena,Directos Bajo Magdalena entre El Banco y El Plato,1.1345454454422,1.58545458316803,2,2,0.568840563297272,0.757246375083923,1,1,1.04999995231628,2012,05,292,292,306.599986076355,0,173.984451293945,2012-05-01,240.678314208984,223.720962524414,257.966979980469
25021540,Pluviométrica,Convencional,Bolívar,San Martín De Loba,8.95,-74.05,30,11/15/1978,,Caribe,Magdalena Cauca,Bajo Magdalena,Directos Bajo Magdalena entre El Banco y El Plato,1.1345454454422,1.58545458316803,2,2,0.568840563297272,0.757246375083923,1,1,1.04999995231628,2012,06,158,158,165.899992465973,0,163.628814697266,2012-06-01,189.280410766602,152.913482666016,165.243759155273
25021540,Pluviométrica,Convencional,Bolívar,San Martín De Loba,8.95,-74.05,30,11/15/1978,,Caribe,Magdalena Cauca,Bajo Magdalena,Directos Bajo Magdalena entre El Banco y El Plato,1.1345454454422,1.58545458316803,2,2,0.568840563297272,0.757246375083923,1,1,1.04999995231628,2012,07,170,170,178.499991893768,0,142.89338684082,2012-07-01,189.650100708008,140.256164550781,175.388153076172
25021540,Pluviométrica,Convencional,Bolívar,San Martín De Loba,8.95,-74.05,30,11/15/1978,,Caribe,Magdalena Cauca,Bajo Magdalena,Directos Bajo Magdalena entre El Banco y El Plato,1.1345454454422,1.58545458316803,2,2,0.568840563297272,0.757246375083923,1,1,1.04999995231628,2012,08,339,339,355.94998383522,0,246.364349365234,2012-08-01,284.747161865234,302.807495117188,330.222839355469
25021540,Pluviométrica,Convencional,Bolívar,San Martín De Loba,8.95,-74.05,30,11/15/1978,,Caribe,Magdalena Cauca,Bajo Magdalena,Directos Bajo Magdalena entre El Banco y El Plato,1.1345454454422,1.58545458316803,2,2,0.568840563297272,0.757246375083923,1,1,1.04999995231628,2012,09,265,265,278.249987363815,0,249.611465454102,2012-09-01,295.849548339844,237.440353393555,263.394287109375
25021540,Pluviométrica,Convencional,Bolívar,San Martín De Loba,8.95,-74.05,30,11/15/1978,,Caribe,Magdalena Cauca,Bajo Magdalena,Directos Bajo Magdalena entre El Banco y El Plato,1.1345454454422,1.58545458316803,2,2,0.568840563297272,0.757246375083923,1,1,1.03999996185303,2012,10,468,468,486.719982147217,0,403.753448486328,2012-10-01,430.097686767578,381.468322753906,388.418518066406
25021540,Pluviométrica,Convencional,Bolívar,San Martín De Loba,8.95,-74.05,30,11/15/1978,,Caribe,Magdalena Cauca,Bajo Magdalena,Directos Bajo Magdalena entre El Banco y El Plato,1.1345454454422,1.58545458316803,2,2,0.568840563297272,0.757246375083923,1,1,1.04999995231628,2012,11,295,295,309.749985933304,0,291.393127441406,2012-11-01,214.281784057617,242.843414306641,240.497528076172
25021540,Pluviométrica,Convencional,Bolívar,San Martín De Loba,8.95,-74.05,30,11/15/1978,,Caribe,Magdalena Cauca,Bajo Magdalena,Directos Bajo Magdalena entre El Banco y El Plato,1.1345454454422,1.58545458316803,2,2,0.568840563297272,0.757246375083923,1,1,1.0900000333786,2012,12,95,95,103.550003170967,0,50.7814826965332,2012-12-01,99.0113754272461,73.722526550293,98.9517364501953
25021540,Pluviométrica,Convencional,Bolívar,San Martín De Loba,8.95,-74.05,30,11/15/1978,,Caribe,Magdalena Cauca,Bajo Magdalena,Directos Bajo Magdalena entre El Banco y El Plato,1.1345454454422,1.58545458316803,2,2,0.568840563297272,0.757246375083923,1,1,1.11000001430511,2013,01,0,0,0,0,13.6603832244873,2013-01-01,1.89379489421844,6.16357183456421,1.93951916694641
25021540,Pluviométrica,Convencional,Bolívar,San Martín De Loba,8.95,-74.05,30,11/15/1978,,Caribe,Magdalena Cauca,Bajo Magdalena,Directos Bajo Magdalena entre El Banco y El Plato,1.1345454454422,1.58545458316803,2,2,0.568840563297272,0.757246375083923,1,1,1.12000000476837,2013,02,5,5,5.60000002384186,0,25.9453258514404,2013-02-01,17.0542373657227,19.8433494567871,17.8975448608398
25021540,Pluviométrica,Convencional,Bolívar,San Martín De Loba,8.95,-74.05,30,11/15/1978,,Caribe,Magdalena Cauca,Bajo Magdalena,Directos Bajo Magdalena entre El Banco y El Plato,1.1345454454422,1.58545458316803,2,2,0.568840563297272,0.757246375083923,1,1,1.10000002384186,2013,03,21,21,23.100000500679,0,85.7263336181641,2013-03-01,135.061935424805,54.2864494323731,65.6561584472656
25021540,Pluviométrica,Convencional,Bolívar,San Martín De Loba,8.95,-74.05,30,11/15/1978,,Caribe,Magdalena Cauca,Bajo Magdalena,Directos Bajo Magdalena entre El Banco y El Plato,1.1345454454422,1.58545458316803,2,2,0.568840563297272,0.757246375083923,1,1,1.07000005245209,2013,04,258,258,276.060013532639,0,130.595199584961,2013-04-01,151.050384521484,203.660781860352,218.881149291992
25021540,Pluviométrica,Convencional,Bolívar,San Martín De Loba,8.95,-74.05,30,11/15/1978,,Caribe,Magdalena Cauca,Bajo Magdalena,Directos Bajo Magdalena entre El Banco y El Plato,1.1345454454422,1.58545458316803,2,2,0.568840563297272,0.757246375083923,1,1,1.04999995231628,2013,05,412,412,432.599980354309,0,189.956100463867,2013-05-01,277.863159179688,332.148101806641,375.037475585938
25021540,Pluviométrica,Convencional,Bolívar,San Martín De Loba,8.95,-74.05,30,11/15/1978,,Caribe,Magdalena Cauca,Bajo Magdalena,Directos Bajo Magdalena entre El Banco y El Plato,1.1345454454422,1.58545458316803,2,2,0.568840563297272,0.757246375083923,1,1,1.04999995231628,2013,06,231,231,242.549988985062,0,175.58869934082,2013-06-01,211.795639038086,199.984893798828,226.6728515625
25021540,Pluviométrica,Convencional,Bolívar,San Martín De Loba,8.95,-74.05,30,11/15/1978,,Caribe,Magdalena Cauca,Bajo Magdalena,Directos Bajo Magdalena entre El Banco y El Plato,1.1345454454422,1.58545458316803,2,2,0.568840563297272,0.757246375083923,1,1,1.04999995231628,2013,07,79,79,82.9499962329865,0,94.4655532836914,2013-07-01,137.609008789063,78.4085388183594,101.499313354492
25021540,Pluviométrica,Convencional,Bolívar,San Martín De Loba,8.95,-74.05,30,11/15/1978,,Caribe,Magdalena Cauca,Bajo Magdalena,Directos Bajo Magdalena entre El Banco y El Plato,1.1345454454422,1.58545458316803,2,2,0.568840563297272,0.757246375083923,1,1,1.04999995231628,2013,08,208,208,218.399990081787,0,200.392517089844,2013-08-01,262.106079101563,226.875732421875,266.047393798828
25021540,Pluviométrica,Convencional,Bolívar,San Martín De Loba,8.95,-74.05,30,11/15/1978,,Caribe,Magdalena Cauca,Bajo Magdalena,Directos Bajo Magdalena entre El Banco y El Plato,1.1345454454422,1.58545458316803,2,2,0.568840563297272,0.757246375083923,1,1,1.04999995231628,2013,09,421,341,358.049983739853,1,286.136169433594,2013-09-01,341.387847900391,343.320953369141,386.790435791016
25021540,Pluviométrica,Convencional,Bolívar,San Martín De Loba,8.95,-74.05,30,11/15/1978,,Caribe,Magdalena Cauca,Bajo Magdalena,Directos Bajo Magdalena entre El Banco y El Plato,1.1345454454422,1.58545458316803,2,2,0.568840563297272,0.757246375083923,1,1,1.03999996185303,2013,10,540,540,561.599979400635,0,427.126861572266,2013-10-01,429.399200439453,475.826324462891,508.255218505859
25021540,Pluviométrica,Convencional,Bolívar,San Martín De Loba,8.95,-74.05,30,11/15/1978,,Caribe,Magdalena Cauca,Bajo Magdalena,Directos Bajo Magdalena entre El Banco y El Plato,1.1345454454422,1.58545458316803,2,2,0.568840563297272,0.757246375083923,1,1,1.04999995231628,2013,11,307,307,322.349985361099,0,231.485061645508,2013-11-01,182.100479125977,276.556915283203,285.5126953125
25021540,Pluviométrica,Convencional,Bolívar,San Martín De Loba,8.95,-74.05,30,11/15/1978,,Caribe,Magdalena Cauca,Bajo Magdalena,Directos Bajo Magdalena entre El Banco y El Plato,1.1345454454422,1.58545458316803,2,2,0.568840563297272,0.757246375083923,1,1,1.0900000333786,2013,12,80,80,87.2000026702881,0,31.34983253479,2013-12-01,44.6621856689453,54.4033012390137,74.1448135375977
25021540,Pluviométrica,Convencional,Bolívar,San Martín De Loba,8.95,-74.05,30,11/15/1978,,Caribe,Magdalena Cauca,Bajo Magdalena,Directos Bajo Magdalena entre El Banco y El Plato,1.1345454454422,1.58545458316803,2,2,0.568840563297272,0.757246375083923,1,1,1.11000001430511,2014,01,0,0,0,0,26.7020053863525,2014-01-01,31.4517517089844,12.9644870758057,20.4452590942383
25021540,Pluviométrica,Convencional,Bolívar,San Martín De Loba,8.95,-74.05,30,11/15/1978,,Caribe,Magdalena Cauca,Bajo Magdalena,Directos Bajo Magdalena entre El Banco y El Plato,1.1345454454422,1.58545458316803,2,2,0.568840563297272,0.757246375083923,1,1,1.12000000476837,2014,02,11,11,12.3200000524521,0,22.3476161956787,2014-02-01,12.9836835861206,30.7175216674805,27.6488513946533
25021540,Pluviométrica,Convencional,Bolívar,San Martín De Loba,8.95,-74.05,30,11/15/1978,,Caribe,Magdalena Cauca,Bajo Magdalena,Directos Bajo Magdalena entre El Banco y El Plato,1.1345454454422,1.58545458316803,2,2,0.568840563297272,0.757246375083923,1,1,1.10000002384186,2014,03,121,121,133.100002884865,0,65.7290649414063,2014-03-01,93.4190521240234,96.7947616577148,104.514236450195
25021540,Pluviométrica,Convencional,Bolívar,San Martín De Loba,8.95,-74.05,30,11/15/1978,,Caribe,Magdalena Cauca,Bajo Magdalena,Directos Bajo Magdalena entre El Banco y El Plato,1.1345454454422,1.58545458316803,2,2,0.568840563297272,0.757246375083923,1,1,1.07000005245209,2014,04,84,84,89.8800044059754,0,127.52815246582,2014-04-01,151.73454284668,111.249771118164,122.931098937988
25021540,Pluviométrica,Convencional,Bolívar,San Martín De Loba,8.95,-74.05,30,11/15/1978,,Caribe,Magdalena Cauca,Bajo Magdalena,Directos Bajo Magdalena entre El Banco y El Plato,1.1345454454422,1.58545458316803,2,2,0.568840563297272,0.757246375083923,1,1,1.04999995231628,2014,05,223,223,234.149989366531,0,137.767852783203,2014-05-01,189.654510498047,185.066223144531,220.500671386719
25021540,Pluviométrica,Convencional,Bolívar,San Martín De Loba,8.95,-74.05,30,11/15/1978,,Caribe,Magdalena Cauca,Bajo Magdalena,Directos Bajo Magdalena entre El Banco y El Plato,1.1345454454422,1.58545458316803,2,2,0.568840563297272,0.757246375083923,1,1,1.04999995231628,2014,06,25,25,26.2499988079071,0,115.478286743164,2014-06-01,122.295463562012,64.0466232299805,56.4108047485352
25021540,Pluviométrica,Convencional,Bolívar,San Martín De Loba,8.95,-74.05,30,11/15/1978,,Caribe,Magdalena Cauca,Bajo Magdalena,Directos Bajo Magdalena entre El Banco y El Plato,1.1345454454422,1.58545458316803,2,2,0.568840563297272,0.757246375083923,1,1,1.04999995231628,2014,07,102,102,107.099995136261,0,65.0787887573242,2014-07-01,85.3681716918945,50.1876411437988,52.7778701782227
25021540,Pluviométrica,Convencional,Bolívar,San Martín De Loba,8.95,-74.05,30,11/15/1978,,Caribe,Magdalena Cauca,Bajo Magdalena,Directos Bajo Magdalena entre El Banco y El Plato,1.1345454454422,1.58545458316803,2,2,0.568840563297272,0.757246375083923,1,1,1.04999995231628,2014,08,286,286,300.299986362457,0,213.610931396484,2014-08-01,273.249847412109,280.946960449219,267.607543945313
25021540,Pluviométrica,Convencional,Bolívar,San Martín De Loba,8.95,-74.05,30,11/15/1978,,Caribe,Magdalena Cauca,Bajo Magdalena,Directos Bajo Magdalena entre El Banco y El Plato,1.1345454454422,1.58545458316803,2,2,0.568840563297272,0.757246375083923,1,1,1.04999995231628,2014,09,143,143,150.149993181229,0,262.107513427734,2014-09-01,315.076721191406,284.116241455078,198.268539428711
25021540,Pluviométrica,Convencional,Bolívar,San Martín De Loba,8.95,-74.05,30,11/15/1978,,Caribe,Magdalena Cauca,Bajo Magdalena,Directos Bajo Magdalena entre El Banco y El Plato,1.1345454454422,1.58545458316803,2,2,0.568840563297272,0.757246375083923,1,1,1.03999996185303,2014,10,384,384,399.359985351563,0,421.486450195313,2014-10-01,443.806274414063,531.198547363281,424.815643310547
25021540,Pluviométrica,Convencional,Bolívar,San Martín De Loba,8.95,-74.05,30,11/15/1978,,Caribe,Magdalena Cauca,Bajo Magdalena,Directos Bajo Magdalena entre El Banco y El Plato,1.1345454454422,1.58545458316803,2,2,0.568840563297272,0.757246375083923,1,1,1.04999995231628,2014,11,120,120,125.999994277954,0,254.580383300781,2014-11-01,208.047637939453,407.131195068359,207.49885559082
25021540,Pluviométrica,Convencional,Bolívar,San Martín De Loba,8.95,-74.05,30,11/15/1978,,Caribe,Magdalena Cauca,Bajo Magdalena,Directos Bajo Magdalena entre El Banco y El Plato,1.1345454454422,1.58545458316803,2,2,0.568840563297272,0.757246375083923,1,1,1.0900000333786,2014,12,26,26,28.3400008678436,0,56.5050849914551,2014-12-01,89.9275207519531,78.5757751464844,58.5687065124512
25021540,Pluviométrica,Convencional,Bolívar,San Martín De Loba,8.95,-74.05,30,11/15/1978,,Caribe,Magdalena Cauca,Bajo Magdalena,Directos Bajo Magdalena entre El Banco y El Plato,1.1345454454422,1.58545458316803,2,2,0.568840563297272,0.757246375083923,1,1,1.11000001430511,2015,01,0,0,0,0,25.688045501709,2015-01-01,20.613956451416,19.2047386169434,13.3991250991821
25021540,Pluviométrica,Convencional,Bolívar,San Martín De Loba,8.95,-74.05,30,11/15/1978,,Caribe,Magdalena Cauca,Bajo Magdalena,Directos Bajo Magdalena entre El Banco y El Plato,1.1345454454422,1.58545458316803,2,2,0.568840563297272,0.757246375083923,1,1,1.12000000476837,2015,02,136,136,152.320000648499,0,33.4583702087402,2015-02-01,29.1316909790039,31.3304195404053,61.0938911437988
25021540,Pluviométrica,Convencional,Bolívar,San Martín De Loba,8.95,-74.05,30,11/15/1978,,Caribe,Magdalena Cauca,Bajo Magdalena,Directos Bajo Magdalena entre El Banco y El Plato,1.1345454454422,1.58545458316803,2,2,0.568840563297272,0.757246375083923,1,1,1.10000002384186,2015,03,73,73,80.3000017404556,0,35.2853240966797,2015-03-01,25.4147148132324,36.8413200378418,56.8624305725098
25021540,Pluviométrica,Convencional,Bolívar,San Martín De Loba,8.95,-74.05,30,11/15/1978,,Caribe,Magdalena Cauca,Bajo Magdalena,Directos Bajo Magdalena entre El Banco y El Plato,1.1345454454422,1.58545458316803,2,2,0.568840563297272,0.757246375083923,1,1,1.07000005245209,2015,04,167,167,178.690008759499,0,137.775283813477,2015-04-01,165.765716552734,135.567428588867,129.139221191406
25021540,Pluviométrica,Convencional,Bolívar,San Martín De Loba,8.95,-74.05,30,11/15/1978,,Caribe,Magdalena Cauca,Bajo Magdalena,Directos Bajo Magdalena entre El Banco y El Plato,1.1345454454422,1.58545458316803,2,2,0.568840563297272,0.757246375083923,1,1,1.04999995231628,2015,05,88,88,92.399995803833,0,154.753707885742,2015-05-01,215.597229003906,150.719177246094,155.955261230469
25021540,Pluviométrica,Convencional,Bolívar,San Martín De Loba,8.95,-74.05,30,11/15/1978,,Caribe,Magdalena Cauca,Bajo Magdalena,Directos Bajo Magdalena entre El Banco y El Plato,1.1345454454422,1.58545458316803,2,2,0.568840563297272,0.757246375083923,1,1,1.04999995231628,2015,06,73,73,76.6499965190888,0,123.107902526855,2015-06-01,143.918792724609,119.857246398926,93.9873580932617
25021540,Pluviométrica,Convencional,Bolívar,San Martín De Loba,8.95,-74.05,30,11/15/1978,,Caribe,Magdalena Cauca,Bajo Magdalena,Directos Bajo Magdalena entre El Banco y El Plato,1.1345454454422,1.58545458316803,2,2,0.568840563297272,0.757246375083923,1,1,1.04999995231628,2015,07,106,106,111.299994945526,0,95.1145401000977,2015-07-01,157.119171142578,84.3383865356445,104.367965698242
25021540,Pluviométrica,Convencional,Bolívar,San Martín De Loba,8.95,-74.05,30,11/15/1978,,Caribe,Magdalena Cauca,Bajo Magdalena,Directos Bajo Magdalena entre El Banco y El Plato,1.1345454454422,1.58545458316803,2,2,0.568840563297272,0.757246375083923,1,1,1.04999995231628,2015,08,108,108,113.399994850159,0,194.258178710938,2015-08-01,245.074432373047,199.191314697266,228.884292602539
25021540,Pluviométrica,Convencional,Bolívar,San Martín De Loba,8.95,-74.05,30,11/15/1978,,Caribe,Magdalena Cauca,Bajo Magdalena,Directos Bajo Magdalena entre El Banco y El Plato,1.1345454454422,1.58545458316803,2,2,0.568840563297272,0.757246375083923,1,1,1.04999995231628,2015,09,228,228,239.399989128113,0,233.851333618164,2015-09-01,274.464202880859,225.804931640625,202.684158325195
25021540,Pluviométrica,Convencional,Bolívar,San Martín De Loba,8.95,-74.05,30,11/15/1978,,Caribe,Magdalena Cauca,Bajo Magdalena,Directos Bajo Magdalena entre El Banco y El Plato,1.1345454454422,1.58545458316803,2,2,0.568840563297272,0.757246375083923,1,1,1.03999996185303,2015,10,150,150,155.999994277954,0,309.365692138672,2015-10-01,314.832672119141,321.069061279297,271.029663085938
25021540,Pluviométrica,Convencional,Bolívar,San Martín De Loba,8.95,-74.05,30,11/15/1978,,Caribe,Magdalena Cauca,Bajo Magdalena,Directos Bajo Magdalena entre El Banco y El Plato,1.1345454454422,1.58545458316803,2,2,0.568840563297272,0.757246375083923,1,1,1.04999995231628,2015,11,175,175,183.74999165535,0,250.407760620117,2015-11-01,201.596099853516,241.346817016602,209.039520263672
25021540,Pluviométrica,Convencional,Bolívar,San Martín De Loba,8.95,-74.05,30,11/15/1978,,Caribe,Magdalena Cauca,Bajo Magdalena,Directos Bajo Magdalena entre El Banco y El Plato,1.1345454454422,1.58545458316803,2,2,0.568840563297272,0.757246375083923,1,1,1.0900000333786,2015,12,0,0,0,0,25.8111763000488,2015-12-01,43.4076805114746,26.1063175201416,19.3783683776855
25021540,Pluviométrica,Convencional,Bolívar,San Martín De Loba,8.95,-74.05,30,11/15/1978,,Caribe,Magdalena Cauca,Bajo Magdalena,Directos Bajo Magdalena entre El Banco y El Plato,1.1345454454422,1.58545458316803,2,2,0.568840563297272,0.757246375083923,1,1,1.11000001430511,2016,01,8,8,8.88000011444092,0,14.2754936218262,2016-01-01,3.37464022636414,11.758978843689,3.72185707092285
25021540,Pluviométrica,Convencional,Bolívar,San Martín De Loba,8.95,-74.05,30,11/15/1978,,Caribe,Magdalena Cauca,Bajo Magdalena,Directos Bajo Magdalena entre El Banco y El Plato,1.1345454454422,1.58545458316803,2,2,0.568840563297272,0.757246375083923,1,1,1.12000000476837,2016,02,63,63,70.5600003004074,0,25.3187580108643,2016-02-01,16.779483795166,24.1056709289551,38.9661521911621
25021540,Pluviométrica,Convencional,Bolívar,San Martín De Loba,8.95,-74.05,30,11/15/1978,,Caribe,Magdalena Cauca,Bajo Magdalena,Directos Bajo Magdalena entre El Banco y El Plato,1.1345454454422,1.58545458316803,2,2,0.568840563297272,0.757246375083923,1,1,1.10000002384186,2016,03,8,8,8.80000019073486,0,23.8262596130371,2016-03-01,10.3597373962402,22.9059600830078,18.3724002838135
25021540,Pluviométrica,Convencional,Bolívar,San Martín De Loba,8.95,-74.05,30,11/15/1978,,Caribe,Magdalena Cauca,Bajo Magdalena,Directos Bajo Magdalena entre El Banco y El Plato,1.1345454454422,1.58545458316803,2,2,0.568840563297272,0.757246375083923,1,1,1.07000005245209,2016,04,0,0,0,30,134.256423950195,2016-04-01,160.240447998047,135.055618286133,127.977203369141
25021540,Pluviométrica,Convencional,Bolívar,San Martín De Loba,8.95,-74.05,30,11/15/1978,,Caribe,Magdalena Cauca,Bajo Magdalena,Directos Bajo Magdalena entre El Banco y El Plato,1.1345454454422,1.58545458316803,2,2,0.568840563297272,0.757246375083923,1,1,1.04999995231628,2016,05,0,0,0,31,190.265960693359,2016-05-01,268.847045898438,148.81559753418,161.712875366211
25021540,Pluviométrica,Convencional,Bolívar,San Martín De Loba,8.95,-74.05,30,11/15/1978,,Caribe,Magdalena Cauca,Bajo Magdalena,Directos Bajo Magdalena entre El Banco y El Plato,1.1345454454422,1.58545458316803,2,2,0.568840563297272,0.757246375083923,1,1,1.04999995231628,2016,06,0,0,0,30,178.67529296875,2016-06-01,216.59440612793,132.309692382813,174.322006225586
25021540,Pluviométrica,Convencional,Bolívar,San Martín De Loba,8.95,-74.05,30,11/15/1978,,Caribe,Magdalena Cauca,Bajo Magdalena,Directos Bajo Magdalena entre El Banco y El Plato,1.1345454454422,1.58545458316803,2,2,0.568840563297272,0.757246375083923,1,1,1.04999995231628,2016,07,0,0,0,31,151.142028808594,2016-07-01,246.074340820313,118.102416992188,204.961395263672
25021540,Pluviométrica,Convencional,Bolívar,San Martín De Loba,8.95,-74.05,30,11/15/1978,,Caribe,Magdalena Cauca,Bajo Magdalena,Directos Bajo Magdalena entre El Banco y El Plato,1.1345454454422,1.58545458316803,2,2,0.568840563297272,0.757246375083923,1,1,1.04999995231628,2016,08,0,0,0,31,178.158309936523,2016-08-01,222.739944458008,237.678466796875,261.979827880859
25021540,Pluviométrica,Convencional,Bolívar,San Martín De Loba,8.95,-74.05,30,11/15/1978,,Caribe,Magdalena Cauca,Bajo Magdalena,Directos Bajo Magdalena entre El Banco y El Plato,1.1345454454422,1.58545458316803,2,2,0.568840563297272,0.757246375083923,1,1,1.04999995231628,2016,09,0,0,0,30,251.291000366211,2016-09-01,296.216705322266,224.278366088867,270.586853027344
25021540,Pluviométrica,Convencional,Bolívar,San Martín De Loba,8.95,-74.05,30,11/15/1978,,Caribe,Magdalena Cauca,Bajo Magdalena,Directos Bajo Magdalena entre El Banco y El Plato,1.1345454454422,1.58545458316803,2,2,0.568840563297272,0.757246375083923,1,1,1.03999996185303,2016,10,322,322,334.879987716675,0,364.92724609375,2016-10-01,369.654968261719,327.171295166016,376.962341308594
25021540,Pluviométrica,Convencional,Bolívar,San Martín De Loba,8.95,-74.05,30,11/15/1978,,Caribe,Magdalena Cauca,Bajo Magdalena,Directos Bajo Magdalena entre El Banco y El Plato,1.1345454454422,1.58545458316803,2,2,0.568840563297272,0.757246375083923,1,1,1.04999995231628,2016,11,393,393,412.6499812603,0,510.076782226563,2016-11-01,441.321655273438,659.074768066406,495.872009277344
25021540,Pluviométrica,Convencional,Bolívar,San Martín De Loba,8.95,-74.05,30,11/15/1978,,Caribe,Magdalena Cauca,Bajo Magdalena,Directos Bajo Magdalena entre El Banco y El Plato,1.1345454454422,1.58545458316803,2,2,0.568840563297272,0.757246375083923,1,1,1.0900000333786,2016,12,131,131,142.790004372597,0,90.9128875732422,2016-12-01,139.154281616211,119.474494934082,133.611877441406
25021540,Pluviométrica,Convencional,Bolívar,San Martín De Loba,8.95,-74.05,30,11/15/1978,,Caribe,Magdalena Cauca,Bajo Magdalena,Directos Bajo Magdalena entre El Banco y El Plato,1.1345454454422,1.58545458316803,2,2,0.568840563297272,0.757246375083923,1,1,1.11000001430511,2017,01,0,0,0,0,25.7638511657715,2017-01-01,41.2781639099121,9.38686752319336,18.35910987854
25021540,Pluviométrica,Convencional,Bolívar,San Martín De Loba,8.95,-74.05,30,11/15/1978,,Caribe,Magdalena Cauca,Bajo Magdalena,Directos Bajo Magdalena entre El Banco y El Plato,1.1345454454422,1.58545458316803,2,2,0.568840563297272,0.757246375083923,1,1,1.12000000476837,2017,02,0,0,0,0,24.6173973083496,2017-02-01,18.3727073669434,15.6088247299194,15.3262166976929
25021540,Pluviométrica,Convencional,Bolívar,San Martín De Loba,8.95,-74.05,30,11/15/1978,,Caribe,Magdalena Cauca,Bajo Magdalena,Directos Bajo Magdalena entre El Banco y El Plato,1.1345454454422,1.58545458316803,2,2,0.568840563297272,0.757246375083923,1,1,1.10000002384186,2017,03,239,239,262.900005698204,0,92.6294403076172,2017-03-01,139.871566772461,172.300750732422,217.669845581055
25021540,Pluviométrica,Convencional,Bolívar,San Martín De Loba,8.95,-74.05,30,11/15/1978,,Caribe,Magdalena Cauca,Bajo Magdalena,Directos Bajo Magdalena entre El Banco y El Plato,1.1345454454422,1.58545458316803,2,2,0.568840563297272,0.757246375083923,1,1,1.07000005245209,2017,04,128,128,136.960006713867,0,110.899566650391,2017-04-01,127.782302856445,108.929313659668,108.778602600098
25021540,Pluviométrica,Convencional,Bolívar,San Martín De Loba,8.95,-74.05,30,11/15/1978,,Caribe,Magdalena Cauca,Bajo Magdalena,Directos Bajo Magdalena entre El Banco y El Plato,1.1345454454422,1.58545458316803,2,2,0.568840563297272,0.757246375083923,1,1,1.04999995231628,2017,05,305,305,320.249985456467,0,178.312316894531,2017-05-01,257.714935302734,238.962280273438,330.043334960938
25021540,Pluviométrica,Convencional,Bolívar,San Martín De Loba,8.95,-74.05,30,11/15/1978,,Caribe,Magdalena Cauca,Bajo Magdalena,Directos Bajo Magdalena entre El Banco y El Plato,1.1345454454422,1.58545458316803,2,2,0.568840563297272,0.757246375083923,1,1,1.04999995231628,2017,06,229,229,240.449989080429,1,221.784713745117,2017-06-01,266.28759765625,226.6357421875,256.412750244141
25021540,Pluviométrica,Convencional,Bolívar,San Martín De Loba,8.95,-74.05,30,11/15/1978,,Caribe,Magdalena Cauca,Bajo Magdalena,Directos Bajo Magdalena entre El Banco y El Plato,1.1345454454422,1.58545458316803,2,2,0.568840563297272,0.757246375083923,1,1,1.04999995231628,2017,07,205,205,215.249990224838,0,135.325012207031,2017-07-01,218.223175048828,160.593780517578,217.515869140625
25021540,Pluviométrica,Convencional,Bolívar,San Martín De Loba,8.95,-74.05,30,11/15/1978,,Caribe,Magdalena Cauca,Bajo Magdalena,Directos Bajo Magdalena entre El Banco y El Plato,1.1345454454422,1.58545458316803,2,2,0.568840563297272,0.757246375083923,1,1,1.04999995231628,2017,08,309,309,324.449985265732,0,209.843978881836,2017-08-01,256.093414306641,265.665313720703,354.177703857422
25021540,Pluviométrica,Convencional,Bolívar,San Martín De Loba,8.95,-74.05,30,11/15/1978,,Caribe,Magdalena Cauca,Bajo Magdalena,Directos Bajo Magdalena entre El Banco y El Plato,1.1345454454422,1.58545458316803,2,2,0.568840563297272,0.757246375083923,1,1,1.04999995231628,2017,09,137,137,143.849993467331,0,291.179077148438,2017-09-01,357.622955322266,353.293823242188,258.535583496094
25021540,Pluviométrica,Convencional,Bolívar,San Martín De Loba,8.95,-74.05,30,11/15/1978,,Caribe,Magdalena Cauca,Bajo Magdalena,Directos Bajo Magdalena entre El Banco y El Plato,1.1345454454422,1.58545458316803,2,2,0.568840563297272,0.757246375083923,1,1,1.03999996185303,2017,10,352,352,366.079986572266,0,391.561370849609,2017-10-01,398.297790527344,284.319946289063,312.386749267578
25021540,Pluviométrica,Convencional,Bolívar,San Martín De Loba,8.95,-74.05,30,11/15/1978,,Caribe,Magdalena Cauca,Bajo Magdalena,Directos Bajo Magdalena entre El Banco y El Plato,1.1345454454422,1.58545458316803,2,2,0.568840563297272,0.757246375083923,1,1,1.04999995231628,2017,11,200,200,209.999990463257,0,217.64208984375,2017-11-01,173.148452758789,275.828704833984,185.598907470703
25021540,Pluviométrica,Convencional,Bolívar,San Martín De Loba,8.95,-74.05,30,11/15/1978,,Caribe,Magdalena Cauca,Bajo Magdalena,Directos Bajo Magdalena entre El Banco y El Plato,1.1345454454422,1.58545458316803,2,2,0.568840563297272,0.757246375083923,1,1,1.0900000333786,2017,12,95,95,103.550003170967,0,54.8885803222656,2017-12-01,94.7932815551758,76.6757354736328,99.0003433227539
25021540,Pluviométrica,Convencional,Bolívar,San Martín De Loba,8.95,-74.05,30,11/15/1978,,Caribe,Magdalena Cauca,Bajo Magdalena,Directos Bajo Magdalena entre El Banco y El Plato,1.1345454454422,1.58545458316803,2,2,0.568840563297272,0.757246375083923,1,1,1.11000001430511,2018,01,160,160,177.600002288818,0,60.5863075256348,2018-01-01,134.689117431641,54.2384414672852,131.314331054688
25021540,Pluviométrica,Convencional,Bolívar,San Martín De Loba,8.95,-74.05,30,11/15/1978,,Caribe,Magdalena Cauca,Bajo Magdalena,Directos Bajo Magdalena entre El Banco y El Plato,1.1345454454422,1.58545458316803,2,2,0.568840563297272,0.757246375083923,1,1,1.12000000476837,2018,02,0,0,0,0,21.1352081298828,2018-02-01,7.87772226333618,10.1538581848145,5.01885414123535
25021540,Pluviométrica,Convencional,Bolívar,San Martín De Loba,8.95,-74.05,30,11/15/1978,,Caribe,Magdalena Cauca,Bajo Magdalena,Directos Bajo Magdalena entre El Banco y El Plato,1.1345454454422,1.58545458316803,2,2,0.568840563297272,0.757246375083923,1,1,1.10000002384186,2018,03,28,28,30.800000667572,0,65.5454406738281,2018-03-01,89.2464370727539,54.958667755127,67.4680786132813
25021540,Pluviométrica,Convencional,Bolívar,San Martín De Loba,8.95,-74.05,30,11/15/1978,,Caribe,Magdalena Cauca,Bajo Magdalena,Directos Bajo Magdalena entre El Banco y El Plato,1.1345454454422,1.58545458316803,2,2,0.568840563297272,0.757246375083923,1,1,1.07000005245209,2018,04,225,225,240.75001180172,0,160.47785949707,2018-04-01,194.066253662109,165.841613769531,187.284591674805
25021540,Pluviométrica,Convencional,Bolívar,San Martín De Loba,8.95,-74.05,30,11/15/1978,,Caribe,Magdalena Cauca,Bajo Magdalena,Directos Bajo Magdalena entre El Banco y El Plato,1.1345454454422,1.58545458316803,2,2,0.568840563297272,0.757246375083923,1,1,1.04999995231628,2018,05,345,345,362.249983549118,0,193.980484008789,2018-05-01,279.8671875,277.342346191406,269.889862060547
25021540,Pluviométrica,Convencional,Bolívar,San Martín De Loba,8.95,-74.05,30,11/15/1978,,Caribe,Magdalena Cauca,Bajo Magdalena,Directos Bajo Magdalena entre El Banco y El Plato,1.1345454454422,1.58545458316803,2,2,0.568840563297272,0.757246375083923,1,1,1.04999995231628,2018,06,57,57,59.8499972820282,0,171.111022949219,2018-06-01,199.743560791016,104.81315612793,116.123725891113
25021540,Pluviométrica,Convencional,Bolívar,San Martín De Loba,8.95,-74.05,30,11/15/1978,,Caribe,Magdalena Cauca,Bajo Magdalena,Directos Bajo Magdalena entre El Banco y El Plato,1.1345454454422,1.58545458316803,2,2,0.568840563297272,0.757246375083923,1,1,1.04999995231628,2018,07,93,93,97.6499955654144,0,90.4360809326172,2018-07-01,131.942077636719,89.6475830078125,123.442390441895
25021540,Pluviométrica,Convencional,Bolívar,San Martín De Loba,8.95,-74.05,30,11/15/1978,,Caribe,Magdalena Cauca,Bajo Magdalena,Directos Bajo Magdalena entre El Banco y El Plato,1.1345454454422,1.58545458316803,2,2,0.568840563297272,0.757246375083923,1,1,1.04999995231628,2018,08,270,270,283.499987125397,0,171.671463012695,2018-08-01,204.580184936523,176.957092285156,246.332122802734
25021540,Pluviométrica,Convencional,Bolívar,San Martín De Loba,8.95,-74.05,30,11/15/1978,,Caribe,Magdalena Cauca,Bajo Magdalena,Directos Bajo Magdalena entre El Banco y El Plato,1.1345454454422,1.58545458316803,2,2,0.568840563297272,0.757246375083923,1,1,1.04999995231628,2018,09,250,250,262.499988079071,0,251.243469238281,2018-09-01,300.740875244141,330.672576904297,281.943023681641
25021540,Pluviométrica,Convencional,Bolívar,San Martín De Loba,8.95,-74.05,30,11/15/1978,,Caribe,Magdalena Cauca,Bajo Magdalena,Directos Bajo Magdalena entre El Banco y El Plato,1.1345454454422,1.58545458316803,2,2,0.568840563297272,0.757246375083923,1,1,1.03999996185303,2018,10,488,488,507.519981384277,0,345.326477050781,2018-10-01,363.853942871094,453.996856689453,427.703308105469
25021540,Pluviométrica,Convencional,Bolívar,San Martín De Loba,8.95,-74.05,30,11/15/1978,,Caribe,Magdalena Cauca,Bajo Magdalena,Directos Bajo Magdalena entre El Banco y El Plato,1.1345454454422,1.58545458316803,2,2,0.568840563297272,0.757246375083923,1,1,1.04999995231628,2018,11,215.1,215.1,225.854989743233,0,327.295135498047,2018-11-01,266.295959472656,230.771240234375,240.390090942383
25021540,Pluviométrica,Convencional,Bolívar,San Martín De Loba,8.95,-74.05,30,11/15/1978,,Caribe,Magdalena Cauca,Bajo Magdalena,Directos Bajo Magdalena entre El Banco y El Plato,1.1345454454422,1.58545458316803,2,2,0.568840563297272,0.757246375083923,1,1,1.0900000333786,2018,12,0,0,0,0,4.2023606300354,2018-12-01,0.145012229681015,3.24298071861267,0.171595826745033
25021540,Pluviométrica,Convencional,Bolívar,San Martín De Loba,8.95,-74.05,30,11/15/1978,,Caribe,Magdalena Cauca,Bajo Magdalena,Directos Bajo Magdalena entre El Banco y El Plato,1.1345454454422,1.58545458316803,2,2,0.568840563297272,0.757246375083923,1,1,1.11000001430511,2019,01,28,28,31.0800004005432,0,13.6603832244873,2019-01-01,1.89379489421844,10.7738733291626,4.59234380722046
25021540,Pluviométrica,Convencional,Bolívar,San Martín De Loba,8.95,-74.05,30,11/15/1978,,Caribe,Magdalena Cauca,Bajo Magdalena,Directos Bajo Magdalena entre El Banco y El Plato,1.1345454454422,1.58545458316803,2,2,0.568840563297272,0.757246375083923,1,1,1.12000000476837,2019,02,0,0,0,0,28.8313961029053,2019-02-01,20.7248497009277,13.2243413925171,14.6784381866455
25021540,Pluviométrica,Convencional,Bolívar,San Martín De Loba,8.95,-74.05,30,11/15/1978,,Caribe,Magdalena Cauca,Bajo Magdalena,Directos Bajo Magdalena entre El Banco y El Plato,1.1345454454422,1.58545458316803,2,2,0.568840563297272,0.757246375083923,1,1,1.10000002384186,2019,03,64,64,70.4000015258789,0,30.607027053833,2019-03-01,22.3491897583008,42.3466186523438,40.4361228942871
25021540,Pluviométrica,Convencional,Bolívar,San Martín De Loba,8.95,-74.05,30,11/15/1978,,Caribe,Magdalena Cauca,Bajo Magdalena,Directos Bajo Magdalena entre El Banco y El Plato,1.1345454454422,1.58545458316803,2,2,0.568840563297272,0.757246375083923,1,1,1.07000005245209,2019,04,85,85,90.9500044584274,1,84.8585891723633,2019-04-01,109.654640197754,90.7830047607422,101.134796142578
25021540,Pluviométrica,Convencional,Bolívar,San Martín De Loba,8.95,-74.05,30,11/15/1978,,Caribe,Magdalena Cauca,Bajo Magdalena,Directos Bajo Magdalena entre El Banco y El Plato,1.1345454454422,1.58545458316803,2,2,0.568840563297272,0.757246375083923,1,1,1.04999995231628,2019,05,485,485,509.249976873398,0,186.767074584961,2019-05-01,261.604248046875,268.177978515625,333.176971435547
25021540,Pluviométrica,Convencional,Bolívar,San Martín De Loba,8.95,-74.05,30,11/15/1978,,Caribe,Magdalena Cauca,Bajo Magdalena,Directos Bajo Magdalena entre El Banco y El Plato,1.1345454454422,1.58545458316803,2,2,0.568840563297272,0.757246375083923,1,1,1.04999995231628,2019,06,122,122,128.099994182587,0,140.734176635742,2019-06-01,175.407669067383,123.590003967285,138.680084228516
25021540,Pluviométrica,Convencional,Bolívar,San Martín De Loba,8.95,-74.05,30,11/15/1978,,Caribe,Magdalena Cauca,Bajo Magdalena,Directos Bajo Magdalena entre El Banco y El Plato,1.1345454454422,1.58545458316803,2,2,0.568840563297272,0.757246375083923,1,1,1.04999995231628,2019,07,82,82,86.0999960899353,0,91.8733367919922,2019-07-01,138.726348876953,82.7836685180664,117.049964904785
25021540,Pluviométrica,Convencional,Bolívar,San Martín De Loba,8.95,-74.05,30,11/15/1978,,Caribe,Magdalena Cauca,Bajo Magdalena,Directos Bajo Magdalena entre El Banco y El Plato,1.1345454454422,1.58545458316803,2,2,0.568840563297272,0.757246375083923,1,1,1.04999995231628,2019,08,96,96,100.799995422363,0,159.418472290039,2019-08-01,197.915283203125,167.713195800781,179.860992431641
25021540,Pluviométrica,Convencional,Bolívar,San Martín De Loba,8.95,-74.05,30,11/15/1978,,Caribe,Magdalena Cauca,Bajo Magdalena,Directos Bajo Magdalena entre El Banco y El Plato,1.1345454454422,1.58545458316803,2,2,0.568840563297272,0.757246375083923,1,1,1.04999995231628,2019,09,303,303,318.149985551834,0,241.573669433594,2019-09-01,290.915557861328,290.226989746094,232.71435546875
25021540,Pluviométrica,Convencional,Bolívar,San Martín De Loba,8.95,-74.05,30,11/15/1978,,Caribe,Magdalena Cauca,Bajo Magdalena,Directos Bajo Magdalena entre El Banco y El Plato,1.1345454454422,1.58545458316803,2,2,0.568840563297272,0.757246375083923,1,1,1.03999996185303,2019,10,314,314,326.559988021851,0,410.082061767578,2019-10-01,421.368957519531,388.384979248047,413.752197265625
25021540,Pluviométrica,Convencional,Bolívar,San Martín De Loba,8.95,-74.05,30,11/15/1978,,Caribe,Magdalena Cauca,Bajo Magdalena,Directos Bajo Magdalena entre El Banco y El Plato,1.1345454454422,1.58545458316803,2,2,0.568840563297272,0.757246375083923,1,1,1.04999995231628,2019,11,166,166,174.299992084503,0,278.605010986328,2019-11-01,240.731460571289,241.819946289063,194.588272094727
25021540,Pluviométrica,Convencional,Bolívar,San Martín De Loba,8.95,-74.05,30,11/15/1978,,Caribe,Magdalena Cauca,Bajo Magdalena,Directos Bajo Magdalena entre El Banco y El Plato,1.1345454454422,1.58545458316803,2,2,0.568840563297272,0.757246375083923,1,1,1.0900000333786,2019,12,82,82,89.3800027370453,0,52.6268615722656,2019-12-01,118.943969726563,38.1389312744141,85.1766662597656
25021540,Pluviométrica,Convencional,Bolívar,San Martín De Loba,8.95,-74.05,30,11/15/1978,,Caribe,Magdalena Cauca,Bajo Magdalena,Directos Bajo Magdalena entre El Banco y El Plato,1.1345454454422,1.58545458316803,2,2,0.568840563297272,0.757246375083923,1,1,1.11000001430511,2020,01,21,21,23.3100003004074,0,28.2638778686523,2020-01-01,27.7324485778809,26.4441146850586,42.653621673584
25021540,Pluviométrica,Convencional,Bolívar,San Martín De Loba,8.95,-74.05,30,11/15/1978,,Caribe,Magdalena Cauca,Bajo Magdalena,Directos Bajo Magdalena entre El Banco y El Plato,1.1345454454422,1.58545458316803,2,2,0.568840563297272,0.757246375083923,1,1,1.12000000476837,2020,02,0,0,0,0,21.4072456359863,2020-02-01,7.87772226333618,23.4518718719482,15.2929182052612
25021540,Pluviométrica,Convencional,Bolívar,San Martín De Loba,8.95,-74.05,30,11/15/1978,,Caribe,Magdalena Cauca,Bajo Magdalena,Directos Bajo Magdalena entre El Banco y El Plato,1.1345454454422,1.58545458316803,2,2,0.568840563297272,0.757246375083923,1,1,1.10000002384186,2020,03,0,0,0,0,19.5538902282715,2020-03-01,1.56142914295197,27.618824005127,3.53648829460144
25021540,Pluviométrica,Convencional,Bolívar,San Martín De Loba,8.95,-74.05,30,11/15/1978,,Caribe,Magdalena Cauca,Bajo Magdalena,Directos Bajo Magdalena entre El Banco y El Plato,1.1345454454422,1.58545458316803,2,2,0.568840563297272,0.757246375083923,1,1,1.07000005245209,2020,04,132,132,141.240006923676,0,87.1938858032227,2020-04-01,92.0087661743164,102.846900939941,123.449295043945
25021540,Pluviométrica,Convencional,Bolívar,San Martín De Loba,8.95,-74.05,30,11/15/1978,,Caribe,Magdalena Cauca,Bajo Magdalena,Directos Bajo Magdalena entre El Banco y El Plato,1.1345454454422,1.58545458316803,2,2,0.568840563297272,0.757246375083923,1,1,1.04999995231628,2020,05,166,166,174.299992084503,0,151.688430786133,2020-05-01,212.654388427734,153.315124511719,178.710510253906
25021540,Pluviométrica,Convencional,Bolívar,San Martín De Loba,8.95,-74.05,30,11/15/1978,,Caribe,Magdalena Cauca,Bajo Magdalena,Directos Bajo Magdalena entre El Banco y El Plato,1.1345454454422,1.58545458316803,2,2,0.568840563297272,0.757246375083923,1,1,1.04999995231628,2020,06,166,166,174.299992084503,0,146.017303466797,2020-06-01,164.128051757813,152.027786254883,201.913177490234
25021540,Pluviométrica,Convencional,Bolívar,San Martín De Loba,8.95,-74.05,30,11/15/1978,,Caribe,Magdalena Cauca,Bajo Magdalena,Directos Bajo Magdalena entre El Banco y El Plato,1.1345454454422,1.58545458316803,2,2,0.568840563297272,0.757246375083923,1,1,1.04999995231628,2020,07,184,184,193.199991226196,0,134.765838623047,2020-07-01,217.58903503418,172.388702392578,262.164916992188
25021540,Pluviométrica,Convencional,Bolívar,San Martín De Loba,8.95,-74.05,30,11/15/1978,,Caribe,Magdalena Cauca,Bajo Magdalena,Directos Bajo Magdalena entre El Banco y El Plato,1.1345454454422,1.58545458316803,2,2,0.568840563297272,0.757246375083923,1,1,1.04999995231628,2020,08,367,367,385.349982500076,0,212.211013793945,2020-08-01,271.412933349609,294.675750732422,339.720947265625
25021540,Pluviométrica,Convencional,Bolívar,San Martín De Loba,8.95,-74.05,30,11/15/1978,,Caribe,Magdalena Cauca,Bajo Magdalena,Directos Bajo Magdalena entre El Banco y El Plato,1.1345454454422,1.58545458316803,2,2,0.568840563297272,0.757246375083923,1,1,1.04999995231628,2020,09,428,428,449.39997959137,0,254.769546508789,2020-09-01,314.906280517578,327.642181396484,367.688812255859
25021540,Pluviométrica,Convencional,Bolívar,San Martín De Loba,8.95,-74.05,30,11/15/1978,,Caribe,Magdalena Cauca,Bajo Magdalena,Directos Bajo Magdalena entre El Banco y El Plato,1.1345454454422,1.58545458316803,2,2,0.568840563297272,0.757246375083923,1,1,1.03999996185303,2020,10,424,424,440.959983825684,0,323.239685058594,2020-10-01,334.052215576172,358.178833007813,394.119873046875
25021540,Pluviométrica,Convencional,Bolívar,San Martín De Loba,8.95,-74.05,30,11/15/1978,,Caribe,Magdalena Cauca,Bajo Magdalena,Directos Bajo Magdalena entre El Banco y El Plato,1.1345454454422,1.58545458316803,2,2,0.568840563297272,0.757246375083923,1,1,1.04999995231628,2020,11,304,304,319.19998550415,0,309.491821289063,2020-11-01,265.996063232422,376.067626953125,358.607543945313
25021540,Pluviométrica,Convencional,Bolívar,San Martín De Loba,8.95,-74.05,30,11/15/1978,,Caribe,Magdalena Cauca,Bajo Magdalena,Directos Bajo Magdalena entre El Banco y El Plato,1.1345454454422,1.58545458316803,2,2,0.568840563297272,0.757246375083923,1,1,1.0900000333786,2020,12,55,55,59.9500018358231,0,31.5656261444092,2020-12-01,44.2412147521973,47.3487815856934,73.5307922363281
25021540,Pluviométrica,Convencional,Bolívar,San Martín De Loba,8.95,-74.05,30,11/15/1978,,Caribe,Magdalena Cauca,Bajo Magdalena,Directos Bajo Magdalena entre El Banco y El Plato,1.1345454454422,1.58545458316803,2,2,0.568840563297272,0.757246375083923,1,1,1.11000001430511,2021,01,0,0,0,0,24.0935440063477,2021-01-01,24.573184967041,11.7814016342163,20.3900165557861
25021540,Pluviométrica,Convencional,Bolívar,San Martín De Loba,8.95,-74.05,30,11/15/1978,,Caribe,Magdalena Cauca,Bajo Magdalena,Directos Bajo Magdalena entre El Banco y El Plato,1.1345454454422,1.58545458316803,2,2,0.568840563297272,0.757246375083923,1,1,1.12000000476837,2021,02,15,15,16.8000000715256,0,29.2664318084717,2021-02-01,21.0190391540527,23.1685161590576,26.6242160797119
25021540,Pluviométrica,Convencional,Bolívar,San Martín De Loba,8.95,-74.05,30,11/15/1978,,Caribe,Magdalena Cauca,Bajo Magdalena,Directos Bajo Magdalena entre El Banco y El Plato,1.1345454454422,1.58545458316803,2,2,0.568840563297272,0.757246375083923,1,1,1.10000002384186,2021,03,18,18,19.8000004291534,0,63.0144195556641,2021-03-01,87.9140930175781,69.9711074829102,87.9140930175781
25021540,Pluviométrica,Convencional,Bolívar,San Martín De Loba,8.95,-74.05,30,11/15/1978,,Caribe,Magdalena Cauca,Bajo Magdalena,Directos Bajo Magdalena entre El Banco y El Plato,1.1345454454422,1.58545458316803,2,2,0.568840563297272,0.757246375083923,1,1,1.07000005245209,2021,04,250,250,267.500013113022,0,187.727554321289,2021-04-01,250.967514038086,191.627685546875,250.967514038086
25021540,Pluviométrica,Convencional,Bolívar,San Martín De Loba,8.95,-74.05,30,11/15/1978,,Caribe,Magdalena Cauca,Bajo Magdalena,Directos Bajo Magdalena entre El Banco y El Plato,1.1345454454422,1.58545458316803,2,2,0.568840563297272,0.757246375083923,1,1,1.04999995231628,2021,05,299,299,313.949985742569,0,146.509796142578,2021-05-01,198.843109130859,141.929183959961,198.843109130859
25021540,Pluviométrica,Convencional,Bolívar,San Martín De Loba,8.95,-74.05,30,11/15/1978,,Caribe,Magdalena Cauca,Bajo Magdalena,Directos Bajo Magdalena entre El Banco y El Plato,1.1345454454422,1.58545458316803,2,2,0.568840563297272,0.757246375083923,1,1,1.04999995231628,2021,06,246,163,171.149992227554,1,224.094818115234,2021-06-01,278.823059082031,227.15087890625,278.823059082031
25021540,Pluviométrica,Convencional,Bolívar,San Martín De Loba,8.95,-74.05,30,11/15/1978,,Caribe,Magdalena Cauca,Bajo Magdalena,Directos Bajo Magdalena entre El Banco y El Plato,1.1345454454422,1.58545458316803,2,2,0.568840563297272,0.757246375083923,1,1,1.04999995231628,2021,07,219,118,123.899994373322,1,93.8972396850586,2021-07-01,142.141082763672,84.4131851196289,142.141082763672
25021540,Pluviométrica,Convencional,Bolívar,San Martín De Loba,8.95,-74.05,30,11/15/1978,,Caribe,Magdalena Cauca,Bajo Magdalena,Directos Bajo Magdalena entre El Banco y El Plato,1.1345454454422,1.58545458316803,2,2,0.568840563297272,0.757246375083923,1,1,1.04999995231628,2021,08,394,298,312.899985790253,1,239.665130615234,2021-08-01,305.62158203125,229.636840820313,305.62158203125
25021540,Pluviométrica,Convencional,Bolívar,San Martín De Loba,8.95,-74.05,30,11/15/1978,,Caribe,Magdalena Cauca,Bajo Magdalena,Directos Bajo Magdalena entre El Banco y El Plato,1.1345454454422,1.58545458316803,2,2,0.568840563297272,0.757246375083923,1,1,1.04999995231628,2021,09,357,357,374.849982976913,0,258.255798339844,2021-09-01,309.1201171875,246.385162353516,309.1201171875
25021540,Pluviométrica,Convencional,Bolívar,San Martín De Loba,8.95,-74.05,30,11/15/1978,,Caribe,Magdalena Cauca,Bajo Magdalena,Directos Bajo Magdalena entre El Banco y El Plato,1.1345454454422,1.58545458316803,2,2,0.568840563297272,0.757246375083923,1,1,1.03999996185303,2021,10,363,177,184.079993247986,2,283.152801513672,2021-10-01,285.031860351563,266.882568359375,293.685516357422
25021540,Pluviométrica,Convencional,Bolívar,San Martín De Loba,8.95,-74.05,30,11/15/1978,,Caribe,Magdalena Cauca,Bajo Magdalena,Directos Bajo Magdalena entre El Banco y El Plato,1.1345454454422,1.58545458316803,2,2,0.568840563297272,0.757246375083923,1,1,1.04999995231628,2021,11,427,242,254.099988460541,2,253.636001586914,2021-11-01,209.261596679688,253.382766723633,235.261688232422
25021540,Pluviométrica,Convencional,Bolívar,San Martín De Loba,8.95,-74.05,30,11/15/1978,,Caribe,Magdalena Cauca,Bajo Magdalena,Directos Bajo Magdalena entre El Banco y El Plato,1.1345454454422,1.58545458316803,2,2,0.568840563297272,0.757246375083923,1,1,1.0900000333786,2021,12,9,9,9.81000030040741,0,12.646388053894,2021-12-01,15.345290184021,11.9510650634766,15.345290184021
25021540,Pluviométrica,Convencional,Bolívar,San Martín De Loba,8.95,-74.05,30,11/15/1978,,Caribe,Magdalena Cauca,Bajo Magdalena,Directos Bajo Magdalena entre El Banco y El Plato,1.1345454454422,1.58545458316803,2,2,0.568840563297272,0.757246375083923,1,1,1.11000001430511,2022,01,0,0,0,0,13.6603832244873,2022-01-01,1.89379489421844,11.7243328094482,4.43143796920776
25021540,Pluviométrica,Convencional,Bolívar,San Martín De Loba,8.95,-74.05,30,11/15/1978,,Caribe,Magdalena Cauca,Bajo Magdalena,Directos Bajo Magdalena entre El Banco y El Plato,1.1345454454422,1.58545458316803,2,2,0.568840563297272,0.757246375083923,1,1,1.12000000476837,2022,02,10,10,11.2000000476837,0,42.1886138916016,2022-02-01,49.107105255127,71.8672027587891,53.1881408691406
25021540,Pluviométrica,Convencional,Bolívar,San Martín De Loba,8.95,-74.05,30,11/15/1978,,Caribe,Magdalena Cauca,Bajo Magdalena,Directos Bajo Magdalena entre El Banco y El Plato,1.1345454454422,1.58545458316803,2,2,0.568840563297272,0.757246375083923,1,1,1.10000002384186,2022,03,128,128,140.800003051758,0,95.9518585205078,2022-03-01,133.45068359375,136.143661499023,167.169906616211
25021540,Pluviométrica,Convencional,Bolívar,San Martín De Loba,8.95,-74.05,30,11/15/1978,,Caribe,Magdalena Cauca,Bajo Magdalena,Directos Bajo Magdalena entre El Banco y El Plato,1.1345454454422,1.58545458316803,2,2,0.568840563297272,0.757246375083923,1,1,1.07000005245209,2022,04,179,179,191.530009388924,0,181.669158935547,2022-04-01,231.327102661133,248.065872192383,351.436279296875
25021540,Pluviométrica,Convencional,Bolívar,San Martín De Loba,8.95,-74.05,30,11/15/1978,,Caribe,Magdalena Cauca,Bajo Magdalena,Directos Bajo Magdalena entre El Banco y El Plato,1.1345454454422,1.58545458316803,2,2,0.568840563297272,0.757246375083923,1,1,1.04999995231628,2022,05,222,222,233.099989414215,0,165.115539550781,2022-05-01,240.7763671875,247.386795043945,272.079742431641
25021540,Pluviométrica,Convencional,Bolívar,San Martín De Loba,8.95,-74.05,30,11/15/1978,,Caribe,Magdalena Cauca,Bajo Magdalena,Directos Bajo Magdalena entre El Banco y El Plato,1.1345454454422,1.58545458316803,2,2,0.568840563297272,0.757246375083923,1,1,1.04999995231628,2022,06,415,415,435.749980211258,0,248.039779663086,2022-06-01,308.726257324219,388.705718994141,475.319183349609
25021540,Pluviométrica,Convencional,Bolívar,San Martín De Loba,8.95,-74.05,30,11/15/1978,,Caribe,Magdalena Cauca,Bajo Magdalena,Directos Bajo Magdalena entre El Banco y El Plato,1.1345454454422,1.58545458316803,2,2,0.568840563297272,0.757246375083923,1,1,1.04999995231628,2022,07,163,163,171.149992227554,0,113.194366455078,2022-07-01,181.214019775391,134.977111816406,220.049545288086
25021540,Pluviométrica,Convencional,Bolívar,San Martín De Loba,8.95,-74.05,30,11/15/1978,,Caribe,Magdalena Cauca,Bajo Magdalena,Directos Bajo Magdalena entre El Banco y El Plato,1.1345454454422,1.58545458316803,2,2,0.568840563297272,0.757246375083923,1,1,1.04999995231628,2022,08,465,465,488.249977827072,0,239.823303222656,2022-08-01,307.815063476563,340.909515380859,394.287078857422
25021540,Pluviométrica,Convencional,Bolívar,San Martín De Loba,8.95,-74.05,30,11/15/1978,,Caribe,Magdalena Cauca,Bajo Magdalena,Directos Bajo Magdalena entre El Banco y El Plato,1.1345454454422,1.58545458316803,2,2,0.568840563297272,0.757246375083923,1,1,1.04999995231628,2022,09,621,621,652.049970388413,0,290.149597167969,2022-09-01,361.274200439453,419.182312011719,431.814758300781
25021540,Pluviométrica,Convencional,Bolívar,San Martín De Loba,8.95,-74.05,30,11/15/1978,,Caribe,Magdalena Cauca,Bajo Magdalena,Directos Bajo Magdalena entre El Banco y El Plato,1.1345454454422,1.58545458316803,2,2,0.568840563297272,0.757246375083923,1,1,1.03999996185303,2022,10,594,594,617.759977340698,0,354.995300292969,2022-10-01,377.221832275391,829.173278808594,799.979553222656
25021540,Pluviométrica,Convencional,Bolívar,San Martín De Loba,8.95,-74.05,30,11/15/1978,,Caribe,Magdalena Cauca,Bajo Magdalena,Directos Bajo Magdalena entre El Banco y El Plato,1.1345454454422,1.58545458316803,2,2,0.568840563297272,0.757246375083923,1,1,1.04999995231628,2022,11,204,204,214.199990272522,0,338.173431396484,2022-11-01,288.801361083984,363.661315917969,345.517303466797
25021540,Pluviométrica,Convencional,Bolívar,San Martín De Loba,8.95,-74.05,30,11/15/1978,,Caribe,Magdalena Cauca,Bajo Magdalena,Directos Bajo Magdalena entre El Banco y El Plato,1.1345454454422,1.58545458316803,2,2,0.568840563297272,0.757246375083923,1,1,1.0900000333786,2022,12,0,0,0,0,32.161506652832,2022-12-01,34.1925315856934,19.547779083252,29.3912372589111
25021540,Pluviométrica,Convencional,Bolívar,San Martín De Loba,8.95,-74.05,30,11/15/1978,,Caribe,Magdalena Cauca,Bajo Magdalena,Directos Bajo Magdalena entre El Banco y El Plato,1.1345454454422,1.58545458316803,2,2,0.568840563297272,0.757246375083923,1,1,1.11000001430511,2023,01,128,128,142.080001831055,0,33.3372039794922,2023-01-01,56.4067649841309,44.5338287353516,83.4292831420899
25021540,Pluviométrica,Convencional,Bolívar,San Martín De Loba,8.95,-74.05,30,11/15/1978,,Caribe,Magdalena Cauca,Bajo Magdalena,Directos Bajo Magdalena entre El Banco y El Plato,1.1345454454422,1.58545458316803,2,2,0.568840563297272,0.757246375083923,1,1,1.12000000476837,2023,02,0,0,0,0,24.1844177246094,2023-02-01,13.5097169876099,14.0732841491699,12.8805503845215
25021540,Pluviométrica,Convencional,Bolívar,San Martín De Loba,8.95,-74.05,30,11/15/1978,,Caribe,Magdalena Cauca,Bajo Magdalena,Directos Bajo Magdalena entre El Banco y El Plato,1.1345454454422,1.58545458316803,2,2,0.568840563297272,0.757246375083923,1,1,1.10000002384186,2023,03,131,131,144.100003123283,0,65.4161529541016,2023-03-01,98.0549468994141,135.074127197266,159.031890869141
25021540,Pluviométrica,Convencional,Bolívar,San Martín De Loba,8.95,-74.05,30,11/15/1978,,Caribe,Magdalena Cauca,Bajo Magdalena,Directos Bajo Magdalena entre El Banco y El Plato,1.1345454454422,1.58545458316803,2,2,0.568840563297272,0.757246375083923,1,1,1.07000005245209,2023,04,92,92,98.440004825592,0,100.447616577148,2023-04-01,110.715835571289,114.608573913574,150.208465576172
25021540,Pluviométrica,Convencional,Bolívar,San Martín De Loba,8.95,-74.05,30,11/15/1978,,Caribe,Magdalena Cauca,Bajo Magdalena,Directos Bajo Magdalena entre El Banco y El Plato,1.1345454454422,1.58545458316803,2,2,0.568840563297272,0.757246375083923,1,1,1.04999995231628,2023,05,243,243,255.149988412857,0,139.950637817383,2023-05-01,196.274963378906,241.030548095703,281.6181640625
25021540,Pluviométrica,Convencional,Bolívar,San Martín De Loba,8.95,-74.05,30,11/15/1978,,Caribe,Magdalena Cauca,Bajo Magdalena,Directos Bajo Magdalena entre El Banco y El Plato,1.1345454454422,1.58545458316803,2,2,0.568840563297272,0.757246375083923,1,1,1.04999995231628,2023,06,227,227,238.349989175797,0,185.082580566406,2023-06-01,223.051162719727,210.847229003906,266.365386962891
25021540,Pluviométrica,Convencional,Bolívar,San Martín De Loba,8.95,-74.05,30,11/15/1978,,Caribe,Magdalena Cauca,Bajo Magdalena,Directos Bajo Magdalena entre El Banco y El Plato,1.1345454454422,1.58545458316803,2,2,0.568840563297272,0.757246375083923,1,1,1.04999995231628,2023,07,281,281,295.049986600876,0,106.164764404297,2023-07-01,165.358306884766,90.4467239379883,144.61067199707
25021540,Pluviométrica,Convencional,Bolívar,San Martín De Loba,8.95,-74.05,30,11/15/1978,,Caribe,Magdalena Cauca,Bajo Magdalena,Directos Bajo Magdalena entre El Banco y El Plato,1.1345454454422,1.58545458316803,2,2,0.568840563297272,0.757246375083923,1,1,1.04999995231628,2023,08,255,255,267.749987840653,0,181.038909912109,2023-08-01,224.082824707031,230.626129150391,250.378265380859
25021540,Pluviométrica,Convencional,Bolívar,San Martín De Loba,8.95,-74.05,30,11/15/1978,,Caribe,Magdalena Cauca,Bajo Magdalena,Directos Bajo Magdalena entre El Banco y El Plato,1.1345454454422,1.58545458316803,2,2,0.568840563297272,0.757246375083923,1,1,1.04999995231628,2023,09,359,359,376.949982881546,0,202.954238891602,2023-09-01,228.125549316406,176.709289550781,194.478851318359
25021540,Pluviométrica,Convencional,Bolívar,San Martín De Loba,8.95,-74.05,30,11/15/1978,,Caribe,Magdalena Cauca,Bajo Magdalena,Directos Bajo Magdalena entre El Banco y El Plato,1.1345454454422,1.58545458316803,2,2,0.568840563297272,0.757246375083923,1,1,1.03999996185303,2023,10,529,529,550.159979820251,0,351.780822753906,2023-10-01,360.533325195313,493.236999511719,524.490539550781
25021540,Pluviométrica,Convencional,Bolívar,San Martín De Loba,8.95,-74.05,30,11/15/1978,,Caribe,Magdalena Cauca,Bajo Magdalena,Directos Bajo Magdalena entre El Banco y El Plato,1.1345454454422,1.58545458316803,2,2,0.568840563297272,0.757246375083923,1,1,1.04999995231628,2023,11,239,239,250.949988603592,0,254.083251953125,2023-11-01,224.893569946289,247.67253112793,243.867767333984
25021540,Pluviométrica,Convencional,Bolívar,San Martín De Loba,8.95,-74.05,30,11/15/1978,,Caribe,Magdalena Cauca,Bajo Magdalena,Directos Bajo Magdalena entre El Banco y El Plato,1.1345454454422,1.58545458316803,2,2,0.568840563297272,0.757246375083923,1,1,1.0900000333786,2023,12,102,102,111.180003404617,0,17.0712299346924,2023-12-01,33.7167625427246,34.6220169067383,76.8409118652344
